C:\Users\tom.zbc\PycharmProjects\fungis_bacterias_project\.venv\Scripts\python.exe C:\Users\tom.zbc\PycharmProjects\fungis_bacterias_project\3_model_training_and_evaluation_FNN_6_7pr.py
Class 'Aero' meets the sample requirement.
Class 'Bacillus' meets the sample requirement.
Class 'Bor' meets the sample requirement.
Class 'E' meets the sample requirement.
Class 'Morganella' meets the sample requirement.
Class 'stapholococcus' meets the sample requirement.
Data check passed for directory: 'C:/Users/tom.zbc/PycharmProjects/fungis_bacterias_project/data/train'
Class 'Aero' meets the sample requirement.
Warning: Class 'Bacillus' has only 0 samples, expected at least 2.
Warning: Class 'Bor' has only 1 samples, expected at least 2.
Warning: Class 'E' has only 0 samples, expected at least 2.
Warning: Class 'Morganella' has only 1 samples, expected at least 2.
Warning: Class 'stapholococcus' has only 1 samples, expected at least 2.
Data check passed for directory: 'C:/Users/tom.zbc/PycharmProjects/fungis_bacterias_project/data/validation'
Class 'Aero' meets the sample requirement.
Warning: Class 'Bacillus' has only 1 samples, expected at least 2.
Warning: Class 'Bor' has only 0 samples, expected at least 2.
Warning: Class 'E' has only 0 samples, expected at least 2.
Warning: Class 'Morganella' has only 1 samples, expected at least 2.
Class 'stapholococcus' meets the sample requirement.
Data check passed for directory: 'C:/Users/tom.zbc/PycharmProjects/fungis_bacterias_project/data/test'
Found 60 images belonging to 6 classes.
Found 5 images belonging to 6 classes.
Found 7 images belonging to 6 classes.
2024-09-24 19:32:53.314352: I tensorflow/core/platform/cpu_feature_guard.cc:182] This TensorFlow binary is optimized to use available CPU instructions in performance-critical operations.
To enable the following instructions: SSE SSE2 SSE3 SSE4.1 SSE4.2 AVX AVX2 AVX_VNNI FMA, in other operations, rebuild TensorFlow with the appropriate compiler flags.
Epoch 1/10
2/2 [==============================] - 1s 552ms/step - loss: 7.0470 - accuracy: 0.1833 - val_loss: 5.9061 - val_accuracy: 0.0000e+00 - lr: 0.0010
Epoch 2/10
2/2 [==============================] - 1s 419ms/step - loss: 5.5164 - accuracy: 0.1667 - val_loss: 4.8621 - val_accuracy: 0.2000 - lr: 0.0010
Epoch 3/10
2/2 [==============================] - 1s 396ms/step - loss: 4.6956 - accuracy: 0.1667 - val_loss: 4.1951 - val_accuracy: 0.2000 - lr: 0.0010
Epoch 4/10
2/2 [==============================] - 1s 438ms/step - loss: 3.9799 - accuracy: 0.1833 - val_loss: 3.7722 - val_accuracy: 0.0000e+00 - lr: 0.0010
Epoch 5/10
2/2 [==============================] - 1s 427ms/step - loss: 3.5825 - accuracy: 0.1500 - val_loss: 3.4423 - val_accuracy: 0.2000 - lr: 0.0010
Epoch 6/10
2/2 [==============================] - 1s 422ms/step - loss: 3.3127 - accuracy: 0.3000 - val_loss: 3.2360 - val_accuracy: 0.2000 - lr: 0.0010
Epoch 7/10
2/2 [==============================] - 1s 425ms/step - loss: 3.1309 - accuracy: 0.3000 - val_loss: 3.0749 - val_accuracy: 0.2000 - lr: 0.0010
Epoch 8/10
2/2 [==============================] - 1s 436ms/step - loss: 3.0236 - accuracy: 0.3000 - val_loss: 2.9603 - val_accuracy: 0.4000 - lr: 0.0010
Epoch 9/10
2/2 [==============================] - 1s 432ms/step - loss: 2.8936 - accuracy: 0.3667 - val_loss: 2.8715 - val_accuracy: 0.4000 - lr: 0.0010
Epoch 10/10
2/2 [==============================] - 1s 442ms/step - loss: 2.8806 - accuracy: 0.1833 - val_loss: 2.7424 - val_accuracy: 0.4000 - lr: 0.0010
1/1 [==============================] - 0s 87ms/step - loss: 2.7727 - accuracy: 0.1429
Found 60 images belonging to 6 classes.
Found 5 images belonging to 6 classes.
Found 7 images belonging to 6 classes.
Epoch 1/20
2/2 [==============================] - 1s 557ms/step - loss: 7.1578 - accuracy: 0.1000 - val_loss: 6.5119 - val_accuracy: 0.2000 - lr: 0.0010
Epoch 2/20
2/2 [==============================] - 1s 414ms/step - loss: 5.9730 - accuracy: 0.2333 - val_loss: 5.7875 - val_accuracy: 0.0000e+00 - lr: 0.0010
Epoch 3/20
2/2 [==============================] - 1s 371ms/step - loss: 5.1544 - accuracy: 0.1500 - val_loss: 4.7263 - val_accuracy: 0.0000e+00 - lr: 0.0010
Epoch 4/20
2/2 [==============================] - 1s 443ms/step - loss: 4.2549 - accuracy: 0.3500 - val_loss: 4.1020 - val_accuracy: 0.0000e+00 - lr: 0.0010
Epoch 5/20
2/2 [==============================] - 1s 395ms/step - loss: 4.0111 - accuracy: 0.1833 - val_loss: 3.6931 - val_accuracy: 0.2000 - lr: 0.0010
Epoch 6/20
2/2 [==============================] - 1s 382ms/step - loss: 3.7167 - accuracy: 0.1667 - val_loss: 3.4817 - val_accuracy: 0.2000 - lr: 0.0010
Epoch 7/20
2/2 [==============================] - 1s 420ms/step - loss: 3.4677 - accuracy: 0.2333 - val_loss: 3.3145 - val_accuracy: 0.2000 - lr: 0.0010
Epoch 8/20
2/2 [==============================] - 1s 420ms/step - loss: 3.2840 - accuracy: 0.2167 - val_loss: 3.1481 - val_accuracy: 0.2000 - lr: 0.0010
Epoch 9/20
2/2 [==============================] - 1s 402ms/step - loss: 3.1882 - accuracy: 0.1667 - val_loss: 3.0019 - val_accuracy: 0.4000 - lr: 0.0010
Epoch 10/20
2/2 [==============================] - 1s 377ms/step - loss: 3.0556 - accuracy: 0.1500 - val_loss: 2.8802 - val_accuracy: 0.4000 - lr: 0.0010
Epoch 11/20
2/2 [==============================] - 1s 408ms/step - loss: 2.9269 - accuracy: 0.2333 - val_loss: 2.7621 - val_accuracy: 0.6000 - lr: 0.0010
Epoch 12/20
2/2 [==============================] - 1s 412ms/step - loss: 2.8215 - accuracy: 0.1667 - val_loss: 2.6447 - val_accuracy: 0.6000 - lr: 0.0010
Epoch 13/20
2/2 [==============================] - 1s 416ms/step - loss: 2.6713 - accuracy: 0.3167 - val_loss: 2.5372 - val_accuracy: 0.6000 - lr: 0.0010
Epoch 14/20
2/2 [==============================] - 1s 425ms/step - loss: 2.5760 - accuracy: 0.3000 - val_loss: 2.4403 - val_accuracy: 0.6000 - lr: 0.0010
Epoch 15/20
2/2 [==============================] - 1s 396ms/step - loss: 2.4898 - accuracy: 0.2000 - val_loss: 2.3632 - val_accuracy: 0.6000 - lr: 0.0010
Epoch 16/20
2/2 [==============================] - 1s 396ms/step - loss: 2.4049 - accuracy: 0.2500 - val_loss: 2.2955 - val_accuracy: 0.2000 - lr: 0.0010
Epoch 17/20
2/2 [==============================] - 1s 382ms/step - loss: 2.3234 - accuracy: 0.2667 - val_loss: 2.2245 - val_accuracy: 0.6000 - lr: 0.0010
Epoch 18/20
2/2 [==============================] - 1s 432ms/step - loss: 2.2774 - accuracy: 0.2667 - val_loss: 2.1804 - val_accuracy: 0.4000 - lr: 0.0010
Epoch 19/20
2/2 [==============================] - 1s 422ms/step - loss: 2.2589 - accuracy: 0.2333 - val_loss: 2.1601 - val_accuracy: 0.4000 - lr: 0.0010
Epoch 20/20
2/2 [==============================] - 1s 384ms/step - loss: 2.2537 - accuracy: 0.2167 - val_loss: 2.1557 - val_accuracy: 0.4000 - lr: 0.0010
1/1 [==============================] - 0s 86ms/step - loss: 2.2254 - accuracy: 0.1429
Found 60 images belonging to 6 classes.
Found 5 images belonging to 6 classes.
Found 7 images belonging to 6 classes.
Epoch 1/10
2/2 [==============================] - 1s 552ms/step - loss: 7.0398 - accuracy: 0.0333 - val_loss: 6.7386 - val_accuracy: 0.0000e+00 - lr: 0.0010
Epoch 2/10
2/2 [==============================] - 1s 415ms/step - loss: 5.8405 - accuracy: 0.1833 - val_loss: 5.6981 - val_accuracy: 0.2000 - lr: 0.0010
Epoch 3/10
2/2 [==============================] - 1s 382ms/step - loss: 5.1999 - accuracy: 0.1667 - val_loss: 4.7962 - val_accuracy: 0.2000 - lr: 0.0010
Epoch 4/10
2/2 [==============================] - 1s 369ms/step - loss: 4.4375 - accuracy: 0.2167 - val_loss: 4.1473 - val_accuracy: 0.2000 - lr: 0.0010
Epoch 5/10
2/2 [==============================] - 1s 423ms/step - loss: 4.0302 - accuracy: 0.2500 - val_loss: 3.7795 - val_accuracy: 0.2000 - lr: 0.0010
Epoch 6/10
2/2 [==============================] - 1s 395ms/step - loss: 3.7726 - accuracy: 0.2167 - val_loss: 3.5780 - val_accuracy: 0.4000 - lr: 0.0010
Epoch 7/10
2/2 [==============================] - 1s 375ms/step - loss: 3.5942 - accuracy: 0.1500 - val_loss: 3.4350 - val_accuracy: 0.2000 - lr: 0.0010
Epoch 8/10
2/2 [==============================] - 1s 420ms/step - loss: 3.4345 - accuracy: 0.1833 - val_loss: 3.3118 - val_accuracy: 0.2000 - lr: 0.0010
Epoch 9/10
2/2 [==============================] - 1s 416ms/step - loss: 3.2870 - accuracy: 0.3333 - val_loss: 3.1430 - val_accuracy: 0.2000 - lr: 0.0010
Epoch 10/10
2/2 [==============================] - 1s 439ms/step - loss: 3.1665 - accuracy: 0.2833 - val_loss: 2.9665 - val_accuracy: 0.4000 - lr: 0.0010
1/1 [==============================] - 0s 88ms/step - loss: 3.0971 - accuracy: 0.4286
Found 60 images belonging to 6 classes.
Found 5 images belonging to 6 classes.
Found 7 images belonging to 6 classes.
Epoch 1/20
2/2 [==============================] - 1s 571ms/step - loss: 6.9022 - accuracy: 0.1167 - val_loss: 6.0492 - val_accuracy: 0.0000e+00 - lr: 0.0010
Epoch 2/20
2/2 [==============================] - 1s 384ms/step - loss: 5.5416 - accuracy: 0.2333 - val_loss: 4.9494 - val_accuracy: 0.2000 - lr: 0.0010
Epoch 3/20
2/2 [==============================] - 1s 426ms/step - loss: 4.6176 - accuracy: 0.2000 - val_loss: 4.1407 - val_accuracy: 0.2000 - lr: 0.0010
Epoch 4/20
2/2 [==============================] - 1s 374ms/step - loss: 3.9424 - accuracy: 0.2000 - val_loss: 3.5876 - val_accuracy: 0.2000 - lr: 0.0010
Epoch 5/20
2/2 [==============================] - 1s 436ms/step - loss: 3.4942 - accuracy: 0.2500 - val_loss: 3.2551 - val_accuracy: 0.4000 - lr: 0.0010
Epoch 6/20
2/2 [==============================] - 1s 424ms/step - loss: 3.2376 - accuracy: 0.2000 - val_loss: 3.0670 - val_accuracy: 0.2000 - lr: 0.0010
Epoch 7/20
2/2 [==============================] - 1s 411ms/step - loss: 3.0372 - accuracy: 0.2667 - val_loss: 2.9439 - val_accuracy: 0.2000 - lr: 0.0010
Epoch 8/20
2/2 [==============================] - 1s 395ms/step - loss: 2.9446 - accuracy: 0.2500 - val_loss: 2.8485 - val_accuracy: 0.4000 - lr: 0.0010
Epoch 9/20
2/2 [==============================] - 1s 435ms/step - loss: 2.8291 - accuracy: 0.2667 - val_loss: 2.7307 - val_accuracy: 0.4000 - lr: 0.0010
Epoch 10/20
2/2 [==============================] - 1s 437ms/step - loss: 2.7212 - accuracy: 0.2500 - val_loss: 2.6024 - val_accuracy: 0.4000 - lr: 0.0010
Epoch 11/20
2/2 [==============================] - 1s 402ms/step - loss: 2.6300 - accuracy: 0.2833 - val_loss: 2.4824 - val_accuracy: 0.4000 - lr: 0.0010
Epoch 12/20
2/2 [==============================] - 1s 447ms/step - loss: 2.5294 - accuracy: 0.3167 - val_loss: 2.4462 - val_accuracy: 0.4000 - lr: 0.0010
Epoch 13/20
2/2 [==============================] - 1s 461ms/step - loss: 2.3886 - accuracy: 0.4000 - val_loss: 2.3898 - val_accuracy: 0.2000 - lr: 0.0010
Epoch 14/20
2/2 [==============================] - 1s 382ms/step - loss: 2.2723 - accuracy: 0.3500 - val_loss: 2.2584 - val_accuracy: 0.2000 - lr: 0.0010
Epoch 15/20
2/2 [==============================] - 1s 443ms/step - loss: 2.2736 - accuracy: 0.2667 - val_loss: 2.2570 - val_accuracy: 0.2000 - lr: 0.0010
Epoch 16/20
2/2 [==============================] - 1s 392ms/step - loss: 2.2699 - accuracy: 0.2500 - val_loss: 2.1606 - val_accuracy: 0.2000 - lr: 0.0010
Epoch 17/20
2/2 [==============================] - 1s 439ms/step - loss: 2.2668 - accuracy: 0.3167 - val_loss: 2.1598 - val_accuracy: 0.2000 - lr: 0.0010
Epoch 18/20
2/2 [==============================] - 1s 450ms/step - loss: 2.1479 - accuracy: 0.2333 - val_loss: 2.0139 - val_accuracy: 0.6000 - lr: 0.0010
Epoch 19/20
2/2 [==============================] - 1s 449ms/step - loss: 2.1999 - accuracy: 0.3167 - val_loss: 1.9189 - val_accuracy: 0.6000 - lr: 0.0010
Epoch 20/20
2/2 [==============================] - 1s 445ms/step - loss: 2.1273 - accuracy: 0.3500 - val_loss: 1.9065 - val_accuracy: 0.6000 - lr: 0.0010
1/1 [==============================] - 0s 84ms/step - loss: 2.0815 - accuracy: 0.4286
Found 60 images belonging to 6 classes.
Found 5 images belonging to 6 classes.
Found 7 images belonging to 6 classes.
Epoch 1/10
2/2 [==============================] - 1s 568ms/step - loss: 6.9864 - accuracy: 0.1333 - val_loss: 5.9548 - val_accuracy: 0.2000 - lr: 0.0010
Epoch 2/10
2/2 [==============================] - 1s 422ms/step - loss: 5.6116 - accuracy: 0.1833 - val_loss: 4.5541 - val_accuracy: 0.4000 - lr: 0.0010
Epoch 3/10
2/2 [==============================] - 1s 383ms/step - loss: 4.6979 - accuracy: 0.1833 - val_loss: 3.9017 - val_accuracy: 0.4000 - lr: 0.0010
Epoch 4/10
2/2 [==============================] - 1s 390ms/step - loss: 3.9789 - accuracy: 0.1667 - val_loss: 3.4571 - val_accuracy: 0.4000 - lr: 0.0010
Epoch 5/10
2/2 [==============================] - 1s 406ms/step - loss: 3.5250 - accuracy: 0.2167 - val_loss: 3.1974 - val_accuracy: 0.0000e+00 - lr: 0.0010
Epoch 6/10
2/2 [==============================] - 1s 438ms/step - loss: 3.1877 - accuracy: 0.2333 - val_loss: 3.0309 - val_accuracy: 0.0000e+00 - lr: 0.0010
Epoch 7/10
2/2 [==============================] - 1s 441ms/step - loss: 3.0926 - accuracy: 0.1667 - val_loss: 2.9252 - val_accuracy: 0.0000e+00 - lr: 0.0010
Epoch 8/10
2/2 [==============================] - 1s 390ms/step - loss: 2.9703 - accuracy: 0.2833 - val_loss: 2.8389 - val_accuracy: 0.0000e+00 - lr: 0.0010
Epoch 9/10
2/2 [==============================] - 1s 440ms/step - loss: 2.8257 - accuracy: 0.1833 - val_loss: 2.7676 - val_accuracy: 0.2000 - lr: 0.0010
Epoch 10/10
2/2 [==============================] - 1s 391ms/step - loss: 2.7834 - accuracy: 0.2167 - val_loss: 2.6866 - val_accuracy: 0.2000 - lr: 0.0010
1/1 [==============================] - 0s 87ms/step - loss: 2.6641 - accuracy: 0.0000e+00
Found 60 images belonging to 6 classes.
Found 5 images belonging to 6 classes.
Found 7 images belonging to 6 classes.
Epoch 1/20
2/2 [==============================] - 1s 536ms/step - loss: 8.0625 - accuracy: 0.1500 - val_loss: 7.3117 - val_accuracy: 0.2000 - lr: 0.0010
Epoch 2/20
2/2 [==============================] - 1s 427ms/step - loss: 6.7273 - accuracy: 0.1167 - val_loss: 5.4942 - val_accuracy: 0.2000 - lr: 0.0010
Epoch 3/20
2/2 [==============================] - 1s 387ms/step - loss: 5.7816 - accuracy: 0.1000 - val_loss: 4.8154 - val_accuracy: 0.2000 - lr: 0.0010
Epoch 4/20
2/2 [==============================] - 1s 377ms/step - loss: 5.0042 - accuracy: 0.2000 - val_loss: 4.4911 - val_accuracy: 0.2000 - lr: 0.0010
Epoch 5/20
2/2 [==============================] - 1s 425ms/step - loss: 4.4368 - accuracy: 0.2000 - val_loss: 4.3044 - val_accuracy: 0.2000 - lr: 0.0010
Epoch 6/20
2/2 [==============================] - 1s 447ms/step - loss: 4.2212 - accuracy: 0.2667 - val_loss: 4.1574 - val_accuracy: 0.0000e+00 - lr: 0.0010
Epoch 7/20
2/2 [==============================] - 1s 471ms/step - loss: 4.0493 - accuracy: 0.2667 - val_loss: 4.0154 - val_accuracy: 0.0000e+00 - lr: 0.0010
Epoch 8/20
2/2 [==============================] - 1s 434ms/step - loss: 3.9256 - accuracy: 0.2333 - val_loss: 3.8771 - val_accuracy: 0.0000e+00 - lr: 0.0010
Epoch 9/20
2/2 [==============================] - 1s 390ms/step - loss: 3.8046 - accuracy: 0.1667 - val_loss: 3.7357 - val_accuracy: 0.0000e+00 - lr: 0.0010
Epoch 10/20
2/2 [==============================] - 1s 417ms/step - loss: 3.6634 - accuracy: 0.2000 - val_loss: 3.5876 - val_accuracy: 0.0000e+00 - lr: 0.0010
Epoch 11/20
2/2 [==============================] - 1s 440ms/step - loss: 3.5159 - accuracy: 0.1500 - val_loss: 3.4398 - val_accuracy: 0.0000e+00 - lr: 0.0010
Epoch 12/20
2/2 [==============================] - 1s 398ms/step - loss: 3.3791 - accuracy: 0.2333 - val_loss: 3.2952 - val_accuracy: 0.2000 - lr: 0.0010
Epoch 13/20
2/2 [==============================] - 1s 407ms/step - loss: 3.2369 - accuracy: 0.2333 - val_loss: 3.1613 - val_accuracy: 0.2000 - lr: 0.0010
Epoch 14/20
2/2 [==============================] - 1s 441ms/step - loss: 3.1068 - accuracy: 0.1667 - val_loss: 3.0435 - val_accuracy: 0.2000 - lr: 0.0010
Epoch 15/20
2/2 [==============================] - 1s 386ms/step - loss: 2.9909 - accuracy: 0.2167 - val_loss: 2.9375 - val_accuracy: 0.2000 - lr: 0.0010
Epoch 16/20
2/2 [==============================] - 1s 414ms/step - loss: 2.8772 - accuracy: 0.1833 - val_loss: 2.8445 - val_accuracy: 0.2000 - lr: 0.0010
Epoch 17/20
2/2 [==============================] - 1s 436ms/step - loss: 2.7920 - accuracy: 0.2500 - val_loss: 2.7657 - val_accuracy: 0.2000 - lr: 0.0010
Epoch 18/20
2/2 [==============================] - 1s 411ms/step - loss: 2.7090 - accuracy: 0.1500 - val_loss: 2.6916 - val_accuracy: 0.2000 - lr: 0.0010
Epoch 19/20
2/2 [==============================] - 1s 455ms/step - loss: 2.6408 - accuracy: 0.2333 - val_loss: 2.6320 - val_accuracy: 0.2000 - lr: 0.0010
Epoch 20/20
2/2 [==============================] - 1s 438ms/step - loss: 2.5525 - accuracy: 0.2500 - val_loss: 2.5833 - val_accuracy: 0.2000 - lr: 0.0010
1/1 [==============================] - 0s 99ms/step - loss: 2.6743 - accuracy: 0.0000e+00
Found 60 images belonging to 6 classes.
Found 5 images belonging to 6 classes.
Found 7 images belonging to 6 classes.
Epoch 1/10
2/2 [==============================] - 1s 510ms/step - loss: 8.2624 - accuracy: 0.1833 - val_loss: 8.2188 - val_accuracy: 0.0000e+00 - lr: 0.0010
Epoch 2/10
2/2 [==============================] - 1s 386ms/step - loss: 7.8094 - accuracy: 0.1167 - val_loss: 6.5846 - val_accuracy: 0.2000 - lr: 0.0010
Epoch 3/10
2/2 [==============================] - 1s 388ms/step - loss: 6.8309 - accuracy: 0.1333 - val_loss: 6.2662 - val_accuracy: 0.2000 - lr: 0.0010
Epoch 4/10
2/2 [==============================] - 1s 444ms/step - loss: 5.7822 - accuracy: 0.1333 - val_loss: 5.4273 - val_accuracy: 0.2000 - lr: 0.0010
Epoch 5/10
2/2 [==============================] - 1s 450ms/step - loss: 5.0505 - accuracy: 0.1833 - val_loss: 4.9329 - val_accuracy: 0.2000 - lr: 0.0010
Epoch 6/10
2/2 [==============================] - 1s 460ms/step - loss: 4.7250 - accuracy: 0.2000 - val_loss: 4.6226 - val_accuracy: 0.0000e+00 - lr: 0.0010
Epoch 7/10
2/2 [==============================] - 1s 429ms/step - loss: 4.4995 - accuracy: 0.2000 - val_loss: 4.4195 - val_accuracy: 0.0000e+00 - lr: 0.0010
Epoch 8/10
2/2 [==============================] - 1s 437ms/step - loss: 4.3260 - accuracy: 0.2167 - val_loss: 4.2513 - val_accuracy: 0.0000e+00 - lr: 0.0010
Epoch 9/10
2/2 [==============================] - 1s 424ms/step - loss: 4.1931 - accuracy: 0.2500 - val_loss: 4.0861 - val_accuracy: 0.2000 - lr: 0.0010
Epoch 10/10
2/2 [==============================] - 1s 456ms/step - loss: 4.0321 - accuracy: 0.1667 - val_loss: 3.9277 - val_accuracy: 0.4000 - lr: 0.0010
1/1 [==============================] - 0s 89ms/step - loss: 3.9527 - accuracy: 0.1429
Found 60 images belonging to 6 classes.
Found 5 images belonging to 6 classes.
Found 7 images belonging to 6 classes.
Epoch 1/20
2/2 [==============================] - 2s 535ms/step - loss: 7.0665 - accuracy: 0.1500 - val_loss: 6.1290 - val_accuracy: 0.2000 - lr: 0.0010
Epoch 2/20
2/2 [==============================] - 1s 457ms/step - loss: 5.8473 - accuracy: 0.2333 - val_loss: 5.3118 - val_accuracy: 0.0000e+00 - lr: 0.0010
Epoch 3/20
2/2 [==============================] - 1s 396ms/step - loss: 5.0418 - accuracy: 0.1167 - val_loss: 4.3753 - val_accuracy: 0.0000e+00 - lr: 0.0010
Epoch 4/20
2/2 [==============================] - 1s 417ms/step - loss: 4.2011 - accuracy: 0.2000 - val_loss: 3.7712 - val_accuracy: 0.0000e+00 - lr: 0.0010
Epoch 5/20
2/2 [==============================] - 1s 397ms/step - loss: 3.7201 - accuracy: 0.2333 - val_loss: 3.4274 - val_accuracy: 0.4000 - lr: 0.0010
Epoch 6/20
2/2 [==============================] - 1s 456ms/step - loss: 3.4361 - accuracy: 0.2500 - val_loss: 3.2374 - val_accuracy: 0.2000 - lr: 0.0010
Epoch 7/20
2/2 [==============================] - 1s 434ms/step - loss: 3.2673 - accuracy: 0.2167 - val_loss: 3.1219 - val_accuracy: 0.0000e+00 - lr: 0.0010
Epoch 8/20
2/2 [==============================] - 1s 416ms/step - loss: 3.1371 - accuracy: 0.1833 - val_loss: 3.0181 - val_accuracy: 0.2000 - lr: 0.0010
Epoch 9/20
2/2 [==============================] - 1s 404ms/step - loss: 3.0388 - accuracy: 0.1833 - val_loss: 2.9167 - val_accuracy: 0.2000 - lr: 0.0010
Epoch 10/20
2/2 [==============================] - 1s 468ms/step - loss: 2.9386 - accuracy: 0.2000 - val_loss: 2.8055 - val_accuracy: 0.2000 - lr: 0.0010
Epoch 11/20
2/2 [==============================] - 1s 467ms/step - loss: 2.8252 - accuracy: 0.2500 - val_loss: 2.6932 - val_accuracy: 0.2000 - lr: 0.0010
Epoch 12/20
2/2 [==============================] - 1s 430ms/step - loss: 2.7153 - accuracy: 0.2500 - val_loss: 2.5792 - val_accuracy: 0.2000 - lr: 0.0010
Epoch 13/20
2/2 [==============================] - 1s 451ms/step - loss: 2.5870 - accuracy: 0.2500 - val_loss: 2.4733 - val_accuracy: 0.2000 - lr: 0.0010
Epoch 14/20
2/2 [==============================] - 1s 408ms/step - loss: 2.5177 - accuracy: 0.2500 - val_loss: 2.3691 - val_accuracy: 0.2000 - lr: 0.0010
Epoch 15/20
2/2 [==============================] - 1s 404ms/step - loss: 2.3974 - accuracy: 0.2833 - val_loss: 2.2663 - val_accuracy: 0.2000 - lr: 0.0010
Epoch 16/20
2/2 [==============================] - 1s 445ms/step - loss: 2.3350 - accuracy: 0.3333 - val_loss: 2.2031 - val_accuracy: 0.2000 - lr: 0.0010
Epoch 17/20
2/2 [==============================] - 1s 462ms/step - loss: 2.3075 - accuracy: 0.2500 - val_loss: 2.1427 - val_accuracy: 0.4000 - lr: 0.0010
Epoch 18/20
2/2 [==============================] - 1s 450ms/step - loss: 2.2223 - accuracy: 0.3833 - val_loss: 2.0566 - val_accuracy: 0.4000 - lr: 0.0010
Epoch 19/20
2/2 [==============================] - 1s 452ms/step - loss: 2.1761 - accuracy: 0.3333 - val_loss: 2.0024 - val_accuracy: 0.4000 - lr: 0.0010
Epoch 20/20
2/2 [==============================] - 1s 397ms/step - loss: 2.1183 - accuracy: 0.3167 - val_loss: 1.9648 - val_accuracy: 0.4000 - lr: 0.0010
1/1 [==============================] - 0s 113ms/step - loss: 2.0774 - accuracy: 0.2857
Found 60 images belonging to 6 classes.
Found 5 images belonging to 6 classes.
Found 7 images belonging to 6 classes.
Epoch 1/10
2/2 [==============================] - 2s 618ms/step - loss: 7.5457 - accuracy: 0.1833 - val_loss: 7.2026 - val_accuracy: 0.4000 - lr: 0.0010
Epoch 2/10
2/2 [==============================] - 1s 546ms/step - loss: 6.9035 - accuracy: 0.2167 - val_loss: 5.7535 - val_accuracy: 0.2000 - lr: 0.0010
Epoch 3/10
2/2 [==============================] - 1s 463ms/step - loss: 5.4545 - accuracy: 0.2333 - val_loss: 4.8820 - val_accuracy: 0.0000e+00 - lr: 0.0010
Epoch 4/10
2/2 [==============================] - 1s 472ms/step - loss: 4.6589 - accuracy: 0.2167 - val_loss: 4.4590 - val_accuracy: 0.0000e+00 - lr: 0.0010
Epoch 5/10
2/2 [==============================] - 1s 540ms/step - loss: 4.3837 - accuracy: 0.2000 - val_loss: 4.3066 - val_accuracy: 0.0000e+00 - lr: 0.0010
Epoch 6/10
2/2 [==============================] - 1s 523ms/step - loss: 4.2664 - accuracy: 0.1167 - val_loss: 4.2083 - val_accuracy: 0.0000e+00 - lr: 0.0010
Epoch 7/10
2/2 [==============================] - 1s 461ms/step - loss: 4.1672 - accuracy: 0.1333 - val_loss: 4.0756 - val_accuracy: 0.0000e+00 - lr: 0.0010
Epoch 8/10
2/2 [==============================] - 1s 446ms/step - loss: 4.0244 - accuracy: 0.1500 - val_loss: 3.9002 - val_accuracy: 0.0000e+00 - lr: 0.0010
Epoch 9/10
2/2 [==============================] - 1s 527ms/step - loss: 3.8340 - accuracy: 0.1833 - val_loss: 3.7037 - val_accuracy: 0.2000 - lr: 0.0010
Epoch 10/10
2/2 [==============================] - 1s 465ms/step - loss: 3.6417 - accuracy: 0.2000 - val_loss: 3.5068 - val_accuracy: 0.2000 - lr: 0.0010
1/1 [==============================] - 0s 96ms/step - loss: 3.5273 - accuracy: 0.0000e+00
Found 60 images belonging to 6 classes.
Found 5 images belonging to 6 classes.
Found 7 images belonging to 6 classes.
Epoch 1/20
2/2 [==============================] - 2s 597ms/step - loss: 7.3906 - accuracy: 0.1833 - val_loss: 7.1926 - val_accuracy: 0.4000 - lr: 0.0010
Epoch 2/20
2/2 [==============================] - 1s 468ms/step - loss: 6.6136 - accuracy: 0.2000 - val_loss: 5.2640 - val_accuracy: 0.4000 - lr: 0.0010
Epoch 3/20
2/2 [==============================] - 1s 537ms/step - loss: 5.4143 - accuracy: 0.2333 - val_loss: 4.5590 - val_accuracy: 0.4000 - lr: 0.0010
Epoch 4/20
2/2 [==============================] - 1s 536ms/step - loss: 4.7837 - accuracy: 0.1667 - val_loss: 4.4065 - val_accuracy: 0.4000 - lr: 0.0010
Epoch 5/20
2/2 [==============================] - 1s 554ms/step - loss: 4.4270 - accuracy: 0.1833 - val_loss: 4.3039 - val_accuracy: 0.4000 - lr: 0.0010
Epoch 6/20
2/2 [==============================] - 1s 539ms/step - loss: 4.3045 - accuracy: 0.3167 - val_loss: 4.2018 - val_accuracy: 0.2000 - lr: 0.0010
Epoch 7/20
2/2 [==============================] - 1s 562ms/step - loss: 4.1895 - accuracy: 0.1667 - val_loss: 4.0634 - val_accuracy: 0.2000 - lr: 0.0010
Epoch 8/20
2/2 [==============================] - 1s 472ms/step - loss: 4.0388 - accuracy: 0.1833 - val_loss: 3.8888 - val_accuracy: 0.2000 - lr: 0.0010
Epoch 9/20
2/2 [==============================] - 1s 545ms/step - loss: 3.8509 - accuracy: 0.2333 - val_loss: 3.6907 - val_accuracy: 0.2000 - lr: 0.0010
Epoch 10/20
2/2 [==============================] - 1s 549ms/step - loss: 3.6475 - accuracy: 0.2833 - val_loss: 3.4893 - val_accuracy: 0.2000 - lr: 0.0010
Epoch 11/20
2/2 [==============================] - 1s 457ms/step - loss: 3.4607 - accuracy: 0.2500 - val_loss: 3.2995 - val_accuracy: 0.2000 - lr: 0.0010
Epoch 12/20
2/2 [==============================] - 1s 546ms/step - loss: 3.2840 - accuracy: 0.1833 - val_loss: 3.1353 - val_accuracy: 0.2000 - lr: 0.0010
Epoch 13/20
2/2 [==============================] - 1s 460ms/step - loss: 3.1510 - accuracy: 0.2000 - val_loss: 2.9926 - val_accuracy: 0.2000 - lr: 0.0010
Epoch 14/20
2/2 [==============================] - 1s 447ms/step - loss: 3.0014 - accuracy: 0.3333 - val_loss: 2.8633 - val_accuracy: 0.2000 - lr: 0.0010
Epoch 15/20
2/2 [==============================] - 1s 452ms/step - loss: 2.8671 - accuracy: 0.2000 - val_loss: 2.7273 - val_accuracy: 0.2000 - lr: 0.0010
Epoch 16/20
2/2 [==============================] - 1s 526ms/step - loss: 2.7686 - accuracy: 0.3000 - val_loss: 2.6446 - val_accuracy: 0.2000 - lr: 0.0010
Epoch 17/20
2/2 [==============================] - 1s 537ms/step - loss: 2.6169 - accuracy: 0.4000 - val_loss: 2.5777 - val_accuracy: 0.2000 - lr: 0.0010
Epoch 18/20
2/2 [==============================] - 1s 537ms/step - loss: 2.6251 - accuracy: 0.2833 - val_loss: 2.4814 - val_accuracy: 0.2000 - lr: 0.0010
Epoch 19/20
2/2 [==============================] - 1s 467ms/step - loss: 2.4716 - accuracy: 0.2500 - val_loss: 2.3719 - val_accuracy: 0.2000 - lr: 0.0010
Epoch 20/20
2/2 [==============================] - 1s 468ms/step - loss: 2.4761 - accuracy: 0.2500 - val_loss: 2.2412 - val_accuracy: 0.2000 - lr: 0.0010
1/1 [==============================] - 0s 106ms/step - loss: 2.5669 - accuracy: 0.4286
Found 60 images belonging to 6 classes.
Found 5 images belonging to 6 classes.
Found 7 images belonging to 6 classes.
Epoch 1/10
2/2 [==============================] - 2s 724ms/step - loss: 7.8270 - accuracy: 0.1833 - val_loss: 9.0023 - val_accuracy: 0.2000 - lr: 0.0010
Epoch 2/10
2/2 [==============================] - 1s 490ms/step - loss: 6.9340 - accuracy: 0.1667 - val_loss: 7.6224 - val_accuracy: 0.0000e+00 - lr: 0.0010
Epoch 3/10
2/2 [==============================] - 1s 498ms/step - loss: 5.5838 - accuracy: 0.1833 - val_loss: 5.7899 - val_accuracy: 0.0000e+00 - lr: 0.0010
Epoch 4/10
2/2 [==============================] - 1s 545ms/step - loss: 4.8226 - accuracy: 0.1333 - val_loss: 4.7862 - val_accuracy: 0.0000e+00 - lr: 0.0010
Epoch 5/10
2/2 [==============================] - 1s 539ms/step - loss: 4.4793 - accuracy: 0.2167 - val_loss: 4.4600 - val_accuracy: 0.0000e+00 - lr: 0.0010
Epoch 6/10
2/2 [==============================] - 1s 545ms/step - loss: 4.3340 - accuracy: 0.2333 - val_loss: 4.3046 - val_accuracy: 0.2000 - lr: 0.0010
Epoch 7/10
2/2 [==============================] - 1s 534ms/step - loss: 4.2367 - accuracy: 0.1667 - val_loss: 4.1522 - val_accuracy: 0.2000 - lr: 0.0010
Epoch 8/10
2/2 [==============================] - 1s 533ms/step - loss: 4.0872 - accuracy: 0.2000 - val_loss: 3.9652 - val_accuracy: 0.0000e+00 - lr: 0.0010
Epoch 9/10
2/2 [==============================] - 1s 534ms/step - loss: 3.9020 - accuracy: 0.2333 - val_loss: 3.7684 - val_accuracy: 0.0000e+00 - lr: 0.0010
Epoch 10/10
2/2 [==============================] - 1s 473ms/step - loss: 3.7143 - accuracy: 0.1667 - val_loss: 3.5716 - val_accuracy: 0.0000e+00 - lr: 0.0010
1/1 [==============================] - 0s 98ms/step - loss: 3.5693 - accuracy: 0.0000e+00
Found 60 images belonging to 6 classes.
Found 5 images belonging to 6 classes.
Found 7 images belonging to 6 classes.
Epoch 1/20
2/2 [==============================] - 2s 698ms/step - loss: 8.5056 - accuracy: 0.1333 - val_loss: 8.3231 - val_accuracy: 0.2000 - lr: 0.0010
Epoch 2/20
2/2 [==============================] - 1s 575ms/step - loss: 6.8099 - accuracy: 0.1833 - val_loss: 6.0701 - val_accuracy: 0.0000e+00 - lr: 0.0010
Epoch 3/20
2/2 [==============================] - 1s 541ms/step - loss: 5.4027 - accuracy: 0.1833 - val_loss: 4.9158 - val_accuracy: 0.2000 - lr: 0.0010
Epoch 4/20
2/2 [==============================] - 1s 540ms/step - loss: 4.7132 - accuracy: 0.1333 - val_loss: 4.5493 - val_accuracy: 0.2000 - lr: 0.0010
Epoch 5/20
2/2 [==============================] - 1s 479ms/step - loss: 4.4458 - accuracy: 0.2000 - val_loss: 4.3909 - val_accuracy: 0.4000 - lr: 0.0010
Epoch 6/20
2/2 [==============================] - 1s 480ms/step - loss: 4.3591 - accuracy: 0.2000 - val_loss: 4.2829 - val_accuracy: 0.4000 - lr: 0.0010
Epoch 7/20
2/2 [==============================] - 1s 490ms/step - loss: 4.2686 - accuracy: 0.2333 - val_loss: 4.1598 - val_accuracy: 0.4000 - lr: 0.0010
Epoch 8/20
2/2 [==============================] - 1s 472ms/step - loss: 4.1311 - accuracy: 0.2000 - val_loss: 3.9837 - val_accuracy: 0.6000 - lr: 0.0010
Epoch 9/20
2/2 [==============================] - 1s 475ms/step - loss: 3.9615 - accuracy: 0.1833 - val_loss: 3.7909 - val_accuracy: 0.4000 - lr: 0.0010
Epoch 10/20
2/2 [==============================] - 1s 482ms/step - loss: 3.7509 - accuracy: 0.2167 - val_loss: 3.5985 - val_accuracy: 0.4000 - lr: 0.0010
Epoch 11/20
2/2 [==============================] - 1s 538ms/step - loss: 3.5772 - accuracy: 0.1833 - val_loss: 3.4093 - val_accuracy: 0.6000 - lr: 0.0010
Epoch 12/20
2/2 [==============================] - 1s 479ms/step - loss: 3.4162 - accuracy: 0.1833 - val_loss: 3.2557 - val_accuracy: 0.6000 - lr: 0.0010
Epoch 13/20
2/2 [==============================] - 1s 467ms/step - loss: 3.2706 - accuracy: 0.2000 - val_loss: 3.1247 - val_accuracy: 0.6000 - lr: 0.0010
Epoch 14/20
2/2 [==============================] - 1s 581ms/step - loss: 3.1115 - accuracy: 0.2333 - val_loss: 3.0295 - val_accuracy: 0.4000 - lr: 0.0010
Epoch 15/20
2/2 [==============================] - 1s 554ms/step - loss: 3.0265 - accuracy: 0.1667 - val_loss: 2.9344 - val_accuracy: 0.2000 - lr: 0.0010
Epoch 16/20
2/2 [==============================] - 1s 558ms/step - loss: 2.9081 - accuracy: 0.2500 - val_loss: 2.8560 - val_accuracy: 0.2000 - lr: 0.0010
Epoch 17/20
2/2 [==============================] - 1s 488ms/step - loss: 2.8346 - accuracy: 0.3167 - val_loss: 2.7397 - val_accuracy: 0.2000 - lr: 0.0010
Epoch 18/20
2/2 [==============================] - 1s 490ms/step - loss: 2.7154 - accuracy: 0.2667 - val_loss: 2.6114 - val_accuracy: 0.4000 - lr: 0.0010
Epoch 19/20
2/2 [==============================] - 1s 482ms/step - loss: 2.6415 - accuracy: 0.2500 - val_loss: 2.4921 - val_accuracy: 0.4000 - lr: 0.0010
Epoch 20/20
2/2 [==============================] - 1s 555ms/step - loss: 2.6320 - accuracy: 0.2167 - val_loss: 2.4203 - val_accuracy: 0.4000 - lr: 0.0010
1/1 [==============================] - 0s 94ms/step - loss: 2.6071 - accuracy: 0.2857
Found 60 images belonging to 6 classes.
Found 5 images belonging to 6 classes.
Found 7 images belonging to 6 classes.
Epoch 1/10
2/2 [==============================] - 2s 602ms/step - loss: 7.6741 - accuracy: 0.1167 - val_loss: 6.1715 - val_accuracy: 0.2000 - lr: 0.0010
Epoch 2/10
2/2 [==============================] - 1s 489ms/step - loss: 6.5687 - accuracy: 0.1667 - val_loss: 4.8434 - val_accuracy: 0.6000 - lr: 0.0010
Epoch 3/10
2/2 [==============================] - 1s 562ms/step - loss: 5.2240 - accuracy: 0.1833 - val_loss: 4.5794 - val_accuracy: 0.2000 - lr: 0.0010
Epoch 4/10
2/2 [==============================] - 1s 543ms/step - loss: 4.6193 - accuracy: 0.2167 - val_loss: 4.4342 - val_accuracy: 0.2000 - lr: 0.0010
Epoch 5/10
2/2 [==============================] - 1s 557ms/step - loss: 4.4334 - accuracy: 0.1667 - val_loss: 4.3023 - val_accuracy: 0.2000 - lr: 0.0010
Epoch 6/10
2/2 [==============================] - 1s 567ms/step - loss: 4.2397 - accuracy: 0.2833 - val_loss: 4.1738 - val_accuracy: 0.2000 - lr: 0.0010
Epoch 7/10
2/2 [==============================] - 1s 559ms/step - loss: 4.1080 - accuracy: 0.2667 - val_loss: 4.0124 - val_accuracy: 0.0000e+00 - lr: 0.0010
Epoch 8/10
2/2 [==============================] - 1s 478ms/step - loss: 3.9645 - accuracy: 0.2167 - val_loss: 3.8219 - val_accuracy: 0.0000e+00 - lr: 0.0010
Epoch 9/10
2/2 [==============================] - 1s 570ms/step - loss: 3.7510 - accuracy: 0.2500 - val_loss: 3.6125 - val_accuracy: 0.0000e+00 - lr: 0.0010
Epoch 10/10
2/2 [==============================] - 1s 469ms/step - loss: 3.5576 - accuracy: 0.1500 - val_loss: 3.4068 - val_accuracy: 0.2000 - lr: 0.0010
1/1 [==============================] - 0s 94ms/step - loss: 3.4219 - accuracy: 0.1429
Found 60 images belonging to 6 classes.
Found 5 images belonging to 6 classes.
Found 7 images belonging to 6 classes.
Epoch 1/20
2/2 [==============================] - 2s 629ms/step - loss: 8.0893 - accuracy: 0.1167 - val_loss: 5.8727 - val_accuracy: 0.2000 - lr: 0.0010
Epoch 2/20
2/2 [==============================] - 1s 568ms/step - loss: 5.8684 - accuracy: 0.2167 - val_loss: 5.1014 - val_accuracy: 0.2000 - lr: 0.0010
Epoch 3/20
2/2 [==============================] - 1s 557ms/step - loss: 4.9796 - accuracy: 0.1167 - val_loss: 4.4891 - val_accuracy: 0.0000e+00 - lr: 0.0010
Epoch 4/20
2/2 [==============================] - 1s 479ms/step - loss: 4.2804 - accuracy: 0.1667 - val_loss: 4.1507 - val_accuracy: 0.0000e+00 - lr: 0.0010
Epoch 5/20
2/2 [==============================] - 1s 483ms/step - loss: 4.0316 - accuracy: 0.2833 - val_loss: 3.9875 - val_accuracy: 0.0000e+00 - lr: 0.0010
Epoch 6/20
2/2 [==============================] - 1s 566ms/step - loss: 3.9286 - accuracy: 0.2167 - val_loss: 3.8638 - val_accuracy: 0.0000e+00 - lr: 0.0010
Epoch 7/20
2/2 [==============================] - 1s 555ms/step - loss: 3.8025 - accuracy: 0.1500 - val_loss: 3.7227 - val_accuracy: 0.0000e+00 - lr: 0.0010
Epoch 8/20
2/2 [==============================] - 1s 565ms/step - loss: 3.6700 - accuracy: 0.2333 - val_loss: 3.5522 - val_accuracy: 0.2000 - lr: 0.0010
Epoch 9/20
2/2 [==============================] - 1s 553ms/step - loss: 3.5024 - accuracy: 0.1667 - val_loss: 3.3639 - val_accuracy: 0.2000 - lr: 0.0010
Epoch 10/20
2/2 [==============================] - 1s 558ms/step - loss: 3.3188 - accuracy: 0.1333 - val_loss: 3.1771 - val_accuracy: 0.4000 - lr: 0.0010
Epoch 11/20
2/2 [==============================] - 1s 468ms/step - loss: 3.1392 - accuracy: 0.1833 - val_loss: 3.0103 - val_accuracy: 0.4000 - lr: 0.0010
Epoch 12/20
2/2 [==============================] - 1s 488ms/step - loss: 2.9816 - accuracy: 0.2333 - val_loss: 2.8661 - val_accuracy: 0.2000 - lr: 0.0010
Epoch 13/20
2/2 [==============================] - 1s 488ms/step - loss: 2.8430 - accuracy: 0.3167 - val_loss: 2.7451 - val_accuracy: 0.2000 - lr: 0.0010
Epoch 14/20
2/2 [==============================] - 1s 477ms/step - loss: 2.7496 - accuracy: 0.2333 - val_loss: 2.6525 - val_accuracy: 0.2000 - lr: 0.0010
Epoch 15/20
2/2 [==============================] - 1s 482ms/step - loss: 2.6628 - accuracy: 0.2333 - val_loss: 2.5707 - val_accuracy: 0.2000 - lr: 0.0010
Epoch 16/20
2/2 [==============================] - 1s 493ms/step - loss: 2.5440 - accuracy: 0.2500 - val_loss: 2.4808 - val_accuracy: 0.2000 - lr: 0.0010
Epoch 17/20
2/2 [==============================] - 1s 480ms/step - loss: 2.4818 - accuracy: 0.2500 - val_loss: 2.4141 - val_accuracy: 0.2000 - lr: 0.0010
Epoch 18/20
2/2 [==============================] - 1s 551ms/step - loss: 2.3924 - accuracy: 0.1833 - val_loss: 2.3244 - val_accuracy: 0.2000 - lr: 0.0010
Epoch 19/20
2/2 [==============================] - 1s 486ms/step - loss: 2.3956 - accuracy: 0.2000 - val_loss: 2.2297 - val_accuracy: 0.4000 - lr: 0.0010
Epoch 20/20
2/2 [==============================] - 1s 584ms/step - loss: 2.2966 - accuracy: 0.2000 - val_loss: 2.2476 - val_accuracy: 0.4000 - lr: 0.0010
1/1 [==============================] - 0s 91ms/step - loss: 2.3898 - accuracy: 0.1429
Found 60 images belonging to 6 classes.
Found 5 images belonging to 6 classes.
Found 7 images belonging to 6 classes.
Epoch 1/10
2/2 [==============================] - 2s 730ms/step - loss: 7.6987 - accuracy: 0.1167 - val_loss: 5.7261 - val_accuracy: 0.4000 - lr: 0.0010
Epoch 2/10
2/2 [==============================] - 1s 558ms/step - loss: 5.7886 - accuracy: 0.2333 - val_loss: 4.9295 - val_accuracy: 0.2000 - lr: 0.0010
Epoch 3/10
2/2 [==============================] - 1s 496ms/step - loss: 4.9422 - accuracy: 0.1500 - val_loss: 4.3587 - val_accuracy: 0.2000 - lr: 0.0010
Epoch 4/10
2/2 [==============================] - 1s 502ms/step - loss: 4.3832 - accuracy: 0.2167 - val_loss: 4.0685 - val_accuracy: 0.2000 - lr: 0.0010
Epoch 5/10
2/2 [==============================] - 1s 554ms/step - loss: 4.0795 - accuracy: 0.2000 - val_loss: 3.9034 - val_accuracy: 0.2000 - lr: 0.0010
Epoch 6/10
2/2 [==============================] - 1s 503ms/step - loss: 3.9164 - accuracy: 0.1500 - val_loss: 3.7618 - val_accuracy: 0.2000 - lr: 0.0010
Epoch 7/10
2/2 [==============================] - 1s 494ms/step - loss: 3.7558 - accuracy: 0.1833 - val_loss: 3.5990 - val_accuracy: 0.2000 - lr: 0.0010
Epoch 8/10
2/2 [==============================] - 1s 571ms/step - loss: 3.5724 - accuracy: 0.1500 - val_loss: 3.4062 - val_accuracy: 0.2000 - lr: 0.0010
Epoch 9/10
2/2 [==============================] - 1s 578ms/step - loss: 3.3699 - accuracy: 0.1667 - val_loss: 3.1953 - val_accuracy: 0.4000 - lr: 0.0010
Epoch 10/10
2/2 [==============================] - 1s 498ms/step - loss: 3.1743 - accuracy: 0.1833 - val_loss: 3.0039 - val_accuracy: 0.2000 - lr: 0.0010
1/1 [==============================] - 0s 99ms/step - loss: 3.0229 - accuracy: 0.1429
Found 60 images belonging to 6 classes.
Found 5 images belonging to 6 classes.
Found 7 images belonging to 6 classes.
Epoch 1/20
2/2 [==============================] - 2s 716ms/step - loss: 7.4394 - accuracy: 0.2167 - val_loss: 6.6887 - val_accuracy: 0.2000 - lr: 0.0010
Epoch 2/20
2/2 [==============================] - 1s 501ms/step - loss: 6.2665 - accuracy: 0.1167 - val_loss: 5.4194 - val_accuracy: 0.0000e+00 - lr: 0.0010
Epoch 3/20
2/2 [==============================] - 1s 506ms/step - loss: 5.0156 - accuracy: 0.1833 - val_loss: 4.5520 - val_accuracy: 0.2000 - lr: 0.0010
Epoch 4/20
2/2 [==============================] - 1s 565ms/step - loss: 4.4464 - accuracy: 0.1333 - val_loss: 4.2047 - val_accuracy: 0.2000 - lr: 0.0010
Epoch 5/20
2/2 [==============================] - 1s 503ms/step - loss: 4.2009 - accuracy: 0.2000 - val_loss: 4.0460 - val_accuracy: 0.4000 - lr: 0.0010
Epoch 6/20
2/2 [==============================] - 1s 513ms/step - loss: 4.0166 - accuracy: 0.2000 - val_loss: 3.9184 - val_accuracy: 0.4000 - lr: 0.0010
Epoch 7/20
2/2 [==============================] - 1s 579ms/step - loss: 3.8805 - accuracy: 0.2333 - val_loss: 3.7745 - val_accuracy: 0.4000 - lr: 0.0010
Epoch 8/20
2/2 [==============================] - 1s 498ms/step - loss: 3.7341 - accuracy: 0.1833 - val_loss: 3.6076 - val_accuracy: 0.2000 - lr: 0.0010
Epoch 9/20
2/2 [==============================] - 1s 576ms/step - loss: 3.5509 - accuracy: 0.2167 - val_loss: 3.4231 - val_accuracy: 0.0000e+00 - lr: 0.0010
Epoch 10/20
2/2 [==============================] - 1s 476ms/step - loss: 3.3568 - accuracy: 0.2833 - val_loss: 3.2447 - val_accuracy: 0.2000 - lr: 0.0010
Epoch 11/20
2/2 [==============================] - 1s 580ms/step - loss: 3.1691 - accuracy: 0.2833 - val_loss: 3.0802 - val_accuracy: 0.2000 - lr: 0.0010
Epoch 12/20
2/2 [==============================] - 1s 596ms/step - loss: 3.0108 - accuracy: 0.2333 - val_loss: 2.9202 - val_accuracy: 0.4000 - lr: 0.0010
Epoch 13/20
2/2 [==============================] - 1s 515ms/step - loss: 2.8531 - accuracy: 0.2333 - val_loss: 2.7911 - val_accuracy: 0.4000 - lr: 0.0010
Epoch 14/20
2/2 [==============================] - 1s 569ms/step - loss: 2.7766 - accuracy: 0.2500 - val_loss: 2.6153 - val_accuracy: 0.4000 - lr: 0.0010
Epoch 15/20
2/2 [==============================] - 1s 500ms/step - loss: 2.7320 - accuracy: 0.2000 - val_loss: 2.5406 - val_accuracy: 0.4000 - lr: 0.0010
Epoch 16/20
2/2 [==============================] - 1s 487ms/step - loss: 2.6269 - accuracy: 0.2667 - val_loss: 2.4544 - val_accuracy: 0.4000 - lr: 0.0010
Epoch 17/20
2/2 [==============================] - 1s 512ms/step - loss: 2.5102 - accuracy: 0.3333 - val_loss: 2.3833 - val_accuracy: 0.4000 - lr: 0.0010
Epoch 18/20
2/2 [==============================] - 1s 590ms/step - loss: 2.4536 - accuracy: 0.2500 - val_loss: 2.3659 - val_accuracy: 0.4000 - lr: 0.0010
Epoch 19/20
2/2 [==============================] - 1s 510ms/step - loss: 2.3995 - accuracy: 0.3500 - val_loss: 2.3682 - val_accuracy: 0.4000 - lr: 0.0010
1/1 [==============================] - 0s 98ms/step - loss: 2.5711 - accuracy: 0.1429
Found 60 images belonging to 6 classes.
Found 5 images belonging to 6 classes.
Found 7 images belonging to 6 classes.
Epoch 1/10
2/2 [==============================] - 1s 624ms/step - loss: 7.1767 - accuracy: 0.1833 - val_loss: 7.3903 - val_accuracy: 0.2000 - lr: 0.0010
Epoch 2/10
2/2 [==============================] - 1s 433ms/step - loss: 6.3416 - accuracy: 0.2500 - val_loss: 5.8341 - val_accuracy: 0.2000 - lr: 0.0010
Epoch 3/10
2/2 [==============================] - 1s 435ms/step - loss: 5.4458 - accuracy: 0.2000 - val_loss: 4.5856 - val_accuracy: 0.4000 - lr: 0.0010
Epoch 4/10
2/2 [==============================] - 1s 472ms/step - loss: 4.9700 - accuracy: 0.2167 - val_loss: 4.3139 - val_accuracy: 0.6000 - lr: 0.0010
Epoch 5/10
2/2 [==============================] - 1s 455ms/step - loss: 4.6336 - accuracy: 0.2333 - val_loss: 4.2400 - val_accuracy: 0.4000 - lr: 0.0010
Epoch 6/10
2/2 [==============================] - 1s 400ms/step - loss: 4.4481 - accuracy: 0.1833 - val_loss: 4.2263 - val_accuracy: 0.4000 - lr: 0.0010
Epoch 7/10
2/2 [==============================] - 1s 420ms/step - loss: 4.2818 - accuracy: 0.1500 - val_loss: 4.1933 - val_accuracy: 0.2000 - lr: 0.0010
Epoch 8/10
2/2 [==============================] - 1s 466ms/step - loss: 4.1544 - accuracy: 0.2667 - val_loss: 4.1347 - val_accuracy: 0.4000 - lr: 0.0010
Epoch 9/10
2/2 [==============================] - 1s 416ms/step - loss: 4.0838 - accuracy: 0.2000 - val_loss: 4.0450 - val_accuracy: 0.2000 - lr: 0.0010
Epoch 10/10
2/2 [==============================] - 1s 491ms/step - loss: 4.0106 - accuracy: 0.2833 - val_loss: 3.9307 - val_accuracy: 0.2000 - lr: 0.0010
1/1 [==============================] - 0s 92ms/step - loss: 3.9494 - accuracy: 0.0000e+00
Found 60 images belonging to 6 classes.
Found 5 images belonging to 6 classes.
Found 7 images belonging to 6 classes.
Epoch 1/20
2/2 [==============================] - 1s 598ms/step - loss: 7.7124 - accuracy: 0.1000 - val_loss: 7.4541 - val_accuracy: 0.2000 - lr: 0.0010
Epoch 2/20
2/2 [==============================] - 1s 455ms/step - loss: 7.2162 - accuracy: 0.1500 - val_loss: 6.3760 - val_accuracy: 0.2000 - lr: 0.0010
Epoch 3/20
2/2 [==============================] - 1s 431ms/step - loss: 5.7653 - accuracy: 0.2333 - val_loss: 5.3227 - val_accuracy: 0.2000 - lr: 0.0010
Epoch 4/20
2/2 [==============================] - 1s 410ms/step - loss: 5.1481 - accuracy: 0.2167 - val_loss: 4.7839 - val_accuracy: 0.0000e+00 - lr: 0.0010
Epoch 5/20
2/2 [==============================] - 1s 400ms/step - loss: 4.7865 - accuracy: 0.1833 - val_loss: 4.5776 - val_accuracy: 0.2000 - lr: 0.0010
Epoch 6/20
2/2 [==============================] - 1s 402ms/step - loss: 4.5761 - accuracy: 0.1833 - val_loss: 4.4718 - val_accuracy: 0.2000 - lr: 0.0010
Epoch 7/20
2/2 [==============================] - 1s 408ms/step - loss: 4.3867 - accuracy: 0.2000 - val_loss: 4.3594 - val_accuracy: 0.2000 - lr: 0.0010
Epoch 8/20
2/2 [==============================] - 1s 474ms/step - loss: 4.3361 - accuracy: 0.1500 - val_loss: 4.2511 - val_accuracy: 0.2000 - lr: 0.0010
Epoch 9/20
2/2 [==============================] - 1s 463ms/step - loss: 4.2162 - accuracy: 0.1667 - val_loss: 4.1447 - val_accuracy: 0.2000 - lr: 0.0010
Epoch 10/20
2/2 [==============================] - 1s 471ms/step - loss: 4.1383 - accuracy: 0.1167 - val_loss: 4.0228 - val_accuracy: 0.4000 - lr: 0.0010
Epoch 11/20
2/2 [==============================] - 1s 430ms/step - loss: 3.9895 - accuracy: 0.2500 - val_loss: 3.8911 - val_accuracy: 0.4000 - lr: 0.0010
Epoch 12/20
2/2 [==============================] - 1s 454ms/step - loss: 3.8548 - accuracy: 0.2667 - val_loss: 3.7545 - val_accuracy: 0.2000 - lr: 0.0010
Epoch 13/20
2/2 [==============================] - 1s 457ms/step - loss: 3.7159 - accuracy: 0.2333 - val_loss: 3.6198 - val_accuracy: 0.2000 - lr: 0.0010
Epoch 14/20
2/2 [==============================] - 1s 450ms/step - loss: 3.5848 - accuracy: 0.1833 - val_loss: 3.4931 - val_accuracy: 0.2000 - lr: 0.0010
Epoch 15/20
2/2 [==============================] - 1s 400ms/step - loss: 3.4628 - accuracy: 0.2000 - val_loss: 3.3754 - val_accuracy: 0.2000 - lr: 0.0010
Epoch 16/20
2/2 [==============================] - 1s 403ms/step - loss: 3.3457 - accuracy: 0.2333 - val_loss: 3.2678 - val_accuracy: 0.2000 - lr: 0.0010
Epoch 17/20
2/2 [==============================] - 1s 463ms/step - loss: 3.2559 - accuracy: 0.2833 - val_loss: 3.1729 - val_accuracy: 0.2000 - lr: 0.0010
Epoch 18/20
2/2 [==============================] - 1s 476ms/step - loss: 3.1361 - accuracy: 0.2500 - val_loss: 3.0850 - val_accuracy: 0.2000 - lr: 0.0010
Epoch 19/20
2/2 [==============================] - 1s 475ms/step - loss: 3.0594 - accuracy: 0.2333 - val_loss: 2.9982 - val_accuracy: 0.2000 - lr: 0.0010
Epoch 20/20
2/2 [==============================] - 1s 455ms/step - loss: 2.9662 - accuracy: 0.2667 - val_loss: 2.9206 - val_accuracy: 0.4000 - lr: 0.0010
1/1 [==============================] - 0s 98ms/step - loss: 2.9288 - accuracy: 0.2857
Found 60 images belonging to 6 classes.
Found 5 images belonging to 6 classes.
Found 7 images belonging to 6 classes.
Epoch 1/10
2/2 [==============================] - 1s 596ms/step - loss: 7.0455 - accuracy: 0.1000 - val_loss: 6.4161 - val_accuracy: 0.2000 - lr: 0.0010
Epoch 2/10
2/2 [==============================] - 1s 443ms/step - loss: 6.3270 - accuracy: 0.1833 - val_loss: 5.4372 - val_accuracy: 0.4000 - lr: 0.0010
Epoch 3/10
2/2 [==============================] - 1s 460ms/step - loss: 5.3311 - accuracy: 0.1333 - val_loss: 5.0553 - val_accuracy: 0.2000 - lr: 0.0010
Epoch 4/10
2/2 [==============================] - 1s 464ms/step - loss: 4.8547 - accuracy: 0.2167 - val_loss: 4.6283 - val_accuracy: 0.2000 - lr: 0.0010
Epoch 5/10
2/2 [==============================] - 1s 447ms/step - loss: 4.5587 - accuracy: 0.1667 - val_loss: 4.3791 - val_accuracy: 0.0000e+00 - lr: 0.0010
Epoch 6/10
2/2 [==============================] - 1s 420ms/step - loss: 4.2973 - accuracy: 0.1500 - val_loss: 4.2038 - val_accuracy: 0.0000e+00 - lr: 0.0010
Epoch 7/10
2/2 [==============================] - 1s 422ms/step - loss: 4.1641 - accuracy: 0.1667 - val_loss: 4.0594 - val_accuracy: 0.2000 - lr: 0.0010
Epoch 8/10
2/2 [==============================] - 1s 486ms/step - loss: 3.9973 - accuracy: 0.2500 - val_loss: 3.9241 - val_accuracy: 0.2000 - lr: 0.0010
Epoch 9/10
2/2 [==============================] - 1s 458ms/step - loss: 3.8834 - accuracy: 0.2167 - val_loss: 3.7867 - val_accuracy: 0.2000 - lr: 0.0010
Epoch 10/10
2/2 [==============================] - 1s 406ms/step - loss: 3.7486 - accuracy: 0.2333 - val_loss: 3.6378 - val_accuracy: 0.2000 - lr: 0.0010
1/1 [==============================] - 0s 95ms/step - loss: 3.6521 - accuracy: 0.0000e+00
Found 60 images belonging to 6 classes.
Found 5 images belonging to 6 classes.
Found 7 images belonging to 6 classes.
Epoch 1/20
2/2 [==============================] - 1s 598ms/step - loss: 6.9632 - accuracy: 0.1000 - val_loss: 5.8452 - val_accuracy: 0.4000 - lr: 0.0010
Epoch 2/20
2/2 [==============================] - 1s 401ms/step - loss: 5.8690 - accuracy: 0.1500 - val_loss: 5.0465 - val_accuracy: 0.2000 - lr: 0.0010
Epoch 3/20
2/2 [==============================] - 1s 460ms/step - loss: 4.9451 - accuracy: 0.1833 - val_loss: 4.4434 - val_accuracy: 0.2000 - lr: 0.0010
Epoch 4/20
2/2 [==============================] - 1s 447ms/step - loss: 4.4266 - accuracy: 0.2000 - val_loss: 4.0587 - val_accuracy: 0.4000 - lr: 0.0010
Epoch 5/20
2/2 [==============================] - 1s 428ms/step - loss: 4.0409 - accuracy: 0.2000 - val_loss: 3.8293 - val_accuracy: 0.6000 - lr: 0.0010
Epoch 6/20
2/2 [==============================] - 1s 424ms/step - loss: 3.8498 - accuracy: 0.2333 - val_loss: 3.6463 - val_accuracy: 0.4000 - lr: 0.0010
Epoch 7/20
2/2 [==============================] - 1s 436ms/step - loss: 3.6910 - accuracy: 0.2167 - val_loss: 3.5312 - val_accuracy: 0.4000 - lr: 0.0010
Epoch 8/20
2/2 [==============================] - 1s 465ms/step - loss: 3.5603 - accuracy: 0.2500 - val_loss: 3.4221 - val_accuracy: 0.4000 - lr: 0.0010
Epoch 9/20
2/2 [==============================] - 1s 404ms/step - loss: 3.4200 - accuracy: 0.3667 - val_loss: 3.3258 - val_accuracy: 0.0000e+00 - lr: 0.0010
Epoch 10/20
2/2 [==============================] - 1s 455ms/step - loss: 3.3164 - accuracy: 0.3000 - val_loss: 3.2201 - val_accuracy: 0.4000 - lr: 0.0010
Epoch 11/20
2/2 [==============================] - 1s 402ms/step - loss: 3.2062 - accuracy: 0.2667 - val_loss: 3.0960 - val_accuracy: 0.2000 - lr: 0.0010
Epoch 12/20
2/2 [==============================] - 1s 462ms/step - loss: 3.1173 - accuracy: 0.1833 - val_loss: 2.9398 - val_accuracy: 0.2000 - lr: 0.0010
Epoch 13/20
2/2 [==============================] - 1s 447ms/step - loss: 2.9581 - accuracy: 0.3167 - val_loss: 2.7926 - val_accuracy: 0.4000 - lr: 0.0010
Epoch 14/20
2/2 [==============================] - 1s 469ms/step - loss: 2.8017 - accuracy: 0.3333 - val_loss: 2.7338 - val_accuracy: 0.2000 - lr: 0.0010
Epoch 15/20
2/2 [==============================] - 1s 471ms/step - loss: 2.6971 - accuracy: 0.3000 - val_loss: 2.6007 - val_accuracy: 0.4000 - lr: 0.0010
Epoch 16/20
2/2 [==============================] - 1s 456ms/step - loss: 2.5928 - accuracy: 0.3333 - val_loss: 2.4594 - val_accuracy: 0.6000 - lr: 0.0010
Epoch 17/20
2/2 [==============================] - 1s 401ms/step - loss: 2.6438 - accuracy: 0.3000 - val_loss: 2.3516 - val_accuracy: 0.6000 - lr: 0.0010
Epoch 18/20
2/2 [==============================] - 1s 468ms/step - loss: 2.5559 - accuracy: 0.3000 - val_loss: 2.3366 - val_accuracy: 0.4000 - lr: 0.0010
Epoch 19/20
2/2 [==============================] - 1s 451ms/step - loss: 2.4432 - accuracy: 0.3333 - val_loss: 2.3205 - val_accuracy: 0.4000 - lr: 0.0010
Epoch 20/20
2/2 [==============================] - 1s 476ms/step - loss: 2.4897 - accuracy: 0.2500 - val_loss: 2.2978 - val_accuracy: 0.4000 - lr: 0.0010
1/1 [==============================] - 0s 89ms/step - loss: 2.5146 - accuracy: 0.2857
Found 60 images belonging to 6 classes.
Found 5 images belonging to 6 classes.
Found 7 images belonging to 6 classes.
Epoch 1/10
2/2 [==============================] - 1s 606ms/step - loss: 6.7407 - accuracy: 0.1167 - val_loss: 5.7094 - val_accuracy: 0.4000 - lr: 0.0010
Epoch 2/10
2/2 [==============================] - 1s 456ms/step - loss: 5.4741 - accuracy: 0.1167 - val_loss: 4.6497 - val_accuracy: 0.4000 - lr: 0.0010
Epoch 3/10
2/2 [==============================] - 1s 467ms/step - loss: 4.4892 - accuracy: 0.2000 - val_loss: 3.8405 - val_accuracy: 0.6000 - lr: 0.0010
Epoch 4/10
2/2 [==============================] - 1s 482ms/step - loss: 3.8634 - accuracy: 0.1500 - val_loss: 3.4434 - val_accuracy: 0.2000 - lr: 0.0010
Epoch 5/10
2/2 [==============================] - 1s 396ms/step - loss: 3.4441 - accuracy: 0.2667 - val_loss: 3.2182 - val_accuracy: 0.2000 - lr: 0.0010
Epoch 6/10
2/2 [==============================] - 1s 409ms/step - loss: 3.2394 - accuracy: 0.1333 - val_loss: 3.0794 - val_accuracy: 0.4000 - lr: 0.0010
Epoch 7/10
2/2 [==============================] - 1s 403ms/step - loss: 3.0918 - accuracy: 0.2000 - val_loss: 2.9907 - val_accuracy: 0.4000 - lr: 0.0010
Epoch 8/10
2/2 [==============================] - 1s 450ms/step - loss: 2.9589 - accuracy: 0.2500 - val_loss: 2.9128 - val_accuracy: 0.4000 - lr: 0.0010
Epoch 9/10
2/2 [==============================] - 1s 465ms/step - loss: 2.8970 - accuracy: 0.1500 - val_loss: 2.8322 - val_accuracy: 0.4000 - lr: 0.0010
Epoch 10/10
2/2 [==============================] - 1s 475ms/step - loss: 2.7972 - accuracy: 0.1833 - val_loss: 2.7440 - val_accuracy: 0.4000 - lr: 0.0010
1/1 [==============================] - 0s 91ms/step - loss: 2.7372 - accuracy: 0.2857
Found 60 images belonging to 6 classes.
Found 5 images belonging to 6 classes.
Found 7 images belonging to 6 classes.
Epoch 1/20
2/2 [==============================] - 2s 612ms/step - loss: 6.8658 - accuracy: 0.1500 - val_loss: 5.7877 - val_accuracy: 0.2000 - lr: 0.0010
Epoch 2/20
2/2 [==============================] - 1s 414ms/step - loss: 5.5967 - accuracy: 0.1833 - val_loss: 4.8513 - val_accuracy: 0.2000 - lr: 0.0010
Epoch 3/20
2/2 [==============================] - 1s 463ms/step - loss: 4.6787 - accuracy: 0.2667 - val_loss: 4.1754 - val_accuracy: 0.0000e+00 - lr: 0.0010
Epoch 4/20
2/2 [==============================] - 1s 465ms/step - loss: 4.0942 - accuracy: 0.2000 - val_loss: 3.7829 - val_accuracy: 0.4000 - lr: 0.0010
Epoch 5/20
2/2 [==============================] - 1s 453ms/step - loss: 3.7469 - accuracy: 0.1167 - val_loss: 3.5537 - val_accuracy: 0.2000 - lr: 0.0010
Epoch 6/20
2/2 [==============================] - 1s 446ms/step - loss: 3.5218 - accuracy: 0.2167 - val_loss: 3.4155 - val_accuracy: 0.2000 - lr: 0.0010
Epoch 7/20
2/2 [==============================] - 1s 400ms/step - loss: 3.4136 - accuracy: 0.1667 - val_loss: 3.3281 - val_accuracy: 0.2000 - lr: 0.0010
Epoch 8/20
2/2 [==============================] - 1s 466ms/step - loss: 3.2981 - accuracy: 0.3000 - val_loss: 3.2432 - val_accuracy: 0.2000 - lr: 0.0010
Epoch 9/20
2/2 [==============================] - 1s 470ms/step - loss: 3.2311 - accuracy: 0.2167 - val_loss: 3.1460 - val_accuracy: 0.2000 - lr: 0.0010
Epoch 10/20
2/2 [==============================] - 1s 470ms/step - loss: 3.1586 - accuracy: 0.1333 - val_loss: 3.0309 - val_accuracy: 0.2000 - lr: 0.0010
Epoch 11/20
2/2 [==============================] - 1s 465ms/step - loss: 3.0224 - accuracy: 0.2500 - val_loss: 2.9117 - val_accuracy: 0.4000 - lr: 0.0010
Epoch 12/20
2/2 [==============================] - 1s 485ms/step - loss: 2.9320 - accuracy: 0.2333 - val_loss: 2.7989 - val_accuracy: 0.4000 - lr: 0.0010
Epoch 13/20
2/2 [==============================] - 1s 450ms/step - loss: 2.8063 - accuracy: 0.3333 - val_loss: 2.7022 - val_accuracy: 0.6000 - lr: 0.0010
Epoch 14/20
2/2 [==============================] - 1s 394ms/step - loss: 2.6834 - accuracy: 0.2500 - val_loss: 2.6177 - val_accuracy: 0.4000 - lr: 0.0010
Epoch 15/20
2/2 [==============================] - 1s 405ms/step - loss: 2.6121 - accuracy: 0.2833 - val_loss: 2.5159 - val_accuracy: 0.2000 - lr: 0.0010
Epoch 16/20
2/2 [==============================] - 1s 397ms/step - loss: 2.5047 - accuracy: 0.3833 - val_loss: 2.4081 - val_accuracy: 0.2000 - lr: 0.0010
Epoch 17/20
2/2 [==============================] - 1s 472ms/step - loss: 2.4382 - accuracy: 0.3000 - val_loss: 2.2799 - val_accuracy: 0.4000 - lr: 0.0010
Epoch 18/20
2/2 [==============================] - 1s 414ms/step - loss: 2.3355 - accuracy: 0.4000 - val_loss: 2.2273 - val_accuracy: 0.6000 - lr: 0.0010
Epoch 19/20
2/2 [==============================] - 1s 481ms/step - loss: 2.3894 - accuracy: 0.3500 - val_loss: 2.2835 - val_accuracy: 0.6000 - lr: 0.0010
1/1 [==============================] - 0s 89ms/step - loss: 2.4763 - accuracy: 0.2857
Found 60 images belonging to 6 classes.
Found 5 images belonging to 6 classes.
Found 7 images belonging to 6 classes.
Epoch 1/10
2/2 [==============================] - 1s 551ms/step - loss: 7.1048 - accuracy: 0.2000 - val_loss: 6.1305 - val_accuracy: 0.0000e+00 - lr: 0.0010
Epoch 2/10
2/2 [==============================] - 1s 415ms/step - loss: 6.1515 - accuracy: 0.1833 - val_loss: 5.4328 - val_accuracy: 0.2000 - lr: 0.0010
Epoch 3/10
2/2 [==============================] - 1s 422ms/step - loss: 5.6114 - accuracy: 0.1333 - val_loss: 4.8746 - val_accuracy: 0.2000 - lr: 0.0010
Epoch 4/10
2/2 [==============================] - 1s 445ms/step - loss: 4.8475 - accuracy: 0.1833 - val_loss: 4.5408 - val_accuracy: 0.2000 - lr: 0.0010
Epoch 5/10
2/2 [==============================] - 1s 400ms/step - loss: 4.4507 - accuracy: 0.1833 - val_loss: 4.2469 - val_accuracy: 0.2000 - lr: 0.0010
Epoch 6/10
2/2 [==============================] - 1s 415ms/step - loss: 4.2073 - accuracy: 0.2000 - val_loss: 4.0439 - val_accuracy: 0.2000 - lr: 0.0010
Epoch 7/10
2/2 [==============================] - 1s 421ms/step - loss: 4.0047 - accuracy: 0.2500 - val_loss: 3.8838 - val_accuracy: 0.2000 - lr: 0.0010
Epoch 8/10
2/2 [==============================] - 1s 471ms/step - loss: 3.8779 - accuracy: 0.1833 - val_loss: 3.7360 - val_accuracy: 0.2000 - lr: 0.0010
Epoch 9/10
2/2 [==============================] - 1s 484ms/step - loss: 3.7393 - accuracy: 0.2333 - val_loss: 3.5963 - val_accuracy: 0.2000 - lr: 0.0010
Epoch 10/10
2/2 [==============================] - 1s 429ms/step - loss: 3.5978 - accuracy: 0.2000 - val_loss: 3.4516 - val_accuracy: 0.2000 - lr: 0.0010
1/1 [==============================] - 0s 91ms/step - loss: 3.4319 - accuracy: 0.2857
Found 60 images belonging to 6 classes.
Found 5 images belonging to 6 classes.
Found 7 images belonging to 6 classes.
Epoch 1/20
2/2 [==============================] - 1s 596ms/step - loss: 6.8771 - accuracy: 0.1167 - val_loss: 5.9101 - val_accuracy: 0.2000 - lr: 0.0010
Epoch 2/20
2/2 [==============================] - 1s 410ms/step - loss: 5.6577 - accuracy: 0.2333 - val_loss: 4.8478 - val_accuracy: 0.0000e+00 - lr: 0.0010
Epoch 3/20
2/2 [==============================] - 1s 451ms/step - loss: 4.7669 - accuracy: 0.1833 - val_loss: 4.1547 - val_accuracy: 0.2000 - lr: 0.0010
Epoch 4/20
2/2 [==============================] - 1s 443ms/step - loss: 4.1788 - accuracy: 0.1667 - val_loss: 3.7929 - val_accuracy: 0.4000 - lr: 0.0010
Epoch 5/20
2/2 [==============================] - 1s 402ms/step - loss: 3.7486 - accuracy: 0.2333 - val_loss: 3.5453 - val_accuracy: 0.4000 - lr: 0.0010
Epoch 6/20
2/2 [==============================] - 1s 392ms/step - loss: 3.5419 - accuracy: 0.1667 - val_loss: 3.3808 - val_accuracy: 0.4000 - lr: 0.0010
Epoch 7/20
2/2 [==============================] - 1s 467ms/step - loss: 3.4265 - accuracy: 0.0833 - val_loss: 3.2685 - val_accuracy: 0.4000 - lr: 0.0010
Epoch 8/20
2/2 [==============================] - 1s 470ms/step - loss: 3.2820 - accuracy: 0.1333 - val_loss: 3.1670 - val_accuracy: 0.4000 - lr: 0.0010
Epoch 9/20
2/2 [==============================] - 1s 426ms/step - loss: 3.1425 - accuracy: 0.3333 - val_loss: 3.0676 - val_accuracy: 0.4000 - lr: 0.0010
Epoch 10/20
2/2 [==============================] - 1s 442ms/step - loss: 3.0255 - accuracy: 0.2500 - val_loss: 2.9524 - val_accuracy: 0.4000 - lr: 0.0010
Epoch 11/20
2/2 [==============================] - 1s 425ms/step - loss: 2.9634 - accuracy: 0.2833 - val_loss: 2.8417 - val_accuracy: 0.4000 - lr: 0.0010
Epoch 12/20
2/2 [==============================] - 1s 412ms/step - loss: 2.8452 - accuracy: 0.2667 - val_loss: 2.7492 - val_accuracy: 0.4000 - lr: 0.0010
Epoch 13/20
2/2 [==============================] - 1s 448ms/step - loss: 2.7201 - accuracy: 0.2333 - val_loss: 2.6584 - val_accuracy: 0.4000 - lr: 0.0010
Epoch 14/20
2/2 [==============================] - 1s 462ms/step - loss: 2.5808 - accuracy: 0.3333 - val_loss: 2.5629 - val_accuracy: 0.4000 - lr: 0.0010
Epoch 15/20
2/2 [==============================] - 1s 407ms/step - loss: 2.4795 - accuracy: 0.2833 - val_loss: 2.4873 - val_accuracy: 0.2000 - lr: 0.0010
Epoch 16/20
2/2 [==============================] - 1s 433ms/step - loss: 2.4821 - accuracy: 0.2167 - val_loss: 2.3956 - val_accuracy: 0.2000 - lr: 0.0010
Epoch 17/20
2/2 [==============================] - 1s 688ms/step - loss: 2.4545 - accuracy: 0.2167 - val_loss: 2.3131 - val_accuracy: 0.2000 - lr: 0.0010
Epoch 18/20
2/2 [==============================] - 1s 594ms/step - loss: 2.3653 - accuracy: 0.2500 - val_loss: 2.2667 - val_accuracy: 0.2000 - lr: 0.0010
Epoch 19/20
2/2 [==============================] - 1s 679ms/step - loss: 2.2779 - accuracy: 0.2833 - val_loss: 2.2183 - val_accuracy: 0.2000 - lr: 0.0010
Epoch 20/20
2/2 [==============================] - 1s 668ms/step - loss: 2.2884 - accuracy: 0.2167 - val_loss: 2.2024 - val_accuracy: 0.2000 - lr: 0.0010
1/1 [==============================] - 0s 126ms/step - loss: 2.3797 - accuracy: 0.1429
Found 60 images belonging to 6 classes.
Found 5 images belonging to 6 classes.
Found 7 images belonging to 6 classes.
Epoch 1/10
2/2 [==============================] - 2s 1s/step - loss: 7.7404 - accuracy: 0.1167 - val_loss: 6.3632 - val_accuracy: 0.0000e+00 - lr: 0.0010
Epoch 2/10
2/2 [==============================] - 2s 924ms/step - loss: 6.0697 - accuracy: 0.2167 - val_loss: 5.3192 - val_accuracy: 0.0000e+00 - lr: 0.0010
Epoch 3/10
2/2 [==============================] - 2s 772ms/step - loss: 5.0134 - accuracy: 0.2167 - val_loss: 4.7164 - val_accuracy: 0.2000 - lr: 0.0010
Epoch 4/10
2/2 [==============================] - 2s 920ms/step - loss: 4.6331 - accuracy: 0.2000 - val_loss: 4.4597 - val_accuracy: 0.2000 - lr: 0.0010
Epoch 5/10
2/2 [==============================] - 2s 797ms/step - loss: 4.3892 - accuracy: 0.1333 - val_loss: 4.3280 - val_accuracy: 0.4000 - lr: 0.0010
Epoch 6/10
2/2 [==============================] - 2s 865ms/step - loss: 4.2779 - accuracy: 0.2667 - val_loss: 4.2285 - val_accuracy: 0.4000 - lr: 0.0010
Epoch 7/10
2/2 [==============================] - 2s 785ms/step - loss: 4.1903 - accuracy: 0.1833 - val_loss: 4.0931 - val_accuracy: 0.2000 - lr: 0.0010
Epoch 8/10
2/2 [==============================] - 2s 809ms/step - loss: 4.0486 - accuracy: 0.2000 - val_loss: 3.9174 - val_accuracy: 0.2000 - lr: 0.0010
Epoch 9/10
2/2 [==============================] - 2s 911ms/step - loss: 3.8614 - accuracy: 0.2333 - val_loss: 3.7171 - val_accuracy: 0.2000 - lr: 0.0010
Epoch 10/10
2/2 [==============================] - 2s 807ms/step - loss: 3.6694 - accuracy: 0.2667 - val_loss: 3.5154 - val_accuracy: 0.4000 - lr: 0.0010
1/1 [==============================] - 0s 148ms/step - loss: 3.5211 - accuracy: 0.1429
Found 60 images belonging to 6 classes.
Found 5 images belonging to 6 classes.
Found 7 images belonging to 6 classes.
Epoch 1/20
2/2 [==============================] - 2s 984ms/step - loss: 7.8572 - accuracy: 0.1667 - val_loss: 7.1499 - val_accuracy: 0.0000e+00 - lr: 0.0010
Epoch 2/20
2/2 [==============================] - 2s 791ms/step - loss: 6.3173 - accuracy: 0.2500 - val_loss: 5.3773 - val_accuracy: 0.4000 - lr: 0.0010
Epoch 3/20
2/2 [==============================] - 2s 870ms/step - loss: 5.2662 - accuracy: 0.2000 - val_loss: 4.8472 - val_accuracy: 0.2000 - lr: 0.0010
Epoch 4/20
2/2 [==============================] - 2s 889ms/step - loss: 4.9013 - accuracy: 0.3667 - val_loss: 4.7894 - val_accuracy: 0.4000 - lr: 0.0010
Epoch 5/20
2/2 [==============================] - 2s 817ms/step - loss: 4.9191 - accuracy: 0.1500 - val_loss: 4.8013 - val_accuracy: 0.2000 - lr: 0.0010
1/1 [==============================] - 0s 144ms/step - loss: 4.9082 - accuracy: 0.2857
Found 60 images belonging to 6 classes.
Found 5 images belonging to 6 classes.
Found 7 images belonging to 6 classes.
Epoch 1/10
2/2 [==============================] - 2s 1s/step - loss: 7.4378 - accuracy: 0.1500 - val_loss: 6.7777 - val_accuracy: 0.2000 - lr: 0.0010
Epoch 2/10
2/2 [==============================] - 2s 856ms/step - loss: 6.8206 - accuracy: 0.1167 - val_loss: 5.2505 - val_accuracy: 0.4000 - lr: 0.0010
Epoch 3/10
2/2 [==============================] - 2s 794ms/step - loss: 5.3182 - accuracy: 0.2000 - val_loss: 4.7684 - val_accuracy: 0.2000 - lr: 0.0010
Epoch 4/10
2/2 [==============================] - 2s 875ms/step - loss: 4.6584 - accuracy: 0.4333 - val_loss: 4.6072 - val_accuracy: 0.2000 - lr: 0.0010
Epoch 5/10
2/2 [==============================] - 2s 885ms/step - loss: 4.5833 - accuracy: 0.2333 - val_loss: 4.5273 - val_accuracy: 0.2000 - lr: 0.0010
Epoch 6/10
2/2 [==============================] - 2s 778ms/step - loss: 4.5442 - accuracy: 0.1667 - val_loss: 4.4482 - val_accuracy: 0.0000e+00 - lr: 0.0010
Epoch 7/10
2/2 [==============================] - 2s 776ms/step - loss: 4.4524 - accuracy: 0.2000 - val_loss: 4.3347 - val_accuracy: 0.2000 - lr: 0.0010
Epoch 8/10
2/2 [==============================] - 2s 912ms/step - loss: 4.3009 - accuracy: 0.2333 - val_loss: 4.1672 - val_accuracy: 0.0000e+00 - lr: 0.0010
Epoch 9/10
2/2 [==============================] - 2s 898ms/step - loss: 4.1269 - accuracy: 0.2167 - val_loss: 3.9735 - val_accuracy: 0.2000 - lr: 0.0010
Epoch 10/10
2/2 [==============================] - 2s 854ms/step - loss: 3.9118 - accuracy: 0.2500 - val_loss: 3.7756 - val_accuracy: 0.2000 - lr: 0.0010
1/1 [==============================] - 0s 154ms/step - loss: 3.8147 - accuracy: 0.0000e+00
Found 60 images belonging to 6 classes.
Found 5 images belonging to 6 classes.
Found 7 images belonging to 6 classes.
Epoch 1/20
2/2 [==============================] - 2s 1s/step - loss: 7.4205 - accuracy: 0.1833 - val_loss: 5.9025 - val_accuracy: 0.2000 - lr: 0.0010
Epoch 2/20
2/2 [==============================] - 2s 808ms/step - loss: 6.1142 - accuracy: 0.1833 - val_loss: 5.0623 - val_accuracy: 0.4000 - lr: 0.0010
Epoch 3/20
2/2 [==============================] - 2s 963ms/step - loss: 5.1575 - accuracy: 0.1667 - val_loss: 4.7543 - val_accuracy: 0.0000e+00 - lr: 0.0010
Epoch 4/20
2/2 [==============================] - 2s 812ms/step - loss: 4.6111 - accuracy: 0.1833 - val_loss: 4.5847 - val_accuracy: 0.0000e+00 - lr: 0.0010
Epoch 5/20
2/2 [==============================] - 2s 830ms/step - loss: 4.5249 - accuracy: 0.2333 - val_loss: 4.5205 - val_accuracy: 0.0000e+00 - lr: 0.0010
Epoch 6/20
2/2 [==============================] - 2s 897ms/step - loss: 4.4860 - accuracy: 0.2167 - val_loss: 4.4585 - val_accuracy: 0.0000e+00 - lr: 0.0010
Epoch 7/20
2/2 [==============================] - 2s 880ms/step - loss: 4.4124 - accuracy: 0.1333 - val_loss: 4.3459 - val_accuracy: 0.2000 - lr: 0.0010
Epoch 8/20
2/2 [==============================] - 2s 913ms/step - loss: 4.2875 - accuracy: 0.1500 - val_loss: 4.1858 - val_accuracy: 0.2000 - lr: 0.0010
Epoch 9/20
2/2 [==============================] - 2s 859ms/step - loss: 4.1229 - accuracy: 0.1833 - val_loss: 3.9967 - val_accuracy: 0.2000 - lr: 0.0010
Epoch 10/20
2/2 [==============================] - 2s 783ms/step - loss: 3.9241 - accuracy: 0.2000 - val_loss: 3.7987 - val_accuracy: 0.2000 - lr: 0.0010
Epoch 11/20
2/2 [==============================] - 2s 793ms/step - loss: 3.7220 - accuracy: 0.2000 - val_loss: 3.6116 - val_accuracy: 0.2000 - lr: 0.0010
Epoch 12/20
2/2 [==============================] - 2s 923ms/step - loss: 3.5381 - accuracy: 0.1333 - val_loss: 3.4249 - val_accuracy: 0.2000 - lr: 0.0010
Epoch 13/20
2/2 [==============================] - 2s 866ms/step - loss: 3.3751 - accuracy: 0.2000 - val_loss: 3.2622 - val_accuracy: 0.4000 - lr: 0.0010
Epoch 14/20
2/2 [==============================] - 2s 769ms/step - loss: 3.2325 - accuracy: 0.2500 - val_loss: 3.1154 - val_accuracy: 0.6000 - lr: 0.0010
Epoch 15/20
2/2 [==============================] - 2s 801ms/step - loss: 3.1135 - accuracy: 0.2333 - val_loss: 2.9640 - val_accuracy: 0.6000 - lr: 0.0010
Epoch 16/20
2/2 [==============================] - 2s 812ms/step - loss: 3.0021 - accuracy: 0.2000 - val_loss: 2.8779 - val_accuracy: 0.2000 - lr: 0.0010
Epoch 17/20
2/2 [==============================] - 2s 952ms/step - loss: 2.9097 - accuracy: 0.1667 - val_loss: 2.8227 - val_accuracy: 0.2000 - lr: 0.0010
Epoch 18/20
2/2 [==============================] - 2s 929ms/step - loss: 2.7901 - accuracy: 0.2667 - val_loss: 2.7671 - val_accuracy: 0.2000 - lr: 0.0010
Epoch 19/20
2/2 [==============================] - 2s 916ms/step - loss: 2.7359 - accuracy: 0.2333 - val_loss: 2.6672 - val_accuracy: 0.2000 - lr: 0.0010
Epoch 20/20
2/2 [==============================] - 2s 792ms/step - loss: 2.6461 - accuracy: 0.2667 - val_loss: 2.5688 - val_accuracy: 0.2000 - lr: 0.0010
1/1 [==============================] - 0s 163ms/step - loss: 2.6771 - accuracy: 0.0000e+00
Found 60 images belonging to 6 classes.
Found 5 images belonging to 6 classes.
Found 7 images belonging to 6 classes.
Epoch 1/10
2/2 [==============================] - 2s 1s/step - loss: 7.4065 - accuracy: 0.1000 - val_loss: 5.5970 - val_accuracy: 0.2000 - lr: 0.0010
Epoch 2/10
2/2 [==============================] - 2s 901ms/step - loss: 5.5171 - accuracy: 0.2000 - val_loss: 4.7600 - val_accuracy: 0.2000 - lr: 0.0010
Epoch 3/10
2/2 [==============================] - 2s 814ms/step - loss: 4.6688 - accuracy: 0.2333 - val_loss: 4.2684 - val_accuracy: 0.2000 - lr: 0.0010
Epoch 4/10
2/2 [==============================] - 2s 818ms/step - loss: 4.1733 - accuracy: 0.2333 - val_loss: 4.0455 - val_accuracy: 0.2000 - lr: 0.0010
Epoch 5/10
2/2 [==============================] - 2s 923ms/step - loss: 4.0153 - accuracy: 0.1500 - val_loss: 3.9558 - val_accuracy: 0.2000 - lr: 0.0010
Epoch 6/10
2/2 [==============================] - 2s 810ms/step - loss: 3.9271 - accuracy: 0.2333 - val_loss: 3.8705 - val_accuracy: 0.2000 - lr: 0.0010
Epoch 7/10
2/2 [==============================] - 2s 969ms/step - loss: 3.8299 - accuracy: 0.2500 - val_loss: 3.7448 - val_accuracy: 0.2000 - lr: 0.0010
Epoch 8/10
2/2 [==============================] - 2s 952ms/step - loss: 3.6942 - accuracy: 0.1500 - val_loss: 3.5700 - val_accuracy: 0.0000e+00 - lr: 0.0010
Epoch 9/10
2/2 [==============================] - 2s 800ms/step - loss: 3.5222 - accuracy: 0.2000 - val_loss: 3.3642 - val_accuracy: 0.0000e+00 - lr: 0.0010
Epoch 10/10
2/2 [==============================] - 2s 905ms/step - loss: 3.3123 - accuracy: 0.2167 - val_loss: 3.1674 - val_accuracy: 0.2000 - lr: 0.0010
1/1 [==============================] - 0s 150ms/step - loss: 3.1429 - accuracy: 0.2857
Found 60 images belonging to 6 classes.
Found 5 images belonging to 6 classes.
Found 7 images belonging to 6 classes.
Epoch 1/20
2/2 [==============================] - 3s 1s/step - loss: 6.9042 - accuracy: 0.1833 - val_loss: 5.8035 - val_accuracy: 0.0000e+00 - lr: 0.0010
Epoch 2/20
2/2 [==============================] - 2s 800ms/step - loss: 5.7596 - accuracy: 0.0667 - val_loss: 4.7646 - val_accuracy: 0.4000 - lr: 0.0010
Epoch 3/20
2/2 [==============================] - 2s 922ms/step - loss: 4.7909 - accuracy: 0.1167 - val_loss: 4.3822 - val_accuracy: 0.4000 - lr: 0.0010
Epoch 4/20
2/2 [==============================] - 2s 895ms/step - loss: 4.3375 - accuracy: 0.1500 - val_loss: 4.2195 - val_accuracy: 0.2000 - lr: 0.0010
Epoch 5/20
2/2 [==============================] - 2s 888ms/step - loss: 4.2011 - accuracy: 0.1500 - val_loss: 4.1311 - val_accuracy: 0.2000 - lr: 0.0010
Epoch 6/20
2/2 [==============================] - 2s 830ms/step - loss: 4.0888 - accuracy: 0.2167 - val_loss: 4.0263 - val_accuracy: 0.2000 - lr: 0.0010
Epoch 7/20
2/2 [==============================] - 2s 936ms/step - loss: 3.9723 - accuracy: 0.2167 - val_loss: 3.8868 - val_accuracy: 0.2000 - lr: 0.0010
Epoch 8/20
2/2 [==============================] - 2s 919ms/step - loss: 3.8202 - accuracy: 0.2000 - val_loss: 3.6932 - val_accuracy: 0.4000 - lr: 0.0010
Epoch 9/20
2/2 [==============================] - 2s 807ms/step - loss: 3.6194 - accuracy: 0.2333 - val_loss: 3.4734 - val_accuracy: 0.0000e+00 - lr: 0.0010
Epoch 10/20
2/2 [==============================] - 2s 821ms/step - loss: 3.4094 - accuracy: 0.2000 - val_loss: 3.2822 - val_accuracy: 0.2000 - lr: 0.0010
Epoch 11/20
2/2 [==============================] - 2s 785ms/step - loss: 3.2126 - accuracy: 0.2333 - val_loss: 3.1153 - val_accuracy: 0.0000e+00 - lr: 0.0010
Epoch 12/20
2/2 [==============================] - 2s 800ms/step - loss: 3.0157 - accuracy: 0.2500 - val_loss: 3.0025 - val_accuracy: 0.2000 - lr: 0.0010
Epoch 13/20
2/2 [==============================] - 2s 941ms/step - loss: 2.8699 - accuracy: 0.2667 - val_loss: 2.9343 - val_accuracy: 0.2000 - lr: 0.0010
Epoch 14/20
2/2 [==============================] - 2s 846ms/step - loss: 2.7912 - accuracy: 0.3333 - val_loss: 2.8127 - val_accuracy: 0.2000 - lr: 0.0010
Epoch 15/20
2/2 [==============================] - 2s 782ms/step - loss: 2.7988 - accuracy: 0.1833 - val_loss: 2.6616 - val_accuracy: 0.2000 - lr: 0.0010
Epoch 16/20
2/2 [==============================] - 2s 787ms/step - loss: 2.6339 - accuracy: 0.3167 - val_loss: 2.5801 - val_accuracy: 0.2000 - lr: 0.0010
Epoch 17/20
2/2 [==============================] - 2s 825ms/step - loss: 2.6094 - accuracy: 0.2167 - val_loss: 2.4702 - val_accuracy: 0.2000 - lr: 0.0010
Epoch 18/20
2/2 [==============================] - 2s 766ms/step - loss: 2.5314 - accuracy: 0.2333 - val_loss: 2.4546 - val_accuracy: 0.2000 - lr: 0.0010
Epoch 19/20
2/2 [==============================] - 2s 805ms/step - loss: 2.4480 - accuracy: 0.3500 - val_loss: 2.4004 - val_accuracy: 0.2000 - lr: 0.0010
Epoch 20/20
2/2 [==============================] - 2s 985ms/step - loss: 2.4174 - accuracy: 0.3167 - val_loss: 2.3816 - val_accuracy: 0.2000 - lr: 0.0010
1/1 [==============================] - 0s 148ms/step - loss: 2.5095 - accuracy: 0.1429
Found 60 images belonging to 6 classes.
Found 5 images belonging to 6 classes.
Found 7 images belonging to 6 classes.
Epoch 1/10
2/2 [==============================] - 2s 1s/step - loss: 7.1877 - accuracy: 0.1833 - val_loss: 5.8992 - val_accuracy: 0.4000 - lr: 0.0010
Epoch 2/10
2/2 [==============================] - 2s 796ms/step - loss: 6.4159 - accuracy: 0.2000 - val_loss: 5.3992 - val_accuracy: 0.0000e+00 - lr: 0.0010
Epoch 3/10
2/2 [==============================] - 2s 923ms/step - loss: 5.1127 - accuracy: 0.2167 - val_loss: 4.9538 - val_accuracy: 0.2000 - lr: 0.0010
Epoch 4/10
2/2 [==============================] - 2s 775ms/step - loss: 4.8562 - accuracy: 0.2000 - val_loss: 4.7411 - val_accuracy: 0.2000 - lr: 0.0010
Epoch 5/10
2/2 [==============================] - 2s 881ms/step - loss: 4.6448 - accuracy: 0.2000 - val_loss: 4.6342 - val_accuracy: 0.2000 - lr: 0.0010
Epoch 6/10
2/2 [==============================] - 2s 900ms/step - loss: 4.6068 - accuracy: 0.2167 - val_loss: 4.5538 - val_accuracy: 0.4000 - lr: 0.0010
Epoch 7/10
2/2 [==============================] - 2s 778ms/step - loss: 4.5282 - accuracy: 0.2167 - val_loss: 4.4354 - val_accuracy: 0.4000 - lr: 0.0010
Epoch 8/10
2/2 [==============================] - 2s 745ms/step - loss: 4.4187 - accuracy: 0.1667 - val_loss: 4.2700 - val_accuracy: 0.4000 - lr: 0.0010
Epoch 9/10
2/2 [==============================] - 2s 737ms/step - loss: 4.2366 - accuracy: 0.2500 - val_loss: 4.0779 - val_accuracy: 0.2000 - lr: 0.0010
Epoch 10/10
2/2 [==============================] - 2s 828ms/step - loss: 4.0382 - accuracy: 0.1833 - val_loss: 3.8814 - val_accuracy: 0.2000 - lr: 0.0010
1/1 [==============================] - 0s 130ms/step - loss: 3.9083 - accuracy: 0.0000e+00
Found 60 images belonging to 6 classes.
Found 5 images belonging to 6 classes.
Found 7 images belonging to 6 classes.
Epoch 1/20
2/2 [==============================] - 2s 897ms/step - loss: 7.0543 - accuracy: 0.2333 - val_loss: 5.6703 - val_accuracy: 0.2000 - lr: 0.0010
Epoch 2/20
2/2 [==============================] - 1s 683ms/step - loss: 5.4311 - accuracy: 0.2000 - val_loss: 4.7142 - val_accuracy: 0.0000e+00 - lr: 0.0010
Epoch 3/20
2/2 [==============================] - 1s 655ms/step - loss: 4.4616 - accuracy: 0.0833 - val_loss: 4.1710 - val_accuracy: 0.0000e+00 - lr: 0.0010
Epoch 4/20
2/2 [==============================] - 1s 644ms/step - loss: 3.9923 - accuracy: 0.2167 - val_loss: 3.8946 - val_accuracy: 0.2000 - lr: 0.0010
Epoch 5/20
2/2 [==============================] - 1s 763ms/step - loss: 3.8299 - accuracy: 0.2167 - val_loss: 3.7811 - val_accuracy: 0.2000 - lr: 0.0010
Epoch 6/20
2/2 [==============================] - 1s 660ms/step - loss: 3.7850 - accuracy: 0.1500 - val_loss: 3.6918 - val_accuracy: 0.2000 - lr: 0.0010
Epoch 7/20
2/2 [==============================] - 1s 630ms/step - loss: 3.7790 - accuracy: 0.1667 - val_loss: 3.5931 - val_accuracy: 0.2000 - lr: 0.0010
Epoch 8/20
2/2 [==============================] - 1s 707ms/step - loss: 3.6402 - accuracy: 0.1833 - val_loss: 3.4663 - val_accuracy: 0.2000 - lr: 0.0010
Epoch 9/20
2/2 [==============================] - 1s 721ms/step - loss: 3.4814 - accuracy: 0.1833 - val_loss: 3.3306 - val_accuracy: 0.2000 - lr: 0.0010
Epoch 10/20
2/2 [==============================] - 1s 700ms/step - loss: 3.2890 - accuracy: 0.2333 - val_loss: 3.1899 - val_accuracy: 0.2000 - lr: 0.0010
Epoch 11/20
2/2 [==============================] - 1s 603ms/step - loss: 3.1071 - accuracy: 0.3333 - val_loss: 3.0363 - val_accuracy: 0.2000 - lr: 0.0010
Epoch 12/20
2/2 [==============================] - 1s 664ms/step - loss: 2.9797 - accuracy: 0.3000 - val_loss: 2.8780 - val_accuracy: 0.2000 - lr: 0.0010
Epoch 13/20
2/2 [==============================] - 1s 668ms/step - loss: 2.8739 - accuracy: 0.3333 - val_loss: 2.7889 - val_accuracy: 0.0000e+00 - lr: 0.0010
Epoch 14/20
2/2 [==============================] - 1s 706ms/step - loss: 2.7582 - accuracy: 0.3333 - val_loss: 2.6843 - val_accuracy: 0.2000 - lr: 0.0010
Epoch 15/20
2/2 [==============================] - 1s 591ms/step - loss: 2.6426 - accuracy: 0.3500 - val_loss: 2.5512 - val_accuracy: 0.2000 - lr: 0.0010
Epoch 16/20
2/2 [==============================] - 1s 652ms/step - loss: 2.6723 - accuracy: 0.2333 - val_loss: 2.4470 - val_accuracy: 0.2000 - lr: 0.0010
Epoch 17/20
2/2 [==============================] - 1s 647ms/step - loss: 2.5719 - accuracy: 0.3000 - val_loss: 2.4190 - val_accuracy: 0.4000 - lr: 0.0010
Epoch 18/20
2/2 [==============================] - 1s 622ms/step - loss: 2.4865 - accuracy: 0.3167 - val_loss: 2.3920 - val_accuracy: 0.4000 - lr: 0.0010
Epoch 19/20
2/2 [==============================] - 1s 558ms/step - loss: 2.4684 - accuracy: 0.3000 - val_loss: 2.3539 - val_accuracy: 0.4000 - lr: 0.0010
Epoch 20/20
2/2 [==============================] - 1s 561ms/step - loss: 2.4674 - accuracy: 0.2167 - val_loss: 2.2842 - val_accuracy: 0.4000 - lr: 0.0010
1/1 [==============================] - 0s 107ms/step - loss: 2.5228 - accuracy: 0.1429
Found 60 images belonging to 6 classes.
Found 5 images belonging to 6 classes.
Found 7 images belonging to 6 classes.
Epoch 1/10
2/2 [==============================] - 1s 544ms/step - loss: 7.0551 - accuracy: 0.1667 - val_loss: 6.3514 - val_accuracy: 0.2000 - lr: 5.0000e-04
Epoch 2/10
2/2 [==============================] - 1s 512ms/step - loss: 6.2763 - accuracy: 0.1833 - val_loss: 5.3977 - val_accuracy: 0.4000 - lr: 5.0000e-04
Epoch 3/10
2/2 [==============================] - 1s 411ms/step - loss: 5.7025 - accuracy: 0.1667 - val_loss: 4.8901 - val_accuracy: 0.6000 - lr: 5.0000e-04
Epoch 4/10
2/2 [==============================] - 1s 451ms/step - loss: 5.0913 - accuracy: 0.2500 - val_loss: 4.4795 - val_accuracy: 0.6000 - lr: 5.0000e-04
Epoch 5/10
2/2 [==============================] - 1s 428ms/step - loss: 4.6566 - accuracy: 0.2500 - val_loss: 4.1136 - val_accuracy: 0.4000 - lr: 5.0000e-04
Epoch 6/10
2/2 [==============================] - 1s 433ms/step - loss: 4.2174 - accuracy: 0.2833 - val_loss: 3.8043 - val_accuracy: 0.4000 - lr: 5.0000e-04
Epoch 7/10
2/2 [==============================] - 1s 425ms/step - loss: 3.9080 - accuracy: 0.2333 - val_loss: 3.5458 - val_accuracy: 0.4000 - lr: 5.0000e-04
Epoch 8/10
2/2 [==============================] - 1s 457ms/step - loss: 3.6017 - accuracy: 0.2167 - val_loss: 3.3653 - val_accuracy: 0.4000 - lr: 5.0000e-04
Epoch 9/10
2/2 [==============================] - 1s 394ms/step - loss: 3.3804 - accuracy: 0.2333 - val_loss: 3.2256 - val_accuracy: 0.4000 - lr: 5.0000e-04
Epoch 10/10
2/2 [==============================] - 1s 381ms/step - loss: 3.1759 - accuracy: 0.3667 - val_loss: 3.1011 - val_accuracy: 0.2000 - lr: 5.0000e-04
1/1 [==============================] - 0s 93ms/step - loss: 3.1628 - accuracy: 0.2857
Found 60 images belonging to 6 classes.
Found 5 images belonging to 6 classes.
Found 7 images belonging to 6 classes.
Epoch 1/20
2/2 [==============================] - 1s 537ms/step - loss: 7.1157 - accuracy: 0.1500 - val_loss: 6.3362 - val_accuracy: 0.2000 - lr: 5.0000e-04
Epoch 2/20
2/2 [==============================] - 1s 458ms/step - loss: 6.3288 - accuracy: 0.1667 - val_loss: 5.8390 - val_accuracy: 0.2000 - lr: 5.0000e-04
Epoch 3/20
2/2 [==============================] - 1s 462ms/step - loss: 5.6376 - accuracy: 0.2333 - val_loss: 5.3254 - val_accuracy: 0.0000e+00 - lr: 5.0000e-04
Epoch 4/20
2/2 [==============================] - 1s 473ms/step - loss: 5.0810 - accuracy: 0.2333 - val_loss: 4.8508 - val_accuracy: 0.2000 - lr: 5.0000e-04
Epoch 5/20
2/2 [==============================] - 1s 406ms/step - loss: 4.8293 - accuracy: 0.2167 - val_loss: 4.3989 - val_accuracy: 0.2000 - lr: 5.0000e-04
Epoch 6/20
2/2 [==============================] - 1s 462ms/step - loss: 4.2993 - accuracy: 0.2833 - val_loss: 3.9846 - val_accuracy: 0.2000 - lr: 5.0000e-04
Epoch 7/20
2/2 [==============================] - 1s 446ms/step - loss: 3.9821 - accuracy: 0.3000 - val_loss: 3.6878 - val_accuracy: 0.2000 - lr: 5.0000e-04
Epoch 8/20
2/2 [==============================] - 1s 445ms/step - loss: 3.7041 - accuracy: 0.3500 - val_loss: 3.4594 - val_accuracy: 0.2000 - lr: 5.0000e-04
Epoch 9/20
2/2 [==============================] - 1s 420ms/step - loss: 3.5479 - accuracy: 0.2333 - val_loss: 3.2821 - val_accuracy: 0.6000 - lr: 5.0000e-04
Epoch 10/20
2/2 [==============================] - 1s 469ms/step - loss: 3.3974 - accuracy: 0.2500 - val_loss: 3.1563 - val_accuracy: 0.4000 - lr: 5.0000e-04
Epoch 11/20
2/2 [==============================] - 1s 431ms/step - loss: 3.3248 - accuracy: 0.2000 - val_loss: 3.0681 - val_accuracy: 0.4000 - lr: 5.0000e-04
Epoch 12/20
2/2 [==============================] - 1s 402ms/step - loss: 3.1614 - accuracy: 0.2500 - val_loss: 3.0028 - val_accuracy: 0.4000 - lr: 5.0000e-04
Epoch 13/20
2/2 [==============================] - 1s 404ms/step - loss: 3.0551 - accuracy: 0.3167 - val_loss: 2.9415 - val_accuracy: 0.6000 - lr: 5.0000e-04
Epoch 14/20
2/2 [==============================] - 1s 403ms/step - loss: 2.9871 - accuracy: 0.3000 - val_loss: 2.8671 - val_accuracy: 0.6000 - lr: 5.0000e-04
Epoch 15/20
2/2 [==============================] - 1s 488ms/step - loss: 2.9163 - accuracy: 0.2833 - val_loss: 2.7863 - val_accuracy: 0.6000 - lr: 5.0000e-04
Epoch 16/20
2/2 [==============================] - 1s 408ms/step - loss: 2.8029 - accuracy: 0.3500 - val_loss: 2.6924 - val_accuracy: 0.6000 - lr: 5.0000e-04
Epoch 17/20
2/2 [==============================] - 1s 451ms/step - loss: 2.7170 - accuracy: 0.4000 - val_loss: 2.5990 - val_accuracy: 0.6000 - lr: 5.0000e-04
Epoch 18/20
2/2 [==============================] - 1s 502ms/step - loss: 2.7439 - accuracy: 0.2667 - val_loss: 2.5228 - val_accuracy: 0.6000 - lr: 5.0000e-04
Epoch 19/20
2/2 [==============================] - 1s 470ms/step - loss: 2.6384 - accuracy: 0.2667 - val_loss: 2.4310 - val_accuracy: 0.4000 - lr: 5.0000e-04
Epoch 20/20
2/2 [==============================] - 1s 419ms/step - loss: 2.6119 - accuracy: 0.3500 - val_loss: 2.3510 - val_accuracy: 0.4000 - lr: 5.0000e-04
1/1 [==============================] - 0s 85ms/step - loss: 2.6136 - accuracy: 0.4286
Found 60 images belonging to 6 classes.
Found 5 images belonging to 6 classes.
Found 7 images belonging to 6 classes.
Epoch 1/10
2/2 [==============================] - 2s 738ms/step - loss: 7.2295 - accuracy: 0.0833 - val_loss: 6.3934 - val_accuracy: 0.2000 - lr: 5.0000e-04
Epoch 2/10
2/2 [==============================] - 1s 519ms/step - loss: 6.5627 - accuracy: 0.1833 - val_loss: 5.4931 - val_accuracy: 0.4000 - lr: 5.0000e-04
Epoch 3/10
2/2 [==============================] - 1s 480ms/step - loss: 5.9715 - accuracy: 0.2333 - val_loss: 4.7830 - val_accuracy: 0.8000 - lr: 5.0000e-04
Epoch 4/10
2/2 [==============================] - 1s 437ms/step - loss: 5.3230 - accuracy: 0.2500 - val_loss: 4.4126 - val_accuracy: 0.8000 - lr: 5.0000e-04
Epoch 5/10
2/2 [==============================] - 1s 435ms/step - loss: 4.9258 - accuracy: 0.2500 - val_loss: 4.2286 - val_accuracy: 0.6000 - lr: 5.0000e-04
Epoch 6/10
2/2 [==============================] - 1s 487ms/step - loss: 4.5245 - accuracy: 0.2667 - val_loss: 4.0887 - val_accuracy: 0.4000 - lr: 5.0000e-04
Epoch 7/10
2/2 [==============================] - 1s 478ms/step - loss: 4.2498 - accuracy: 0.1833 - val_loss: 3.9199 - val_accuracy: 0.4000 - lr: 5.0000e-04
Epoch 8/10
2/2 [==============================] - 1s 431ms/step - loss: 4.0350 - accuracy: 0.2667 - val_loss: 3.7538 - val_accuracy: 0.4000 - lr: 5.0000e-04
Epoch 9/10
2/2 [==============================] - 1s 416ms/step - loss: 3.8630 - accuracy: 0.1833 - val_loss: 3.5869 - val_accuracy: 0.6000 - lr: 5.0000e-04
Epoch 10/10
2/2 [==============================] - 1s 503ms/step - loss: 3.6251 - accuracy: 0.3167 - val_loss: 3.4354 - val_accuracy: 0.6000 - lr: 5.0000e-04
1/1 [==============================] - 0s 107ms/step - loss: 3.5293 - accuracy: 0.1429
Found 60 images belonging to 6 classes.
Found 5 images belonging to 6 classes.
Found 7 images belonging to 6 classes.
Epoch 1/20
2/2 [==============================] - 1s 568ms/step - loss: 7.1184 - accuracy: 0.2167 - val_loss: 7.1375 - val_accuracy: 0.2000 - lr: 5.0000e-04
Epoch 2/20
2/2 [==============================] - 1s 494ms/step - loss: 6.6165 - accuracy: 0.2000 - val_loss: 5.9124 - val_accuracy: 0.2000 - lr: 5.0000e-04
Epoch 3/20
2/2 [==============================] - 1s 475ms/step - loss: 5.9462 - accuracy: 0.1333 - val_loss: 5.1831 - val_accuracy: 0.4000 - lr: 5.0000e-04
Epoch 4/20
2/2 [==============================] - 1s 421ms/step - loss: 5.4622 - accuracy: 0.1500 - val_loss: 4.7896 - val_accuracy: 0.4000 - lr: 5.0000e-04
Epoch 5/20
2/2 [==============================] - 1s 506ms/step - loss: 5.0368 - accuracy: 0.1333 - val_loss: 4.5049 - val_accuracy: 0.4000 - lr: 5.0000e-04
Epoch 6/20
2/2 [==============================] - 1s 485ms/step - loss: 4.5631 - accuracy: 0.2167 - val_loss: 4.2635 - val_accuracy: 0.4000 - lr: 5.0000e-04
Epoch 7/20
2/2 [==============================] - 1s 448ms/step - loss: 4.2205 - accuracy: 0.2167 - val_loss: 4.0352 - val_accuracy: 0.2000 - lr: 5.0000e-04
Epoch 8/20
2/2 [==============================] - 1s 442ms/step - loss: 4.0059 - accuracy: 0.3000 - val_loss: 3.8275 - val_accuracy: 0.2000 - lr: 5.0000e-04
Epoch 9/20
2/2 [==============================] - 1s 452ms/step - loss: 3.7783 - accuracy: 0.2833 - val_loss: 3.6287 - val_accuracy: 0.2000 - lr: 5.0000e-04
Epoch 10/20
2/2 [==============================] - 1s 438ms/step - loss: 3.5860 - accuracy: 0.2333 - val_loss: 3.4334 - val_accuracy: 0.6000 - lr: 5.0000e-04
Epoch 11/20
2/2 [==============================] - 1s 467ms/step - loss: 3.4511 - accuracy: 0.2833 - val_loss: 3.2921 - val_accuracy: 0.6000 - lr: 5.0000e-04
Epoch 12/20
2/2 [==============================] - 1s 554ms/step - loss: 3.3831 - accuracy: 0.2667 - val_loss: 3.1857 - val_accuracy: 0.6000 - lr: 5.0000e-04
Epoch 13/20
2/2 [==============================] - 1s 554ms/step - loss: 3.1645 - accuracy: 0.3167 - val_loss: 3.0813 - val_accuracy: 0.6000 - lr: 5.0000e-04
Epoch 14/20
2/2 [==============================] - 1s 556ms/step - loss: 3.1371 - accuracy: 0.2000 - val_loss: 2.9707 - val_accuracy: 0.4000 - lr: 5.0000e-04
Epoch 15/20
2/2 [==============================] - 1s 544ms/step - loss: 3.0515 - accuracy: 0.2000 - val_loss: 2.8687 - val_accuracy: 0.6000 - lr: 5.0000e-04
Epoch 16/20
2/2 [==============================] - 1s 613ms/step - loss: 2.9668 - accuracy: 0.2500 - val_loss: 2.7966 - val_accuracy: 0.6000 - lr: 5.0000e-04
Epoch 17/20
2/2 [==============================] - 1s 619ms/step - loss: 2.9681 - accuracy: 0.1833 - val_loss: 2.7447 - val_accuracy: 0.6000 - lr: 5.0000e-04
Epoch 18/20
2/2 [==============================] - 1s 641ms/step - loss: 2.7853 - accuracy: 0.3000 - val_loss: 2.7006 - val_accuracy: 0.4000 - lr: 5.0000e-04
Epoch 19/20
2/2 [==============================] - 1s 593ms/step - loss: 2.7885 - accuracy: 0.3000 - val_loss: 2.6570 - val_accuracy: 0.4000 - lr: 5.0000e-04
Epoch 20/20
2/2 [==============================] - 1s 602ms/step - loss: 2.6949 - accuracy: 0.3167 - val_loss: 2.5994 - val_accuracy: 0.4000 - lr: 5.0000e-04
1/1 [==============================] - 0s 128ms/step - loss: 2.6933 - accuracy: 0.2857
Found 60 images belonging to 6 classes.
Found 5 images belonging to 6 classes.
Found 7 images belonging to 6 classes.
Epoch 1/10
2/2 [==============================] - 2s 789ms/step - loss: 7.1814 - accuracy: 0.1667 - val_loss: 6.4848 - val_accuracy: 0.2000 - lr: 5.0000e-04
Epoch 2/10
2/2 [==============================] - 1s 622ms/step - loss: 6.4105 - accuracy: 0.1833 - val_loss: 5.9109 - val_accuracy: 0.2000 - lr: 5.0000e-04
Epoch 3/10
2/2 [==============================] - 1s 695ms/step - loss: 5.7138 - accuracy: 0.2000 - val_loss: 5.4052 - val_accuracy: 0.0000e+00 - lr: 5.0000e-04
Epoch 4/10
2/2 [==============================] - 1s 680ms/step - loss: 5.2285 - accuracy: 0.1500 - val_loss: 4.9163 - val_accuracy: 0.0000e+00 - lr: 5.0000e-04
Epoch 5/10
2/2 [==============================] - 1s 614ms/step - loss: 4.7189 - accuracy: 0.2667 - val_loss: 4.5263 - val_accuracy: 0.2000 - lr: 5.0000e-04
Epoch 6/10
2/2 [==============================] - 1s 667ms/step - loss: 4.3058 - accuracy: 0.2833 - val_loss: 4.1789 - val_accuracy: 0.2000 - lr: 5.0000e-04
Epoch 7/10
2/2 [==============================] - 1s 671ms/step - loss: 4.0683 - accuracy: 0.1667 - val_loss: 3.8713 - val_accuracy: 0.2000 - lr: 5.0000e-04
Epoch 8/10
2/2 [==============================] - 1s 604ms/step - loss: 3.7861 - accuracy: 0.1667 - val_loss: 3.6321 - val_accuracy: 0.2000 - lr: 5.0000e-04
Epoch 9/10
2/2 [==============================] - 1s 603ms/step - loss: 3.5209 - accuracy: 0.2167 - val_loss: 3.4234 - val_accuracy: 0.2000 - lr: 5.0000e-04
Epoch 10/10
2/2 [==============================] - 1s 661ms/step - loss: 3.3419 - accuracy: 0.2333 - val_loss: 3.2626 - val_accuracy: 0.2000 - lr: 5.0000e-04
1/1 [==============================] - 0s 137ms/step - loss: 3.2274 - accuracy: 0.2857
Found 60 images belonging to 6 classes.
Found 5 images belonging to 6 classes.
Found 7 images belonging to 6 classes.
Epoch 1/20
2/2 [==============================] - 2s 805ms/step - loss: 7.1163 - accuracy: 0.1667 - val_loss: 6.1075 - val_accuracy: 0.4000 - lr: 5.0000e-04
Epoch 2/20
2/2 [==============================] - 1s 673ms/step - loss: 6.4011 - accuracy: 0.1833 - val_loss: 5.7462 - val_accuracy: 0.2000 - lr: 5.0000e-04
Epoch 3/20
2/2 [==============================] - 1s 689ms/step - loss: 5.9507 - accuracy: 0.1833 - val_loss: 5.4464 - val_accuracy: 0.2000 - lr: 5.0000e-04
Epoch 4/20
2/2 [==============================] - 1s 662ms/step - loss: 5.3862 - accuracy: 0.1833 - val_loss: 5.0842 - val_accuracy: 0.2000 - lr: 5.0000e-04
Epoch 5/20
2/2 [==============================] - 1s 614ms/step - loss: 4.9109 - accuracy: 0.2333 - val_loss: 4.6870 - val_accuracy: 0.2000 - lr: 5.0000e-04
Epoch 6/20
2/2 [==============================] - 1s 671ms/step - loss: 4.5480 - accuracy: 0.1833 - val_loss: 4.3775 - val_accuracy: 0.2000 - lr: 5.0000e-04
Epoch 7/20
2/2 [==============================] - 1s 608ms/step - loss: 4.2302 - accuracy: 0.2833 - val_loss: 4.0944 - val_accuracy: 0.0000e+00 - lr: 5.0000e-04
Epoch 8/20
2/2 [==============================] - 1s 682ms/step - loss: 4.0049 - accuracy: 0.2667 - val_loss: 3.8659 - val_accuracy: 0.2000 - lr: 5.0000e-04
Epoch 9/20
2/2 [==============================] - 1s 592ms/step - loss: 3.7989 - accuracy: 0.2333 - val_loss: 3.6628 - val_accuracy: 0.2000 - lr: 5.0000e-04
Epoch 10/20
2/2 [==============================] - 1s 659ms/step - loss: 3.6677 - accuracy: 0.1833 - val_loss: 3.5056 - val_accuracy: 0.2000 - lr: 5.0000e-04
Epoch 11/20
2/2 [==============================] - 1s 664ms/step - loss: 3.4728 - accuracy: 0.2333 - val_loss: 3.3733 - val_accuracy: 0.2000 - lr: 5.0000e-04
Epoch 12/20
2/2 [==============================] - 1s 612ms/step - loss: 3.3674 - accuracy: 0.3667 - val_loss: 3.2699 - val_accuracy: 0.2000 - lr: 5.0000e-04
Epoch 13/20
2/2 [==============================] - 1s 624ms/step - loss: 3.2399 - accuracy: 0.4167 - val_loss: 3.1661 - val_accuracy: 0.2000 - lr: 5.0000e-04
Epoch 14/20
2/2 [==============================] - 1s 668ms/step - loss: 3.2070 - accuracy: 0.2833 - val_loss: 3.0725 - val_accuracy: 0.2000 - lr: 5.0000e-04
Epoch 15/20
2/2 [==============================] - 1s 684ms/step - loss: 3.0989 - accuracy: 0.2500 - val_loss: 2.9945 - val_accuracy: 0.4000 - lr: 5.0000e-04
Epoch 16/20
2/2 [==============================] - 1s 781ms/step - loss: 3.0342 - accuracy: 0.2167 - val_loss: 2.8995 - val_accuracy: 0.4000 - lr: 5.0000e-04
Epoch 17/20
2/2 [==============================] - 1s 678ms/step - loss: 2.9398 - accuracy: 0.2833 - val_loss: 2.8277 - val_accuracy: 0.4000 - lr: 5.0000e-04
Epoch 18/20
2/2 [==============================] - 1s 723ms/step - loss: 2.8845 - accuracy: 0.3167 - val_loss: 2.7702 - val_accuracy: 0.4000 - lr: 5.0000e-04
Epoch 19/20
2/2 [==============================] - 1s 634ms/step - loss: 2.7896 - accuracy: 0.3000 - val_loss: 2.7189 - val_accuracy: 0.4000 - lr: 5.0000e-04
Epoch 20/20
2/2 [==============================] - 1s 620ms/step - loss: 2.7546 - accuracy: 0.2667 - val_loss: 2.6873 - val_accuracy: 0.4000 - lr: 5.0000e-04
1/1 [==============================] - 0s 133ms/step - loss: 2.7394 - accuracy: 0.2857
Found 60 images belonging to 6 classes.
Found 5 images belonging to 6 classes.
Found 7 images belonging to 6 classes.
Epoch 1/10
2/2 [==============================] - 2s 897ms/step - loss: 7.5250 - accuracy: 0.1167 - val_loss: 6.8027 - val_accuracy: 0.4000 - lr: 5.0000e-04
Epoch 2/10
2/2 [==============================] - 1s 657ms/step - loss: 6.6613 - accuracy: 0.1333 - val_loss: 6.3686 - val_accuracy: 0.0000e+00 - lr: 5.0000e-04
Epoch 3/10
2/2 [==============================] - 1s 606ms/step - loss: 6.0619 - accuracy: 0.1500 - val_loss: 5.8656 - val_accuracy: 0.2000 - lr: 5.0000e-04
Epoch 4/10
2/2 [==============================] - 1s 779ms/step - loss: 5.7024 - accuracy: 0.1333 - val_loss: 5.1927 - val_accuracy: 0.2000 - lr: 5.0000e-04
Epoch 5/10
2/2 [==============================] - 2s 923ms/step - loss: 5.1993 - accuracy: 0.1167 - val_loss: 4.7442 - val_accuracy: 0.2000 - lr: 5.0000e-04
Epoch 6/10
2/2 [==============================] - 2s 852ms/step - loss: 4.6234 - accuracy: 0.2167 - val_loss: 4.3902 - val_accuracy: 0.2000 - lr: 5.0000e-04
Epoch 7/10
2/2 [==============================] - 1s 713ms/step - loss: 4.3864 - accuracy: 0.2333 - val_loss: 4.1247 - val_accuracy: 0.2000 - lr: 5.0000e-04
Epoch 8/10
2/2 [==============================] - 1s 807ms/step - loss: 4.1448 - accuracy: 0.2500 - val_loss: 3.9112 - val_accuracy: 0.2000 - lr: 5.0000e-04
Epoch 9/10
2/2 [==============================] - 2s 751ms/step - loss: 3.9785 - accuracy: 0.1833 - val_loss: 3.7474 - val_accuracy: 0.2000 - lr: 5.0000e-04
Epoch 10/10
2/2 [==============================] - 1s 732ms/step - loss: 3.8114 - accuracy: 0.1500 - val_loss: 3.6179 - val_accuracy: 0.2000 - lr: 5.0000e-04
1/1 [==============================] - 0s 140ms/step - loss: 3.6980 - accuracy: 0.2857
Found 60 images belonging to 6 classes.
Found 5 images belonging to 6 classes.
Found 7 images belonging to 6 classes.
Epoch 1/20
2/2 [==============================] - 2s 795ms/step - loss: 7.1419 - accuracy: 0.1000 - val_loss: 6.7266 - val_accuracy: 0.4000 - lr: 5.0000e-04
Epoch 2/20
2/2 [==============================] - 1s 708ms/step - loss: 6.6528 - accuracy: 0.1167 - val_loss: 6.4148 - val_accuracy: 0.4000 - lr: 5.0000e-04
Epoch 3/20
2/2 [==============================] - 1s 625ms/step - loss: 5.9848 - accuracy: 0.2000 - val_loss: 5.7852 - val_accuracy: 0.0000e+00 - lr: 5.0000e-04
Epoch 4/20
2/2 [==============================] - 1s 707ms/step - loss: 5.4832 - accuracy: 0.1500 - val_loss: 5.1737 - val_accuracy: 0.2000 - lr: 5.0000e-04
Epoch 5/20
2/2 [==============================] - 1s 665ms/step - loss: 5.0628 - accuracy: 0.2000 - val_loss: 4.7402 - val_accuracy: 0.2000 - lr: 5.0000e-04
Epoch 6/20
2/2 [==============================] - 1s 614ms/step - loss: 4.6841 - accuracy: 0.1833 - val_loss: 4.4273 - val_accuracy: 0.2000 - lr: 5.0000e-04
Epoch 7/20
2/2 [==============================] - 1s 705ms/step - loss: 4.4096 - accuracy: 0.1833 - val_loss: 4.1724 - val_accuracy: 0.2000 - lr: 5.0000e-04
Epoch 8/20
2/2 [==============================] - 1s 639ms/step - loss: 4.1686 - accuracy: 0.2167 - val_loss: 3.9452 - val_accuracy: 0.2000 - lr: 5.0000e-04
Epoch 9/20
2/2 [==============================] - 1s 628ms/step - loss: 3.9051 - accuracy: 0.3000 - val_loss: 3.7525 - val_accuracy: 0.4000 - lr: 5.0000e-04
Epoch 10/20
2/2 [==============================] - 1s 722ms/step - loss: 3.7385 - accuracy: 0.2167 - val_loss: 3.5902 - val_accuracy: 0.4000 - lr: 5.0000e-04
Epoch 11/20
2/2 [==============================] - 1s 716ms/step - loss: 3.5979 - accuracy: 0.2667 - val_loss: 3.4457 - val_accuracy: 0.4000 - lr: 5.0000e-04
Epoch 12/20
2/2 [==============================] - 1s 628ms/step - loss: 3.4893 - accuracy: 0.1833 - val_loss: 3.3114 - val_accuracy: 0.6000 - lr: 5.0000e-04
Epoch 13/20
2/2 [==============================] - 1s 644ms/step - loss: 3.3677 - accuracy: 0.2833 - val_loss: 3.1923 - val_accuracy: 0.4000 - lr: 5.0000e-04
Epoch 14/20
2/2 [==============================] - 1s 599ms/step - loss: 3.2385 - accuracy: 0.2333 - val_loss: 3.0841 - val_accuracy: 0.6000 - lr: 5.0000e-04
Epoch 15/20
2/2 [==============================] - 1s 643ms/step - loss: 3.2079 - accuracy: 0.1333 - val_loss: 2.9983 - val_accuracy: 0.4000 - lr: 5.0000e-04
Epoch 16/20
2/2 [==============================] - 1s 662ms/step - loss: 3.0213 - accuracy: 0.3167 - val_loss: 2.9245 - val_accuracy: 0.2000 - lr: 5.0000e-04
Epoch 17/20
2/2 [==============================] - 1s 638ms/step - loss: 2.9747 - accuracy: 0.3500 - val_loss: 2.8469 - val_accuracy: 0.2000 - lr: 5.0000e-04
Epoch 18/20
2/2 [==============================] - 1s 659ms/step - loss: 2.9176 - accuracy: 0.2833 - val_loss: 2.7957 - val_accuracy: 0.4000 - lr: 5.0000e-04
Epoch 19/20
2/2 [==============================] - 1s 638ms/step - loss: 2.7935 - accuracy: 0.3333 - val_loss: 2.7188 - val_accuracy: 0.4000 - lr: 5.0000e-04
Epoch 20/20
2/2 [==============================] - 1s 581ms/step - loss: 2.8398 - accuracy: 0.1833 - val_loss: 2.6560 - val_accuracy: 0.2000 - lr: 5.0000e-04
1/1 [==============================] - 0s 123ms/step - loss: 2.8444 - accuracy: 0.0000e+00
Found 60 images belonging to 6 classes.
Found 5 images belonging to 6 classes.
Found 7 images belonging to 6 classes.
Epoch 1/10
2/2 [==============================] - 2s 1s/step - loss: 7.1761 - accuracy: 0.1667 - val_loss: 6.6794 - val_accuracy: 0.0000e+00 - lr: 5.0000e-04
Epoch 2/10
2/2 [==============================] - 2s 802ms/step - loss: 6.3313 - accuracy: 0.2000 - val_loss: 5.6439 - val_accuracy: 0.2000 - lr: 5.0000e-04
Epoch 3/10
2/2 [==============================] - 2s 894ms/step - loss: 5.4670 - accuracy: 0.2000 - val_loss: 4.9322 - val_accuracy: 0.4000 - lr: 5.0000e-04
Epoch 4/10
2/2 [==============================] - 2s 869ms/step - loss: 4.8365 - accuracy: 0.2000 - val_loss: 4.5092 - val_accuracy: 0.2000 - lr: 5.0000e-04
Epoch 5/10
2/2 [==============================] - 2s 901ms/step - loss: 4.3765 - accuracy: 0.1833 - val_loss: 4.1277 - val_accuracy: 0.2000 - lr: 5.0000e-04
Epoch 6/10
2/2 [==============================] - 2s 944ms/step - loss: 4.0007 - accuracy: 0.1833 - val_loss: 3.8203 - val_accuracy: 0.2000 - lr: 5.0000e-04
Epoch 7/10
2/2 [==============================] - 2s 895ms/step - loss: 3.7082 - accuracy: 0.1333 - val_loss: 3.5441 - val_accuracy: 0.2000 - lr: 5.0000e-04
Epoch 8/10
2/2 [==============================] - 2s 805ms/step - loss: 3.4152 - accuracy: 0.3000 - val_loss: 3.3383 - val_accuracy: 0.2000 - lr: 5.0000e-04
Epoch 9/10
2/2 [==============================] - 2s 788ms/step - loss: 3.2810 - accuracy: 0.2333 - val_loss: 3.1591 - val_accuracy: 0.2000 - lr: 5.0000e-04
Epoch 10/10
2/2 [==============================] - 2s 754ms/step - loss: 3.0923 - accuracy: 0.3833 - val_loss: 3.0161 - val_accuracy: 0.2000 - lr: 5.0000e-04
1/1 [==============================] - 0s 155ms/step - loss: 3.0588 - accuracy: 0.0000e+00
Found 60 images belonging to 6 classes.
Found 5 images belonging to 6 classes.
Found 7 images belonging to 6 classes.
Epoch 1/20
2/2 [==============================] - 2s 978ms/step - loss: 7.3809 - accuracy: 0.0833 - val_loss: 6.3375 - val_accuracy: 0.4000 - lr: 5.0000e-04
Epoch 2/20
2/2 [==============================] - 1s 750ms/step - loss: 6.5605 - accuracy: 0.0833 - val_loss: 5.9287 - val_accuracy: 0.2000 - lr: 5.0000e-04
Epoch 3/20
2/2 [==============================] - 1s 705ms/step - loss: 5.6480 - accuracy: 0.2167 - val_loss: 5.2963 - val_accuracy: 0.0000e+00 - lr: 5.0000e-04
Epoch 4/20
2/2 [==============================] - 2s 738ms/step - loss: 4.9731 - accuracy: 0.2500 - val_loss: 4.6811 - val_accuracy: 0.0000e+00 - lr: 5.0000e-04
Epoch 5/20
2/2 [==============================] - 1s 816ms/step - loss: 4.4669 - accuracy: 0.1667 - val_loss: 4.1908 - val_accuracy: 0.4000 - lr: 5.0000e-04
Epoch 6/20
2/2 [==============================] - 1s 719ms/step - loss: 4.0984 - accuracy: 0.1500 - val_loss: 3.8357 - val_accuracy: 0.4000 - lr: 5.0000e-04
Epoch 7/20
2/2 [==============================] - 1s 673ms/step - loss: 3.7976 - accuracy: 0.2833 - val_loss: 3.5841 - val_accuracy: 0.4000 - lr: 5.0000e-04
Epoch 8/20
2/2 [==============================] - 1s 699ms/step - loss: 3.5514 - accuracy: 0.2833 - val_loss: 3.3918 - val_accuracy: 0.4000 - lr: 5.0000e-04
Epoch 9/20
2/2 [==============================] - 1s 723ms/step - loss: 3.4053 - accuracy: 0.1167 - val_loss: 3.2449 - val_accuracy: 0.0000e+00 - lr: 5.0000e-04
Epoch 10/20
2/2 [==============================] - 1s 698ms/step - loss: 3.2765 - accuracy: 0.2500 - val_loss: 3.1350 - val_accuracy: 0.0000e+00 - lr: 5.0000e-04
Epoch 11/20
2/2 [==============================] - 1s 635ms/step - loss: 3.1517 - accuracy: 0.2667 - val_loss: 3.0433 - val_accuracy: 0.0000e+00 - lr: 5.0000e-04
Epoch 12/20
2/2 [==============================] - 1s 620ms/step - loss: 3.0786 - accuracy: 0.2167 - val_loss: 2.9544 - val_accuracy: 0.2000 - lr: 5.0000e-04
Epoch 13/20
2/2 [==============================] - 1s 704ms/step - loss: 2.9632 - accuracy: 0.2500 - val_loss: 2.8622 - val_accuracy: 0.2000 - lr: 5.0000e-04
Epoch 14/20
2/2 [==============================] - 1s 620ms/step - loss: 2.8869 - accuracy: 0.1500 - val_loss: 2.7790 - val_accuracy: 0.2000 - lr: 5.0000e-04
Epoch 15/20
2/2 [==============================] - 1s 610ms/step - loss: 2.8216 - accuracy: 0.2167 - val_loss: 2.7181 - val_accuracy: 0.2000 - lr: 5.0000e-04
Epoch 16/20
2/2 [==============================] - 1s 596ms/step - loss: 2.6941 - accuracy: 0.2500 - val_loss: 2.6570 - val_accuracy: 0.2000 - lr: 5.0000e-04
Epoch 17/20
2/2 [==============================] - 1s 685ms/step - loss: 2.6778 - accuracy: 0.2167 - val_loss: 2.5552 - val_accuracy: 0.2000 - lr: 5.0000e-04
Epoch 18/20
2/2 [==============================] - 1s 608ms/step - loss: 2.5640 - accuracy: 0.3000 - val_loss: 2.4739 - val_accuracy: 0.2000 - lr: 5.0000e-04
Epoch 19/20
2/2 [==============================] - 1s 577ms/step - loss: 2.5498 - accuracy: 0.2500 - val_loss: 2.3996 - val_accuracy: 0.2000 - lr: 5.0000e-04
Epoch 20/20
2/2 [==============================] - 1s 642ms/step - loss: 2.4569 - accuracy: 0.2667 - val_loss: 2.3763 - val_accuracy: 0.2000 - lr: 5.0000e-04
1/1 [==============================] - 0s 105ms/step - loss: 2.4481 - accuracy: 0.1429
Found 60 images belonging to 6 classes.
Found 5 images belonging to 6 classes.
Found 7 images belonging to 6 classes.
Epoch 1/10
2/2 [==============================] - 2s 696ms/step - loss: 7.5127 - accuracy: 0.0667 - val_loss: 6.3917 - val_accuracy: 0.2000 - lr: 5.0000e-04
Epoch 2/10
2/2 [==============================] - 1s 551ms/step - loss: 6.2640 - accuracy: 0.2167 - val_loss: 5.6273 - val_accuracy: 0.6000 - lr: 5.0000e-04
Epoch 3/10
2/2 [==============================] - 1s 555ms/step - loss: 5.5003 - accuracy: 0.1667 - val_loss: 5.0457 - val_accuracy: 0.2000 - lr: 5.0000e-04
Epoch 4/10
2/2 [==============================] - 3s 3s/step - loss: 4.8546 - accuracy: 0.1500 - val_loss: 4.5508 - val_accuracy: 0.0000e+00 - lr: 5.0000e-04
Epoch 5/10
2/2 [==============================] - 1s 724ms/step - loss: 4.4093 - accuracy: 0.0833 - val_loss: 4.1271 - val_accuracy: 0.0000e+00 - lr: 5.0000e-04
Epoch 6/10
2/2 [==============================] - 1s 612ms/step - loss: 4.0003 - accuracy: 0.2167 - val_loss: 3.8130 - val_accuracy: 0.0000e+00 - lr: 5.0000e-04
Epoch 7/10
2/2 [==============================] - 1s 600ms/step - loss: 3.7044 - accuracy: 0.1333 - val_loss: 3.5645 - val_accuracy: 0.0000e+00 - lr: 5.0000e-04
Epoch 8/10
2/2 [==============================] - 1s 679ms/step - loss: 3.4959 - accuracy: 0.2167 - val_loss: 3.3711 - val_accuracy: 0.2000 - lr: 5.0000e-04
Epoch 9/10
2/2 [==============================] - 1s 605ms/step - loss: 3.3218 - accuracy: 0.2500 - val_loss: 3.2189 - val_accuracy: 0.2000 - lr: 5.0000e-04
Epoch 10/10
2/2 [==============================] - 1s 689ms/step - loss: 3.2377 - accuracy: 0.2167 - val_loss: 3.0911 - val_accuracy: 0.2000 - lr: 5.0000e-04
1/1 [==============================] - 0s 137ms/step - loss: 3.0896 - accuracy: 0.2857
Found 60 images belonging to 6 classes.
Found 5 images belonging to 6 classes.
Found 7 images belonging to 6 classes.
Epoch 1/20
2/2 [==============================] - 2s 817ms/step - loss: 7.1977 - accuracy: 0.1333 - val_loss: 6.5128 - val_accuracy: 0.2000 - lr: 5.0000e-04
Epoch 2/20
2/2 [==============================] - 1s 686ms/step - loss: 6.2009 - accuracy: 0.1500 - val_loss: 5.4177 - val_accuracy: 0.2000 - lr: 5.0000e-04
Epoch 3/20
2/2 [==============================] - 1s 728ms/step - loss: 5.3633 - accuracy: 0.2500 - val_loss: 4.6729 - val_accuracy: 0.4000 - lr: 5.0000e-04
Epoch 4/20
2/2 [==============================] - 1s 661ms/step - loss: 4.7414 - accuracy: 0.2333 - val_loss: 4.1804 - val_accuracy: 0.6000 - lr: 5.0000e-04
Epoch 5/20
2/2 [==============================] - 1s 607ms/step - loss: 4.2478 - accuracy: 0.2000 - val_loss: 3.8564 - val_accuracy: 0.6000 - lr: 5.0000e-04
Epoch 6/20
2/2 [==============================] - 1s 619ms/step - loss: 3.8359 - accuracy: 0.2333 - val_loss: 3.6017 - val_accuracy: 0.4000 - lr: 5.0000e-04
Epoch 7/20
2/2 [==============================] - 1s 621ms/step - loss: 3.5832 - accuracy: 0.2167 - val_loss: 3.4035 - val_accuracy: 0.0000e+00 - lr: 5.0000e-04
Epoch 8/20
2/2 [==============================] - 1s 682ms/step - loss: 3.3603 - accuracy: 0.2333 - val_loss: 3.2315 - val_accuracy: 0.0000e+00 - lr: 5.0000e-04
Epoch 9/20
2/2 [==============================] - 1s 743ms/step - loss: 3.2359 - accuracy: 0.1000 - val_loss: 3.0893 - val_accuracy: 0.2000 - lr: 5.0000e-04
Epoch 10/20
2/2 [==============================] - 1s 686ms/step - loss: 3.1033 - accuracy: 0.2000 - val_loss: 2.9822 - val_accuracy: 0.4000 - lr: 5.0000e-04
Epoch 11/20
2/2 [==============================] - 1s 730ms/step - loss: 3.0002 - accuracy: 0.2500 - val_loss: 2.8892 - val_accuracy: 0.4000 - lr: 5.0000e-04
Epoch 12/20
2/2 [==============================] - 1s 589ms/step - loss: 2.9155 - accuracy: 0.3167 - val_loss: 2.8105 - val_accuracy: 0.4000 - lr: 5.0000e-04
Epoch 13/20
2/2 [==============================] - 1s 673ms/step - loss: 2.8280 - accuracy: 0.3667 - val_loss: 2.7358 - val_accuracy: 0.2000 - lr: 5.0000e-04
Epoch 14/20
2/2 [==============================] - 1s 650ms/step - loss: 2.7415 - accuracy: 0.3167 - val_loss: 2.6590 - val_accuracy: 0.2000 - lr: 5.0000e-04
Epoch 15/20
2/2 [==============================] - 1s 602ms/step - loss: 2.6775 - accuracy: 0.2833 - val_loss: 2.5650 - val_accuracy: 0.4000 - lr: 5.0000e-04
Epoch 16/20
2/2 [==============================] - 1s 635ms/step - loss: 2.5691 - accuracy: 0.3333 - val_loss: 2.4379 - val_accuracy: 0.6000 - lr: 5.0000e-04
Epoch 17/20
2/2 [==============================] - 1s 701ms/step - loss: 2.5386 - accuracy: 0.2833 - val_loss: 2.3355 - val_accuracy: 0.4000 - lr: 5.0000e-04
Epoch 18/20
2/2 [==============================] - 1s 730ms/step - loss: 2.5038 - accuracy: 0.3000 - val_loss: 2.2259 - val_accuracy: 0.6000 - lr: 5.0000e-04
Epoch 19/20
2/2 [==============================] - 1s 635ms/step - loss: 2.4179 - accuracy: 0.2833 - val_loss: 2.2260 - val_accuracy: 0.4000 - lr: 5.0000e-04
1/1 [==============================] - 0s 151ms/step - loss: 2.4329 - accuracy: 0.2857
Found 60 images belonging to 6 classes.
Found 5 images belonging to 6 classes.
Found 7 images belonging to 6 classes.
Epoch 1/10
2/2 [==============================] - 2s 923ms/step - loss: 7.5325 - accuracy: 0.1333 - val_loss: 7.2056 - val_accuracy: 0.2000 - lr: 5.0000e-04
Epoch 2/10
2/2 [==============================] - 1s 593ms/step - loss: 6.8219 - accuracy: 0.1167 - val_loss: 5.8822 - val_accuracy: 0.4000 - lr: 5.0000e-04
Epoch 3/10
2/2 [==============================] - 1s 646ms/step - loss: 5.8967 - accuracy: 0.1667 - val_loss: 5.2126 - val_accuracy: 0.2000 - lr: 5.0000e-04
Epoch 4/10
2/2 [==============================] - 1s 693ms/step - loss: 5.0981 - accuracy: 0.2000 - val_loss: 4.7671 - val_accuracy: 0.2000 - lr: 5.0000e-04
Epoch 5/10
2/2 [==============================] - 1s 699ms/step - loss: 4.6259 - accuracy: 0.2333 - val_loss: 4.3832 - val_accuracy: 0.2000 - lr: 5.0000e-04
Epoch 6/10
2/2 [==============================] - 1s 704ms/step - loss: 4.2812 - accuracy: 0.2000 - val_loss: 4.1145 - val_accuracy: 0.2000 - lr: 5.0000e-04
Epoch 7/10
2/2 [==============================] - 1s 601ms/step - loss: 4.0392 - accuracy: 0.2167 - val_loss: 3.8869 - val_accuracy: 0.2000 - lr: 5.0000e-04
Epoch 8/10
2/2 [==============================] - 1s 693ms/step - loss: 3.8439 - accuracy: 0.2500 - val_loss: 3.7126 - val_accuracy: 0.2000 - lr: 5.0000e-04
Epoch 9/10
2/2 [==============================] - 1s 678ms/step - loss: 3.7274 - accuracy: 0.1833 - val_loss: 3.5832 - val_accuracy: 0.2000 - lr: 5.0000e-04
Epoch 10/10
2/2 [==============================] - 1s 722ms/step - loss: 3.5857 - accuracy: 0.1500 - val_loss: 3.4799 - val_accuracy: 0.2000 - lr: 5.0000e-04
1/1 [==============================] - 0s 125ms/step - loss: 3.5431 - accuracy: 0.0000e+00
Found 60 images belonging to 6 classes.
Found 5 images belonging to 6 classes.
Found 7 images belonging to 6 classes.
Epoch 1/20
2/2 [==============================] - 3s 827ms/step - loss: 7.3552 - accuracy: 0.1667 - val_loss: 6.6063 - val_accuracy: 0.2000 - lr: 5.0000e-04
Epoch 2/20
2/2 [==============================] - 2s 698ms/step - loss: 6.2901 - accuracy: 0.2333 - val_loss: 5.7464 - val_accuracy: 0.2000 - lr: 5.0000e-04
Epoch 3/20
2/2 [==============================] - 1s 615ms/step - loss: 5.6699 - accuracy: 0.2167 - val_loss: 5.1072 - val_accuracy: 0.4000 - lr: 5.0000e-04
Epoch 4/20
2/2 [==============================] - 3s 626ms/step - loss: 4.9862 - accuracy: 0.1333 - val_loss: 4.5686 - val_accuracy: 0.2000 - lr: 5.0000e-04
Epoch 5/20
2/2 [==============================] - 1s 730ms/step - loss: 4.4386 - accuracy: 0.2333 - val_loss: 4.1617 - val_accuracy: 0.2000 - lr: 5.0000e-04
Epoch 6/20
2/2 [==============================] - 1s 665ms/step - loss: 4.0997 - accuracy: 0.2000 - val_loss: 3.8604 - val_accuracy: 0.2000 - lr: 5.0000e-04
Epoch 7/20
2/2 [==============================] - 1s 642ms/step - loss: 3.8476 - accuracy: 0.1333 - val_loss: 3.6149 - val_accuracy: 0.4000 - lr: 5.0000e-04
Epoch 8/20
2/2 [==============================] - 1s 628ms/step - loss: 3.5999 - accuracy: 0.3000 - val_loss: 3.4272 - val_accuracy: 0.4000 - lr: 5.0000e-04
Epoch 9/20
2/2 [==============================] - 1s 637ms/step - loss: 3.4860 - accuracy: 0.2333 - val_loss: 3.2777 - val_accuracy: 0.4000 - lr: 5.0000e-04
Epoch 10/20
2/2 [==============================] - 1s 626ms/step - loss: 3.3191 - accuracy: 0.2667 - val_loss: 3.1326 - val_accuracy: 0.6000 - lr: 5.0000e-04
Epoch 11/20
2/2 [==============================] - 1s 716ms/step - loss: 3.2189 - accuracy: 0.2333 - val_loss: 3.0051 - val_accuracy: 0.6000 - lr: 5.0000e-04
Epoch 12/20
2/2 [==============================] - 1s 737ms/step - loss: 3.0668 - accuracy: 0.3167 - val_loss: 2.8876 - val_accuracy: 0.6000 - lr: 5.0000e-04
Epoch 13/20
2/2 [==============================] - 1s 744ms/step - loss: 3.0009 - accuracy: 0.3167 - val_loss: 2.8136 - val_accuracy: 0.4000 - lr: 5.0000e-04
Epoch 14/20
2/2 [==============================] - 1s 612ms/step - loss: 2.8644 - accuracy: 0.3000 - val_loss: 2.6965 - val_accuracy: 0.4000 - lr: 5.0000e-04
Epoch 15/20
2/2 [==============================] - 1s 625ms/step - loss: 2.8284 - accuracy: 0.2500 - val_loss: 2.5888 - val_accuracy: 0.4000 - lr: 5.0000e-04
Epoch 16/20
2/2 [==============================] - 1s 746ms/step - loss: 2.7566 - accuracy: 0.2667 - val_loss: 2.5344 - val_accuracy: 0.4000 - lr: 5.0000e-04
Epoch 17/20
2/2 [==============================] - 1s 775ms/step - loss: 2.7073 - accuracy: 0.2167 - val_loss: 2.4885 - val_accuracy: 0.4000 - lr: 5.0000e-04
Epoch 18/20
2/2 [==============================] - 1s 603ms/step - loss: 2.6586 - accuracy: 0.2333 - val_loss: 2.5064 - val_accuracy: 0.2000 - lr: 5.0000e-04
1/1 [==============================] - 0s 136ms/step - loss: 2.6780 - accuracy: 0.1429
Found 60 images belonging to 6 classes.
Found 5 images belonging to 6 classes.
Found 7 images belonging to 6 classes.
Epoch 1/10
2/2 [==============================] - 2s 901ms/step - loss: 7.5682 - accuracy: 0.1000 - val_loss: 6.6949 - val_accuracy: 0.2000 - lr: 5.0000e-04
Epoch 2/10
2/2 [==============================] - 1s 728ms/step - loss: 6.6208 - accuracy: 0.2000 - val_loss: 5.8515 - val_accuracy: 0.0000e+00 - lr: 5.0000e-04
Epoch 3/10
2/2 [==============================] - 1s 744ms/step - loss: 5.9001 - accuracy: 0.2000 - val_loss: 5.3526 - val_accuracy: 0.4000 - lr: 5.0000e-04
Epoch 4/10
2/2 [==============================] - 1s 720ms/step - loss: 5.3094 - accuracy: 0.1833 - val_loss: 4.8941 - val_accuracy: 0.4000 - lr: 5.0000e-04
Epoch 5/10
2/2 [==============================] - 1s 683ms/step - loss: 4.8088 - accuracy: 0.1667 - val_loss: 4.4476 - val_accuracy: 0.4000 - lr: 5.0000e-04
Epoch 6/10
2/2 [==============================] - 1s 652ms/step - loss: 4.5048 - accuracy: 0.1000 - val_loss: 4.1115 - val_accuracy: 0.4000 - lr: 5.0000e-04
Epoch 7/10
2/2 [==============================] - 1s 637ms/step - loss: 4.1412 - accuracy: 0.3833 - val_loss: 3.8810 - val_accuracy: 0.4000 - lr: 5.0000e-04
Epoch 8/10
2/2 [==============================] - 1s 686ms/step - loss: 3.9706 - accuracy: 0.1833 - val_loss: 3.7101 - val_accuracy: 0.2000 - lr: 5.0000e-04
Epoch 9/10
2/2 [==============================] - 1s 735ms/step - loss: 3.7344 - accuracy: 0.2333 - val_loss: 3.5795 - val_accuracy: 0.2000 - lr: 5.0000e-04
Epoch 10/10
2/2 [==============================] - 1s 666ms/step - loss: 3.5995 - accuracy: 0.3000 - val_loss: 3.4630 - val_accuracy: 0.0000e+00 - lr: 5.0000e-04
1/1 [==============================] - 0s 129ms/step - loss: 3.4846 - accuracy: 0.4286
Found 60 images belonging to 6 classes.
Found 5 images belonging to 6 classes.
Found 7 images belonging to 6 classes.
Epoch 1/20
2/2 [==============================] - 2s 998ms/step - loss: 7.5113 - accuracy: 0.1833 - val_loss: 7.3648 - val_accuracy: 0.0000e+00 - lr: 5.0000e-04
Epoch 2/20
2/2 [==============================] - 1s 603ms/step - loss: 7.0114 - accuracy: 0.2000 - val_loss: 6.2580 - val_accuracy: 0.2000 - lr: 5.0000e-04
Epoch 3/20
2/2 [==============================] - 1s 672ms/step - loss: 6.0701 - accuracy: 0.1667 - val_loss: 5.6822 - val_accuracy: 0.4000 - lr: 5.0000e-04
Epoch 4/20
2/2 [==============================] - 1s 607ms/step - loss: 5.4673 - accuracy: 0.2167 - val_loss: 5.1430 - val_accuracy: 0.2000 - lr: 5.0000e-04
Epoch 5/20
2/2 [==============================] - 1s 676ms/step - loss: 5.0548 - accuracy: 0.1500 - val_loss: 4.7292 - val_accuracy: 0.2000 - lr: 5.0000e-04
Epoch 6/20
2/2 [==============================] - 1s 624ms/step - loss: 4.6765 - accuracy: 0.1333 - val_loss: 4.4350 - val_accuracy: 0.2000 - lr: 5.0000e-04
Epoch 7/20
2/2 [==============================] - 1s 741ms/step - loss: 4.3869 - accuracy: 0.2000 - val_loss: 4.2144 - val_accuracy: 0.2000 - lr: 5.0000e-04
Epoch 8/20
2/2 [==============================] - 1s 745ms/step - loss: 4.1643 - accuracy: 0.2333 - val_loss: 4.0258 - val_accuracy: 0.2000 - lr: 5.0000e-04
Epoch 9/20
2/2 [==============================] - 1s 720ms/step - loss: 4.0136 - accuracy: 0.1833 - val_loss: 3.8601 - val_accuracy: 0.4000 - lr: 5.0000e-04
Epoch 10/20
2/2 [==============================] - 1s 723ms/step - loss: 3.8524 - accuracy: 0.2000 - val_loss: 3.7130 - val_accuracy: 0.2000 - lr: 5.0000e-04
Epoch 11/20
2/2 [==============================] - 1s 724ms/step - loss: 3.6982 - accuracy: 0.2667 - val_loss: 3.5744 - val_accuracy: 0.2000 - lr: 5.0000e-04
Epoch 12/20
2/2 [==============================] - 1s 638ms/step - loss: 3.5828 - accuracy: 0.2000 - val_loss: 3.4451 - val_accuracy: 0.2000 - lr: 5.0000e-04
Epoch 13/20
2/2 [==============================] - 1s 601ms/step - loss: 3.4546 - accuracy: 0.2167 - val_loss: 3.3201 - val_accuracy: 0.2000 - lr: 5.0000e-04
Epoch 14/20
2/2 [==============================] - 1s 605ms/step - loss: 3.3492 - accuracy: 0.2000 - val_loss: 3.1936 - val_accuracy: 0.2000 - lr: 5.0000e-04
Epoch 15/20
2/2 [==============================] - 1s 728ms/step - loss: 3.2385 - accuracy: 0.2167 - val_loss: 3.0738 - val_accuracy: 0.2000 - lr: 5.0000e-04
Epoch 16/20
2/2 [==============================] - 1s 703ms/step - loss: 3.1035 - accuracy: 0.2667 - val_loss: 2.9595 - val_accuracy: 0.2000 - lr: 5.0000e-04
Epoch 17/20
2/2 [==============================] - 1s 751ms/step - loss: 3.0047 - accuracy: 0.2667 - val_loss: 2.8683 - val_accuracy: 0.4000 - lr: 5.0000e-04
Epoch 18/20
2/2 [==============================] - 1s 721ms/step - loss: 2.9358 - accuracy: 0.2667 - val_loss: 2.7817 - val_accuracy: 0.4000 - lr: 5.0000e-04
Epoch 19/20
2/2 [==============================] - 1s 702ms/step - loss: 2.8589 - accuracy: 0.2167 - val_loss: 2.6967 - val_accuracy: 0.4000 - lr: 5.0000e-04
Epoch 20/20
2/2 [==============================] - 1s 726ms/step - loss: 2.8173 - accuracy: 0.2333 - val_loss: 2.6544 - val_accuracy: 0.4000 - lr: 5.0000e-04
1/1 [==============================] - 0s 125ms/step - loss: 2.7832 - accuracy: 0.0000e+00
Found 60 images belonging to 6 classes.
Found 5 images belonging to 6 classes.
Found 7 images belonging to 6 classes.
Epoch 1/10
2/2 [==============================] - 2s 732ms/step - loss: 6.9622 - accuracy: 0.1667 - val_loss: 6.5509 - val_accuracy: 0.0000e+00 - lr: 5.0000e-04
Epoch 2/10
2/2 [==============================] - 1s 524ms/step - loss: 6.2502 - accuracy: 0.1500 - val_loss: 5.7393 - val_accuracy: 0.0000e+00 - lr: 5.0000e-04
Epoch 3/10
2/2 [==============================] - 1s 607ms/step - loss: 5.5732 - accuracy: 0.1833 - val_loss: 5.0037 - val_accuracy: 0.2000 - lr: 5.0000e-04
Epoch 4/10
2/2 [==============================] - 1s 534ms/step - loss: 5.0635 - accuracy: 0.3167 - val_loss: 4.5321 - val_accuracy: 0.2000 - lr: 5.0000e-04
Epoch 5/10
2/2 [==============================] - 1s 525ms/step - loss: 4.6616 - accuracy: 0.1500 - val_loss: 4.2053 - val_accuracy: 0.2000 - lr: 5.0000e-04
Epoch 6/10
2/2 [==============================] - 1s 517ms/step - loss: 4.2925 - accuracy: 0.1667 - val_loss: 3.9382 - val_accuracy: 0.2000 - lr: 5.0000e-04
Epoch 7/10
2/2 [==============================] - 1s 601ms/step - loss: 3.9728 - accuracy: 0.2500 - val_loss: 3.7187 - val_accuracy: 0.0000e+00 - lr: 5.0000e-04
Epoch 8/10
2/2 [==============================] - 1s 645ms/step - loss: 3.7152 - accuracy: 0.2167 - val_loss: 3.5520 - val_accuracy: 0.4000 - lr: 5.0000e-04
Epoch 9/10
2/2 [==============================] - 1s 571ms/step - loss: 3.5761 - accuracy: 0.2667 - val_loss: 3.3934 - val_accuracy: 0.4000 - lr: 5.0000e-04
Epoch 10/10
2/2 [==============================] - 1s 524ms/step - loss: 3.3730 - accuracy: 0.2333 - val_loss: 3.2713 - val_accuracy: 0.4000 - lr: 5.0000e-04
1/1 [==============================] - 0s 110ms/step - loss: 3.3430 - accuracy: 0.1429
Found 60 images belonging to 6 classes.
Found 5 images belonging to 6 classes.
Found 7 images belonging to 6 classes.
Epoch 1/20
2/2 [==============================] - 2s 728ms/step - loss: 7.0898 - accuracy: 0.1833 - val_loss: 6.5504 - val_accuracy: 0.2000 - lr: 5.0000e-04
Epoch 2/20
2/2 [==============================] - 1s 581ms/step - loss: 6.3326 - accuracy: 0.2667 - val_loss: 5.7667 - val_accuracy: 0.4000 - lr: 5.0000e-04
Epoch 3/20
2/2 [==============================] - 1s 633ms/step - loss: 5.9359 - accuracy: 0.1000 - val_loss: 5.4387 - val_accuracy: 0.2000 - lr: 5.0000e-04
Epoch 4/20
2/2 [==============================] - 1s 540ms/step - loss: 5.4771 - accuracy: 0.1833 - val_loss: 5.0380 - val_accuracy: 0.4000 - lr: 5.0000e-04
Epoch 5/20
2/2 [==============================] - 1s 542ms/step - loss: 4.9982 - accuracy: 0.1833 - val_loss: 4.6530 - val_accuracy: 0.4000 - lr: 5.0000e-04
Epoch 6/20
2/2 [==============================] - 1s 633ms/step - loss: 4.6478 - accuracy: 0.2000 - val_loss: 4.3524 - val_accuracy: 0.2000 - lr: 5.0000e-04
Epoch 7/20
2/2 [==============================] - 1s 624ms/step - loss: 4.3942 - accuracy: 0.2333 - val_loss: 4.0834 - val_accuracy: 0.0000e+00 - lr: 5.0000e-04
Epoch 8/20
2/2 [==============================] - 1s 600ms/step - loss: 4.2046 - accuracy: 0.1667 - val_loss: 3.8692 - val_accuracy: 0.2000 - lr: 5.0000e-04
Epoch 9/20
2/2 [==============================] - 1s 590ms/step - loss: 3.9620 - accuracy: 0.2167 - val_loss: 3.6998 - val_accuracy: 0.2000 - lr: 5.0000e-04
Epoch 10/20
2/2 [==============================] - 1s 542ms/step - loss: 3.8055 - accuracy: 0.1333 - val_loss: 3.5708 - val_accuracy: 0.2000 - lr: 5.0000e-04
Epoch 11/20
2/2 [==============================] - 1s 637ms/step - loss: 3.6426 - accuracy: 0.1667 - val_loss: 3.4666 - val_accuracy: 0.2000 - lr: 5.0000e-04
Epoch 12/20
2/2 [==============================] - 1s 629ms/step - loss: 3.4891 - accuracy: 0.2500 - val_loss: 3.3670 - val_accuracy: 0.2000 - lr: 5.0000e-04
Epoch 13/20
2/2 [==============================] - 1s 547ms/step - loss: 3.4123 - accuracy: 0.1833 - val_loss: 3.2820 - val_accuracy: 0.2000 - lr: 5.0000e-04
Epoch 14/20
2/2 [==============================] - 1s 558ms/step - loss: 3.3161 - accuracy: 0.1667 - val_loss: 3.1999 - val_accuracy: 0.2000 - lr: 5.0000e-04
Epoch 15/20
2/2 [==============================] - 1s 607ms/step - loss: 3.2215 - accuracy: 0.2667 - val_loss: 3.1270 - val_accuracy: 0.2000 - lr: 5.0000e-04
Epoch 16/20
2/2 [==============================] - 1s 609ms/step - loss: 3.1645 - accuracy: 0.3000 - val_loss: 3.0617 - val_accuracy: 0.2000 - lr: 5.0000e-04
Epoch 17/20
2/2 [==============================] - 1s 533ms/step - loss: 3.0762 - accuracy: 0.2833 - val_loss: 2.9993 - val_accuracy: 0.2000 - lr: 5.0000e-04
Epoch 18/20
2/2 [==============================] - 1s 602ms/step - loss: 3.0084 - accuracy: 0.3500 - val_loss: 2.9350 - val_accuracy: 0.2000 - lr: 5.0000e-04
Epoch 19/20
2/2 [==============================] - 1s 627ms/step - loss: 2.9539 - accuracy: 0.3000 - val_loss: 2.8740 - val_accuracy: 0.4000 - lr: 5.0000e-04
Epoch 20/20
2/2 [==============================] - 1s 588ms/step - loss: 2.8764 - accuracy: 0.3000 - val_loss: 2.8168 - val_accuracy: 0.4000 - lr: 5.0000e-04
1/1 [==============================] - 0s 117ms/step - loss: 2.8579 - accuracy: 0.1429
Found 60 images belonging to 6 classes.
Found 5 images belonging to 6 classes.
Found 7 images belonging to 6 classes.
Epoch 1/10
2/2 [==============================] - 2s 865ms/step - loss: 7.2964 - accuracy: 0.1667 - val_loss: 6.7645 - val_accuracy: 0.0000e+00 - lr: 5.0000e-04
Epoch 2/10
2/2 [==============================] - 1s 603ms/step - loss: 6.7525 - accuracy: 0.1500 - val_loss: 6.2329 - val_accuracy: 0.0000e+00 - lr: 5.0000e-04
Epoch 3/10
2/2 [==============================] - 1s 672ms/step - loss: 6.0594 - accuracy: 0.2333 - val_loss: 5.6185 - val_accuracy: 0.4000 - lr: 5.0000e-04
Epoch 4/10
2/2 [==============================] - 1s 592ms/step - loss: 5.5568 - accuracy: 0.2333 - val_loss: 5.2085 - val_accuracy: 0.4000 - lr: 5.0000e-04
Epoch 5/10
2/2 [==============================] - 1s 649ms/step - loss: 5.2032 - accuracy: 0.3333 - val_loss: 4.8965 - val_accuracy: 0.4000 - lr: 5.0000e-04
Epoch 6/10
2/2 [==============================] - 1s 582ms/step - loss: 5.0379 - accuracy: 0.2167 - val_loss: 4.6880 - val_accuracy: 0.2000 - lr: 5.0000e-04
Epoch 7/10
2/2 [==============================] - 1s 549ms/step - loss: 4.7370 - accuracy: 0.2167 - val_loss: 4.5065 - val_accuracy: 0.2000 - lr: 5.0000e-04
Epoch 8/10
2/2 [==============================] - 1s 588ms/step - loss: 4.4876 - accuracy: 0.2000 - val_loss: 4.3358 - val_accuracy: 0.2000 - lr: 5.0000e-04
Epoch 9/10
2/2 [==============================] - 1s 613ms/step - loss: 4.2734 - accuracy: 0.2167 - val_loss: 4.1841 - val_accuracy: 0.2000 - lr: 5.0000e-04
Epoch 10/10
2/2 [==============================] - 1s 608ms/step - loss: 4.1336 - accuracy: 0.2000 - val_loss: 4.0413 - val_accuracy: 0.2000 - lr: 5.0000e-04
1/1 [==============================] - 0s 113ms/step - loss: 4.0442 - accuracy: 0.1429
Found 60 images belonging to 6 classes.
Found 5 images belonging to 6 classes.
Found 7 images belonging to 6 classes.
Epoch 1/20
2/2 [==============================] - 2s 757ms/step - loss: 6.9426 - accuracy: 0.1333 - val_loss: 6.3293 - val_accuracy: 0.0000e+00 - lr: 5.0000e-04
Epoch 2/20
2/2 [==============================] - 1s 529ms/step - loss: 6.1847 - accuracy: 0.2000 - val_loss: 5.7847 - val_accuracy: 0.0000e+00 - lr: 5.0000e-04
Epoch 3/20
2/2 [==============================] - 1s 600ms/step - loss: 5.5468 - accuracy: 0.1833 - val_loss: 5.2343 - val_accuracy: 0.0000e+00 - lr: 5.0000e-04
Epoch 4/20
2/2 [==============================] - 1s 542ms/step - loss: 4.9612 - accuracy: 0.2333 - val_loss: 4.6575 - val_accuracy: 0.2000 - lr: 5.0000e-04
Epoch 5/20
2/2 [==============================] - 1s 596ms/step - loss: 4.5602 - accuracy: 0.1500 - val_loss: 4.1621 - val_accuracy: 0.4000 - lr: 5.0000e-04
Epoch 6/20
2/2 [==============================] - 1s 597ms/step - loss: 4.1425 - accuracy: 0.2333 - val_loss: 3.7509 - val_accuracy: 0.4000 - lr: 5.0000e-04
Epoch 7/20
2/2 [==============================] - 1s 596ms/step - loss: 3.8180 - accuracy: 0.2333 - val_loss: 3.4660 - val_accuracy: 0.6000 - lr: 5.0000e-04
Epoch 8/20
2/2 [==============================] - 1s 626ms/step - loss: 3.5974 - accuracy: 0.1667 - val_loss: 3.2350 - val_accuracy: 0.6000 - lr: 5.0000e-04
Epoch 9/20
2/2 [==============================] - 1s 644ms/step - loss: 3.4027 - accuracy: 0.2333 - val_loss: 3.0820 - val_accuracy: 0.8000 - lr: 5.0000e-04
Epoch 10/20
2/2 [==============================] - 1s 641ms/step - loss: 3.2784 - accuracy: 0.1500 - val_loss: 2.9797 - val_accuracy: 0.8000 - lr: 5.0000e-04
Epoch 11/20
2/2 [==============================] - 1s 573ms/step - loss: 3.1014 - accuracy: 0.2833 - val_loss: 2.9018 - val_accuracy: 0.6000 - lr: 5.0000e-04
Epoch 12/20
2/2 [==============================] - 1s 533ms/step - loss: 2.9998 - accuracy: 0.3167 - val_loss: 2.8352 - val_accuracy: 0.6000 - lr: 5.0000e-04
Epoch 13/20
2/2 [==============================] - 1s 545ms/step - loss: 2.8513 - accuracy: 0.3833 - val_loss: 2.7925 - val_accuracy: 0.4000 - lr: 5.0000e-04
Epoch 14/20
2/2 [==============================] - 1s 591ms/step - loss: 2.8049 - accuracy: 0.3167 - val_loss: 2.7400 - val_accuracy: 0.4000 - lr: 5.0000e-04
Epoch 15/20
2/2 [==============================] - 1s 535ms/step - loss: 2.7097 - accuracy: 0.3667 - val_loss: 2.7113 - val_accuracy: 0.4000 - lr: 5.0000e-04
Epoch 16/20
2/2 [==============================] - 1s 528ms/step - loss: 2.6936 - accuracy: 0.3500 - val_loss: 2.6608 - val_accuracy: 0.4000 - lr: 5.0000e-04
Epoch 17/20
2/2 [==============================] - 1s 601ms/step - loss: 2.6477 - accuracy: 0.2833 - val_loss: 2.6078 - val_accuracy: 0.4000 - lr: 5.0000e-04
Epoch 18/20
2/2 [==============================] - 1s 590ms/step - loss: 2.6252 - accuracy: 0.3000 - val_loss: 2.5402 - val_accuracy: 0.2000 - lr: 5.0000e-04
Epoch 19/20
2/2 [==============================] - 1s 606ms/step - loss: 2.5246 - accuracy: 0.3000 - val_loss: 2.4976 - val_accuracy: 0.2000 - lr: 5.0000e-04
Epoch 20/20
2/2 [==============================] - 1s 512ms/step - loss: 2.5669 - accuracy: 0.3167 - val_loss: 2.4583 - val_accuracy: 0.2000 - lr: 5.0000e-04
1/1 [==============================] - 0s 128ms/step - loss: 2.5722 - accuracy: 0.1429
Found 60 images belonging to 6 classes.
Found 5 images belonging to 6 classes.
Found 7 images belonging to 6 classes.
Epoch 1/10
2/2 [==============================] - 2s 750ms/step - loss: 7.0239 - accuracy: 0.1000 - val_loss: 6.5190 - val_accuracy: 0.0000e+00 - lr: 5.0000e-04
Epoch 2/10
2/2 [==============================] - 1s 618ms/step - loss: 6.3868 - accuracy: 0.2667 - val_loss: 5.8123 - val_accuracy: 0.4000 - lr: 5.0000e-04
Epoch 3/10
2/2 [==============================] - 1s 610ms/step - loss: 5.8262 - accuracy: 0.1667 - val_loss: 5.4063 - val_accuracy: 0.2000 - lr: 5.0000e-04
Epoch 4/10
2/2 [==============================] - 1s 521ms/step - loss: 5.3948 - accuracy: 0.1667 - val_loss: 5.1127 - val_accuracy: 0.2000 - lr: 5.0000e-04
Epoch 5/10
2/2 [==============================] - 1s 561ms/step - loss: 4.9143 - accuracy: 0.1667 - val_loss: 4.7725 - val_accuracy: 0.2000 - lr: 5.0000e-04
Epoch 6/10
2/2 [==============================] - 1s 588ms/step - loss: 4.5486 - accuracy: 0.2833 - val_loss: 4.4362 - val_accuracy: 0.4000 - lr: 5.0000e-04
Epoch 7/10
2/2 [==============================] - 1s 645ms/step - loss: 4.2788 - accuracy: 0.2500 - val_loss: 4.1493 - val_accuracy: 0.2000 - lr: 5.0000e-04
Epoch 8/10
2/2 [==============================] - 1s 597ms/step - loss: 4.0699 - accuracy: 0.1667 - val_loss: 3.8991 - val_accuracy: 0.2000 - lr: 5.0000e-04
Epoch 9/10
2/2 [==============================] - 1s 578ms/step - loss: 3.8487 - accuracy: 0.2333 - val_loss: 3.7139 - val_accuracy: 0.4000 - lr: 5.0000e-04
Epoch 10/10
2/2 [==============================] - 1s 522ms/step - loss: 3.6801 - accuracy: 0.2167 - val_loss: 3.5675 - val_accuracy: 0.4000 - lr: 5.0000e-04
1/1 [==============================] - 0s 113ms/step - loss: 3.5494 - accuracy: 0.2857
Found 60 images belonging to 6 classes.
Found 5 images belonging to 6 classes.
Found 7 images belonging to 6 classes.
Epoch 1/20
2/2 [==============================] - 2s 770ms/step - loss: 6.9255 - accuracy: 0.2000 - val_loss: 6.1959 - val_accuracy: 0.2000 - lr: 5.0000e-04
Epoch 2/20
2/2 [==============================] - 1s 581ms/step - loss: 6.2361 - accuracy: 0.1500 - val_loss: 5.6612 - val_accuracy: 0.2000 - lr: 5.0000e-04
Epoch 3/20
2/2 [==============================] - 1s 556ms/step - loss: 5.5512 - accuracy: 0.2000 - val_loss: 5.1079 - val_accuracy: 0.0000e+00 - lr: 5.0000e-04
Epoch 4/20
2/2 [==============================] - 1s 520ms/step - loss: 5.0734 - accuracy: 0.1667 - val_loss: 4.6363 - val_accuracy: 0.0000e+00 - lr: 5.0000e-04
Epoch 5/20
2/2 [==============================] - 1s 597ms/step - loss: 4.6354 - accuracy: 0.1667 - val_loss: 4.2521 - val_accuracy: 0.2000 - lr: 5.0000e-04
Epoch 6/20
2/2 [==============================] - 1s 598ms/step - loss: 4.2264 - accuracy: 0.2167 - val_loss: 3.9619 - val_accuracy: 0.2000 - lr: 5.0000e-04
Epoch 7/20
2/2 [==============================] - 1s 514ms/step - loss: 3.9219 - accuracy: 0.2667 - val_loss: 3.7202 - val_accuracy: 0.2000 - lr: 5.0000e-04
Epoch 8/20
2/2 [==============================] - 1s 517ms/step - loss: 3.6650 - accuracy: 0.2833 - val_loss: 3.5263 - val_accuracy: 0.2000 - lr: 5.0000e-04
Epoch 9/20
2/2 [==============================] - 1s 577ms/step - loss: 3.5213 - accuracy: 0.2000 - val_loss: 3.3549 - val_accuracy: 0.2000 - lr: 5.0000e-04
Epoch 10/20
2/2 [==============================] - 1s 580ms/step - loss: 3.3353 - accuracy: 0.2333 - val_loss: 3.2084 - val_accuracy: 0.2000 - lr: 5.0000e-04
Epoch 11/20
2/2 [==============================] - 1s 583ms/step - loss: 3.2123 - accuracy: 0.2167 - val_loss: 3.0764 - val_accuracy: 0.2000 - lr: 5.0000e-04
Epoch 12/20
2/2 [==============================] - 1s 562ms/step - loss: 3.0868 - accuracy: 0.3000 - val_loss: 2.9731 - val_accuracy: 0.2000 - lr: 5.0000e-04
Epoch 13/20
2/2 [==============================] - 1s 577ms/step - loss: 3.0055 - accuracy: 0.2000 - val_loss: 2.8860 - val_accuracy: 0.2000 - lr: 5.0000e-04
Epoch 14/20
2/2 [==============================] - 1s 575ms/step - loss: 2.9178 - accuracy: 0.3167 - val_loss: 2.8072 - val_accuracy: 0.2000 - lr: 5.0000e-04
Epoch 15/20
2/2 [==============================] - 1s 613ms/step - loss: 2.8551 - accuracy: 0.1833 - val_loss: 2.7406 - val_accuracy: 0.2000 - lr: 5.0000e-04
Epoch 16/20
2/2 [==============================] - 1s 581ms/step - loss: 2.7573 - accuracy: 0.2833 - val_loss: 2.6704 - val_accuracy: 0.2000 - lr: 5.0000e-04
Epoch 17/20
2/2 [==============================] - 1s 525ms/step - loss: 2.6874 - accuracy: 0.2667 - val_loss: 2.5751 - val_accuracy: 0.4000 - lr: 5.0000e-04
Epoch 18/20
2/2 [==============================] - 1s 509ms/step - loss: 2.6518 - accuracy: 0.2500 - val_loss: 2.5098 - val_accuracy: 0.6000 - lr: 5.0000e-04
Epoch 19/20
2/2 [==============================] - 1s 581ms/step - loss: 2.6006 - accuracy: 0.1667 - val_loss: 2.4559 - val_accuracy: 0.6000 - lr: 5.0000e-04
Epoch 20/20
2/2 [==============================] - 1s 560ms/step - loss: 2.5991 - accuracy: 0.2167 - val_loss: 2.4302 - val_accuracy: 0.4000 - lr: 5.0000e-04
1/1 [==============================] - 0s 110ms/step - loss: 2.6139 - accuracy: 0.1429
Found 60 images belonging to 6 classes.
Found 5 images belonging to 6 classes.
Found 7 images belonging to 6 classes.
Epoch 1/10
2/2 [==============================] - 2s 804ms/step - loss: 6.9981 - accuracy: 0.1500 - val_loss: 6.4971 - val_accuracy: 0.2000 - lr: 5.0000e-04
Epoch 2/10
2/2 [==============================] - 1s 509ms/step - loss: 6.6350 - accuracy: 0.1833 - val_loss: 5.7576 - val_accuracy: 0.4000 - lr: 5.0000e-04
Epoch 3/10
2/2 [==============================] - 1s 573ms/step - loss: 6.0565 - accuracy: 0.1000 - val_loss: 5.5504 - val_accuracy: 0.4000 - lr: 5.0000e-04
Epoch 4/10
2/2 [==============================] - 1s 510ms/step - loss: 5.5690 - accuracy: 0.1333 - val_loss: 5.2695 - val_accuracy: 0.2000 - lr: 5.0000e-04
Epoch 5/10
2/2 [==============================] - 1s 531ms/step - loss: 5.1937 - accuracy: 0.1833 - val_loss: 4.9174 - val_accuracy: 0.2000 - lr: 5.0000e-04
Epoch 6/10
2/2 [==============================] - 1s 517ms/step - loss: 4.8739 - accuracy: 0.2500 - val_loss: 4.6197 - val_accuracy: 0.2000 - lr: 5.0000e-04
Epoch 7/10
2/2 [==============================] - 1s 581ms/step - loss: 4.6103 - accuracy: 0.1833 - val_loss: 4.3637 - val_accuracy: 0.2000 - lr: 5.0000e-04
Epoch 8/10
2/2 [==============================] - 1s 519ms/step - loss: 4.3860 - accuracy: 0.2333 - val_loss: 4.1554 - val_accuracy: 0.2000 - lr: 5.0000e-04
Epoch 9/10
2/2 [==============================] - 1s 567ms/step - loss: 4.1273 - accuracy: 0.2333 - val_loss: 3.9851 - val_accuracy: 0.2000 - lr: 5.0000e-04
Epoch 10/10
2/2 [==============================] - 1s 636ms/step - loss: 3.9429 - accuracy: 0.2000 - val_loss: 3.8348 - val_accuracy: 0.0000e+00 - lr: 5.0000e-04
1/1 [==============================] - 0s 116ms/step - loss: 3.8445 - accuracy: 0.1429
Found 60 images belonging to 6 classes.
Found 5 images belonging to 6 classes.
Found 7 images belonging to 6 classes.
Epoch 1/20
2/2 [==============================] - 2s 816ms/step - loss: 7.0301 - accuracy: 0.1833 - val_loss: 6.6593 - val_accuracy: 0.2000 - lr: 5.0000e-04
Epoch 2/20
2/2 [==============================] - 1s 531ms/step - loss: 6.4568 - accuracy: 0.1833 - val_loss: 5.9064 - val_accuracy: 0.4000 - lr: 5.0000e-04
Epoch 3/20
2/2 [==============================] - 1s 574ms/step - loss: 5.9424 - accuracy: 0.2500 - val_loss: 5.5822 - val_accuracy: 0.4000 - lr: 5.0000e-04
Epoch 4/20
2/2 [==============================] - 1s 522ms/step - loss: 5.6569 - accuracy: 0.2500 - val_loss: 5.2486 - val_accuracy: 0.4000 - lr: 5.0000e-04
Epoch 5/20
2/2 [==============================] - 1s 613ms/step - loss: 5.2485 - accuracy: 0.1167 - val_loss: 4.8229 - val_accuracy: 0.4000 - lr: 5.0000e-04
Epoch 6/20
2/2 [==============================] - 1s 564ms/step - loss: 4.8327 - accuracy: 0.2667 - val_loss: 4.5278 - val_accuracy: 0.2000 - lr: 5.0000e-04
Epoch 7/20
2/2 [==============================] - 1s 596ms/step - loss: 4.6139 - accuracy: 0.2500 - val_loss: 4.2935 - val_accuracy: 0.4000 - lr: 5.0000e-04
Epoch 8/20
2/2 [==============================] - 1s 559ms/step - loss: 4.3436 - accuracy: 0.2333 - val_loss: 4.1115 - val_accuracy: 0.4000 - lr: 5.0000e-04
Epoch 9/20
2/2 [==============================] - 1s 529ms/step - loss: 4.2336 - accuracy: 0.1500 - val_loss: 3.9733 - val_accuracy: 0.4000 - lr: 5.0000e-04
Epoch 10/20
2/2 [==============================] - 1s 538ms/step - loss: 3.9906 - accuracy: 0.2500 - val_loss: 3.8544 - val_accuracy: 0.4000 - lr: 5.0000e-04
Epoch 11/20
2/2 [==============================] - 1s 569ms/step - loss: 3.9149 - accuracy: 0.2333 - val_loss: 3.7481 - val_accuracy: 0.4000 - lr: 5.0000e-04
Epoch 12/20
2/2 [==============================] - 1s 531ms/step - loss: 3.8025 - accuracy: 0.2833 - val_loss: 3.6565 - val_accuracy: 0.2000 - lr: 5.0000e-04
Epoch 13/20
2/2 [==============================] - 1s 579ms/step - loss: 3.6452 - accuracy: 0.2500 - val_loss: 3.5580 - val_accuracy: 0.2000 - lr: 5.0000e-04
Epoch 14/20
2/2 [==============================] - 1s 570ms/step - loss: 3.5690 - accuracy: 0.2833 - val_loss: 3.4689 - val_accuracy: 0.2000 - lr: 5.0000e-04
Epoch 15/20
2/2 [==============================] - 1s 570ms/step - loss: 3.4610 - accuracy: 0.3333 - val_loss: 3.3598 - val_accuracy: 0.4000 - lr: 5.0000e-04
Epoch 16/20
2/2 [==============================] - 1s 538ms/step - loss: 3.4329 - accuracy: 0.1667 - val_loss: 3.2545 - val_accuracy: 0.4000 - lr: 5.0000e-04
Epoch 17/20
2/2 [==============================] - 1s 565ms/step - loss: 3.3029 - accuracy: 0.2333 - val_loss: 3.1503 - val_accuracy: 0.4000 - lr: 5.0000e-04
Epoch 18/20
2/2 [==============================] - 1s 490ms/step - loss: 3.2306 - accuracy: 0.3167 - val_loss: 3.0631 - val_accuracy: 0.4000 - lr: 5.0000e-04
Epoch 19/20
2/2 [==============================] - 1s 572ms/step - loss: 3.1574 - accuracy: 0.3333 - val_loss: 2.9818 - val_accuracy: 0.4000 - lr: 5.0000e-04
Epoch 20/20
2/2 [==============================] - 1s 566ms/step - loss: 3.1097 - accuracy: 0.1833 - val_loss: 2.9071 - val_accuracy: 0.2000 - lr: 5.0000e-04
1/1 [==============================] - 0s 128ms/step - loss: 3.0675 - accuracy: 0.0000e+00
Found 60 images belonging to 6 classes.
Found 5 images belonging to 6 classes.
Found 7 images belonging to 6 classes.
Epoch 1/10
2/2 [==============================] - 2s 898ms/step - loss: 7.2672 - accuracy: 0.1333 - val_loss: 6.7120 - val_accuracy: 0.2000 - lr: 5.0000e-04
Epoch 2/10
2/2 [==============================] - 1s 726ms/step - loss: 6.5129 - accuracy: 0.2500 - val_loss: 5.9074 - val_accuracy: 0.2000 - lr: 5.0000e-04
Epoch 3/10
2/2 [==============================] - 1s 694ms/step - loss: 5.7221 - accuracy: 0.2167 - val_loss: 5.2575 - val_accuracy: 0.4000 - lr: 5.0000e-04
Epoch 4/10
2/2 [==============================] - 1s 780ms/step - loss: 5.2193 - accuracy: 0.1833 - val_loss: 4.7701 - val_accuracy: 0.4000 - lr: 5.0000e-04
Epoch 5/10
2/2 [==============================] - 1s 736ms/step - loss: 4.7158 - accuracy: 0.2333 - val_loss: 4.4191 - val_accuracy: 0.4000 - lr: 5.0000e-04
Epoch 6/10
2/2 [==============================] - 1s 693ms/step - loss: 4.4850 - accuracy: 0.2167 - val_loss: 4.1822 - val_accuracy: 0.2000 - lr: 5.0000e-04
Epoch 7/10
2/2 [==============================] - 1s 742ms/step - loss: 4.1420 - accuracy: 0.2667 - val_loss: 3.9905 - val_accuracy: 0.2000 - lr: 5.0000e-04
Epoch 8/10
2/2 [==============================] - 1s 738ms/step - loss: 3.9812 - accuracy: 0.1667 - val_loss: 3.8310 - val_accuracy: 0.2000 - lr: 5.0000e-04
Epoch 9/10
2/2 [==============================] - 1s 624ms/step - loss: 3.8204 - accuracy: 0.2833 - val_loss: 3.6961 - val_accuracy: 0.2000 - lr: 5.0000e-04
Epoch 10/10
2/2 [==============================] - 1s 611ms/step - loss: 3.7036 - accuracy: 0.2000 - val_loss: 3.5799 - val_accuracy: 0.0000e+00 - lr: 5.0000e-04
1/1 [==============================] - 0s 137ms/step - loss: 3.5669 - accuracy: 0.1429
Found 60 images belonging to 6 classes.
Found 5 images belonging to 6 classes.
Found 7 images belonging to 6 classes.
Epoch 1/20
2/2 [==============================] - 2s 928ms/step - loss: 7.2345 - accuracy: 0.1667 - val_loss: 6.3977 - val_accuracy: 0.2000 - lr: 5.0000e-04
Epoch 2/20
2/2 [==============================] - 1s 601ms/step - loss: 6.5884 - accuracy: 0.1833 - val_loss: 5.8695 - val_accuracy: 0.4000 - lr: 5.0000e-04
Epoch 3/20
2/2 [==============================] - 1s 768ms/step - loss: 5.6670 - accuracy: 0.2833 - val_loss: 5.3657 - val_accuracy: 0.0000e+00 - lr: 5.0000e-04
Epoch 4/20
2/2 [==============================] - 1s 714ms/step - loss: 5.1156 - accuracy: 0.2167 - val_loss: 4.8592 - val_accuracy: 0.0000e+00 - lr: 5.0000e-04
Epoch 5/20
2/2 [==============================] - 1s 673ms/step - loss: 4.7366 - accuracy: 0.1500 - val_loss: 4.4721 - val_accuracy: 0.0000e+00 - lr: 5.0000e-04
Epoch 6/20
2/2 [==============================] - 1s 648ms/step - loss: 4.4757 - accuracy: 0.1500 - val_loss: 4.1687 - val_accuracy: 0.4000 - lr: 5.0000e-04
Epoch 7/20
2/2 [==============================] - 1s 616ms/step - loss: 4.0858 - accuracy: 0.4333 - val_loss: 3.9651 - val_accuracy: 0.4000 - lr: 5.0000e-04
Epoch 8/20
2/2 [==============================] - 1s 636ms/step - loss: 3.9747 - accuracy: 0.3000 - val_loss: 3.8280 - val_accuracy: 0.2000 - lr: 5.0000e-04
Epoch 9/20
2/2 [==============================] - 1s 600ms/step - loss: 3.8550 - accuracy: 0.1833 - val_loss: 3.7106 - val_accuracy: 0.2000 - lr: 5.0000e-04
Epoch 10/20
2/2 [==============================] - 1s 732ms/step - loss: 3.6889 - accuracy: 0.3000 - val_loss: 3.6014 - val_accuracy: 0.2000 - lr: 5.0000e-04
Epoch 11/20
2/2 [==============================] - 1s 747ms/step - loss: 3.6013 - accuracy: 0.2333 - val_loss: 3.4958 - val_accuracy: 0.2000 - lr: 5.0000e-04
Epoch 12/20
2/2 [==============================] - 1s 735ms/step - loss: 3.5198 - accuracy: 0.2500 - val_loss: 3.3930 - val_accuracy: 0.2000 - lr: 5.0000e-04
Epoch 13/20
2/2 [==============================] - 1s 614ms/step - loss: 3.4207 - accuracy: 0.3500 - val_loss: 3.2921 - val_accuracy: 0.2000 - lr: 5.0000e-04
Epoch 14/20
2/2 [==============================] - 1s 718ms/step - loss: 3.3066 - accuracy: 0.3167 - val_loss: 3.1893 - val_accuracy: 0.4000 - lr: 5.0000e-04
Epoch 15/20
2/2 [==============================] - 1s 713ms/step - loss: 3.2233 - accuracy: 0.3167 - val_loss: 3.0893 - val_accuracy: 0.4000 - lr: 5.0000e-04
Epoch 16/20
2/2 [==============================] - 1s 789ms/step - loss: 3.1614 - accuracy: 0.2500 - val_loss: 2.9841 - val_accuracy: 0.4000 - lr: 5.0000e-04
Epoch 17/20
2/2 [==============================] - 1s 722ms/step - loss: 3.0660 - accuracy: 0.2500 - val_loss: 2.8869 - val_accuracy: 0.4000 - lr: 5.0000e-04
Epoch 18/20
2/2 [==============================] - 1s 657ms/step - loss: 2.9468 - accuracy: 0.3000 - val_loss: 2.7939 - val_accuracy: 0.4000 - lr: 5.0000e-04
Epoch 19/20
2/2 [==============================] - 1s 665ms/step - loss: 2.8597 - accuracy: 0.2500 - val_loss: 2.7290 - val_accuracy: 0.4000 - lr: 5.0000e-04
Epoch 20/20
2/2 [==============================] - 1s 611ms/step - loss: 2.8085 - accuracy: 0.3667 - val_loss: 2.6463 - val_accuracy: 0.4000 - lr: 5.0000e-04
1/1 [==============================] - 0s 137ms/step - loss: 2.7387 - accuracy: 0.1429
Found 60 images belonging to 6 classes.
Found 5 images belonging to 6 classes.
Found 7 images belonging to 6 classes.
Epoch 1/10
2/2 [==============================] - 2s 848ms/step - loss: 7.3612 - accuracy: 0.1833 - val_loss: 7.3955 - val_accuracy: 0.0000e+00 - lr: 5.0000e-04
Epoch 2/10
2/2 [==============================] - 1s 616ms/step - loss: 6.5309 - accuracy: 0.2500 - val_loss: 5.8963 - val_accuracy: 0.2000 - lr: 5.0000e-04
Epoch 3/10
2/2 [==============================] - 1s 639ms/step - loss: 5.7503 - accuracy: 0.1667 - val_loss: 5.2409 - val_accuracy: 0.2000 - lr: 5.0000e-04
Epoch 4/10
2/2 [==============================] - 1s 604ms/step - loss: 5.2108 - accuracy: 0.2333 - val_loss: 4.7876 - val_accuracy: 0.2000 - lr: 5.0000e-04
Epoch 5/10
2/2 [==============================] - 1s 615ms/step - loss: 4.7918 - accuracy: 0.1167 - val_loss: 4.4286 - val_accuracy: 0.2000 - lr: 5.0000e-04
Epoch 6/10
2/2 [==============================] - 1s 578ms/step - loss: 4.4182 - accuracy: 0.1833 - val_loss: 4.1789 - val_accuracy: 0.2000 - lr: 5.0000e-04
Epoch 7/10
2/2 [==============================] - 1s 687ms/step - loss: 4.1441 - accuracy: 0.2000 - val_loss: 3.9844 - val_accuracy: 0.4000 - lr: 5.0000e-04
Epoch 8/10
2/2 [==============================] - 1s 620ms/step - loss: 3.9573 - accuracy: 0.2833 - val_loss: 3.8311 - val_accuracy: 0.2000 - lr: 5.0000e-04
Epoch 9/10
2/2 [==============================] - 2s 822ms/step - loss: 3.7978 - accuracy: 0.2500 - val_loss: 3.7003 - val_accuracy: 0.2000 - lr: 5.0000e-04
Epoch 10/10
2/2 [==============================] - 1s 605ms/step - loss: 3.6851 - accuracy: 0.2167 - val_loss: 3.5805 - val_accuracy: 0.4000 - lr: 5.0000e-04
1/1 [==============================] - 0s 123ms/step - loss: 3.5519 - accuracy: 0.2857
Found 60 images belonging to 6 classes.
Found 5 images belonging to 6 classes.
Found 7 images belonging to 6 classes.
Epoch 1/20
2/2 [==============================] - 2s 918ms/step - loss: 7.1233 - accuracy: 0.1500 - val_loss: 6.3633 - val_accuracy: 0.0000e+00 - lr: 5.0000e-04
Epoch 2/20
2/2 [==============================] - 1s 779ms/step - loss: 6.2348 - accuracy: 0.2333 - val_loss: 5.6131 - val_accuracy: 0.2000 - lr: 5.0000e-04
Epoch 3/20
2/2 [==============================] - 1s 676ms/step - loss: 5.4962 - accuracy: 0.1667 - val_loss: 5.0650 - val_accuracy: 0.2000 - lr: 5.0000e-04
Epoch 4/20
2/2 [==============================] - 1s 624ms/step - loss: 5.0406 - accuracy: 0.2000 - val_loss: 4.6330 - val_accuracy: 0.0000e+00 - lr: 5.0000e-04
Epoch 5/20
2/2 [==============================] - 1s 724ms/step - loss: 4.4906 - accuracy: 0.2500 - val_loss: 4.2843 - val_accuracy: 0.0000e+00 - lr: 5.0000e-04
Epoch 6/20
2/2 [==============================] - 1s 683ms/step - loss: 4.1692 - accuracy: 0.2167 - val_loss: 4.0325 - val_accuracy: 0.0000e+00 - lr: 5.0000e-04
Epoch 7/20
2/2 [==============================] - 1s 711ms/step - loss: 3.9023 - accuracy: 0.1833 - val_loss: 3.8163 - val_accuracy: 0.0000e+00 - lr: 5.0000e-04
Epoch 8/20
2/2 [==============================] - 1s 587ms/step - loss: 3.6703 - accuracy: 0.3500 - val_loss: 3.6543 - val_accuracy: 0.0000e+00 - lr: 5.0000e-04
Epoch 9/20
2/2 [==============================] - 1s 594ms/step - loss: 3.5548 - accuracy: 0.3000 - val_loss: 3.5215 - val_accuracy: 0.0000e+00 - lr: 5.0000e-04
Epoch 10/20
2/2 [==============================] - 1s 678ms/step - loss: 3.4011 - accuracy: 0.1500 - val_loss: 3.4056 - val_accuracy: 0.0000e+00 - lr: 5.0000e-04
Epoch 11/20
2/2 [==============================] - 1s 700ms/step - loss: 3.2871 - accuracy: 0.3167 - val_loss: 3.3124 - val_accuracy: 0.0000e+00 - lr: 5.0000e-04
Epoch 12/20
2/2 [==============================] - 1s 608ms/step - loss: 3.2003 - accuracy: 0.2167 - val_loss: 3.2202 - val_accuracy: 0.0000e+00 - lr: 5.0000e-04
Epoch 13/20
2/2 [==============================] - 1s 602ms/step - loss: 3.0985 - accuracy: 0.2667 - val_loss: 3.1475 - val_accuracy: 0.0000e+00 - lr: 5.0000e-04
Epoch 14/20
2/2 [==============================] - 1s 710ms/step - loss: 3.0324 - accuracy: 0.2833 - val_loss: 3.0827 - val_accuracy: 0.0000e+00 - lr: 5.0000e-04
Epoch 15/20
2/2 [==============================] - 1s 673ms/step - loss: 2.9196 - accuracy: 0.2833 - val_loss: 3.0051 - val_accuracy: 0.0000e+00 - lr: 5.0000e-04
Epoch 16/20
2/2 [==============================] - 1s 715ms/step - loss: 2.8238 - accuracy: 0.2500 - val_loss: 2.9453 - val_accuracy: 0.2000 - lr: 5.0000e-04
Epoch 17/20
2/2 [==============================] - 1s 616ms/step - loss: 2.6890 - accuracy: 0.2667 - val_loss: 2.8481 - val_accuracy: 0.2000 - lr: 5.0000e-04
Epoch 18/20
2/2 [==============================] - 1s 608ms/step - loss: 2.7825 - accuracy: 0.2500 - val_loss: 2.7248 - val_accuracy: 0.2000 - lr: 5.0000e-04
Epoch 19/20
2/2 [==============================] - 1s 624ms/step - loss: 2.6602 - accuracy: 0.3167 - val_loss: 2.6351 - val_accuracy: 0.2000 - lr: 5.0000e-04
Epoch 20/20
2/2 [==============================] - 1s 709ms/step - loss: 2.6365 - accuracy: 0.3000 - val_loss: 2.5921 - val_accuracy: 0.2000 - lr: 5.0000e-04
1/1 [==============================] - 0s 120ms/step - loss: 2.6674 - accuracy: 0.1429
Found 60 images belonging to 6 classes.
Found 5 images belonging to 6 classes.
Found 7 images belonging to 6 classes.
Epoch 1/10
2/2 [==============================] - 2s 879ms/step - loss: 7.2358 - accuracy: 0.1500 - val_loss: 6.4241 - val_accuracy: 0.2000 - lr: 5.0000e-04
Epoch 2/10
2/2 [==============================] - 1s 591ms/step - loss: 6.2300 - accuracy: 0.2333 - val_loss: 5.7273 - val_accuracy: 0.2000 - lr: 5.0000e-04
Epoch 3/10
2/2 [==============================] - 1s 667ms/step - loss: 5.5971 - accuracy: 0.1667 - val_loss: 5.0699 - val_accuracy: 0.4000 - lr: 5.0000e-04
Epoch 4/10
2/2 [==============================] - 1s 717ms/step - loss: 5.1221 - accuracy: 0.2333 - val_loss: 4.6409 - val_accuracy: 0.4000 - lr: 5.0000e-04
Epoch 5/10
2/2 [==============================] - 1s 789ms/step - loss: 4.6660 - accuracy: 0.2000 - val_loss: 4.3135 - val_accuracy: 0.4000 - lr: 5.0000e-04
Epoch 6/10
2/2 [==============================] - 1s 710ms/step - loss: 4.3684 - accuracy: 0.1167 - val_loss: 4.0712 - val_accuracy: 0.2000 - lr: 5.0000e-04
Epoch 7/10
2/2 [==============================] - 1s 589ms/step - loss: 4.0773 - accuracy: 0.1500 - val_loss: 3.8768 - val_accuracy: 0.2000 - lr: 5.0000e-04
Epoch 8/10
2/2 [==============================] - 1s 710ms/step - loss: 3.9127 - accuracy: 0.2000 - val_loss: 3.7287 - val_accuracy: 0.2000 - lr: 5.0000e-04
Epoch 9/10
2/2 [==============================] - 1s 719ms/step - loss: 3.7423 - accuracy: 0.2500 - val_loss: 3.6117 - val_accuracy: 0.4000 - lr: 5.0000e-04
Epoch 10/10
2/2 [==============================] - 1s 724ms/step - loss: 3.5917 - accuracy: 0.3167 - val_loss: 3.4999 - val_accuracy: 0.2000 - lr: 5.0000e-04
1/1 [==============================] - 0s 127ms/step - loss: 3.5225 - accuracy: 0.0000e+00
Found 60 images belonging to 6 classes.
Found 5 images belonging to 6 classes.
Found 7 images belonging to 6 classes.
Epoch 1/20
2/2 [==============================] - 2s 853ms/step - loss: 7.2084 - accuracy: 0.1833 - val_loss: 6.2521 - val_accuracy: 0.4000 - lr: 5.0000e-04
Epoch 2/20
2/2 [==============================] - 1s 619ms/step - loss: 6.8175 - accuracy: 0.1000 - val_loss: 5.6463 - val_accuracy: 0.4000 - lr: 5.0000e-04
Epoch 3/20
2/2 [==============================] - 1s 725ms/step - loss: 6.2435 - accuracy: 0.1333 - val_loss: 5.1452 - val_accuracy: 0.4000 - lr: 5.0000e-04
Epoch 4/20
2/2 [==============================] - 1s 739ms/step - loss: 5.3993 - accuracy: 0.2000 - val_loss: 4.9035 - val_accuracy: 0.2000 - lr: 5.0000e-04
Epoch 5/20
2/2 [==============================] - 1s 685ms/step - loss: 4.9074 - accuracy: 0.2500 - val_loss: 4.6161 - val_accuracy: 0.0000e+00 - lr: 5.0000e-04
Epoch 6/20
2/2 [==============================] - 1s 650ms/step - loss: 4.7180 - accuracy: 0.2167 - val_loss: 4.4117 - val_accuracy: 0.0000e+00 - lr: 5.0000e-04
Epoch 7/20
2/2 [==============================] - 1s 636ms/step - loss: 4.4818 - accuracy: 0.2167 - val_loss: 4.2310 - val_accuracy: 0.2000 - lr: 5.0000e-04
Epoch 8/20
2/2 [==============================] - 1s 719ms/step - loss: 4.2705 - accuracy: 0.2000 - val_loss: 4.0936 - val_accuracy: 0.2000 - lr: 5.0000e-04
Epoch 9/20
2/2 [==============================] - 1s 607ms/step - loss: 4.0875 - accuracy: 0.2833 - val_loss: 3.9838 - val_accuracy: 0.4000 - lr: 5.0000e-04
Epoch 10/20
2/2 [==============================] - 1s 731ms/step - loss: 4.0112 - accuracy: 0.2000 - val_loss: 3.8842 - val_accuracy: 0.4000 - lr: 5.0000e-04
Epoch 11/20
2/2 [==============================] - 1s 604ms/step - loss: 3.8996 - accuracy: 0.1833 - val_loss: 3.7929 - val_accuracy: 0.4000 - lr: 5.0000e-04
Epoch 12/20
2/2 [==============================] - 1s 741ms/step - loss: 3.7691 - accuracy: 0.2667 - val_loss: 3.6979 - val_accuracy: 0.4000 - lr: 5.0000e-04
Epoch 13/20
2/2 [==============================] - 1s 724ms/step - loss: 3.6640 - accuracy: 0.2833 - val_loss: 3.5919 - val_accuracy: 0.4000 - lr: 5.0000e-04
Epoch 14/20
2/2 [==============================] - 1s 634ms/step - loss: 3.5865 - accuracy: 0.2333 - val_loss: 3.4959 - val_accuracy: 0.4000 - lr: 5.0000e-04
Epoch 15/20
2/2 [==============================] - 1s 596ms/step - loss: 3.4644 - accuracy: 0.3333 - val_loss: 3.4016 - val_accuracy: 0.4000 - lr: 5.0000e-04
Epoch 16/20
2/2 [==============================] - 1s 597ms/step - loss: 3.3592 - accuracy: 0.3167 - val_loss: 3.3020 - val_accuracy: 0.4000 - lr: 5.0000e-04
Epoch 17/20
2/2 [==============================] - 1s 617ms/step - loss: 3.2569 - accuracy: 0.3167 - val_loss: 3.1929 - val_accuracy: 0.4000 - lr: 5.0000e-04
Epoch 18/20
2/2 [==============================] - 1s 736ms/step - loss: 3.1636 - accuracy: 0.2833 - val_loss: 3.0841 - val_accuracy: 0.4000 - lr: 5.0000e-04
Epoch 19/20
2/2 [==============================] - 1s 687ms/step - loss: 3.0759 - accuracy: 0.3667 - val_loss: 2.9584 - val_accuracy: 0.6000 - lr: 5.0000e-04
Epoch 20/20
2/2 [==============================] - 1s 712ms/step - loss: 3.0043 - accuracy: 0.3667 - val_loss: 2.8409 - val_accuracy: 0.6000 - lr: 5.0000e-04
1/1 [==============================] - 0s 151ms/step - loss: 3.0587 - accuracy: 0.2857
Found 60 images belonging to 6 classes.
Found 5 images belonging to 6 classes.
Found 7 images belonging to 6 classes.
Epoch 1/10
2/2 [==============================] - 3s 913ms/step - loss: 7.2797 - accuracy: 0.1167 - val_loss: 6.5111 - val_accuracy: 0.2000 - lr: 5.0000e-04
Epoch 2/10
2/2 [==============================] - 1s 732ms/step - loss: 6.3414 - accuracy: 0.2167 - val_loss: 5.8804 - val_accuracy: 0.2000 - lr: 5.0000e-04
Epoch 3/10
2/2 [==============================] - 1s 748ms/step - loss: 5.6917 - accuracy: 0.2500 - val_loss: 5.2030 - val_accuracy: 0.2000 - lr: 5.0000e-04
Epoch 4/10
2/2 [==============================] - 1s 613ms/step - loss: 5.0661 - accuracy: 0.2333 - val_loss: 4.7051 - val_accuracy: 0.4000 - lr: 5.0000e-04
Epoch 5/10
2/2 [==============================] - 1s 643ms/step - loss: 4.6452 - accuracy: 0.2833 - val_loss: 4.4004 - val_accuracy: 0.4000 - lr: 5.0000e-04
Epoch 6/10
2/2 [==============================] - 1s 714ms/step - loss: 4.3659 - accuracy: 0.2500 - val_loss: 4.1747 - val_accuracy: 0.4000 - lr: 5.0000e-04
Epoch 7/10
2/2 [==============================] - 1s 704ms/step - loss: 4.1544 - accuracy: 0.3000 - val_loss: 4.0179 - val_accuracy: 0.4000 - lr: 5.0000e-04
Epoch 8/10
2/2 [==============================] - 1s 611ms/step - loss: 3.9829 - accuracy: 0.1667 - val_loss: 3.8833 - val_accuracy: 0.2000 - lr: 5.0000e-04
Epoch 9/10
2/2 [==============================] - 1s 734ms/step - loss: 3.8297 - accuracy: 0.2833 - val_loss: 3.7622 - val_accuracy: 0.2000 - lr: 5.0000e-04
Epoch 10/10
2/2 [==============================] - 1s 600ms/step - loss: 3.6993 - accuracy: 0.2500 - val_loss: 3.6335 - val_accuracy: 0.2000 - lr: 5.0000e-04
1/1 [==============================] - 0s 119ms/step - loss: 3.6564 - accuracy: 0.2857
Found 60 images belonging to 6 classes.
Found 5 images belonging to 6 classes.
Found 7 images belonging to 6 classes.
Epoch 1/20
2/2 [==============================] - 2s 1s/step - loss: 7.3471 - accuracy: 0.2167 - val_loss: 6.3770 - val_accuracy: 0.4000 - lr: 5.0000e-04
Epoch 2/20
2/2 [==============================] - 1s 749ms/step - loss: 6.4780 - accuracy: 0.1667 - val_loss: 5.8613 - val_accuracy: 0.2000 - lr: 5.0000e-04
Epoch 3/20
2/2 [==============================] - 1s 616ms/step - loss: 5.9407 - accuracy: 0.2167 - val_loss: 5.3994 - val_accuracy: 0.2000 - lr: 5.0000e-04
Epoch 4/20
2/2 [==============================] - 1s 713ms/step - loss: 5.3910 - accuracy: 0.1667 - val_loss: 5.0303 - val_accuracy: 0.0000e+00 - lr: 5.0000e-04
Epoch 5/20
2/2 [==============================] - 1s 753ms/step - loss: 4.9023 - accuracy: 0.2500 - val_loss: 4.6775 - val_accuracy: 0.2000 - lr: 5.0000e-04
Epoch 6/20
2/2 [==============================] - 1s 711ms/step - loss: 4.5690 - accuracy: 0.1500 - val_loss: 4.4065 - val_accuracy: 0.2000 - lr: 5.0000e-04
Epoch 7/20
2/2 [==============================] - 1s 615ms/step - loss: 4.3070 - accuracy: 0.1833 - val_loss: 4.1839 - val_accuracy: 0.4000 - lr: 5.0000e-04
Epoch 8/20
2/2 [==============================] - 1s 609ms/step - loss: 4.1174 - accuracy: 0.2667 - val_loss: 3.9961 - val_accuracy: 0.4000 - lr: 5.0000e-04
Epoch 9/20
2/2 [==============================] - 1s 733ms/step - loss: 3.9238 - accuracy: 0.1667 - val_loss: 3.8445 - val_accuracy: 0.2000 - lr: 5.0000e-04
Epoch 10/20
2/2 [==============================] - 1s 701ms/step - loss: 3.8179 - accuracy: 0.2000 - val_loss: 3.7069 - val_accuracy: 0.2000 - lr: 5.0000e-04
Epoch 11/20
2/2 [==============================] - 1s 597ms/step - loss: 3.6685 - accuracy: 0.1833 - val_loss: 3.5797 - val_accuracy: 0.2000 - lr: 5.0000e-04
Epoch 12/20
2/2 [==============================] - 1s 692ms/step - loss: 3.5049 - accuracy: 0.2667 - val_loss: 3.4556 - val_accuracy: 0.2000 - lr: 5.0000e-04
Epoch 13/20
2/2 [==============================] - 1s 627ms/step - loss: 3.3990 - accuracy: 0.3000 - val_loss: 3.3333 - val_accuracy: 0.2000 - lr: 5.0000e-04
Epoch 14/20
2/2 [==============================] - 1s 726ms/step - loss: 3.3239 - accuracy: 0.1667 - val_loss: 3.2182 - val_accuracy: 0.4000 - lr: 5.0000e-04
Epoch 15/20
2/2 [==============================] - 1s 620ms/step - loss: 3.1829 - accuracy: 0.3500 - val_loss: 3.0966 - val_accuracy: 0.4000 - lr: 5.0000e-04
Epoch 16/20
2/2 [==============================] - 1s 631ms/step - loss: 3.0671 - accuracy: 0.3667 - val_loss: 2.9914 - val_accuracy: 0.4000 - lr: 5.0000e-04
Epoch 17/20
2/2 [==============================] - 1s 625ms/step - loss: 2.9684 - accuracy: 0.2667 - val_loss: 2.8872 - val_accuracy: 0.2000 - lr: 5.0000e-04
Epoch 18/20
2/2 [==============================] - 1s 693ms/step - loss: 2.8960 - accuracy: 0.2000 - val_loss: 2.8034 - val_accuracy: 0.2000 - lr: 5.0000e-04
Epoch 19/20
2/2 [==============================] - 1s 776ms/step - loss: 2.8262 - accuracy: 0.2000 - val_loss: 2.7157 - val_accuracy: 0.4000 - lr: 5.0000e-04
Epoch 20/20
2/2 [==============================] - 1s 603ms/step - loss: 2.7333 - accuracy: 0.2167 - val_loss: 2.6355 - val_accuracy: 0.4000 - lr: 5.0000e-04
1/1 [==============================] - 0s 140ms/step - loss: 2.7603 - accuracy: 0.0000e+00
Found 60 images belonging to 6 classes.
Found 5 images belonging to 6 classes.
Found 7 images belonging to 6 classes.
Epoch 1/10
2/2 [==============================] - 2s 738ms/step - loss: 7.0903 - accuracy: 0.2333 - val_loss: 7.1556 - val_accuracy: 0.2000 - lr: 1.0000e-04
Epoch 2/10
2/2 [==============================] - 1s 514ms/step - loss: 7.0336 - accuracy: 0.0667 - val_loss: 6.9649 - val_accuracy: 0.0000e+00 - lr: 1.0000e-04
Epoch 3/10
2/2 [==============================] - 1s 512ms/step - loss: 6.8848 - accuracy: 0.2000 - val_loss: 6.7522 - val_accuracy: 0.2000 - lr: 1.0000e-04
Epoch 4/10
2/2 [==============================] - 1s 604ms/step - loss: 6.6853 - accuracy: 0.1500 - val_loss: 6.6178 - val_accuracy: 0.2000 - lr: 1.0000e-04
Epoch 5/10
2/2 [==============================] - 1s 498ms/step - loss: 6.5699 - accuracy: 0.3000 - val_loss: 6.4974 - val_accuracy: 0.2000 - lr: 1.0000e-04
Epoch 6/10
2/2 [==============================] - 1s 586ms/step - loss: 6.5150 - accuracy: 0.1667 - val_loss: 6.3524 - val_accuracy: 0.2000 - lr: 1.0000e-04
Epoch 7/10
2/2 [==============================] - 1s 584ms/step - loss: 6.3347 - accuracy: 0.1500 - val_loss: 6.2288 - val_accuracy: 0.4000 - lr: 1.0000e-04
Epoch 8/10
2/2 [==============================] - 1s 509ms/step - loss: 6.2295 - accuracy: 0.2833 - val_loss: 6.0851 - val_accuracy: 0.4000 - lr: 1.0000e-04
Epoch 9/10
2/2 [==============================] - 1s 563ms/step - loss: 6.1458 - accuracy: 0.2000 - val_loss: 5.9403 - val_accuracy: 0.4000 - lr: 1.0000e-04
Epoch 10/10
2/2 [==============================] - 1s 526ms/step - loss: 6.0093 - accuracy: 0.2667 - val_loss: 5.8274 - val_accuracy: 0.4000 - lr: 1.0000e-04
1/1 [==============================] - 0s 122ms/step - loss: 5.7530 - accuracy: 0.5714
Found 60 images belonging to 6 classes.
Found 5 images belonging to 6 classes.
Found 7 images belonging to 6 classes.
Epoch 1/20
2/2 [==============================] - 2s 761ms/step - loss: 7.0943 - accuracy: 0.2000 - val_loss: 6.9456 - val_accuracy: 0.4000 - lr: 1.0000e-04
Epoch 2/20
2/2 [==============================] - 1s 603ms/step - loss: 6.9937 - accuracy: 0.1000 - val_loss: 6.8446 - val_accuracy: 0.2000 - lr: 1.0000e-04
Epoch 3/20
2/2 [==============================] - 1s 523ms/step - loss: 6.8037 - accuracy: 0.1833 - val_loss: 6.6944 - val_accuracy: 0.0000e+00 - lr: 1.0000e-04
Epoch 4/20
2/2 [==============================] - 1s 543ms/step - loss: 6.6483 - accuracy: 0.2000 - val_loss: 6.5500 - val_accuracy: 0.2000 - lr: 1.0000e-04
Epoch 5/20
2/2 [==============================] - 1s 504ms/step - loss: 6.5448 - accuracy: 0.1500 - val_loss: 6.4148 - val_accuracy: 0.2000 - lr: 1.0000e-04
Epoch 6/20
2/2 [==============================] - 1s 563ms/step - loss: 6.3895 - accuracy: 0.2333 - val_loss: 6.2801 - val_accuracy: 0.2000 - lr: 1.0000e-04
Epoch 7/20
2/2 [==============================] - 1s 505ms/step - loss: 6.2430 - accuracy: 0.2500 - val_loss: 6.1415 - val_accuracy: 0.2000 - lr: 1.0000e-04
Epoch 8/20
2/2 [==============================] - 1s 520ms/step - loss: 6.1323 - accuracy: 0.1833 - val_loss: 6.0119 - val_accuracy: 0.2000 - lr: 1.0000e-04
Epoch 9/20
2/2 [==============================] - 1s 582ms/step - loss: 5.9671 - accuracy: 0.2500 - val_loss: 5.8863 - val_accuracy: 0.2000 - lr: 1.0000e-04
Epoch 10/20
2/2 [==============================] - 1s 582ms/step - loss: 5.8328 - accuracy: 0.2000 - val_loss: 5.7513 - val_accuracy: 0.2000 - lr: 1.0000e-04
Epoch 11/20
2/2 [==============================] - 1s 559ms/step - loss: 5.7081 - accuracy: 0.2500 - val_loss: 5.6281 - val_accuracy: 0.0000e+00 - lr: 1.0000e-04
Epoch 12/20
2/2 [==============================] - 1s 507ms/step - loss: 5.6378 - accuracy: 0.2333 - val_loss: 5.4969 - val_accuracy: 0.4000 - lr: 1.0000e-04
Epoch 13/20
2/2 [==============================] - 1s 594ms/step - loss: 5.5259 - accuracy: 0.2167 - val_loss: 5.3758 - val_accuracy: 0.2000 - lr: 1.0000e-04
Epoch 14/20
2/2 [==============================] - 1s 640ms/step - loss: 5.4046 - accuracy: 0.2333 - val_loss: 5.2606 - val_accuracy: 0.4000 - lr: 1.0000e-04
Epoch 15/20
2/2 [==============================] - 1s 736ms/step - loss: 5.2544 - accuracy: 0.3333 - val_loss: 5.1460 - val_accuracy: 0.2000 - lr: 1.0000e-04
Epoch 16/20
2/2 [==============================] - 1s 603ms/step - loss: 5.1731 - accuracy: 0.2667 - val_loss: 5.0294 - val_accuracy: 0.2000 - lr: 1.0000e-04
Epoch 17/20
2/2 [==============================] - 1s 658ms/step - loss: 5.0779 - accuracy: 0.2833 - val_loss: 4.9255 - val_accuracy: 0.2000 - lr: 1.0000e-04
Epoch 18/20
2/2 [==============================] - 1s 586ms/step - loss: 5.0008 - accuracy: 0.2500 - val_loss: 4.8294 - val_accuracy: 0.2000 - lr: 1.0000e-04
Epoch 19/20
2/2 [==============================] - 1s 685ms/step - loss: 4.9344 - accuracy: 0.1833 - val_loss: 4.7480 - val_accuracy: 0.2000 - lr: 1.0000e-04
Epoch 20/20
2/2 [==============================] - 1s 667ms/step - loss: 4.7768 - accuracy: 0.2667 - val_loss: 4.6596 - val_accuracy: 0.2000 - lr: 1.0000e-04
1/1 [==============================] - 0s 169ms/step - loss: 4.7586 - accuracy: 0.1429
Found 60 images belonging to 6 classes.
Found 5 images belonging to 6 classes.
Found 7 images belonging to 6 classes.
Epoch 1/10
2/2 [==============================] - 2s 899ms/step - loss: 7.1119 - accuracy: 0.2667 - val_loss: 6.9718 - val_accuracy: 0.4000 - lr: 1.0000e-04
Epoch 2/10
2/2 [==============================] - 1s 712ms/step - loss: 6.9337 - accuracy: 0.2333 - val_loss: 6.7527 - val_accuracy: 0.2000 - lr: 1.0000e-04
Epoch 3/10
2/2 [==============================] - 1s 715ms/step - loss: 6.8835 - accuracy: 0.1000 - val_loss: 6.5592 - val_accuracy: 0.2000 - lr: 1.0000e-04
Epoch 4/10
2/2 [==============================] - 1s 740ms/step - loss: 6.6229 - accuracy: 0.2000 - val_loss: 6.3893 - val_accuracy: 0.2000 - lr: 1.0000e-04
Epoch 5/10
2/2 [==============================] - 1s 631ms/step - loss: 6.4463 - accuracy: 0.3667 - val_loss: 6.2478 - val_accuracy: 0.4000 - lr: 1.0000e-04
Epoch 6/10
2/2 [==============================] - 1s 748ms/step - loss: 6.3993 - accuracy: 0.2000 - val_loss: 6.1253 - val_accuracy: 0.6000 - lr: 1.0000e-04
Epoch 7/10
2/2 [==============================] - 1s 651ms/step - loss: 6.1986 - accuracy: 0.3000 - val_loss: 6.0072 - val_accuracy: 0.6000 - lr: 1.0000e-04
Epoch 8/10
2/2 [==============================] - 1s 769ms/step - loss: 6.0960 - accuracy: 0.2167 - val_loss: 5.9016 - val_accuracy: 0.6000 - lr: 1.0000e-04
Epoch 9/10
2/2 [==============================] - 1s 816ms/step - loss: 5.9979 - accuracy: 0.2500 - val_loss: 5.7885 - val_accuracy: 0.6000 - lr: 1.0000e-04
Epoch 10/10
2/2 [==============================] - 1s 717ms/step - loss: 5.8747 - accuracy: 0.2167 - val_loss: 5.6667 - val_accuracy: 0.6000 - lr: 1.0000e-04
1/1 [==============================] - 0s 144ms/step - loss: 5.7233 - accuracy: 0.1429
Found 60 images belonging to 6 classes.
Found 5 images belonging to 6 classes.
Found 7 images belonging to 6 classes.
Epoch 1/20
2/2 [==============================] - 2s 1s/step - loss: 7.1706 - accuracy: 0.0833 - val_loss: 6.9894 - val_accuracy: 0.2000 - lr: 1.0000e-04
Epoch 2/20
2/2 [==============================] - 1s 751ms/step - loss: 7.0025 - accuracy: 0.2167 - val_loss: 6.8857 - val_accuracy: 0.4000 - lr: 1.0000e-04
Epoch 3/20
2/2 [==============================] - 1s 783ms/step - loss: 6.9300 - accuracy: 0.1833 - val_loss: 6.7660 - val_accuracy: 0.4000 - lr: 1.0000e-04
Epoch 4/20
2/2 [==============================] - 1s 748ms/step - loss: 6.7587 - accuracy: 0.2833 - val_loss: 6.6413 - val_accuracy: 0.4000 - lr: 1.0000e-04
Epoch 5/20
2/2 [==============================] - 1s 657ms/step - loss: 6.6170 - accuracy: 0.2500 - val_loss: 6.4293 - val_accuracy: 0.6000 - lr: 1.0000e-04
Epoch 6/20
2/2 [==============================] - 1s 703ms/step - loss: 6.5094 - accuracy: 0.2000 - val_loss: 6.2766 - val_accuracy: 0.4000 - lr: 1.0000e-04
Epoch 7/20
2/2 [==============================] - 1s 624ms/step - loss: 6.4000 - accuracy: 0.2667 - val_loss: 6.1394 - val_accuracy: 0.4000 - lr: 1.0000e-04
Epoch 8/20
2/2 [==============================] - 1s 669ms/step - loss: 6.2680 - accuracy: 0.2167 - val_loss: 6.0376 - val_accuracy: 0.4000 - lr: 1.0000e-04
Epoch 9/20
2/2 [==============================] - 1s 777ms/step - loss: 6.2118 - accuracy: 0.2167 - val_loss: 5.9670 - val_accuracy: 0.4000 - lr: 1.0000e-04
Epoch 10/20
2/2 [==============================] - 1s 698ms/step - loss: 6.1275 - accuracy: 0.1667 - val_loss: 5.9124 - val_accuracy: 0.2000 - lr: 1.0000e-04
Epoch 11/20
2/2 [==============================] - 1s 708ms/step - loss: 5.9947 - accuracy: 0.2833 - val_loss: 5.9045 - val_accuracy: 0.2000 - lr: 1.0000e-04
Epoch 12/20
2/2 [==============================] - 1s 714ms/step - loss: 5.8001 - accuracy: 0.3167 - val_loss: 5.8852 - val_accuracy: 0.2000 - lr: 1.0000e-04
Epoch 13/20
2/2 [==============================] - 1s 694ms/step - loss: 5.7646 - accuracy: 0.2500 - val_loss: 5.8198 - val_accuracy: 0.2000 - lr: 1.0000e-04
Epoch 14/20
2/2 [==============================] - 1s 783ms/step - loss: 5.7326 - accuracy: 0.2167 - val_loss: 5.7161 - val_accuracy: 0.2000 - lr: 1.0000e-04
Epoch 15/20
2/2 [==============================] - 1s 769ms/step - loss: 5.5680 - accuracy: 0.2833 - val_loss: 5.6117 - val_accuracy: 0.2000 - lr: 1.0000e-04
Epoch 16/20
2/2 [==============================] - 1s 731ms/step - loss: 5.4554 - accuracy: 0.3333 - val_loss: 5.5303 - val_accuracy: 0.2000 - lr: 1.0000e-04
Epoch 17/20
2/2 [==============================] - 1s 788ms/step - loss: 5.3705 - accuracy: 0.3000 - val_loss: 5.4251 - val_accuracy: 0.2000 - lr: 1.0000e-04
Epoch 18/20
2/2 [==============================] - 1s 695ms/step - loss: 5.3791 - accuracy: 0.2167 - val_loss: 5.2910 - val_accuracy: 0.4000 - lr: 1.0000e-04
Epoch 19/20
2/2 [==============================] - 1s 594ms/step - loss: 5.2227 - accuracy: 0.3000 - val_loss: 5.1782 - val_accuracy: 0.4000 - lr: 1.0000e-04
Epoch 20/20
2/2 [==============================] - 1s 713ms/step - loss: 5.2041 - accuracy: 0.2500 - val_loss: 5.0724 - val_accuracy: 0.4000 - lr: 1.0000e-04
1/1 [==============================] - 0s 149ms/step - loss: 5.1902 - accuracy: 0.1429
Found 60 images belonging to 6 classes.
Found 5 images belonging to 6 classes.
Found 7 images belonging to 6 classes.
Epoch 1/10
2/2 [==============================] - 2s 951ms/step - loss: 7.1643 - accuracy: 0.1500 - val_loss: 7.0590 - val_accuracy: 0.2000 - lr: 1.0000e-04
Epoch 2/10
2/2 [==============================] - 1s 634ms/step - loss: 6.9801 - accuracy: 0.1167 - val_loss: 6.8114 - val_accuracy: 0.2000 - lr: 1.0000e-04
Epoch 3/10
2/2 [==============================] - 1s 670ms/step - loss: 6.7786 - accuracy: 0.2500 - val_loss: 6.6379 - val_accuracy: 0.2000 - lr: 1.0000e-04
Epoch 4/10
2/2 [==============================] - 1s 739ms/step - loss: 6.6656 - accuracy: 0.2167 - val_loss: 6.5067 - val_accuracy: 0.2000 - lr: 1.0000e-04
Epoch 5/10
2/2 [==============================] - 1s 745ms/step - loss: 6.5461 - accuracy: 0.1167 - val_loss: 6.3772 - val_accuracy: 0.2000 - lr: 1.0000e-04
Epoch 6/10
2/2 [==============================] - 1s 687ms/step - loss: 6.3733 - accuracy: 0.1500 - val_loss: 6.2510 - val_accuracy: 0.2000 - lr: 1.0000e-04
Epoch 7/10
2/2 [==============================] - 1s 798ms/step - loss: 6.2597 - accuracy: 0.1667 - val_loss: 6.0884 - val_accuracy: 0.4000 - lr: 1.0000e-04
Epoch 8/10
2/2 [==============================] - 1s 664ms/step - loss: 6.1111 - accuracy: 0.2167 - val_loss: 5.9457 - val_accuracy: 0.4000 - lr: 1.0000e-04
Epoch 9/10
2/2 [==============================] - 1s 699ms/step - loss: 5.9939 - accuracy: 0.1667 - val_loss: 5.8059 - val_accuracy: 0.4000 - lr: 1.0000e-04
Epoch 10/10
2/2 [==============================] - 1s 699ms/step - loss: 5.8335 - accuracy: 0.2667 - val_loss: 5.6633 - val_accuracy: 0.4000 - lr: 1.0000e-04
1/1 [==============================] - 0s 165ms/step - loss: 5.9510 - accuracy: 0.1429
Found 60 images belonging to 6 classes.
Found 5 images belonging to 6 classes.
Found 7 images belonging to 6 classes.
Epoch 1/20
2/2 [==============================] - 2s 1s/step - loss: 7.1254 - accuracy: 0.2333 - val_loss: 7.1184 - val_accuracy: 0.0000e+00 - lr: 1.0000e-04
Epoch 2/20
2/2 [==============================] - 1s 692ms/step - loss: 7.0497 - accuracy: 0.1333 - val_loss: 6.8496 - val_accuracy: 0.2000 - lr: 1.0000e-04
Epoch 3/20
2/2 [==============================] - 1s 671ms/step - loss: 6.8796 - accuracy: 0.1667 - val_loss: 6.7032 - val_accuracy: 0.2000 - lr: 1.0000e-04
Epoch 4/20
2/2 [==============================] - 1s 669ms/step - loss: 6.6909 - accuracy: 0.1833 - val_loss: 6.5537 - val_accuracy: 0.2000 - lr: 1.0000e-04
Epoch 5/20
2/2 [==============================] - 1s 771ms/step - loss: 6.6014 - accuracy: 0.1833 - val_loss: 6.4243 - val_accuracy: 0.4000 - lr: 1.0000e-04
Epoch 6/20
2/2 [==============================] - 1s 723ms/step - loss: 6.4589 - accuracy: 0.2333 - val_loss: 6.3543 - val_accuracy: 0.4000 - lr: 1.0000e-04
Epoch 7/20
2/2 [==============================] - 1s 710ms/step - loss: 6.3206 - accuracy: 0.2500 - val_loss: 6.2736 - val_accuracy: 0.4000 - lr: 1.0000e-04
Epoch 8/20
2/2 [==============================] - 1s 697ms/step - loss: 6.1832 - accuracy: 0.2667 - val_loss: 6.1734 - val_accuracy: 0.4000 - lr: 1.0000e-04
Epoch 9/20
2/2 [==============================] - 1s 754ms/step - loss: 6.1890 - accuracy: 0.1667 - val_loss: 6.0336 - val_accuracy: 0.4000 - lr: 1.0000e-04
Epoch 10/20
2/2 [==============================] - 1s 765ms/step - loss: 5.9576 - accuracy: 0.2333 - val_loss: 5.8684 - val_accuracy: 0.4000 - lr: 1.0000e-04
Epoch 11/20
2/2 [==============================] - 1s 746ms/step - loss: 5.7823 - accuracy: 0.3000 - val_loss: 5.6656 - val_accuracy: 0.4000 - lr: 1.0000e-04
Epoch 12/20
2/2 [==============================] - 1s 754ms/step - loss: 5.7732 - accuracy: 0.2167 - val_loss: 5.5035 - val_accuracy: 0.4000 - lr: 1.0000e-04
Epoch 13/20
2/2 [==============================] - 1s 769ms/step - loss: 5.6680 - accuracy: 0.3333 - val_loss: 5.3922 - val_accuracy: 0.4000 - lr: 1.0000e-04
Epoch 14/20
2/2 [==============================] - 1s 708ms/step - loss: 5.5994 - accuracy: 0.2333 - val_loss: 5.3194 - val_accuracy: 0.4000 - lr: 1.0000e-04
Epoch 15/20
2/2 [==============================] - 1s 724ms/step - loss: 5.5378 - accuracy: 0.1833 - val_loss: 5.2497 - val_accuracy: 0.4000 - lr: 1.0000e-04
Epoch 16/20
2/2 [==============================] - 1s 769ms/step - loss: 5.4960 - accuracy: 0.2500 - val_loss: 5.1518 - val_accuracy: 0.4000 - lr: 1.0000e-04
Epoch 17/20
2/2 [==============================] - 1s 715ms/step - loss: 5.2716 - accuracy: 0.3333 - val_loss: 5.0548 - val_accuracy: 0.4000 - lr: 1.0000e-04
Epoch 18/20
2/2 [==============================] - 1s 710ms/step - loss: 5.1770 - accuracy: 0.3833 - val_loss: 4.9721 - val_accuracy: 0.4000 - lr: 1.0000e-04
Epoch 19/20
2/2 [==============================] - 1s 715ms/step - loss: 5.1677 - accuracy: 0.2500 - val_loss: 4.9095 - val_accuracy: 0.4000 - lr: 1.0000e-04
Epoch 20/20
2/2 [==============================] - 1s 698ms/step - loss: 5.1190 - accuracy: 0.1667 - val_loss: 4.8701 - val_accuracy: 0.4000 - lr: 1.0000e-04
1/1 [==============================] - 0s 142ms/step - loss: 5.0013 - accuracy: 0.1429
Found 60 images belonging to 6 classes.
Found 5 images belonging to 6 classes.
Found 7 images belonging to 6 classes.
Epoch 1/10
2/2 [==============================] - 2s 984ms/step - loss: 7.1641 - accuracy: 0.1167 - val_loss: 6.8933 - val_accuracy: 0.2000 - lr: 1.0000e-04
Epoch 2/10
2/2 [==============================] - 1s 618ms/step - loss: 6.9668 - accuracy: 0.1833 - val_loss: 6.7600 - val_accuracy: 0.2000 - lr: 1.0000e-04
Epoch 3/10
2/2 [==============================] - 1s 787ms/step - loss: 6.8284 - accuracy: 0.1833 - val_loss: 6.6613 - val_accuracy: 0.2000 - lr: 1.0000e-04
Epoch 4/10
2/2 [==============================] - 1s 708ms/step - loss: 6.6550 - accuracy: 0.2500 - val_loss: 6.5340 - val_accuracy: 0.0000e+00 - lr: 1.0000e-04
Epoch 5/10
2/2 [==============================] - 1s 760ms/step - loss: 6.6057 - accuracy: 0.2167 - val_loss: 6.3752 - val_accuracy: 0.0000e+00 - lr: 1.0000e-04
Epoch 6/10
2/2 [==============================] - 1s 650ms/step - loss: 6.4752 - accuracy: 0.2000 - val_loss: 6.1858 - val_accuracy: 0.4000 - lr: 1.0000e-04
Epoch 7/10
2/2 [==============================] - 1s 622ms/step - loss: 6.2944 - accuracy: 0.2500 - val_loss: 5.9985 - val_accuracy: 0.6000 - lr: 1.0000e-04
Epoch 8/10
2/2 [==============================] - 1s 731ms/step - loss: 6.2276 - accuracy: 0.2333 - val_loss: 5.8317 - val_accuracy: 0.6000 - lr: 1.0000e-04
Epoch 9/10
2/2 [==============================] - 1s 752ms/step - loss: 6.0378 - accuracy: 0.2500 - val_loss: 5.7026 - val_accuracy: 0.6000 - lr: 1.0000e-04
Epoch 10/10
2/2 [==============================] - 1s 604ms/step - loss: 5.9956 - accuracy: 0.1500 - val_loss: 5.5928 - val_accuracy: 0.6000 - lr: 1.0000e-04
1/1 [==============================] - 0s 148ms/step - loss: 5.8232 - accuracy: 0.2857
Found 60 images belonging to 6 classes.
Found 5 images belonging to 6 classes.
Found 7 images belonging to 6 classes.
Epoch 1/20
2/2 [==============================] - 3s 1s/step - loss: 7.1197 - accuracy: 0.1833 - val_loss: 7.0930 - val_accuracy: 0.0000e+00 - lr: 1.0000e-04
Epoch 2/20
2/2 [==============================] - 1s 678ms/step - loss: 6.9428 - accuracy: 0.1500 - val_loss: 6.9463 - val_accuracy: 0.0000e+00 - lr: 1.0000e-04
Epoch 3/20
2/2 [==============================] - 1s 716ms/step - loss: 6.7680 - accuracy: 0.2000 - val_loss: 6.7610 - val_accuracy: 0.2000 - lr: 1.0000e-04
Epoch 4/20
2/2 [==============================] - 1s 649ms/step - loss: 6.6161 - accuracy: 0.2000 - val_loss: 6.5599 - val_accuracy: 0.2000 - lr: 1.0000e-04
Epoch 5/20
2/2 [==============================] - 1s 592ms/step - loss: 6.4776 - accuracy: 0.1333 - val_loss: 6.3566 - val_accuracy: 0.2000 - lr: 1.0000e-04
Epoch 6/20
2/2 [==============================] - 1s 653ms/step - loss: 6.3468 - accuracy: 0.1500 - val_loss: 6.1576 - val_accuracy: 0.2000 - lr: 1.0000e-04
Epoch 7/20
2/2 [==============================] - 1s 620ms/step - loss: 6.1729 - accuracy: 0.2333 - val_loss: 5.9861 - val_accuracy: 0.2000 - lr: 1.0000e-04
Epoch 8/20
2/2 [==============================] - 1s 789ms/step - loss: 6.0151 - accuracy: 0.1500 - val_loss: 5.8316 - val_accuracy: 0.2000 - lr: 1.0000e-04
Epoch 9/20
2/2 [==============================] - 1s 726ms/step - loss: 5.9292 - accuracy: 0.1167 - val_loss: 5.7019 - val_accuracy: 0.2000 - lr: 1.0000e-04
Epoch 10/20
2/2 [==============================] - 1s 596ms/step - loss: 5.7615 - accuracy: 0.1500 - val_loss: 5.5653 - val_accuracy: 0.2000 - lr: 1.0000e-04
Epoch 11/20
2/2 [==============================] - 1s 762ms/step - loss: 5.6381 - accuracy: 0.1833 - val_loss: 5.4418 - val_accuracy: 0.2000 - lr: 1.0000e-04
Epoch 12/20
2/2 [==============================] - 1s 659ms/step - loss: 5.4941 - accuracy: 0.2333 - val_loss: 5.3232 - val_accuracy: 0.2000 - lr: 1.0000e-04
Epoch 13/20
2/2 [==============================] - 1s 614ms/step - loss: 5.3950 - accuracy: 0.1667 - val_loss: 5.2103 - val_accuracy: 0.2000 - lr: 1.0000e-04
Epoch 14/20
2/2 [==============================] - 1s 793ms/step - loss: 5.2846 - accuracy: 0.1833 - val_loss: 5.1054 - val_accuracy: 0.2000 - lr: 1.0000e-04
Epoch 15/20
2/2 [==============================] - 1s 703ms/step - loss: 5.1490 - accuracy: 0.2833 - val_loss: 5.0152 - val_accuracy: 0.4000 - lr: 1.0000e-04
Epoch 16/20
2/2 [==============================] - 1s 617ms/step - loss: 5.0580 - accuracy: 0.2000 - val_loss: 4.9194 - val_accuracy: 0.4000 - lr: 1.0000e-04
Epoch 17/20
2/2 [==============================] - 1s 740ms/step - loss: 4.9334 - accuracy: 0.2667 - val_loss: 4.8094 - val_accuracy: 0.4000 - lr: 1.0000e-04
Epoch 18/20
2/2 [==============================] - 1s 605ms/step - loss: 4.8268 - accuracy: 0.2333 - val_loss: 4.6978 - val_accuracy: 0.4000 - lr: 1.0000e-04
Epoch 19/20
2/2 [==============================] - 1s 689ms/step - loss: 4.7465 - accuracy: 0.2500 - val_loss: 4.6040 - val_accuracy: 0.4000 - lr: 1.0000e-04
Epoch 20/20
2/2 [==============================] - 1s 685ms/step - loss: 4.6471 - accuracy: 0.3167 - val_loss: 4.5127 - val_accuracy: 0.6000 - lr: 1.0000e-04
1/1 [==============================] - 0s 144ms/step - loss: 4.5489 - accuracy: 0.1429
Found 60 images belonging to 6 classes.
Found 5 images belonging to 6 classes.
Found 7 images belonging to 6 classes.
Epoch 1/10
2/2 [==============================] - 3s 1s/step - loss: 7.4763 - accuracy: 0.1000 - val_loss: 7.3203 - val_accuracy: 0.2000 - lr: 1.0000e-04
Epoch 2/10
2/2 [==============================] - 2s 806ms/step - loss: 7.2067 - accuracy: 0.1500 - val_loss: 6.9542 - val_accuracy: 0.2000 - lr: 1.0000e-04
Epoch 3/10
2/2 [==============================] - 2s 879ms/step - loss: 7.0665 - accuracy: 0.1333 - val_loss: 6.8000 - val_accuracy: 0.2000 - lr: 1.0000e-04
Epoch 4/10
2/2 [==============================] - 2s 752ms/step - loss: 6.9044 - accuracy: 0.1667 - val_loss: 6.6470 - val_accuracy: 0.2000 - lr: 1.0000e-04
Epoch 5/10
2/2 [==============================] - 2s 693ms/step - loss: 6.7237 - accuracy: 0.2167 - val_loss: 6.5565 - val_accuracy: 0.2000 - lr: 1.0000e-04
Epoch 6/10
2/2 [==============================] - 2s 800ms/step - loss: 6.6031 - accuracy: 0.1667 - val_loss: 6.4632 - val_accuracy: 0.2000 - lr: 1.0000e-04
Epoch 7/10
2/2 [==============================] - 2s 740ms/step - loss: 6.4677 - accuracy: 0.1167 - val_loss: 6.3525 - val_accuracy: 0.2000 - lr: 1.0000e-04
Epoch 8/10
2/2 [==============================] - 2s 856ms/step - loss: 6.2443 - accuracy: 0.2833 - val_loss: 6.2007 - val_accuracy: 0.4000 - lr: 1.0000e-04
Epoch 9/10
2/2 [==============================] - 2s 746ms/step - loss: 6.1905 - accuracy: 0.2333 - val_loss: 6.0486 - val_accuracy: 0.4000 - lr: 1.0000e-04
Epoch 10/10
2/2 [==============================] - 2s 749ms/step - loss: 5.9979 - accuracy: 0.2500 - val_loss: 5.8933 - val_accuracy: 0.4000 - lr: 1.0000e-04
1/1 [==============================] - 0s 243ms/step - loss: 5.9134 - accuracy: 0.1429
Found 60 images belonging to 6 classes.
Found 5 images belonging to 6 classes.
Found 7 images belonging to 6 classes.
Epoch 1/20
2/2 [==============================] - 3s 1s/step - loss: 7.3725 - accuracy: 0.1167 - val_loss: 7.3328 - val_accuracy: 0.0000e+00 - lr: 1.0000e-04
Epoch 2/20
2/2 [==============================] - 2s 798ms/step - loss: 7.0987 - accuracy: 0.2167 - val_loss: 6.9341 - val_accuracy: 0.2000 - lr: 1.0000e-04
Epoch 3/20
2/2 [==============================] - 2s 833ms/step - loss: 6.9262 - accuracy: 0.2000 - val_loss: 6.6484 - val_accuracy: 0.2000 - lr: 1.0000e-04
Epoch 4/20
2/2 [==============================] - 2s 879ms/step - loss: 6.7305 - accuracy: 0.1000 - val_loss: 6.4357 - val_accuracy: 0.2000 - lr: 1.0000e-04
Epoch 5/20
2/2 [==============================] - 2s 810ms/step - loss: 6.5319 - accuracy: 0.2000 - val_loss: 6.2967 - val_accuracy: 0.2000 - lr: 1.0000e-04
Epoch 6/20
2/2 [==============================] - 2s 717ms/step - loss: 6.2835 - accuracy: 0.3000 - val_loss: 6.1855 - val_accuracy: 0.2000 - lr: 1.0000e-04
Epoch 7/20
2/2 [==============================] - 2s 824ms/step - loss: 6.1598 - accuracy: 0.2000 - val_loss: 6.0565 - val_accuracy: 0.0000e+00 - lr: 1.0000e-04
Epoch 8/20
2/2 [==============================] - 2s 685ms/step - loss: 6.0253 - accuracy: 0.2333 - val_loss: 5.9179 - val_accuracy: 0.0000e+00 - lr: 1.0000e-04
Epoch 9/20
2/2 [==============================] - 2s 737ms/step - loss: 5.8532 - accuracy: 0.2667 - val_loss: 5.7710 - val_accuracy: 0.0000e+00 - lr: 1.0000e-04
Epoch 10/20
2/2 [==============================] - 2s 828ms/step - loss: 5.6892 - accuracy: 0.2000 - val_loss: 5.6247 - val_accuracy: 0.0000e+00 - lr: 1.0000e-04
Epoch 11/20
2/2 [==============================] - 2s 699ms/step - loss: 5.5562 - accuracy: 0.2167 - val_loss: 5.4701 - val_accuracy: 0.0000e+00 - lr: 1.0000e-04
Epoch 12/20
2/2 [==============================] - 2s 789ms/step - loss: 5.4193 - accuracy: 0.2000 - val_loss: 5.3118 - val_accuracy: 0.2000 - lr: 1.0000e-04
Epoch 13/20
2/2 [==============================] - 2s 750ms/step - loss: 5.2717 - accuracy: 0.3000 - val_loss: 5.1551 - val_accuracy: 0.4000 - lr: 1.0000e-04
Epoch 14/20
2/2 [==============================] - 2s 846ms/step - loss: 5.0745 - accuracy: 0.3167 - val_loss: 5.0071 - val_accuracy: 0.4000 - lr: 1.0000e-04
Epoch 15/20
2/2 [==============================] - 2s 892ms/step - loss: 5.0052 - accuracy: 0.2833 - val_loss: 4.8917 - val_accuracy: 0.4000 - lr: 1.0000e-04
Epoch 16/20
2/2 [==============================] - 2s 712ms/step - loss: 4.8684 - accuracy: 0.3333 - val_loss: 4.7875 - val_accuracy: 0.4000 - lr: 1.0000e-04
Epoch 17/20
2/2 [==============================] - 2s 800ms/step - loss: 4.7243 - accuracy: 0.3000 - val_loss: 4.6876 - val_accuracy: 0.4000 - lr: 1.0000e-04
Epoch 18/20
2/2 [==============================] - 2s 975ms/step - loss: 4.6670 - accuracy: 0.3000 - val_loss: 4.5934 - val_accuracy: 0.4000 - lr: 1.0000e-04
Epoch 19/20
2/2 [==============================] - 2s 853ms/step - loss: 4.6784 - accuracy: 0.2500 - val_loss: 4.4799 - val_accuracy: 0.2000 - lr: 1.0000e-04
Epoch 20/20
2/2 [==============================] - 2s 873ms/step - loss: 4.5026 - accuracy: 0.2500 - val_loss: 4.3652 - val_accuracy: 0.2000 - lr: 1.0000e-04
1/1 [==============================] - 0s 158ms/step - loss: 4.4434 - accuracy: 0.2857
Found 60 images belonging to 6 classes.
Found 5 images belonging to 6 classes.
Found 7 images belonging to 6 classes.
Epoch 1/10
2/2 [==============================] - 3s 1s/step - loss: 7.3372 - accuracy: 0.1667 - val_loss: 7.2721 - val_accuracy: 0.2000 - lr: 1.0000e-04
Epoch 2/10
2/2 [==============================] - 2s 805ms/step - loss: 7.1494 - accuracy: 0.2167 - val_loss: 6.8725 - val_accuracy: 0.2000 - lr: 1.0000e-04
Epoch 3/10
2/2 [==============================] - 2s 958ms/step - loss: 7.0220 - accuracy: 0.1500 - val_loss: 6.6557 - val_accuracy: 0.4000 - lr: 1.0000e-04
Epoch 4/10
2/2 [==============================] - 2s 704ms/step - loss: 6.7661 - accuracy: 0.1833 - val_loss: 6.5633 - val_accuracy: 0.4000 - lr: 1.0000e-04
Epoch 5/10
2/2 [==============================] - 2s 746ms/step - loss: 6.5329 - accuracy: 0.2167 - val_loss: 6.4861 - val_accuracy: 0.2000 - lr: 1.0000e-04
Epoch 6/10
2/2 [==============================] - 2s 943ms/step - loss: 6.4317 - accuracy: 0.2167 - val_loss: 6.3378 - val_accuracy: 0.2000 - lr: 1.0000e-04
Epoch 7/10
2/2 [==============================] - 2s 766ms/step - loss: 6.2933 - accuracy: 0.2167 - val_loss: 6.1396 - val_accuracy: 0.2000 - lr: 1.0000e-04
Epoch 8/10
2/2 [==============================] - 2s 855ms/step - loss: 6.0916 - accuracy: 0.1667 - val_loss: 5.9307 - val_accuracy: 0.4000 - lr: 1.0000e-04
Epoch 9/10
2/2 [==============================] - 2s 720ms/step - loss: 5.8959 - accuracy: 0.2667 - val_loss: 5.7413 - val_accuracy: 0.4000 - lr: 1.0000e-04
Epoch 10/10
2/2 [==============================] - 2s 820ms/step - loss: 5.7632 - accuracy: 0.2333 - val_loss: 5.5912 - val_accuracy: 0.4000 - lr: 1.0000e-04
1/1 [==============================] - 0s 163ms/step - loss: 5.6383 - accuracy: 0.2857
Found 60 images belonging to 6 classes.
Found 5 images belonging to 6 classes.
Found 7 images belonging to 6 classes.
Epoch 1/20
2/2 [==============================] - 2s 1s/step - loss: 7.3537 - accuracy: 0.0667 - val_loss: 7.1225 - val_accuracy: 0.2000 - lr: 1.0000e-04
Epoch 2/20
2/2 [==============================] - 2s 786ms/step - loss: 7.1115 - accuracy: 0.1167 - val_loss: 6.7796 - val_accuracy: 0.4000 - lr: 1.0000e-04
Epoch 3/20
2/2 [==============================] - 2s 890ms/step - loss: 6.9056 - accuracy: 0.2333 - val_loss: 6.5350 - val_accuracy: 0.4000 - lr: 1.0000e-04
Epoch 4/20
2/2 [==============================] - 2s 792ms/step - loss: 6.6008 - accuracy: 0.3000 - val_loss: 6.3828 - val_accuracy: 0.4000 - lr: 1.0000e-04
Epoch 5/20
2/2 [==============================] - 2s 920ms/step - loss: 6.5280 - accuracy: 0.1167 - val_loss: 6.2577 - val_accuracy: 0.0000e+00 - lr: 1.0000e-04
Epoch 6/20
2/2 [==============================] - 2s 837ms/step - loss: 6.2595 - accuracy: 0.2000 - val_loss: 6.0902 - val_accuracy: 0.0000e+00 - lr: 1.0000e-04
Epoch 7/20
2/2 [==============================] - 2s 726ms/step - loss: 6.0692 - accuracy: 0.2667 - val_loss: 5.9068 - val_accuracy: 0.0000e+00 - lr: 1.0000e-04
Epoch 8/20
2/2 [==============================] - 2s 886ms/step - loss: 5.8708 - accuracy: 0.3167 - val_loss: 5.7265 - val_accuracy: 0.2000 - lr: 1.0000e-04
Epoch 9/20
2/2 [==============================] - 2s 681ms/step - loss: 5.7896 - accuracy: 0.1333 - val_loss: 5.5282 - val_accuracy: 0.2000 - lr: 1.0000e-04
Epoch 10/20
2/2 [==============================] - 2s 855ms/step - loss: 5.5508 - accuracy: 0.2333 - val_loss: 5.3606 - val_accuracy: 0.2000 - lr: 1.0000e-04
Epoch 11/20
2/2 [==============================] - 2s 839ms/step - loss: 5.4084 - accuracy: 0.3333 - val_loss: 5.2127 - val_accuracy: 0.2000 - lr: 1.0000e-04
Epoch 12/20
2/2 [==============================] - 2s 725ms/step - loss: 5.2173 - accuracy: 0.3333 - val_loss: 5.0666 - val_accuracy: 0.2000 - lr: 1.0000e-04
Epoch 13/20
2/2 [==============================] - 2s 774ms/step - loss: 5.0984 - accuracy: 0.3333 - val_loss: 4.9106 - val_accuracy: 0.2000 - lr: 1.0000e-04
Epoch 14/20
2/2 [==============================] - 2s 864ms/step - loss: 4.9854 - accuracy: 0.2167 - val_loss: 4.7581 - val_accuracy: 0.2000 - lr: 1.0000e-04
Epoch 15/20
2/2 [==============================] - 2s 757ms/step - loss: 4.8456 - accuracy: 0.2667 - val_loss: 4.5830 - val_accuracy: 0.6000 - lr: 1.0000e-04
Epoch 16/20
2/2 [==============================] - 2s 866ms/step - loss: 4.6685 - accuracy: 0.2667 - val_loss: 4.4259 - val_accuracy: 0.8000 - lr: 1.0000e-04
Epoch 17/20
2/2 [==============================] - 2s 681ms/step - loss: 4.6131 - accuracy: 0.2167 - val_loss: 4.2964 - val_accuracy: 0.8000 - lr: 1.0000e-04
Epoch 18/20
2/2 [==============================] - 2s 842ms/step - loss: 4.4590 - accuracy: 0.2833 - val_loss: 4.1830 - val_accuracy: 0.8000 - lr: 1.0000e-04
Epoch 19/20
2/2 [==============================] - 2s 782ms/step - loss: 4.4156 - accuracy: 0.2167 - val_loss: 4.0923 - val_accuracy: 0.8000 - lr: 1.0000e-04
Epoch 20/20
2/2 [==============================] - 2s 696ms/step - loss: 4.2347 - accuracy: 0.3000 - val_loss: 4.0269 - val_accuracy: 0.4000 - lr: 1.0000e-04
1/1 [==============================] - 0s 151ms/step - loss: 4.1638 - accuracy: 0.4286
Found 60 images belonging to 6 classes.
Found 5 images belonging to 6 classes.
Found 7 images belonging to 6 classes.
Epoch 1/10
2/2 [==============================] - 3s 1s/step - loss: 7.3498 - accuracy: 0.1833 - val_loss: 7.1324 - val_accuracy: 0.2000 - lr: 1.0000e-04
Epoch 2/10
2/2 [==============================] - 2s 844ms/step - loss: 7.1967 - accuracy: 0.1667 - val_loss: 7.0477 - val_accuracy: 0.0000e+00 - lr: 1.0000e-04
Epoch 3/10
2/2 [==============================] - 2s 853ms/step - loss: 6.9952 - accuracy: 0.1667 - val_loss: 6.9116 - val_accuracy: 0.0000e+00 - lr: 1.0000e-04
Epoch 4/10
2/2 [==============================] - 2s 854ms/step - loss: 6.6875 - accuracy: 0.2667 - val_loss: 6.7446 - val_accuracy: 0.0000e+00 - lr: 1.0000e-04
Epoch 5/10
2/2 [==============================] - 2s 825ms/step - loss: 6.5670 - accuracy: 0.1833 - val_loss: 6.5131 - val_accuracy: 0.0000e+00 - lr: 1.0000e-04
Epoch 6/10
2/2 [==============================] - 2s 869ms/step - loss: 6.4929 - accuracy: 0.1500 - val_loss: 6.2639 - val_accuracy: 0.0000e+00 - lr: 1.0000e-04
Epoch 7/10
2/2 [==============================] - 2s 767ms/step - loss: 6.3324 - accuracy: 0.1333 - val_loss: 6.0618 - val_accuracy: 0.4000 - lr: 1.0000e-04
Epoch 8/10
2/2 [==============================] - 2s 817ms/step - loss: 5.9986 - accuracy: 0.2333 - val_loss: 5.8779 - val_accuracy: 0.6000 - lr: 1.0000e-04
Epoch 9/10
2/2 [==============================] - 2s 819ms/step - loss: 5.9485 - accuracy: 0.2667 - val_loss: 5.6951 - val_accuracy: 0.6000 - lr: 1.0000e-04
Epoch 10/10
2/2 [==============================] - 2s 771ms/step - loss: 5.7015 - accuracy: 0.3333 - val_loss: 5.5190 - val_accuracy: 0.4000 - lr: 1.0000e-04
1/1 [==============================] - 0s 153ms/step - loss: 5.7395 - accuracy: 0.1429
Found 60 images belonging to 6 classes.
Found 5 images belonging to 6 classes.
Found 7 images belonging to 6 classes.
Epoch 1/20
2/2 [==============================] - 3s 1s/step - loss: 7.3893 - accuracy: 0.1833 - val_loss: 7.2214 - val_accuracy: 0.4000 - lr: 1.0000e-04
Epoch 2/20
2/2 [==============================] - 2s 693ms/step - loss: 7.1879 - accuracy: 0.1667 - val_loss: 6.9477 - val_accuracy: 0.2000 - lr: 1.0000e-04
Epoch 3/20
2/2 [==============================] - 2s 769ms/step - loss: 6.9578 - accuracy: 0.2167 - val_loss: 6.7593 - val_accuracy: 0.2000 - lr: 1.0000e-04
Epoch 4/20
2/2 [==============================] - 2s 700ms/step - loss: 6.7975 - accuracy: 0.1833 - val_loss: 6.5434 - val_accuracy: 0.4000 - lr: 1.0000e-04
Epoch 5/20
2/2 [==============================] - 2s 734ms/step - loss: 6.6569 - accuracy: 0.1667 - val_loss: 6.4028 - val_accuracy: 0.2000 - lr: 1.0000e-04
Epoch 6/20
2/2 [==============================] - 2s 773ms/step - loss: 6.4994 - accuracy: 0.2000 - val_loss: 6.2236 - val_accuracy: 0.2000 - lr: 1.0000e-04
Epoch 7/20
2/2 [==============================] - 2s 841ms/step - loss: 6.2770 - accuracy: 0.2333 - val_loss: 6.0553 - val_accuracy: 0.2000 - lr: 1.0000e-04
Epoch 8/20
2/2 [==============================] - 2s 838ms/step - loss: 6.1197 - accuracy: 0.2167 - val_loss: 5.8962 - val_accuracy: 0.4000 - lr: 1.0000e-04
Epoch 9/20
2/2 [==============================] - 2s 915ms/step - loss: 5.9913 - accuracy: 0.1833 - val_loss: 5.7410 - val_accuracy: 0.4000 - lr: 1.0000e-04
Epoch 10/20
2/2 [==============================] - 2s 889ms/step - loss: 5.7495 - accuracy: 0.3500 - val_loss: 5.6156 - val_accuracy: 0.4000 - lr: 1.0000e-04
Epoch 11/20
2/2 [==============================] - 2s 861ms/step - loss: 5.6628 - accuracy: 0.2167 - val_loss: 5.4782 - val_accuracy: 0.4000 - lr: 1.0000e-04
Epoch 12/20
2/2 [==============================] - 2s 818ms/step - loss: 5.5440 - accuracy: 0.1667 - val_loss: 5.3543 - val_accuracy: 0.4000 - lr: 1.0000e-04
Epoch 13/20
2/2 [==============================] - 2s 795ms/step - loss: 5.4010 - accuracy: 0.1833 - val_loss: 5.2171 - val_accuracy: 0.2000 - lr: 1.0000e-04
Epoch 14/20
2/2 [==============================] - 2s 895ms/step - loss: 5.2469 - accuracy: 0.2333 - val_loss: 5.1094 - val_accuracy: 0.2000 - lr: 1.0000e-04
Epoch 15/20
2/2 [==============================] - 2s 761ms/step - loss: 5.1375 - accuracy: 0.2000 - val_loss: 4.9823 - val_accuracy: 0.2000 - lr: 1.0000e-04
Epoch 16/20
2/2 [==============================] - 2s 899ms/step - loss: 4.9884 - accuracy: 0.3167 - val_loss: 4.8376 - val_accuracy: 0.2000 - lr: 1.0000e-04
Epoch 17/20
2/2 [==============================] - 2s 791ms/step - loss: 4.9228 - accuracy: 0.2500 - val_loss: 4.7021 - val_accuracy: 0.2000 - lr: 1.0000e-04
Epoch 18/20
2/2 [==============================] - 2s 887ms/step - loss: 4.7193 - accuracy: 0.3333 - val_loss: 4.5786 - val_accuracy: 0.2000 - lr: 1.0000e-04
Epoch 19/20
2/2 [==============================] - 2s 893ms/step - loss: 4.6324 - accuracy: 0.3000 - val_loss: 4.4946 - val_accuracy: 0.2000 - lr: 1.0000e-04
Epoch 20/20
2/2 [==============================] - 2s 775ms/step - loss: 4.6008 - accuracy: 0.2833 - val_loss: 4.4278 - val_accuracy: 0.2000 - lr: 1.0000e-04
1/1 [==============================] - 0s 198ms/step - loss: 4.5857 - accuracy: 0.1429
Found 60 images belonging to 6 classes.
Found 5 images belonging to 6 classes.
Found 7 images belonging to 6 classes.
Epoch 1/10
2/2 [==============================] - 3s 1s/step - loss: 7.3813 - accuracy: 0.1333 - val_loss: 7.0727 - val_accuracy: 0.4000 - lr: 1.0000e-04
Epoch 2/10
2/2 [==============================] - 2s 952ms/step - loss: 7.2305 - accuracy: 0.1667 - val_loss: 7.0688 - val_accuracy: 0.2000 - lr: 1.0000e-04
Epoch 3/10
2/2 [==============================] - 2s 893ms/step - loss: 6.9905 - accuracy: 0.1667 - val_loss: 6.9420 - val_accuracy: 0.0000e+00 - lr: 1.0000e-04
Epoch 4/10
2/2 [==============================] - 2s 791ms/step - loss: 6.8511 - accuracy: 0.2000 - val_loss: 6.8380 - val_accuracy: 0.2000 - lr: 1.0000e-04
Epoch 5/10
2/2 [==============================] - 2s 865ms/step - loss: 6.7124 - accuracy: 0.1833 - val_loss: 6.6865 - val_accuracy: 0.2000 - lr: 1.0000e-04
Epoch 6/10
2/2 [==============================] - 2s 672ms/step - loss: 6.5094 - accuracy: 0.1500 - val_loss: 6.5254 - val_accuracy: 0.2000 - lr: 1.0000e-04
Epoch 7/10
2/2 [==============================] - 2s 735ms/step - loss: 6.3293 - accuracy: 0.2667 - val_loss: 6.3292 - val_accuracy: 0.2000 - lr: 1.0000e-04
Epoch 8/10
2/2 [==============================] - 2s 800ms/step - loss: 6.1807 - accuracy: 0.2333 - val_loss: 6.0855 - val_accuracy: 0.2000 - lr: 1.0000e-04
Epoch 9/10
2/2 [==============================] - 2s 729ms/step - loss: 5.9918 - accuracy: 0.2667 - val_loss: 5.8710 - val_accuracy: 0.2000 - lr: 1.0000e-04
Epoch 10/10
2/2 [==============================] - 2s 721ms/step - loss: 5.9014 - accuracy: 0.1833 - val_loss: 5.6928 - val_accuracy: 0.6000 - lr: 1.0000e-04
1/1 [==============================] - 0s 167ms/step - loss: 5.7615 - accuracy: 0.2857
Found 60 images belonging to 6 classes.
Found 5 images belonging to 6 classes.
Found 7 images belonging to 6 classes.
Epoch 1/20
2/2 [==============================] - 3s 1s/step - loss: 7.3644 - accuracy: 0.1000 - val_loss: 7.2280 - val_accuracy: 0.2000 - lr: 1.0000e-04
Epoch 2/20
2/2 [==============================] - 2s 892ms/step - loss: 7.1008 - accuracy: 0.2000 - val_loss: 6.9527 - val_accuracy: 0.2000 - lr: 1.0000e-04
Epoch 3/20
2/2 [==============================] - 2s 874ms/step - loss: 7.0662 - accuracy: 0.1833 - val_loss: 6.7245 - val_accuracy: 0.2000 - lr: 1.0000e-04
Epoch 4/20
2/2 [==============================] - 2s 837ms/step - loss: 6.7791 - accuracy: 0.1667 - val_loss: 6.5357 - val_accuracy: 0.4000 - lr: 1.0000e-04
Epoch 5/20
2/2 [==============================] - 2s 723ms/step - loss: 6.6412 - accuracy: 0.1667 - val_loss: 6.3867 - val_accuracy: 0.2000 - lr: 1.0000e-04
Epoch 6/20
2/2 [==============================] - 2s 734ms/step - loss: 6.3965 - accuracy: 0.2667 - val_loss: 6.2336 - val_accuracy: 0.2000 - lr: 1.0000e-04
Epoch 7/20
2/2 [==============================] - 2s 918ms/step - loss: 6.2326 - accuracy: 0.2333 - val_loss: 6.0671 - val_accuracy: 0.2000 - lr: 1.0000e-04
Epoch 8/20
2/2 [==============================] - 2s 865ms/step - loss: 6.0710 - accuracy: 0.2333 - val_loss: 5.8945 - val_accuracy: 0.2000 - lr: 1.0000e-04
Epoch 9/20
2/2 [==============================] - 2s 804ms/step - loss: 5.9065 - accuracy: 0.2667 - val_loss: 5.7073 - val_accuracy: 0.4000 - lr: 1.0000e-04
Epoch 10/20
2/2 [==============================] - 2s 801ms/step - loss: 5.7760 - accuracy: 0.2000 - val_loss: 5.5049 - val_accuracy: 0.4000 - lr: 1.0000e-04
Epoch 11/20
2/2 [==============================] - 2s 813ms/step - loss: 5.6372 - accuracy: 0.2833 - val_loss: 5.3277 - val_accuracy: 0.4000 - lr: 1.0000e-04
Epoch 12/20
2/2 [==============================] - 2s 874ms/step - loss: 5.5222 - accuracy: 0.2167 - val_loss: 5.1967 - val_accuracy: 0.4000 - lr: 1.0000e-04
Epoch 13/20
2/2 [==============================] - 2s 877ms/step - loss: 5.2665 - accuracy: 0.3167 - val_loss: 5.0649 - val_accuracy: 0.4000 - lr: 1.0000e-04
Epoch 14/20
2/2 [==============================] - 1s 709ms/step - loss: 5.2591 - accuracy: 0.2500 - val_loss: 4.9474 - val_accuracy: 0.4000 - lr: 1.0000e-04
Epoch 15/20
2/2 [==============================] - 2s 869ms/step - loss: 5.0469 - accuracy: 0.3167 - val_loss: 4.8187 - val_accuracy: 0.4000 - lr: 1.0000e-04
Epoch 16/20
2/2 [==============================] - 2s 710ms/step - loss: 4.9922 - accuracy: 0.1667 - val_loss: 4.7093 - val_accuracy: 0.4000 - lr: 1.0000e-04
Epoch 17/20
2/2 [==============================] - 2s 853ms/step - loss: 4.8641 - accuracy: 0.2167 - val_loss: 4.6130 - val_accuracy: 0.4000 - lr: 1.0000e-04
Epoch 18/20
2/2 [==============================] - 2s 757ms/step - loss: 4.7502 - accuracy: 0.2833 - val_loss: 4.4978 - val_accuracy: 0.8000 - lr: 1.0000e-04
Epoch 19/20
2/2 [==============================] - 2s 846ms/step - loss: 4.6007 - accuracy: 0.2333 - val_loss: 4.3877 - val_accuracy: 0.8000 - lr: 1.0000e-04
Epoch 20/20
2/2 [==============================] - 2s 873ms/step - loss: 4.5469 - accuracy: 0.2667 - val_loss: 4.2969 - val_accuracy: 0.6000 - lr: 1.0000e-04
1/1 [==============================] - 0s 160ms/step - loss: 4.5512 - accuracy: 0.1429
Found 60 images belonging to 6 classes.
Found 5 images belonging to 6 classes.
Found 7 images belonging to 6 classes.
Epoch 1/10
2/2 [==============================] - 2s 982ms/step - loss: 7.1030 - accuracy: 0.2167 - val_loss: 7.0396 - val_accuracy: 0.2000 - lr: 1.0000e-04
Epoch 2/10
2/2 [==============================] - 1s 656ms/step - loss: 7.0128 - accuracy: 0.1000 - val_loss: 6.8898 - val_accuracy: 0.0000e+00 - lr: 1.0000e-04
Epoch 3/10
2/2 [==============================] - 1s 712ms/step - loss: 6.8562 - accuracy: 0.1833 - val_loss: 6.7202 - val_accuracy: 0.4000 - lr: 1.0000e-04
Epoch 4/10
2/2 [==============================] - 1s 636ms/step - loss: 6.7697 - accuracy: 0.1333 - val_loss: 6.5944 - val_accuracy: 0.2000 - lr: 1.0000e-04
Epoch 5/10
2/2 [==============================] - 1s 666ms/step - loss: 6.5838 - accuracy: 0.1833 - val_loss: 6.4697 - val_accuracy: 0.2000 - lr: 1.0000e-04
Epoch 6/10
2/2 [==============================] - 1s 670ms/step - loss: 6.5188 - accuracy: 0.1500 - val_loss: 6.3682 - val_accuracy: 0.0000e+00 - lr: 1.0000e-04
Epoch 7/10
2/2 [==============================] - 1s 701ms/step - loss: 6.4108 - accuracy: 0.1833 - val_loss: 6.2591 - val_accuracy: 0.4000 - lr: 1.0000e-04
Epoch 8/10
2/2 [==============================] - 1s 647ms/step - loss: 6.3303 - accuracy: 0.1833 - val_loss: 6.1492 - val_accuracy: 0.4000 - lr: 1.0000e-04
Epoch 9/10
2/2 [==============================] - 1s 705ms/step - loss: 6.1600 - accuracy: 0.2000 - val_loss: 6.0548 - val_accuracy: 0.2000 - lr: 1.0000e-04
Epoch 10/10
2/2 [==============================] - 1s 768ms/step - loss: 6.0910 - accuracy: 0.1833 - val_loss: 5.9581 - val_accuracy: 0.2000 - lr: 1.0000e-04
1/1 [==============================] - 0s 153ms/step - loss: 5.9709 - accuracy: 0.0000e+00
Found 60 images belonging to 6 classes.
Found 5 images belonging to 6 classes.
Found 7 images belonging to 6 classes.
Epoch 1/20
2/2 [==============================] - 3s 861ms/step - loss: 7.0980 - accuracy: 0.2167 - val_loss: 7.0498 - val_accuracy: 0.0000e+00 - lr: 1.0000e-04
Epoch 2/20
2/2 [==============================] - 1s 632ms/step - loss: 7.0055 - accuracy: 0.1500 - val_loss: 6.9700 - val_accuracy: 0.0000e+00 - lr: 1.0000e-04
Epoch 3/20
2/2 [==============================] - 1s 629ms/step - loss: 6.8541 - accuracy: 0.2167 - val_loss: 6.8503 - val_accuracy: 0.0000e+00 - lr: 1.0000e-04
Epoch 4/20
2/2 [==============================] - 1s 647ms/step - loss: 6.7183 - accuracy: 0.2167 - val_loss: 6.6554 - val_accuracy: 0.0000e+00 - lr: 1.0000e-04
Epoch 5/20
2/2 [==============================] - 1s 718ms/step - loss: 6.6165 - accuracy: 0.1667 - val_loss: 6.4773 - val_accuracy: 0.2000 - lr: 1.0000e-04
Epoch 6/20
2/2 [==============================] - 1s 720ms/step - loss: 6.4754 - accuracy: 0.1833 - val_loss: 6.3154 - val_accuracy: 0.2000 - lr: 1.0000e-04
Epoch 7/20
2/2 [==============================] - 1s 648ms/step - loss: 6.3880 - accuracy: 0.2000 - val_loss: 6.1799 - val_accuracy: 0.2000 - lr: 1.0000e-04
Epoch 8/20
2/2 [==============================] - 1s 745ms/step - loss: 6.3072 - accuracy: 0.2667 - val_loss: 6.0455 - val_accuracy: 0.2000 - lr: 1.0000e-04
Epoch 9/20
2/2 [==============================] - 1s 649ms/step - loss: 6.1694 - accuracy: 0.1667 - val_loss: 5.9384 - val_accuracy: 0.2000 - lr: 1.0000e-04
Epoch 10/20
2/2 [==============================] - 1s 632ms/step - loss: 6.0647 - accuracy: 0.3000 - val_loss: 5.8369 - val_accuracy: 0.2000 - lr: 1.0000e-04
Epoch 11/20
2/2 [==============================] - 1s 704ms/step - loss: 5.9678 - accuracy: 0.1500 - val_loss: 5.7531 - val_accuracy: 0.4000 - lr: 1.0000e-04
Epoch 12/20
2/2 [==============================] - 1s 690ms/step - loss: 5.8658 - accuracy: 0.2500 - val_loss: 5.6649 - val_accuracy: 0.2000 - lr: 1.0000e-04
Epoch 13/20
2/2 [==============================] - 1s 692ms/step - loss: 5.9374 - accuracy: 0.1500 - val_loss: 5.5885 - val_accuracy: 0.2000 - lr: 1.0000e-04
Epoch 14/20
2/2 [==============================] - 1s 708ms/step - loss: 5.8037 - accuracy: 0.2000 - val_loss: 5.5107 - val_accuracy: 0.2000 - lr: 1.0000e-04
Epoch 15/20
2/2 [==============================] - 1s 660ms/step - loss: 5.6678 - accuracy: 0.1833 - val_loss: 5.4329 - val_accuracy: 0.4000 - lr: 1.0000e-04
Epoch 16/20
2/2 [==============================] - 1s 710ms/step - loss: 5.6623 - accuracy: 0.2000 - val_loss: 5.3677 - val_accuracy: 0.4000 - lr: 1.0000e-04
Epoch 17/20
2/2 [==============================] - 1s 610ms/step - loss: 5.4537 - accuracy: 0.2333 - val_loss: 5.3046 - val_accuracy: 0.4000 - lr: 1.0000e-04
Epoch 18/20
2/2 [==============================] - 1s 656ms/step - loss: 5.5365 - accuracy: 0.1333 - val_loss: 5.2441 - val_accuracy: 0.4000 - lr: 1.0000e-04
Epoch 19/20
2/2 [==============================] - 1s 749ms/step - loss: 5.3712 - accuracy: 0.2500 - val_loss: 5.1879 - val_accuracy: 0.4000 - lr: 1.0000e-04
Epoch 20/20
2/2 [==============================] - 1s 612ms/step - loss: 5.2903 - accuracy: 0.2833 - val_loss: 5.1357 - val_accuracy: 0.4000 - lr: 1.0000e-04
1/1 [==============================] - 0s 186ms/step - loss: 5.2985 - accuracy: 0.2857
Found 60 images belonging to 6 classes.
Found 5 images belonging to 6 classes.
Found 7 images belonging to 6 classes.
Epoch 1/10
2/2 [==============================] - 2s 801ms/step - loss: 7.1465 - accuracy: 0.1000 - val_loss: 7.0024 - val_accuracy: 0.2000 - lr: 1.0000e-04
Epoch 2/10
2/2 [==============================] - 1s 725ms/step - loss: 6.9183 - accuracy: 0.2333 - val_loss: 6.8289 - val_accuracy: 0.4000 - lr: 1.0000e-04
Epoch 3/10
2/2 [==============================] - 1s 665ms/step - loss: 6.7981 - accuracy: 0.2000 - val_loss: 6.6809 - val_accuracy: 0.4000 - lr: 1.0000e-04
Epoch 4/10
2/2 [==============================] - 1s 696ms/step - loss: 6.7245 - accuracy: 0.1333 - val_loss: 6.5637 - val_accuracy: 0.2000 - lr: 1.0000e-04
Epoch 5/10
2/2 [==============================] - 1s 646ms/step - loss: 6.5576 - accuracy: 0.2167 - val_loss: 6.4352 - val_accuracy: 0.2000 - lr: 1.0000e-04
Epoch 6/10
2/2 [==============================] - 1s 613ms/step - loss: 6.4261 - accuracy: 0.0833 - val_loss: 6.3158 - val_accuracy: 0.4000 - lr: 1.0000e-04
Epoch 7/10
2/2 [==============================] - 1s 663ms/step - loss: 6.3055 - accuracy: 0.2167 - val_loss: 6.1856 - val_accuracy: 0.4000 - lr: 1.0000e-04
Epoch 8/10
2/2 [==============================] - 1s 672ms/step - loss: 6.1715 - accuracy: 0.2000 - val_loss: 6.0539 - val_accuracy: 0.4000 - lr: 1.0000e-04
Epoch 9/10
2/2 [==============================] - 1s 630ms/step - loss: 6.0362 - accuracy: 0.2000 - val_loss: 5.9239 - val_accuracy: 0.4000 - lr: 1.0000e-04
Epoch 10/10
2/2 [==============================] - 1s 686ms/step - loss: 5.9459 - accuracy: 0.2333 - val_loss: 5.7976 - val_accuracy: 0.4000 - lr: 1.0000e-04
1/1 [==============================] - 0s 160ms/step - loss: 5.7714 - accuracy: 0.4286
Found 60 images belonging to 6 classes.
Found 5 images belonging to 6 classes.
Found 7 images belonging to 6 classes.
Epoch 1/20
2/2 [==============================] - 2s 995ms/step - loss: 7.1939 - accuracy: 0.1167 - val_loss: 6.9593 - val_accuracy: 0.4000 - lr: 1.0000e-04
Epoch 2/20
2/2 [==============================] - 1s 723ms/step - loss: 6.9396 - accuracy: 0.2000 - val_loss: 6.8164 - val_accuracy: 0.2000 - lr: 1.0000e-04
Epoch 3/20
2/2 [==============================] - 1s 599ms/step - loss: 6.9466 - accuracy: 0.1000 - val_loss: 6.7961 - val_accuracy: 0.2000 - lr: 1.0000e-04
Epoch 4/20
2/2 [==============================] - 1s 644ms/step - loss: 6.7555 - accuracy: 0.2000 - val_loss: 6.6518 - val_accuracy: 0.2000 - lr: 1.0000e-04
Epoch 5/20
2/2 [==============================] - 1s 691ms/step - loss: 6.6254 - accuracy: 0.1667 - val_loss: 6.5164 - val_accuracy: 0.2000 - lr: 1.0000e-04
Epoch 6/20
2/2 [==============================] - 1s 750ms/step - loss: 6.4925 - accuracy: 0.1167 - val_loss: 6.3844 - val_accuracy: 0.2000 - lr: 1.0000e-04
Epoch 7/20
2/2 [==============================] - 1s 772ms/step - loss: 6.4950 - accuracy: 0.1167 - val_loss: 6.2575 - val_accuracy: 0.0000e+00 - lr: 1.0000e-04
Epoch 8/20
2/2 [==============================] - 1s 765ms/step - loss: 6.3875 - accuracy: 0.2000 - val_loss: 6.1615 - val_accuracy: 0.2000 - lr: 1.0000e-04
Epoch 9/20
2/2 [==============================] - 1s 654ms/step - loss: 6.1819 - accuracy: 0.2167 - val_loss: 6.0780 - val_accuracy: 0.2000 - lr: 1.0000e-04
Epoch 10/20
2/2 [==============================] - 1s 662ms/step - loss: 5.9575 - accuracy: 0.3500 - val_loss: 5.9489 - val_accuracy: 0.2000 - lr: 1.0000e-04
Epoch 11/20
2/2 [==============================] - 1s 716ms/step - loss: 6.0238 - accuracy: 0.1833 - val_loss: 5.8305 - val_accuracy: 0.2000 - lr: 1.0000e-04
Epoch 12/20
2/2 [==============================] - 1s 767ms/step - loss: 5.8716 - accuracy: 0.2833 - val_loss: 5.7113 - val_accuracy: 0.2000 - lr: 1.0000e-04
Epoch 13/20
2/2 [==============================] - 1s 713ms/step - loss: 5.8685 - accuracy: 0.1500 - val_loss: 5.6000 - val_accuracy: 0.2000 - lr: 1.0000e-04
Epoch 14/20
2/2 [==============================] - 1s 753ms/step - loss: 5.7567 - accuracy: 0.2167 - val_loss: 5.4901 - val_accuracy: 0.2000 - lr: 1.0000e-04
Epoch 15/20
2/2 [==============================] - 1s 695ms/step - loss: 5.6081 - accuracy: 0.2500 - val_loss: 5.3897 - val_accuracy: 0.2000 - lr: 1.0000e-04
Epoch 16/20
2/2 [==============================] - 1s 652ms/step - loss: 5.5446 - accuracy: 0.1833 - val_loss: 5.2947 - val_accuracy: 0.4000 - lr: 1.0000e-04
Epoch 17/20
2/2 [==============================] - 1s 726ms/step - loss: 5.4351 - accuracy: 0.2667 - val_loss: 5.2017 - val_accuracy: 0.4000 - lr: 1.0000e-04
Epoch 18/20
2/2 [==============================] - 1s 627ms/step - loss: 5.4114 - accuracy: 0.1500 - val_loss: 5.1087 - val_accuracy: 0.4000 - lr: 1.0000e-04
Epoch 19/20
2/2 [==============================] - 1s 666ms/step - loss: 5.3067 - accuracy: 0.2500 - val_loss: 5.0033 - val_accuracy: 0.4000 - lr: 1.0000e-04
Epoch 20/20
2/2 [==============================] - 1s 645ms/step - loss: 5.2370 - accuracy: 0.2167 - val_loss: 4.9327 - val_accuracy: 0.4000 - lr: 1.0000e-04
1/1 [==============================] - 0s 172ms/step - loss: 5.1236 - accuracy: 0.1429
Found 60 images belonging to 6 classes.
Found 5 images belonging to 6 classes.
Found 7 images belonging to 6 classes.
Epoch 1/10
2/2 [==============================] - 2s 830ms/step - loss: 7.1396 - accuracy: 0.1167 - val_loss: 6.9744 - val_accuracy: 0.2000 - lr: 1.0000e-04
Epoch 2/10
2/2 [==============================] - 1s 651ms/step - loss: 6.9880 - accuracy: 0.1333 - val_loss: 6.8469 - val_accuracy: 0.2000 - lr: 1.0000e-04
Epoch 3/10
2/2 [==============================] - 1s 720ms/step - loss: 6.8556 - accuracy: 0.2000 - val_loss: 6.7339 - val_accuracy: 0.2000 - lr: 1.0000e-04
Epoch 4/10
2/2 [==============================] - 1s 695ms/step - loss: 6.6932 - accuracy: 0.1167 - val_loss: 6.6050 - val_accuracy: 0.2000 - lr: 1.0000e-04
Epoch 5/10
2/2 [==============================] - 1s 718ms/step - loss: 6.5789 - accuracy: 0.1833 - val_loss: 6.4646 - val_accuracy: 0.2000 - lr: 1.0000e-04
Epoch 6/10
2/2 [==============================] - 1s 702ms/step - loss: 6.4381 - accuracy: 0.1667 - val_loss: 6.3374 - val_accuracy: 0.2000 - lr: 1.0000e-04
Epoch 7/10
2/2 [==============================] - 1s 591ms/step - loss: 6.3840 - accuracy: 0.1667 - val_loss: 6.2050 - val_accuracy: 0.4000 - lr: 1.0000e-04
Epoch 8/10
2/2 [==============================] - 1s 752ms/step - loss: 6.2027 - accuracy: 0.1833 - val_loss: 6.0949 - val_accuracy: 0.2000 - lr: 1.0000e-04
Epoch 9/10
2/2 [==============================] - 1s 746ms/step - loss: 6.1476 - accuracy: 0.1667 - val_loss: 5.9867 - val_accuracy: 0.2000 - lr: 1.0000e-04
Epoch 10/10
2/2 [==============================] - 1s 706ms/step - loss: 6.0475 - accuracy: 0.1667 - val_loss: 5.8869 - val_accuracy: 0.2000 - lr: 1.0000e-04
1/1 [==============================] - 0s 137ms/step - loss: 5.9437 - accuracy: 0.0000e+00
Found 60 images belonging to 6 classes.
Found 5 images belonging to 6 classes.
Found 7 images belonging to 6 classes.
Epoch 1/20
2/2 [==============================] - 2s 865ms/step - loss: 7.0896 - accuracy: 0.1833 - val_loss: 6.9653 - val_accuracy: 0.2000 - lr: 1.0000e-04
Epoch 2/20
2/2 [==============================] - 1s 692ms/step - loss: 6.9593 - accuracy: 0.1500 - val_loss: 6.8479 - val_accuracy: 0.2000 - lr: 1.0000e-04
Epoch 3/20
2/2 [==============================] - 1s 594ms/step - loss: 6.8597 - accuracy: 0.1333 - val_loss: 6.7506 - val_accuracy: 0.2000 - lr: 1.0000e-04
Epoch 4/20
2/2 [==============================] - 1s 613ms/step - loss: 6.7076 - accuracy: 0.2333 - val_loss: 6.6368 - val_accuracy: 0.2000 - lr: 1.0000e-04
Epoch 5/20
2/2 [==============================] - 1s 714ms/step - loss: 6.5304 - accuracy: 0.2167 - val_loss: 6.5226 - val_accuracy: 0.0000e+00 - lr: 1.0000e-04
Epoch 6/20
2/2 [==============================] - 1s 710ms/step - loss: 6.4041 - accuracy: 0.2167 - val_loss: 6.4083 - val_accuracy: 0.0000e+00 - lr: 1.0000e-04
Epoch 7/20
2/2 [==============================] - 1s 677ms/step - loss: 6.3049 - accuracy: 0.1500 - val_loss: 6.2741 - val_accuracy: 0.0000e+00 - lr: 1.0000e-04
Epoch 8/20
2/2 [==============================] - 1s 670ms/step - loss: 6.2113 - accuracy: 0.1667 - val_loss: 6.0998 - val_accuracy: 0.0000e+00 - lr: 1.0000e-04
Epoch 9/20
2/2 [==============================] - 1s 738ms/step - loss: 6.0665 - accuracy: 0.2167 - val_loss: 5.9417 - val_accuracy: 0.2000 - lr: 1.0000e-04
Epoch 10/20
2/2 [==============================] - 1s 585ms/step - loss: 5.9490 - accuracy: 0.2167 - val_loss: 5.7961 - val_accuracy: 0.4000 - lr: 1.0000e-04
Epoch 11/20
2/2 [==============================] - 1s 816ms/step - loss: 5.8080 - accuracy: 0.2500 - val_loss: 5.6621 - val_accuracy: 0.4000 - lr: 1.0000e-04
Epoch 12/20
2/2 [==============================] - 1s 685ms/step - loss: 5.7419 - accuracy: 0.2333 - val_loss: 5.5567 - val_accuracy: 0.2000 - lr: 1.0000e-04
Epoch 13/20
2/2 [==============================] - 1s 807ms/step - loss: 5.6471 - accuracy: 0.1667 - val_loss: 5.4655 - val_accuracy: 0.2000 - lr: 1.0000e-04
Epoch 14/20
2/2 [==============================] - 1s 715ms/step - loss: 5.5608 - accuracy: 0.2500 - val_loss: 5.3777 - val_accuracy: 0.2000 - lr: 1.0000e-04
Epoch 15/20
2/2 [==============================] - 1s 622ms/step - loss: 5.4028 - accuracy: 0.3167 - val_loss: 5.3019 - val_accuracy: 0.2000 - lr: 1.0000e-04
Epoch 16/20
2/2 [==============================] - 1s 704ms/step - loss: 5.3526 - accuracy: 0.3000 - val_loss: 5.2211 - val_accuracy: 0.2000 - lr: 1.0000e-04
Epoch 17/20
2/2 [==============================] - 1s 775ms/step - loss: 5.2745 - accuracy: 0.2833 - val_loss: 5.1402 - val_accuracy: 0.2000 - lr: 1.0000e-04
Epoch 18/20
2/2 [==============================] - 1s 728ms/step - loss: 5.1534 - accuracy: 0.2333 - val_loss: 5.0537 - val_accuracy: 0.2000 - lr: 1.0000e-04
Epoch 19/20
2/2 [==============================] - 1s 601ms/step - loss: 5.1517 - accuracy: 0.2500 - val_loss: 4.9622 - val_accuracy: 0.2000 - lr: 1.0000e-04
Epoch 20/20
2/2 [==============================] - 1s 707ms/step - loss: 5.0349 - accuracy: 0.2500 - val_loss: 4.8783 - val_accuracy: 0.2000 - lr: 1.0000e-04
1/1 [==============================] - 0s 140ms/step - loss: 4.9487 - accuracy: 0.2857
Found 60 images belonging to 6 classes.
Found 5 images belonging to 6 classes.
Found 7 images belonging to 6 classes.
Epoch 1/10
2/2 [==============================] - 2s 920ms/step - loss: 7.1785 - accuracy: 0.1333 - val_loss: 7.0644 - val_accuracy: 0.2000 - lr: 1.0000e-04
Epoch 2/10
2/2 [==============================] - 1s 716ms/step - loss: 7.0322 - accuracy: 0.1500 - val_loss: 7.0094 - val_accuracy: 0.2000 - lr: 1.0000e-04
Epoch 3/10
2/2 [==============================] - 1s 702ms/step - loss: 6.8779 - accuracy: 0.2333 - val_loss: 6.9229 - val_accuracy: 0.2000 - lr: 1.0000e-04
Epoch 4/10
2/2 [==============================] - 1s 617ms/step - loss: 6.8105 - accuracy: 0.1167 - val_loss: 6.7421 - val_accuracy: 0.2000 - lr: 1.0000e-04
Epoch 5/10
2/2 [==============================] - 1s 699ms/step - loss: 6.6606 - accuracy: 0.2333 - val_loss: 6.5570 - val_accuracy: 0.2000 - lr: 1.0000e-04
Epoch 6/10
2/2 [==============================] - 1s 784ms/step - loss: 6.5206 - accuracy: 0.1833 - val_loss: 6.3975 - val_accuracy: 0.2000 - lr: 1.0000e-04
Epoch 7/10
2/2 [==============================] - 1s 708ms/step - loss: 6.5216 - accuracy: 0.1000 - val_loss: 6.2547 - val_accuracy: 0.4000 - lr: 1.0000e-04
Epoch 8/10
2/2 [==============================] - 1s 728ms/step - loss: 6.3082 - accuracy: 0.1833 - val_loss: 6.1352 - val_accuracy: 0.4000 - lr: 1.0000e-04
Epoch 9/10
2/2 [==============================] - 1s 663ms/step - loss: 6.2654 - accuracy: 0.2333 - val_loss: 6.0327 - val_accuracy: 0.4000 - lr: 1.0000e-04
Epoch 10/10
2/2 [==============================] - 1s 712ms/step - loss: 6.1054 - accuracy: 0.2333 - val_loss: 5.9545 - val_accuracy: 0.4000 - lr: 1.0000e-04
1/1 [==============================] - 0s 156ms/step - loss: 6.1247 - accuracy: 0.2857
Found 60 images belonging to 6 classes.
Found 5 images belonging to 6 classes.
Found 7 images belonging to 6 classes.
Epoch 1/20
2/2 [==============================] - 2s 1s/step - loss: 7.1051 - accuracy: 0.1167 - val_loss: 6.9797 - val_accuracy: 0.2000 - lr: 1.0000e-04
Epoch 2/20
2/2 [==============================] - 1s 682ms/step - loss: 6.9410 - accuracy: 0.2000 - val_loss: 6.8219 - val_accuracy: 0.2000 - lr: 1.0000e-04
Epoch 3/20
2/2 [==============================] - 1s 667ms/step - loss: 6.7963 - accuracy: 0.2167 - val_loss: 6.6972 - val_accuracy: 0.2000 - lr: 1.0000e-04
Epoch 4/20
2/2 [==============================] - 1s 719ms/step - loss: 6.6852 - accuracy: 0.1833 - val_loss: 6.5765 - val_accuracy: 0.2000 - lr: 1.0000e-04
Epoch 5/20
2/2 [==============================] - 1s 801ms/step - loss: 6.4959 - accuracy: 0.1333 - val_loss: 6.4472 - val_accuracy: 0.2000 - lr: 1.0000e-04
Epoch 6/20
2/2 [==============================] - 1s 636ms/step - loss: 6.4093 - accuracy: 0.1333 - val_loss: 6.3315 - val_accuracy: 0.2000 - lr: 1.0000e-04
Epoch 7/20
2/2 [==============================] - 1s 735ms/step - loss: 6.3126 - accuracy: 0.1667 - val_loss: 6.2058 - val_accuracy: 0.2000 - lr: 1.0000e-04
Epoch 8/20
2/2 [==============================] - 1s 762ms/step - loss: 6.1356 - accuracy: 0.1500 - val_loss: 6.0876 - val_accuracy: 0.0000e+00 - lr: 1.0000e-04
Epoch 9/20
2/2 [==============================] - 1s 764ms/step - loss: 6.0184 - accuracy: 0.1833 - val_loss: 5.9727 - val_accuracy: 0.2000 - lr: 1.0000e-04
Epoch 10/20
2/2 [==============================] - 1s 663ms/step - loss: 5.9656 - accuracy: 0.1833 - val_loss: 5.8548 - val_accuracy: 0.2000 - lr: 1.0000e-04
Epoch 11/20
2/2 [==============================] - 1s 756ms/step - loss: 5.8422 - accuracy: 0.2333 - val_loss: 5.7321 - val_accuracy: 0.2000 - lr: 1.0000e-04
Epoch 12/20
2/2 [==============================] - 1s 759ms/step - loss: 5.6736 - accuracy: 0.2667 - val_loss: 5.6215 - val_accuracy: 0.2000 - lr: 1.0000e-04
Epoch 13/20
2/2 [==============================] - 1s 676ms/step - loss: 5.6055 - accuracy: 0.2333 - val_loss: 5.5224 - val_accuracy: 0.2000 - lr: 1.0000e-04
Epoch 14/20
2/2 [==============================] - 1s 689ms/step - loss: 5.5216 - accuracy: 0.1500 - val_loss: 5.4344 - val_accuracy: 0.2000 - lr: 1.0000e-04
Epoch 15/20
2/2 [==============================] - 1s 747ms/step - loss: 5.4666 - accuracy: 0.1333 - val_loss: 5.3296 - val_accuracy: 0.2000 - lr: 1.0000e-04
Epoch 16/20
2/2 [==============================] - 1s 755ms/step - loss: 5.3177 - accuracy: 0.1333 - val_loss: 5.2454 - val_accuracy: 0.2000 - lr: 1.0000e-04
Epoch 17/20
2/2 [==============================] - 2s 838ms/step - loss: 5.2419 - accuracy: 0.2667 - val_loss: 5.1660 - val_accuracy: 0.0000e+00 - lr: 1.0000e-04
Epoch 18/20
2/2 [==============================] - 1s 737ms/step - loss: 5.1885 - accuracy: 0.1000 - val_loss: 5.0779 - val_accuracy: 0.0000e+00 - lr: 1.0000e-04
Epoch 19/20
2/2 [==============================] - 1s 631ms/step - loss: 5.0347 - accuracy: 0.2167 - val_loss: 4.9968 - val_accuracy: 0.0000e+00 - lr: 1.0000e-04
Epoch 20/20
2/2 [==============================] - 1s 806ms/step - loss: 4.9311 - accuracy: 0.2667 - val_loss: 4.9112 - val_accuracy: 0.0000e+00 - lr: 1.0000e-04
1/1 [==============================] - 0s 153ms/step - loss: 4.8649 - accuracy: 0.2857
Found 60 images belonging to 6 classes.
Found 5 images belonging to 6 classes.
Found 7 images belonging to 6 classes.
Epoch 1/10
2/2 [==============================] - 3s 1s/step - loss: 7.3687 - accuracy: 0.0667 - val_loss: 7.1179 - val_accuracy: 0.2000 - lr: 1.0000e-04
Epoch 2/10
2/2 [==============================] - 2s 760ms/step - loss: 7.1185 - accuracy: 0.2167 - val_loss: 6.9598 - val_accuracy: 0.2000 - lr: 1.0000e-04
Epoch 3/10
2/2 [==============================] - 2s 893ms/step - loss: 6.9635 - accuracy: 0.0667 - val_loss: 6.7853 - val_accuracy: 0.2000 - lr: 1.0000e-04
Epoch 4/10
2/2 [==============================] - 2s 920ms/step - loss: 6.6613 - accuracy: 0.2500 - val_loss: 6.5809 - val_accuracy: 0.0000e+00 - lr: 1.0000e-04
Epoch 5/10
2/2 [==============================] - 2s 853ms/step - loss: 6.5143 - accuracy: 0.1833 - val_loss: 6.4005 - val_accuracy: 0.0000e+00 - lr: 1.0000e-04
Epoch 6/10
2/2 [==============================] - 2s 802ms/step - loss: 6.3494 - accuracy: 0.1833 - val_loss: 6.2425 - val_accuracy: 0.0000e+00 - lr: 1.0000e-04
Epoch 7/10
2/2 [==============================] - 2s 750ms/step - loss: 6.1377 - accuracy: 0.2000 - val_loss: 6.0751 - val_accuracy: 0.0000e+00 - lr: 1.0000e-04
Epoch 8/10
2/2 [==============================] - 2s 809ms/step - loss: 6.0514 - accuracy: 0.1333 - val_loss: 5.9088 - val_accuracy: 0.0000e+00 - lr: 1.0000e-04
Epoch 9/10
2/2 [==============================] - 2s 809ms/step - loss: 5.8660 - accuracy: 0.2333 - val_loss: 5.7376 - val_accuracy: 0.2000 - lr: 1.0000e-04
Epoch 10/10
2/2 [==============================] - 2s 757ms/step - loss: 5.6881 - accuracy: 0.2333 - val_loss: 5.5714 - val_accuracy: 0.4000 - lr: 1.0000e-04
1/1 [==============================] - 0s 162ms/step - loss: 5.5338 - accuracy: 0.4286
Found 60 images belonging to 6 classes.
Found 5 images belonging to 6 classes.
Found 7 images belonging to 6 classes.
Epoch 1/20
2/2 [==============================] - 3s 1s/step - loss: 7.3575 - accuracy: 0.1167 - val_loss: 7.1393 - val_accuracy: 0.0000e+00 - lr: 1.0000e-04
Epoch 2/20
2/2 [==============================] - 2s 806ms/step - loss: 7.1616 - accuracy: 0.2500 - val_loss: 6.9894 - val_accuracy: 0.2000 - lr: 1.0000e-04
Epoch 3/20
2/2 [==============================] - 2s 835ms/step - loss: 7.0026 - accuracy: 0.0667 - val_loss: 6.8360 - val_accuracy: 0.2000 - lr: 1.0000e-04
Epoch 4/20
2/2 [==============================] - 2s 817ms/step - loss: 6.8077 - accuracy: 0.1500 - val_loss: 6.6264 - val_accuracy: 0.2000 - lr: 1.0000e-04
Epoch 5/20
2/2 [==============================] - 2s 810ms/step - loss: 6.6393 - accuracy: 0.1833 - val_loss: 6.4178 - val_accuracy: 0.2000 - lr: 1.0000e-04
Epoch 6/20
2/2 [==============================] - 2s 788ms/step - loss: 6.5302 - accuracy: 0.1333 - val_loss: 6.2525 - val_accuracy: 0.6000 - lr: 1.0000e-04
Epoch 7/20
2/2 [==============================] - 2s 736ms/step - loss: 6.3186 - accuracy: 0.2167 - val_loss: 6.0728 - val_accuracy: 0.4000 - lr: 1.0000e-04
Epoch 8/20
2/2 [==============================] - 2s 840ms/step - loss: 6.1233 - accuracy: 0.3333 - val_loss: 5.9017 - val_accuracy: 0.4000 - lr: 1.0000e-04
Epoch 9/20
2/2 [==============================] - 2s 788ms/step - loss: 6.0557 - accuracy: 0.2500 - val_loss: 5.7480 - val_accuracy: 0.4000 - lr: 1.0000e-04
Epoch 10/20
2/2 [==============================] - 2s 835ms/step - loss: 5.8591 - accuracy: 0.3000 - val_loss: 5.6010 - val_accuracy: 0.4000 - lr: 1.0000e-04
Epoch 11/20
2/2 [==============================] - 1s 646ms/step - loss: 5.8410 - accuracy: 0.2167 - val_loss: 5.4659 - val_accuracy: 0.4000 - lr: 1.0000e-04
Epoch 12/20
2/2 [==============================] - 2s 754ms/step - loss: 5.6987 - accuracy: 0.2667 - val_loss: 5.3483 - val_accuracy: 0.4000 - lr: 1.0000e-04
Epoch 13/20
2/2 [==============================] - 2s 715ms/step - loss: 5.6008 - accuracy: 0.1833 - val_loss: 5.2571 - val_accuracy: 0.4000 - lr: 1.0000e-04
Epoch 14/20
2/2 [==============================] - 2s 688ms/step - loss: 5.4817 - accuracy: 0.2167 - val_loss: 5.1808 - val_accuracy: 0.6000 - lr: 1.0000e-04
Epoch 15/20
2/2 [==============================] - 2s 824ms/step - loss: 5.3715 - accuracy: 0.1667 - val_loss: 5.1047 - val_accuracy: 0.6000 - lr: 1.0000e-04
Epoch 16/20
2/2 [==============================] - 2s 828ms/step - loss: 5.3121 - accuracy: 0.1500 - val_loss: 5.0312 - val_accuracy: 0.4000 - lr: 1.0000e-04
Epoch 17/20
2/2 [==============================] - 2s 829ms/step - loss: 5.1044 - accuracy: 0.3000 - val_loss: 4.9616 - val_accuracy: 0.4000 - lr: 1.0000e-04
Epoch 18/20
2/2 [==============================] - 2s 762ms/step - loss: 5.0418 - accuracy: 0.3000 - val_loss: 4.9000 - val_accuracy: 0.2000 - lr: 1.0000e-04
Epoch 19/20
2/2 [==============================] - 2s 800ms/step - loss: 4.9830 - accuracy: 0.2167 - val_loss: 4.8415 - val_accuracy: 0.2000 - lr: 1.0000e-04
Epoch 20/20
2/2 [==============================] - 1s 779ms/step - loss: 4.8881 - accuracy: 0.2667 - val_loss: 4.7621 - val_accuracy: 0.2000 - lr: 1.0000e-04
1/1 [==============================] - 0s 159ms/step - loss: 4.8957 - accuracy: 0.1429
Found 60 images belonging to 6 classes.
Found 5 images belonging to 6 classes.
Found 7 images belonging to 6 classes.
Epoch 1/10
2/2 [==============================] - 3s 1s/step - loss: 7.3928 - accuracy: 0.1167 - val_loss: 7.2031 - val_accuracy: 0.0000e+00 - lr: 1.0000e-04
Epoch 2/10
2/2 [==============================] - 2s 739ms/step - loss: 7.1055 - accuracy: 0.2000 - val_loss: 6.9782 - val_accuracy: 0.2000 - lr: 1.0000e-04
Epoch 3/10
2/2 [==============================] - 2s 718ms/step - loss: 6.9903 - accuracy: 0.0833 - val_loss: 6.7844 - val_accuracy: 0.0000e+00 - lr: 1.0000e-04
Epoch 4/10
2/2 [==============================] - 2s 804ms/step - loss: 6.7880 - accuracy: 0.1667 - val_loss: 6.5800 - val_accuracy: 0.2000 - lr: 1.0000e-04
Epoch 5/10
2/2 [==============================] - 2s 746ms/step - loss: 6.5776 - accuracy: 0.0833 - val_loss: 6.4291 - val_accuracy: 0.0000e+00 - lr: 1.0000e-04
Epoch 6/10
2/2 [==============================] - 2s 820ms/step - loss: 6.4063 - accuracy: 0.1500 - val_loss: 6.2757 - val_accuracy: 0.2000 - lr: 1.0000e-04
Epoch 7/10
2/2 [==============================] - 2s 729ms/step - loss: 6.2926 - accuracy: 0.1667 - val_loss: 6.1302 - val_accuracy: 0.4000 - lr: 1.0000e-04
Epoch 8/10
2/2 [==============================] - 2s 807ms/step - loss: 6.0638 - accuracy: 0.3167 - val_loss: 5.9983 - val_accuracy: 0.4000 - lr: 1.0000e-04
Epoch 9/10
2/2 [==============================] - 2s 743ms/step - loss: 5.9096 - accuracy: 0.1500 - val_loss: 5.8411 - val_accuracy: 0.4000 - lr: 1.0000e-04
Epoch 10/10
2/2 [==============================] - 2s 773ms/step - loss: 5.8627 - accuracy: 0.2000 - val_loss: 5.6880 - val_accuracy: 0.4000 - lr: 1.0000e-04
1/1 [==============================] - 0s 169ms/step - loss: 5.7338 - accuracy: 0.2857
Found 60 images belonging to 6 classes.
Found 5 images belonging to 6 classes.
Found 7 images belonging to 6 classes.
Epoch 1/20
2/2 [==============================] - 3s 1s/step - loss: 7.3444 - accuracy: 0.1000 - val_loss: 7.2056 - val_accuracy: 0.2000 - lr: 1.0000e-04
Epoch 2/20
2/2 [==============================] - 2s 820ms/step - loss: 7.0981 - accuracy: 0.2000 - val_loss: 6.9998 - val_accuracy: 0.2000 - lr: 1.0000e-04
Epoch 3/20
2/2 [==============================] - 2s 753ms/step - loss: 6.8845 - accuracy: 0.2167 - val_loss: 6.7913 - val_accuracy: 0.2000 - lr: 1.0000e-04
Epoch 4/20
2/2 [==============================] - 2s 768ms/step - loss: 6.6939 - accuracy: 0.1333 - val_loss: 6.5795 - val_accuracy: 0.2000 - lr: 1.0000e-04
Epoch 5/20
2/2 [==============================] - 2s 823ms/step - loss: 6.5230 - accuracy: 0.1833 - val_loss: 6.3550 - val_accuracy: 0.2000 - lr: 1.0000e-04
Epoch 6/20
2/2 [==============================] - 2s 881ms/step - loss: 6.2980 - accuracy: 0.1667 - val_loss: 6.1350 - val_accuracy: 0.0000e+00 - lr: 1.0000e-04
Epoch 7/20
2/2 [==============================] - 2s 760ms/step - loss: 6.1062 - accuracy: 0.2000 - val_loss: 5.9474 - val_accuracy: 0.0000e+00 - lr: 1.0000e-04
Epoch 8/20
2/2 [==============================] - 2s 849ms/step - loss: 5.9078 - accuracy: 0.2500 - val_loss: 5.7750 - val_accuracy: 0.0000e+00 - lr: 1.0000e-04
Epoch 9/20
2/2 [==============================] - 2s 710ms/step - loss: 5.8078 - accuracy: 0.2333 - val_loss: 5.6064 - val_accuracy: 0.2000 - lr: 1.0000e-04
Epoch 10/20
2/2 [==============================] - 2s 828ms/step - loss: 5.6409 - accuracy: 0.1833 - val_loss: 5.4529 - val_accuracy: 0.2000 - lr: 1.0000e-04
Epoch 11/20
2/2 [==============================] - 2s 821ms/step - loss: 5.5019 - accuracy: 0.2167 - val_loss: 5.3141 - val_accuracy: 0.2000 - lr: 1.0000e-04
Epoch 12/20
2/2 [==============================] - 2s 860ms/step - loss: 5.3576 - accuracy: 0.1333 - val_loss: 5.1868 - val_accuracy: 0.2000 - lr: 1.0000e-04
Epoch 13/20
2/2 [==============================] - 2s 920ms/step - loss: 5.1977 - accuracy: 0.3500 - val_loss: 5.0718 - val_accuracy: 0.2000 - lr: 1.0000e-04
Epoch 14/20
2/2 [==============================] - 2s 873ms/step - loss: 5.0836 - accuracy: 0.3000 - val_loss: 4.9550 - val_accuracy: 0.2000 - lr: 1.0000e-04
Epoch 15/20
2/2 [==============================] - 2s 972ms/step - loss: 4.9711 - accuracy: 0.2333 - val_loss: 4.8436 - val_accuracy: 0.2000 - lr: 1.0000e-04
Epoch 16/20
2/2 [==============================] - 2s 814ms/step - loss: 4.8274 - accuracy: 0.2667 - val_loss: 4.7326 - val_accuracy: 0.2000 - lr: 1.0000e-04
Epoch 17/20
2/2 [==============================] - 2s 837ms/step - loss: 4.7164 - accuracy: 0.2333 - val_loss: 4.6108 - val_accuracy: 0.2000 - lr: 1.0000e-04
Epoch 18/20
2/2 [==============================] - 2s 824ms/step - loss: 4.5971 - accuracy: 0.2667 - val_loss: 4.4990 - val_accuracy: 0.2000 - lr: 1.0000e-04
Epoch 19/20
2/2 [==============================] - 2s 853ms/step - loss: 4.5850 - accuracy: 0.2167 - val_loss: 4.3843 - val_accuracy: 0.2000 - lr: 1.0000e-04
Epoch 20/20
2/2 [==============================] - 2s 675ms/step - loss: 4.4916 - accuracy: 0.2500 - val_loss: 4.2810 - val_accuracy: 0.2000 - lr: 1.0000e-04
1/1 [==============================] - 0s 168ms/step - loss: 4.3830 - accuracy: 0.0000e+00
Found 60 images belonging to 6 classes.
Found 5 images belonging to 6 classes.
Found 7 images belonging to 6 classes.
Epoch 1/10
2/2 [==============================] - 3s 1s/step - loss: 7.3721 - accuracy: 0.1667 - val_loss: 7.1921 - val_accuracy: 0.0000e+00 - lr: 1.0000e-04
Epoch 2/10
2/2 [==============================] - 2s 732ms/step - loss: 7.1225 - accuracy: 0.1667 - val_loss: 7.0000 - val_accuracy: 0.4000 - lr: 1.0000e-04
Epoch 3/10
2/2 [==============================] - 2s 669ms/step - loss: 6.9803 - accuracy: 0.1333 - val_loss: 6.8109 - val_accuracy: 0.2000 - lr: 1.0000e-04
Epoch 4/10
2/2 [==============================] - 2s 778ms/step - loss: 6.7981 - accuracy: 0.1833 - val_loss: 6.6660 - val_accuracy: 0.2000 - lr: 1.0000e-04
Epoch 5/10
2/2 [==============================] - 2s 765ms/step - loss: 6.6074 - accuracy: 0.2000 - val_loss: 6.4945 - val_accuracy: 0.2000 - lr: 1.0000e-04
Epoch 6/10
2/2 [==============================] - 2s 825ms/step - loss: 6.4385 - accuracy: 0.1667 - val_loss: 6.3410 - val_accuracy: 0.2000 - lr: 1.0000e-04
Epoch 7/10
2/2 [==============================] - 2s 721ms/step - loss: 6.2450 - accuracy: 0.2500 - val_loss: 6.1779 - val_accuracy: 0.2000 - lr: 1.0000e-04
Epoch 8/10
2/2 [==============================] - 2s 779ms/step - loss: 6.0736 - accuracy: 0.2167 - val_loss: 6.0312 - val_accuracy: 0.2000 - lr: 1.0000e-04
Epoch 9/10
2/2 [==============================] - 2s 933ms/step - loss: 5.8815 - accuracy: 0.3000 - val_loss: 5.9016 - val_accuracy: 0.2000 - lr: 1.0000e-04
Epoch 10/10
2/2 [==============================] - 2s 687ms/step - loss: 5.8608 - accuracy: 0.2833 - val_loss: 5.7622 - val_accuracy: 0.4000 - lr: 1.0000e-04
1/1 [==============================] - 0s 185ms/step - loss: 5.6952 - accuracy: 0.2857
Found 60 images belonging to 6 classes.
Found 5 images belonging to 6 classes.
Found 7 images belonging to 6 classes.
Epoch 1/20
2/2 [==============================] - 3s 1s/step - loss: 7.3083 - accuracy: 0.1667 - val_loss: 7.1843 - val_accuracy: 0.0000e+00 - lr: 1.0000e-04
Epoch 2/20
2/2 [==============================] - 2s 749ms/step - loss: 7.1041 - accuracy: 0.1667 - val_loss: 6.9856 - val_accuracy: 0.0000e+00 - lr: 1.0000e-04
Epoch 3/20
2/2 [==============================] - 2s 887ms/step - loss: 6.8637 - accuracy: 0.2000 - val_loss: 6.7515 - val_accuracy: 0.2000 - lr: 1.0000e-04
Epoch 4/20
2/2 [==============================] - 2s 746ms/step - loss: 6.6459 - accuracy: 0.3167 - val_loss: 6.5368 - val_accuracy: 0.2000 - lr: 1.0000e-04
Epoch 5/20
2/2 [==============================] - 2s 770ms/step - loss: 6.4768 - accuracy: 0.3167 - val_loss: 6.3887 - val_accuracy: 0.2000 - lr: 1.0000e-04
Epoch 6/20
2/2 [==============================] - 2s 830ms/step - loss: 6.2508 - accuracy: 0.1833 - val_loss: 6.1976 - val_accuracy: 0.2000 - lr: 1.0000e-04
Epoch 7/20
2/2 [==============================] - 2s 797ms/step - loss: 6.1655 - accuracy: 0.1833 - val_loss: 5.9967 - val_accuracy: 0.2000 - lr: 1.0000e-04
Epoch 8/20
2/2 [==============================] - 2s 725ms/step - loss: 5.9957 - accuracy: 0.2167 - val_loss: 5.7892 - val_accuracy: 0.2000 - lr: 1.0000e-04
Epoch 9/20
2/2 [==============================] - 2s 865ms/step - loss: 5.8496 - accuracy: 0.2167 - val_loss: 5.5870 - val_accuracy: 0.4000 - lr: 1.0000e-04
Epoch 10/20
2/2 [==============================] - 2s 662ms/step - loss: 5.6788 - accuracy: 0.1667 - val_loss: 5.4181 - val_accuracy: 0.6000 - lr: 1.0000e-04
Epoch 11/20
2/2 [==============================] - 2s 739ms/step - loss: 5.5086 - accuracy: 0.2167 - val_loss: 5.2737 - val_accuracy: 0.6000 - lr: 1.0000e-04
Epoch 12/20
2/2 [==============================] - 2s 734ms/step - loss: 5.4123 - accuracy: 0.2000 - val_loss: 5.1508 - val_accuracy: 0.6000 - lr: 1.0000e-04
Epoch 13/20
2/2 [==============================] - 2s 697ms/step - loss: 5.3115 - accuracy: 0.2333 - val_loss: 5.0334 - val_accuracy: 0.4000 - lr: 1.0000e-04
Epoch 14/20
2/2 [==============================] - 2s 807ms/step - loss: 5.1341 - accuracy: 0.2000 - val_loss: 4.9225 - val_accuracy: 0.4000 - lr: 1.0000e-04
Epoch 15/20
2/2 [==============================] - 2s 672ms/step - loss: 5.0398 - accuracy: 0.2833 - val_loss: 4.8163 - val_accuracy: 0.4000 - lr: 1.0000e-04
Epoch 16/20
2/2 [==============================] - 2s 760ms/step - loss: 4.9651 - accuracy: 0.1667 - val_loss: 4.7250 - val_accuracy: 0.4000 - lr: 1.0000e-04
Epoch 17/20
2/2 [==============================] - 2s 677ms/step - loss: 4.8222 - accuracy: 0.2500 - val_loss: 4.6309 - val_accuracy: 0.6000 - lr: 1.0000e-04
Epoch 18/20
2/2 [==============================] - 2s 832ms/step - loss: 4.6928 - accuracy: 0.3167 - val_loss: 4.5420 - val_accuracy: 0.6000 - lr: 1.0000e-04
Epoch 19/20
2/2 [==============================] - 2s 830ms/step - loss: 4.5924 - accuracy: 0.3333 - val_loss: 4.4530 - val_accuracy: 0.6000 - lr: 1.0000e-04
Epoch 20/20
2/2 [==============================] - 2s 862ms/step - loss: 4.5432 - accuracy: 0.2500 - val_loss: 4.3718 - val_accuracy: 0.6000 - lr: 1.0000e-04
1/1 [==============================] - 0s 194ms/step - loss: 4.4150 - accuracy: 0.4286
Found 60 images belonging to 6 classes.
Found 5 images belonging to 6 classes.
Found 7 images belonging to 6 classes.
Epoch 1/10
2/2 [==============================] - 2s 1s/step - loss: 7.3318 - accuracy: 0.1833 - val_loss: 7.0825 - val_accuracy: 0.2000 - lr: 1.0000e-04
Epoch 2/10
2/2 [==============================] - 2s 910ms/step - loss: 7.1240 - accuracy: 0.1833 - val_loss: 6.7887 - val_accuracy: 0.2000 - lr: 1.0000e-04
Epoch 3/10
2/2 [==============================] - 2s 862ms/step - loss: 7.0196 - accuracy: 0.1500 - val_loss: 6.6146 - val_accuracy: 0.2000 - lr: 1.0000e-04
Epoch 4/10
2/2 [==============================] - 2s 725ms/step - loss: 6.7643 - accuracy: 0.1500 - val_loss: 6.4713 - val_accuracy: 0.2000 - lr: 1.0000e-04
Epoch 5/10
2/2 [==============================] - 2s 851ms/step - loss: 6.5603 - accuracy: 0.1333 - val_loss: 6.3290 - val_accuracy: 0.2000 - lr: 1.0000e-04
Epoch 6/10
2/2 [==============================] - 2s 700ms/step - loss: 6.3289 - accuracy: 0.2333 - val_loss: 6.1961 - val_accuracy: 0.2000 - lr: 1.0000e-04
Epoch 7/10
2/2 [==============================] - 2s 852ms/step - loss: 6.1879 - accuracy: 0.2333 - val_loss: 6.0761 - val_accuracy: 0.4000 - lr: 1.0000e-04
Epoch 8/10
2/2 [==============================] - 2s 899ms/step - loss: 6.1302 - accuracy: 0.2167 - val_loss: 5.9699 - val_accuracy: 0.2000 - lr: 1.0000e-04
Epoch 9/10
2/2 [==============================] - 2s 681ms/step - loss: 5.8713 - accuracy: 0.2667 - val_loss: 5.8347 - val_accuracy: 0.2000 - lr: 1.0000e-04
Epoch 10/10
2/2 [==============================] - 2s 860ms/step - loss: 5.7577 - accuracy: 0.1333 - val_loss: 5.6821 - val_accuracy: 0.2000 - lr: 1.0000e-04
1/1 [==============================] - 0s 141ms/step - loss: 5.7712 - accuracy: 0.0000e+00
Found 60 images belonging to 6 classes.
Found 5 images belonging to 6 classes.
Found 7 images belonging to 6 classes.
Epoch 1/20
2/2 [==============================] - 3s 1s/step - loss: 7.3387 - accuracy: 0.1833 - val_loss: 7.1009 - val_accuracy: 0.2000 - lr: 1.0000e-04
Epoch 2/20
2/2 [==============================] - 2s 718ms/step - loss: 7.1223 - accuracy: 0.1500 - val_loss: 6.8414 - val_accuracy: 0.4000 - lr: 1.0000e-04
Epoch 3/20
2/2 [==============================] - 2s 711ms/step - loss: 6.9452 - accuracy: 0.2000 - val_loss: 6.6414 - val_accuracy: 0.2000 - lr: 1.0000e-04
Epoch 4/20
2/2 [==============================] - 2s 819ms/step - loss: 6.7698 - accuracy: 0.1500 - val_loss: 6.4507 - val_accuracy: 0.4000 - lr: 1.0000e-04
Epoch 5/20
2/2 [==============================] - 2s 842ms/step - loss: 6.5878 - accuracy: 0.1667 - val_loss: 6.3184 - val_accuracy: 0.4000 - lr: 1.0000e-04
Epoch 6/20
2/2 [==============================] - 2s 782ms/step - loss: 6.4131 - accuracy: 0.1333 - val_loss: 6.2079 - val_accuracy: 0.2000 - lr: 1.0000e-04
Epoch 7/20
2/2 [==============================] - 2s 736ms/step - loss: 6.2246 - accuracy: 0.2500 - val_loss: 6.0746 - val_accuracy: 0.2000 - lr: 1.0000e-04
Epoch 8/20
2/2 [==============================] - 2s 781ms/step - loss: 6.0400 - accuracy: 0.2167 - val_loss: 5.9099 - val_accuracy: 0.2000 - lr: 1.0000e-04
Epoch 9/20
2/2 [==============================] - 2s 918ms/step - loss: 5.8898 - accuracy: 0.1833 - val_loss: 5.7246 - val_accuracy: 0.4000 - lr: 1.0000e-04
Epoch 10/20
2/2 [==============================] - 2s 822ms/step - loss: 5.7888 - accuracy: 0.2167 - val_loss: 5.5770 - val_accuracy: 0.4000 - lr: 1.0000e-04
Epoch 11/20
2/2 [==============================] - 2s 701ms/step - loss: 5.6245 - accuracy: 0.2333 - val_loss: 5.4494 - val_accuracy: 0.4000 - lr: 1.0000e-04
Epoch 12/20
2/2 [==============================] - 2s 809ms/step - loss: 5.4816 - accuracy: 0.2333 - val_loss: 5.3132 - val_accuracy: 0.4000 - lr: 1.0000e-04
Epoch 13/20
2/2 [==============================] - 2s 794ms/step - loss: 5.4135 - accuracy: 0.2167 - val_loss: 5.2022 - val_accuracy: 0.4000 - lr: 1.0000e-04
Epoch 14/20
2/2 [==============================] - 2s 702ms/step - loss: 5.2553 - accuracy: 0.2167 - val_loss: 5.1059 - val_accuracy: 0.4000 - lr: 1.0000e-04
Epoch 15/20
2/2 [==============================] - 2s 871ms/step - loss: 5.0977 - accuracy: 0.3167 - val_loss: 4.9888 - val_accuracy: 0.4000 - lr: 1.0000e-04
Epoch 16/20
2/2 [==============================] - 2s 905ms/step - loss: 5.0561 - accuracy: 0.2333 - val_loss: 4.8813 - val_accuracy: 0.4000 - lr: 1.0000e-04
Epoch 17/20
2/2 [==============================] - 2s 812ms/step - loss: 4.9518 - accuracy: 0.2333 - val_loss: 4.7756 - val_accuracy: 0.4000 - lr: 1.0000e-04
Epoch 18/20
2/2 [==============================] - 2s 864ms/step - loss: 4.9294 - accuracy: 0.1833 - val_loss: 4.6831 - val_accuracy: 0.4000 - lr: 1.0000e-04
Epoch 19/20
2/2 [==============================] - 2s 842ms/step - loss: 4.7097 - accuracy: 0.4000 - val_loss: 4.6166 - val_accuracy: 0.4000 - lr: 1.0000e-04
Epoch 20/20
2/2 [==============================] - 2s 775ms/step - loss: 4.6378 - accuracy: 0.3167 - val_loss: 4.5353 - val_accuracy: 0.2000 - lr: 1.0000e-04
1/1 [==============================] - 0s 142ms/step - loss: 4.7255 - accuracy: 0.1429

Process finished with exit code 0
