C:\Users\tom.zbc\PycharmProjects\fungis_bacterias_project\.venv\Scripts\python.exe C:\Users\tom.zbc\PycharmProjects\fungis_bacterias_project\epoch.py
Class 'Aero' meets the sample requirement.
Class 'Bacillus' meets the sample requirement.
Class 'Bor' meets the sample requirement.
Class 'E' meets the sample requirement.
Class 'Morganella' meets the sample requirement.
Class 'stapholococcus' meets the sample requirement.
Data check passed for directory: 'C:/Users/tom.zbc/PycharmProjects/fungis_bacterias_project/data/train'
Class 'Aero' meets the sample requirement.
Warning: Class 'Bacillus' has only 0 samples, expected at least 2.
Warning: Class 'Bor' has only 1 samples, expected at least 2.
Warning: Class 'E' has only 0 samples, expected at least 2.
Warning: Class 'Morganella' has only 1 samples, expected at least 2.
Warning: Class 'stapholococcus' has only 1 samples, expected at least 2.
Data check passed for directory: 'C:/Users/tom.zbc/PycharmProjects/fungis_bacterias_project/data/validation'
Class 'Aero' meets the sample requirement.
Warning: Class 'Bacillus' has only 1 samples, expected at least 2.
Warning: Class 'Bor' has only 0 samples, expected at least 2.
Warning: Class 'E' has only 0 samples, expected at least 2.
Warning: Class 'Morganella' has only 1 samples, expected at least 2.
Class 'stapholococcus' meets the sample requirement.
Data check passed for directory: 'C:/Users/tom.zbc/PycharmProjects/fungis_bacterias_project/data/test'
Found 60 images belonging to 6 classes.
Found 5 images belonging to 6 classes.
Found 7 images belonging to 6 classes.
2024-09-27 09:25:04.600728: I tensorflow/core/platform/cpu_feature_guard.cc:182] This TensorFlow binary is optimized to use available CPU instructions in performance-critical operations.
To enable the following instructions: SSE SSE2 SSE3 SSE4.1 SSE4.2 AVX AVX2 AVX_VNNI FMA, in other operations, rebuild TensorFlow with the appropriate compiler flags.
Epoch 1/20
2/2 [==============================] - ETA: 0s - loss: 7.1991 - accuracy: 0.1833C:\Users\tom.zbc\PycharmProjects\fungis_bacterias_project\.venv\lib\site-packages\keras\src\engine\training.py:3000: UserWarning: You are saving your model as an HDF5 file via `model.save()`. This file format is considered legacy. We recommend using instead the native Keras format, e.g. `model.save('my_model.keras')`.
  saving_api.save_model(
2/2 [==============================] - 2s 892ms/step - loss: 7.1991 - accuracy: 0.1833 - val_loss: 6.3708 - val_accuracy: 0.2000 - lr: 5.0000e-04
Epoch 2/20
2/2 [==============================] - 1s 743ms/step - loss: 6.1918 - accuracy: 0.1000 - val_loss: 5.3968 - val_accuracy: 0.6000 - lr: 5.0000e-04
Epoch 3/20
2/2 [==============================] - 1s 772ms/step - loss: 5.3184 - accuracy: 0.1333 - val_loss: 4.6818 - val_accuracy: 0.6000 - lr: 5.0000e-04
Epoch 4/20
2/2 [==============================] - 1s 736ms/step - loss: 4.6672 - accuracy: 0.2333 - val_loss: 4.2135 - val_accuracy: 0.6000 - lr: 5.0000e-04
Epoch 5/20
2/2 [==============================] - 1s 750ms/step - loss: 4.1970 - accuracy: 0.2333 - val_loss: 3.8406 - val_accuracy: 0.2000 - lr: 5.0000e-04
Epoch 6/20
2/2 [==============================] - 1s 764ms/step - loss: 3.8059 - accuracy: 0.2333 - val_loss: 3.5586 - val_accuracy: 0.2000 - lr: 5.0000e-04
Epoch 7/20
2/2 [==============================] - 1s 718ms/step - loss: 3.5012 - accuracy: 0.2833 - val_loss: 3.2969 - val_accuracy: 0.2000 - lr: 5.0000e-04
Epoch 8/20
2/2 [==============================] - 1s 757ms/step - loss: 3.3045 - accuracy: 0.2667 - val_loss: 3.1107 - val_accuracy: 0.2000 - lr: 5.0000e-04
Epoch 9/20
2/2 [==============================] - 1s 760ms/step - loss: 3.0740 - accuracy: 0.3500 - val_loss: 2.9107 - val_accuracy: 0.4000 - lr: 5.0000e-04
Epoch 10/20
2/2 [==============================] - 1s 748ms/step - loss: 3.0167 - accuracy: 0.1500 - val_loss: 2.7621 - val_accuracy: 0.4000 - lr: 5.0000e-04
Epoch 11/20
2/2 [==============================] - 1s 771ms/step - loss: 2.8527 - accuracy: 0.3167 - val_loss: 2.6693 - val_accuracy: 0.4000 - lr: 5.0000e-04
Epoch 12/20
2/2 [==============================] - 1s 762ms/step - loss: 2.7688 - accuracy: 0.3500 - val_loss: 2.5610 - val_accuracy: 0.2000 - lr: 5.0000e-04
Epoch 13/20
2/2 [==============================] - 1s 742ms/step - loss: 2.7058 - accuracy: 0.3833 - val_loss: 2.5016 - val_accuracy: 0.4000 - lr: 5.0000e-04
Epoch 14/20
2/2 [==============================] - 1s 755ms/step - loss: 2.5758 - accuracy: 0.4000 - val_loss: 2.4362 - val_accuracy: 0.4000 - lr: 5.0000e-04
Epoch 15/20
2/2 [==============================] - 1s 664ms/step - loss: 2.4491 - accuracy: 0.4833 - val_loss: 2.4091 - val_accuracy: 0.4000 - lr: 5.0000e-04
Epoch 16/20
2/2 [==============================] - 1s 790ms/step - loss: 2.4795 - accuracy: 0.3833 - val_loss: 2.3129 - val_accuracy: 0.4000 - lr: 5.0000e-04
Epoch 17/20
2/2 [==============================] - 1s 693ms/step - loss: 2.3073 - accuracy: 0.4000 - val_loss: 2.2308 - val_accuracy: 0.4000 - lr: 5.0000e-04
Epoch 18/20
2/2 [==============================] - 1s 681ms/step - loss: 2.2613 - accuracy: 0.4833 - val_loss: 2.1749 - val_accuracy: 0.4000 - lr: 5.0000e-04
Epoch 19/20
2/2 [==============================] - 1s 742ms/step - loss: 2.2829 - accuracy: 0.4000 - val_loss: 2.0772 - val_accuracy: 0.4000 - lr: 5.0000e-04
Epoch 20/20
2/2 [==============================] - 1s 732ms/step - loss: 2.1960 - accuracy: 0.4833 - val_loss: 2.0382 - val_accuracy: 0.2000 - lr: 5.0000e-04
1/1 [==============================] - 0s 92ms/step - loss: 2.3281 - accuracy: 0.2857
Found 60 images belonging to 6 classes.
Found 5 images belonging to 6 classes.
Found 7 images belonging to 6 classes.
Epoch 1/30
2/2 [==============================] - ETA: 0s - loss: 7.3174 - accuracy: 0.2167C:\Users\tom.zbc\PycharmProjects\fungis_bacterias_project\.venv\lib\site-packages\keras\src\engine\training.py:3000: UserWarning: You are saving your model as an HDF5 file via `model.save()`. This file format is considered legacy. We recommend using instead the native Keras format, e.g. `model.save('my_model.keras')`.
  saving_api.save_model(
2/2 [==============================] - 2s 887ms/step - loss: 7.3174 - accuracy: 0.2167 - val_loss: 6.5977 - val_accuracy: 0.0000e+00 - lr: 5.0000e-04
Epoch 2/30
2/2 [==============================] - 1s 743ms/step - loss: 6.5967 - accuracy: 0.1333 - val_loss: 6.0310 - val_accuracy: 0.4000 - lr: 5.0000e-04
Epoch 3/30
2/2 [==============================] - 1s 684ms/step - loss: 5.9063 - accuracy: 0.2333 - val_loss: 5.4764 - val_accuracy: 0.2000 - lr: 5.0000e-04
Epoch 4/30
2/2 [==============================] - 1s 786ms/step - loss: 5.1417 - accuracy: 0.2667 - val_loss: 4.9940 - val_accuracy: 0.2000 - lr: 5.0000e-04
Epoch 5/30
2/2 [==============================] - 1s 748ms/step - loss: 4.7960 - accuracy: 0.2167 - val_loss: 4.6318 - val_accuracy: 0.2000 - lr: 5.0000e-04
Epoch 6/30
2/2 [==============================] - 1s 719ms/step - loss: 4.4711 - accuracy: 0.2833 - val_loss: 4.3167 - val_accuracy: 0.4000 - lr: 5.0000e-04
Epoch 7/30
2/2 [==============================] - 1s 747ms/step - loss: 4.2126 - accuracy: 0.2833 - val_loss: 4.0690 - val_accuracy: 0.4000 - lr: 5.0000e-04
Epoch 8/30
2/2 [==============================] - 1s 683ms/step - loss: 4.0196 - accuracy: 0.2667 - val_loss: 3.8653 - val_accuracy: 0.4000 - lr: 5.0000e-04
Epoch 9/30
2/2 [==============================] - 1s 721ms/step - loss: 3.8532 - accuracy: 0.2333 - val_loss: 3.7114 - val_accuracy: 0.4000 - lr: 5.0000e-04
Epoch 10/30
2/2 [==============================] - 1s 686ms/step - loss: 3.6374 - accuracy: 0.2667 - val_loss: 3.5727 - val_accuracy: 0.4000 - lr: 5.0000e-04
Epoch 11/30
2/2 [==============================] - 1s 729ms/step - loss: 3.5446 - accuracy: 0.3000 - val_loss: 3.4360 - val_accuracy: 0.4000 - lr: 5.0000e-04
Epoch 12/30
2/2 [==============================] - 1s 718ms/step - loss: 3.4495 - accuracy: 0.2833 - val_loss: 3.3183 - val_accuracy: 0.2000 - lr: 5.0000e-04
Epoch 13/30
2/2 [==============================] - 1s 753ms/step - loss: 3.2153 - accuracy: 0.3833 - val_loss: 3.2016 - val_accuracy: 0.2000 - lr: 5.0000e-04
Epoch 14/30
2/2 [==============================] - 1s 684ms/step - loss: 3.2367 - accuracy: 0.3500 - val_loss: 3.0812 - val_accuracy: 0.6000 - lr: 5.0000e-04
Epoch 15/30
2/2 [==============================] - 1s 761ms/step - loss: 3.1213 - accuracy: 0.3500 - val_loss: 2.9771 - val_accuracy: 0.6000 - lr: 5.0000e-04
Epoch 16/30
2/2 [==============================] - 1s 682ms/step - loss: 2.9729 - accuracy: 0.3333 - val_loss: 2.8850 - val_accuracy: 0.6000 - lr: 5.0000e-04
Epoch 17/30
2/2 [==============================] - 1s 708ms/step - loss: 2.8792 - accuracy: 0.4500 - val_loss: 2.7627 - val_accuracy: 0.6000 - lr: 5.0000e-04
Epoch 18/30
2/2 [==============================] - 1s 756ms/step - loss: 2.7640 - accuracy: 0.4167 - val_loss: 2.6566 - val_accuracy: 0.6000 - lr: 5.0000e-04
Epoch 19/30
2/2 [==============================] - 1s 741ms/step - loss: 2.6961 - accuracy: 0.3333 - val_loss: 2.5757 - val_accuracy: 0.6000 - lr: 5.0000e-04
Epoch 20/30
2/2 [==============================] - 1s 741ms/step - loss: 2.6574 - accuracy: 0.3000 - val_loss: 2.5349 - val_accuracy: 0.4000 - lr: 5.0000e-04
Epoch 21/30
2/2 [==============================] - 1s 483ms/step - loss: 2.5404 - accuracy: 0.4000 - val_loss: 2.5590 - val_accuracy: 0.2000 - lr: 5.0000e-04
Epoch 22/30
2/2 [==============================] - 1s 717ms/step - loss: 2.6397 - accuracy: 0.3333 - val_loss: 2.4631 - val_accuracy: 0.2000 - lr: 5.0000e-04
Epoch 23/30
2/2 [==============================] - 1s 765ms/step - loss: 2.4126 - accuracy: 0.3000 - val_loss: 2.3274 - val_accuracy: 0.4000 - lr: 5.0000e-04
Epoch 24/30
2/2 [==============================] - 1s 770ms/step - loss: 2.4691 - accuracy: 0.3667 - val_loss: 2.2664 - val_accuracy: 0.4000 - lr: 5.0000e-04
Epoch 25/30
2/2 [==============================] - 1s 752ms/step - loss: 2.4188 - accuracy: 0.3167 - val_loss: 2.2468 - val_accuracy: 0.6000 - lr: 5.0000e-04
Epoch 26/30
2/2 [==============================] - 1s 688ms/step - loss: 2.3207 - accuracy: 0.4167 - val_loss: 2.2449 - val_accuracy: 0.4000 - lr: 5.0000e-04
Epoch 27/30
2/2 [==============================] - 1s 693ms/step - loss: 2.3435 - accuracy: 0.4167 - val_loss: 2.2235 - val_accuracy: 0.4000 - lr: 5.0000e-04
Epoch 28/30
2/2 [==============================] - 1s 407ms/step - loss: 2.2080 - accuracy: 0.4333 - val_loss: 2.2549 - val_accuracy: 0.6000 - lr: 5.0000e-04
Epoch 29/30
2/2 [==============================] - 1s 664ms/step - loss: 2.3817 - accuracy: 0.3500 - val_loss: 2.1511 - val_accuracy: 0.6000 - lr: 5.0000e-04
Epoch 30/30
2/2 [==============================] - 1s 781ms/step - loss: 2.1956 - accuracy: 0.4333 - val_loss: 2.0911 - val_accuracy: 0.6000 - lr: 5.0000e-04
1/1 [==============================] - 0s 85ms/step - loss: 2.3740 - accuracy: 0.1429
Found 60 images belonging to 6 classes.
Found 5 images belonging to 6 classes.
Found 7 images belonging to 6 classes.
Epoch 1/20
2/2 [==============================] - ETA: 0s - loss: 7.4336 - accuracy: 0.2000C:\Users\tom.zbc\PycharmProjects\fungis_bacterias_project\.venv\lib\site-packages\keras\src\engine\training.py:3000: UserWarning: You are saving your model as an HDF5 file via `model.save()`. This file format is considered legacy. We recommend using instead the native Keras format, e.g. `model.save('my_model.keras')`.
  saving_api.save_model(
2/2 [==============================] - 2s 821ms/step - loss: 7.4336 - accuracy: 0.2000 - val_loss: 6.7094 - val_accuracy: 0.0000e+00 - lr: 5.0000e-04
Epoch 2/20
2/2 [==============================] - 1s 743ms/step - loss: 6.6204 - accuracy: 0.1500 - val_loss: 6.2014 - val_accuracy: 0.2000 - lr: 5.0000e-04
Epoch 3/20
2/2 [==============================] - 1s 759ms/step - loss: 5.9227 - accuracy: 0.2500 - val_loss: 5.4140 - val_accuracy: 0.2000 - lr: 5.0000e-04
Epoch 4/20
2/2 [==============================] - 1s 763ms/step - loss: 5.3630 - accuracy: 0.2500 - val_loss: 4.8067 - val_accuracy: 0.2000 - lr: 5.0000e-04
Epoch 5/20
2/2 [==============================] - 1s 752ms/step - loss: 4.8029 - accuracy: 0.2333 - val_loss: 4.4887 - val_accuracy: 0.2000 - lr: 5.0000e-04
Epoch 6/20
2/2 [==============================] - 1s 729ms/step - loss: 4.5565 - accuracy: 0.2167 - val_loss: 4.2589 - val_accuracy: 0.4000 - lr: 5.0000e-04
Epoch 7/20
2/2 [==============================] - 1s 712ms/step - loss: 4.2936 - accuracy: 0.2500 - val_loss: 4.0647 - val_accuracy: 0.4000 - lr: 5.0000e-04
Epoch 8/20
2/2 [==============================] - 1s 691ms/step - loss: 4.0422 - accuracy: 0.2667 - val_loss: 3.8864 - val_accuracy: 0.4000 - lr: 5.0000e-04
Epoch 9/20
2/2 [==============================] - 1s 746ms/step - loss: 3.8898 - accuracy: 0.3167 - val_loss: 3.7296 - val_accuracy: 0.4000 - lr: 5.0000e-04
Epoch 10/20
2/2 [==============================] - 1s 708ms/step - loss: 3.7163 - accuracy: 0.2833 - val_loss: 3.5755 - val_accuracy: 0.6000 - lr: 5.0000e-04
Epoch 11/20
2/2 [==============================] - 1s 742ms/step - loss: 3.5837 - accuracy: 0.3333 - val_loss: 3.4355 - val_accuracy: 0.6000 - lr: 5.0000e-04
Epoch 12/20
2/2 [==============================] - 1s 752ms/step - loss: 3.4903 - accuracy: 0.3000 - val_loss: 3.3287 - val_accuracy: 0.6000 - lr: 5.0000e-04
Epoch 13/20
2/2 [==============================] - 1s 746ms/step - loss: 3.3694 - accuracy: 0.3167 - val_loss: 3.2302 - val_accuracy: 0.4000 - lr: 5.0000e-04
Epoch 14/20
2/2 [==============================] - 1s 689ms/step - loss: 3.2268 - accuracy: 0.2667 - val_loss: 3.1156 - val_accuracy: 0.2000 - lr: 5.0000e-04
Epoch 15/20
2/2 [==============================] - 1s 687ms/step - loss: 3.1044 - accuracy: 0.3167 - val_loss: 3.0103 - val_accuracy: 0.2000 - lr: 5.0000e-04
Epoch 16/20
2/2 [==============================] - 1s 685ms/step - loss: 2.9937 - accuracy: 0.3833 - val_loss: 2.9126 - val_accuracy: 0.4000 - lr: 5.0000e-04
Epoch 17/20
2/2 [==============================] - 1s 744ms/step - loss: 2.8948 - accuracy: 0.3167 - val_loss: 2.7950 - val_accuracy: 0.4000 - lr: 5.0000e-04
Epoch 18/20
2/2 [==============================] - 1s 772ms/step - loss: 2.8648 - accuracy: 0.3833 - val_loss: 2.6745 - val_accuracy: 0.6000 - lr: 5.0000e-04
Epoch 19/20
2/2 [==============================] - 1s 716ms/step - loss: 2.7345 - accuracy: 0.3833 - val_loss: 2.5674 - val_accuracy: 0.4000 - lr: 5.0000e-04
Epoch 20/20
2/2 [==============================] - 1s 783ms/step - loss: 2.6242 - accuracy: 0.4833 - val_loss: 2.5338 - val_accuracy: 0.4000 - lr: 5.0000e-04
1/1 [==============================] - 0s 88ms/step - loss: 2.4992 - accuracy: 0.1429
Found 60 images belonging to 6 classes.
Found 5 images belonging to 6 classes.
Found 7 images belonging to 6 classes.
Epoch 1/30
2/2 [==============================] - ETA: 0s - loss: 7.3496 - accuracy: 0.1667C:\Users\tom.zbc\PycharmProjects\fungis_bacterias_project\.venv\lib\site-packages\keras\src\engine\training.py:3000: UserWarning: You are saving your model as an HDF5 file via `model.save()`. This file format is considered legacy. We recommend using instead the native Keras format, e.g. `model.save('my_model.keras')`.
  saving_api.save_model(
2/2 [==============================] - 2s 838ms/step - loss: 7.3496 - accuracy: 0.1667 - val_loss: 6.3987 - val_accuracy: 0.2000 - lr: 5.0000e-04
Epoch 2/30
2/2 [==============================] - 1s 737ms/step - loss: 6.7135 - accuracy: 0.1667 - val_loss: 5.8689 - val_accuracy: 0.2000 - lr: 5.0000e-04
Epoch 3/30
2/2 [==============================] - 1s 676ms/step - loss: 5.7623 - accuracy: 0.2167 - val_loss: 5.2857 - val_accuracy: 0.2000 - lr: 5.0000e-04
Epoch 4/30
2/2 [==============================] - 1s 735ms/step - loss: 5.2797 - accuracy: 0.1833 - val_loss: 4.7515 - val_accuracy: 0.2000 - lr: 5.0000e-04
Epoch 5/30
2/2 [==============================] - 1s 784ms/step - loss: 4.7190 - accuracy: 0.2667 - val_loss: 4.3892 - val_accuracy: 0.4000 - lr: 5.0000e-04
Epoch 6/30
2/2 [==============================] - 1s 693ms/step - loss: 4.3818 - accuracy: 0.3167 - val_loss: 4.1239 - val_accuracy: 0.4000 - lr: 5.0000e-04
Epoch 7/30
2/2 [==============================] - 1s 692ms/step - loss: 4.0814 - accuracy: 0.3500 - val_loss: 3.9101 - val_accuracy: 0.4000 - lr: 5.0000e-04
Epoch 8/30
2/2 [==============================] - 1s 697ms/step - loss: 3.9233 - accuracy: 0.3000 - val_loss: 3.7365 - val_accuracy: 0.6000 - lr: 5.0000e-04
Epoch 9/30
2/2 [==============================] - 1s 714ms/step - loss: 3.7592 - accuracy: 0.2667 - val_loss: 3.5585 - val_accuracy: 0.6000 - lr: 5.0000e-04
Epoch 10/30
2/2 [==============================] - 1s 736ms/step - loss: 3.5809 - accuracy: 0.4500 - val_loss: 3.3879 - val_accuracy: 0.4000 - lr: 5.0000e-04
Epoch 11/30
2/2 [==============================] - 1s 754ms/step - loss: 3.5222 - accuracy: 0.2500 - val_loss: 3.2555 - val_accuracy: 0.4000 - lr: 5.0000e-04
Epoch 12/30
2/2 [==============================] - 1s 669ms/step - loss: 3.4276 - accuracy: 0.2500 - val_loss: 3.1641 - val_accuracy: 0.4000 - lr: 5.0000e-04
Epoch 13/30
2/2 [==============================] - 1s 790ms/step - loss: 3.3387 - accuracy: 0.2833 - val_loss: 3.0997 - val_accuracy: 0.6000 - lr: 5.0000e-04
Epoch 14/30
2/2 [==============================] - 1s 740ms/step - loss: 3.1943 - accuracy: 0.3167 - val_loss: 3.0098 - val_accuracy: 0.6000 - lr: 5.0000e-04
Epoch 15/30
2/2 [==============================] - 1s 748ms/step - loss: 3.1296 - accuracy: 0.3333 - val_loss: 2.9241 - val_accuracy: 0.4000 - lr: 5.0000e-04
Epoch 16/30
2/2 [==============================] - 1s 763ms/step - loss: 3.0811 - accuracy: 0.3000 - val_loss: 2.8961 - val_accuracy: 0.4000 - lr: 5.0000e-04
Epoch 17/30
2/2 [==============================] - 1s 752ms/step - loss: 2.9330 - accuracy: 0.3333 - val_loss: 2.8403 - val_accuracy: 0.4000 - lr: 5.0000e-04
Epoch 18/30
2/2 [==============================] - 1s 717ms/step - loss: 2.9277 - accuracy: 0.3000 - val_loss: 2.7585 - val_accuracy: 0.2000 - lr: 5.0000e-04
Epoch 19/30
2/2 [==============================] - 1s 744ms/step - loss: 2.7873 - accuracy: 0.3833 - val_loss: 2.7192 - val_accuracy: 0.2000 - lr: 5.0000e-04
Epoch 20/30
2/2 [==============================] - 1s 699ms/step - loss: 2.6955 - accuracy: 0.4167 - val_loss: 2.5917 - val_accuracy: 0.2000 - lr: 5.0000e-04
Epoch 21/30
2/2 [==============================] - 1s 671ms/step - loss: 2.6549 - accuracy: 0.4167 - val_loss: 2.3855 - val_accuracy: 0.6000 - lr: 5.0000e-04
Epoch 22/30
2/2 [==============================] - 1s 696ms/step - loss: 2.6292 - accuracy: 0.4167 - val_loss: 2.3233 - val_accuracy: 0.6000 - lr: 5.0000e-04
Epoch 23/30
2/2 [==============================] - 1s 698ms/step - loss: 2.6457 - accuracy: 0.3167 - val_loss: 2.3055 - val_accuracy: 0.6000 - lr: 5.0000e-04
Epoch 24/30
2/2 [==============================] - 1s 473ms/step - loss: 2.4390 - accuracy: 0.3833 - val_loss: 2.3331 - val_accuracy: 0.6000 - lr: 5.0000e-04
Epoch 25/30
2/2 [==============================] - 1s 469ms/step - loss: 2.5812 - accuracy: 0.2667 - val_loss: 2.4561 - val_accuracy: 0.4000 - lr: 5.0000e-04
Epoch 26/30
2/2 [==============================] - 1s 407ms/step - loss: 2.5245 - accuracy: 0.4000 - val_loss: 2.4768 - val_accuracy: 0.4000 - lr: 5.0000e-04
Epoch 27/30
2/2 [==============================] - 1s 444ms/step - loss: 2.3934 - accuracy: 0.4333 - val_loss: 2.4019 - val_accuracy: 0.6000 - lr: 5.0000e-04
1/1 [==============================] - 0s 87ms/step - loss: 2.5014 - accuracy: 0.4286
Found 60 images belonging to 6 classes.
Found 5 images belonging to 6 classes.
Found 7 images belonging to 6 classes.
Epoch 1/20
2/2 [==============================] - ETA: 0s - loss: 7.4355 - accuracy: 0.1000C:\Users\tom.zbc\PycharmProjects\fungis_bacterias_project\.venv\lib\site-packages\keras\src\engine\training.py:3000: UserWarning: You are saving your model as an HDF5 file via `model.save()`. This file format is considered legacy. We recommend using instead the native Keras format, e.g. `model.save('my_model.keras')`.
  saving_api.save_model(
2/2 [==============================] - 2s 819ms/step - loss: 7.4355 - accuracy: 0.1000 - val_loss: 6.8097 - val_accuracy: 0.2000 - lr: 5.0000e-04
Epoch 2/20
2/2 [==============================] - 1s 744ms/step - loss: 7.0324 - accuracy: 0.1167 - val_loss: 6.0962 - val_accuracy: 0.4000 - lr: 5.0000e-04
Epoch 3/20
2/2 [==============================] - 1s 709ms/step - loss: 6.1276 - accuracy: 0.2500 - val_loss: 5.6430 - val_accuracy: 0.2000 - lr: 5.0000e-04
Epoch 4/20
2/2 [==============================] - 1s 742ms/step - loss: 5.6574 - accuracy: 0.2667 - val_loss: 5.1075 - val_accuracy: 0.4000 - lr: 5.0000e-04
Epoch 5/20
2/2 [==============================] - 1s 743ms/step - loss: 5.2959 - accuracy: 0.2500 - val_loss: 4.8252 - val_accuracy: 0.4000 - lr: 5.0000e-04
Epoch 6/20
2/2 [==============================] - 1s 708ms/step - loss: 4.9863 - accuracy: 0.1833 - val_loss: 4.6262 - val_accuracy: 0.4000 - lr: 5.0000e-04
Epoch 7/20
2/2 [==============================] - 1s 768ms/step - loss: 4.7060 - accuracy: 0.2000 - val_loss: 4.4495 - val_accuracy: 0.4000 - lr: 5.0000e-04
Epoch 8/20
2/2 [==============================] - 1s 770ms/step - loss: 4.4360 - accuracy: 0.2833 - val_loss: 4.2852 - val_accuracy: 0.4000 - lr: 5.0000e-04
Epoch 9/20
2/2 [==============================] - 1s 723ms/step - loss: 4.3174 - accuracy: 0.3000 - val_loss: 4.1452 - val_accuracy: 0.2000 - lr: 5.0000e-04
Epoch 10/20
2/2 [==============================] - 1s 757ms/step - loss: 4.2137 - accuracy: 0.2667 - val_loss: 4.0190 - val_accuracy: 0.4000 - lr: 5.0000e-04
Epoch 11/20
2/2 [==============================] - 1s 757ms/step - loss: 4.0257 - accuracy: 0.3167 - val_loss: 3.8908 - val_accuracy: 0.4000 - lr: 5.0000e-04
Epoch 12/20
2/2 [==============================] - 1s 726ms/step - loss: 3.9020 - accuracy: 0.2833 - val_loss: 3.7525 - val_accuracy: 0.4000 - lr: 5.0000e-04
Epoch 13/20
2/2 [==============================] - 1s 695ms/step - loss: 3.7840 - accuracy: 0.3167 - val_loss: 3.6172 - val_accuracy: 0.4000 - lr: 5.0000e-04
Epoch 14/20
2/2 [==============================] - 1s 760ms/step - loss: 3.6901 - accuracy: 0.3500 - val_loss: 3.4979 - val_accuracy: 0.4000 - lr: 5.0000e-04
Epoch 15/20
2/2 [==============================] - 1s 785ms/step - loss: 3.5729 - accuracy: 0.3000 - val_loss: 3.3800 - val_accuracy: 0.4000 - lr: 5.0000e-04
Epoch 16/20
2/2 [==============================] - 1s 702ms/step - loss: 3.4102 - accuracy: 0.4000 - val_loss: 3.2845 - val_accuracy: 0.4000 - lr: 5.0000e-04
Epoch 17/20
2/2 [==============================] - 1s 710ms/step - loss: 3.2972 - accuracy: 0.3167 - val_loss: 3.2003 - val_accuracy: 0.2000 - lr: 5.0000e-04
Epoch 18/20
2/2 [==============================] - 1s 756ms/step - loss: 3.1262 - accuracy: 0.4333 - val_loss: 3.0395 - val_accuracy: 0.4000 - lr: 5.0000e-04
Epoch 19/20
2/2 [==============================] - 1s 773ms/step - loss: 3.0891 - accuracy: 0.3500 - val_loss: 2.9117 - val_accuracy: 0.2000 - lr: 5.0000e-04
Epoch 20/20
2/2 [==============================] - 1s 788ms/step - loss: 2.9136 - accuracy: 0.4333 - val_loss: 2.7868 - val_accuracy: 0.4000 - lr: 5.0000e-04
1/1 [==============================] - 0s 84ms/step - loss: 3.0693 - accuracy: 0.1429
Found 60 images belonging to 6 classes.
Found 5 images belonging to 6 classes.
Found 7 images belonging to 6 classes.
Epoch 1/30
2/2 [==============================] - ETA: 0s - loss: 7.5634 - accuracy: 0.1333C:\Users\tom.zbc\PycharmProjects\fungis_bacterias_project\.venv\lib\site-packages\keras\src\engine\training.py:3000: UserWarning: You are saving your model as an HDF5 file via `model.save()`. This file format is considered legacy. We recommend using instead the native Keras format, e.g. `model.save('my_model.keras')`.
  saving_api.save_model(
2/2 [==============================] - 2s 860ms/step - loss: 7.5634 - accuracy: 0.1333 - val_loss: 7.3223 - val_accuracy: 0.4000 - lr: 5.0000e-04
Epoch 2/30
2/2 [==============================] - 1s 758ms/step - loss: 6.9022 - accuracy: 0.2500 - val_loss: 6.9589 - val_accuracy: 0.0000e+00 - lr: 5.0000e-04
Epoch 3/30
2/2 [==============================] - 1s 737ms/step - loss: 6.1365 - accuracy: 0.1667 - val_loss: 5.7577 - val_accuracy: 0.0000e+00 - lr: 5.0000e-04
Epoch 4/30
2/2 [==============================] - 1s 754ms/step - loss: 5.3962 - accuracy: 0.2000 - val_loss: 5.0454 - val_accuracy: 0.2000 - lr: 5.0000e-04
Epoch 5/30
2/2 [==============================] - 1s 691ms/step - loss: 5.0390 - accuracy: 0.1833 - val_loss: 4.6341 - val_accuracy: 0.2000 - lr: 5.0000e-04
Epoch 6/30
2/2 [==============================] - 1s 755ms/step - loss: 4.6660 - accuracy: 0.2667 - val_loss: 4.3629 - val_accuracy: 0.2000 - lr: 5.0000e-04
Epoch 7/30
2/2 [==============================] - 1s 688ms/step - loss: 4.3610 - accuracy: 0.3167 - val_loss: 4.1523 - val_accuracy: 0.4000 - lr: 5.0000e-04
Epoch 8/30
2/2 [==============================] - 1s 707ms/step - loss: 4.2390 - accuracy: 0.2833 - val_loss: 3.9808 - val_accuracy: 0.4000 - lr: 5.0000e-04
Epoch 9/30
2/2 [==============================] - 1s 754ms/step - loss: 4.0106 - accuracy: 0.3833 - val_loss: 3.8415 - val_accuracy: 0.4000 - lr: 5.0000e-04
Epoch 10/30
2/2 [==============================] - 1s 749ms/step - loss: 3.8511 - accuracy: 0.2667 - val_loss: 3.7174 - val_accuracy: 0.4000 - lr: 5.0000e-04
Epoch 11/30
2/2 [==============================] - 1s 695ms/step - loss: 3.7665 - accuracy: 0.2167 - val_loss: 3.6041 - val_accuracy: 0.4000 - lr: 5.0000e-04
Epoch 12/30
2/2 [==============================] - 1s 703ms/step - loss: 3.6262 - accuracy: 0.2667 - val_loss: 3.4995 - val_accuracy: 0.4000 - lr: 5.0000e-04
Epoch 13/30
2/2 [==============================] - 1s 704ms/step - loss: 3.5099 - accuracy: 0.2500 - val_loss: 3.3954 - val_accuracy: 0.4000 - lr: 5.0000e-04
Epoch 14/30
2/2 [==============================] - 1s 715ms/step - loss: 3.3848 - accuracy: 0.2667 - val_loss: 3.2987 - val_accuracy: 0.4000 - lr: 5.0000e-04
Epoch 15/30
2/2 [==============================] - 1s 682ms/step - loss: 3.2221 - accuracy: 0.4167 - val_loss: 3.2148 - val_accuracy: 0.4000 - lr: 5.0000e-04
Epoch 16/30
2/2 [==============================] - 1s 779ms/step - loss: 3.1613 - accuracy: 0.3000 - val_loss: 3.1184 - val_accuracy: 0.4000 - lr: 5.0000e-04
Epoch 17/30
2/2 [==============================] - 1s 760ms/step - loss: 3.1203 - accuracy: 0.3500 - val_loss: 3.0327 - val_accuracy: 0.2000 - lr: 5.0000e-04
Epoch 18/30
2/2 [==============================] - 1s 741ms/step - loss: 2.8935 - accuracy: 0.3500 - val_loss: 2.9500 - val_accuracy: 0.2000 - lr: 5.0000e-04
Epoch 19/30
2/2 [==============================] - 1s 794ms/step - loss: 2.9000 - accuracy: 0.3500 - val_loss: 2.8695 - val_accuracy: 0.2000 - lr: 5.0000e-04
Epoch 20/30
2/2 [==============================] - 1s 712ms/step - loss: 2.8460 - accuracy: 0.3833 - val_loss: 2.7848 - val_accuracy: 0.2000 - lr: 5.0000e-04
Epoch 21/30
2/2 [==============================] - 1s 755ms/step - loss: 2.7864 - accuracy: 0.2500 - val_loss: 2.7041 - val_accuracy: 0.2000 - lr: 5.0000e-04
Epoch 22/30
2/2 [==============================] - 1s 759ms/step - loss: 2.7211 - accuracy: 0.3833 - val_loss: 2.6723 - val_accuracy: 0.2000 - lr: 5.0000e-04
Epoch 23/30
2/2 [==============================] - 1s 772ms/step - loss: 2.5622 - accuracy: 0.3667 - val_loss: 2.5615 - val_accuracy: 0.2000 - lr: 5.0000e-04
Epoch 24/30
2/2 [==============================] - 1s 762ms/step - loss: 2.5102 - accuracy: 0.3500 - val_loss: 2.4099 - val_accuracy: 0.6000 - lr: 5.0000e-04
Epoch 25/30
2/2 [==============================] - 1s 744ms/step - loss: 2.5851 - accuracy: 0.3667 - val_loss: 2.3239 - val_accuracy: 0.4000 - lr: 5.0000e-04
Epoch 26/30
2/2 [==============================] - 1s 478ms/step - loss: 2.3914 - accuracy: 0.4333 - val_loss: 2.3521 - val_accuracy: 0.4000 - lr: 5.0000e-04
Epoch 27/30
2/2 [==============================] - 1s 481ms/step - loss: 2.6145 - accuracy: 0.3333 - val_loss: 2.3458 - val_accuracy: 0.4000 - lr: 5.0000e-04
Epoch 28/30
2/2 [==============================] - 1s 733ms/step - loss: 2.4852 - accuracy: 0.3833 - val_loss: 2.2676 - val_accuracy: 0.4000 - lr: 5.0000e-04
Epoch 29/30
2/2 [==============================] - 1s 747ms/step - loss: 2.4075 - accuracy: 0.4167 - val_loss: 2.1507 - val_accuracy: 0.4000 - lr: 5.0000e-04
Epoch 30/30
2/2 [==============================] - 1s 715ms/step - loss: 2.4818 - accuracy: 0.3667 - val_loss: 2.0839 - val_accuracy: 0.4000 - lr: 5.0000e-04
1/1 [==============================] - 0s 89ms/step - loss: 2.4595 - accuracy: 0.1429
Found 60 images belonging to 6 classes.
Found 5 images belonging to 6 classes.
Found 7 images belonging to 6 classes.
Epoch 1/20
2/2 [==============================] - ETA: 0s - loss: 7.2678 - accuracy: 0.1000C:\Users\tom.zbc\PycharmProjects\fungis_bacterias_project\.venv\lib\site-packages\keras\src\engine\training.py:3000: UserWarning: You are saving your model as an HDF5 file via `model.save()`. This file format is considered legacy. We recommend using instead the native Keras format, e.g. `model.save('my_model.keras')`.
  saving_api.save_model(
2/2 [==============================] - 2s 835ms/step - loss: 7.2678 - accuracy: 0.1000 - val_loss: 6.3613 - val_accuracy: 0.2000 - lr: 5.0000e-04
Epoch 2/20
2/2 [==============================] - 1s 731ms/step - loss: 6.2828 - accuracy: 0.1667 - val_loss: 5.6102 - val_accuracy: 0.2000 - lr: 5.0000e-04
Epoch 3/20
2/2 [==============================] - 1s 755ms/step - loss: 5.5559 - accuracy: 0.2000 - val_loss: 4.8774 - val_accuracy: 0.4000 - lr: 5.0000e-04
Epoch 4/20
2/2 [==============================] - 1s 679ms/step - loss: 4.9712 - accuracy: 0.2833 - val_loss: 4.4404 - val_accuracy: 0.4000 - lr: 5.0000e-04
Epoch 5/20
2/2 [==============================] - 1s 771ms/step - loss: 4.4295 - accuracy: 0.3667 - val_loss: 4.1315 - val_accuracy: 0.4000 - lr: 5.0000e-04
Epoch 6/20
2/2 [==============================] - 1s 698ms/step - loss: 4.1820 - accuracy: 0.2167 - val_loss: 3.8961 - val_accuracy: 0.4000 - lr: 5.0000e-04
Epoch 7/20
2/2 [==============================] - 1s 678ms/step - loss: 3.9296 - accuracy: 0.3167 - val_loss: 3.7134 - val_accuracy: 0.4000 - lr: 5.0000e-04
Epoch 8/20
2/2 [==============================] - 1s 781ms/step - loss: 3.7681 - accuracy: 0.2500 - val_loss: 3.5648 - val_accuracy: 0.4000 - lr: 5.0000e-04
Epoch 9/20
2/2 [==============================] - 1s 738ms/step - loss: 3.5533 - accuracy: 0.4000 - val_loss: 3.4382 - val_accuracy: 0.4000 - lr: 5.0000e-04
Epoch 10/20
2/2 [==============================] - 1s 754ms/step - loss: 3.4305 - accuracy: 0.3500 - val_loss: 3.3090 - val_accuracy: 0.4000 - lr: 5.0000e-04
Epoch 11/20
2/2 [==============================] - 1s 724ms/step - loss: 3.3097 - accuracy: 0.3667 - val_loss: 3.1978 - val_accuracy: 0.4000 - lr: 5.0000e-04
Epoch 12/20
2/2 [==============================] - 1s 702ms/step - loss: 3.3239 - accuracy: 0.2667 - val_loss: 3.0869 - val_accuracy: 0.4000 - lr: 5.0000e-04
Epoch 13/20
2/2 [==============================] - 1s 714ms/step - loss: 3.1779 - accuracy: 0.2333 - val_loss: 3.0609 - val_accuracy: 0.4000 - lr: 5.0000e-04
Epoch 14/20
2/2 [==============================] - 1s 701ms/step - loss: 3.0327 - accuracy: 0.3667 - val_loss: 2.9776 - val_accuracy: 0.4000 - lr: 5.0000e-04
Epoch 15/20
2/2 [==============================] - 1s 666ms/step - loss: 2.9049 - accuracy: 0.3667 - val_loss: 2.8201 - val_accuracy: 0.4000 - lr: 5.0000e-04
Epoch 16/20
2/2 [==============================] - 1s 752ms/step - loss: 2.8935 - accuracy: 0.3333 - val_loss: 2.6748 - val_accuracy: 0.4000 - lr: 5.0000e-04
Epoch 17/20
2/2 [==============================] - 1s 758ms/step - loss: 2.9102 - accuracy: 0.3167 - val_loss: 2.5844 - val_accuracy: 0.4000 - lr: 5.0000e-04
Epoch 18/20
2/2 [==============================] - 1s 755ms/step - loss: 2.7219 - accuracy: 0.3667 - val_loss: 2.5356 - val_accuracy: 0.4000 - lr: 5.0000e-04
Epoch 19/20
2/2 [==============================] - 1s 433ms/step - loss: 2.5987 - accuracy: 0.4167 - val_loss: 2.5575 - val_accuracy: 0.4000 - lr: 5.0000e-04
Epoch 20/20
2/2 [==============================] - 1s 423ms/step - loss: 2.5897 - accuracy: 0.4333 - val_loss: 2.5544 - val_accuracy: 0.4000 - lr: 5.0000e-04
1/1 [==============================] - 0s 87ms/step - loss: 2.7351 - accuracy: 0.2857
Found 60 images belonging to 6 classes.
Found 5 images belonging to 6 classes.
Found 7 images belonging to 6 classes.
Epoch 1/30
2/2 [==============================] - ETA: 0s - loss: 7.2832 - accuracy: 0.1167C:\Users\tom.zbc\PycharmProjects\fungis_bacterias_project\.venv\lib\site-packages\keras\src\engine\training.py:3000: UserWarning: You are saving your model as an HDF5 file via `model.save()`. This file format is considered legacy. We recommend using instead the native Keras format, e.g. `model.save('my_model.keras')`.
  saving_api.save_model(
2/2 [==============================] - 2s 917ms/step - loss: 7.2832 - accuracy: 0.1167 - val_loss: 6.4665 - val_accuracy: 0.2000 - lr: 5.0000e-04
Epoch 2/30
2/2 [==============================] - 1s 794ms/step - loss: 6.3093 - accuracy: 0.1333 - val_loss: 5.4657 - val_accuracy: 0.2000 - lr: 5.0000e-04
Epoch 3/30
2/2 [==============================] - 1s 692ms/step - loss: 5.4947 - accuracy: 0.1500 - val_loss: 4.9518 - val_accuracy: 0.2000 - lr: 5.0000e-04
Epoch 4/30
2/2 [==============================] - 1s 760ms/step - loss: 4.8813 - accuracy: 0.1667 - val_loss: 4.5705 - val_accuracy: 0.2000 - lr: 5.0000e-04
Epoch 5/30
2/2 [==============================] - 1s 782ms/step - loss: 4.4351 - accuracy: 0.3333 - val_loss: 4.2272 - val_accuracy: 0.2000 - lr: 5.0000e-04
Epoch 6/30
2/2 [==============================] - 1s 782ms/step - loss: 4.1356 - accuracy: 0.2667 - val_loss: 3.9716 - val_accuracy: 0.2000 - lr: 5.0000e-04
Epoch 7/30
2/2 [==============================] - 1s 693ms/step - loss: 3.8664 - accuracy: 0.2833 - val_loss: 3.7758 - val_accuracy: 0.0000e+00 - lr: 5.0000e-04
Epoch 8/30
2/2 [==============================] - 1s 733ms/step - loss: 3.6704 - accuracy: 0.3000 - val_loss: 3.6274 - val_accuracy: 0.0000e+00 - lr: 5.0000e-04
Epoch 9/30
2/2 [==============================] - 1s 775ms/step - loss: 3.5117 - accuracy: 0.3000 - val_loss: 3.5451 - val_accuracy: 0.0000e+00 - lr: 5.0000e-04
Epoch 10/30
2/2 [==============================] - 1s 769ms/step - loss: 3.3545 - accuracy: 0.3333 - val_loss: 3.4513 - val_accuracy: 0.0000e+00 - lr: 5.0000e-04
Epoch 11/30
2/2 [==============================] - 1s 719ms/step - loss: 3.3265 - accuracy: 0.2333 - val_loss: 3.3674 - val_accuracy: 0.0000e+00 - lr: 5.0000e-04
Epoch 12/30
2/2 [==============================] - 1s 806ms/step - loss: 3.1274 - accuracy: 0.3500 - val_loss: 3.2781 - val_accuracy: 0.2000 - lr: 5.0000e-04
Epoch 13/30
2/2 [==============================] - 1s 758ms/step - loss: 3.1652 - accuracy: 0.2167 - val_loss: 3.1751 - val_accuracy: 0.4000 - lr: 5.0000e-04
Epoch 14/30
2/2 [==============================] - 1s 763ms/step - loss: 2.9766 - accuracy: 0.3833 - val_loss: 3.0896 - val_accuracy: 0.2000 - lr: 5.0000e-04
Epoch 15/30
2/2 [==============================] - 1s 768ms/step - loss: 2.9673 - accuracy: 0.3667 - val_loss: 2.9691 - val_accuracy: 0.2000 - lr: 5.0000e-04
Epoch 16/30
2/2 [==============================] - 1s 793ms/step - loss: 2.8563 - accuracy: 0.3333 - val_loss: 2.8052 - val_accuracy: 0.4000 - lr: 5.0000e-04
Epoch 17/30
2/2 [==============================] - 1s 776ms/step - loss: 2.7976 - accuracy: 0.3333 - val_loss: 2.6788 - val_accuracy: 0.4000 - lr: 5.0000e-04
Epoch 18/30
2/2 [==============================] - 1s 711ms/step - loss: 2.7848 - accuracy: 0.2500 - val_loss: 2.6184 - val_accuracy: 0.4000 - lr: 5.0000e-04
Epoch 19/30
2/2 [==============================] - 1s 703ms/step - loss: 2.5900 - accuracy: 0.4500 - val_loss: 2.6099 - val_accuracy: 0.4000 - lr: 5.0000e-04
Epoch 20/30
2/2 [==============================] - 1s 427ms/step - loss: 2.5591 - accuracy: 0.4000 - val_loss: 2.6215 - val_accuracy: 0.2000 - lr: 5.0000e-04
Epoch 21/30
2/2 [==============================] - 1s 553ms/step - loss: 2.5404 - accuracy: 0.3667 - val_loss: 2.6437 - val_accuracy: 0.2000 - lr: 5.0000e-04
Epoch 22/30
2/2 [==============================] - 1s 415ms/step - loss: 2.4666 - accuracy: 0.3667 - val_loss: 2.6555 - val_accuracy: 0.2000 - lr: 5.0000e-04
Epoch 23/30
2/2 [==============================] - 1s 752ms/step - loss: 2.4881 - accuracy: 0.3500 - val_loss: 2.5984 - val_accuracy: 0.2000 - lr: 5.0000e-04
Epoch 24/30
2/2 [==============================] - 1s 748ms/step - loss: 2.4215 - accuracy: 0.3000 - val_loss: 2.5516 - val_accuracy: 0.2000 - lr: 5.0000e-04
Epoch 25/30
2/2 [==============================] - 1s 718ms/step - loss: 2.3936 - accuracy: 0.3667 - val_loss: 2.4689 - val_accuracy: 0.4000 - lr: 5.0000e-04
Epoch 26/30
2/2 [==============================] - 1s 777ms/step - loss: 2.4100 - accuracy: 0.3833 - val_loss: 2.3924 - val_accuracy: 0.4000 - lr: 5.0000e-04
Epoch 27/30
2/2 [==============================] - 1s 693ms/step - loss: 2.3045 - accuracy: 0.4167 - val_loss: 2.3426 - val_accuracy: 0.4000 - lr: 5.0000e-04
Epoch 28/30
2/2 [==============================] - 1s 695ms/step - loss: 2.3096 - accuracy: 0.3833 - val_loss: 2.2994 - val_accuracy: 0.4000 - lr: 5.0000e-04
Epoch 29/30
2/2 [==============================] - 1s 709ms/step - loss: 2.2594 - accuracy: 0.3833 - val_loss: 2.2790 - val_accuracy: 0.4000 - lr: 5.0000e-04
Epoch 30/30
2/2 [==============================] - 1s 716ms/step - loss: 2.1970 - accuracy: 0.4333 - val_loss: 2.2769 - val_accuracy: 0.4000 - lr: 5.0000e-04
1/1 [==============================] - 0s 94ms/step - loss: 2.5085 - accuracy: 0.1429
Found 60 images belonging to 6 classes.
Found 5 images belonging to 6 classes.
Found 7 images belonging to 6 classes.
Epoch 1/20
2/2 [==============================] - ETA: 0s - loss: 8.0633 - accuracy: 0.1500C:\Users\tom.zbc\PycharmProjects\fungis_bacterias_project\.venv\lib\site-packages\keras\src\engine\training.py:3000: UserWarning: You are saving your model as an HDF5 file via `model.save()`. This file format is considered legacy. We recommend using instead the native Keras format, e.g. `model.save('my_model.keras')`.
  saving_api.save_model(
2/2 [==============================] - 2s 1s/step - loss: 8.0633 - accuracy: 0.1500 - val_loss: 6.9384 - val_accuracy: 0.2000 - lr: 5.0000e-04
Epoch 2/20
2/2 [==============================] - 2s 1s/step - loss: 6.7077 - accuracy: 0.2333 - val_loss: 5.9739 - val_accuracy: 0.2000 - lr: 5.0000e-04
Epoch 3/20
2/2 [==============================] - 2s 1s/step - loss: 5.7235 - accuracy: 0.2167 - val_loss: 5.1990 - val_accuracy: 0.4000 - lr: 5.0000e-04
Epoch 4/20
2/2 [==============================] - 2s 1s/step - loss: 5.0076 - accuracy: 0.2333 - val_loss: 4.7240 - val_accuracy: 0.2000 - lr: 5.0000e-04
Epoch 5/20
2/2 [==============================] - 2s 1s/step - loss: 4.6447 - accuracy: 0.2333 - val_loss: 4.4353 - val_accuracy: 0.2000 - lr: 5.0000e-04
Epoch 6/20
2/2 [==============================] - 2s 1s/step - loss: 4.3885 - accuracy: 0.2500 - val_loss: 4.2330 - val_accuracy: 0.2000 - lr: 5.0000e-04
Epoch 7/20
2/2 [==============================] - 2s 1s/step - loss: 4.2024 - accuracy: 0.3167 - val_loss: 4.0824 - val_accuracy: 0.2000 - lr: 5.0000e-04
Epoch 8/20
2/2 [==============================] - 2s 1s/step - loss: 4.0559 - accuracy: 0.3000 - val_loss: 3.9534 - val_accuracy: 0.0000e+00 - lr: 5.0000e-04
Epoch 9/20
2/2 [==============================] - 2s 1s/step - loss: 3.9320 - accuracy: 0.2833 - val_loss: 3.8148 - val_accuracy: 0.0000e+00 - lr: 5.0000e-04
Epoch 10/20
2/2 [==============================] - 2s 1s/step - loss: 3.7901 - accuracy: 0.3000 - val_loss: 3.7004 - val_accuracy: 0.0000e+00 - lr: 5.0000e-04
Epoch 11/20
2/2 [==============================] - 2s 1s/step - loss: 3.6903 - accuracy: 0.2333 - val_loss: 3.5638 - val_accuracy: 0.2000 - lr: 5.0000e-04
Epoch 12/20
2/2 [==============================] - 2s 1s/step - loss: 3.4730 - accuracy: 0.3833 - val_loss: 3.4129 - val_accuracy: 0.2000 - lr: 5.0000e-04
Epoch 13/20
2/2 [==============================] - 2s 1s/step - loss: 3.3554 - accuracy: 0.3500 - val_loss: 3.2627 - val_accuracy: 0.2000 - lr: 5.0000e-04
Epoch 14/20
2/2 [==============================] - 2s 1s/step - loss: 3.2722 - accuracy: 0.2833 - val_loss: 3.0798 - val_accuracy: 0.4000 - lr: 5.0000e-04
Epoch 15/20
2/2 [==============================] - 2s 1s/step - loss: 3.0727 - accuracy: 0.3333 - val_loss: 2.9128 - val_accuracy: 0.6000 - lr: 5.0000e-04
Epoch 16/20
2/2 [==============================] - 2s 1s/step - loss: 2.9774 - accuracy: 0.2667 - val_loss: 2.8150 - val_accuracy: 0.6000 - lr: 5.0000e-04
Epoch 17/20
2/2 [==============================] - 2s 1s/step - loss: 2.9121 - accuracy: 0.2833 - val_loss: 2.7332 - val_accuracy: 0.6000 - lr: 5.0000e-04
Epoch 18/20
2/2 [==============================] - 2s 1s/step - loss: 2.7539 - accuracy: 0.3833 - val_loss: 2.6757 - val_accuracy: 0.4000 - lr: 5.0000e-04
Epoch 19/20
2/2 [==============================] - 1s 585ms/step - loss: 2.9319 - accuracy: 0.2833 - val_loss: 2.6945 - val_accuracy: 0.4000 - lr: 5.0000e-04
Epoch 20/20
2/2 [==============================] - 1s 623ms/step - loss: 2.7831 - accuracy: 0.2667 - val_loss: 2.7311 - val_accuracy: 0.4000 - lr: 5.0000e-04
1/1 [==============================] - 0s 102ms/step - loss: 3.1296 - accuracy: 0.1429
Found 60 images belonging to 6 classes.
Found 5 images belonging to 6 classes.
Found 7 images belonging to 6 classes.
Epoch 1/30
2/2 [==============================] - ETA: 0s - loss: 7.6572 - accuracy: 0.1667C:\Users\tom.zbc\PycharmProjects\fungis_bacterias_project\.venv\lib\site-packages\keras\src\engine\training.py:3000: UserWarning: You are saving your model as an HDF5 file via `model.save()`. This file format is considered legacy. We recommend using instead the native Keras format, e.g. `model.save('my_model.keras')`.
  saving_api.save_model(
2/2 [==============================] - 2s 1s/step - loss: 7.6572 - accuracy: 0.1667 - val_loss: 7.4094 - val_accuracy: 0.2000 - lr: 5.0000e-04
Epoch 2/30
2/2 [==============================] - 2s 1s/step - loss: 6.4967 - accuracy: 0.1167 - val_loss: 6.5247 - val_accuracy: 0.0000e+00 - lr: 5.0000e-04
Epoch 3/30
2/2 [==============================] - 2s 1s/step - loss: 5.5232 - accuracy: 0.1333 - val_loss: 5.3152 - val_accuracy: 0.2000 - lr: 5.0000e-04
Epoch 4/30
2/2 [==============================] - 2s 1s/step - loss: 4.8181 - accuracy: 0.2667 - val_loss: 4.6185 - val_accuracy: 0.2000 - lr: 5.0000e-04
Epoch 5/30
2/2 [==============================] - 2s 1s/step - loss: 4.3888 - accuracy: 0.3500 - val_loss: 4.2570 - val_accuracy: 0.2000 - lr: 5.0000e-04
Epoch 6/30
2/2 [==============================] - 2s 1s/step - loss: 4.1688 - accuracy: 0.2500 - val_loss: 4.0431 - val_accuracy: 0.4000 - lr: 5.0000e-04
Epoch 7/30
2/2 [==============================] - 2s 1s/step - loss: 3.9857 - accuracy: 0.2500 - val_loss: 3.8843 - val_accuracy: 0.4000 - lr: 5.0000e-04
Epoch 8/30
2/2 [==============================] - 2s 1s/step - loss: 3.8444 - accuracy: 0.2667 - val_loss: 3.7443 - val_accuracy: 0.4000 - lr: 5.0000e-04
Epoch 9/30
2/2 [==============================] - 2s 1s/step - loss: 3.7469 - accuracy: 0.2667 - val_loss: 3.6158 - val_accuracy: 0.4000 - lr: 5.0000e-04
Epoch 10/30
2/2 [==============================] - 2s 1s/step - loss: 3.5985 - accuracy: 0.3500 - val_loss: 3.4861 - val_accuracy: 0.2000 - lr: 5.0000e-04
Epoch 11/30
2/2 [==============================] - 2s 1s/step - loss: 3.4350 - accuracy: 0.3833 - val_loss: 3.3661 - val_accuracy: 0.2000 - lr: 5.0000e-04
Epoch 12/30
2/2 [==============================] - 2s 1s/step - loss: 3.3366 - accuracy: 0.3500 - val_loss: 3.2427 - val_accuracy: 0.2000 - lr: 5.0000e-04
Epoch 13/30
2/2 [==============================] - 2s 1s/step - loss: 3.1570 - accuracy: 0.3333 - val_loss: 3.1570 - val_accuracy: 0.2000 - lr: 5.0000e-04
Epoch 14/30
2/2 [==============================] - 2s 1s/step - loss: 3.0097 - accuracy: 0.3500 - val_loss: 3.0432 - val_accuracy: 0.4000 - lr: 5.0000e-04
Epoch 15/30
2/2 [==============================] - 2s 1s/step - loss: 2.7624 - accuracy: 0.4500 - val_loss: 2.9770 - val_accuracy: 0.4000 - lr: 5.0000e-04
Epoch 16/30
2/2 [==============================] - 2s 1s/step - loss: 2.9094 - accuracy: 0.3500 - val_loss: 2.8116 - val_accuracy: 0.4000 - lr: 5.0000e-04
Epoch 17/30
2/2 [==============================] - 2s 1s/step - loss: 2.9322 - accuracy: 0.2000 - val_loss: 2.6622 - val_accuracy: 0.6000 - lr: 5.0000e-04
Epoch 18/30
2/2 [==============================] - 2s 1s/step - loss: 2.7309 - accuracy: 0.3500 - val_loss: 2.6131 - val_accuracy: 0.4000 - lr: 5.0000e-04
Epoch 19/30
2/2 [==============================] - 2s 1s/step - loss: 2.6773 - accuracy: 0.4333 - val_loss: 2.5843 - val_accuracy: 0.4000 - lr: 5.0000e-04
Epoch 20/30
2/2 [==============================] - 2s 1s/step - loss: 2.6662 - accuracy: 0.3167 - val_loss: 2.5502 - val_accuracy: 0.4000 - lr: 5.0000e-04
Epoch 21/30
2/2 [==============================] - 2s 1s/step - loss: 2.6162 - accuracy: 0.3000 - val_loss: 2.4214 - val_accuracy: 0.6000 - lr: 5.0000e-04
Epoch 22/30
2/2 [==============================] - 2s 1s/step - loss: 2.5298 - accuracy: 0.3667 - val_loss: 2.3420 - val_accuracy: 0.6000 - lr: 5.0000e-04
Epoch 23/30
2/2 [==============================] - 2s 1s/step - loss: 2.5151 - accuracy: 0.3000 - val_loss: 2.3222 - val_accuracy: 0.6000 - lr: 5.0000e-04
Epoch 24/30
2/2 [==============================] - 1s 643ms/step - loss: 2.4295 - accuracy: 0.4000 - val_loss: 2.3289 - val_accuracy: 0.4000 - lr: 5.0000e-04
Epoch 25/30
2/2 [==============================] - 2s 1s/step - loss: 2.4898 - accuracy: 0.3667 - val_loss: 2.2655 - val_accuracy: 0.6000 - lr: 5.0000e-04
Epoch 26/30
2/2 [==============================] - 2s 1s/step - loss: 2.3629 - accuracy: 0.4000 - val_loss: 2.0692 - val_accuracy: 0.6000 - lr: 5.0000e-04
Epoch 27/30
2/2 [==============================] - 2s 1s/step - loss: 2.4239 - accuracy: 0.3333 - val_loss: 1.9988 - val_accuracy: 0.6000 - lr: 5.0000e-04
Epoch 28/30
2/2 [==============================] - 1s 647ms/step - loss: 2.4539 - accuracy: 0.3000 - val_loss: 2.0070 - val_accuracy: 0.6000 - lr: 5.0000e-04
Epoch 29/30
2/2 [==============================] - 1s 552ms/step - loss: 2.3832 - accuracy: 0.3667 - val_loss: 2.0129 - val_accuracy: 0.6000 - lr: 5.0000e-04
Epoch 30/30
2/2 [==============================] - 1s 552ms/step - loss: 2.3459 - accuracy: 0.3500 - val_loss: 2.1106 - val_accuracy: 0.4000 - lr: 5.0000e-04
1/1 [==============================] - 0s 101ms/step - loss: 2.4684 - accuracy: 0.2857
Found 60 images belonging to 6 classes.
Found 5 images belonging to 6 classes.
Found 7 images belonging to 6 classes.
Epoch 1/20
2/2 [==============================] - ETA: 0s - loss: 7.6579 - accuracy: 0.0833C:\Users\tom.zbc\PycharmProjects\fungis_bacterias_project\.venv\lib\site-packages\keras\src\engine\training.py:3000: UserWarning: You are saving your model as an HDF5 file via `model.save()`. This file format is considered legacy. We recommend using instead the native Keras format, e.g. `model.save('my_model.keras')`.
  saving_api.save_model(
2/2 [==============================] - 2s 1s/step - loss: 7.6579 - accuracy: 0.0833 - val_loss: 6.7140 - val_accuracy: 0.2000 - lr: 5.0000e-04
Epoch 2/20
2/2 [==============================] - 2s 1s/step - loss: 6.5179 - accuracy: 0.2333 - val_loss: 5.5659 - val_accuracy: 0.2000 - lr: 5.0000e-04
Epoch 3/20
2/2 [==============================] - 2s 1s/step - loss: 5.5188 - accuracy: 0.2167 - val_loss: 4.9513 - val_accuracy: 0.2000 - lr: 5.0000e-04
Epoch 4/20
2/2 [==============================] - 2s 1s/step - loss: 4.9936 - accuracy: 0.1667 - val_loss: 4.5514 - val_accuracy: 0.2000 - lr: 5.0000e-04
Epoch 5/20
2/2 [==============================] - 2s 1s/step - loss: 4.5475 - accuracy: 0.2000 - val_loss: 4.2883 - val_accuracy: 0.2000 - lr: 5.0000e-04
Epoch 6/20
2/2 [==============================] - 2s 1s/step - loss: 4.2562 - accuracy: 0.1667 - val_loss: 4.0896 - val_accuracy: 0.2000 - lr: 5.0000e-04
Epoch 7/20
2/2 [==============================] - 2s 1s/step - loss: 4.0714 - accuracy: 0.2500 - val_loss: 3.9383 - val_accuracy: 0.2000 - lr: 5.0000e-04
Epoch 8/20
2/2 [==============================] - 2s 1s/step - loss: 3.9073 - accuracy: 0.1833 - val_loss: 3.7897 - val_accuracy: 0.2000 - lr: 5.0000e-04
Epoch 9/20
2/2 [==============================] - 2s 1s/step - loss: 3.7690 - accuracy: 0.2333 - val_loss: 3.6285 - val_accuracy: 0.4000 - lr: 5.0000e-04
Epoch 10/20
2/2 [==============================] - 2s 1s/step - loss: 3.6112 - accuracy: 0.2333 - val_loss: 3.4847 - val_accuracy: 0.4000 - lr: 5.0000e-04
Epoch 11/20
2/2 [==============================] - 2s 1s/step - loss: 3.4501 - accuracy: 0.2000 - val_loss: 3.3858 - val_accuracy: 0.2000 - lr: 5.0000e-04
Epoch 12/20
2/2 [==============================] - 2s 1s/step - loss: 3.2845 - accuracy: 0.2833 - val_loss: 3.2737 - val_accuracy: 0.2000 - lr: 5.0000e-04
Epoch 13/20
2/2 [==============================] - 2s 1s/step - loss: 3.1336 - accuracy: 0.3833 - val_loss: 3.0771 - val_accuracy: 0.6000 - lr: 5.0000e-04
Epoch 14/20
2/2 [==============================] - 2s 1s/step - loss: 2.9412 - accuracy: 0.3667 - val_loss: 2.9330 - val_accuracy: 0.6000 - lr: 5.0000e-04
Epoch 15/20
2/2 [==============================] - 2s 1s/step - loss: 2.8973 - accuracy: 0.3833 - val_loss: 2.8396 - val_accuracy: 0.6000 - lr: 5.0000e-04
Epoch 16/20
2/2 [==============================] - 2s 1s/step - loss: 2.9256 - accuracy: 0.3333 - val_loss: 2.8215 - val_accuracy: 0.6000 - lr: 5.0000e-04
Epoch 17/20
2/2 [==============================] - 2s 1s/step - loss: 2.8276 - accuracy: 0.3000 - val_loss: 2.7208 - val_accuracy: 0.2000 - lr: 5.0000e-04
Epoch 18/20
2/2 [==============================] - 2s 1s/step - loss: 2.6012 - accuracy: 0.4000 - val_loss: 2.6265 - val_accuracy: 0.4000 - lr: 5.0000e-04
Epoch 19/20
2/2 [==============================] - 2s 1s/step - loss: 2.6258 - accuracy: 0.3667 - val_loss: 2.5596 - val_accuracy: 0.4000 - lr: 5.0000e-04
Epoch 20/20
2/2 [==============================] - 1s 599ms/step - loss: 2.6384 - accuracy: 0.4167 - val_loss: 2.6571 - val_accuracy: 0.4000 - lr: 5.0000e-04
1/1 [==============================] - 0s 110ms/step - loss: 2.9720 - accuracy: 0.1429
Found 60 images belonging to 6 classes.
Found 5 images belonging to 6 classes.
Found 7 images belonging to 6 classes.
Epoch 1/30
2/2 [==============================] - ETA: 0s - loss: 7.7117 - accuracy: 0.2000C:\Users\tom.zbc\PycharmProjects\fungis_bacterias_project\.venv\lib\site-packages\keras\src\engine\training.py:3000: UserWarning: You are saving your model as an HDF5 file via `model.save()`. This file format is considered legacy. We recommend using instead the native Keras format, e.g. `model.save('my_model.keras')`.
  saving_api.save_model(
2/2 [==============================] - 2s 1s/step - loss: 7.7117 - accuracy: 0.2000 - val_loss: 6.8085 - val_accuracy: 0.2000 - lr: 5.0000e-04
Epoch 2/30
2/2 [==============================] - 2s 1s/step - loss: 6.5656 - accuracy: 0.1167 - val_loss: 5.9208 - val_accuracy: 0.2000 - lr: 5.0000e-04
Epoch 3/30
2/2 [==============================] - 2s 1s/step - loss: 5.6546 - accuracy: 0.2167 - val_loss: 5.1863 - val_accuracy: 0.4000 - lr: 5.0000e-04
Epoch 4/30
2/2 [==============================] - 2s 1s/step - loss: 4.9748 - accuracy: 0.2000 - val_loss: 4.7176 - val_accuracy: 0.4000 - lr: 5.0000e-04
Epoch 5/30
2/2 [==============================] - 2s 1s/step - loss: 4.5163 - accuracy: 0.3667 - val_loss: 4.3996 - val_accuracy: 0.2000 - lr: 5.0000e-04
Epoch 6/30
2/2 [==============================] - 2s 1s/step - loss: 4.2679 - accuracy: 0.2667 - val_loss: 4.1790 - val_accuracy: 0.2000 - lr: 5.0000e-04
Epoch 7/30
2/2 [==============================] - 2s 1s/step - loss: 4.1075 - accuracy: 0.2000 - val_loss: 4.0176 - val_accuracy: 0.4000 - lr: 5.0000e-04
Epoch 8/30
2/2 [==============================] - 2s 1s/step - loss: 3.9575 - accuracy: 0.3000 - val_loss: 3.8770 - val_accuracy: 0.4000 - lr: 5.0000e-04
Epoch 9/30
2/2 [==============================] - 2s 1s/step - loss: 3.7892 - accuracy: 0.4000 - val_loss: 3.7327 - val_accuracy: 0.4000 - lr: 5.0000e-04
Epoch 10/30
2/2 [==============================] - 2s 1s/step - loss: 3.6537 - accuracy: 0.3167 - val_loss: 3.5917 - val_accuracy: 0.4000 - lr: 5.0000e-04
Epoch 11/30
2/2 [==============================] - 2s 1s/step - loss: 3.5262 - accuracy: 0.2833 - val_loss: 3.4500 - val_accuracy: 0.4000 - lr: 5.0000e-04
Epoch 12/30
2/2 [==============================] - 2s 1s/step - loss: 3.3376 - accuracy: 0.3167 - val_loss: 3.3112 - val_accuracy: 0.4000 - lr: 5.0000e-04
Epoch 13/30
2/2 [==============================] - 2s 1s/step - loss: 3.1376 - accuracy: 0.4000 - val_loss: 3.2010 - val_accuracy: 0.4000 - lr: 5.0000e-04
Epoch 14/30
2/2 [==============================] - 2s 1s/step - loss: 3.1214 - accuracy: 0.2667 - val_loss: 3.1155 - val_accuracy: 0.4000 - lr: 5.0000e-04
Epoch 15/30
2/2 [==============================] - 2s 1s/step - loss: 2.8660 - accuracy: 0.3833 - val_loss: 3.0033 - val_accuracy: 0.4000 - lr: 5.0000e-04
Epoch 16/30
2/2 [==============================] - 2s 1s/step - loss: 2.9159 - accuracy: 0.2833 - val_loss: 2.9066 - val_accuracy: 0.4000 - lr: 5.0000e-04
Epoch 17/30
2/2 [==============================] - 2s 1s/step - loss: 2.8233 - accuracy: 0.3500 - val_loss: 2.8248 - val_accuracy: 0.4000 - lr: 5.0000e-04
Epoch 18/30
2/2 [==============================] - 2s 1s/step - loss: 2.6735 - accuracy: 0.3500 - val_loss: 2.7620 - val_accuracy: 0.4000 - lr: 5.0000e-04
Epoch 19/30
2/2 [==============================] - 2s 1s/step - loss: 2.5578 - accuracy: 0.4167 - val_loss: 2.6433 - val_accuracy: 0.4000 - lr: 5.0000e-04
Epoch 20/30
2/2 [==============================] - 2s 1s/step - loss: 2.7277 - accuracy: 0.3000 - val_loss: 2.5758 - val_accuracy: 0.2000 - lr: 5.0000e-04
Epoch 21/30
2/2 [==============================] - 2s 1s/step - loss: 2.6305 - accuracy: 0.3167 - val_loss: 2.5069 - val_accuracy: 0.2000 - lr: 5.0000e-04
Epoch 22/30
2/2 [==============================] - 2s 1s/step - loss: 2.5398 - accuracy: 0.4500 - val_loss: 2.4067 - val_accuracy: 0.2000 - lr: 5.0000e-04
Epoch 23/30
2/2 [==============================] - 2s 1s/step - loss: 2.5978 - accuracy: 0.3167 - val_loss: 2.2867 - val_accuracy: 0.4000 - lr: 5.0000e-04
Epoch 24/30
2/2 [==============================] - 2s 1s/step - loss: 2.5473 - accuracy: 0.3167 - val_loss: 2.2031 - val_accuracy: 0.4000 - lr: 5.0000e-04
Epoch 25/30
2/2 [==============================] - 1s 637ms/step - loss: 2.4482 - accuracy: 0.3833 - val_loss: 2.2553 - val_accuracy: 0.4000 - lr: 5.0000e-04
Epoch 26/30
2/2 [==============================] - 1s 675ms/step - loss: 2.4217 - accuracy: 0.3500 - val_loss: 2.2900 - val_accuracy: 0.4000 - lr: 5.0000e-04
Epoch 27/30
2/2 [==============================] - 1s 671ms/step - loss: 2.3906 - accuracy: 0.3000 - val_loss: 2.3315 - val_accuracy: 0.4000 - lr: 5.0000e-04
Epoch 28/30
2/2 [==============================] - 1s 694ms/step - loss: 2.3665 - accuracy: 0.3167 - val_loss: 2.3143 - val_accuracy: 0.4000 - lr: 5.0000e-04
1/1 [==============================] - 0s 101ms/step - loss: 2.4568 - accuracy: 0.2857
Found 60 images belonging to 6 classes.
Found 5 images belonging to 6 classes.
Found 7 images belonging to 6 classes.
Epoch 1/20
2/2 [==============================] - ETA: 0s - loss: 7.8525 - accuracy: 0.2167C:\Users\tom.zbc\PycharmProjects\fungis_bacterias_project\.venv\lib\site-packages\keras\src\engine\training.py:3000: UserWarning: You are saving your model as an HDF5 file via `model.save()`. This file format is considered legacy. We recommend using instead the native Keras format, e.g. `model.save('my_model.keras')`.
  saving_api.save_model(
2/2 [==============================] - 2s 1s/step - loss: 7.8525 - accuracy: 0.2167 - val_loss: 7.3176 - val_accuracy: 0.2000 - lr: 5.0000e-04
Epoch 2/20
2/2 [==============================] - 2s 1s/step - loss: 6.7722 - accuracy: 0.2000 - val_loss: 5.9721 - val_accuracy: 0.4000 - lr: 5.0000e-04
Epoch 3/20
2/2 [==============================] - 2s 1s/step - loss: 5.7605 - accuracy: 0.2833 - val_loss: 5.2677 - val_accuracy: 0.6000 - lr: 5.0000e-04
Epoch 4/20
2/2 [==============================] - 2s 1s/step - loss: 5.1411 - accuracy: 0.3167 - val_loss: 4.8780 - val_accuracy: 0.4000 - lr: 5.0000e-04
Epoch 5/20
2/2 [==============================] - 2s 1s/step - loss: 4.8579 - accuracy: 0.1833 - val_loss: 4.5835 - val_accuracy: 0.4000 - lr: 5.0000e-04
Epoch 6/20
2/2 [==============================] - 2s 1s/step - loss: 4.6134 - accuracy: 0.1833 - val_loss: 4.3856 - val_accuracy: 0.4000 - lr: 5.0000e-04
Epoch 7/20
2/2 [==============================] - 2s 1s/step - loss: 4.3498 - accuracy: 0.3000 - val_loss: 4.2243 - val_accuracy: 0.2000 - lr: 5.0000e-04
Epoch 8/20
2/2 [==============================] - 2s 1s/step - loss: 4.1847 - accuracy: 0.2833 - val_loss: 4.0602 - val_accuracy: 0.4000 - lr: 5.0000e-04
Epoch 9/20
2/2 [==============================] - 2s 1s/step - loss: 4.0301 - accuracy: 0.3000 - val_loss: 3.8923 - val_accuracy: 0.2000 - lr: 5.0000e-04
Epoch 10/20
2/2 [==============================] - 2s 1s/step - loss: 3.8286 - accuracy: 0.3500 - val_loss: 3.7001 - val_accuracy: 0.2000 - lr: 5.0000e-04
Epoch 11/20
2/2 [==============================] - 2s 1s/step - loss: 3.7226 - accuracy: 0.3333 - val_loss: 3.5270 - val_accuracy: 0.4000 - lr: 5.0000e-04
Epoch 12/20
2/2 [==============================] - 2s 1s/step - loss: 3.5065 - accuracy: 0.3667 - val_loss: 3.3460 - val_accuracy: 0.4000 - lr: 5.0000e-04
Epoch 13/20
2/2 [==============================] - 2s 1s/step - loss: 3.4411 - accuracy: 0.3167 - val_loss: 3.2302 - val_accuracy: 0.4000 - lr: 5.0000e-04
Epoch 14/20
2/2 [==============================] - 2s 1s/step - loss: 3.2167 - accuracy: 0.3000 - val_loss: 3.1478 - val_accuracy: 0.4000 - lr: 5.0000e-04
Epoch 15/20
2/2 [==============================] - 2s 1s/step - loss: 3.1150 - accuracy: 0.3667 - val_loss: 3.0228 - val_accuracy: 0.2000 - lr: 5.0000e-04
Epoch 16/20
2/2 [==============================] - 2s 1s/step - loss: 2.9752 - accuracy: 0.3500 - val_loss: 2.8820 - val_accuracy: 0.2000 - lr: 5.0000e-04
Epoch 17/20
2/2 [==============================] - 2s 1s/step - loss: 3.0003 - accuracy: 0.2333 - val_loss: 2.7628 - val_accuracy: 0.4000 - lr: 5.0000e-04
Epoch 18/20
2/2 [==============================] - 1s 694ms/step - loss: 2.8312 - accuracy: 0.3167 - val_loss: 2.7868 - val_accuracy: 0.4000 - lr: 5.0000e-04
Epoch 19/20
2/2 [==============================] - 1s 574ms/step - loss: 2.8596 - accuracy: 0.3167 - val_loss: 2.7733 - val_accuracy: 0.2000 - lr: 5.0000e-04
Epoch 20/20
2/2 [==============================] - 2s 1s/step - loss: 2.7461 - accuracy: 0.3333 - val_loss: 2.7158 - val_accuracy: 0.2000 - lr: 5.0000e-04
1/1 [==============================] - 0s 105ms/step - loss: 2.9377 - accuracy: 0.4286
Found 60 images belonging to 6 classes.
Found 5 images belonging to 6 classes.
Found 7 images belonging to 6 classes.
Epoch 1/30
2/2 [==============================] - ETA: 0s - loss: 7.9490 - accuracy: 0.1500C:\Users\tom.zbc\PycharmProjects\fungis_bacterias_project\.venv\lib\site-packages\keras\src\engine\training.py:3000: UserWarning: You are saving your model as an HDF5 file via `model.save()`. This file format is considered legacy. We recommend using instead the native Keras format, e.g. `model.save('my_model.keras')`.
  saving_api.save_model(
2/2 [==============================] - 2s 1s/step - loss: 7.9490 - accuracy: 0.1500 - val_loss: 6.7008 - val_accuracy: 0.2000 - lr: 5.0000e-04
Epoch 2/30
2/2 [==============================] - 2s 1s/step - loss: 6.9871 - accuracy: 0.1333 - val_loss: 5.9261 - val_accuracy: 0.2000 - lr: 5.0000e-04
Epoch 3/30
2/2 [==============================] - 2s 1s/step - loss: 5.6993 - accuracy: 0.2500 - val_loss: 5.3392 - val_accuracy: 0.2000 - lr: 5.0000e-04
Epoch 4/30
2/2 [==============================] - 2s 1s/step - loss: 5.2400 - accuracy: 0.1500 - val_loss: 4.9506 - val_accuracy: 0.0000e+00 - lr: 5.0000e-04
Epoch 5/30
2/2 [==============================] - 2s 1s/step - loss: 4.8119 - accuracy: 0.2833 - val_loss: 4.6739 - val_accuracy: 0.2000 - lr: 5.0000e-04
Epoch 6/30
2/2 [==============================] - 2s 1s/step - loss: 4.5826 - accuracy: 0.2833 - val_loss: 4.4823 - val_accuracy: 0.2000 - lr: 5.0000e-04
Epoch 7/30
2/2 [==============================] - 2s 1s/step - loss: 4.4250 - accuracy: 0.1667 - val_loss: 4.3342 - val_accuracy: 0.2000 - lr: 5.0000e-04
Epoch 8/30
2/2 [==============================] - 2s 1s/step - loss: 4.2666 - accuracy: 0.2500 - val_loss: 4.1916 - val_accuracy: 0.2000 - lr: 5.0000e-04
Epoch 9/30
2/2 [==============================] - 2s 1s/step - loss: 4.1321 - accuracy: 0.2000 - val_loss: 4.0546 - val_accuracy: 0.2000 - lr: 5.0000e-04
Epoch 10/30
2/2 [==============================] - 2s 1s/step - loss: 3.9439 - accuracy: 0.2500 - val_loss: 3.8976 - val_accuracy: 0.2000 - lr: 5.0000e-04
Epoch 11/30
2/2 [==============================] - 2s 1s/step - loss: 3.8027 - accuracy: 0.2500 - val_loss: 3.7402 - val_accuracy: 0.2000 - lr: 5.0000e-04
Epoch 12/30
2/2 [==============================] - 2s 1s/step - loss: 3.6366 - accuracy: 0.3500 - val_loss: 3.5736 - val_accuracy: 0.2000 - lr: 5.0000e-04
Epoch 13/30
2/2 [==============================] - 2s 1s/step - loss: 3.4899 - accuracy: 0.3500 - val_loss: 3.4604 - val_accuracy: 0.4000 - lr: 5.0000e-04
Epoch 14/30
2/2 [==============================] - 2s 1s/step - loss: 3.3013 - accuracy: 0.4167 - val_loss: 3.3499 - val_accuracy: 0.2000 - lr: 5.0000e-04
Epoch 15/30
2/2 [==============================] - 2s 1s/step - loss: 3.1445 - accuracy: 0.3667 - val_loss: 3.2509 - val_accuracy: 0.2000 - lr: 5.0000e-04
Epoch 16/30
2/2 [==============================] - 2s 1s/step - loss: 3.1344 - accuracy: 0.3000 - val_loss: 3.0358 - val_accuracy: 0.2000 - lr: 5.0000e-04
Epoch 17/30
2/2 [==============================] - 2s 1s/step - loss: 2.9506 - accuracy: 0.3667 - val_loss: 2.7832 - val_accuracy: 0.6000 - lr: 5.0000e-04
Epoch 18/30
2/2 [==============================] - 2s 1s/step - loss: 2.9419 - accuracy: 0.2667 - val_loss: 2.6492 - val_accuracy: 0.4000 - lr: 5.0000e-04
Epoch 19/30
2/2 [==============================] - 2s 1s/step - loss: 2.8929 - accuracy: 0.2500 - val_loss: 2.5708 - val_accuracy: 0.6000 - lr: 5.0000e-04
Epoch 20/30
2/2 [==============================] - 1s 736ms/step - loss: 2.7870 - accuracy: 0.3000 - val_loss: 2.6030 - val_accuracy: 0.4000 - lr: 5.0000e-04
Epoch 21/30
2/2 [==============================] - 1s 584ms/step - loss: 2.7833 - accuracy: 0.2167 - val_loss: 2.7586 - val_accuracy: 0.4000 - lr: 5.0000e-04
Epoch 22/30
2/2 [==============================] - 1s 657ms/step - loss: 2.6220 - accuracy: 0.3000 - val_loss: 2.7740 - val_accuracy: 0.2000 - lr: 5.0000e-04
Epoch 23/30
2/2 [==============================] - 1s 709ms/step - loss: 2.7136 - accuracy: 0.3333 - val_loss: 2.7178 - val_accuracy: 0.2000 - lr: 5.0000e-04
1/1 [==============================] - 0s 100ms/step - loss: 2.9371 - accuracy: 0.1429
Found 60 images belonging to 6 classes.
Found 5 images belonging to 6 classes.
Found 7 images belonging to 6 classes.
Epoch 1/20
2/2 [==============================] - ETA: 0s - loss: 8.0757 - accuracy: 0.2167C:\Users\tom.zbc\PycharmProjects\fungis_bacterias_project\.venv\lib\site-packages\keras\src\engine\training.py:3000: UserWarning: You are saving your model as an HDF5 file via `model.save()`. This file format is considered legacy. We recommend using instead the native Keras format, e.g. `model.save('my_model.keras')`.
  saving_api.save_model(
2/2 [==============================] - 2s 1s/step - loss: 8.0757 - accuracy: 0.2167 - val_loss: 8.9215 - val_accuracy: 0.0000e+00 - lr: 5.0000e-04
Epoch 2/20
2/2 [==============================] - 2s 1s/step - loss: 7.3389 - accuracy: 0.1500 - val_loss: 5.9715 - val_accuracy: 0.0000e+00 - lr: 5.0000e-04
Epoch 3/20
2/2 [==============================] - 2s 1s/step - loss: 6.0164 - accuracy: 0.2500 - val_loss: 5.2286 - val_accuracy: 0.4000 - lr: 5.0000e-04
Epoch 4/20
2/2 [==============================] - 2s 1s/step - loss: 5.4740 - accuracy: 0.2333 - val_loss: 5.0210 - val_accuracy: 0.4000 - lr: 5.0000e-04
Epoch 5/20
2/2 [==============================] - 2s 1s/step - loss: 5.0857 - accuracy: 0.2167 - val_loss: 4.8437 - val_accuracy: 0.4000 - lr: 5.0000e-04
Epoch 6/20
2/2 [==============================] - 2s 1s/step - loss: 4.8412 - accuracy: 0.2000 - val_loss: 4.6841 - val_accuracy: 0.2000 - lr: 5.0000e-04
Epoch 7/20
2/2 [==============================] - 2s 1s/step - loss: 4.6826 - accuracy: 0.1667 - val_loss: 4.5403 - val_accuracy: 0.2000 - lr: 5.0000e-04
Epoch 8/20
2/2 [==============================] - 2s 1s/step - loss: 4.5282 - accuracy: 0.2500 - val_loss: 4.3992 - val_accuracy: 0.4000 - lr: 5.0000e-04
Epoch 9/20
2/2 [==============================] - 2s 1s/step - loss: 4.3874 - accuracy: 0.3000 - val_loss: 4.2482 - val_accuracy: 0.4000 - lr: 5.0000e-04
Epoch 10/20
2/2 [==============================] - 2s 1s/step - loss: 4.2381 - accuracy: 0.2667 - val_loss: 4.1055 - val_accuracy: 0.4000 - lr: 5.0000e-04
Epoch 11/20
2/2 [==============================] - 2s 1s/step - loss: 4.0795 - accuracy: 0.2500 - val_loss: 3.9485 - val_accuracy: 0.4000 - lr: 5.0000e-04
Epoch 12/20
2/2 [==============================] - 2s 1s/step - loss: 3.9265 - accuracy: 0.2000 - val_loss: 3.7921 - val_accuracy: 0.4000 - lr: 5.0000e-04
Epoch 13/20
2/2 [==============================] - 2s 1s/step - loss: 3.7729 - accuracy: 0.2667 - val_loss: 3.6768 - val_accuracy: 0.4000 - lr: 5.0000e-04
Epoch 14/20
2/2 [==============================] - 2s 1s/step - loss: 3.5918 - accuracy: 0.3333 - val_loss: 3.5425 - val_accuracy: 0.4000 - lr: 5.0000e-04
Epoch 15/20
2/2 [==============================] - 2s 1s/step - loss: 3.4569 - accuracy: 0.3000 - val_loss: 3.3675 - val_accuracy: 0.4000 - lr: 5.0000e-04
Epoch 16/20
2/2 [==============================] - 2s 1s/step - loss: 3.4174 - accuracy: 0.3500 - val_loss: 3.1883 - val_accuracy: 0.4000 - lr: 5.0000e-04
Epoch 17/20
2/2 [==============================] - 2s 1s/step - loss: 3.2957 - accuracy: 0.2500 - val_loss: 3.0621 - val_accuracy: 0.4000 - lr: 5.0000e-04
Epoch 18/20
2/2 [==============================] - 2s 1s/step - loss: 3.1902 - accuracy: 0.2667 - val_loss: 2.9764 - val_accuracy: 0.4000 - lr: 5.0000e-04
Epoch 19/20
2/2 [==============================] - 2s 1s/step - loss: 3.0944 - accuracy: 0.2000 - val_loss: 2.9472 - val_accuracy: 0.6000 - lr: 5.0000e-04
Epoch 20/20
2/2 [==============================] - 2s 1s/step - loss: 2.9724 - accuracy: 0.2667 - val_loss: 2.9109 - val_accuracy: 0.6000 - lr: 5.0000e-04
1/1 [==============================] - 0s 105ms/step - loss: 3.0287 - accuracy: 0.2857
Found 60 images belonging to 6 classes.
Found 5 images belonging to 6 classes.
Found 7 images belonging to 6 classes.
Epoch 1/30
2/2 [==============================] - ETA: 0s - loss: 8.0182 - accuracy: 0.1833C:\Users\tom.zbc\PycharmProjects\fungis_bacterias_project\.venv\lib\site-packages\keras\src\engine\training.py:3000: UserWarning: You are saving your model as an HDF5 file via `model.save()`. This file format is considered legacy. We recommend using instead the native Keras format, e.g. `model.save('my_model.keras')`.
  saving_api.save_model(
2/2 [==============================] - 3s 1s/step - loss: 8.0182 - accuracy: 0.1833 - val_loss: 8.2397 - val_accuracy: 0.2000 - lr: 5.0000e-04
Epoch 2/30
2/2 [==============================] - 2s 1s/step - loss: 7.0344 - accuracy: 0.1667 - val_loss: 7.0427 - val_accuracy: 0.0000e+00 - lr: 5.0000e-04
Epoch 3/30
2/2 [==============================] - 2s 1s/step - loss: 5.9108 - accuracy: 0.2333 - val_loss: 5.6504 - val_accuracy: 0.2000 - lr: 5.0000e-04
Epoch 4/30
2/2 [==============================] - 2s 1s/step - loss: 5.2189 - accuracy: 0.2167 - val_loss: 4.9252 - val_accuracy: 0.2000 - lr: 5.0000e-04
Epoch 5/30
2/2 [==============================] - 2s 1s/step - loss: 4.8018 - accuracy: 0.1667 - val_loss: 4.5818 - val_accuracy: 0.2000 - lr: 5.0000e-04
Epoch 6/30
2/2 [==============================] - 2s 1s/step - loss: 4.5270 - accuracy: 0.3167 - val_loss: 4.3787 - val_accuracy: 0.4000 - lr: 5.0000e-04
Epoch 7/30
2/2 [==============================] - 2s 1s/step - loss: 4.3788 - accuracy: 0.2333 - val_loss: 4.2319 - val_accuracy: 0.6000 - lr: 5.0000e-04
Epoch 8/30
2/2 [==============================] - 2s 1s/step - loss: 4.2401 - accuracy: 0.1500 - val_loss: 4.0960 - val_accuracy: 0.6000 - lr: 5.0000e-04
Epoch 9/30
2/2 [==============================] - 2s 1s/step - loss: 4.0966 - accuracy: 0.2667 - val_loss: 3.9536 - val_accuracy: 0.6000 - lr: 5.0000e-04
Epoch 10/30
2/2 [==============================] - 2s 1s/step - loss: 3.9541 - accuracy: 0.2500 - val_loss: 3.7924 - val_accuracy: 0.4000 - lr: 5.0000e-04
Epoch 11/30
2/2 [==============================] - 2s 1s/step - loss: 3.8325 - accuracy: 0.1833 - val_loss: 3.6238 - val_accuracy: 0.4000 - lr: 5.0000e-04
Epoch 12/30
2/2 [==============================] - 2s 1s/step - loss: 3.6224 - accuracy: 0.3667 - val_loss: 3.4766 - val_accuracy: 0.2000 - lr: 5.0000e-04
Epoch 13/30
2/2 [==============================] - 2s 1s/step - loss: 3.5093 - accuracy: 0.2833 - val_loss: 3.2942 - val_accuracy: 0.4000 - lr: 5.0000e-04
Epoch 14/30
2/2 [==============================] - 2s 1s/step - loss: 3.3908 - accuracy: 0.2333 - val_loss: 3.1447 - val_accuracy: 0.4000 - lr: 5.0000e-04
Epoch 15/30
2/2 [==============================] - 2s 1s/step - loss: 3.3101 - accuracy: 0.2500 - val_loss: 3.0098 - val_accuracy: 0.4000 - lr: 5.0000e-04
Epoch 16/30
2/2 [==============================] - 2s 1s/step - loss: 3.1116 - accuracy: 0.4167 - val_loss: 2.9145 - val_accuracy: 0.4000 - lr: 5.0000e-04
Epoch 17/30
2/2 [==============================] - 2s 1s/step - loss: 3.0305 - accuracy: 0.2833 - val_loss: 2.8577 - val_accuracy: 0.4000 - lr: 5.0000e-04
Epoch 18/30
2/2 [==============================] - 2s 1s/step - loss: 2.8604 - accuracy: 0.3833 - val_loss: 2.8343 - val_accuracy: 0.4000 - lr: 5.0000e-04
Epoch 19/30
2/2 [==============================] - 2s 1s/step - loss: 2.9647 - accuracy: 0.3833 - val_loss: 2.7640 - val_accuracy: 0.4000 - lr: 5.0000e-04
Epoch 20/30
2/2 [==============================] - 2s 1s/step - loss: 2.9963 - accuracy: 0.2000 - val_loss: 2.7551 - val_accuracy: 0.2000 - lr: 5.0000e-04
Epoch 21/30
2/2 [==============================] - 1s 668ms/step - loss: 2.7722 - accuracy: 0.4000 - val_loss: 2.7795 - val_accuracy: 0.2000 - lr: 5.0000e-04
Epoch 22/30
2/2 [==============================] - 2s 1s/step - loss: 2.7904 - accuracy: 0.3333 - val_loss: 2.6008 - val_accuracy: 0.4000 - lr: 5.0000e-04
Epoch 23/30
2/2 [==============================] - 2s 1s/step - loss: 2.6187 - accuracy: 0.4000 - val_loss: 2.4897 - val_accuracy: 0.4000 - lr: 5.0000e-04
Epoch 24/30
2/2 [==============================] - 2s 1s/step - loss: 2.7115 - accuracy: 0.3000 - val_loss: 2.4720 - val_accuracy: 0.4000 - lr: 5.0000e-04
Epoch 25/30
2/2 [==============================] - 1s 589ms/step - loss: 2.6492 - accuracy: 0.3000 - val_loss: 2.5871 - val_accuracy: 0.2000 - lr: 5.0000e-04
Epoch 26/30
2/2 [==============================] - 1s 619ms/step - loss: 2.5243 - accuracy: 0.3333 - val_loss: 2.6301 - val_accuracy: 0.2000 - lr: 5.0000e-04
Epoch 27/30
2/2 [==============================] - 1s 571ms/step - loss: 2.5141 - accuracy: 0.3667 - val_loss: 2.5825 - val_accuracy: 0.2000 - lr: 5.0000e-04
Epoch 28/30
2/2 [==============================] - 2s 737ms/step - loss: 2.4719 - accuracy: 0.3333 - val_loss: 2.5462 - val_accuracy: 0.2000 - lr: 5.0000e-04
1/1 [==============================] - 0s 107ms/step - loss: 2.7376 - accuracy: 0.1429
Found 60 images belonging to 6 classes.
Found 5 images belonging to 6 classes.
Found 7 images belonging to 6 classes.
Epoch 1/20
2/2 [==============================] - ETA: 0s - loss: 7.2544 - accuracy: 0.0500C:\Users\tom.zbc\PycharmProjects\fungis_bacterias_project\.venv\lib\site-packages\keras\src\engine\training.py:3000: UserWarning: You are saving your model as an HDF5 file via `model.save()`. This file format is considered legacy. We recommend using instead the native Keras format, e.g. `model.save('my_model.keras')`.
  saving_api.save_model(
2/2 [==============================] - 2s 1s/step - loss: 7.2544 - accuracy: 0.0500 - val_loss: 6.3166 - val_accuracy: 0.2000 - lr: 5.0000e-04
Epoch 2/20
2/2 [==============================] - 1s 757ms/step - loss: 6.1826 - accuracy: 0.1667 - val_loss: 5.6086 - val_accuracy: 0.2000 - lr: 5.0000e-04
Epoch 3/20
2/2 [==============================] - 1s 831ms/step - loss: 5.3974 - accuracy: 0.2667 - val_loss: 5.0453 - val_accuracy: 0.0000e+00 - lr: 5.0000e-04
Epoch 4/20
2/2 [==============================] - 1s 809ms/step - loss: 4.8485 - accuracy: 0.3500 - val_loss: 4.5258 - val_accuracy: 0.0000e+00 - lr: 5.0000e-04
Epoch 5/20
2/2 [==============================] - 1s 699ms/step - loss: 4.4970 - accuracy: 0.2000 - val_loss: 4.1346 - val_accuracy: 0.4000 - lr: 5.0000e-04
Epoch 6/20
2/2 [==============================] - 1s 795ms/step - loss: 4.0938 - accuracy: 0.2667 - val_loss: 3.8796 - val_accuracy: 0.4000 - lr: 5.0000e-04
Epoch 7/20
2/2 [==============================] - 1s 797ms/step - loss: 3.9763 - accuracy: 0.1667 - val_loss: 3.7282 - val_accuracy: 0.6000 - lr: 5.0000e-04
Epoch 8/20
2/2 [==============================] - 1s 804ms/step - loss: 3.8110 - accuracy: 0.2000 - val_loss: 3.6391 - val_accuracy: 0.6000 - lr: 5.0000e-04
Epoch 9/20
2/2 [==============================] - 1s 718ms/step - loss: 3.6948 - accuracy: 0.2667 - val_loss: 3.5650 - val_accuracy: 0.6000 - lr: 5.0000e-04
Epoch 10/20
2/2 [==============================] - 1s 808ms/step - loss: 3.5993 - accuracy: 0.2167 - val_loss: 3.4962 - val_accuracy: 0.2000 - lr: 5.0000e-04
Epoch 11/20
2/2 [==============================] - 1s 733ms/step - loss: 3.5036 - accuracy: 0.3333 - val_loss: 3.4219 - val_accuracy: 0.2000 - lr: 5.0000e-04
Epoch 12/20
2/2 [==============================] - 1s 735ms/step - loss: 3.4138 - accuracy: 0.3333 - val_loss: 3.3545 - val_accuracy: 0.2000 - lr: 5.0000e-04
Epoch 13/20
2/2 [==============================] - 1s 754ms/step - loss: 3.4177 - accuracy: 0.2500 - val_loss: 3.2741 - val_accuracy: 0.2000 - lr: 5.0000e-04
Epoch 14/20
2/2 [==============================] - 1s 758ms/step - loss: 3.2891 - accuracy: 0.2667 - val_loss: 3.1734 - val_accuracy: 0.2000 - lr: 5.0000e-04
Epoch 15/20
2/2 [==============================] - 1s 751ms/step - loss: 3.1632 - accuracy: 0.3000 - val_loss: 3.0588 - val_accuracy: 0.2000 - lr: 5.0000e-04
Epoch 16/20
2/2 [==============================] - 1s 784ms/step - loss: 3.1213 - accuracy: 0.2667 - val_loss: 2.9410 - val_accuracy: 0.2000 - lr: 5.0000e-04
Epoch 17/20
2/2 [==============================] - 1s 745ms/step - loss: 3.0267 - accuracy: 0.3667 - val_loss: 2.8344 - val_accuracy: 0.2000 - lr: 5.0000e-04
Epoch 18/20
2/2 [==============================] - 1s 734ms/step - loss: 3.0153 - accuracy: 0.3333 - val_loss: 2.7265 - val_accuracy: 0.6000 - lr: 5.0000e-04
Epoch 19/20
2/2 [==============================] - 1s 775ms/step - loss: 2.9574 - accuracy: 0.2500 - val_loss: 2.6656 - val_accuracy: 0.8000 - lr: 5.0000e-04
Epoch 20/20
2/2 [==============================] - 1s 792ms/step - loss: 2.8698 - accuracy: 0.3667 - val_loss: 2.6277 - val_accuracy: 0.6000 - lr: 5.0000e-04
1/1 [==============================] - 0s 89ms/step - loss: 2.7938 - accuracy: 0.4286
Found 60 images belonging to 6 classes.
Found 5 images belonging to 6 classes.
Found 7 images belonging to 6 classes.
Epoch 1/30
2/2 [==============================] - ETA: 0s - loss: 7.1561 - accuracy: 0.2000C:\Users\tom.zbc\PycharmProjects\fungis_bacterias_project\.venv\lib\site-packages\keras\src\engine\training.py:3000: UserWarning: You are saving your model as an HDF5 file via `model.save()`. This file format is considered legacy. We recommend using instead the native Keras format, e.g. `model.save('my_model.keras')`.
  saving_api.save_model(
2/2 [==============================] - 2s 898ms/step - loss: 7.1561 - accuracy: 0.2000 - val_loss: 6.2951 - val_accuracy: 0.0000e+00 - lr: 5.0000e-04
Epoch 2/30
2/2 [==============================] - 1s 834ms/step - loss: 6.1796 - accuracy: 0.2500 - val_loss: 5.7604 - val_accuracy: 0.0000e+00 - lr: 5.0000e-04
Epoch 3/30
2/2 [==============================] - 1s 723ms/step - loss: 5.4205 - accuracy: 0.2500 - val_loss: 5.1439 - val_accuracy: 0.2000 - lr: 5.0000e-04
Epoch 4/30
2/2 [==============================] - 1s 730ms/step - loss: 4.8453 - accuracy: 0.2833 - val_loss: 4.5559 - val_accuracy: 0.2000 - lr: 5.0000e-04
Epoch 5/30
2/2 [==============================] - 1s 776ms/step - loss: 4.5075 - accuracy: 0.2333 - val_loss: 4.2013 - val_accuracy: 0.4000 - lr: 5.0000e-04
Epoch 6/30
2/2 [==============================] - 1s 707ms/step - loss: 4.1478 - accuracy: 0.3167 - val_loss: 3.9577 - val_accuracy: 0.4000 - lr: 5.0000e-04
Epoch 7/30
2/2 [==============================] - 1s 799ms/step - loss: 3.9698 - accuracy: 0.2333 - val_loss: 3.7772 - val_accuracy: 0.4000 - lr: 5.0000e-04
Epoch 8/30
2/2 [==============================] - 1s 725ms/step - loss: 3.8348 - accuracy: 0.2500 - val_loss: 3.6607 - val_accuracy: 0.4000 - lr: 5.0000e-04
Epoch 9/30
2/2 [==============================] - 1s 721ms/step - loss: 3.7320 - accuracy: 0.1833 - val_loss: 3.5619 - val_accuracy: 0.4000 - lr: 5.0000e-04
Epoch 10/30
2/2 [==============================] - 1s 732ms/step - loss: 3.6553 - accuracy: 0.1500 - val_loss: 3.5046 - val_accuracy: 0.4000 - lr: 5.0000e-04
Epoch 11/30
2/2 [==============================] - 1s 788ms/step - loss: 3.5532 - accuracy: 0.1833 - val_loss: 3.4489 - val_accuracy: 0.4000 - lr: 5.0000e-04
Epoch 12/30
2/2 [==============================] - 1s 804ms/step - loss: 3.4531 - accuracy: 0.3500 - val_loss: 3.3735 - val_accuracy: 0.4000 - lr: 5.0000e-04
Epoch 13/30
2/2 [==============================] - 1s 791ms/step - loss: 3.3682 - accuracy: 0.3500 - val_loss: 3.2715 - val_accuracy: 0.4000 - lr: 5.0000e-04
Epoch 14/30
2/2 [==============================] - 1s 795ms/step - loss: 3.3114 - accuracy: 0.2500 - val_loss: 3.1892 - val_accuracy: 0.4000 - lr: 5.0000e-04
Epoch 15/30
2/2 [==============================] - 1s 731ms/step - loss: 3.2238 - accuracy: 0.3833 - val_loss: 3.1147 - val_accuracy: 0.4000 - lr: 5.0000e-04
Epoch 16/30
2/2 [==============================] - 1s 757ms/step - loss: 3.1478 - accuracy: 0.2833 - val_loss: 3.0283 - val_accuracy: 0.4000 - lr: 5.0000e-04
Epoch 17/30
2/2 [==============================] - 1s 791ms/step - loss: 3.0090 - accuracy: 0.4000 - val_loss: 2.9464 - val_accuracy: 0.4000 - lr: 5.0000e-04
Epoch 18/30
2/2 [==============================] - 1s 789ms/step - loss: 3.0184 - accuracy: 0.3667 - val_loss: 2.8462 - val_accuracy: 0.4000 - lr: 5.0000e-04
Epoch 19/30
2/2 [==============================] - 1s 706ms/step - loss: 2.8824 - accuracy: 0.3500 - val_loss: 2.7109 - val_accuracy: 0.4000 - lr: 5.0000e-04
Epoch 20/30
2/2 [==============================] - 1s 759ms/step - loss: 2.8480 - accuracy: 0.4000 - val_loss: 2.6519 - val_accuracy: 0.6000 - lr: 5.0000e-04
Epoch 21/30
2/2 [==============================] - 1s 740ms/step - loss: 2.8039 - accuracy: 0.4000 - val_loss: 2.5913 - val_accuracy: 0.4000 - lr: 5.0000e-04
Epoch 22/30
2/2 [==============================] - 1s 431ms/step - loss: 2.7128 - accuracy: 0.3500 - val_loss: 2.6148 - val_accuracy: 0.4000 - lr: 5.0000e-04
Epoch 23/30
2/2 [==============================] - 1s 432ms/step - loss: 2.7827 - accuracy: 0.3333 - val_loss: 2.6001 - val_accuracy: 0.6000 - lr: 5.0000e-04
Epoch 24/30
2/2 [==============================] - 1s 508ms/step - loss: 2.7153 - accuracy: 0.3333 - val_loss: 2.6150 - val_accuracy: 0.6000 - lr: 5.0000e-04
Epoch 25/30
2/2 [==============================] - 1s 814ms/step - loss: 2.7357 - accuracy: 0.3167 - val_loss: 2.5846 - val_accuracy: 0.4000 - lr: 5.0000e-04
Epoch 26/30
2/2 [==============================] - 1s 735ms/step - loss: 2.6598 - accuracy: 0.4167 - val_loss: 2.5429 - val_accuracy: 0.4000 - lr: 5.0000e-04
Epoch 27/30
2/2 [==============================] - 1s 775ms/step - loss: 2.6492 - accuracy: 0.3667 - val_loss: 2.5120 - val_accuracy: 0.4000 - lr: 5.0000e-04
Epoch 28/30
2/2 [==============================] - 1s 811ms/step - loss: 2.5038 - accuracy: 0.5000 - val_loss: 2.4826 - val_accuracy: 0.4000 - lr: 5.0000e-04
Epoch 29/30
2/2 [==============================] - 1s 731ms/step - loss: 2.4983 - accuracy: 0.5333 - val_loss: 2.4757 - val_accuracy: 0.6000 - lr: 5.0000e-04
Epoch 30/30
2/2 [==============================] - 1s 459ms/step - loss: 2.6460 - accuracy: 0.3500 - val_loss: 2.5309 - val_accuracy: 0.6000 - lr: 5.0000e-04
1/1 [==============================] - 0s 89ms/step - loss: 2.6584 - accuracy: 0.7143
Found 60 images belonging to 6 classes.
Found 5 images belonging to 6 classes.
Found 7 images belonging to 6 classes.
Epoch 1/20
2/2 [==============================] - ETA: 0s - loss: 7.2042 - accuracy: 0.1333C:\Users\tom.zbc\PycharmProjects\fungis_bacterias_project\.venv\lib\site-packages\keras\src\engine\training.py:3000: UserWarning: You are saving your model as an HDF5 file via `model.save()`. This file format is considered legacy. We recommend using instead the native Keras format, e.g. `model.save('my_model.keras')`.
  saving_api.save_model(
2/2 [==============================] - 2s 900ms/step - loss: 7.2042 - accuracy: 0.1333 - val_loss: 6.3939 - val_accuracy: 0.2000 - lr: 5.0000e-04
Epoch 2/20
2/2 [==============================] - 1s 753ms/step - loss: 6.3098 - accuracy: 0.1500 - val_loss: 5.7380 - val_accuracy: 0.2000 - lr: 5.0000e-04
Epoch 3/20
2/2 [==============================] - 1s 780ms/step - loss: 5.4763 - accuracy: 0.2500 - val_loss: 5.0846 - val_accuracy: 0.2000 - lr: 5.0000e-04
Epoch 4/20
2/2 [==============================] - 1s 783ms/step - loss: 4.9709 - accuracy: 0.2167 - val_loss: 4.6135 - val_accuracy: 0.2000 - lr: 5.0000e-04
Epoch 5/20
2/2 [==============================] - 1s 816ms/step - loss: 4.5918 - accuracy: 0.1333 - val_loss: 4.2868 - val_accuracy: 0.2000 - lr: 5.0000e-04
Epoch 6/20
2/2 [==============================] - 1s 720ms/step - loss: 4.2642 - accuracy: 0.3333 - val_loss: 4.0444 - val_accuracy: 0.4000 - lr: 5.0000e-04
Epoch 7/20
2/2 [==============================] - 1s 746ms/step - loss: 4.0867 - accuracy: 0.2167 - val_loss: 3.8594 - val_accuracy: 0.4000 - lr: 5.0000e-04
Epoch 8/20
2/2 [==============================] - 1s 751ms/step - loss: 3.8636 - accuracy: 0.3500 - val_loss: 3.7120 - val_accuracy: 0.4000 - lr: 5.0000e-04
Epoch 9/20
2/2 [==============================] - 1s 781ms/step - loss: 3.7446 - accuracy: 0.2333 - val_loss: 3.6032 - val_accuracy: 0.4000 - lr: 5.0000e-04
Epoch 10/20
2/2 [==============================] - 1s 732ms/step - loss: 3.6461 - accuracy: 0.2167 - val_loss: 3.5034 - val_accuracy: 0.4000 - lr: 5.0000e-04
Epoch 11/20
2/2 [==============================] - 1s 720ms/step - loss: 3.5149 - accuracy: 0.3000 - val_loss: 3.4033 - val_accuracy: 0.4000 - lr: 5.0000e-04
Epoch 12/20
2/2 [==============================] - 1s 719ms/step - loss: 3.4469 - accuracy: 0.2667 - val_loss: 3.3203 - val_accuracy: 0.2000 - lr: 5.0000e-04
Epoch 13/20
2/2 [==============================] - 1s 805ms/step - loss: 3.2982 - accuracy: 0.3167 - val_loss: 3.2584 - val_accuracy: 0.2000 - lr: 5.0000e-04
Epoch 14/20
2/2 [==============================] - 1s 745ms/step - loss: 3.2363 - accuracy: 0.2833 - val_loss: 3.1867 - val_accuracy: 0.2000 - lr: 5.0000e-04
Epoch 15/20
2/2 [==============================] - 1s 777ms/step - loss: 3.1405 - accuracy: 0.3000 - val_loss: 3.0937 - val_accuracy: 0.2000 - lr: 5.0000e-04
Epoch 16/20
2/2 [==============================] - 1s 752ms/step - loss: 3.1527 - accuracy: 0.3000 - val_loss: 3.0224 - val_accuracy: 0.4000 - lr: 5.0000e-04
Epoch 17/20
2/2 [==============================] - 1s 734ms/step - loss: 2.9871 - accuracy: 0.2500 - val_loss: 2.9032 - val_accuracy: 0.4000 - lr: 5.0000e-04
Epoch 18/20
2/2 [==============================] - 1s 793ms/step - loss: 2.9402 - accuracy: 0.3833 - val_loss: 2.7906 - val_accuracy: 0.4000 - lr: 5.0000e-04
Epoch 19/20
2/2 [==============================] - 1s 809ms/step - loss: 2.7968 - accuracy: 0.3333 - val_loss: 2.7171 - val_accuracy: 0.4000 - lr: 5.0000e-04
Epoch 20/20
2/2 [==============================] - 1s 775ms/step - loss: 2.7099 - accuracy: 0.4000 - val_loss: 2.6668 - val_accuracy: 0.4000 - lr: 5.0000e-04
1/1 [==============================] - 0s 88ms/step - loss: 2.9788 - accuracy: 0.1429
Found 60 images belonging to 6 classes.
Found 5 images belonging to 6 classes.
Found 7 images belonging to 6 classes.
Epoch 1/30
2/2 [==============================] - ETA: 0s - loss: 7.4863 - accuracy: 0.1333C:\Users\tom.zbc\PycharmProjects\fungis_bacterias_project\.venv\lib\site-packages\keras\src\engine\training.py:3000: UserWarning: You are saving your model as an HDF5 file via `model.save()`. This file format is considered legacy. We recommend using instead the native Keras format, e.g. `model.save('my_model.keras')`.
  saving_api.save_model(
2/2 [==============================] - 2s 948ms/step - loss: 7.4863 - accuracy: 0.1333 - val_loss: 6.5228 - val_accuracy: 0.2000 - lr: 5.0000e-04
Epoch 2/30
2/2 [==============================] - 1s 729ms/step - loss: 6.3966 - accuracy: 0.1667 - val_loss: 5.8254 - val_accuracy: 0.2000 - lr: 5.0000e-04
Epoch 3/30
2/2 [==============================] - 1s 751ms/step - loss: 6.0241 - accuracy: 0.1667 - val_loss: 5.2301 - val_accuracy: 0.4000 - lr: 5.0000e-04
Epoch 4/30
2/2 [==============================] - 1s 729ms/step - loss: 5.3163 - accuracy: 0.1667 - val_loss: 4.8712 - val_accuracy: 0.4000 - lr: 5.0000e-04
Epoch 5/30
2/2 [==============================] - 1s 829ms/step - loss: 4.8203 - accuracy: 0.3167 - val_loss: 4.6141 - val_accuracy: 0.4000 - lr: 5.0000e-04
Epoch 6/30
2/2 [==============================] - 1s 736ms/step - loss: 4.6104 - accuracy: 0.2333 - val_loss: 4.4172 - val_accuracy: 0.4000 - lr: 5.0000e-04
Epoch 7/30
2/2 [==============================] - 1s 760ms/step - loss: 4.4191 - accuracy: 0.1833 - val_loss: 4.2685 - val_accuracy: 0.4000 - lr: 5.0000e-04
Epoch 8/30
2/2 [==============================] - 1s 727ms/step - loss: 4.2853 - accuracy: 0.2167 - val_loss: 4.1607 - val_accuracy: 0.2000 - lr: 5.0000e-04
Epoch 9/30
2/2 [==============================] - 1s 713ms/step - loss: 4.1726 - accuracy: 0.2500 - val_loss: 4.0686 - val_accuracy: 0.2000 - lr: 5.0000e-04
Epoch 10/30
2/2 [==============================] - 1s 736ms/step - loss: 4.0941 - accuracy: 0.2500 - val_loss: 3.9873 - val_accuracy: 0.2000 - lr: 5.0000e-04
Epoch 11/30
2/2 [==============================] - 1s 784ms/step - loss: 4.0570 - accuracy: 0.1833 - val_loss: 3.9154 - val_accuracy: 0.2000 - lr: 5.0000e-04
Epoch 12/30
2/2 [==============================] - 1s 754ms/step - loss: 3.9075 - accuracy: 0.3167 - val_loss: 3.8399 - val_accuracy: 0.2000 - lr: 5.0000e-04
Epoch 13/30
2/2 [==============================] - 1s 800ms/step - loss: 3.8379 - accuracy: 0.3167 - val_loss: 3.7538 - val_accuracy: 0.2000 - lr: 5.0000e-04
Epoch 14/30
2/2 [==============================] - 1s 739ms/step - loss: 3.7468 - accuracy: 0.2833 - val_loss: 3.6648 - val_accuracy: 0.2000 - lr: 5.0000e-04
Epoch 15/30
2/2 [==============================] - 1s 810ms/step - loss: 3.6797 - accuracy: 0.2167 - val_loss: 3.5731 - val_accuracy: 0.4000 - lr: 5.0000e-04
Epoch 16/30
2/2 [==============================] - 1s 793ms/step - loss: 3.5684 - accuracy: 0.3167 - val_loss: 3.4872 - val_accuracy: 0.4000 - lr: 5.0000e-04
Epoch 17/30
2/2 [==============================] - 1s 735ms/step - loss: 3.4935 - accuracy: 0.2833 - val_loss: 3.4168 - val_accuracy: 0.4000 - lr: 5.0000e-04
Epoch 18/30
2/2 [==============================] - 1s 816ms/step - loss: 3.3784 - accuracy: 0.2833 - val_loss: 3.3551 - val_accuracy: 0.4000 - lr: 5.0000e-04
Epoch 19/30
2/2 [==============================] - 1s 805ms/step - loss: 3.2781 - accuracy: 0.2667 - val_loss: 3.2899 - val_accuracy: 0.4000 - lr: 5.0000e-04
Epoch 20/30
2/2 [==============================] - 1s 822ms/step - loss: 3.2532 - accuracy: 0.3333 - val_loss: 3.1962 - val_accuracy: 0.4000 - lr: 5.0000e-04
Epoch 21/30
2/2 [==============================] - 1s 791ms/step - loss: 3.2329 - accuracy: 0.3667 - val_loss: 3.0947 - val_accuracy: 0.4000 - lr: 5.0000e-04
Epoch 22/30
2/2 [==============================] - 1s 798ms/step - loss: 3.1366 - accuracy: 0.3000 - val_loss: 2.9921 - val_accuracy: 0.4000 - lr: 5.0000e-04
Epoch 23/30
2/2 [==============================] - 1s 807ms/step - loss: 3.0049 - accuracy: 0.3833 - val_loss: 2.9011 - val_accuracy: 0.4000 - lr: 5.0000e-04
Epoch 24/30
2/2 [==============================] - 1s 773ms/step - loss: 2.9739 - accuracy: 0.4167 - val_loss: 2.8113 - val_accuracy: 0.6000 - lr: 5.0000e-04
Epoch 25/30
2/2 [==============================] - 1s 788ms/step - loss: 2.8736 - accuracy: 0.3667 - val_loss: 2.7520 - val_accuracy: 0.6000 - lr: 5.0000e-04
Epoch 26/30
2/2 [==============================] - 1s 801ms/step - loss: 2.8730 - accuracy: 0.3000 - val_loss: 2.7214 - val_accuracy: 0.2000 - lr: 5.0000e-04
Epoch 27/30
2/2 [==============================] - 1s 794ms/step - loss: 2.7882 - accuracy: 0.3167 - val_loss: 2.6975 - val_accuracy: 0.4000 - lr: 5.0000e-04
Epoch 28/30
2/2 [==============================] - 1s 753ms/step - loss: 2.9392 - accuracy: 0.3167 - val_loss: 2.6618 - val_accuracy: 0.4000 - lr: 5.0000e-04
Epoch 29/30
2/2 [==============================] - 1s 846ms/step - loss: 2.7819 - accuracy: 0.3333 - val_loss: 2.6288 - val_accuracy: 0.4000 - lr: 5.0000e-04
Epoch 30/30
2/2 [==============================] - 1s 788ms/step - loss: 2.8027 - accuracy: 0.3667 - val_loss: 2.6102 - val_accuracy: 0.4000 - lr: 5.0000e-04
1/1 [==============================] - 0s 96ms/step - loss: 2.8330 - accuracy: 0.0000e+00
Found 60 images belonging to 6 classes.
Found 5 images belonging to 6 classes.
Found 7 images belonging to 6 classes.
Epoch 1/20
2/2 [==============================] - ETA: 0s - loss: 7.2866 - accuracy: 0.1333C:\Users\tom.zbc\PycharmProjects\fungis_bacterias_project\.venv\lib\site-packages\keras\src\engine\training.py:3000: UserWarning: You are saving your model as an HDF5 file via `model.save()`. This file format is considered legacy. We recommend using instead the native Keras format, e.g. `model.save('my_model.keras')`.
  saving_api.save_model(
2/2 [==============================] - 2s 880ms/step - loss: 7.2866 - accuracy: 0.1333 - val_loss: 6.6292 - val_accuracy: 0.2000 - lr: 5.0000e-04
Epoch 2/20
2/2 [==============================] - 1s 795ms/step - loss: 6.4162 - accuracy: 0.1833 - val_loss: 6.0446 - val_accuracy: 0.2000 - lr: 5.0000e-04
Epoch 3/20
2/2 [==============================] - 1s 765ms/step - loss: 5.9333 - accuracy: 0.2167 - val_loss: 5.2571 - val_accuracy: 0.4000 - lr: 5.0000e-04
Epoch 4/20
2/2 [==============================] - 1s 795ms/step - loss: 5.4193 - accuracy: 0.2167 - val_loss: 4.9295 - val_accuracy: 0.4000 - lr: 5.0000e-04
Epoch 5/20
2/2 [==============================] - 1s 688ms/step - loss: 4.9786 - accuracy: 0.1833 - val_loss: 4.6591 - val_accuracy: 0.4000 - lr: 5.0000e-04
Epoch 6/20
2/2 [==============================] - 1s 771ms/step - loss: 4.7605 - accuracy: 0.1500 - val_loss: 4.4530 - val_accuracy: 0.4000 - lr: 5.0000e-04
Epoch 7/20
2/2 [==============================] - 1s 785ms/step - loss: 4.4850 - accuracy: 0.2333 - val_loss: 4.2882 - val_accuracy: 0.4000 - lr: 5.0000e-04
Epoch 8/20
2/2 [==============================] - 1s 747ms/step - loss: 4.3264 - accuracy: 0.3000 - val_loss: 4.1479 - val_accuracy: 0.6000 - lr: 5.0000e-04
Epoch 9/20
2/2 [==============================] - 1s 717ms/step - loss: 4.1883 - accuracy: 0.3167 - val_loss: 4.0195 - val_accuracy: 0.6000 - lr: 5.0000e-04
Epoch 10/20
2/2 [==============================] - 1s 756ms/step - loss: 4.0750 - accuracy: 0.2833 - val_loss: 3.8888 - val_accuracy: 0.4000 - lr: 5.0000e-04
Epoch 11/20
2/2 [==============================] - 1s 780ms/step - loss: 3.9995 - accuracy: 0.2000 - val_loss: 3.7716 - val_accuracy: 0.4000 - lr: 5.0000e-04
Epoch 12/20
2/2 [==============================] - 1s 778ms/step - loss: 3.8699 - accuracy: 0.3167 - val_loss: 3.6556 - val_accuracy: 0.4000 - lr: 5.0000e-04
Epoch 13/20
2/2 [==============================] - 1s 775ms/step - loss: 3.7809 - accuracy: 0.3000 - val_loss: 3.5453 - val_accuracy: 0.4000 - lr: 5.0000e-04
Epoch 14/20
2/2 [==============================] - 1s 766ms/step - loss: 3.6956 - accuracy: 0.2167 - val_loss: 3.4598 - val_accuracy: 0.4000 - lr: 5.0000e-04
Epoch 15/20
2/2 [==============================] - 1s 739ms/step - loss: 3.5427 - accuracy: 0.3000 - val_loss: 3.3681 - val_accuracy: 0.2000 - lr: 5.0000e-04
Epoch 16/20
2/2 [==============================] - 1s 774ms/step - loss: 3.4745 - accuracy: 0.3000 - val_loss: 3.2612 - val_accuracy: 0.4000 - lr: 5.0000e-04
Epoch 17/20
2/2 [==============================] - 1s 788ms/step - loss: 3.3880 - accuracy: 0.2500 - val_loss: 3.1753 - val_accuracy: 0.4000 - lr: 5.0000e-04
Epoch 18/20
2/2 [==============================] - 1s 756ms/step - loss: 3.2313 - accuracy: 0.2833 - val_loss: 3.0883 - val_accuracy: 0.2000 - lr: 5.0000e-04
Epoch 19/20
2/2 [==============================] - 1s 723ms/step - loss: 3.1652 - accuracy: 0.3333 - val_loss: 3.0184 - val_accuracy: 0.2000 - lr: 5.0000e-04
Epoch 20/20
2/2 [==============================] - 1s 737ms/step - loss: 3.1193 - accuracy: 0.3500 - val_loss: 2.9556 - val_accuracy: 0.2000 - lr: 5.0000e-04
1/1 [==============================] - 0s 96ms/step - loss: 3.2677 - accuracy: 0.1429
Found 60 images belonging to 6 classes.
Found 5 images belonging to 6 classes.
Found 7 images belonging to 6 classes.
Epoch 1/30
2/2 [==============================] - ETA: 0s - loss: 7.3540 - accuracy: 0.1500C:\Users\tom.zbc\PycharmProjects\fungis_bacterias_project\.venv\lib\site-packages\keras\src\engine\training.py:3000: UserWarning: You are saving your model as an HDF5 file via `model.save()`. This file format is considered legacy. We recommend using instead the native Keras format, e.g. `model.save('my_model.keras')`.
  saving_api.save_model(
2/2 [==============================] - 2s 954ms/step - loss: 7.3540 - accuracy: 0.1500 - val_loss: 6.4569 - val_accuracy: 0.0000e+00 - lr: 5.0000e-04
Epoch 2/30
2/2 [==============================] - 1s 723ms/step - loss: 6.3637 - accuracy: 0.1333 - val_loss: 5.6775 - val_accuracy: 0.2000 - lr: 5.0000e-04
Epoch 3/30
2/2 [==============================] - 1s 736ms/step - loss: 5.7265 - accuracy: 0.2333 - val_loss: 5.2289 - val_accuracy: 0.2000 - lr: 5.0000e-04
Epoch 4/30
2/2 [==============================] - 1s 819ms/step - loss: 5.2094 - accuracy: 0.1500 - val_loss: 4.7379 - val_accuracy: 0.4000 - lr: 5.0000e-04
Epoch 5/30
2/2 [==============================] - 1s 757ms/step - loss: 4.6816 - accuracy: 0.2000 - val_loss: 4.4244 - val_accuracy: 0.4000 - lr: 5.0000e-04
Epoch 6/30
2/2 [==============================] - 1s 748ms/step - loss: 4.4411 - accuracy: 0.2333 - val_loss: 4.2171 - val_accuracy: 0.2000 - lr: 5.0000e-04
Epoch 7/30
2/2 [==============================] - 1s 721ms/step - loss: 4.1858 - accuracy: 0.3167 - val_loss: 4.0699 - val_accuracy: 0.0000e+00 - lr: 5.0000e-04
Epoch 8/30
2/2 [==============================] - 1s 769ms/step - loss: 4.0638 - accuracy: 0.3000 - val_loss: 3.9507 - val_accuracy: 0.0000e+00 - lr: 5.0000e-04
Epoch 9/30
2/2 [==============================] - 1s 731ms/step - loss: 3.9949 - accuracy: 0.2833 - val_loss: 3.8568 - val_accuracy: 0.2000 - lr: 5.0000e-04
Epoch 10/30
2/2 [==============================] - 1s 788ms/step - loss: 3.8935 - accuracy: 0.2000 - val_loss: 3.7754 - val_accuracy: 0.2000 - lr: 5.0000e-04
Epoch 11/30
2/2 [==============================] - 1s 692ms/step - loss: 3.8085 - accuracy: 0.2667 - val_loss: 3.6987 - val_accuracy: 0.2000 - lr: 5.0000e-04
Epoch 12/30
2/2 [==============================] - 1s 713ms/step - loss: 3.7828 - accuracy: 0.1667 - val_loss: 3.6298 - val_accuracy: 0.2000 - lr: 5.0000e-04
Epoch 13/30
2/2 [==============================] - 1s 693ms/step - loss: 3.6305 - accuracy: 0.3000 - val_loss: 3.5487 - val_accuracy: 0.2000 - lr: 5.0000e-04
Epoch 14/30
2/2 [==============================] - 1s 708ms/step - loss: 3.5732 - accuracy: 0.2333 - val_loss: 3.4744 - val_accuracy: 0.4000 - lr: 5.0000e-04
Epoch 15/30
2/2 [==============================] - 1s 713ms/step - loss: 3.4599 - accuracy: 0.3333 - val_loss: 3.3700 - val_accuracy: 0.4000 - lr: 5.0000e-04
Epoch 16/30
2/2 [==============================] - 1s 744ms/step - loss: 3.3698 - accuracy: 0.3667 - val_loss: 3.2662 - val_accuracy: 0.4000 - lr: 5.0000e-04
Epoch 17/30
2/2 [==============================] - 1s 794ms/step - loss: 3.2923 - accuracy: 0.3333 - val_loss: 3.1496 - val_accuracy: 0.4000 - lr: 5.0000e-04
Epoch 18/30
2/2 [==============================] - 1s 793ms/step - loss: 3.2267 - accuracy: 0.2667 - val_loss: 3.0294 - val_accuracy: 0.4000 - lr: 5.0000e-04
Epoch 19/30
2/2 [==============================] - 1s 745ms/step - loss: 3.2200 - accuracy: 0.3167 - val_loss: 2.9712 - val_accuracy: 0.4000 - lr: 5.0000e-04
Epoch 20/30
2/2 [==============================] - 1s 712ms/step - loss: 3.0395 - accuracy: 0.3667 - val_loss: 2.9377 - val_accuracy: 0.4000 - lr: 5.0000e-04
Epoch 21/30
2/2 [==============================] - 1s 791ms/step - loss: 3.1001 - accuracy: 0.3333 - val_loss: 2.9172 - val_accuracy: 0.4000 - lr: 5.0000e-04
Epoch 22/30
2/2 [==============================] - 1s 745ms/step - loss: 3.0125 - accuracy: 0.3500 - val_loss: 2.8855 - val_accuracy: 0.4000 - lr: 5.0000e-04
Epoch 23/30
2/2 [==============================] - 1s 691ms/step - loss: 2.9299 - accuracy: 0.2833 - val_loss: 2.8412 - val_accuracy: 0.6000 - lr: 5.0000e-04
Epoch 24/30
2/2 [==============================] - 1s 725ms/step - loss: 2.8429 - accuracy: 0.3500 - val_loss: 2.7827 - val_accuracy: 0.6000 - lr: 5.0000e-04
Epoch 25/30
2/2 [==============================] - 1s 520ms/step - loss: 2.8726 - accuracy: 0.2833 - val_loss: 2.7920 - val_accuracy: 0.4000 - lr: 5.0000e-04
Epoch 26/30
2/2 [==============================] - 1s 707ms/step - loss: 2.7665 - accuracy: 0.3833 - val_loss: 2.7680 - val_accuracy: 0.4000 - lr: 5.0000e-04
Epoch 27/30
2/2 [==============================] - 1s 694ms/step - loss: 2.8181 - accuracy: 0.3167 - val_loss: 2.6758 - val_accuracy: 0.2000 - lr: 5.0000e-04
Epoch 28/30
2/2 [==============================] - 1s 786ms/step - loss: 2.7000 - accuracy: 0.4500 - val_loss: 2.6321 - val_accuracy: 0.2000 - lr: 5.0000e-04
Epoch 29/30
2/2 [==============================] - 1s 459ms/step - loss: 2.7647 - accuracy: 0.3000 - val_loss: 2.6421 - val_accuracy: 0.2000 - lr: 5.0000e-04
Epoch 30/30
2/2 [==============================] - 1s 799ms/step - loss: 2.6621 - accuracy: 0.3000 - val_loss: 2.6006 - val_accuracy: 0.2000 - lr: 5.0000e-04
1/1 [==============================] - 0s 85ms/step - loss: 2.8542 - accuracy: 0.1429
Found 60 images belonging to 6 classes.
Found 5 images belonging to 6 classes.
Found 7 images belonging to 6 classes.
Epoch 1/20
2/2 [==============================] - ETA: 0s - loss: 7.1820 - accuracy: 0.2000C:\Users\tom.zbc\PycharmProjects\fungis_bacterias_project\.venv\lib\site-packages\keras\src\engine\training.py:3000: UserWarning: You are saving your model as an HDF5 file via `model.save()`. This file format is considered legacy. We recommend using instead the native Keras format, e.g. `model.save('my_model.keras')`.
  saving_api.save_model(
2/2 [==============================] - 2s 857ms/step - loss: 7.1820 - accuracy: 0.2000 - val_loss: 6.3490 - val_accuracy: 0.2000 - lr: 5.0000e-04
Epoch 2/20
2/2 [==============================] - 1s 713ms/step - loss: 6.2577 - accuracy: 0.1833 - val_loss: 5.4084 - val_accuracy: 0.2000 - lr: 5.0000e-04
Epoch 3/20
2/2 [==============================] - 1s 784ms/step - loss: 5.4752 - accuracy: 0.2333 - val_loss: 4.8325 - val_accuracy: 0.2000 - lr: 5.0000e-04
Epoch 4/20
2/2 [==============================] - 1s 775ms/step - loss: 4.8316 - accuracy: 0.2000 - val_loss: 4.4459 - val_accuracy: 0.4000 - lr: 5.0000e-04
Epoch 5/20
2/2 [==============================] - 1s 759ms/step - loss: 4.3457 - accuracy: 0.2333 - val_loss: 4.1528 - val_accuracy: 0.4000 - lr: 5.0000e-04
Epoch 6/20
2/2 [==============================] - 1s 763ms/step - loss: 4.1075 - accuracy: 0.3167 - val_loss: 3.9298 - val_accuracy: 0.2000 - lr: 5.0000e-04
Epoch 7/20
2/2 [==============================] - 1s 723ms/step - loss: 3.9966 - accuracy: 0.1667 - val_loss: 3.7476 - val_accuracy: 0.4000 - lr: 5.0000e-04
Epoch 8/20
2/2 [==============================] - 1s 705ms/step - loss: 3.8322 - accuracy: 0.3167 - val_loss: 3.6232 - val_accuracy: 0.4000 - lr: 5.0000e-04
Epoch 9/20
2/2 [==============================] - 1s 776ms/step - loss: 3.7134 - accuracy: 0.2667 - val_loss: 3.5403 - val_accuracy: 0.4000 - lr: 5.0000e-04
Epoch 10/20
2/2 [==============================] - 1s 708ms/step - loss: 3.6048 - accuracy: 0.3167 - val_loss: 3.4699 - val_accuracy: 0.6000 - lr: 5.0000e-04
Epoch 11/20
2/2 [==============================] - 1s 688ms/step - loss: 3.5681 - accuracy: 0.2667 - val_loss: 3.3836 - val_accuracy: 0.8000 - lr: 5.0000e-04
Epoch 12/20
2/2 [==============================] - 1s 710ms/step - loss: 3.4744 - accuracy: 0.2833 - val_loss: 3.3183 - val_accuracy: 0.6000 - lr: 5.0000e-04
Epoch 13/20
2/2 [==============================] - 1s 756ms/step - loss: 3.3919 - accuracy: 0.3167 - val_loss: 3.2415 - val_accuracy: 0.4000 - lr: 5.0000e-04
Epoch 14/20
2/2 [==============================] - 1s 773ms/step - loss: 3.4033 - accuracy: 0.2167 - val_loss: 3.2020 - val_accuracy: 0.4000 - lr: 5.0000e-04
Epoch 15/20
2/2 [==============================] - 1s 688ms/step - loss: 3.2555 - accuracy: 0.4000 - val_loss: 3.1351 - val_accuracy: 0.4000 - lr: 5.0000e-04
Epoch 16/20
2/2 [==============================] - 1s 750ms/step - loss: 3.1817 - accuracy: 0.3500 - val_loss: 3.0667 - val_accuracy: 0.4000 - lr: 5.0000e-04
Epoch 17/20
2/2 [==============================] - 1s 741ms/step - loss: 3.0895 - accuracy: 0.3500 - val_loss: 3.0024 - val_accuracy: 0.4000 - lr: 5.0000e-04
Epoch 18/20
2/2 [==============================] - 1s 784ms/step - loss: 2.9426 - accuracy: 0.3833 - val_loss: 2.9280 - val_accuracy: 0.4000 - lr: 5.0000e-04
Epoch 19/20
2/2 [==============================] - 1s 710ms/step - loss: 3.0077 - accuracy: 0.3000 - val_loss: 2.8514 - val_accuracy: 0.4000 - lr: 5.0000e-04
Epoch 20/20
2/2 [==============================] - 1s 678ms/step - loss: 2.9765 - accuracy: 0.2833 - val_loss: 2.8312 - val_accuracy: 0.6000 - lr: 5.0000e-04
1/1 [==============================] - 0s 85ms/step - loss: 3.1209 - accuracy: 0.1429
Found 60 images belonging to 6 classes.
Found 5 images belonging to 6 classes.
Found 7 images belonging to 6 classes.
Epoch 1/30
2/2 [==============================] - ETA: 0s - loss: 7.3770 - accuracy: 0.1167C:\Users\tom.zbc\PycharmProjects\fungis_bacterias_project\.venv\lib\site-packages\keras\src\engine\training.py:3000: UserWarning: You are saving your model as an HDF5 file via `model.save()`. This file format is considered legacy. We recommend using instead the native Keras format, e.g. `model.save('my_model.keras')`.
  saving_api.save_model(
2/2 [==============================] - 2s 833ms/step - loss: 7.3770 - accuracy: 0.1167 - val_loss: 6.1830 - val_accuracy: 0.2000 - lr: 5.0000e-04
Epoch 2/30
2/2 [==============================] - 1s 716ms/step - loss: 6.4864 - accuracy: 0.1167 - val_loss: 5.4300 - val_accuracy: 0.6000 - lr: 5.0000e-04
Epoch 3/30
2/2 [==============================] - 1s 702ms/step - loss: 5.6560 - accuracy: 0.2167 - val_loss: 4.9956 - val_accuracy: 0.6000 - lr: 5.0000e-04
Epoch 4/30
2/2 [==============================] - 1s 670ms/step - loss: 5.2707 - accuracy: 0.1333 - val_loss: 4.7293 - val_accuracy: 0.2000 - lr: 5.0000e-04
Epoch 5/30
2/2 [==============================] - 1s 724ms/step - loss: 4.6825 - accuracy: 0.2500 - val_loss: 4.5056 - val_accuracy: 0.4000 - lr: 5.0000e-04
Epoch 6/30
2/2 [==============================] - 1s 719ms/step - loss: 4.5110 - accuracy: 0.2167 - val_loss: 4.3069 - val_accuracy: 0.4000 - lr: 5.0000e-04
Epoch 7/30
2/2 [==============================] - 1s 706ms/step - loss: 4.2486 - accuracy: 0.2500 - val_loss: 4.1707 - val_accuracy: 0.4000 - lr: 5.0000e-04
Epoch 8/30
2/2 [==============================] - 1s 742ms/step - loss: 4.1368 - accuracy: 0.2500 - val_loss: 4.0724 - val_accuracy: 0.2000 - lr: 5.0000e-04
Epoch 9/30
2/2 [==============================] - 1s 800ms/step - loss: 4.0294 - accuracy: 0.3000 - val_loss: 3.9917 - val_accuracy: 0.4000 - lr: 5.0000e-04
Epoch 10/30
2/2 [==============================] - 1s 779ms/step - loss: 3.9741 - accuracy: 0.2500 - val_loss: 3.9143 - val_accuracy: 0.4000 - lr: 5.0000e-04
Epoch 11/30
2/2 [==============================] - 1s 702ms/step - loss: 3.8503 - accuracy: 0.3333 - val_loss: 3.8289 - val_accuracy: 0.4000 - lr: 5.0000e-04
Epoch 12/30
2/2 [==============================] - 1s 764ms/step - loss: 3.7646 - accuracy: 0.3500 - val_loss: 3.7348 - val_accuracy: 0.4000 - lr: 5.0000e-04
Epoch 13/30
2/2 [==============================] - 1s 792ms/step - loss: 3.7169 - accuracy: 0.2833 - val_loss: 3.6348 - val_accuracy: 0.4000 - lr: 5.0000e-04
Epoch 14/30
2/2 [==============================] - 1s 757ms/step - loss: 3.6816 - accuracy: 0.2667 - val_loss: 3.5338 - val_accuracy: 0.4000 - lr: 5.0000e-04
Epoch 15/30
2/2 [==============================] - 1s 752ms/step - loss: 3.5947 - accuracy: 0.2500 - val_loss: 3.4199 - val_accuracy: 0.4000 - lr: 5.0000e-04
Epoch 16/30
2/2 [==============================] - 1s 702ms/step - loss: 3.3890 - accuracy: 0.3333 - val_loss: 3.3182 - val_accuracy: 0.4000 - lr: 5.0000e-04
Epoch 17/30
2/2 [==============================] - 1s 692ms/step - loss: 3.2957 - accuracy: 0.3833 - val_loss: 3.2043 - val_accuracy: 0.4000 - lr: 5.0000e-04
Epoch 18/30
2/2 [==============================] - 1s 724ms/step - loss: 3.1942 - accuracy: 0.3833 - val_loss: 3.0858 - val_accuracy: 0.4000 - lr: 5.0000e-04
Epoch 19/30
2/2 [==============================] - 1s 775ms/step - loss: 3.1748 - accuracy: 0.3333 - val_loss: 2.9724 - val_accuracy: 0.4000 - lr: 5.0000e-04
Epoch 20/30
2/2 [==============================] - 1s 750ms/step - loss: 3.0455 - accuracy: 0.4167 - val_loss: 2.9097 - val_accuracy: 0.4000 - lr: 5.0000e-04
Epoch 21/30
2/2 [==============================] - 1s 698ms/step - loss: 3.0453 - accuracy: 0.3333 - val_loss: 2.8526 - val_accuracy: 0.4000 - lr: 5.0000e-04
Epoch 22/30
2/2 [==============================] - 1s 792ms/step - loss: 3.0561 - accuracy: 0.3333 - val_loss: 2.7740 - val_accuracy: 0.4000 - lr: 5.0000e-04
Epoch 23/30
2/2 [==============================] - 1s 681ms/step - loss: 2.9833 - accuracy: 0.3167 - val_loss: 2.7093 - val_accuracy: 0.4000 - lr: 5.0000e-04
Epoch 24/30
2/2 [==============================] - 1s 754ms/step - loss: 2.7694 - accuracy: 0.3500 - val_loss: 2.6577 - val_accuracy: 0.4000 - lr: 5.0000e-04
Epoch 25/30
2/2 [==============================] - 1s 698ms/step - loss: 2.9353 - accuracy: 0.2667 - val_loss: 2.6572 - val_accuracy: 0.2000 - lr: 5.0000e-04
Epoch 26/30
2/2 [==============================] - 1s 485ms/step - loss: 2.7226 - accuracy: 0.4167 - val_loss: 2.7017 - val_accuracy: 0.2000 - lr: 5.0000e-04
Epoch 27/30
2/2 [==============================] - 1s 509ms/step - loss: 2.6881 - accuracy: 0.4167 - val_loss: 2.7435 - val_accuracy: 0.2000 - lr: 5.0000e-04
Epoch 28/30
2/2 [==============================] - 1s 432ms/step - loss: 2.7258 - accuracy: 0.3833 - val_loss: 2.7820 - val_accuracy: 0.2000 - lr: 5.0000e-04
Epoch 29/30
2/2 [==============================] - 1s 518ms/step - loss: 2.7121 - accuracy: 0.2500 - val_loss: 2.7066 - val_accuracy: 0.2000 - lr: 5.0000e-04
1/1 [==============================] - 0s 87ms/step - loss: 2.9240 - accuracy: 0.2857
Found 60 images belonging to 6 classes.
Found 5 images belonging to 6 classes.
Found 7 images belonging to 6 classes.
Epoch 1/20
2/2 [==============================] - ETA: 0s - loss: 7.6714 - accuracy: 0.1667C:\Users\tom.zbc\PycharmProjects\fungis_bacterias_project\.venv\lib\site-packages\keras\src\engine\training.py:3000: UserWarning: You are saving your model as an HDF5 file via `model.save()`. This file format is considered legacy. We recommend using instead the native Keras format, e.g. `model.save('my_model.keras')`.
  saving_api.save_model(
2/2 [==============================] - 2s 1s/step - loss: 7.6714 - accuracy: 0.1667 - val_loss: 6.4068 - val_accuracy: 0.0000e+00 - lr: 5.0000e-04
Epoch 2/20
2/2 [==============================] - 2s 1s/step - loss: 6.2122 - accuracy: 0.2000 - val_loss: 5.5093 - val_accuracy: 0.2000 - lr: 5.0000e-04
Epoch 3/20
2/2 [==============================] - 2s 1s/step - loss: 5.3628 - accuracy: 0.1333 - val_loss: 4.8235 - val_accuracy: 0.2000 - lr: 5.0000e-04
Epoch 4/20
2/2 [==============================] - 2s 1s/step - loss: 4.7012 - accuracy: 0.1167 - val_loss: 4.4327 - val_accuracy: 0.2000 - lr: 5.0000e-04
Epoch 5/20
2/2 [==============================] - 2s 1s/step - loss: 4.3662 - accuracy: 0.2667 - val_loss: 4.2093 - val_accuracy: 0.2000 - lr: 5.0000e-04
Epoch 6/20
2/2 [==============================] - 2s 1s/step - loss: 4.1907 - accuracy: 0.2167 - val_loss: 4.0737 - val_accuracy: 0.2000 - lr: 5.0000e-04
Epoch 7/20
2/2 [==============================] - 2s 1s/step - loss: 4.0847 - accuracy: 0.1667 - val_loss: 3.9705 - val_accuracy: 0.2000 - lr: 5.0000e-04
Epoch 8/20
2/2 [==============================] - 2s 1s/step - loss: 4.0190 - accuracy: 0.1833 - val_loss: 3.8958 - val_accuracy: 0.2000 - lr: 5.0000e-04
Epoch 9/20
2/2 [==============================] - 2s 1s/step - loss: 3.8788 - accuracy: 0.2833 - val_loss: 3.8220 - val_accuracy: 0.2000 - lr: 5.0000e-04
Epoch 10/20
2/2 [==============================] - 2s 1s/step - loss: 3.7957 - accuracy: 0.2667 - val_loss: 3.7095 - val_accuracy: 0.4000 - lr: 5.0000e-04
Epoch 11/20
2/2 [==============================] - 2s 1s/step - loss: 3.6934 - accuracy: 0.2833 - val_loss: 3.5864 - val_accuracy: 0.4000 - lr: 5.0000e-04
Epoch 12/20
2/2 [==============================] - 2s 1s/step - loss: 3.5799 - accuracy: 0.2833 - val_loss: 3.4533 - val_accuracy: 0.4000 - lr: 5.0000e-04
Epoch 13/20
2/2 [==============================] - 2s 1s/step - loss: 3.4534 - accuracy: 0.3167 - val_loss: 3.3177 - val_accuracy: 0.4000 - lr: 5.0000e-04
Epoch 14/20
2/2 [==============================] - 2s 1s/step - loss: 3.3058 - accuracy: 0.2667 - val_loss: 3.2082 - val_accuracy: 0.4000 - lr: 5.0000e-04
Epoch 15/20
2/2 [==============================] - 2s 1s/step - loss: 3.1912 - accuracy: 0.4167 - val_loss: 3.0888 - val_accuracy: 0.4000 - lr: 5.0000e-04
Epoch 16/20
2/2 [==============================] - 2s 1s/step - loss: 3.0940 - accuracy: 0.2833 - val_loss: 3.0163 - val_accuracy: 0.4000 - lr: 5.0000e-04
Epoch 17/20
2/2 [==============================] - 2s 1s/step - loss: 2.9420 - accuracy: 0.4667 - val_loss: 2.9140 - val_accuracy: 0.4000 - lr: 5.0000e-04
Epoch 18/20
2/2 [==============================] - 2s 1s/step - loss: 3.0089 - accuracy: 0.2333 - val_loss: 2.8159 - val_accuracy: 0.4000 - lr: 5.0000e-04
Epoch 19/20
2/2 [==============================] - 2s 1s/step - loss: 2.8832 - accuracy: 0.3667 - val_loss: 2.7458 - val_accuracy: 0.4000 - lr: 5.0000e-04
Epoch 20/20
2/2 [==============================] - 1s 668ms/step - loss: 2.9109 - accuracy: 0.2500 - val_loss: 2.7620 - val_accuracy: 0.6000 - lr: 5.0000e-04
1/1 [==============================] - 0s 100ms/step - loss: 2.8968 - accuracy: 0.4286
Found 60 images belonging to 6 classes.
Found 5 images belonging to 6 classes.
Found 7 images belonging to 6 classes.
Epoch 1/30
2/2 [==============================] - ETA: 0s - loss: 7.7844 - accuracy: 0.1500C:\Users\tom.zbc\PycharmProjects\fungis_bacterias_project\.venv\lib\site-packages\keras\src\engine\training.py:3000: UserWarning: You are saving your model as an HDF5 file via `model.save()`. This file format is considered legacy. We recommend using instead the native Keras format, e.g. `model.save('my_model.keras')`.
  saving_api.save_model(
2/2 [==============================] - 2s 1s/step - loss: 7.7844 - accuracy: 0.1500 - val_loss: 6.8511 - val_accuracy: 0.2000 - lr: 5.0000e-04
Epoch 2/30
2/2 [==============================] - 2s 1s/step - loss: 6.4521 - accuracy: 0.1167 - val_loss: 5.8058 - val_accuracy: 0.0000e+00 - lr: 5.0000e-04
Epoch 3/30
2/2 [==============================] - 2s 1s/step - loss: 5.5716 - accuracy: 0.2000 - val_loss: 4.9814 - val_accuracy: 0.2000 - lr: 5.0000e-04
Epoch 4/30
2/2 [==============================] - 2s 1s/step - loss: 4.9767 - accuracy: 0.1667 - val_loss: 4.6391 - val_accuracy: 0.4000 - lr: 5.0000e-04
Epoch 5/30
2/2 [==============================] - 2s 1s/step - loss: 4.6591 - accuracy: 0.1667 - val_loss: 4.4644 - val_accuracy: 0.6000 - lr: 5.0000e-04
Epoch 6/30
2/2 [==============================] - 2s 1s/step - loss: 4.5088 - accuracy: 0.2500 - val_loss: 4.3693 - val_accuracy: 0.4000 - lr: 5.0000e-04
Epoch 7/30
2/2 [==============================] - 2s 1s/step - loss: 4.3683 - accuracy: 0.3333 - val_loss: 4.2919 - val_accuracy: 0.4000 - lr: 5.0000e-04
Epoch 8/30
2/2 [==============================] - 2s 1s/step - loss: 4.2968 - accuracy: 0.2167 - val_loss: 4.2112 - val_accuracy: 0.4000 - lr: 5.0000e-04
Epoch 9/30
2/2 [==============================] - 2s 1s/step - loss: 4.2179 - accuracy: 0.2667 - val_loss: 4.1054 - val_accuracy: 0.4000 - lr: 5.0000e-04
Epoch 10/30
2/2 [==============================] - 2s 1s/step - loss: 4.1313 - accuracy: 0.1667 - val_loss: 3.9921 - val_accuracy: 0.4000 - lr: 5.0000e-04
Epoch 11/30
2/2 [==============================] - 2s 1s/step - loss: 3.9881 - accuracy: 0.1667 - val_loss: 3.8675 - val_accuracy: 0.4000 - lr: 5.0000e-04
Epoch 12/30
2/2 [==============================] - 2s 1s/step - loss: 3.8500 - accuracy: 0.2333 - val_loss: 3.7243 - val_accuracy: 0.4000 - lr: 5.0000e-04
Epoch 13/30
2/2 [==============================] - 2s 1s/step - loss: 3.6948 - accuracy: 0.3333 - val_loss: 3.5747 - val_accuracy: 0.4000 - lr: 5.0000e-04
Epoch 14/30
2/2 [==============================] - 2s 1s/step - loss: 3.5867 - accuracy: 0.3000 - val_loss: 3.4324 - val_accuracy: 0.6000 - lr: 5.0000e-04
Epoch 15/30
2/2 [==============================] - 2s 1s/step - loss: 3.4459 - accuracy: 0.3500 - val_loss: 3.3107 - val_accuracy: 0.4000 - lr: 5.0000e-04
Epoch 16/30
2/2 [==============================] - 2s 1s/step - loss: 3.3555 - accuracy: 0.3167 - val_loss: 3.2114 - val_accuracy: 0.4000 - lr: 5.0000e-04
Epoch 17/30
2/2 [==============================] - 2s 1s/step - loss: 3.2197 - accuracy: 0.3000 - val_loss: 3.1227 - val_accuracy: 0.6000 - lr: 5.0000e-04
Epoch 18/30
2/2 [==============================] - 2s 1s/step - loss: 3.1214 - accuracy: 0.3500 - val_loss: 3.0278 - val_accuracy: 0.6000 - lr: 5.0000e-04
Epoch 19/30
2/2 [==============================] - 2s 1s/step - loss: 3.0297 - accuracy: 0.3667 - val_loss: 2.9534 - val_accuracy: 0.4000 - lr: 5.0000e-04
Epoch 20/30
2/2 [==============================] - 2s 1s/step - loss: 3.0061 - accuracy: 0.3000 - val_loss: 2.8585 - val_accuracy: 0.4000 - lr: 5.0000e-04
Epoch 21/30
2/2 [==============================] - 2s 1s/step - loss: 2.8928 - accuracy: 0.4000 - val_loss: 2.7263 - val_accuracy: 0.4000 - lr: 5.0000e-04
Epoch 22/30
2/2 [==============================] - 2s 1s/step - loss: 2.8979 - accuracy: 0.3500 - val_loss: 2.6680 - val_accuracy: 0.6000 - lr: 5.0000e-04
Epoch 23/30
2/2 [==============================] - 2s 1s/step - loss: 2.7510 - accuracy: 0.3833 - val_loss: 2.6450 - val_accuracy: 0.4000 - lr: 5.0000e-04
Epoch 24/30
2/2 [==============================] - 1s 581ms/step - loss: 2.8801 - accuracy: 0.3333 - val_loss: 2.6663 - val_accuracy: 0.4000 - lr: 5.0000e-04
Epoch 25/30
2/2 [==============================] - 1s 604ms/step - loss: 2.7933 - accuracy: 0.3167 - val_loss: 2.7121 - val_accuracy: 0.4000 - lr: 5.0000e-04
Epoch 26/30
2/2 [==============================] - 1s 597ms/step - loss: 2.7985 - accuracy: 0.3333 - val_loss: 2.7304 - val_accuracy: 0.4000 - lr: 5.0000e-04
Epoch 27/30
2/2 [==============================] - 1s 646ms/step - loss: 2.7686 - accuracy: 0.2833 - val_loss: 2.6749 - val_accuracy: 0.4000 - lr: 5.0000e-04
1/1 [==============================] - 0s 100ms/step - loss: 2.7420 - accuracy: 0.4286
Found 60 images belonging to 6 classes.
Found 5 images belonging to 6 classes.
Found 7 images belonging to 6 classes.
Epoch 1/20
2/2 [==============================] - ETA: 0s - loss: 7.6366 - accuracy: 0.2167C:\Users\tom.zbc\PycharmProjects\fungis_bacterias_project\.venv\lib\site-packages\keras\src\engine\training.py:3000: UserWarning: You are saving your model as an HDF5 file via `model.save()`. This file format is considered legacy. We recommend using instead the native Keras format, e.g. `model.save('my_model.keras')`.
  saving_api.save_model(
2/2 [==============================] - 3s 1s/step - loss: 7.6366 - accuracy: 0.2167 - val_loss: 6.3409 - val_accuracy: 0.4000 - lr: 5.0000e-04
Epoch 2/20
2/2 [==============================] - 2s 1s/step - loss: 6.6630 - accuracy: 0.1667 - val_loss: 5.3841 - val_accuracy: 0.4000 - lr: 5.0000e-04
Epoch 3/20
2/2 [==============================] - 2s 1s/step - loss: 5.5030 - accuracy: 0.2333 - val_loss: 4.9421 - val_accuracy: 0.2000 - lr: 5.0000e-04
Epoch 4/20
2/2 [==============================] - 2s 1s/step - loss: 5.1335 - accuracy: 0.1667 - val_loss: 4.7673 - val_accuracy: 0.2000 - lr: 5.0000e-04
Epoch 5/20
2/2 [==============================] - 2s 1s/step - loss: 4.8423 - accuracy: 0.2000 - val_loss: 4.6123 - val_accuracy: 0.2000 - lr: 5.0000e-04
Epoch 6/20
2/2 [==============================] - 2s 1s/step - loss: 4.6278 - accuracy: 0.2500 - val_loss: 4.5145 - val_accuracy: 0.2000 - lr: 5.0000e-04
Epoch 7/20
2/2 [==============================] - 2s 1s/step - loss: 4.5156 - accuracy: 0.2000 - val_loss: 4.4281 - val_accuracy: 0.2000 - lr: 5.0000e-04
Epoch 8/20
2/2 [==============================] - 2s 1s/step - loss: 4.4065 - accuracy: 0.2333 - val_loss: 4.3237 - val_accuracy: 0.2000 - lr: 5.0000e-04
Epoch 9/20
2/2 [==============================] - 2s 1s/step - loss: 4.3166 - accuracy: 0.2167 - val_loss: 4.2011 - val_accuracy: 0.2000 - lr: 5.0000e-04
Epoch 10/20
2/2 [==============================] - 2s 1s/step - loss: 4.1858 - accuracy: 0.4000 - val_loss: 4.0558 - val_accuracy: 0.2000 - lr: 5.0000e-04
Epoch 11/20
2/2 [==============================] - 2s 1s/step - loss: 4.0867 - accuracy: 0.2333 - val_loss: 3.9062 - val_accuracy: 0.4000 - lr: 5.0000e-04
Epoch 12/20
2/2 [==============================] - 2s 1s/step - loss: 3.9171 - accuracy: 0.3000 - val_loss: 3.7661 - val_accuracy: 0.4000 - lr: 5.0000e-04
Epoch 13/20
2/2 [==============================] - 2s 1s/step - loss: 3.7338 - accuracy: 0.3500 - val_loss: 3.6373 - val_accuracy: 0.4000 - lr: 5.0000e-04
Epoch 14/20
2/2 [==============================] - 2s 1s/step - loss: 3.6259 - accuracy: 0.2500 - val_loss: 3.5166 - val_accuracy: 0.4000 - lr: 5.0000e-04
Epoch 15/20
2/2 [==============================] - 2s 1s/step - loss: 3.5001 - accuracy: 0.3333 - val_loss: 3.4409 - val_accuracy: 0.2000 - lr: 5.0000e-04
Epoch 16/20
2/2 [==============================] - 2s 1s/step - loss: 3.3529 - accuracy: 0.4333 - val_loss: 3.3391 - val_accuracy: 0.2000 - lr: 5.0000e-04
Epoch 17/20
2/2 [==============================] - 2s 1s/step - loss: 3.3237 - accuracy: 0.3500 - val_loss: 3.2297 - val_accuracy: 0.2000 - lr: 5.0000e-04
Epoch 18/20
2/2 [==============================] - 2s 1s/step - loss: 3.2742 - accuracy: 0.3167 - val_loss: 3.0946 - val_accuracy: 0.4000 - lr: 5.0000e-04
Epoch 19/20
2/2 [==============================] - 2s 1s/step - loss: 3.1525 - accuracy: 0.3500 - val_loss: 2.9421 - val_accuracy: 0.4000 - lr: 5.0000e-04
Epoch 20/20
2/2 [==============================] - 2s 1s/step - loss: 3.0290 - accuracy: 0.3667 - val_loss: 2.8574 - val_accuracy: 0.4000 - lr: 5.0000e-04
1/1 [==============================] - 0s 98ms/step - loss: 3.0832 - accuracy: 0.4286
Found 60 images belonging to 6 classes.
Found 5 images belonging to 6 classes.
Found 7 images belonging to 6 classes.
Epoch 1/30
2/2 [==============================] - ETA: 0s - loss: 7.9006 - accuracy: 0.1167C:\Users\tom.zbc\PycharmProjects\fungis_bacterias_project\.venv\lib\site-packages\keras\src\engine\training.py:3000: UserWarning: You are saving your model as an HDF5 file via `model.save()`. This file format is considered legacy. We recommend using instead the native Keras format, e.g. `model.save('my_model.keras')`.
  saving_api.save_model(
2/2 [==============================] - 2s 1s/step - loss: 7.9006 - accuracy: 0.1167 - val_loss: 6.2847 - val_accuracy: 0.2000 - lr: 5.0000e-04
Epoch 2/30
2/2 [==============================] - 2s 1s/step - loss: 6.3877 - accuracy: 0.2167 - val_loss: 5.5676 - val_accuracy: 0.2000 - lr: 5.0000e-04
Epoch 3/30
2/2 [==============================] - 2s 1s/step - loss: 5.7022 - accuracy: 0.1000 - val_loss: 5.0693 - val_accuracy: 0.2000 - lr: 5.0000e-04
Epoch 4/30
2/2 [==============================] - 2s 1s/step - loss: 5.0358 - accuracy: 0.2833 - val_loss: 4.7784 - val_accuracy: 0.2000 - lr: 5.0000e-04
Epoch 5/30
2/2 [==============================] - 2s 1s/step - loss: 4.7618 - accuracy: 0.2667 - val_loss: 4.6013 - val_accuracy: 0.4000 - lr: 5.0000e-04
Epoch 6/30
2/2 [==============================] - 2s 1s/step - loss: 4.6143 - accuracy: 0.2167 - val_loss: 4.4865 - val_accuracy: 0.2000 - lr: 5.0000e-04
Epoch 7/30
2/2 [==============================] - 2s 1s/step - loss: 4.5065 - accuracy: 0.1833 - val_loss: 4.3886 - val_accuracy: 0.2000 - lr: 5.0000e-04
Epoch 8/30
2/2 [==============================] - 2s 1s/step - loss: 4.4150 - accuracy: 0.2500 - val_loss: 4.2919 - val_accuracy: 0.2000 - lr: 5.0000e-04
Epoch 9/30
2/2 [==============================] - 2s 1s/step - loss: 4.2899 - accuracy: 0.2000 - val_loss: 4.1815 - val_accuracy: 0.2000 - lr: 5.0000e-04
Epoch 10/30
2/2 [==============================] - 2s 1s/step - loss: 4.1967 - accuracy: 0.2167 - val_loss: 4.0661 - val_accuracy: 0.2000 - lr: 5.0000e-04
Epoch 11/30
2/2 [==============================] - 2s 1s/step - loss: 4.0353 - accuracy: 0.2333 - val_loss: 3.9491 - val_accuracy: 0.2000 - lr: 5.0000e-04
Epoch 12/30
2/2 [==============================] - 2s 1s/step - loss: 3.9121 - accuracy: 0.3000 - val_loss: 3.8199 - val_accuracy: 0.4000 - lr: 5.0000e-04
Epoch 13/30
2/2 [==============================] - 2s 1s/step - loss: 3.7844 - accuracy: 0.3000 - val_loss: 3.7094 - val_accuracy: 0.2000 - lr: 5.0000e-04
Epoch 14/30
2/2 [==============================] - 2s 1s/step - loss: 3.6344 - accuracy: 0.3000 - val_loss: 3.5988 - val_accuracy: 0.2000 - lr: 5.0000e-04
Epoch 15/30
2/2 [==============================] - 2s 1s/step - loss: 3.4882 - accuracy: 0.3333 - val_loss: 3.4518 - val_accuracy: 0.2000 - lr: 5.0000e-04
Epoch 16/30
2/2 [==============================] - 2s 1s/step - loss: 3.4323 - accuracy: 0.2833 - val_loss: 3.3068 - val_accuracy: 0.4000 - lr: 5.0000e-04
Epoch 17/30
2/2 [==============================] - 2s 1s/step - loss: 3.3253 - accuracy: 0.2000 - val_loss: 3.1605 - val_accuracy: 0.4000 - lr: 5.0000e-04
Epoch 18/30
2/2 [==============================] - 2s 1s/step - loss: 3.2452 - accuracy: 0.2833 - val_loss: 3.0770 - val_accuracy: 0.4000 - lr: 5.0000e-04
Epoch 19/30
2/2 [==============================] - 2s 1s/step - loss: 3.1714 - accuracy: 0.3167 - val_loss: 3.0077 - val_accuracy: 0.4000 - lr: 5.0000e-04
Epoch 20/30
2/2 [==============================] - 2s 1s/step - loss: 3.0429 - accuracy: 0.3667 - val_loss: 2.9285 - val_accuracy: 0.4000 - lr: 5.0000e-04
Epoch 21/30
2/2 [==============================] - 2s 1s/step - loss: 3.1448 - accuracy: 0.2667 - val_loss: 2.8508 - val_accuracy: 0.4000 - lr: 5.0000e-04
Epoch 22/30
2/2 [==============================] - 2s 1s/step - loss: 2.9798 - accuracy: 0.3500 - val_loss: 2.7977 - val_accuracy: 0.2000 - lr: 5.0000e-04
Epoch 23/30
2/2 [==============================] - 2s 1s/step - loss: 2.8130 - accuracy: 0.3667 - val_loss: 2.7428 - val_accuracy: 0.6000 - lr: 5.0000e-04
Epoch 24/30
2/2 [==============================] - 2s 1s/step - loss: 2.8185 - accuracy: 0.4333 - val_loss: 2.7093 - val_accuracy: 0.4000 - lr: 5.0000e-04
Epoch 25/30
2/2 [==============================] - 2s 1s/step - loss: 2.7043 - accuracy: 0.4167 - val_loss: 2.6428 - val_accuracy: 0.4000 - lr: 5.0000e-04
Epoch 26/30
2/2 [==============================] - 2s 1s/step - loss: 2.7564 - accuracy: 0.4000 - val_loss: 2.5891 - val_accuracy: 0.6000 - lr: 5.0000e-04
Epoch 27/30
2/2 [==============================] - 2s 1s/step - loss: 2.6907 - accuracy: 0.3167 - val_loss: 2.5545 - val_accuracy: 0.6000 - lr: 5.0000e-04
Epoch 28/30
2/2 [==============================] - 2s 1s/step - loss: 2.6709 - accuracy: 0.3667 - val_loss: 2.5392 - val_accuracy: 0.4000 - lr: 5.0000e-04
Epoch 29/30
2/2 [==============================] - 2s 1s/step - loss: 2.5193 - accuracy: 0.4333 - val_loss: 2.4370 - val_accuracy: 0.4000 - lr: 5.0000e-04
Epoch 30/30
2/2 [==============================] - 2s 1s/step - loss: 2.5615 - accuracy: 0.3667 - val_loss: 2.3424 - val_accuracy: 0.6000 - lr: 5.0000e-04
1/1 [==============================] - 0s 98ms/step - loss: 2.5782 - accuracy: 0.1429
Found 60 images belonging to 6 classes.
Found 5 images belonging to 6 classes.
Found 7 images belonging to 6 classes.
Epoch 1/20
2/2 [==============================] - ETA: 0s - loss: 7.7097 - accuracy: 0.1500C:\Users\tom.zbc\PycharmProjects\fungis_bacterias_project\.venv\lib\site-packages\keras\src\engine\training.py:3000: UserWarning: You are saving your model as an HDF5 file via `model.save()`. This file format is considered legacy. We recommend using instead the native Keras format, e.g. `model.save('my_model.keras')`.
  saving_api.save_model(
2/2 [==============================] - 3s 1s/step - loss: 7.7097 - accuracy: 0.1500 - val_loss: 6.3823 - val_accuracy: 0.2000 - lr: 5.0000e-04
Epoch 2/20
2/2 [==============================] - 2s 1s/step - loss: 6.6378 - accuracy: 0.1500 - val_loss: 5.8599 - val_accuracy: 0.2000 - lr: 5.0000e-04
Epoch 3/20
2/2 [==============================] - 2s 1s/step - loss: 5.7084 - accuracy: 0.2667 - val_loss: 5.4083 - val_accuracy: 0.2000 - lr: 5.0000e-04
Epoch 4/20
2/2 [==============================] - 2s 1s/step - loss: 5.2956 - accuracy: 0.1833 - val_loss: 5.0330 - val_accuracy: 0.2000 - lr: 5.0000e-04
Epoch 5/20
2/2 [==============================] - 2s 1s/step - loss: 4.9561 - accuracy: 0.1667 - val_loss: 4.8073 - val_accuracy: 0.4000 - lr: 5.0000e-04
Epoch 6/20
2/2 [==============================] - 2s 1s/step - loss: 4.7271 - accuracy: 0.3167 - val_loss: 4.6592 - val_accuracy: 0.4000 - lr: 5.0000e-04
Epoch 7/20
2/2 [==============================] - 2s 1s/step - loss: 4.5955 - accuracy: 0.3500 - val_loss: 4.5414 - val_accuracy: 0.4000 - lr: 5.0000e-04
Epoch 8/20
2/2 [==============================] - 2s 1s/step - loss: 4.5159 - accuracy: 0.2500 - val_loss: 4.4168 - val_accuracy: 0.4000 - lr: 5.0000e-04
Epoch 9/20
2/2 [==============================] - 2s 1s/step - loss: 4.3666 - accuracy: 0.2167 - val_loss: 4.2747 - val_accuracy: 0.4000 - lr: 5.0000e-04
Epoch 10/20
2/2 [==============================] - 2s 1s/step - loss: 4.2012 - accuracy: 0.2833 - val_loss: 4.1094 - val_accuracy: 0.4000 - lr: 5.0000e-04
Epoch 11/20
2/2 [==============================] - 2s 1s/step - loss: 4.0920 - accuracy: 0.2000 - val_loss: 3.9370 - val_accuracy: 0.4000 - lr: 5.0000e-04
Epoch 12/20
2/2 [==============================] - 2s 1s/step - loss: 3.9097 - accuracy: 0.3000 - val_loss: 3.7578 - val_accuracy: 0.4000 - lr: 5.0000e-04
Epoch 13/20
2/2 [==============================] - 2s 1s/step - loss: 3.7111 - accuracy: 0.2833 - val_loss: 3.5856 - val_accuracy: 0.4000 - lr: 5.0000e-04
Epoch 14/20
2/2 [==============================] - 2s 1s/step - loss: 3.6261 - accuracy: 0.2667 - val_loss: 3.4267 - val_accuracy: 0.4000 - lr: 5.0000e-04
Epoch 15/20
2/2 [==============================] - 2s 1s/step - loss: 3.4741 - accuracy: 0.3000 - val_loss: 3.3023 - val_accuracy: 0.6000 - lr: 5.0000e-04
Epoch 16/20
2/2 [==============================] - 2s 1s/step - loss: 3.4166 - accuracy: 0.2667 - val_loss: 3.2335 - val_accuracy: 0.4000 - lr: 5.0000e-04
Epoch 17/20
2/2 [==============================] - 2s 1s/step - loss: 3.2569 - accuracy: 0.3167 - val_loss: 3.1433 - val_accuracy: 0.6000 - lr: 5.0000e-04
Epoch 18/20
2/2 [==============================] - 2s 1s/step - loss: 3.1460 - accuracy: 0.3167 - val_loss: 3.0544 - val_accuracy: 0.2000 - lr: 5.0000e-04
Epoch 19/20
2/2 [==============================] - 2s 1s/step - loss: 3.0803 - accuracy: 0.1833 - val_loss: 2.9657 - val_accuracy: 0.2000 - lr: 5.0000e-04
Epoch 20/20
2/2 [==============================] - 2s 1s/step - loss: 2.8969 - accuracy: 0.4667 - val_loss: 2.8739 - val_accuracy: 0.2000 - lr: 5.0000e-04
1/1 [==============================] - 0s 105ms/step - loss: 3.1244 - accuracy: 0.1429
Found 60 images belonging to 6 classes.
Found 5 images belonging to 6 classes.
Found 7 images belonging to 6 classes.
Epoch 1/30
2/2 [==============================] - ETA: 0s - loss: 7.5461 - accuracy: 0.1667C:\Users\tom.zbc\PycharmProjects\fungis_bacterias_project\.venv\lib\site-packages\keras\src\engine\training.py:3000: UserWarning: You are saving your model as an HDF5 file via `model.save()`. This file format is considered legacy. We recommend using instead the native Keras format, e.g. `model.save('my_model.keras')`.
  saving_api.save_model(
2/2 [==============================] - 3s 1s/step - loss: 7.5461 - accuracy: 0.1667 - val_loss: 6.5187 - val_accuracy: 0.0000e+00 - lr: 5.0000e-04
Epoch 2/30
2/2 [==============================] - 2s 1s/step - loss: 6.2646 - accuracy: 0.2667 - val_loss: 5.5830 - val_accuracy: 0.0000e+00 - lr: 5.0000e-04
Epoch 3/30
2/2 [==============================] - 2s 1s/step - loss: 5.4330 - accuracy: 0.1500 - val_loss: 4.9291 - val_accuracy: 0.2000 - lr: 5.0000e-04
Epoch 4/30
2/2 [==============================] - 2s 1s/step - loss: 4.8354 - accuracy: 0.2000 - val_loss: 4.5390 - val_accuracy: 0.2000 - lr: 5.0000e-04
Epoch 5/30
2/2 [==============================] - 2s 1s/step - loss: 4.5107 - accuracy: 0.1833 - val_loss: 4.3320 - val_accuracy: 0.0000e+00 - lr: 5.0000e-04
Epoch 6/30
2/2 [==============================] - 2s 1s/step - loss: 4.2561 - accuracy: 0.2333 - val_loss: 4.1968 - val_accuracy: 0.0000e+00 - lr: 5.0000e-04
Epoch 7/30
2/2 [==============================] - 2s 1s/step - loss: 4.1349 - accuracy: 0.3500 - val_loss: 4.0886 - val_accuracy: 0.2000 - lr: 5.0000e-04
Epoch 8/30
2/2 [==============================] - 2s 1s/step - loss: 4.0144 - accuracy: 0.2833 - val_loss: 3.9838 - val_accuracy: 0.4000 - lr: 5.0000e-04
Epoch 9/30
2/2 [==============================] - 2s 1s/step - loss: 3.9200 - accuracy: 0.2833 - val_loss: 3.8649 - val_accuracy: 0.4000 - lr: 5.0000e-04
Epoch 10/30
2/2 [==============================] - 2s 1s/step - loss: 3.8160 - accuracy: 0.1833 - val_loss: 3.7238 - val_accuracy: 0.4000 - lr: 5.0000e-04
Epoch 11/30
2/2 [==============================] - 2s 1s/step - loss: 3.7103 - accuracy: 0.2167 - val_loss: 3.5900 - val_accuracy: 0.2000 - lr: 5.0000e-04
Epoch 12/30
2/2 [==============================] - 2s 1s/step - loss: 3.5448 - accuracy: 0.3000 - val_loss: 3.4570 - val_accuracy: 0.2000 - lr: 5.0000e-04
Epoch 13/30
2/2 [==============================] - 2s 1s/step - loss: 3.4810 - accuracy: 0.2333 - val_loss: 3.3154 - val_accuracy: 0.4000 - lr: 5.0000e-04
Epoch 14/30
2/2 [==============================] - 2s 1s/step - loss: 3.3174 - accuracy: 0.2500 - val_loss: 3.1833 - val_accuracy: 0.4000 - lr: 5.0000e-04
Epoch 15/30
2/2 [==============================] - 2s 1s/step - loss: 3.1215 - accuracy: 0.3333 - val_loss: 3.0520 - val_accuracy: 0.4000 - lr: 5.0000e-04
Epoch 16/30
2/2 [==============================] - 2s 1s/step - loss: 3.0663 - accuracy: 0.3667 - val_loss: 2.9169 - val_accuracy: 0.4000 - lr: 5.0000e-04
Epoch 17/30
2/2 [==============================] - 2s 1s/step - loss: 2.9846 - accuracy: 0.3000 - val_loss: 2.8061 - val_accuracy: 0.2000 - lr: 5.0000e-04
Epoch 18/30
2/2 [==============================] - 2s 1s/step - loss: 2.9103 - accuracy: 0.3167 - val_loss: 2.6874 - val_accuracy: 0.4000 - lr: 5.0000e-04
Epoch 19/30
2/2 [==============================] - 2s 1s/step - loss: 2.8030 - accuracy: 0.3833 - val_loss: 2.6075 - val_accuracy: 0.6000 - lr: 5.0000e-04
Epoch 20/30
2/2 [==============================] - 2s 1s/step - loss: 2.7182 - accuracy: 0.3333 - val_loss: 2.5168 - val_accuracy: 0.8000 - lr: 5.0000e-04
Epoch 21/30
2/2 [==============================] - 2s 1s/step - loss: 2.7012 - accuracy: 0.3167 - val_loss: 2.3602 - val_accuracy: 0.8000 - lr: 5.0000e-04
Epoch 22/30
2/2 [==============================] - 2s 1s/step - loss: 2.6255 - accuracy: 0.4000 - val_loss: 2.2590 - val_accuracy: 0.6000 - lr: 5.0000e-04
Epoch 23/30
2/2 [==============================] - 2s 1s/step - loss: 2.6713 - accuracy: 0.2667 - val_loss: 2.2102 - val_accuracy: 0.4000 - lr: 5.0000e-04
Epoch 24/30
2/2 [==============================] - 1s 712ms/step - loss: 2.5795 - accuracy: 0.3833 - val_loss: 2.2570 - val_accuracy: 0.6000 - lr: 5.0000e-04
Epoch 25/30
2/2 [==============================] - 1s 595ms/step - loss: 2.5831 - accuracy: 0.4000 - val_loss: 2.3517 - val_accuracy: 0.6000 - lr: 5.0000e-04
Epoch 26/30
2/2 [==============================] - 1s 723ms/step - loss: 2.5669 - accuracy: 0.3500 - val_loss: 2.3396 - val_accuracy: 0.6000 - lr: 5.0000e-04
Epoch 27/30
2/2 [==============================] - 1s 743ms/step - loss: 2.6039 - accuracy: 0.3667 - val_loss: 2.3199 - val_accuracy: 0.4000 - lr: 5.0000e-04
1/1 [==============================] - 0s 106ms/step - loss: 2.5520 - accuracy: 0.2857
Found 60 images belonging to 6 classes.
Found 5 images belonging to 6 classes.
Found 7 images belonging to 6 classes.
Epoch 1/20
2/2 [==============================] - ETA: 0s - loss: 7.5760 - accuracy: 0.2000C:\Users\tom.zbc\PycharmProjects\fungis_bacterias_project\.venv\lib\site-packages\keras\src\engine\training.py:3000: UserWarning: You are saving your model as an HDF5 file via `model.save()`. This file format is considered legacy. We recommend using instead the native Keras format, e.g. `model.save('my_model.keras')`.
  saving_api.save_model(
2/2 [==============================] - 4s 2s/step - loss: 7.5760 - accuracy: 0.2000 - val_loss: 6.7936 - val_accuracy: 0.2000 - lr: 5.0000e-04
Epoch 2/20
2/2 [==============================] - 3s 2s/step - loss: 6.5019 - accuracy: 0.2833 - val_loss: 5.6721 - val_accuracy: 0.2000 - lr: 5.0000e-04
Epoch 3/20
2/2 [==============================] - 3s 2s/step - loss: 5.7310 - accuracy: 0.2500 - val_loss: 5.0965 - val_accuracy: 0.4000 - lr: 5.0000e-04
Epoch 4/20
2/2 [==============================] - 3s 2s/step - loss: 5.0035 - accuracy: 0.3000 - val_loss: 4.7884 - val_accuracy: 0.4000 - lr: 5.0000e-04
Epoch 5/20
2/2 [==============================] - 2s 2s/step - loss: 4.7220 - accuracy: 0.3000 - val_loss: 4.6028 - val_accuracy: 0.4000 - lr: 5.0000e-04
Epoch 6/20
2/2 [==============================] - 3s 2s/step - loss: 4.5926 - accuracy: 0.2667 - val_loss: 4.4926 - val_accuracy: 0.2000 - lr: 5.0000e-04
Epoch 7/20
2/2 [==============================] - 3s 2s/step - loss: 4.5388 - accuracy: 0.1833 - val_loss: 4.3991 - val_accuracy: 0.2000 - lr: 5.0000e-04
Epoch 8/20
2/2 [==============================] - 3s 2s/step - loss: 4.4725 - accuracy: 0.2500 - val_loss: 4.3201 - val_accuracy: 0.2000 - lr: 5.0000e-04
Epoch 9/20
2/2 [==============================] - 2s 1s/step - loss: 4.3137 - accuracy: 0.3167 - val_loss: 4.2257 - val_accuracy: 0.2000 - lr: 5.0000e-04
Epoch 10/20
2/2 [==============================] - 3s 2s/step - loss: 4.2486 - accuracy: 0.3167 - val_loss: 4.1048 - val_accuracy: 0.2000 - lr: 5.0000e-04
Epoch 11/20
2/2 [==============================] - 3s 2s/step - loss: 4.1776 - accuracy: 0.2333 - val_loss: 3.9727 - val_accuracy: 0.2000 - lr: 5.0000e-04
Epoch 12/20
2/2 [==============================] - 2s 1s/step - loss: 3.9935 - accuracy: 0.2833 - val_loss: 3.8373 - val_accuracy: 0.4000 - lr: 5.0000e-04
Epoch 13/20
2/2 [==============================] - 2s 2s/step - loss: 3.8650 - accuracy: 0.3167 - val_loss: 3.7028 - val_accuracy: 0.4000 - lr: 5.0000e-04
Epoch 14/20
2/2 [==============================] - 2s 1s/step - loss: 3.7554 - accuracy: 0.2167 - val_loss: 3.5638 - val_accuracy: 0.4000 - lr: 5.0000e-04
Epoch 15/20
2/2 [==============================] - 2s 1s/step - loss: 3.6150 - accuracy: 0.3333 - val_loss: 3.4235 - val_accuracy: 0.6000 - lr: 5.0000e-04
Epoch 16/20
2/2 [==============================] - 2s 2s/step - loss: 3.5540 - accuracy: 0.2167 - val_loss: 3.3054 - val_accuracy: 0.6000 - lr: 5.0000e-04
Epoch 17/20
2/2 [==============================] - 2s 1s/step - loss: 3.4178 - accuracy: 0.2500 - val_loss: 3.2203 - val_accuracy: 0.6000 - lr: 5.0000e-04
Epoch 18/20
2/2 [==============================] - 2s 1s/step - loss: 3.3740 - accuracy: 0.2167 - val_loss: 3.1774 - val_accuracy: 0.4000 - lr: 5.0000e-04
Epoch 19/20
2/2 [==============================] - 2s 1s/step - loss: 3.1534 - accuracy: 0.4000 - val_loss: 3.1047 - val_accuracy: 0.6000 - lr: 5.0000e-04
Epoch 20/20
2/2 [==============================] - 2s 1s/step - loss: 3.0564 - accuracy: 0.3167 - val_loss: 3.0045 - val_accuracy: 0.6000 - lr: 5.0000e-04
1/1 [==============================] - 0s 107ms/step - loss: 3.2404 - accuracy: 0.1429
Found 60 images belonging to 6 classes.
Found 5 images belonging to 6 classes.
Found 7 images belonging to 6 classes.
Epoch 1/30
2/2 [==============================] - ETA: 0s - loss: 7.5482 - accuracy: 0.2167C:\Users\tom.zbc\PycharmProjects\fungis_bacterias_project\.venv\lib\site-packages\keras\src\engine\training.py:3000: UserWarning: You are saving your model as an HDF5 file via `model.save()`. This file format is considered legacy. We recommend using instead the native Keras format, e.g. `model.save('my_model.keras')`.
  saving_api.save_model(
2/2 [==============================] - 3s 1s/step - loss: 7.5482 - accuracy: 0.2167 - val_loss: 6.3755 - val_accuracy: 0.0000e+00 - lr: 5.0000e-04
Epoch 2/30
2/2 [==============================] - 2s 1s/step - loss: 6.1952 - accuracy: 0.1833 - val_loss: 5.4368 - val_accuracy: 0.0000e+00 - lr: 5.0000e-04
Epoch 3/30
2/2 [==============================] - 2s 1s/step - loss: 5.3051 - accuracy: 0.2333 - val_loss: 4.8892 - val_accuracy: 0.2000 - lr: 5.0000e-04
Epoch 4/30
2/2 [==============================] - 2s 1s/step - loss: 4.7969 - accuracy: 0.2000 - val_loss: 4.5042 - val_accuracy: 0.2000 - lr: 5.0000e-04
Epoch 5/30
2/2 [==============================] - 2s 1s/step - loss: 4.4622 - accuracy: 0.1667 - val_loss: 4.2751 - val_accuracy: 0.2000 - lr: 5.0000e-04
Epoch 6/30
2/2 [==============================] - 2s 1s/step - loss: 4.2601 - accuracy: 0.3000 - val_loss: 4.1172 - val_accuracy: 0.4000 - lr: 5.0000e-04
Epoch 7/30
2/2 [==============================] - 2s 1s/step - loss: 4.1829 - accuracy: 0.2500 - val_loss: 4.0120 - val_accuracy: 0.4000 - lr: 5.0000e-04
Epoch 8/30
2/2 [==============================] - 2s 1s/step - loss: 4.0696 - accuracy: 0.2167 - val_loss: 3.9123 - val_accuracy: 0.4000 - lr: 5.0000e-04
Epoch 9/30
2/2 [==============================] - 2s 1s/step - loss: 4.0069 - accuracy: 0.2000 - val_loss: 3.8133 - val_accuracy: 0.6000 - lr: 5.0000e-04
Epoch 10/30
2/2 [==============================] - 2s 1s/step - loss: 3.8830 - accuracy: 0.2500 - val_loss: 3.7383 - val_accuracy: 0.4000 - lr: 5.0000e-04
Epoch 11/30
2/2 [==============================] - 2s 1s/step - loss: 3.7712 - accuracy: 0.3167 - val_loss: 3.6594 - val_accuracy: 0.4000 - lr: 5.0000e-04
Epoch 12/30
2/2 [==============================] - 2s 1s/step - loss: 3.6723 - accuracy: 0.2333 - val_loss: 3.4890 - val_accuracy: 0.4000 - lr: 5.0000e-04
Epoch 13/30
2/2 [==============================] - 2s 1s/step - loss: 3.4856 - accuracy: 0.3000 - val_loss: 3.3081 - val_accuracy: 0.4000 - lr: 5.0000e-04
Epoch 14/30
2/2 [==============================] - 2s 1s/step - loss: 3.3827 - accuracy: 0.3500 - val_loss: 3.1517 - val_accuracy: 0.4000 - lr: 5.0000e-04
Epoch 15/30
2/2 [==============================] - 2s 1s/step - loss: 3.2924 - accuracy: 0.3167 - val_loss: 3.0802 - val_accuracy: 0.4000 - lr: 5.0000e-04
Epoch 16/30
2/2 [==============================] - 2s 1s/step - loss: 3.2824 - accuracy: 0.2667 - val_loss: 3.0258 - val_accuracy: 0.4000 - lr: 5.0000e-04
Epoch 17/30
2/2 [==============================] - 2s 1s/step - loss: 3.0903 - accuracy: 0.3000 - val_loss: 3.0181 - val_accuracy: 0.2000 - lr: 5.0000e-04
Epoch 18/30
2/2 [==============================] - 2s 1s/step - loss: 3.0772 - accuracy: 0.2500 - val_loss: 2.9844 - val_accuracy: 0.2000 - lr: 5.0000e-04
Epoch 19/30
2/2 [==============================] - 2s 1s/step - loss: 2.9546 - accuracy: 0.3167 - val_loss: 2.9428 - val_accuracy: 0.2000 - lr: 5.0000e-04
Epoch 20/30
2/2 [==============================] - 2s 1s/step - loss: 2.8725 - accuracy: 0.4000 - val_loss: 2.8449 - val_accuracy: 0.2000 - lr: 5.0000e-04
Epoch 21/30
2/2 [==============================] - 2s 1s/step - loss: 2.8111 - accuracy: 0.3500 - val_loss: 2.7266 - val_accuracy: 0.2000 - lr: 5.0000e-04
Epoch 22/30
2/2 [==============================] - 2s 1s/step - loss: 2.7634 - accuracy: 0.3500 - val_loss: 2.6888 - val_accuracy: 0.2000 - lr: 5.0000e-04
Epoch 23/30
2/2 [==============================] - 2s 1s/step - loss: 2.7660 - accuracy: 0.3833 - val_loss: 2.6777 - val_accuracy: 0.2000 - lr: 5.0000e-04
Epoch 24/30
2/2 [==============================] - 2s 1s/step - loss: 2.6437 - accuracy: 0.4833 - val_loss: 2.6126 - val_accuracy: 0.2000 - lr: 5.0000e-04
Epoch 25/30
2/2 [==============================] - 2s 1s/step - loss: 2.5527 - accuracy: 0.4000 - val_loss: 2.5662 - val_accuracy: 0.2000 - lr: 5.0000e-04
Epoch 26/30
2/2 [==============================] - 2s 1s/step - loss: 2.6769 - accuracy: 0.3000 - val_loss: 2.4729 - val_accuracy: 0.2000 - lr: 5.0000e-04
Epoch 27/30
2/2 [==============================] - 1s 705ms/step - loss: 2.6611 - accuracy: 0.3167 - val_loss: 2.4800 - val_accuracy: 0.4000 - lr: 5.0000e-04
Epoch 28/30
2/2 [==============================] - 2s 1s/step - loss: 2.6714 - accuracy: 0.3000 - val_loss: 2.4556 - val_accuracy: 0.2000 - lr: 5.0000e-04
Epoch 29/30
2/2 [==============================] - 2s 1s/step - loss: 2.4883 - accuracy: 0.4833 - val_loss: 2.4294 - val_accuracy: 0.4000 - lr: 5.0000e-04
Epoch 30/30
2/2 [==============================] - 2s 1s/step - loss: 2.5359 - accuracy: 0.4167 - val_loss: 2.3715 - val_accuracy: 0.4000 - lr: 5.0000e-04
1/1 [==============================] - 0s 102ms/step - loss: 2.4836 - accuracy: 0.4286
Found 60 images belonging to 6 classes.
Found 5 images belonging to 6 classes.
Found 7 images belonging to 6 classes.
Epoch 1/20
2/2 [==============================] - ETA: 0s - loss: 7.3489 - accuracy: 0.1167C:\Users\tom.zbc\PycharmProjects\fungis_bacterias_project\.venv\lib\site-packages\keras\src\engine\training.py:3000: UserWarning: You are saving your model as an HDF5 file via `model.save()`. This file format is considered legacy. We recommend using instead the native Keras format, e.g. `model.save('my_model.keras')`.
  saving_api.save_model(
2/2 [==============================] - 2s 975ms/step - loss: 7.3489 - accuracy: 0.1167 - val_loss: 7.2532 - val_accuracy: 0.2000 - lr: 1.0000e-04
Epoch 2/20
2/2 [==============================] - 1s 750ms/step - loss: 7.1650 - accuracy: 0.1667 - val_loss: 6.9765 - val_accuracy: 0.2000 - lr: 1.0000e-04
Epoch 3/20
2/2 [==============================] - 1s 792ms/step - loss: 7.0131 - accuracy: 0.2167 - val_loss: 6.7683 - val_accuracy: 0.2000 - lr: 1.0000e-04
Epoch 4/20
2/2 [==============================] - 1s 730ms/step - loss: 6.8513 - accuracy: 0.2000 - val_loss: 6.5687 - val_accuracy: 0.2000 - lr: 1.0000e-04
Epoch 5/20
2/2 [==============================] - 1s 797ms/step - loss: 6.6553 - accuracy: 0.2333 - val_loss: 6.4516 - val_accuracy: 0.2000 - lr: 1.0000e-04
Epoch 6/20
2/2 [==============================] - 1s 799ms/step - loss: 6.4822 - accuracy: 0.2667 - val_loss: 6.4296 - val_accuracy: 0.2000 - lr: 1.0000e-04
Epoch 7/20
2/2 [==============================] - 1s 737ms/step - loss: 6.4085 - accuracy: 0.2000 - val_loss: 6.3143 - val_accuracy: 0.2000 - lr: 1.0000e-04
Epoch 8/20
2/2 [==============================] - 1s 804ms/step - loss: 6.2513 - accuracy: 0.2500 - val_loss: 6.1309 - val_accuracy: 0.2000 - lr: 1.0000e-04
Epoch 9/20
2/2 [==============================] - 1s 746ms/step - loss: 6.0950 - accuracy: 0.1500 - val_loss: 5.9767 - val_accuracy: 0.2000 - lr: 1.0000e-04
Epoch 10/20
2/2 [==============================] - 1s 721ms/step - loss: 5.8479 - accuracy: 0.3667 - val_loss: 5.8246 - val_accuracy: 0.4000 - lr: 1.0000e-04
Epoch 11/20
2/2 [==============================] - 1s 728ms/step - loss: 5.8120 - accuracy: 0.3667 - val_loss: 5.6506 - val_accuracy: 0.4000 - lr: 1.0000e-04
Epoch 12/20
2/2 [==============================] - 1s 750ms/step - loss: 5.6213 - accuracy: 0.3667 - val_loss: 5.4909 - val_accuracy: 0.4000 - lr: 1.0000e-04
Epoch 13/20
2/2 [==============================] - 1s 816ms/step - loss: 5.5715 - accuracy: 0.3333 - val_loss: 5.3937 - val_accuracy: 0.4000 - lr: 1.0000e-04
Epoch 14/20
2/2 [==============================] - 1s 824ms/step - loss: 5.3966 - accuracy: 0.3500 - val_loss: 5.3051 - val_accuracy: 0.4000 - lr: 1.0000e-04
Epoch 15/20
2/2 [==============================] - 1s 740ms/step - loss: 5.3148 - accuracy: 0.3333 - val_loss: 5.1726 - val_accuracy: 0.6000 - lr: 1.0000e-04
Epoch 16/20
2/2 [==============================] - 1s 797ms/step - loss: 5.2135 - accuracy: 0.3833 - val_loss: 5.0513 - val_accuracy: 0.6000 - lr: 1.0000e-04
Epoch 17/20
2/2 [==============================] - 1s 808ms/step - loss: 5.1466 - accuracy: 0.4000 - val_loss: 4.9432 - val_accuracy: 0.6000 - lr: 1.0000e-04
Epoch 18/20
2/2 [==============================] - 1s 789ms/step - loss: 4.9413 - accuracy: 0.4000 - val_loss: 4.8644 - val_accuracy: 0.4000 - lr: 1.0000e-04
Epoch 19/20
2/2 [==============================] - 1s 787ms/step - loss: 4.8778 - accuracy: 0.4000 - val_loss: 4.8429 - val_accuracy: 0.2000 - lr: 1.0000e-04
Epoch 20/20
2/2 [==============================] - 1s 443ms/step - loss: 4.7477 - accuracy: 0.4667 - val_loss: 4.8639 - val_accuracy: 0.2000 - lr: 1.0000e-04
1/1 [==============================] - 0s 90ms/step - loss: 4.9072 - accuracy: 0.1429
Found 60 images belonging to 6 classes.
Found 5 images belonging to 6 classes.
Found 7 images belonging to 6 classes.
Epoch 1/30
2/2 [==============================] - ETA: 0s - loss: 7.3469 - accuracy: 0.2333C:\Users\tom.zbc\PycharmProjects\fungis_bacterias_project\.venv\lib\site-packages\keras\src\engine\training.py:3000: UserWarning: You are saving your model as an HDF5 file via `model.save()`. This file format is considered legacy. We recommend using instead the native Keras format, e.g. `model.save('my_model.keras')`.
  saving_api.save_model(
2/2 [==============================] - 2s 949ms/step - loss: 7.3469 - accuracy: 0.2333 - val_loss: 7.1262 - val_accuracy: 0.2000 - lr: 1.0000e-04
Epoch 2/30
2/2 [==============================] - 1s 809ms/step - loss: 7.1265 - accuracy: 0.2333 - val_loss: 7.0623 - val_accuracy: 0.2000 - lr: 1.0000e-04
Epoch 3/30
2/2 [==============================] - 1s 723ms/step - loss: 7.0703 - accuracy: 0.1167 - val_loss: 6.8349 - val_accuracy: 0.2000 - lr: 1.0000e-04
Epoch 4/30
2/2 [==============================] - 1s 726ms/step - loss: 6.7977 - accuracy: 0.2000 - val_loss: 6.6119 - val_accuracy: 0.4000 - lr: 1.0000e-04
Epoch 5/30
2/2 [==============================] - 1s 731ms/step - loss: 6.6513 - accuracy: 0.2833 - val_loss: 6.3935 - val_accuracy: 0.4000 - lr: 1.0000e-04
Epoch 6/30
2/2 [==============================] - 1s 709ms/step - loss: 6.4843 - accuracy: 0.2167 - val_loss: 6.2131 - val_accuracy: 0.6000 - lr: 1.0000e-04
Epoch 7/30
2/2 [==============================] - 1s 771ms/step - loss: 6.3063 - accuracy: 0.2833 - val_loss: 6.0538 - val_accuracy: 0.4000 - lr: 1.0000e-04
Epoch 8/30
2/2 [==============================] - 1s 743ms/step - loss: 6.1850 - accuracy: 0.2500 - val_loss: 5.9003 - val_accuracy: 0.4000 - lr: 1.0000e-04
Epoch 9/30
2/2 [==============================] - 1s 718ms/step - loss: 6.1367 - accuracy: 0.2167 - val_loss: 5.7881 - val_accuracy: 0.4000 - lr: 1.0000e-04
Epoch 10/30
2/2 [==============================] - 1s 758ms/step - loss: 5.9048 - accuracy: 0.3333 - val_loss: 5.6727 - val_accuracy: 0.4000 - lr: 1.0000e-04
Epoch 11/30
2/2 [==============================] - 1s 780ms/step - loss: 5.6965 - accuracy: 0.4167 - val_loss: 5.5474 - val_accuracy: 0.4000 - lr: 1.0000e-04
Epoch 12/30
2/2 [==============================] - 1s 735ms/step - loss: 5.5698 - accuracy: 0.2833 - val_loss: 5.4248 - val_accuracy: 0.4000 - lr: 1.0000e-04
Epoch 13/30
2/2 [==============================] - 1s 732ms/step - loss: 5.4505 - accuracy: 0.3667 - val_loss: 5.3025 - val_accuracy: 0.4000 - lr: 1.0000e-04
Epoch 14/30
2/2 [==============================] - 1s 692ms/step - loss: 5.4243 - accuracy: 0.2667 - val_loss: 5.1510 - val_accuracy: 0.4000 - lr: 1.0000e-04
Epoch 15/30
2/2 [==============================] - 1s 727ms/step - loss: 5.2457 - accuracy: 0.3667 - val_loss: 5.0100 - val_accuracy: 0.4000 - lr: 1.0000e-04
Epoch 16/30
2/2 [==============================] - 1s 743ms/step - loss: 5.1007 - accuracy: 0.3500 - val_loss: 4.8690 - val_accuracy: 0.6000 - lr: 1.0000e-04
Epoch 17/30
2/2 [==============================] - 1s 710ms/step - loss: 5.0498 - accuracy: 0.3500 - val_loss: 4.7664 - val_accuracy: 0.6000 - lr: 1.0000e-04
Epoch 18/30
2/2 [==============================] - 1s 716ms/step - loss: 4.9012 - accuracy: 0.3000 - val_loss: 4.6961 - val_accuracy: 0.4000 - lr: 1.0000e-04
Epoch 19/30
2/2 [==============================] - 1s 774ms/step - loss: 4.9291 - accuracy: 0.2500 - val_loss: 4.6531 - val_accuracy: 0.4000 - lr: 1.0000e-04
Epoch 20/30
2/2 [==============================] - 1s 705ms/step - loss: 4.8118 - accuracy: 0.2833 - val_loss: 4.5842 - val_accuracy: 0.4000 - lr: 1.0000e-04
Epoch 21/30
2/2 [==============================] - 1s 697ms/step - loss: 4.6810 - accuracy: 0.3333 - val_loss: 4.4966 - val_accuracy: 0.4000 - lr: 1.0000e-04
Epoch 22/30
2/2 [==============================] - 1s 774ms/step - loss: 4.4917 - accuracy: 0.3667 - val_loss: 4.3983 - val_accuracy: 0.4000 - lr: 1.0000e-04
Epoch 23/30
2/2 [==============================] - 1s 777ms/step - loss: 4.4649 - accuracy: 0.4000 - val_loss: 4.3275 - val_accuracy: 0.4000 - lr: 1.0000e-04
Epoch 24/30
2/2 [==============================] - 1s 693ms/step - loss: 4.4669 - accuracy: 0.4167 - val_loss: 4.2079 - val_accuracy: 0.6000 - lr: 1.0000e-04
Epoch 25/30
2/2 [==============================] - 1s 725ms/step - loss: 4.2624 - accuracy: 0.4667 - val_loss: 4.0716 - val_accuracy: 0.6000 - lr: 1.0000e-04
Epoch 26/30
2/2 [==============================] - 1s 714ms/step - loss: 4.2035 - accuracy: 0.4333 - val_loss: 3.9402 - val_accuracy: 0.6000 - lr: 1.0000e-04
Epoch 27/30
2/2 [==============================] - 1s 728ms/step - loss: 4.1201 - accuracy: 0.3833 - val_loss: 3.8223 - val_accuracy: 0.6000 - lr: 1.0000e-04
Epoch 28/30
2/2 [==============================] - 1s 786ms/step - loss: 4.2831 - accuracy: 0.2667 - val_loss: 3.7391 - val_accuracy: 0.6000 - lr: 1.0000e-04
Epoch 29/30
2/2 [==============================] - 1s 732ms/step - loss: 4.0474 - accuracy: 0.4333 - val_loss: 3.7012 - val_accuracy: 0.6000 - lr: 1.0000e-04
Epoch 30/30
2/2 [==============================] - 1s 708ms/step - loss: 4.0568 - accuracy: 0.3167 - val_loss: 3.6963 - val_accuracy: 0.6000 - lr: 1.0000e-04
1/1 [==============================] - 0s 87ms/step - loss: 3.9922 - accuracy: 0.2857
Found 60 images belonging to 6 classes.
Found 5 images belonging to 6 classes.
Found 7 images belonging to 6 classes.
Epoch 1/20
2/2 [==============================] - ETA: 0s - loss: 7.4176 - accuracy: 0.1667C:\Users\tom.zbc\PycharmProjects\fungis_bacterias_project\.venv\lib\site-packages\keras\src\engine\training.py:3000: UserWarning: You are saving your model as an HDF5 file via `model.save()`. This file format is considered legacy. We recommend using instead the native Keras format, e.g. `model.save('my_model.keras')`.
  saving_api.save_model(
2/2 [==============================] - 2s 912ms/step - loss: 7.4176 - accuracy: 0.1667 - val_loss: 7.1865 - val_accuracy: 0.2000 - lr: 1.0000e-04
Epoch 2/20
2/2 [==============================] - 1s 732ms/step - loss: 7.1825 - accuracy: 0.2167 - val_loss: 6.8662 - val_accuracy: 0.4000 - lr: 1.0000e-04
Epoch 3/20
2/2 [==============================] - 1s 720ms/step - loss: 7.0032 - accuracy: 0.2333 - val_loss: 6.7423 - val_accuracy: 0.4000 - lr: 1.0000e-04
Epoch 4/20
2/2 [==============================] - 1s 797ms/step - loss: 6.9189 - accuracy: 0.1667 - val_loss: 6.6606 - val_accuracy: 0.2000 - lr: 1.0000e-04
Epoch 5/20
2/2 [==============================] - 1s 735ms/step - loss: 6.6988 - accuracy: 0.2667 - val_loss: 6.5778 - val_accuracy: 0.2000 - lr: 1.0000e-04
Epoch 6/20
2/2 [==============================] - 1s 800ms/step - loss: 6.6531 - accuracy: 0.1667 - val_loss: 6.5555 - val_accuracy: 0.2000 - lr: 1.0000e-04
Epoch 7/20
2/2 [==============================] - 1s 822ms/step - loss: 6.4165 - accuracy: 0.2333 - val_loss: 6.4586 - val_accuracy: 0.2000 - lr: 1.0000e-04
Epoch 8/20
2/2 [==============================] - 1s 720ms/step - loss: 6.2331 - accuracy: 0.2833 - val_loss: 6.2755 - val_accuracy: 0.4000 - lr: 1.0000e-04
Epoch 9/20
2/2 [==============================] - 1s 799ms/step - loss: 6.0775 - accuracy: 0.3167 - val_loss: 6.0881 - val_accuracy: 0.4000 - lr: 1.0000e-04
Epoch 10/20
2/2 [==============================] - 1s 780ms/step - loss: 5.9472 - accuracy: 0.3667 - val_loss: 5.8717 - val_accuracy: 0.4000 - lr: 1.0000e-04
Epoch 11/20
2/2 [==============================] - 1s 786ms/step - loss: 5.8225 - accuracy: 0.3333 - val_loss: 5.6924 - val_accuracy: 0.4000 - lr: 1.0000e-04
Epoch 12/20
2/2 [==============================] - 1s 711ms/step - loss: 5.7187 - accuracy: 0.3000 - val_loss: 5.5074 - val_accuracy: 0.4000 - lr: 1.0000e-04
Epoch 13/20
2/2 [==============================] - 1s 739ms/step - loss: 5.4976 - accuracy: 0.3333 - val_loss: 5.3331 - val_accuracy: 0.4000 - lr: 1.0000e-04
Epoch 14/20
2/2 [==============================] - 1s 826ms/step - loss: 5.4024 - accuracy: 0.3833 - val_loss: 5.1634 - val_accuracy: 0.4000 - lr: 1.0000e-04
Epoch 15/20
2/2 [==============================] - 1s 746ms/step - loss: 5.4087 - accuracy: 0.2833 - val_loss: 5.0219 - val_accuracy: 0.4000 - lr: 1.0000e-04
Epoch 16/20
2/2 [==============================] - 1s 797ms/step - loss: 5.3055 - accuracy: 0.2833 - val_loss: 4.9129 - val_accuracy: 0.6000 - lr: 1.0000e-04
Epoch 17/20
2/2 [==============================] - 1s 789ms/step - loss: 5.1515 - accuracy: 0.4000 - val_loss: 4.8140 - val_accuracy: 0.6000 - lr: 1.0000e-04
Epoch 18/20
2/2 [==============================] - 1s 717ms/step - loss: 5.0847 - accuracy: 0.3167 - val_loss: 4.7430 - val_accuracy: 0.6000 - lr: 1.0000e-04
Epoch 19/20
2/2 [==============================] - 1s 724ms/step - loss: 4.9231 - accuracy: 0.3333 - val_loss: 4.6937 - val_accuracy: 0.4000 - lr: 1.0000e-04
Epoch 20/20
2/2 [==============================] - 1s 698ms/step - loss: 4.9286 - accuracy: 0.3167 - val_loss: 4.6446 - val_accuracy: 0.4000 - lr: 1.0000e-04
1/1 [==============================] - 0s 90ms/step - loss: 4.8389 - accuracy: 0.2857
Found 60 images belonging to 6 classes.
Found 5 images belonging to 6 classes.
Found 7 images belonging to 6 classes.
Epoch 1/30
2/2 [==============================] - ETA: 0s - loss: 7.3849 - accuracy: 0.0833C:\Users\tom.zbc\PycharmProjects\fungis_bacterias_project\.venv\lib\site-packages\keras\src\engine\training.py:3000: UserWarning: You are saving your model as an HDF5 file via `model.save()`. This file format is considered legacy. We recommend using instead the native Keras format, e.g. `model.save('my_model.keras')`.
  saving_api.save_model(
2/2 [==============================] - 2s 866ms/step - loss: 7.3849 - accuracy: 0.0833 - val_loss: 7.1162 - val_accuracy: 0.2000 - lr: 1.0000e-04
Epoch 2/30
2/2 [==============================] - 1s 716ms/step - loss: 7.1533 - accuracy: 0.1833 - val_loss: 6.9440 - val_accuracy: 0.4000 - lr: 1.0000e-04
Epoch 3/30
2/2 [==============================] - 1s 791ms/step - loss: 6.9339 - accuracy: 0.2000 - val_loss: 6.7887 - val_accuracy: 0.4000 - lr: 1.0000e-04
Epoch 4/30
2/2 [==============================] - 1s 760ms/step - loss: 6.7487 - accuracy: 0.2333 - val_loss: 6.6665 - val_accuracy: 0.2000 - lr: 1.0000e-04
Epoch 5/30
2/2 [==============================] - 1s 744ms/step - loss: 6.6502 - accuracy: 0.2500 - val_loss: 6.5432 - val_accuracy: 0.2000 - lr: 1.0000e-04
Epoch 6/30
2/2 [==============================] - 1s 708ms/step - loss: 6.4862 - accuracy: 0.2500 - val_loss: 6.3710 - val_accuracy: 0.2000 - lr: 1.0000e-04
Epoch 7/30
2/2 [==============================] - 1s 728ms/step - loss: 6.2482 - accuracy: 0.3000 - val_loss: 6.1707 - val_accuracy: 0.4000 - lr: 1.0000e-04
Epoch 8/30
2/2 [==============================] - 1s 781ms/step - loss: 6.0418 - accuracy: 0.3333 - val_loss: 5.9768 - val_accuracy: 0.4000 - lr: 1.0000e-04
Epoch 9/30
2/2 [==============================] - 1s 690ms/step - loss: 5.9325 - accuracy: 0.3167 - val_loss: 5.8159 - val_accuracy: 0.6000 - lr: 1.0000e-04
Epoch 10/30
2/2 [==============================] - 1s 756ms/step - loss: 5.9015 - accuracy: 0.2000 - val_loss: 5.6767 - val_accuracy: 0.6000 - lr: 1.0000e-04
Epoch 11/30
2/2 [==============================] - 1s 799ms/step - loss: 5.7345 - accuracy: 0.2667 - val_loss: 5.5159 - val_accuracy: 0.4000 - lr: 1.0000e-04
Epoch 12/30
2/2 [==============================] - 1s 784ms/step - loss: 5.5276 - accuracy: 0.2833 - val_loss: 5.3393 - val_accuracy: 0.4000 - lr: 1.0000e-04
Epoch 13/30
2/2 [==============================] - 1s 737ms/step - loss: 5.4252 - accuracy: 0.3333 - val_loss: 5.1787 - val_accuracy: 0.4000 - lr: 1.0000e-04
Epoch 14/30
2/2 [==============================] - 1s 738ms/step - loss: 5.3028 - accuracy: 0.3500 - val_loss: 5.0502 - val_accuracy: 0.4000 - lr: 1.0000e-04
Epoch 15/30
2/2 [==============================] - 1s 779ms/step - loss: 5.1864 - accuracy: 0.3667 - val_loss: 4.9347 - val_accuracy: 0.4000 - lr: 1.0000e-04
Epoch 16/30
2/2 [==============================] - 1s 720ms/step - loss: 5.1019 - accuracy: 0.2833 - val_loss: 4.8426 - val_accuracy: 0.4000 - lr: 1.0000e-04
Epoch 17/30
2/2 [==============================] - 1s 791ms/step - loss: 5.0279 - accuracy: 0.3000 - val_loss: 4.7614 - val_accuracy: 0.4000 - lr: 1.0000e-04
Epoch 18/30
2/2 [==============================] - 1s 747ms/step - loss: 4.9010 - accuracy: 0.3000 - val_loss: 4.6920 - val_accuracy: 0.4000 - lr: 1.0000e-04
Epoch 19/30
2/2 [==============================] - 1s 816ms/step - loss: 4.8217 - accuracy: 0.3167 - val_loss: 4.6264 - val_accuracy: 0.4000 - lr: 1.0000e-04
Epoch 20/30
2/2 [==============================] - 1s 729ms/step - loss: 4.6971 - accuracy: 0.3333 - val_loss: 4.5436 - val_accuracy: 0.2000 - lr: 1.0000e-04
Epoch 21/30
2/2 [==============================] - 1s 734ms/step - loss: 4.5597 - accuracy: 0.3833 - val_loss: 4.4844 - val_accuracy: 0.2000 - lr: 1.0000e-04
Epoch 22/30
2/2 [==============================] - 1s 714ms/step - loss: 4.6200 - accuracy: 0.3333 - val_loss: 4.4286 - val_accuracy: 0.4000 - lr: 1.0000e-04
Epoch 23/30
2/2 [==============================] - 1s 722ms/step - loss: 4.4348 - accuracy: 0.3833 - val_loss: 4.3485 - val_accuracy: 0.4000 - lr: 1.0000e-04
Epoch 24/30
2/2 [==============================] - 1s 758ms/step - loss: 4.3330 - accuracy: 0.4333 - val_loss: 4.2515 - val_accuracy: 0.4000 - lr: 1.0000e-04
Epoch 25/30
2/2 [==============================] - 1s 797ms/step - loss: 4.3988 - accuracy: 0.3333 - val_loss: 4.1656 - val_accuracy: 0.4000 - lr: 1.0000e-04
Epoch 26/30
2/2 [==============================] - 1s 782ms/step - loss: 4.3071 - accuracy: 0.2667 - val_loss: 4.0936 - val_accuracy: 0.4000 - lr: 1.0000e-04
Epoch 27/30
2/2 [==============================] - 1s 722ms/step - loss: 4.1446 - accuracy: 0.3667 - val_loss: 4.0255 - val_accuracy: 0.4000 - lr: 1.0000e-04
Epoch 28/30
2/2 [==============================] - 1s 851ms/step - loss: 4.1212 - accuracy: 0.3333 - val_loss: 3.9667 - val_accuracy: 0.4000 - lr: 1.0000e-04
Epoch 29/30
2/2 [==============================] - 1s 740ms/step - loss: 4.0235 - accuracy: 0.4000 - val_loss: 3.9148 - val_accuracy: 0.4000 - lr: 1.0000e-04
Epoch 30/30
2/2 [==============================] - 1s 792ms/step - loss: 3.9082 - accuracy: 0.4167 - val_loss: 3.8246 - val_accuracy: 0.2000 - lr: 1.0000e-04
1/1 [==============================] - 0s 93ms/step - loss: 3.9481 - accuracy: 0.2857
Found 60 images belonging to 6 classes.
Found 5 images belonging to 6 classes.
Found 7 images belonging to 6 classes.
Epoch 1/20
2/2 [==============================] - ETA: 0s - loss: 7.3551 - accuracy: 0.1167C:\Users\tom.zbc\PycharmProjects\fungis_bacterias_project\.venv\lib\site-packages\keras\src\engine\training.py:3000: UserWarning: You are saving your model as an HDF5 file via `model.save()`. This file format is considered legacy. We recommend using instead the native Keras format, e.g. `model.save('my_model.keras')`.
  saving_api.save_model(
2/2 [==============================] - 2s 912ms/step - loss: 7.3551 - accuracy: 0.1167 - val_loss: 7.2183 - val_accuracy: 0.2000 - lr: 1.0000e-04
Epoch 2/20
2/2 [==============================] - 1s 777ms/step - loss: 7.1417 - accuracy: 0.1667 - val_loss: 6.9419 - val_accuracy: 0.2000 - lr: 1.0000e-04
Epoch 3/20
2/2 [==============================] - 1s 754ms/step - loss: 6.9484 - accuracy: 0.1833 - val_loss: 6.6885 - val_accuracy: 0.2000 - lr: 1.0000e-04
Epoch 4/20
2/2 [==============================] - 1s 812ms/step - loss: 6.7035 - accuracy: 0.2000 - val_loss: 6.4543 - val_accuracy: 0.4000 - lr: 1.0000e-04
Epoch 5/20
2/2 [==============================] - 1s 850ms/step - loss: 6.5385 - accuracy: 0.1833 - val_loss: 6.2433 - val_accuracy: 0.4000 - lr: 1.0000e-04
Epoch 6/20
2/2 [==============================] - 1s 829ms/step - loss: 6.3821 - accuracy: 0.2167 - val_loss: 6.0422 - val_accuracy: 0.4000 - lr: 1.0000e-04
Epoch 7/20
2/2 [==============================] - 1s 832ms/step - loss: 6.2092 - accuracy: 0.2333 - val_loss: 5.8718 - val_accuracy: 0.6000 - lr: 1.0000e-04
Epoch 8/20
2/2 [==============================] - 1s 770ms/step - loss: 6.0149 - accuracy: 0.2833 - val_loss: 5.7132 - val_accuracy: 0.6000 - lr: 1.0000e-04
Epoch 9/20
2/2 [==============================] - 1s 734ms/step - loss: 5.8955 - accuracy: 0.2000 - val_loss: 5.5716 - val_accuracy: 0.6000 - lr: 1.0000e-04
Epoch 10/20
2/2 [==============================] - 1s 848ms/step - loss: 5.6818 - accuracy: 0.3167 - val_loss: 5.4339 - val_accuracy: 0.6000 - lr: 1.0000e-04
Epoch 11/20
2/2 [==============================] - 1s 822ms/step - loss: 5.6258 - accuracy: 0.2667 - val_loss: 5.3079 - val_accuracy: 0.4000 - lr: 1.0000e-04
Epoch 12/20
2/2 [==============================] - 1s 809ms/step - loss: 5.4195 - accuracy: 0.3167 - val_loss: 5.1900 - val_accuracy: 0.4000 - lr: 1.0000e-04
Epoch 13/20
2/2 [==============================] - 1s 812ms/step - loss: 5.2137 - accuracy: 0.4000 - val_loss: 5.0611 - val_accuracy: 0.4000 - lr: 1.0000e-04
Epoch 14/20
2/2 [==============================] - 1s 713ms/step - loss: 5.1627 - accuracy: 0.2667 - val_loss: 4.9338 - val_accuracy: 0.4000 - lr: 1.0000e-04
Epoch 15/20
2/2 [==============================] - 1s 727ms/step - loss: 5.0070 - accuracy: 0.2333 - val_loss: 4.8092 - val_accuracy: 0.4000 - lr: 1.0000e-04
Epoch 16/20
2/2 [==============================] - 1s 716ms/step - loss: 4.8611 - accuracy: 0.3667 - val_loss: 4.7055 - val_accuracy: 0.4000 - lr: 1.0000e-04
Epoch 17/20
2/2 [==============================] - 1s 801ms/step - loss: 4.7971 - accuracy: 0.2833 - val_loss: 4.6132 - val_accuracy: 0.4000 - lr: 1.0000e-04
Epoch 18/20
2/2 [==============================] - 1s 819ms/step - loss: 4.6047 - accuracy: 0.4000 - val_loss: 4.5246 - val_accuracy: 0.4000 - lr: 1.0000e-04
Epoch 19/20
2/2 [==============================] - 1s 713ms/step - loss: 4.5662 - accuracy: 0.3667 - val_loss: 4.4233 - val_accuracy: 0.4000 - lr: 1.0000e-04
Epoch 20/20
2/2 [==============================] - 1s 832ms/step - loss: 4.4698 - accuracy: 0.3833 - val_loss: 4.3445 - val_accuracy: 0.2000 - lr: 1.0000e-04
1/1 [==============================] - 0s 95ms/step - loss: 4.3979 - accuracy: 0.2857
Found 60 images belonging to 6 classes.
Found 5 images belonging to 6 classes.
Found 7 images belonging to 6 classes.
Epoch 1/30
2/2 [==============================] - ETA: 0s - loss: 7.3225 - accuracy: 0.2000C:\Users\tom.zbc\PycharmProjects\fungis_bacterias_project\.venv\lib\site-packages\keras\src\engine\training.py:3000: UserWarning: You are saving your model as an HDF5 file via `model.save()`. This file format is considered legacy. We recommend using instead the native Keras format, e.g. `model.save('my_model.keras')`.
  saving_api.save_model(
2/2 [==============================] - 2s 856ms/step - loss: 7.3225 - accuracy: 0.2000 - val_loss: 7.1655 - val_accuracy: 0.2000 - lr: 1.0000e-04
Epoch 2/30
2/2 [==============================] - 1s 828ms/step - loss: 7.1458 - accuracy: 0.0833 - val_loss: 7.0067 - val_accuracy: 0.2000 - lr: 1.0000e-04
Epoch 3/30
2/2 [==============================] - 1s 736ms/step - loss: 6.8618 - accuracy: 0.2167 - val_loss: 6.8113 - val_accuracy: 0.2000 - lr: 1.0000e-04
Epoch 4/30
2/2 [==============================] - 1s 805ms/step - loss: 6.7052 - accuracy: 0.2000 - val_loss: 6.5833 - val_accuracy: 0.2000 - lr: 1.0000e-04
Epoch 5/30
2/2 [==============================] - 1s 821ms/step - loss: 6.4962 - accuracy: 0.1667 - val_loss: 6.3669 - val_accuracy: 0.2000 - lr: 1.0000e-04
Epoch 6/30
2/2 [==============================] - 1s 756ms/step - loss: 6.3195 - accuracy: 0.1667 - val_loss: 6.1635 - val_accuracy: 0.2000 - lr: 1.0000e-04
Epoch 7/30
2/2 [==============================] - 1s 782ms/step - loss: 6.0850 - accuracy: 0.3167 - val_loss: 5.9892 - val_accuracy: 0.2000 - lr: 1.0000e-04
Epoch 8/30
2/2 [==============================] - 1s 756ms/step - loss: 5.9705 - accuracy: 0.2667 - val_loss: 5.8279 - val_accuracy: 0.2000 - lr: 1.0000e-04
Epoch 9/30
2/2 [==============================] - 1s 779ms/step - loss: 5.7584 - accuracy: 0.3167 - val_loss: 5.6651 - val_accuracy: 0.2000 - lr: 1.0000e-04
Epoch 10/30
2/2 [==============================] - 1s 731ms/step - loss: 5.6426 - accuracy: 0.2000 - val_loss: 5.5029 - val_accuracy: 0.2000 - lr: 1.0000e-04
Epoch 11/30
2/2 [==============================] - 1s 744ms/step - loss: 5.4843 - accuracy: 0.3000 - val_loss: 5.3204 - val_accuracy: 0.2000 - lr: 1.0000e-04
Epoch 12/30
2/2 [==============================] - 1s 779ms/step - loss: 5.2918 - accuracy: 0.2667 - val_loss: 5.1398 - val_accuracy: 0.2000 - lr: 1.0000e-04
Epoch 13/30
2/2 [==============================] - 1s 730ms/step - loss: 5.2297 - accuracy: 0.2667 - val_loss: 4.9855 - val_accuracy: 0.6000 - lr: 1.0000e-04
Epoch 14/30
2/2 [==============================] - 1s 741ms/step - loss: 5.1150 - accuracy: 0.3167 - val_loss: 4.8491 - val_accuracy: 0.4000 - lr: 1.0000e-04
Epoch 15/30
2/2 [==============================] - 1s 801ms/step - loss: 4.8353 - accuracy: 0.4000 - val_loss: 4.7336 - val_accuracy: 0.2000 - lr: 1.0000e-04
Epoch 16/30
2/2 [==============================] - 1s 796ms/step - loss: 4.7235 - accuracy: 0.4167 - val_loss: 4.6495 - val_accuracy: 0.2000 - lr: 1.0000e-04
Epoch 17/30
2/2 [==============================] - 1s 711ms/step - loss: 4.6990 - accuracy: 0.3167 - val_loss: 4.5777 - val_accuracy: 0.2000 - lr: 1.0000e-04
Epoch 18/30
2/2 [==============================] - 1s 784ms/step - loss: 4.5458 - accuracy: 0.4167 - val_loss: 4.5191 - val_accuracy: 0.2000 - lr: 1.0000e-04
Epoch 19/30
2/2 [==============================] - 1s 791ms/step - loss: 4.5392 - accuracy: 0.2500 - val_loss: 4.4355 - val_accuracy: 0.2000 - lr: 1.0000e-04
Epoch 20/30
2/2 [==============================] - 1s 821ms/step - loss: 4.4828 - accuracy: 0.2167 - val_loss: 4.3439 - val_accuracy: 0.2000 - lr: 1.0000e-04
Epoch 21/30
2/2 [==============================] - 1s 846ms/step - loss: 4.3105 - accuracy: 0.3667 - val_loss: 4.2412 - val_accuracy: 0.2000 - lr: 1.0000e-04
Epoch 22/30
2/2 [==============================] - 1s 729ms/step - loss: 4.2713 - accuracy: 0.3167 - val_loss: 4.1269 - val_accuracy: 0.4000 - lr: 1.0000e-04
Epoch 23/30
2/2 [==============================] - 1s 807ms/step - loss: 4.0783 - accuracy: 0.3500 - val_loss: 4.0303 - val_accuracy: 0.4000 - lr: 1.0000e-04
Epoch 24/30
2/2 [==============================] - 1s 802ms/step - loss: 4.0236 - accuracy: 0.4167 - val_loss: 3.9393 - val_accuracy: 0.4000 - lr: 1.0000e-04
Epoch 25/30
2/2 [==============================] - 1s 796ms/step - loss: 3.8963 - accuracy: 0.3833 - val_loss: 3.8368 - val_accuracy: 0.4000 - lr: 1.0000e-04
Epoch 26/30
2/2 [==============================] - 1s 837ms/step - loss: 3.8847 - accuracy: 0.3833 - val_loss: 3.7156 - val_accuracy: 0.4000 - lr: 1.0000e-04
Epoch 27/30
2/2 [==============================] - 1s 809ms/step - loss: 3.8612 - accuracy: 0.3667 - val_loss: 3.6255 - val_accuracy: 0.4000 - lr: 1.0000e-04
Epoch 28/30
2/2 [==============================] - 1s 791ms/step - loss: 3.7303 - accuracy: 0.3000 - val_loss: 3.5127 - val_accuracy: 0.4000 - lr: 1.0000e-04
Epoch 29/30
2/2 [==============================] - 1s 853ms/step - loss: 3.7223 - accuracy: 0.3667 - val_loss: 3.4013 - val_accuracy: 0.6000 - lr: 1.0000e-04
Epoch 30/30
2/2 [==============================] - 1s 718ms/step - loss: 3.6916 - accuracy: 0.3667 - val_loss: 3.3277 - val_accuracy: 0.6000 - lr: 1.0000e-04
1/1 [==============================] - 0s 91ms/step - loss: 3.4810 - accuracy: 0.4286
Found 60 images belonging to 6 classes.
Found 5 images belonging to 6 classes.
Found 7 images belonging to 6 classes.
Epoch 1/20
2/2 [==============================] - ETA: 0s - loss: 7.3327 - accuracy: 0.1500C:\Users\tom.zbc\PycharmProjects\fungis_bacterias_project\.venv\lib\site-packages\keras\src\engine\training.py:3000: UserWarning: You are saving your model as an HDF5 file via `model.save()`. This file format is considered legacy. We recommend using instead the native Keras format, e.g. `model.save('my_model.keras')`.
  saving_api.save_model(
2/2 [==============================] - 2s 949ms/step - loss: 7.3327 - accuracy: 0.1500 - val_loss: 7.1730 - val_accuracy: 0.0000e+00 - lr: 1.0000e-04
Epoch 2/20
2/2 [==============================] - 1s 695ms/step - loss: 7.1653 - accuracy: 0.1667 - val_loss: 7.0344 - val_accuracy: 0.0000e+00 - lr: 1.0000e-04
Epoch 3/20
2/2 [==============================] - 1s 809ms/step - loss: 6.9925 - accuracy: 0.1833 - val_loss: 6.8748 - val_accuracy: 0.0000e+00 - lr: 1.0000e-04
Epoch 4/20
2/2 [==============================] - 1s 797ms/step - loss: 6.7609 - accuracy: 0.2333 - val_loss: 6.7134 - val_accuracy: 0.2000 - lr: 1.0000e-04
Epoch 5/20
2/2 [==============================] - 1s 731ms/step - loss: 6.6549 - accuracy: 0.1833 - val_loss: 6.5389 - val_accuracy: 0.2000 - lr: 1.0000e-04
Epoch 6/20
2/2 [==============================] - 1s 824ms/step - loss: 6.4946 - accuracy: 0.3000 - val_loss: 6.3456 - val_accuracy: 0.2000 - lr: 1.0000e-04
Epoch 7/20
2/2 [==============================] - 1s 796ms/step - loss: 6.2205 - accuracy: 0.3833 - val_loss: 6.1478 - val_accuracy: 0.2000 - lr: 1.0000e-04
Epoch 8/20
2/2 [==============================] - 1s 793ms/step - loss: 6.1691 - accuracy: 0.1500 - val_loss: 5.9666 - val_accuracy: 0.2000 - lr: 1.0000e-04
Epoch 9/20
2/2 [==============================] - 1s 810ms/step - loss: 5.9600 - accuracy: 0.3333 - val_loss: 5.7956 - val_accuracy: 0.2000 - lr: 1.0000e-04
Epoch 10/20
2/2 [==============================] - 1s 791ms/step - loss: 5.8567 - accuracy: 0.2000 - val_loss: 5.6434 - val_accuracy: 0.2000 - lr: 1.0000e-04
Epoch 11/20
2/2 [==============================] - 1s 725ms/step - loss: 5.7345 - accuracy: 0.2833 - val_loss: 5.5014 - val_accuracy: 0.4000 - lr: 1.0000e-04
Epoch 12/20
2/2 [==============================] - 1s 836ms/step - loss: 5.5743 - accuracy: 0.2500 - val_loss: 5.3848 - val_accuracy: 0.4000 - lr: 1.0000e-04
Epoch 13/20
2/2 [==============================] - 1s 716ms/step - loss: 5.4992 - accuracy: 0.3167 - val_loss: 5.2828 - val_accuracy: 0.2000 - lr: 1.0000e-04
Epoch 14/20
2/2 [==============================] - 1s 793ms/step - loss: 5.2992 - accuracy: 0.3667 - val_loss: 5.1937 - val_accuracy: 0.2000 - lr: 1.0000e-04
Epoch 15/20
2/2 [==============================] - 1s 848ms/step - loss: 5.2107 - accuracy: 0.2833 - val_loss: 5.0892 - val_accuracy: 0.4000 - lr: 1.0000e-04
Epoch 16/20
2/2 [==============================] - 1s 766ms/step - loss: 5.0872 - accuracy: 0.3167 - val_loss: 4.9899 - val_accuracy: 0.4000 - lr: 1.0000e-04
Epoch 17/20
2/2 [==============================] - 1s 809ms/step - loss: 4.8858 - accuracy: 0.3667 - val_loss: 4.8876 - val_accuracy: 0.2000 - lr: 1.0000e-04
Epoch 18/20
2/2 [==============================] - 1s 793ms/step - loss: 4.9286 - accuracy: 0.2833 - val_loss: 4.7850 - val_accuracy: 0.2000 - lr: 1.0000e-04
Epoch 19/20
2/2 [==============================] - 1s 733ms/step - loss: 4.8751 - accuracy: 0.3000 - val_loss: 4.6867 - val_accuracy: 0.2000 - lr: 1.0000e-04
Epoch 20/20
2/2 [==============================] - 1s 822ms/step - loss: 4.8527 - accuracy: 0.1833 - val_loss: 4.5827 - val_accuracy: 0.4000 - lr: 1.0000e-04
1/1 [==============================] - 0s 90ms/step - loss: 4.7983 - accuracy: 0.1429
Found 60 images belonging to 6 classes.
Found 5 images belonging to 6 classes.
Found 7 images belonging to 6 classes.
Epoch 1/30
2/2 [==============================] - ETA: 0s - loss: 7.3227 - accuracy: 0.2500C:\Users\tom.zbc\PycharmProjects\fungis_bacterias_project\.venv\lib\site-packages\keras\src\engine\training.py:3000: UserWarning: You are saving your model as an HDF5 file via `model.save()`. This file format is considered legacy. We recommend using instead the native Keras format, e.g. `model.save('my_model.keras')`.
  saving_api.save_model(
2/2 [==============================] - 2s 886ms/step - loss: 7.3227 - accuracy: 0.2500 - val_loss: 7.1103 - val_accuracy: 0.0000e+00 - lr: 1.0000e-04
Epoch 2/30
2/2 [==============================] - 1s 795ms/step - loss: 7.1112 - accuracy: 0.1667 - val_loss: 6.9197 - val_accuracy: 0.2000 - lr: 1.0000e-04
Epoch 3/30
2/2 [==============================] - 1s 739ms/step - loss: 6.9462 - accuracy: 0.0833 - val_loss: 6.6624 - val_accuracy: 0.2000 - lr: 1.0000e-04
Epoch 4/30
2/2 [==============================] - 1s 793ms/step - loss: 6.6791 - accuracy: 0.2667 - val_loss: 6.4410 - val_accuracy: 0.2000 - lr: 1.0000e-04
Epoch 5/30
2/2 [==============================] - 1s 804ms/step - loss: 6.5599 - accuracy: 0.1833 - val_loss: 6.2620 - val_accuracy: 0.2000 - lr: 1.0000e-04
Epoch 6/30
2/2 [==============================] - 1s 759ms/step - loss: 6.3599 - accuracy: 0.2500 - val_loss: 6.1086 - val_accuracy: 0.2000 - lr: 1.0000e-04
Epoch 7/30
2/2 [==============================] - 1s 726ms/step - loss: 6.2303 - accuracy: 0.2667 - val_loss: 5.9647 - val_accuracy: 0.4000 - lr: 1.0000e-04
Epoch 8/30
2/2 [==============================] - 1s 815ms/step - loss: 6.0238 - accuracy: 0.2000 - val_loss: 5.8094 - val_accuracy: 0.4000 - lr: 1.0000e-04
Epoch 9/30
2/2 [==============================] - 1s 820ms/step - loss: 5.8940 - accuracy: 0.2500 - val_loss: 5.6702 - val_accuracy: 0.4000 - lr: 1.0000e-04
Epoch 10/30
2/2 [==============================] - 1s 719ms/step - loss: 5.7537 - accuracy: 0.2000 - val_loss: 5.5352 - val_accuracy: 0.4000 - lr: 1.0000e-04
Epoch 11/30
2/2 [==============================] - 1s 734ms/step - loss: 5.5688 - accuracy: 0.2500 - val_loss: 5.3933 - val_accuracy: 0.4000 - lr: 1.0000e-04
Epoch 12/30
2/2 [==============================] - 1s 737ms/step - loss: 5.3669 - accuracy: 0.3667 - val_loss: 5.2582 - val_accuracy: 0.4000 - lr: 1.0000e-04
Epoch 13/30
2/2 [==============================] - 1s 802ms/step - loss: 5.2929 - accuracy: 0.3167 - val_loss: 5.1093 - val_accuracy: 0.2000 - lr: 1.0000e-04
Epoch 14/30
2/2 [==============================] - 1s 734ms/step - loss: 5.1133 - accuracy: 0.3167 - val_loss: 4.9627 - val_accuracy: 0.2000 - lr: 1.0000e-04
Epoch 15/30
2/2 [==============================] - 1s 750ms/step - loss: 4.9661 - accuracy: 0.3667 - val_loss: 4.8230 - val_accuracy: 0.4000 - lr: 1.0000e-04
Epoch 16/30
2/2 [==============================] - 1s 801ms/step - loss: 4.8686 - accuracy: 0.3667 - val_loss: 4.6881 - val_accuracy: 0.6000 - lr: 1.0000e-04
Epoch 17/30
2/2 [==============================] - 1s 795ms/step - loss: 4.7218 - accuracy: 0.4000 - val_loss: 4.5437 - val_accuracy: 0.6000 - lr: 1.0000e-04
Epoch 18/30
2/2 [==============================] - 1s 698ms/step - loss: 4.6737 - accuracy: 0.2833 - val_loss: 4.4151 - val_accuracy: 0.6000 - lr: 1.0000e-04
Epoch 19/30
2/2 [==============================] - 1s 788ms/step - loss: 4.6065 - accuracy: 0.3167 - val_loss: 4.2833 - val_accuracy: 0.6000 - lr: 1.0000e-04
Epoch 20/30
2/2 [==============================] - 1s 781ms/step - loss: 4.4213 - accuracy: 0.3333 - val_loss: 4.1800 - val_accuracy: 0.6000 - lr: 1.0000e-04
Epoch 21/30
2/2 [==============================] - 1s 782ms/step - loss: 4.4480 - accuracy: 0.2667 - val_loss: 4.1079 - val_accuracy: 0.6000 - lr: 1.0000e-04
Epoch 22/30
2/2 [==============================] - 1s 745ms/step - loss: 4.3549 - accuracy: 0.2833 - val_loss: 4.0670 - val_accuracy: 0.6000 - lr: 1.0000e-04
Epoch 23/30
2/2 [==============================] - 1s 720ms/step - loss: 4.2351 - accuracy: 0.2667 - val_loss: 4.0345 - val_accuracy: 0.6000 - lr: 1.0000e-04
Epoch 24/30
2/2 [==============================] - 1s 725ms/step - loss: 4.1716 - accuracy: 0.2833 - val_loss: 4.0118 - val_accuracy: 0.2000 - lr: 1.0000e-04
Epoch 25/30
2/2 [==============================] - 1s 675ms/step - loss: 3.9822 - accuracy: 0.4000 - val_loss: 3.9366 - val_accuracy: 0.2000 - lr: 1.0000e-04
Epoch 26/30
2/2 [==============================] - 1s 685ms/step - loss: 3.9895 - accuracy: 0.3000 - val_loss: 3.8881 - val_accuracy: 0.2000 - lr: 1.0000e-04
Epoch 27/30
2/2 [==============================] - 1s 730ms/step - loss: 3.8925 - accuracy: 0.3167 - val_loss: 3.8202 - val_accuracy: 0.2000 - lr: 1.0000e-04
Epoch 28/30
2/2 [==============================] - 1s 818ms/step - loss: 3.9630 - accuracy: 0.3000 - val_loss: 3.7436 - val_accuracy: 0.6000 - lr: 1.0000e-04
Epoch 29/30
2/2 [==============================] - 1s 807ms/step - loss: 3.9077 - accuracy: 0.2667 - val_loss: 3.6568 - val_accuracy: 0.6000 - lr: 1.0000e-04
Epoch 30/30
2/2 [==============================] - 1s 801ms/step - loss: 3.6883 - accuracy: 0.4333 - val_loss: 3.5773 - val_accuracy: 0.4000 - lr: 1.0000e-04
1/1 [==============================] - 0s 88ms/step - loss: 3.7193 - accuracy: 0.2857
Found 60 images belonging to 6 classes.
Found 5 images belonging to 6 classes.
Found 7 images belonging to 6 classes.
Epoch 1/20
2/2 [==============================] - ETA: 0s - loss: 7.7774 - accuracy: 0.1667C:\Users\tom.zbc\PycharmProjects\fungis_bacterias_project\.venv\lib\site-packages\keras\src\engine\training.py:3000: UserWarning: You are saving your model as an HDF5 file via `model.save()`. This file format is considered legacy. We recommend using instead the native Keras format, e.g. `model.save('my_model.keras')`.
  saving_api.save_model(
2/2 [==============================] - 2s 1s/step - loss: 7.7774 - accuracy: 0.1667 - val_loss: 7.5784 - val_accuracy: 0.0000e+00 - lr: 1.0000e-04
Epoch 2/20
2/2 [==============================] - 2s 1s/step - loss: 7.4795 - accuracy: 0.1667 - val_loss: 7.2735 - val_accuracy: 0.0000e+00 - lr: 1.0000e-04
Epoch 3/20
2/2 [==============================] - 2s 1s/step - loss: 7.2198 - accuracy: 0.2000 - val_loss: 6.9299 - val_accuracy: 0.0000e+00 - lr: 1.0000e-04
Epoch 4/20
2/2 [==============================] - 2s 1s/step - loss: 7.0130 - accuracy: 0.1333 - val_loss: 6.6968 - val_accuracy: 0.0000e+00 - lr: 1.0000e-04
Epoch 5/20
2/2 [==============================] - 2s 1s/step - loss: 6.7253 - accuracy: 0.1667 - val_loss: 6.5139 - val_accuracy: 0.0000e+00 - lr: 1.0000e-04
Epoch 6/20
2/2 [==============================] - 2s 1s/step - loss: 6.4691 - accuracy: 0.2000 - val_loss: 6.3119 - val_accuracy: 0.2000 - lr: 1.0000e-04
Epoch 7/20
2/2 [==============================] - 2s 1s/step - loss: 6.2442 - accuracy: 0.2500 - val_loss: 6.1307 - val_accuracy: 0.2000 - lr: 1.0000e-04
Epoch 8/20
2/2 [==============================] - 2s 1s/step - loss: 6.0367 - accuracy: 0.3167 - val_loss: 5.9444 - val_accuracy: 0.2000 - lr: 1.0000e-04
Epoch 9/20
2/2 [==============================] - 2s 1s/step - loss: 5.8545 - accuracy: 0.1833 - val_loss: 5.7657 - val_accuracy: 0.2000 - lr: 1.0000e-04
Epoch 10/20
2/2 [==============================] - 2s 1s/step - loss: 5.6136 - accuracy: 0.3500 - val_loss: 5.6060 - val_accuracy: 0.2000 - lr: 1.0000e-04
Epoch 11/20
2/2 [==============================] - 2s 1s/step - loss: 5.5054 - accuracy: 0.3333 - val_loss: 5.4579 - val_accuracy: 0.2000 - lr: 1.0000e-04
Epoch 12/20
2/2 [==============================] - 2s 1s/step - loss: 5.3406 - accuracy: 0.1833 - val_loss: 5.2962 - val_accuracy: 0.2000 - lr: 1.0000e-04
Epoch 13/20
2/2 [==============================] - 2s 1s/step - loss: 5.1475 - accuracy: 0.3167 - val_loss: 5.1242 - val_accuracy: 0.4000 - lr: 1.0000e-04
Epoch 14/20
2/2 [==============================] - 2s 1s/step - loss: 4.9097 - accuracy: 0.3833 - val_loss: 4.9416 - val_accuracy: 0.4000 - lr: 1.0000e-04
Epoch 15/20
2/2 [==============================] - 2s 1s/step - loss: 4.8265 - accuracy: 0.3833 - val_loss: 4.7566 - val_accuracy: 0.4000 - lr: 1.0000e-04
Epoch 16/20
2/2 [==============================] - 2s 1s/step - loss: 4.7750 - accuracy: 0.2167 - val_loss: 4.6079 - val_accuracy: 0.4000 - lr: 1.0000e-04
Epoch 17/20
2/2 [==============================] - 2s 1s/step - loss: 4.6793 - accuracy: 0.2500 - val_loss: 4.4679 - val_accuracy: 0.4000 - lr: 1.0000e-04
Epoch 18/20
2/2 [==============================] - 2s 1s/step - loss: 4.5234 - accuracy: 0.3500 - val_loss: 4.3537 - val_accuracy: 0.4000 - lr: 1.0000e-04
Epoch 19/20
2/2 [==============================] - 2s 1s/step - loss: 4.4755 - accuracy: 0.3167 - val_loss: 4.2490 - val_accuracy: 0.4000 - lr: 1.0000e-04
Epoch 20/20
2/2 [==============================] - 2s 1s/step - loss: 4.2424 - accuracy: 0.4000 - val_loss: 4.1216 - val_accuracy: 0.4000 - lr: 1.0000e-04
1/1 [==============================] - 0s 97ms/step - loss: 4.3163 - accuracy: 0.1429
Found 60 images belonging to 6 classes.
Found 5 images belonging to 6 classes.
Found 7 images belonging to 6 classes.
Epoch 1/30
2/2 [==============================] - ETA: 0s - loss: 7.8083 - accuracy: 0.1000C:\Users\tom.zbc\PycharmProjects\fungis_bacterias_project\.venv\lib\site-packages\keras\src\engine\training.py:3000: UserWarning: You are saving your model as an HDF5 file via `model.save()`. This file format is considered legacy. We recommend using instead the native Keras format, e.g. `model.save('my_model.keras')`.
  saving_api.save_model(
2/2 [==============================] - 2s 1s/step - loss: 7.8083 - accuracy: 0.1000 - val_loss: 7.6082 - val_accuracy: 0.2000 - lr: 1.0000e-04
Epoch 2/30
2/2 [==============================] - 2s 1s/step - loss: 7.4863 - accuracy: 0.2167 - val_loss: 7.4359 - val_accuracy: 0.2000 - lr: 1.0000e-04
Epoch 3/30
2/2 [==============================] - 2s 1s/step - loss: 7.2865 - accuracy: 0.1667 - val_loss: 7.0111 - val_accuracy: 0.6000 - lr: 1.0000e-04
Epoch 4/30
2/2 [==============================] - 2s 1s/step - loss: 7.0371 - accuracy: 0.2500 - val_loss: 6.7087 - val_accuracy: 0.4000 - lr: 1.0000e-04
Epoch 5/30
2/2 [==============================] - 2s 1s/step - loss: 6.7676 - accuracy: 0.2667 - val_loss: 6.4786 - val_accuracy: 0.4000 - lr: 1.0000e-04
Epoch 6/30
2/2 [==============================] - 2s 1s/step - loss: 6.5958 - accuracy: 0.2833 - val_loss: 6.2184 - val_accuracy: 0.6000 - lr: 1.0000e-04
Epoch 7/30
2/2 [==============================] - 2s 1s/step - loss: 6.2922 - accuracy: 0.3333 - val_loss: 6.0215 - val_accuracy: 0.6000 - lr: 1.0000e-04
Epoch 8/30
2/2 [==============================] - 2s 1s/step - loss: 6.1524 - accuracy: 0.1833 - val_loss: 5.8359 - val_accuracy: 0.4000 - lr: 1.0000e-04
Epoch 9/30
2/2 [==============================] - 2s 1s/step - loss: 5.9933 - accuracy: 0.2667 - val_loss: 5.6697 - val_accuracy: 0.6000 - lr: 1.0000e-04
Epoch 10/30
2/2 [==============================] - 2s 1s/step - loss: 5.7721 - accuracy: 0.3500 - val_loss: 5.5135 - val_accuracy: 0.6000 - lr: 1.0000e-04
Epoch 11/30
2/2 [==============================] - 2s 1s/step - loss: 5.6641 - accuracy: 0.2667 - val_loss: 5.4131 - val_accuracy: 0.6000 - lr: 1.0000e-04
Epoch 12/30
2/2 [==============================] - 2s 1s/step - loss: 5.4651 - accuracy: 0.2667 - val_loss: 5.3250 - val_accuracy: 0.4000 - lr: 1.0000e-04
Epoch 13/30
2/2 [==============================] - 2s 1s/step - loss: 5.3681 - accuracy: 0.3167 - val_loss: 5.2348 - val_accuracy: 0.4000 - lr: 1.0000e-04
Epoch 14/30
2/2 [==============================] - 2s 1s/step - loss: 5.1688 - accuracy: 0.2500 - val_loss: 5.1115 - val_accuracy: 0.4000 - lr: 1.0000e-04
Epoch 15/30
2/2 [==============================] - 2s 1s/step - loss: 5.0436 - accuracy: 0.3333 - val_loss: 4.9733 - val_accuracy: 0.4000 - lr: 1.0000e-04
Epoch 16/30
2/2 [==============================] - 2s 1s/step - loss: 4.9137 - accuracy: 0.3167 - val_loss: 4.8148 - val_accuracy: 0.4000 - lr: 1.0000e-04
Epoch 17/30
2/2 [==============================] - 2s 1s/step - loss: 4.7594 - accuracy: 0.4000 - val_loss: 4.6563 - val_accuracy: 0.4000 - lr: 1.0000e-04
Epoch 18/30
2/2 [==============================] - 2s 1s/step - loss: 4.7493 - accuracy: 0.3000 - val_loss: 4.5036 - val_accuracy: 0.4000 - lr: 1.0000e-04
Epoch 19/30
2/2 [==============================] - 2s 1s/step - loss: 4.5167 - accuracy: 0.3833 - val_loss: 4.3624 - val_accuracy: 0.4000 - lr: 1.0000e-04
Epoch 20/30
2/2 [==============================] - 2s 1s/step - loss: 4.4848 - accuracy: 0.3833 - val_loss: 4.2609 - val_accuracy: 0.4000 - lr: 1.0000e-04
Epoch 21/30
2/2 [==============================] - 2s 1s/step - loss: 4.4414 - accuracy: 0.3500 - val_loss: 4.1818 - val_accuracy: 0.4000 - lr: 1.0000e-04
Epoch 22/30
2/2 [==============================] - 2s 1s/step - loss: 4.2795 - accuracy: 0.3500 - val_loss: 4.0777 - val_accuracy: 0.4000 - lr: 1.0000e-04
Epoch 23/30
2/2 [==============================] - 2s 1s/step - loss: 4.1935 - accuracy: 0.3833 - val_loss: 3.9545 - val_accuracy: 0.6000 - lr: 1.0000e-04
Epoch 24/30
2/2 [==============================] - 2s 1s/step - loss: 4.0792 - accuracy: 0.4667 - val_loss: 3.8166 - val_accuracy: 0.8000 - lr: 1.0000e-04
Epoch 25/30
2/2 [==============================] - 2s 1s/step - loss: 4.0096 - accuracy: 0.4167 - val_loss: 3.6998 - val_accuracy: 0.8000 - lr: 1.0000e-04
Epoch 26/30
2/2 [==============================] - 2s 1s/step - loss: 4.0782 - accuracy: 0.4167 - val_loss: 3.6367 - val_accuracy: 0.6000 - lr: 1.0000e-04
Epoch 27/30
2/2 [==============================] - 2s 1s/step - loss: 4.0250 - accuracy: 0.2667 - val_loss: 3.5438 - val_accuracy: 0.8000 - lr: 1.0000e-04
Epoch 28/30
2/2 [==============================] - 2s 1s/step - loss: 3.8503 - accuracy: 0.3500 - val_loss: 3.5056 - val_accuracy: 0.8000 - lr: 1.0000e-04
Epoch 29/30
2/2 [==============================] - 2s 1s/step - loss: 3.7535 - accuracy: 0.4167 - val_loss: 3.4652 - val_accuracy: 0.8000 - lr: 1.0000e-04
Epoch 30/30
2/2 [==============================] - 2s 1s/step - loss: 3.8706 - accuracy: 0.2833 - val_loss: 3.4557 - val_accuracy: 0.8000 - lr: 1.0000e-04
1/1 [==============================] - 0s 105ms/step - loss: 3.7308 - accuracy: 0.7143
Found 60 images belonging to 6 classes.
Found 5 images belonging to 6 classes.
Found 7 images belonging to 6 classes.
Epoch 1/20
2/2 [==============================] - ETA: 0s - loss: 7.7748 - accuracy: 0.1833C:\Users\tom.zbc\PycharmProjects\fungis_bacterias_project\.venv\lib\site-packages\keras\src\engine\training.py:3000: UserWarning: You are saving your model as an HDF5 file via `model.save()`. This file format is considered legacy. We recommend using instead the native Keras format, e.g. `model.save('my_model.keras')`.
  saving_api.save_model(
2/2 [==============================] - 2s 1s/step - loss: 7.7748 - accuracy: 0.1833 - val_loss: 7.5664 - val_accuracy: 0.0000e+00 - lr: 1.0000e-04
Epoch 2/20
2/2 [==============================] - 2s 1s/step - loss: 7.5152 - accuracy: 0.1667 - val_loss: 7.3325 - val_accuracy: 0.0000e+00 - lr: 1.0000e-04
Epoch 3/20
2/2 [==============================] - 2s 1s/step - loss: 7.1517 - accuracy: 0.2167 - val_loss: 7.0314 - val_accuracy: 0.0000e+00 - lr: 1.0000e-04
Epoch 4/20
2/2 [==============================] - 2s 1s/step - loss: 6.8904 - accuracy: 0.2000 - val_loss: 6.7040 - val_accuracy: 0.2000 - lr: 1.0000e-04
Epoch 5/20
2/2 [==============================] - 2s 1s/step - loss: 6.6211 - accuracy: 0.2500 - val_loss: 6.4444 - val_accuracy: 0.2000 - lr: 1.0000e-04
Epoch 6/20
2/2 [==============================] - 2s 1s/step - loss: 6.4472 - accuracy: 0.1833 - val_loss: 6.2720 - val_accuracy: 0.2000 - lr: 1.0000e-04
Epoch 7/20
2/2 [==============================] - 2s 1s/step - loss: 6.2179 - accuracy: 0.2333 - val_loss: 6.0953 - val_accuracy: 0.4000 - lr: 1.0000e-04
Epoch 8/20
2/2 [==============================] - 2s 1s/step - loss: 6.0508 - accuracy: 0.2500 - val_loss: 5.8795 - val_accuracy: 0.4000 - lr: 1.0000e-04
Epoch 9/20
2/2 [==============================] - 2s 1s/step - loss: 5.8942 - accuracy: 0.2500 - val_loss: 5.6647 - val_accuracy: 0.6000 - lr: 1.0000e-04
Epoch 10/20
2/2 [==============================] - 2s 1s/step - loss: 5.5711 - accuracy: 0.3500 - val_loss: 5.4443 - val_accuracy: 0.6000 - lr: 1.0000e-04
Epoch 11/20
2/2 [==============================] - 2s 1s/step - loss: 5.4038 - accuracy: 0.3833 - val_loss: 5.2242 - val_accuracy: 0.6000 - lr: 1.0000e-04
Epoch 12/20
2/2 [==============================] - 2s 1s/step - loss: 5.2756 - accuracy: 0.2667 - val_loss: 5.0202 - val_accuracy: 0.6000 - lr: 1.0000e-04
Epoch 13/20
2/2 [==============================] - 2s 1s/step - loss: 5.1765 - accuracy: 0.3167 - val_loss: 4.8693 - val_accuracy: 0.4000 - lr: 1.0000e-04
Epoch 14/20
2/2 [==============================] - 2s 1s/step - loss: 4.9557 - accuracy: 0.3333 - val_loss: 4.7419 - val_accuracy: 0.4000 - lr: 1.0000e-04
Epoch 15/20
2/2 [==============================] - 2s 1s/step - loss: 4.8873 - accuracy: 0.3167 - val_loss: 4.6164 - val_accuracy: 0.2000 - lr: 1.0000e-04
Epoch 16/20
2/2 [==============================] - 2s 1s/step - loss: 4.7002 - accuracy: 0.3833 - val_loss: 4.5253 - val_accuracy: 0.2000 - lr: 1.0000e-04
Epoch 17/20
2/2 [==============================] - 2s 1s/step - loss: 4.5692 - accuracy: 0.3333 - val_loss: 4.4278 - val_accuracy: 0.2000 - lr: 1.0000e-04
Epoch 18/20
2/2 [==============================] - 2s 1s/step - loss: 4.5282 - accuracy: 0.2500 - val_loss: 4.3526 - val_accuracy: 0.2000 - lr: 1.0000e-04
Epoch 19/20
2/2 [==============================] - 2s 1s/step - loss: 4.4104 - accuracy: 0.3167 - val_loss: 4.2806 - val_accuracy: 0.2000 - lr: 1.0000e-04
Epoch 20/20
2/2 [==============================] - 2s 1s/step - loss: 4.2035 - accuracy: 0.4500 - val_loss: 4.1650 - val_accuracy: 0.2000 - lr: 1.0000e-04
1/1 [==============================] - 0s 102ms/step - loss: 4.2443 - accuracy: 0.2857
Found 60 images belonging to 6 classes.
Found 5 images belonging to 6 classes.
Found 7 images belonging to 6 classes.
Epoch 1/30
2/2 [==============================] - ETA: 0s - loss: 7.7731 - accuracy: 0.1167C:\Users\tom.zbc\PycharmProjects\fungis_bacterias_project\.venv\lib\site-packages\keras\src\engine\training.py:3000: UserWarning: You are saving your model as an HDF5 file via `model.save()`. This file format is considered legacy. We recommend using instead the native Keras format, e.g. `model.save('my_model.keras')`.
  saving_api.save_model(
2/2 [==============================] - 3s 1s/step - loss: 7.7731 - accuracy: 0.1167 - val_loss: 7.4585 - val_accuracy: 0.4000 - lr: 1.0000e-04
Epoch 2/30
2/2 [==============================] - 2s 1s/step - loss: 7.4345 - accuracy: 0.1833 - val_loss: 7.1932 - val_accuracy: 0.2000 - lr: 1.0000e-04
Epoch 3/30
2/2 [==============================] - 2s 1s/step - loss: 7.1370 - accuracy: 0.2167 - val_loss: 6.8684 - val_accuracy: 0.2000 - lr: 1.0000e-04
Epoch 4/30
2/2 [==============================] - 2s 1s/step - loss: 6.8948 - accuracy: 0.1833 - val_loss: 6.5325 - val_accuracy: 0.2000 - lr: 1.0000e-04
Epoch 5/30
2/2 [==============================] - 2s 1s/step - loss: 6.6152 - accuracy: 0.1833 - val_loss: 6.2468 - val_accuracy: 0.6000 - lr: 1.0000e-04
Epoch 6/30
2/2 [==============================] - 2s 1s/step - loss: 6.3183 - accuracy: 0.2667 - val_loss: 5.9854 - val_accuracy: 0.6000 - lr: 1.0000e-04
Epoch 7/30
2/2 [==============================] - 2s 1s/step - loss: 6.1115 - accuracy: 0.3000 - val_loss: 5.7501 - val_accuracy: 0.6000 - lr: 1.0000e-04
Epoch 8/30
2/2 [==============================] - 2s 1s/step - loss: 5.9022 - accuracy: 0.2167 - val_loss: 5.5343 - val_accuracy: 0.4000 - lr: 1.0000e-04
Epoch 9/30
2/2 [==============================] - 2s 1s/step - loss: 5.7391 - accuracy: 0.2333 - val_loss: 5.3526 - val_accuracy: 0.4000 - lr: 1.0000e-04
Epoch 10/30
2/2 [==============================] - 2s 1s/step - loss: 5.4560 - accuracy: 0.3167 - val_loss: 5.1741 - val_accuracy: 0.4000 - lr: 1.0000e-04
Epoch 11/30
2/2 [==============================] - 2s 1s/step - loss: 5.2512 - accuracy: 0.3167 - val_loss: 5.0286 - val_accuracy: 0.4000 - lr: 1.0000e-04
Epoch 12/30
2/2 [==============================] - 2s 1s/step - loss: 5.1139 - accuracy: 0.2667 - val_loss: 4.8937 - val_accuracy: 0.2000 - lr: 1.0000e-04
Epoch 13/30
2/2 [==============================] - 2s 1s/step - loss: 4.9376 - accuracy: 0.2500 - val_loss: 4.7393 - val_accuracy: 0.4000 - lr: 1.0000e-04
Epoch 14/30
2/2 [==============================] - 2s 1s/step - loss: 4.7867 - accuracy: 0.3000 - val_loss: 4.5762 - val_accuracy: 0.4000 - lr: 1.0000e-04
Epoch 15/30
2/2 [==============================] - 2s 1s/step - loss: 4.5954 - accuracy: 0.4000 - val_loss: 4.4193 - val_accuracy: 0.4000 - lr: 1.0000e-04
Epoch 16/30
2/2 [==============================] - 2s 1s/step - loss: 4.5663 - accuracy: 0.3167 - val_loss: 4.2527 - val_accuracy: 0.4000 - lr: 1.0000e-04
Epoch 17/30
2/2 [==============================] - 2s 1s/step - loss: 4.3840 - accuracy: 0.2333 - val_loss: 4.1356 - val_accuracy: 0.6000 - lr: 1.0000e-04
Epoch 18/30
2/2 [==============================] - 2s 1s/step - loss: 4.2289 - accuracy: 0.4000 - val_loss: 4.0275 - val_accuracy: 0.6000 - lr: 1.0000e-04
Epoch 19/30
2/2 [==============================] - 2s 1s/step - loss: 4.1683 - accuracy: 0.3167 - val_loss: 3.9349 - val_accuracy: 0.6000 - lr: 1.0000e-04
Epoch 20/30
2/2 [==============================] - 2s 1s/step - loss: 4.0385 - accuracy: 0.3833 - val_loss: 3.8316 - val_accuracy: 0.6000 - lr: 1.0000e-04
Epoch 21/30
2/2 [==============================] - 2s 1s/step - loss: 3.9193 - accuracy: 0.4000 - val_loss: 3.7395 - val_accuracy: 0.4000 - lr: 1.0000e-04
Epoch 22/30
2/2 [==============================] - 2s 1s/step - loss: 3.8551 - accuracy: 0.4333 - val_loss: 3.6417 - val_accuracy: 0.2000 - lr: 1.0000e-04
Epoch 23/30
2/2 [==============================] - 2s 1s/step - loss: 3.6994 - accuracy: 0.4000 - val_loss: 3.5360 - val_accuracy: 0.2000 - lr: 1.0000e-04
Epoch 24/30
2/2 [==============================] - 2s 1s/step - loss: 3.7841 - accuracy: 0.3833 - val_loss: 3.4536 - val_accuracy: 0.4000 - lr: 1.0000e-04
Epoch 25/30
2/2 [==============================] - 2s 1s/step - loss: 3.6593 - accuracy: 0.3667 - val_loss: 3.4001 - val_accuracy: 0.4000 - lr: 1.0000e-04
Epoch 26/30
2/2 [==============================] - 2s 1s/step - loss: 3.4834 - accuracy: 0.4500 - val_loss: 3.3713 - val_accuracy: 0.4000 - lr: 1.0000e-04
Epoch 27/30
2/2 [==============================] - 2s 1s/step - loss: 3.4575 - accuracy: 0.4333 - val_loss: 3.3352 - val_accuracy: 0.4000 - lr: 1.0000e-04
Epoch 28/30
2/2 [==============================] - 2s 1s/step - loss: 3.4277 - accuracy: 0.4000 - val_loss: 3.2740 - val_accuracy: 0.4000 - lr: 1.0000e-04
Epoch 29/30
2/2 [==============================] - 2s 1s/step - loss: 3.3921 - accuracy: 0.4000 - val_loss: 3.2119 - val_accuracy: 0.4000 - lr: 1.0000e-04
Epoch 30/30
2/2 [==============================] - 2s 1s/step - loss: 3.3917 - accuracy: 0.4167 - val_loss: 3.1191 - val_accuracy: 0.6000 - lr: 1.0000e-04
1/1 [==============================] - 0s 113ms/step - loss: 3.2461 - accuracy: 0.5714
Found 60 images belonging to 6 classes.
Found 5 images belonging to 6 classes.
Found 7 images belonging to 6 classes.
Epoch 1/20
2/2 [==============================] - ETA: 0s - loss: 7.7870 - accuracy: 0.1667C:\Users\tom.zbc\PycharmProjects\fungis_bacterias_project\.venv\lib\site-packages\keras\src\engine\training.py:3000: UserWarning: You are saving your model as an HDF5 file via `model.save()`. This file format is considered legacy. We recommend using instead the native Keras format, e.g. `model.save('my_model.keras')`.
  saving_api.save_model(
2/2 [==============================] - 3s 1s/step - loss: 7.7870 - accuracy: 0.1667 - val_loss: 7.2333 - val_accuracy: 0.6000 - lr: 1.0000e-04
Epoch 2/20
2/2 [==============================] - 2s 1s/step - loss: 7.4830 - accuracy: 0.1333 - val_loss: 6.9841 - val_accuracy: 0.6000 - lr: 1.0000e-04
Epoch 3/20
2/2 [==============================] - 2s 1s/step - loss: 7.1504 - accuracy: 0.2333 - val_loss: 6.7871 - val_accuracy: 0.4000 - lr: 1.0000e-04
Epoch 4/20
2/2 [==============================] - 2s 1s/step - loss: 6.9070 - accuracy: 0.2667 - val_loss: 6.5827 - val_accuracy: 0.4000 - lr: 1.0000e-04
Epoch 5/20
2/2 [==============================] - 2s 1s/step - loss: 6.6596 - accuracy: 0.2000 - val_loss: 6.4253 - val_accuracy: 0.4000 - lr: 1.0000e-04
Epoch 6/20
2/2 [==============================] - 2s 1s/step - loss: 6.4294 - accuracy: 0.2000 - val_loss: 6.2380 - val_accuracy: 0.4000 - lr: 1.0000e-04
Epoch 7/20
2/2 [==============================] - 2s 1s/step - loss: 6.2147 - accuracy: 0.2667 - val_loss: 6.0101 - val_accuracy: 0.2000 - lr: 1.0000e-04
Epoch 8/20
2/2 [==============================] - 2s 1s/step - loss: 6.0310 - accuracy: 0.2833 - val_loss: 5.7977 - val_accuracy: 0.4000 - lr: 1.0000e-04
Epoch 9/20
2/2 [==============================] - 2s 1s/step - loss: 5.8054 - accuracy: 0.2833 - val_loss: 5.6097 - val_accuracy: 0.4000 - lr: 1.0000e-04
Epoch 10/20
2/2 [==============================] - 2s 1s/step - loss: 5.5886 - accuracy: 0.2833 - val_loss: 5.4101 - val_accuracy: 0.2000 - lr: 1.0000e-04
Epoch 11/20
2/2 [==============================] - 2s 1s/step - loss: 5.4789 - accuracy: 0.2667 - val_loss: 5.2394 - val_accuracy: 0.2000 - lr: 1.0000e-04
Epoch 12/20
2/2 [==============================] - 2s 1s/step - loss: 5.3139 - accuracy: 0.3000 - val_loss: 5.0858 - val_accuracy: 0.2000 - lr: 1.0000e-04
Epoch 13/20
2/2 [==============================] - 2s 1s/step - loss: 5.2070 - accuracy: 0.3000 - val_loss: 4.9298 - val_accuracy: 0.6000 - lr: 1.0000e-04
Epoch 14/20
2/2 [==============================] - 2s 1s/step - loss: 5.0315 - accuracy: 0.3833 - val_loss: 4.7796 - val_accuracy: 0.6000 - lr: 1.0000e-04
Epoch 15/20
2/2 [==============================] - 2s 1s/step - loss: 4.9024 - accuracy: 0.4000 - val_loss: 4.6363 - val_accuracy: 0.6000 - lr: 1.0000e-04
Epoch 16/20
2/2 [==============================] - 2s 1s/step - loss: 4.7380 - accuracy: 0.3833 - val_loss: 4.5231 - val_accuracy: 0.6000 - lr: 1.0000e-04
Epoch 17/20
2/2 [==============================] - 2s 1s/step - loss: 4.6956 - accuracy: 0.3167 - val_loss: 4.4063 - val_accuracy: 0.6000 - lr: 1.0000e-04
Epoch 18/20
2/2 [==============================] - 2s 1s/step - loss: 4.5372 - accuracy: 0.3167 - val_loss: 4.3124 - val_accuracy: 0.6000 - lr: 1.0000e-04
Epoch 19/20
2/2 [==============================] - 2s 1s/step - loss: 4.4631 - accuracy: 0.3000 - val_loss: 4.2119 - val_accuracy: 0.4000 - lr: 1.0000e-04
Epoch 20/20
2/2 [==============================] - 2s 1s/step - loss: 4.3878 - accuracy: 0.2833 - val_loss: 4.1228 - val_accuracy: 0.4000 - lr: 1.0000e-04
1/1 [==============================] - 0s 109ms/step - loss: 4.2898 - accuracy: 0.4286
Found 60 images belonging to 6 classes.
Found 5 images belonging to 6 classes.
Found 7 images belonging to 6 classes.
Epoch 1/30
2/2 [==============================] - ETA: 0s - loss: 7.7629 - accuracy: 0.0833C:\Users\tom.zbc\PycharmProjects\fungis_bacterias_project\.venv\lib\site-packages\keras\src\engine\training.py:3000: UserWarning: You are saving your model as an HDF5 file via `model.save()`. This file format is considered legacy. We recommend using instead the native Keras format, e.g. `model.save('my_model.keras')`.
  saving_api.save_model(
2/2 [==============================] - 3s 1s/step - loss: 7.7629 - accuracy: 0.0833 - val_loss: 7.6286 - val_accuracy: 0.2000 - lr: 1.0000e-04
Epoch 2/30
2/2 [==============================] - 2s 1s/step - loss: 7.3983 - accuracy: 0.2500 - val_loss: 7.4353 - val_accuracy: 0.2000 - lr: 1.0000e-04
Epoch 3/30
2/2 [==============================] - 2s 1s/step - loss: 7.1903 - accuracy: 0.2500 - val_loss: 7.0000 - val_accuracy: 0.2000 - lr: 1.0000e-04
Epoch 4/30
2/2 [==============================] - 2s 1s/step - loss: 7.1292 - accuracy: 0.1833 - val_loss: 6.6826 - val_accuracy: 0.2000 - lr: 1.0000e-04
Epoch 5/30
2/2 [==============================] - 2s 1s/step - loss: 6.8583 - accuracy: 0.2333 - val_loss: 6.4689 - val_accuracy: 0.4000 - lr: 1.0000e-04
Epoch 6/30
2/2 [==============================] - 2s 1s/step - loss: 6.4937 - accuracy: 0.3000 - val_loss: 6.3342 - val_accuracy: 0.4000 - lr: 1.0000e-04
Epoch 7/30
2/2 [==============================] - 2s 1s/step - loss: 6.3763 - accuracy: 0.2833 - val_loss: 6.1619 - val_accuracy: 0.2000 - lr: 1.0000e-04
Epoch 8/30
2/2 [==============================] - 2s 1s/step - loss: 6.1229 - accuracy: 0.3167 - val_loss: 5.9986 - val_accuracy: 0.4000 - lr: 1.0000e-04
Epoch 9/30
2/2 [==============================] - 2s 1s/step - loss: 5.9525 - accuracy: 0.3167 - val_loss: 5.8341 - val_accuracy: 0.4000 - lr: 1.0000e-04
Epoch 10/30
2/2 [==============================] - 2s 1s/step - loss: 5.8667 - accuracy: 0.2833 - val_loss: 5.6017 - val_accuracy: 0.4000 - lr: 1.0000e-04
Epoch 11/30
2/2 [==============================] - 2s 1s/step - loss: 5.6308 - accuracy: 0.2333 - val_loss: 5.3886 - val_accuracy: 0.4000 - lr: 1.0000e-04
Epoch 12/30
2/2 [==============================] - 2s 1s/step - loss: 5.5104 - accuracy: 0.2500 - val_loss: 5.2368 - val_accuracy: 0.4000 - lr: 1.0000e-04
Epoch 13/30
2/2 [==============================] - 2s 1s/step - loss: 5.4154 - accuracy: 0.3000 - val_loss: 5.0860 - val_accuracy: 0.4000 - lr: 1.0000e-04
Epoch 14/30
2/2 [==============================] - 2s 1s/step - loss: 5.2087 - accuracy: 0.3167 - val_loss: 5.0108 - val_accuracy: 0.4000 - lr: 1.0000e-04
Epoch 15/30
2/2 [==============================] - 2s 1s/step - loss: 5.1292 - accuracy: 0.3500 - val_loss: 4.9340 - val_accuracy: 0.2000 - lr: 1.0000e-04
Epoch 16/30
2/2 [==============================] - 2s 1s/step - loss: 4.9392 - accuracy: 0.3500 - val_loss: 4.8428 - val_accuracy: 0.2000 - lr: 1.0000e-04
Epoch 17/30
2/2 [==============================] - 2s 1s/step - loss: 4.8235 - accuracy: 0.3333 - val_loss: 4.7049 - val_accuracy: 0.2000 - lr: 1.0000e-04
Epoch 18/30
2/2 [==============================] - 2s 1s/step - loss: 4.7320 - accuracy: 0.3333 - val_loss: 4.5754 - val_accuracy: 0.6000 - lr: 1.0000e-04
Epoch 19/30
2/2 [==============================] - 2s 1s/step - loss: 4.7437 - accuracy: 0.2333 - val_loss: 4.4400 - val_accuracy: 0.6000 - lr: 1.0000e-04
Epoch 20/30
2/2 [==============================] - 2s 1s/step - loss: 4.5349 - accuracy: 0.4167 - val_loss: 4.3006 - val_accuracy: 0.6000 - lr: 1.0000e-04
Epoch 21/30
2/2 [==============================] - 2s 1s/step - loss: 4.4797 - accuracy: 0.3333 - val_loss: 4.2064 - val_accuracy: 0.6000 - lr: 1.0000e-04
Epoch 22/30
2/2 [==============================] - 2s 1s/step - loss: 4.3836 - accuracy: 0.3333 - val_loss: 4.1342 - val_accuracy: 0.6000 - lr: 1.0000e-04
Epoch 23/30
2/2 [==============================] - 2s 1s/step - loss: 4.2815 - accuracy: 0.4167 - val_loss: 4.0856 - val_accuracy: 0.6000 - lr: 1.0000e-04
Epoch 24/30
2/2 [==============================] - 2s 1s/step - loss: 4.1501 - accuracy: 0.3833 - val_loss: 4.0412 - val_accuracy: 0.4000 - lr: 1.0000e-04
Epoch 25/30
2/2 [==============================] - 2s 1s/step - loss: 4.2931 - accuracy: 0.2667 - val_loss: 3.9665 - val_accuracy: 0.4000 - lr: 1.0000e-04
Epoch 26/30
2/2 [==============================] - 2s 1s/step - loss: 4.0809 - accuracy: 0.3667 - val_loss: 3.9086 - val_accuracy: 0.4000 - lr: 1.0000e-04
Epoch 27/30
2/2 [==============================] - 2s 1s/step - loss: 3.9641 - accuracy: 0.4667 - val_loss: 3.8185 - val_accuracy: 0.6000 - lr: 1.0000e-04
Epoch 28/30
2/2 [==============================] - 2s 1s/step - loss: 4.0396 - accuracy: 0.3500 - val_loss: 3.7394 - val_accuracy: 0.4000 - lr: 1.0000e-04
Epoch 29/30
2/2 [==============================] - 2s 1s/step - loss: 3.8540 - accuracy: 0.3667 - val_loss: 3.6506 - val_accuracy: 0.6000 - lr: 1.0000e-04
Epoch 30/30
2/2 [==============================] - 2s 1s/step - loss: 3.9405 - accuracy: 0.3500 - val_loss: 3.5549 - val_accuracy: 0.6000 - lr: 1.0000e-04
1/1 [==============================] - 0s 105ms/step - loss: 3.8369 - accuracy: 0.4286
Found 60 images belonging to 6 classes.
Found 5 images belonging to 6 classes.
Found 7 images belonging to 6 classes.
Epoch 1/20
2/2 [==============================] - ETA: 0s - loss: 7.8278 - accuracy: 0.2500C:\Users\tom.zbc\PycharmProjects\fungis_bacterias_project\.venv\lib\site-packages\keras\src\engine\training.py:3000: UserWarning: You are saving your model as an HDF5 file via `model.save()`. This file format is considered legacy. We recommend using instead the native Keras format, e.g. `model.save('my_model.keras')`.
  saving_api.save_model(
2/2 [==============================] - 3s 1s/step - loss: 7.8278 - accuracy: 0.2500 - val_loss: 7.6375 - val_accuracy: 0.0000e+00 - lr: 1.0000e-04
Epoch 2/20
2/2 [==============================] - 2s 1s/step - loss: 7.5394 - accuracy: 0.1333 - val_loss: 7.2587 - val_accuracy: 0.2000 - lr: 1.0000e-04
Epoch 3/20
2/2 [==============================] - 2s 1s/step - loss: 7.2460 - accuracy: 0.2167 - val_loss: 6.9212 - val_accuracy: 0.6000 - lr: 1.0000e-04
Epoch 4/20
2/2 [==============================] - 2s 1s/step - loss: 7.1004 - accuracy: 0.2000 - val_loss: 6.6117 - val_accuracy: 0.6000 - lr: 1.0000e-04
Epoch 5/20
2/2 [==============================] - 2s 1s/step - loss: 6.7694 - accuracy: 0.1833 - val_loss: 6.3692 - val_accuracy: 0.6000 - lr: 1.0000e-04
Epoch 6/20
2/2 [==============================] - 2s 1s/step - loss: 6.4439 - accuracy: 0.4167 - val_loss: 6.1594 - val_accuracy: 0.4000 - lr: 1.0000e-04
Epoch 7/20
2/2 [==============================] - 2s 1s/step - loss: 6.3288 - accuracy: 0.3000 - val_loss: 5.9484 - val_accuracy: 0.4000 - lr: 1.0000e-04
Epoch 8/20
2/2 [==============================] - 2s 1s/step - loss: 6.1057 - accuracy: 0.2833 - val_loss: 5.7681 - val_accuracy: 0.4000 - lr: 1.0000e-04
Epoch 9/20
2/2 [==============================] - 2s 1s/step - loss: 5.8830 - accuracy: 0.3167 - val_loss: 5.6043 - val_accuracy: 0.4000 - lr: 1.0000e-04
Epoch 10/20
2/2 [==============================] - 2s 1s/step - loss: 5.7164 - accuracy: 0.2833 - val_loss: 5.4506 - val_accuracy: 0.4000 - lr: 1.0000e-04
Epoch 11/20
2/2 [==============================] - 2s 1s/step - loss: 5.5198 - accuracy: 0.3333 - val_loss: 5.3101 - val_accuracy: 0.4000 - lr: 1.0000e-04
Epoch 12/20
2/2 [==============================] - 2s 1s/step - loss: 5.3780 - accuracy: 0.2833 - val_loss: 5.1523 - val_accuracy: 0.4000 - lr: 1.0000e-04
Epoch 13/20
2/2 [==============================] - 2s 1s/step - loss: 5.1948 - accuracy: 0.3167 - val_loss: 5.0086 - val_accuracy: 0.4000 - lr: 1.0000e-04
Epoch 14/20
2/2 [==============================] - 2s 1s/step - loss: 5.0100 - accuracy: 0.3000 - val_loss: 4.8835 - val_accuracy: 0.4000 - lr: 1.0000e-04
Epoch 15/20
2/2 [==============================] - 2s 1s/step - loss: 4.9405 - accuracy: 0.3000 - val_loss: 4.7783 - val_accuracy: 0.2000 - lr: 1.0000e-04
Epoch 16/20
2/2 [==============================] - 2s 1s/step - loss: 4.8412 - accuracy: 0.3000 - val_loss: 4.6949 - val_accuracy: 0.2000 - lr: 1.0000e-04
Epoch 17/20
2/2 [==============================] - 2s 1s/step - loss: 4.7034 - accuracy: 0.2500 - val_loss: 4.6187 - val_accuracy: 0.2000 - lr: 1.0000e-04
Epoch 18/20
2/2 [==============================] - 2s 1s/step - loss: 4.5440 - accuracy: 0.4000 - val_loss: 4.5307 - val_accuracy: 0.2000 - lr: 1.0000e-04
Epoch 19/20
2/2 [==============================] - 3s 2s/step - loss: 4.5523 - accuracy: 0.3167 - val_loss: 4.4241 - val_accuracy: 0.2000 - lr: 1.0000e-04
Epoch 20/20
2/2 [==============================] - 3s 2s/step - loss: 4.3559 - accuracy: 0.3833 - val_loss: 4.2831 - val_accuracy: 0.4000 - lr: 1.0000e-04
1/1 [==============================] - 0s 145ms/step - loss: 4.4498 - accuracy: 0.1429
Found 60 images belonging to 6 classes.
Found 5 images belonging to 6 classes.
Found 7 images belonging to 6 classes.
Epoch 1/30
2/2 [==============================] - ETA: 0s - loss: 7.7451 - accuracy: 0.2333C:\Users\tom.zbc\PycharmProjects\fungis_bacterias_project\.venv\lib\site-packages\keras\src\engine\training.py:3000: UserWarning: You are saving your model as an HDF5 file via `model.save()`. This file format is considered legacy. We recommend using instead the native Keras format, e.g. `model.save('my_model.keras')`.
  saving_api.save_model(
2/2 [==============================] - 4s 2s/step - loss: 7.7451 - accuracy: 0.2333 - val_loss: 7.7397 - val_accuracy: 0.2000 - lr: 1.0000e-04
Epoch 2/30
2/2 [==============================] - 3s 2s/step - loss: 7.5271 - accuracy: 0.1833 - val_loss: 7.3809 - val_accuracy: 0.2000 - lr: 1.0000e-04
Epoch 3/30
2/2 [==============================] - 3s 2s/step - loss: 7.1890 - accuracy: 0.3500 - val_loss: 7.1072 - val_accuracy: 0.4000 - lr: 1.0000e-04
Epoch 4/30
2/2 [==============================] - 3s 2s/step - loss: 6.9727 - accuracy: 0.3000 - val_loss: 6.8365 - val_accuracy: 0.2000 - lr: 1.0000e-04
Epoch 5/30
2/2 [==============================] - 3s 2s/step - loss: 6.7895 - accuracy: 0.2167 - val_loss: 6.5529 - val_accuracy: 0.2000 - lr: 1.0000e-04
Epoch 6/30
2/2 [==============================] - 3s 2s/step - loss: 6.4296 - accuracy: 0.2500 - val_loss: 6.2878 - val_accuracy: 0.4000 - lr: 1.0000e-04
Epoch 7/30
2/2 [==============================] - 3s 2s/step - loss: 6.2434 - accuracy: 0.2333 - val_loss: 6.0540 - val_accuracy: 0.4000 - lr: 1.0000e-04
Epoch 8/30
2/2 [==============================] - 3s 2s/step - loss: 6.0539 - accuracy: 0.2500 - val_loss: 5.8638 - val_accuracy: 0.4000 - lr: 1.0000e-04
Epoch 9/30
2/2 [==============================] - 2s 2s/step - loss: 5.8273 - accuracy: 0.2333 - val_loss: 5.6940 - val_accuracy: 0.4000 - lr: 1.0000e-04
Epoch 10/30
2/2 [==============================] - 3s 2s/step - loss: 5.6797 - accuracy: 0.2167 - val_loss: 5.5364 - val_accuracy: 0.4000 - lr: 1.0000e-04
Epoch 11/30
2/2 [==============================] - 3s 2s/step - loss: 5.4557 - accuracy: 0.3000 - val_loss: 5.3643 - val_accuracy: 0.6000 - lr: 1.0000e-04
Epoch 12/30
2/2 [==============================] - 3s 2s/step - loss: 5.3359 - accuracy: 0.3167 - val_loss: 5.1940 - val_accuracy: 0.6000 - lr: 1.0000e-04
Epoch 13/30
2/2 [==============================] - 3s 2s/step - loss: 5.1176 - accuracy: 0.3667 - val_loss: 5.0148 - val_accuracy: 0.6000 - lr: 1.0000e-04
Epoch 14/30
2/2 [==============================] - 3s 2s/step - loss: 5.0133 - accuracy: 0.3833 - val_loss: 4.8457 - val_accuracy: 0.4000 - lr: 1.0000e-04
Epoch 15/30
2/2 [==============================] - 3s 2s/step - loss: 4.8787 - accuracy: 0.3667 - val_loss: 4.7141 - val_accuracy: 0.4000 - lr: 1.0000e-04
Epoch 16/30
2/2 [==============================] - 2s 1s/step - loss: 4.7199 - accuracy: 0.3333 - val_loss: 4.5873 - val_accuracy: 0.6000 - lr: 1.0000e-04
Epoch 17/30
2/2 [==============================] - 2s 1s/step - loss: 4.6863 - accuracy: 0.3167 - val_loss: 4.4236 - val_accuracy: 0.6000 - lr: 1.0000e-04
Epoch 18/30
2/2 [==============================] - 2s 1s/step - loss: 4.4737 - accuracy: 0.4000 - val_loss: 4.3278 - val_accuracy: 0.6000 - lr: 1.0000e-04
Epoch 19/30
2/2 [==============================] - 2s 2s/step - loss: 4.4787 - accuracy: 0.3000 - val_loss: 4.2592 - val_accuracy: 0.4000 - lr: 1.0000e-04
Epoch 20/30
2/2 [==============================] - 2s 1s/step - loss: 4.3461 - accuracy: 0.3000 - val_loss: 4.1986 - val_accuracy: 0.4000 - lr: 1.0000e-04
Epoch 21/30
2/2 [==============================] - 2s 1s/step - loss: 4.2602 - accuracy: 0.3000 - val_loss: 4.1483 - val_accuracy: 0.4000 - lr: 1.0000e-04
Epoch 22/30
2/2 [==============================] - 2s 1s/step - loss: 4.0779 - accuracy: 0.4333 - val_loss: 4.0871 - val_accuracy: 0.4000 - lr: 1.0000e-04
Epoch 23/30
2/2 [==============================] - 2s 1s/step - loss: 4.2311 - accuracy: 0.2833 - val_loss: 4.0046 - val_accuracy: 0.4000 - lr: 1.0000e-04
Epoch 24/30
2/2 [==============================] - 2s 1s/step - loss: 3.9799 - accuracy: 0.3833 - val_loss: 3.9251 - val_accuracy: 0.4000 - lr: 1.0000e-04
Epoch 25/30
2/2 [==============================] - 2s 1s/step - loss: 3.9378 - accuracy: 0.3333 - val_loss: 3.8451 - val_accuracy: 0.4000 - lr: 1.0000e-04
Epoch 26/30
2/2 [==============================] - 2s 1s/step - loss: 3.9441 - accuracy: 0.3333 - val_loss: 3.7639 - val_accuracy: 0.4000 - lr: 1.0000e-04
Epoch 27/30
2/2 [==============================] - 2s 1s/step - loss: 3.8559 - accuracy: 0.4333 - val_loss: 3.6830 - val_accuracy: 0.6000 - lr: 1.0000e-04
Epoch 28/30
2/2 [==============================] - 2s 1s/step - loss: 3.7587 - accuracy: 0.3833 - val_loss: 3.6152 - val_accuracy: 0.4000 - lr: 1.0000e-04
Epoch 29/30
2/2 [==============================] - 2s 1s/step - loss: 3.6725 - accuracy: 0.3833 - val_loss: 3.5541 - val_accuracy: 0.4000 - lr: 1.0000e-04
Epoch 30/30
2/2 [==============================] - 2s 1s/step - loss: 3.6050 - accuracy: 0.4500 - val_loss: 3.5161 - val_accuracy: 0.4000 - lr: 1.0000e-04
1/1 [==============================] - 0s 114ms/step - loss: 3.6202 - accuracy: 0.2857
Found 60 images belonging to 6 classes.
Found 5 images belonging to 6 classes.
Found 7 images belonging to 6 classes.
Epoch 1/20
2/2 [==============================] - ETA: 0s - loss: 7.3524 - accuracy: 0.1500C:\Users\tom.zbc\PycharmProjects\fungis_bacterias_project\.venv\lib\site-packages\keras\src\engine\training.py:3000: UserWarning: You are saving your model as an HDF5 file via `model.save()`. This file format is considered legacy. We recommend using instead the native Keras format, e.g. `model.save('my_model.keras')`.
  saving_api.save_model(
2/2 [==============================] - 2s 882ms/step - loss: 7.3524 - accuracy: 0.1500 - val_loss: 7.1928 - val_accuracy: 0.2000 - lr: 1.0000e-04
Epoch 2/20
2/2 [==============================] - 1s 811ms/step - loss: 7.2467 - accuracy: 0.1333 - val_loss: 7.0300 - val_accuracy: 0.0000e+00 - lr: 1.0000e-04
Epoch 3/20
2/2 [==============================] - 1s 784ms/step - loss: 7.0156 - accuracy: 0.1667 - val_loss: 6.9142 - val_accuracy: 0.0000e+00 - lr: 1.0000e-04
Epoch 4/20
2/2 [==============================] - 1s 756ms/step - loss: 6.8444 - accuracy: 0.1500 - val_loss: 6.7103 - val_accuracy: 0.4000 - lr: 1.0000e-04
Epoch 5/20
2/2 [==============================] - 1s 792ms/step - loss: 6.6997 - accuracy: 0.1667 - val_loss: 6.5562 - val_accuracy: 0.4000 - lr: 1.0000e-04
Epoch 6/20
2/2 [==============================] - 1s 733ms/step - loss: 6.6130 - accuracy: 0.2333 - val_loss: 6.4511 - val_accuracy: 0.2000 - lr: 1.0000e-04
Epoch 7/20
2/2 [==============================] - 1s 809ms/step - loss: 6.4329 - accuracy: 0.2000 - val_loss: 6.3144 - val_accuracy: 0.2000 - lr: 1.0000e-04
Epoch 8/20
2/2 [==============================] - 1s 812ms/step - loss: 6.2259 - accuracy: 0.2500 - val_loss: 6.1819 - val_accuracy: 0.2000 - lr: 1.0000e-04
Epoch 9/20
2/2 [==============================] - 1s 762ms/step - loss: 6.1999 - accuracy: 0.3000 - val_loss: 6.0765 - val_accuracy: 0.2000 - lr: 1.0000e-04
Epoch 10/20
2/2 [==============================] - 1s 745ms/step - loss: 6.0336 - accuracy: 0.3000 - val_loss: 5.9841 - val_accuracy: 0.2000 - lr: 1.0000e-04
Epoch 11/20
2/2 [==============================] - 1s 857ms/step - loss: 5.9761 - accuracy: 0.2833 - val_loss: 5.8828 - val_accuracy: 0.2000 - lr: 1.0000e-04
Epoch 12/20
2/2 [==============================] - 1s 752ms/step - loss: 5.9390 - accuracy: 0.2667 - val_loss: 5.7814 - val_accuracy: 0.2000 - lr: 1.0000e-04
Epoch 13/20
2/2 [==============================] - 1s 755ms/step - loss: 5.7172 - accuracy: 0.2833 - val_loss: 5.6962 - val_accuracy: 0.2000 - lr: 1.0000e-04
Epoch 14/20
2/2 [==============================] - 1s 793ms/step - loss: 5.7905 - accuracy: 0.2167 - val_loss: 5.6071 - val_accuracy: 0.2000 - lr: 1.0000e-04
Epoch 15/20
2/2 [==============================] - 1s 813ms/step - loss: 5.6627 - accuracy: 0.1833 - val_loss: 5.4989 - val_accuracy: 0.2000 - lr: 1.0000e-04
Epoch 16/20
2/2 [==============================] - 1s 728ms/step - loss: 5.4896 - accuracy: 0.3500 - val_loss: 5.3783 - val_accuracy: 0.4000 - lr: 1.0000e-04
Epoch 17/20
2/2 [==============================] - 1s 773ms/step - loss: 5.3930 - accuracy: 0.3667 - val_loss: 5.2729 - val_accuracy: 0.4000 - lr: 1.0000e-04
Epoch 18/20
2/2 [==============================] - 1s 827ms/step - loss: 5.3069 - accuracy: 0.4167 - val_loss: 5.1990 - val_accuracy: 0.4000 - lr: 1.0000e-04
Epoch 19/20
2/2 [==============================] - 1s 804ms/step - loss: 5.2687 - accuracy: 0.3167 - val_loss: 5.1170 - val_accuracy: 0.4000 - lr: 1.0000e-04
Epoch 20/20
2/2 [==============================] - 1s 812ms/step - loss: 5.1538 - accuracy: 0.2833 - val_loss: 5.0310 - val_accuracy: 0.4000 - lr: 1.0000e-04
1/1 [==============================] - 0s 88ms/step - loss: 5.0966 - accuracy: 0.2857
Found 60 images belonging to 6 classes.
Found 5 images belonging to 6 classes.
Found 7 images belonging to 6 classes.
Epoch 1/30
2/2 [==============================] - ETA: 0s - loss: 7.3377 - accuracy: 0.1333C:\Users\tom.zbc\PycharmProjects\fungis_bacterias_project\.venv\lib\site-packages\keras\src\engine\training.py:3000: UserWarning: You are saving your model as an HDF5 file via `model.save()`. This file format is considered legacy. We recommend using instead the native Keras format, e.g. `model.save('my_model.keras')`.
  saving_api.save_model(
2/2 [==============================] - 2s 926ms/step - loss: 7.3377 - accuracy: 0.1333 - val_loss: 7.1223 - val_accuracy: 0.0000e+00 - lr: 1.0000e-04
Epoch 2/30
2/2 [==============================] - 1s 824ms/step - loss: 7.0675 - accuracy: 0.2000 - val_loss: 6.9089 - val_accuracy: 0.2000 - lr: 1.0000e-04
Epoch 3/30
2/2 [==============================] - 1s 720ms/step - loss: 6.8935 - accuracy: 0.2167 - val_loss: 6.7102 - val_accuracy: 0.2000 - lr: 1.0000e-04
Epoch 4/30
2/2 [==============================] - 1s 821ms/step - loss: 6.6945 - accuracy: 0.1500 - val_loss: 6.4958 - val_accuracy: 0.2000 - lr: 1.0000e-04
Epoch 5/30
2/2 [==============================] - 1s 725ms/step - loss: 6.5218 - accuracy: 0.1833 - val_loss: 6.3196 - val_accuracy: 0.0000e+00 - lr: 1.0000e-04
Epoch 6/30
2/2 [==============================] - 1s 792ms/step - loss: 6.3641 - accuracy: 0.1833 - val_loss: 6.1705 - val_accuracy: 0.0000e+00 - lr: 1.0000e-04
Epoch 7/30
2/2 [==============================] - 1s 804ms/step - loss: 6.0998 - accuracy: 0.3667 - val_loss: 6.0134 - val_accuracy: 0.0000e+00 - lr: 1.0000e-04
Epoch 8/30
2/2 [==============================] - 1s 764ms/step - loss: 6.0321 - accuracy: 0.2333 - val_loss: 5.8654 - val_accuracy: 0.0000e+00 - lr: 1.0000e-04
Epoch 9/30
2/2 [==============================] - 1s 788ms/step - loss: 5.8290 - accuracy: 0.2667 - val_loss: 5.7257 - val_accuracy: 0.0000e+00 - lr: 1.0000e-04
Epoch 10/30
2/2 [==============================] - 1s 696ms/step - loss: 5.7348 - accuracy: 0.1833 - val_loss: 5.5962 - val_accuracy: 0.0000e+00 - lr: 1.0000e-04
Epoch 11/30
2/2 [==============================] - 1s 762ms/step - loss: 5.5422 - accuracy: 0.2167 - val_loss: 5.4467 - val_accuracy: 0.0000e+00 - lr: 1.0000e-04
Epoch 12/30
2/2 [==============================] - 1s 730ms/step - loss: 5.4335 - accuracy: 0.2333 - val_loss: 5.3074 - val_accuracy: 0.2000 - lr: 1.0000e-04
Epoch 13/30
2/2 [==============================] - 1s 734ms/step - loss: 5.3578 - accuracy: 0.2500 - val_loss: 5.1779 - val_accuracy: 0.0000e+00 - lr: 1.0000e-04
Epoch 14/30
2/2 [==============================] - 1s 796ms/step - loss: 5.1888 - accuracy: 0.2833 - val_loss: 5.0645 - val_accuracy: 0.0000e+00 - lr: 1.0000e-04
Epoch 15/30
2/2 [==============================] - 1s 767ms/step - loss: 5.1030 - accuracy: 0.2000 - val_loss: 4.9428 - val_accuracy: 0.2000 - lr: 1.0000e-04
Epoch 16/30
2/2 [==============================] - 1s 724ms/step - loss: 5.0802 - accuracy: 0.1833 - val_loss: 4.8273 - val_accuracy: 0.2000 - lr: 1.0000e-04
Epoch 17/30
2/2 [==============================] - 1s 761ms/step - loss: 4.8244 - accuracy: 0.3500 - val_loss: 4.7211 - val_accuracy: 0.4000 - lr: 1.0000e-04
Epoch 18/30
2/2 [==============================] - 1s 822ms/step - loss: 4.7890 - accuracy: 0.2667 - val_loss: 4.6182 - val_accuracy: 0.6000 - lr: 1.0000e-04
Epoch 19/30
2/2 [==============================] - 1s 809ms/step - loss: 4.7105 - accuracy: 0.2833 - val_loss: 4.5154 - val_accuracy: 0.4000 - lr: 1.0000e-04
Epoch 20/30
2/2 [==============================] - 1s 737ms/step - loss: 4.6527 - accuracy: 0.2000 - val_loss: 4.4303 - val_accuracy: 0.4000 - lr: 1.0000e-04
Epoch 21/30
2/2 [==============================] - 1s 728ms/step - loss: 4.5401 - accuracy: 0.2667 - val_loss: 4.3415 - val_accuracy: 0.4000 - lr: 1.0000e-04
Epoch 22/30
2/2 [==============================] - 1s 795ms/step - loss: 4.4368 - accuracy: 0.2667 - val_loss: 4.2481 - val_accuracy: 0.4000 - lr: 1.0000e-04
Epoch 23/30
2/2 [==============================] - 1s 761ms/step - loss: 4.4344 - accuracy: 0.3000 - val_loss: 4.1683 - val_accuracy: 0.4000 - lr: 1.0000e-04
Epoch 24/30
2/2 [==============================] - 1s 731ms/step - loss: 4.3098 - accuracy: 0.3167 - val_loss: 4.1058 - val_accuracy: 0.4000 - lr: 1.0000e-04
Epoch 25/30
2/2 [==============================] - 1s 764ms/step - loss: 4.1475 - accuracy: 0.3833 - val_loss: 4.0507 - val_accuracy: 0.4000 - lr: 1.0000e-04
Epoch 26/30
2/2 [==============================] - 1s 710ms/step - loss: 4.2431 - accuracy: 0.2833 - val_loss: 4.0034 - val_accuracy: 0.4000 - lr: 1.0000e-04
Epoch 27/30
2/2 [==============================] - 1s 753ms/step - loss: 4.1909 - accuracy: 0.3167 - val_loss: 3.9462 - val_accuracy: 0.4000 - lr: 1.0000e-04
Epoch 28/30
2/2 [==============================] - 1s 698ms/step - loss: 3.9597 - accuracy: 0.3333 - val_loss: 3.8751 - val_accuracy: 0.6000 - lr: 1.0000e-04
Epoch 29/30
2/2 [==============================] - 1s 765ms/step - loss: 4.1881 - accuracy: 0.2167 - val_loss: 3.8172 - val_accuracy: 0.4000 - lr: 1.0000e-04
Epoch 30/30
2/2 [==============================] - 1s 777ms/step - loss: 3.9588 - accuracy: 0.3667 - val_loss: 3.7727 - val_accuracy: 0.4000 - lr: 1.0000e-04
1/1 [==============================] - 0s 89ms/step - loss: 4.0260 - accuracy: 0.2857
Found 60 images belonging to 6 classes.
Found 5 images belonging to 6 classes.
Found 7 images belonging to 6 classes.
Epoch 1/20
2/2 [==============================] - ETA: 0s - loss: 7.3112 - accuracy: 0.1833C:\Users\tom.zbc\PycharmProjects\fungis_bacterias_project\.venv\lib\site-packages\keras\src\engine\training.py:3000: UserWarning: You are saving your model as an HDF5 file via `model.save()`. This file format is considered legacy. We recommend using instead the native Keras format, e.g. `model.save('my_model.keras')`.
  saving_api.save_model(
2/2 [==============================] - 2s 876ms/step - loss: 7.3112 - accuracy: 0.1833 - val_loss: 7.0646 - val_accuracy: 0.2000 - lr: 1.0000e-04
Epoch 2/20
2/2 [==============================] - 1s 767ms/step - loss: 7.0923 - accuracy: 0.2000 - val_loss: 6.8992 - val_accuracy: 0.4000 - lr: 1.0000e-04
Epoch 3/20
2/2 [==============================] - 1s 701ms/step - loss: 6.9814 - accuracy: 0.1667 - val_loss: 6.7368 - val_accuracy: 0.2000 - lr: 1.0000e-04
Epoch 4/20
2/2 [==============================] - 1s 757ms/step - loss: 6.8315 - accuracy: 0.1333 - val_loss: 6.5984 - val_accuracy: 0.2000 - lr: 1.0000e-04
Epoch 5/20
2/2 [==============================] - 1s 794ms/step - loss: 6.5891 - accuracy: 0.2833 - val_loss: 6.4374 - val_accuracy: 0.2000 - lr: 1.0000e-04
Epoch 6/20
2/2 [==============================] - 1s 763ms/step - loss: 6.4491 - accuracy: 0.2500 - val_loss: 6.2940 - val_accuracy: 0.2000 - lr: 1.0000e-04
Epoch 7/20
2/2 [==============================] - 1s 707ms/step - loss: 6.3149 - accuracy: 0.1833 - val_loss: 6.1686 - val_accuracy: 0.2000 - lr: 1.0000e-04
Epoch 8/20
2/2 [==============================] - 1s 796ms/step - loss: 6.1168 - accuracy: 0.2667 - val_loss: 6.0492 - val_accuracy: 0.4000 - lr: 1.0000e-04
Epoch 9/20
2/2 [==============================] - 1s 788ms/step - loss: 6.0434 - accuracy: 0.2333 - val_loss: 5.9139 - val_accuracy: 0.4000 - lr: 1.0000e-04
Epoch 10/20
2/2 [==============================] - 1s 732ms/step - loss: 5.9714 - accuracy: 0.2167 - val_loss: 5.7868 - val_accuracy: 0.4000 - lr: 1.0000e-04
Epoch 11/20
2/2 [==============================] - 1s 722ms/step - loss: 5.8079 - accuracy: 0.1833 - val_loss: 5.6493 - val_accuracy: 0.4000 - lr: 1.0000e-04
Epoch 12/20
2/2 [==============================] - 1s 798ms/step - loss: 5.6230 - accuracy: 0.3333 - val_loss: 5.5070 - val_accuracy: 0.2000 - lr: 1.0000e-04
Epoch 13/20
2/2 [==============================] - 1s 687ms/step - loss: 5.5369 - accuracy: 0.2167 - val_loss: 5.3707 - val_accuracy: 0.4000 - lr: 1.0000e-04
Epoch 14/20
2/2 [==============================] - 1s 790ms/step - loss: 5.4083 - accuracy: 0.3000 - val_loss: 5.2424 - val_accuracy: 0.4000 - lr: 1.0000e-04
Epoch 15/20
2/2 [==============================] - 1s 765ms/step - loss: 5.2836 - accuracy: 0.2833 - val_loss: 5.1287 - val_accuracy: 0.4000 - lr: 1.0000e-04
Epoch 16/20
2/2 [==============================] - 1s 692ms/step - loss: 5.1788 - accuracy: 0.3000 - val_loss: 5.0330 - val_accuracy: 0.4000 - lr: 1.0000e-04
Epoch 17/20
2/2 [==============================] - 1s 696ms/step - loss: 5.1834 - accuracy: 0.2833 - val_loss: 4.9609 - val_accuracy: 0.4000 - lr: 1.0000e-04
Epoch 18/20
2/2 [==============================] - 1s 760ms/step - loss: 4.9709 - accuracy: 0.3000 - val_loss: 4.8777 - val_accuracy: 0.4000 - lr: 1.0000e-04
Epoch 19/20
2/2 [==============================] - 1s 749ms/step - loss: 4.9078 - accuracy: 0.3000 - val_loss: 4.8053 - val_accuracy: 0.4000 - lr: 1.0000e-04
Epoch 20/20
2/2 [==============================] - 1s 796ms/step - loss: 4.8248 - accuracy: 0.3333 - val_loss: 4.7350 - val_accuracy: 0.4000 - lr: 1.0000e-04
1/1 [==============================] - 0s 91ms/step - loss: 4.8653 - accuracy: 0.1429
Found 60 images belonging to 6 classes.
Found 5 images belonging to 6 classes.
Found 7 images belonging to 6 classes.
Epoch 1/30
2/2 [==============================] - ETA: 0s - loss: 7.3576 - accuracy: 0.1333C:\Users\tom.zbc\PycharmProjects\fungis_bacterias_project\.venv\lib\site-packages\keras\src\engine\training.py:3000: UserWarning: You are saving your model as an HDF5 file via `model.save()`. This file format is considered legacy. We recommend using instead the native Keras format, e.g. `model.save('my_model.keras')`.
  saving_api.save_model(
2/2 [==============================] - 2s 904ms/step - loss: 7.3576 - accuracy: 0.1333 - val_loss: 7.1293 - val_accuracy: 0.2000 - lr: 1.0000e-04
Epoch 2/30
2/2 [==============================] - 1s 833ms/step - loss: 7.1758 - accuracy: 0.1167 - val_loss: 7.0217 - val_accuracy: 0.2000 - lr: 1.0000e-04
Epoch 3/30
2/2 [==============================] - 1s 744ms/step - loss: 6.9796 - accuracy: 0.1667 - val_loss: 6.9015 - val_accuracy: 0.2000 - lr: 1.0000e-04
Epoch 4/30
2/2 [==============================] - 1s 805ms/step - loss: 6.7633 - accuracy: 0.2667 - val_loss: 6.7185 - val_accuracy: 0.2000 - lr: 1.0000e-04
Epoch 5/30
2/2 [==============================] - 1s 811ms/step - loss: 6.6075 - accuracy: 0.2333 - val_loss: 6.5185 - val_accuracy: 0.2000 - lr: 1.0000e-04
Epoch 6/30
2/2 [==============================] - 1s 724ms/step - loss: 6.6290 - accuracy: 0.1333 - val_loss: 6.3248 - val_accuracy: 0.4000 - lr: 1.0000e-04
Epoch 7/30
2/2 [==============================] - 1s 784ms/step - loss: 6.4144 - accuracy: 0.2000 - val_loss: 6.1813 - val_accuracy: 0.6000 - lr: 1.0000e-04
Epoch 8/30
2/2 [==============================] - 1s 709ms/step - loss: 6.2415 - accuracy: 0.2500 - val_loss: 6.0368 - val_accuracy: 0.6000 - lr: 1.0000e-04
Epoch 9/30
2/2 [==============================] - 1s 780ms/step - loss: 6.0832 - accuracy: 0.2167 - val_loss: 5.9090 - val_accuracy: 0.6000 - lr: 1.0000e-04
Epoch 10/30
2/2 [==============================] - 1s 776ms/step - loss: 5.9142 - accuracy: 0.3000 - val_loss: 5.8102 - val_accuracy: 0.6000 - lr: 1.0000e-04
Epoch 11/30
2/2 [==============================] - 1s 782ms/step - loss: 5.8471 - accuracy: 0.2333 - val_loss: 5.7218 - val_accuracy: 0.6000 - lr: 1.0000e-04
Epoch 12/30
2/2 [==============================] - 1s 722ms/step - loss: 5.7640 - accuracy: 0.1667 - val_loss: 5.6312 - val_accuracy: 0.2000 - lr: 1.0000e-04
Epoch 13/30
2/2 [==============================] - 1s 707ms/step - loss: 5.5596 - accuracy: 0.3500 - val_loss: 5.5285 - val_accuracy: 0.2000 - lr: 1.0000e-04
Epoch 14/30
2/2 [==============================] - 1s 801ms/step - loss: 5.3896 - accuracy: 0.4333 - val_loss: 5.4394 - val_accuracy: 0.2000 - lr: 1.0000e-04
Epoch 15/30
2/2 [==============================] - 1s 774ms/step - loss: 5.4159 - accuracy: 0.2333 - val_loss: 5.3328 - val_accuracy: 0.2000 - lr: 1.0000e-04
Epoch 16/30
2/2 [==============================] - 1s 700ms/step - loss: 5.3505 - accuracy: 0.2833 - val_loss: 5.2222 - val_accuracy: 0.4000 - lr: 1.0000e-04
Epoch 17/30
2/2 [==============================] - 1s 811ms/step - loss: 5.2757 - accuracy: 0.2833 - val_loss: 5.1193 - val_accuracy: 0.4000 - lr: 1.0000e-04
Epoch 18/30
2/2 [==============================] - 1s 815ms/step - loss: 5.2041 - accuracy: 0.2667 - val_loss: 5.0220 - val_accuracy: 0.4000 - lr: 1.0000e-04
Epoch 19/30
2/2 [==============================] - 1s 806ms/step - loss: 5.0540 - accuracy: 0.3333 - val_loss: 4.9365 - val_accuracy: 0.6000 - lr: 1.0000e-04
Epoch 20/30
2/2 [==============================] - 1s 736ms/step - loss: 4.9730 - accuracy: 0.2500 - val_loss: 4.8614 - val_accuracy: 0.4000 - lr: 1.0000e-04
Epoch 21/30
2/2 [==============================] - 1s 774ms/step - loss: 4.9349 - accuracy: 0.2833 - val_loss: 4.7737 - val_accuracy: 0.4000 - lr: 1.0000e-04
Epoch 22/30
2/2 [==============================] - 1s 852ms/step - loss: 4.7694 - accuracy: 0.3500 - val_loss: 4.7093 - val_accuracy: 0.4000 - lr: 1.0000e-04
Epoch 23/30
2/2 [==============================] - 1s 724ms/step - loss: 4.6866 - accuracy: 0.4167 - val_loss: 4.6382 - val_accuracy: 0.4000 - lr: 1.0000e-04
Epoch 24/30
2/2 [==============================] - 1s 804ms/step - loss: 4.6984 - accuracy: 0.2833 - val_loss: 4.5647 - val_accuracy: 0.4000 - lr: 1.0000e-04
Epoch 25/30
2/2 [==============================] - 1s 731ms/step - loss: 4.6827 - accuracy: 0.2500 - val_loss: 4.5068 - val_accuracy: 0.4000 - lr: 1.0000e-04
Epoch 26/30
2/2 [==============================] - 1s 766ms/step - loss: 4.5135 - accuracy: 0.3500 - val_loss: 4.4590 - val_accuracy: 0.4000 - lr: 1.0000e-04
Epoch 27/30
2/2 [==============================] - 1s 736ms/step - loss: 4.5217 - accuracy: 0.3333 - val_loss: 4.4097 - val_accuracy: 0.4000 - lr: 1.0000e-04
Epoch 28/30
2/2 [==============================] - 1s 814ms/step - loss: 4.5241 - accuracy: 0.3000 - val_loss: 4.3552 - val_accuracy: 0.4000 - lr: 1.0000e-04
Epoch 29/30
2/2 [==============================] - 1s 774ms/step - loss: 4.3364 - accuracy: 0.3833 - val_loss: 4.2804 - val_accuracy: 0.4000 - lr: 1.0000e-04
Epoch 30/30
2/2 [==============================] - 1s 785ms/step - loss: 4.3437 - accuracy: 0.3833 - val_loss: 4.2142 - val_accuracy: 0.6000 - lr: 1.0000e-04
1/1 [==============================] - 0s 87ms/step - loss: 4.3923 - accuracy: 0.1429
Found 60 images belonging to 6 classes.
Found 5 images belonging to 6 classes.
Found 7 images belonging to 6 classes.
Epoch 1/20
2/2 [==============================] - ETA: 0s - loss: 7.3054 - accuracy: 0.2000C:\Users\tom.zbc\PycharmProjects\fungis_bacterias_project\.venv\lib\site-packages\keras\src\engine\training.py:3000: UserWarning: You are saving your model as an HDF5 file via `model.save()`. This file format is considered legacy. We recommend using instead the native Keras format, e.g. `model.save('my_model.keras')`.
  saving_api.save_model(
2/2 [==============================] - 2s 846ms/step - loss: 7.3054 - accuracy: 0.2000 - val_loss: 7.0991 - val_accuracy: 0.0000e+00 - lr: 1.0000e-04
Epoch 2/20
2/2 [==============================] - 1s 791ms/step - loss: 7.0638 - accuracy: 0.2167 - val_loss: 6.9286 - val_accuracy: 0.0000e+00 - lr: 1.0000e-04
Epoch 3/20
2/2 [==============================] - 1s 779ms/step - loss: 6.9136 - accuracy: 0.1000 - val_loss: 6.7722 - val_accuracy: 0.2000 - lr: 1.0000e-04
Epoch 4/20
2/2 [==============================] - 1s 719ms/step - loss: 6.7255 - accuracy: 0.1667 - val_loss: 6.6186 - val_accuracy: 0.0000e+00 - lr: 1.0000e-04
Epoch 5/20
2/2 [==============================] - 1s 798ms/step - loss: 6.4546 - accuracy: 0.1500 - val_loss: 6.4584 - val_accuracy: 0.0000e+00 - lr: 1.0000e-04
Epoch 6/20
2/2 [==============================] - 1s 779ms/step - loss: 6.3749 - accuracy: 0.2000 - val_loss: 6.2740 - val_accuracy: 0.2000 - lr: 1.0000e-04
Epoch 7/20
2/2 [==============================] - 1s 789ms/step - loss: 6.2278 - accuracy: 0.2000 - val_loss: 6.1228 - val_accuracy: 0.2000 - lr: 1.0000e-04
Epoch 8/20
2/2 [==============================] - 1s 731ms/step - loss: 6.0144 - accuracy: 0.2000 - val_loss: 5.9749 - val_accuracy: 0.2000 - lr: 1.0000e-04
Epoch 9/20
2/2 [==============================] - 1s 728ms/step - loss: 5.8958 - accuracy: 0.1500 - val_loss: 5.8216 - val_accuracy: 0.2000 - lr: 1.0000e-04
Epoch 10/20
2/2 [==============================] - 1s 785ms/step - loss: 5.7547 - accuracy: 0.2833 - val_loss: 5.6697 - val_accuracy: 0.2000 - lr: 1.0000e-04
Epoch 11/20
2/2 [==============================] - 1s 720ms/step - loss: 5.5882 - accuracy: 0.3000 - val_loss: 5.5217 - val_accuracy: 0.2000 - lr: 1.0000e-04
Epoch 12/20
2/2 [==============================] - 1s 797ms/step - loss: 5.5342 - accuracy: 0.2000 - val_loss: 5.3884 - val_accuracy: 0.2000 - lr: 1.0000e-04
Epoch 13/20
2/2 [==============================] - 1s 758ms/step - loss: 5.3707 - accuracy: 0.2500 - val_loss: 5.2592 - val_accuracy: 0.2000 - lr: 1.0000e-04
Epoch 14/20
2/2 [==============================] - 2s 1s/step - loss: 5.2180 - accuracy: 0.3833 - val_loss: 5.1241 - val_accuracy: 0.4000 - lr: 1.0000e-04
Epoch 15/20
2/2 [==============================] - 1s 833ms/step - loss: 5.1501 - accuracy: 0.2833 - val_loss: 5.0135 - val_accuracy: 0.2000 - lr: 1.0000e-04
Epoch 16/20
2/2 [==============================] - 1s 765ms/step - loss: 5.0687 - accuracy: 0.2667 - val_loss: 4.9089 - val_accuracy: 0.2000 - lr: 1.0000e-04
Epoch 17/20
2/2 [==============================] - 1s 818ms/step - loss: 4.9443 - accuracy: 0.2667 - val_loss: 4.8133 - val_accuracy: 0.2000 - lr: 1.0000e-04
Epoch 18/20
2/2 [==============================] - 1s 815ms/step - loss: 4.8280 - accuracy: 0.2667 - val_loss: 4.7180 - val_accuracy: 0.4000 - lr: 1.0000e-04
Epoch 19/20
2/2 [==============================] - 1s 749ms/step - loss: 4.7185 - accuracy: 0.3333 - val_loss: 4.6286 - val_accuracy: 0.4000 - lr: 1.0000e-04
Epoch 20/20
2/2 [==============================] - 1s 754ms/step - loss: 4.7320 - accuracy: 0.2833 - val_loss: 4.5409 - val_accuracy: 0.4000 - lr: 1.0000e-04
1/1 [==============================] - 0s 89ms/step - loss: 4.5656 - accuracy: 0.2857
Found 60 images belonging to 6 classes.
Found 5 images belonging to 6 classes.
Found 7 images belonging to 6 classes.
Epoch 1/30
2/2 [==============================] - ETA: 0s - loss: 7.3335 - accuracy: 0.1833C:\Users\tom.zbc\PycharmProjects\fungis_bacterias_project\.venv\lib\site-packages\keras\src\engine\training.py:3000: UserWarning: You are saving your model as an HDF5 file via `model.save()`. This file format is considered legacy. We recommend using instead the native Keras format, e.g. `model.save('my_model.keras')`.
  saving_api.save_model(
2/2 [==============================] - 2s 968ms/step - loss: 7.3335 - accuracy: 0.1833 - val_loss: 7.2220 - val_accuracy: 0.0000e+00 - lr: 1.0000e-04
Epoch 2/30
2/2 [==============================] - 1s 827ms/step - loss: 7.1199 - accuracy: 0.1167 - val_loss: 7.0759 - val_accuracy: 0.0000e+00 - lr: 1.0000e-04
Epoch 3/30
2/2 [==============================] - 1s 707ms/step - loss: 6.9067 - accuracy: 0.1667 - val_loss: 6.8254 - val_accuracy: 0.0000e+00 - lr: 1.0000e-04
Epoch 4/30
2/2 [==============================] - 1s 810ms/step - loss: 6.7711 - accuracy: 0.1833 - val_loss: 6.5937 - val_accuracy: 0.0000e+00 - lr: 1.0000e-04
Epoch 5/30
2/2 [==============================] - 1s 794ms/step - loss: 6.5509 - accuracy: 0.2500 - val_loss: 6.3741 - val_accuracy: 0.0000e+00 - lr: 1.0000e-04
Epoch 6/30
2/2 [==============================] - 1s 838ms/step - loss: 6.3983 - accuracy: 0.2000 - val_loss: 6.2016 - val_accuracy: 0.2000 - lr: 1.0000e-04
Epoch 7/30
2/2 [==============================] - 1s 820ms/step - loss: 6.2284 - accuracy: 0.2333 - val_loss: 6.0295 - val_accuracy: 0.4000 - lr: 1.0000e-04
Epoch 8/30
2/2 [==============================] - 1s 776ms/step - loss: 6.0834 - accuracy: 0.2333 - val_loss: 5.8798 - val_accuracy: 0.2000 - lr: 1.0000e-04
Epoch 9/30
2/2 [==============================] - 1s 875ms/step - loss: 6.0077 - accuracy: 0.1833 - val_loss: 5.7411 - val_accuracy: 0.4000 - lr: 1.0000e-04
Epoch 10/30
2/2 [==============================] - 1s 849ms/step - loss: 5.7844 - accuracy: 0.3000 - val_loss: 5.6095 - val_accuracy: 0.4000 - lr: 1.0000e-04
Epoch 11/30
2/2 [==============================] - 1s 734ms/step - loss: 5.7325 - accuracy: 0.2000 - val_loss: 5.4863 - val_accuracy: 0.4000 - lr: 1.0000e-04
Epoch 12/30
2/2 [==============================] - 1s 743ms/step - loss: 5.7036 - accuracy: 0.2000 - val_loss: 5.3662 - val_accuracy: 0.4000 - lr: 1.0000e-04
Epoch 13/30
2/2 [==============================] - 1s 844ms/step - loss: 5.4599 - accuracy: 0.3167 - val_loss: 5.2575 - val_accuracy: 0.4000 - lr: 1.0000e-04
Epoch 14/30
2/2 [==============================] - 1s 747ms/step - loss: 5.3596 - accuracy: 0.3167 - val_loss: 5.1449 - val_accuracy: 0.4000 - lr: 1.0000e-04
Epoch 15/30
2/2 [==============================] - 1s 743ms/step - loss: 5.3287 - accuracy: 0.2667 - val_loss: 5.0395 - val_accuracy: 0.4000 - lr: 1.0000e-04
Epoch 16/30
2/2 [==============================] - 1s 828ms/step - loss: 5.2358 - accuracy: 0.1833 - val_loss: 4.9398 - val_accuracy: 0.4000 - lr: 1.0000e-04
Epoch 17/30
2/2 [==============================] - 1s 847ms/step - loss: 5.0828 - accuracy: 0.3000 - val_loss: 4.8483 - val_accuracy: 0.4000 - lr: 1.0000e-04
Epoch 18/30
2/2 [==============================] - 1s 881ms/step - loss: 5.0461 - accuracy: 0.2000 - val_loss: 4.7662 - val_accuracy: 0.4000 - lr: 1.0000e-04
Epoch 19/30
2/2 [==============================] - 1s 766ms/step - loss: 4.8616 - accuracy: 0.3167 - val_loss: 4.6899 - val_accuracy: 0.4000 - lr: 1.0000e-04
Epoch 20/30
2/2 [==============================] - 1s 821ms/step - loss: 4.7950 - accuracy: 0.2833 - val_loss: 4.6147 - val_accuracy: 0.4000 - lr: 1.0000e-04
Epoch 21/30
2/2 [==============================] - 1s 746ms/step - loss: 4.7167 - accuracy: 0.2500 - val_loss: 4.5403 - val_accuracy: 0.4000 - lr: 1.0000e-04
Epoch 22/30
2/2 [==============================] - 1s 799ms/step - loss: 4.6993 - accuracy: 0.2000 - val_loss: 4.4731 - val_accuracy: 0.4000 - lr: 1.0000e-04
Epoch 23/30
2/2 [==============================] - 1s 833ms/step - loss: 4.5781 - accuracy: 0.2667 - val_loss: 4.4093 - val_accuracy: 0.4000 - lr: 1.0000e-04
Epoch 24/30
2/2 [==============================] - 1s 816ms/step - loss: 4.5113 - accuracy: 0.3500 - val_loss: 4.3490 - val_accuracy: 0.4000 - lr: 1.0000e-04
Epoch 25/30
2/2 [==============================] - 1s 809ms/step - loss: 4.4475 - accuracy: 0.2833 - val_loss: 4.2965 - val_accuracy: 0.6000 - lr: 1.0000e-04
Epoch 26/30
2/2 [==============================] - 1s 743ms/step - loss: 4.4271 - accuracy: 0.3000 - val_loss: 4.2411 - val_accuracy: 0.6000 - lr: 1.0000e-04
Epoch 27/30
2/2 [==============================] - 1s 774ms/step - loss: 4.3399 - accuracy: 0.2833 - val_loss: 4.2032 - val_accuracy: 0.6000 - lr: 1.0000e-04
Epoch 28/30
2/2 [==============================] - 1s 748ms/step - loss: 4.2592 - accuracy: 0.3667 - val_loss: 4.1587 - val_accuracy: 0.4000 - lr: 1.0000e-04
Epoch 29/30
2/2 [==============================] - 1s 758ms/step - loss: 4.2668 - accuracy: 0.3333 - val_loss: 4.1033 - val_accuracy: 0.4000 - lr: 1.0000e-04
Epoch 30/30
2/2 [==============================] - 1s 720ms/step - loss: 4.1658 - accuracy: 0.2833 - val_loss: 4.0471 - val_accuracy: 0.4000 - lr: 1.0000e-04
1/1 [==============================] - 0s 100ms/step - loss: 4.0956 - accuracy: 0.2857
Found 60 images belonging to 6 classes.
Found 5 images belonging to 6 classes.
Found 7 images belonging to 6 classes.
Epoch 1/20
2/2 [==============================] - ETA: 0s - loss: 7.3360 - accuracy: 0.1833C:\Users\tom.zbc\PycharmProjects\fungis_bacterias_project\.venv\lib\site-packages\keras\src\engine\training.py:3000: UserWarning: You are saving your model as an HDF5 file via `model.save()`. This file format is considered legacy. We recommend using instead the native Keras format, e.g. `model.save('my_model.keras')`.
  saving_api.save_model(
2/2 [==============================] - 2s 895ms/step - loss: 7.3360 - accuracy: 0.1833 - val_loss: 7.2032 - val_accuracy: 0.2000 - lr: 1.0000e-04
Epoch 2/20
2/2 [==============================] - 1s 733ms/step - loss: 7.1926 - accuracy: 0.1000 - val_loss: 7.0074 - val_accuracy: 0.2000 - lr: 1.0000e-04
Epoch 3/20
2/2 [==============================] - 1s 837ms/step - loss: 6.9669 - accuracy: 0.1667 - val_loss: 6.8139 - val_accuracy: 0.2000 - lr: 1.0000e-04
Epoch 4/20
2/2 [==============================] - 1s 778ms/step - loss: 6.7962 - accuracy: 0.2000 - val_loss: 6.6564 - val_accuracy: 0.2000 - lr: 1.0000e-04
Epoch 5/20
2/2 [==============================] - 1s 734ms/step - loss: 6.7170 - accuracy: 0.2167 - val_loss: 6.4855 - val_accuracy: 0.2000 - lr: 1.0000e-04
Epoch 6/20
2/2 [==============================] - 1s 829ms/step - loss: 6.6126 - accuracy: 0.1667 - val_loss: 6.3181 - val_accuracy: 0.2000 - lr: 1.0000e-04
Epoch 7/20
2/2 [==============================] - 1s 706ms/step - loss: 6.3459 - accuracy: 0.2167 - val_loss: 6.1792 - val_accuracy: 0.4000 - lr: 1.0000e-04
Epoch 8/20
2/2 [==============================] - 1s 757ms/step - loss: 6.2950 - accuracy: 0.1833 - val_loss: 6.0665 - val_accuracy: 0.4000 - lr: 1.0000e-04
Epoch 9/20
2/2 [==============================] - 1s 771ms/step - loss: 6.1265 - accuracy: 0.1167 - val_loss: 5.9409 - val_accuracy: 0.4000 - lr: 1.0000e-04
Epoch 10/20
2/2 [==============================] - 1s 754ms/step - loss: 5.9999 - accuracy: 0.1667 - val_loss: 5.8015 - val_accuracy: 0.4000 - lr: 1.0000e-04
Epoch 11/20
2/2 [==============================] - 1s 756ms/step - loss: 5.8160 - accuracy: 0.2167 - val_loss: 5.6578 - val_accuracy: 0.4000 - lr: 1.0000e-04
Epoch 12/20
2/2 [==============================] - 1s 742ms/step - loss: 5.6870 - accuracy: 0.3333 - val_loss: 5.5336 - val_accuracy: 0.6000 - lr: 1.0000e-04
Epoch 13/20
2/2 [==============================] - 1s 828ms/step - loss: 5.6091 - accuracy: 0.2333 - val_loss: 5.4205 - val_accuracy: 0.6000 - lr: 1.0000e-04
Epoch 14/20
2/2 [==============================] - 1s 751ms/step - loss: 5.5155 - accuracy: 0.3167 - val_loss: 5.2943 - val_accuracy: 0.6000 - lr: 1.0000e-04
Epoch 15/20
2/2 [==============================] - 1s 748ms/step - loss: 5.3063 - accuracy: 0.3333 - val_loss: 5.1745 - val_accuracy: 0.4000 - lr: 1.0000e-04
Epoch 16/20
2/2 [==============================] - 1s 755ms/step - loss: 5.2543 - accuracy: 0.3500 - val_loss: 5.0612 - val_accuracy: 0.4000 - lr: 1.0000e-04
Epoch 17/20
2/2 [==============================] - 1s 759ms/step - loss: 5.1729 - accuracy: 0.2000 - val_loss: 4.9565 - val_accuracy: 0.4000 - lr: 1.0000e-04
Epoch 18/20
2/2 [==============================] - 1s 816ms/step - loss: 5.0804 - accuracy: 0.3000 - val_loss: 4.8610 - val_accuracy: 0.4000 - lr: 1.0000e-04
Epoch 19/20
2/2 [==============================] - 1s 734ms/step - loss: 5.0408 - accuracy: 0.2167 - val_loss: 4.7756 - val_accuracy: 0.4000 - lr: 1.0000e-04
Epoch 20/20
2/2 [==============================] - 1s 823ms/step - loss: 4.9978 - accuracy: 0.3167 - val_loss: 4.7024 - val_accuracy: 0.4000 - lr: 1.0000e-04
1/1 [==============================] - 0s 87ms/step - loss: 4.7955 - accuracy: 0.4286
Found 60 images belonging to 6 classes.
Found 5 images belonging to 6 classes.
Found 7 images belonging to 6 classes.
Epoch 1/30
2/2 [==============================] - ETA: 0s - loss: 7.3111 - accuracy: 0.2000C:\Users\tom.zbc\PycharmProjects\fungis_bacterias_project\.venv\lib\site-packages\keras\src\engine\training.py:3000: UserWarning: You are saving your model as an HDF5 file via `model.save()`. This file format is considered legacy. We recommend using instead the native Keras format, e.g. `model.save('my_model.keras')`.
  saving_api.save_model(
2/2 [==============================] - 2s 867ms/step - loss: 7.3111 - accuracy: 0.2000 - val_loss: 7.1375 - val_accuracy: 0.2000 - lr: 1.0000e-04
Epoch 2/30
2/2 [==============================] - 1s 726ms/step - loss: 7.1018 - accuracy: 0.1000 - val_loss: 6.9522 - val_accuracy: 0.0000e+00 - lr: 1.0000e-04
Epoch 3/30
2/2 [==============================] - 1s 794ms/step - loss: 6.9242 - accuracy: 0.2333 - val_loss: 6.7924 - val_accuracy: 0.2000 - lr: 1.0000e-04
Epoch 4/30
2/2 [==============================] - 1s 804ms/step - loss: 6.7220 - accuracy: 0.2167 - val_loss: 6.6465 - val_accuracy: 0.0000e+00 - lr: 1.0000e-04
Epoch 5/30
2/2 [==============================] - 1s 754ms/step - loss: 6.5766 - accuracy: 0.2500 - val_loss: 6.4817 - val_accuracy: 0.0000e+00 - lr: 1.0000e-04
Epoch 6/30
2/2 [==============================] - 1s 724ms/step - loss: 6.3986 - accuracy: 0.2833 - val_loss: 6.3105 - val_accuracy: 0.0000e+00 - lr: 1.0000e-04
Epoch 7/30
2/2 [==============================] - 1s 748ms/step - loss: 6.2336 - accuracy: 0.2000 - val_loss: 6.1541 - val_accuracy: 0.2000 - lr: 1.0000e-04
Epoch 8/30
2/2 [==============================] - 1s 742ms/step - loss: 6.1597 - accuracy: 0.2500 - val_loss: 6.0112 - val_accuracy: 0.2000 - lr: 1.0000e-04
Epoch 9/30
2/2 [==============================] - 1s 722ms/step - loss: 5.9749 - accuracy: 0.2333 - val_loss: 5.8669 - val_accuracy: 0.2000 - lr: 1.0000e-04
Epoch 10/30
2/2 [==============================] - 1s 811ms/step - loss: 5.8000 - accuracy: 0.3000 - val_loss: 5.7318 - val_accuracy: 0.2000 - lr: 1.0000e-04
Epoch 11/30
2/2 [==============================] - 1s 744ms/step - loss: 5.7119 - accuracy: 0.2333 - val_loss: 5.5921 - val_accuracy: 0.4000 - lr: 1.0000e-04
Epoch 12/30
2/2 [==============================] - 1s 697ms/step - loss: 5.6849 - accuracy: 0.1667 - val_loss: 5.4578 - val_accuracy: 0.4000 - lr: 1.0000e-04
Epoch 13/30
2/2 [==============================] - 1s 723ms/step - loss: 5.4932 - accuracy: 0.2500 - val_loss: 5.3374 - val_accuracy: 0.4000 - lr: 1.0000e-04
Epoch 14/30
2/2 [==============================] - 1s 784ms/step - loss: 5.4073 - accuracy: 0.2333 - val_loss: 5.2174 - val_accuracy: 0.4000 - lr: 1.0000e-04
Epoch 15/30
2/2 [==============================] - 1s 726ms/step - loss: 5.2913 - accuracy: 0.2667 - val_loss: 5.1023 - val_accuracy: 0.4000 - lr: 1.0000e-04
Epoch 16/30
2/2 [==============================] - 1s 739ms/step - loss: 5.1571 - accuracy: 0.2167 - val_loss: 5.0007 - val_accuracy: 0.4000 - lr: 1.0000e-04
Epoch 17/30
2/2 [==============================] - 1s 760ms/step - loss: 5.0694 - accuracy: 0.2833 - val_loss: 4.9079 - val_accuracy: 0.4000 - lr: 1.0000e-04
Epoch 18/30
2/2 [==============================] - 1s 810ms/step - loss: 4.9162 - accuracy: 0.3500 - val_loss: 4.8189 - val_accuracy: 0.4000 - lr: 1.0000e-04
Epoch 19/30
2/2 [==============================] - 1s 796ms/step - loss: 5.0266 - accuracy: 0.1833 - val_loss: 4.7308 - val_accuracy: 0.4000 - lr: 1.0000e-04
Epoch 20/30
2/2 [==============================] - 1s 741ms/step - loss: 4.8361 - accuracy: 0.2333 - val_loss: 4.6504 - val_accuracy: 0.6000 - lr: 1.0000e-04
Epoch 21/30
2/2 [==============================] - 1s 712ms/step - loss: 4.7545 - accuracy: 0.2667 - val_loss: 4.5716 - val_accuracy: 0.4000 - lr: 1.0000e-04
Epoch 22/30
2/2 [==============================] - 1s 777ms/step - loss: 4.5962 - accuracy: 0.3667 - val_loss: 4.5043 - val_accuracy: 0.4000 - lr: 1.0000e-04
Epoch 23/30
2/2 [==============================] - 1s 814ms/step - loss: 4.6669 - accuracy: 0.3000 - val_loss: 4.4356 - val_accuracy: 0.4000 - lr: 1.0000e-04
Epoch 24/30
2/2 [==============================] - 1s 812ms/step - loss: 4.5445 - accuracy: 0.3500 - val_loss: 4.3896 - val_accuracy: 0.4000 - lr: 1.0000e-04
Epoch 25/30
2/2 [==============================] - 1s 733ms/step - loss: 4.5952 - accuracy: 0.2167 - val_loss: 4.3424 - val_accuracy: 0.4000 - lr: 1.0000e-04
Epoch 26/30
2/2 [==============================] - 1s 832ms/step - loss: 4.4039 - accuracy: 0.3167 - val_loss: 4.2855 - val_accuracy: 0.2000 - lr: 1.0000e-04
Epoch 27/30
2/2 [==============================] - 1s 796ms/step - loss: 4.3319 - accuracy: 0.3333 - val_loss: 4.2239 - val_accuracy: 0.2000 - lr: 1.0000e-04
Epoch 28/30
2/2 [==============================] - 1s 822ms/step - loss: 4.2880 - accuracy: 0.3000 - val_loss: 4.1734 - val_accuracy: 0.2000 - lr: 1.0000e-04
Epoch 29/30
2/2 [==============================] - 1s 801ms/step - loss: 4.2515 - accuracy: 0.3000 - val_loss: 4.1370 - val_accuracy: 0.2000 - lr: 1.0000e-04
Epoch 30/30
2/2 [==============================] - 1s 737ms/step - loss: 4.2533 - accuracy: 0.3500 - val_loss: 4.0796 - val_accuracy: 0.2000 - lr: 1.0000e-04
1/1 [==============================] - 0s 92ms/step - loss: 4.1519 - accuracy: 0.0000e+00
Found 60 images belonging to 6 classes.
Found 5 images belonging to 6 classes.
Found 7 images belonging to 6 classes.
Epoch 1/20
2/2 [==============================] - ETA: 0s - loss: 7.7456 - accuracy: 0.1833C:\Users\tom.zbc\PycharmProjects\fungis_bacterias_project\.venv\lib\site-packages\keras\src\engine\training.py:3000: UserWarning: You are saving your model as an HDF5 file via `model.save()`. This file format is considered legacy. We recommend using instead the native Keras format, e.g. `model.save('my_model.keras')`.
  saving_api.save_model(
2/2 [==============================] - 3s 1s/step - loss: 7.7456 - accuracy: 0.1833 - val_loss: 7.4261 - val_accuracy: 0.2000 - lr: 1.0000e-04
Epoch 2/20
2/2 [==============================] - 2s 1s/step - loss: 7.4186 - accuracy: 0.1667 - val_loss: 7.2241 - val_accuracy: 0.2000 - lr: 1.0000e-04
Epoch 3/20
2/2 [==============================] - 2s 1s/step - loss: 7.2281 - accuracy: 0.2000 - val_loss: 6.9679 - val_accuracy: 0.2000 - lr: 1.0000e-04
Epoch 4/20
2/2 [==============================] - 2s 1s/step - loss: 6.8755 - accuracy: 0.2333 - val_loss: 6.7528 - val_accuracy: 0.4000 - lr: 1.0000e-04
Epoch 5/20
2/2 [==============================] - 2s 1s/step - loss: 6.7338 - accuracy: 0.2167 - val_loss: 6.4805 - val_accuracy: 0.4000 - lr: 1.0000e-04
Epoch 6/20
2/2 [==============================] - 2s 1s/step - loss: 6.4687 - accuracy: 0.1833 - val_loss: 6.2322 - val_accuracy: 0.4000 - lr: 1.0000e-04
Epoch 7/20
2/2 [==============================] - 2s 1s/step - loss: 6.2502 - accuracy: 0.2167 - val_loss: 6.0242 - val_accuracy: 0.6000 - lr: 1.0000e-04
Epoch 8/20
2/2 [==============================] - 2s 1s/step - loss: 6.0928 - accuracy: 0.2500 - val_loss: 5.8494 - val_accuracy: 0.4000 - lr: 1.0000e-04
Epoch 9/20
2/2 [==============================] - 2s 1s/step - loss: 5.8870 - accuracy: 0.3167 - val_loss: 5.6693 - val_accuracy: 0.4000 - lr: 1.0000e-04
Epoch 10/20
2/2 [==============================] - 2s 1s/step - loss: 5.7444 - accuracy: 0.2667 - val_loss: 5.5184 - val_accuracy: 0.4000 - lr: 1.0000e-04
Epoch 11/20
2/2 [==============================] - 2s 1s/step - loss: 5.5393 - accuracy: 0.3333 - val_loss: 5.3747 - val_accuracy: 0.2000 - lr: 1.0000e-04
Epoch 12/20
2/2 [==============================] - 2s 1s/step - loss: 5.4135 - accuracy: 0.2833 - val_loss: 5.2269 - val_accuracy: 0.2000 - lr: 1.0000e-04
Epoch 13/20
2/2 [==============================] - 2s 1s/step - loss: 5.1963 - accuracy: 0.3333 - val_loss: 5.0937 - val_accuracy: 0.4000 - lr: 1.0000e-04
Epoch 14/20
2/2 [==============================] - 2s 1s/step - loss: 5.0709 - accuracy: 0.3833 - val_loss: 4.9792 - val_accuracy: 0.4000 - lr: 1.0000e-04
Epoch 15/20
2/2 [==============================] - 2s 1s/step - loss: 4.9784 - accuracy: 0.4500 - val_loss: 4.8822 - val_accuracy: 0.4000 - lr: 1.0000e-04
Epoch 16/20
2/2 [==============================] - 2s 1s/step - loss: 4.9393 - accuracy: 0.3000 - val_loss: 4.7894 - val_accuracy: 0.4000 - lr: 1.0000e-04
Epoch 17/20
2/2 [==============================] - 2s 1s/step - loss: 4.8103 - accuracy: 0.3167 - val_loss: 4.7014 - val_accuracy: 0.2000 - lr: 1.0000e-04
Epoch 18/20
2/2 [==============================] - 2s 1s/step - loss: 4.6790 - accuracy: 0.3500 - val_loss: 4.5883 - val_accuracy: 0.4000 - lr: 1.0000e-04
Epoch 19/20
2/2 [==============================] - 2s 1s/step - loss: 4.6150 - accuracy: 0.2833 - val_loss: 4.4878 - val_accuracy: 0.4000 - lr: 1.0000e-04
Epoch 20/20
2/2 [==============================] - 2s 1s/step - loss: 4.4926 - accuracy: 0.3000 - val_loss: 4.3838 - val_accuracy: 0.4000 - lr: 1.0000e-04
1/1 [==============================] - 0s 111ms/step - loss: 4.4279 - accuracy: 0.2857
Found 60 images belonging to 6 classes.
Found 5 images belonging to 6 classes.
Found 7 images belonging to 6 classes.
Epoch 1/30
2/2 [==============================] - ETA: 0s - loss: 7.7636 - accuracy: 0.1333C:\Users\tom.zbc\PycharmProjects\fungis_bacterias_project\.venv\lib\site-packages\keras\src\engine\training.py:3000: UserWarning: You are saving your model as an HDF5 file via `model.save()`. This file format is considered legacy. We recommend using instead the native Keras format, e.g. `model.save('my_model.keras')`.
  saving_api.save_model(
2/2 [==============================] - 3s 1s/step - loss: 7.7636 - accuracy: 0.1333 - val_loss: 7.4795 - val_accuracy: 0.2000 - lr: 1.0000e-04
Epoch 2/30
2/2 [==============================] - 2s 1s/step - loss: 7.5219 - accuracy: 0.2667 - val_loss: 7.2421 - val_accuracy: 0.0000e+00 - lr: 1.0000e-04
Epoch 3/30
2/2 [==============================] - 2s 1s/step - loss: 7.1197 - accuracy: 0.2833 - val_loss: 7.0520 - val_accuracy: 0.0000e+00 - lr: 1.0000e-04
Epoch 4/30
2/2 [==============================] - 2s 1s/step - loss: 7.0599 - accuracy: 0.2333 - val_loss: 6.8719 - val_accuracy: 0.0000e+00 - lr: 1.0000e-04
Epoch 5/30
2/2 [==============================] - 2s 1s/step - loss: 6.8179 - accuracy: 0.2000 - val_loss: 6.6241 - val_accuracy: 0.0000e+00 - lr: 1.0000e-04
Epoch 6/30
2/2 [==============================] - 2s 1s/step - loss: 6.6804 - accuracy: 0.2500 - val_loss: 6.3619 - val_accuracy: 0.2000 - lr: 1.0000e-04
Epoch 7/30
2/2 [==============================] - 2s 1s/step - loss: 6.4138 - accuracy: 0.2500 - val_loss: 6.1769 - val_accuracy: 0.4000 - lr: 1.0000e-04
Epoch 8/30
2/2 [==============================] - 2s 1s/step - loss: 6.2707 - accuracy: 0.2000 - val_loss: 5.9833 - val_accuracy: 0.4000 - lr: 1.0000e-04
Epoch 9/30
2/2 [==============================] - 2s 1s/step - loss: 6.0392 - accuracy: 0.3000 - val_loss: 5.8250 - val_accuracy: 0.4000 - lr: 1.0000e-04
Epoch 10/30
2/2 [==============================] - 2s 1s/step - loss: 5.8906 - accuracy: 0.2000 - val_loss: 5.6966 - val_accuracy: 0.4000 - lr: 1.0000e-04
Epoch 11/30
2/2 [==============================] - 2s 1s/step - loss: 5.7705 - accuracy: 0.2167 - val_loss: 5.5728 - val_accuracy: 0.2000 - lr: 1.0000e-04
Epoch 12/30
2/2 [==============================] - 2s 1s/step - loss: 5.6035 - accuracy: 0.2500 - val_loss: 5.4650 - val_accuracy: 0.2000 - lr: 1.0000e-04
Epoch 13/30
2/2 [==============================] - 2s 1s/step - loss: 5.4063 - accuracy: 0.3167 - val_loss: 5.3708 - val_accuracy: 0.2000 - lr: 1.0000e-04
Epoch 14/30
2/2 [==============================] - 2s 1s/step - loss: 5.3345 - accuracy: 0.2667 - val_loss: 5.2821 - val_accuracy: 0.2000 - lr: 1.0000e-04
Epoch 15/30
2/2 [==============================] - 2s 1s/step - loss: 5.1411 - accuracy: 0.3333 - val_loss: 5.1875 - val_accuracy: 0.2000 - lr: 1.0000e-04
Epoch 16/30
2/2 [==============================] - 2s 1s/step - loss: 5.0726 - accuracy: 0.3333 - val_loss: 5.0809 - val_accuracy: 0.2000 - lr: 1.0000e-04
Epoch 17/30
2/2 [==============================] - 2s 1s/step - loss: 5.0703 - accuracy: 0.1833 - val_loss: 4.9731 - val_accuracy: 0.2000 - lr: 1.0000e-04
Epoch 18/30
2/2 [==============================] - 2s 1s/step - loss: 4.9372 - accuracy: 0.2833 - val_loss: 4.8632 - val_accuracy: 0.2000 - lr: 1.0000e-04
Epoch 19/30
2/2 [==============================] - 2s 1s/step - loss: 4.7689 - accuracy: 0.2833 - val_loss: 4.7641 - val_accuracy: 0.2000 - lr: 1.0000e-04
Epoch 20/30
2/2 [==============================] - 2s 1s/step - loss: 4.7134 - accuracy: 0.3500 - val_loss: 4.6617 - val_accuracy: 0.2000 - lr: 1.0000e-04
Epoch 21/30
2/2 [==============================] - 2s 1s/step - loss: 4.6908 - accuracy: 0.3167 - val_loss: 4.5764 - val_accuracy: 0.2000 - lr: 1.0000e-04
Epoch 22/30
2/2 [==============================] - 2s 1s/step - loss: 4.6810 - accuracy: 0.2667 - val_loss: 4.5019 - val_accuracy: 0.4000 - lr: 1.0000e-04
Epoch 23/30
2/2 [==============================] - 2s 1s/step - loss: 4.4603 - accuracy: 0.3333 - val_loss: 4.4437 - val_accuracy: 0.4000 - lr: 1.0000e-04
Epoch 24/30
2/2 [==============================] - 2s 1s/step - loss: 4.4755 - accuracy: 0.3500 - val_loss: 4.3783 - val_accuracy: 0.4000 - lr: 1.0000e-04
Epoch 25/30
2/2 [==============================] - 2s 1s/step - loss: 4.4011 - accuracy: 0.3167 - val_loss: 4.3041 - val_accuracy: 0.4000 - lr: 1.0000e-04
Epoch 26/30
2/2 [==============================] - 2s 1s/step - loss: 4.3561 - accuracy: 0.3000 - val_loss: 4.2437 - val_accuracy: 0.4000 - lr: 1.0000e-04
Epoch 27/30
2/2 [==============================] - 2s 1s/step - loss: 4.2654 - accuracy: 0.3333 - val_loss: 4.1971 - val_accuracy: 0.2000 - lr: 1.0000e-04
Epoch 28/30
2/2 [==============================] - 2s 1s/step - loss: 4.2990 - accuracy: 0.3333 - val_loss: 4.1553 - val_accuracy: 0.2000 - lr: 1.0000e-04
Epoch 29/30
2/2 [==============================] - 2s 1s/step - loss: 4.2123 - accuracy: 0.3333 - val_loss: 4.1203 - val_accuracy: 0.2000 - lr: 1.0000e-04
Epoch 30/30
2/2 [==============================] - 2s 1s/step - loss: 4.1506 - accuracy: 0.3000 - val_loss: 4.0738 - val_accuracy: 0.4000 - lr: 1.0000e-04
1/1 [==============================] - 0s 106ms/step - loss: 4.2208 - accuracy: 0.0000e+00
Found 60 images belonging to 6 classes.
Found 5 images belonging to 6 classes.
Found 7 images belonging to 6 classes.
Epoch 1/20
2/2 [==============================] - ETA: 0s - loss: 7.7338 - accuracy: 0.2000C:\Users\tom.zbc\PycharmProjects\fungis_bacterias_project\.venv\lib\site-packages\keras\src\engine\training.py:3000: UserWarning: You are saving your model as an HDF5 file via `model.save()`. This file format is considered legacy. We recommend using instead the native Keras format, e.g. `model.save('my_model.keras')`.
  saving_api.save_model(
2/2 [==============================] - 3s 1s/step - loss: 7.7338 - accuracy: 0.2000 - val_loss: 7.4994 - val_accuracy: 0.2000 - lr: 1.0000e-04
Epoch 2/20
2/2 [==============================] - 2s 1s/step - loss: 7.4509 - accuracy: 0.1667 - val_loss: 7.2199 - val_accuracy: 0.0000e+00 - lr: 1.0000e-04
Epoch 3/20
2/2 [==============================] - 2s 1s/step - loss: 7.1497 - accuracy: 0.2833 - val_loss: 6.9824 - val_accuracy: 0.2000 - lr: 1.0000e-04
Epoch 4/20
2/2 [==============================] - 2s 1s/step - loss: 6.9734 - accuracy: 0.2667 - val_loss: 6.7555 - val_accuracy: 0.0000e+00 - lr: 1.0000e-04
Epoch 5/20
2/2 [==============================] - 2s 1s/step - loss: 6.7680 - accuracy: 0.1667 - val_loss: 6.5281 - val_accuracy: 0.0000e+00 - lr: 1.0000e-04
Epoch 6/20
2/2 [==============================] - 2s 1s/step - loss: 6.5326 - accuracy: 0.2333 - val_loss: 6.3079 - val_accuracy: 0.0000e+00 - lr: 1.0000e-04
Epoch 7/20
2/2 [==============================] - 2s 1s/step - loss: 6.3693 - accuracy: 0.2000 - val_loss: 6.1284 - val_accuracy: 0.0000e+00 - lr: 1.0000e-04
Epoch 8/20
2/2 [==============================] - 2s 1s/step - loss: 6.1177 - accuracy: 0.1833 - val_loss: 5.9592 - val_accuracy: 0.0000e+00 - lr: 1.0000e-04
Epoch 9/20
2/2 [==============================] - 2s 1s/step - loss: 5.9686 - accuracy: 0.2167 - val_loss: 5.7952 - val_accuracy: 0.2000 - lr: 1.0000e-04
Epoch 10/20
2/2 [==============================] - 2s 1s/step - loss: 5.8344 - accuracy: 0.2000 - val_loss: 5.6402 - val_accuracy: 0.2000 - lr: 1.0000e-04
Epoch 11/20
2/2 [==============================] - 2s 1s/step - loss: 5.6053 - accuracy: 0.2667 - val_loss: 5.4899 - val_accuracy: 0.2000 - lr: 1.0000e-04
Epoch 12/20
2/2 [==============================] - 2s 1s/step - loss: 5.4814 - accuracy: 0.3333 - val_loss: 5.3580 - val_accuracy: 0.2000 - lr: 1.0000e-04
Epoch 13/20
2/2 [==============================] - 2s 1s/step - loss: 5.4336 - accuracy: 0.2333 - val_loss: 5.2307 - val_accuracy: 0.2000 - lr: 1.0000e-04
Epoch 14/20
2/2 [==============================] - 2s 1s/step - loss: 5.1954 - accuracy: 0.2833 - val_loss: 5.1124 - val_accuracy: 0.2000 - lr: 1.0000e-04
Epoch 15/20
2/2 [==============================] - 2s 1s/step - loss: 5.0561 - accuracy: 0.2833 - val_loss: 5.0049 - val_accuracy: 0.2000 - lr: 1.0000e-04
Epoch 16/20
2/2 [==============================] - 2s 1s/step - loss: 4.9590 - accuracy: 0.3667 - val_loss: 4.9096 - val_accuracy: 0.2000 - lr: 1.0000e-04
Epoch 17/20
2/2 [==============================] - 2s 1s/step - loss: 4.9310 - accuracy: 0.2000 - val_loss: 4.8132 - val_accuracy: 0.2000 - lr: 1.0000e-04
Epoch 18/20
2/2 [==============================] - 2s 1s/step - loss: 4.7311 - accuracy: 0.4000 - val_loss: 4.7107 - val_accuracy: 0.2000 - lr: 1.0000e-04
Epoch 19/20
2/2 [==============================] - 2s 1s/step - loss: 4.6686 - accuracy: 0.3333 - val_loss: 4.6010 - val_accuracy: 0.2000 - lr: 1.0000e-04
Epoch 20/20
2/2 [==============================] - 2s 1s/step - loss: 4.6282 - accuracy: 0.2500 - val_loss: 4.5043 - val_accuracy: 0.2000 - lr: 1.0000e-04
1/1 [==============================] - 0s 103ms/step - loss: 4.5181 - accuracy: 0.1429
Found 60 images belonging to 6 classes.
Found 5 images belonging to 6 classes.
Found 7 images belonging to 6 classes.
Epoch 1/30
2/2 [==============================] - ETA: 0s - loss: 7.7812 - accuracy: 0.1333C:\Users\tom.zbc\PycharmProjects\fungis_bacterias_project\.venv\lib\site-packages\keras\src\engine\training.py:3000: UserWarning: You are saving your model as an HDF5 file via `model.save()`. This file format is considered legacy. We recommend using instead the native Keras format, e.g. `model.save('my_model.keras')`.
  saving_api.save_model(
2/2 [==============================] - 3s 1s/step - loss: 7.7812 - accuracy: 0.1333 - val_loss: 7.4319 - val_accuracy: 0.0000e+00 - lr: 1.0000e-04
Epoch 2/30
2/2 [==============================] - 2s 1s/step - loss: 7.4959 - accuracy: 0.1167 - val_loss: 7.3178 - val_accuracy: 0.2000 - lr: 1.0000e-04
Epoch 3/30
2/2 [==============================] - 2s 1s/step - loss: 7.2323 - accuracy: 0.1833 - val_loss: 7.0741 - val_accuracy: 0.0000e+00 - lr: 1.0000e-04
Epoch 4/30
2/2 [==============================] - 2s 1s/step - loss: 6.9135 - accuracy: 0.2333 - val_loss: 6.8579 - val_accuracy: 0.0000e+00 - lr: 1.0000e-04
Epoch 5/30
2/2 [==============================] - 2s 1s/step - loss: 6.7960 - accuracy: 0.1833 - val_loss: 6.6465 - val_accuracy: 0.0000e+00 - lr: 1.0000e-04
Epoch 6/30
2/2 [==============================] - 2s 1s/step - loss: 6.4732 - accuracy: 0.2833 - val_loss: 6.4348 - val_accuracy: 0.0000e+00 - lr: 1.0000e-04
Epoch 7/30
2/2 [==============================] - 2s 1s/step - loss: 6.3427 - accuracy: 0.2000 - val_loss: 6.2321 - val_accuracy: 0.0000e+00 - lr: 1.0000e-04
Epoch 8/30
2/2 [==============================] - 2s 1s/step - loss: 6.1643 - accuracy: 0.2167 - val_loss: 6.0476 - val_accuracy: 0.0000e+00 - lr: 1.0000e-04
Epoch 9/30
2/2 [==============================] - 2s 1s/step - loss: 6.0381 - accuracy: 0.1500 - val_loss: 5.8580 - val_accuracy: 0.0000e+00 - lr: 1.0000e-04
Epoch 10/30
2/2 [==============================] - 2s 1s/step - loss: 5.8066 - accuracy: 0.1333 - val_loss: 5.6833 - val_accuracy: 0.0000e+00 - lr: 1.0000e-04
Epoch 11/30
2/2 [==============================] - 2s 1s/step - loss: 5.6522 - accuracy: 0.2000 - val_loss: 5.5105 - val_accuracy: 0.2000 - lr: 1.0000e-04
Epoch 12/30
2/2 [==============================] - 2s 1s/step - loss: 5.5108 - accuracy: 0.2333 - val_loss: 5.3454 - val_accuracy: 0.4000 - lr: 1.0000e-04
Epoch 13/30
2/2 [==============================] - 2s 1s/step - loss: 5.3902 - accuracy: 0.2500 - val_loss: 5.1847 - val_accuracy: 0.4000 - lr: 1.0000e-04
Epoch 14/30
2/2 [==============================] - 2s 1s/step - loss: 5.2292 - accuracy: 0.3500 - val_loss: 5.0441 - val_accuracy: 0.4000 - lr: 1.0000e-04
Epoch 15/30
2/2 [==============================] - 2s 1s/step - loss: 5.0556 - accuracy: 0.2833 - val_loss: 4.9106 - val_accuracy: 0.4000 - lr: 1.0000e-04
Epoch 16/30
2/2 [==============================] - 2s 1s/step - loss: 4.9849 - accuracy: 0.2667 - val_loss: 4.7830 - val_accuracy: 0.4000 - lr: 1.0000e-04
Epoch 17/30
2/2 [==============================] - 2s 1s/step - loss: 4.8951 - accuracy: 0.2333 - val_loss: 4.6645 - val_accuracy: 0.4000 - lr: 1.0000e-04
Epoch 18/30
2/2 [==============================] - 2s 1s/step - loss: 4.7931 - accuracy: 0.2000 - val_loss: 4.5590 - val_accuracy: 0.4000 - lr: 1.0000e-04
Epoch 19/30
2/2 [==============================] - 2s 1s/step - loss: 4.6559 - accuracy: 0.2833 - val_loss: 4.4643 - val_accuracy: 0.4000 - lr: 1.0000e-04
Epoch 20/30
2/2 [==============================] - 2s 1s/step - loss: 4.5909 - accuracy: 0.3000 - val_loss: 4.3635 - val_accuracy: 0.4000 - lr: 1.0000e-04
Epoch 21/30
2/2 [==============================] - 2s 1s/step - loss: 4.5436 - accuracy: 0.2833 - val_loss: 4.2706 - val_accuracy: 0.6000 - lr: 1.0000e-04
Epoch 22/30
2/2 [==============================] - 2s 1s/step - loss: 4.4352 - accuracy: 0.3833 - val_loss: 4.2008 - val_accuracy: 0.6000 - lr: 1.0000e-04
Epoch 23/30
2/2 [==============================] - 2s 1s/step - loss: 4.3465 - accuracy: 0.3500 - val_loss: 4.1385 - val_accuracy: 0.6000 - lr: 1.0000e-04
Epoch 24/30
2/2 [==============================] - 2s 1s/step - loss: 4.3953 - accuracy: 0.2000 - val_loss: 4.0818 - val_accuracy: 0.6000 - lr: 1.0000e-04
Epoch 25/30
2/2 [==============================] - 2s 1s/step - loss: 4.2038 - accuracy: 0.3333 - val_loss: 4.0403 - val_accuracy: 0.6000 - lr: 1.0000e-04
Epoch 26/30
2/2 [==============================] - 2s 1s/step - loss: 4.2423 - accuracy: 0.3333 - val_loss: 3.9988 - val_accuracy: 0.6000 - lr: 1.0000e-04
Epoch 27/30
2/2 [==============================] - 2s 1s/step - loss: 4.1161 - accuracy: 0.3667 - val_loss: 3.9429 - val_accuracy: 0.4000 - lr: 1.0000e-04
Epoch 28/30
2/2 [==============================] - 2s 1s/step - loss: 3.9905 - accuracy: 0.4667 - val_loss: 3.8845 - val_accuracy: 0.4000 - lr: 1.0000e-04
Epoch 29/30
2/2 [==============================] - 2s 1s/step - loss: 3.9593 - accuracy: 0.4333 - val_loss: 3.8462 - val_accuracy: 0.4000 - lr: 1.0000e-04
Epoch 30/30
2/2 [==============================] - 2s 1s/step - loss: 3.8999 - accuracy: 0.3667 - val_loss: 3.8104 - val_accuracy: 0.4000 - lr: 1.0000e-04
1/1 [==============================] - 0s 102ms/step - loss: 3.9126 - accuracy: 0.1429
Found 60 images belonging to 6 classes.
Found 5 images belonging to 6 classes.
Found 7 images belonging to 6 classes.
Epoch 1/20
2/2 [==============================] - ETA: 0s - loss: 7.7592 - accuracy: 0.1333C:\Users\tom.zbc\PycharmProjects\fungis_bacterias_project\.venv\lib\site-packages\keras\src\engine\training.py:3000: UserWarning: You are saving your model as an HDF5 file via `model.save()`. This file format is considered legacy. We recommend using instead the native Keras format, e.g. `model.save('my_model.keras')`.
  saving_api.save_model(
2/2 [==============================] - 2s 1s/step - loss: 7.7592 - accuracy: 0.1333 - val_loss: 7.4486 - val_accuracy: 0.2000 - lr: 1.0000e-04
Epoch 2/20
2/2 [==============================] - 2s 1s/step - loss: 7.4033 - accuracy: 0.2000 - val_loss: 7.1675 - val_accuracy: 0.2000 - lr: 1.0000e-04
Epoch 3/20
2/2 [==============================] - 2s 1s/step - loss: 7.1695 - accuracy: 0.2000 - val_loss: 6.8728 - val_accuracy: 0.2000 - lr: 1.0000e-04
Epoch 4/20
2/2 [==============================] - 2s 1s/step - loss: 6.8844 - accuracy: 0.2167 - val_loss: 6.6115 - val_accuracy: 0.2000 - lr: 1.0000e-04
Epoch 5/20
2/2 [==============================] - 2s 1s/step - loss: 6.7228 - accuracy: 0.1667 - val_loss: 6.3992 - val_accuracy: 0.2000 - lr: 1.0000e-04
Epoch 6/20
2/2 [==============================] - 2s 1s/step - loss: 6.5255 - accuracy: 0.2000 - val_loss: 6.2081 - val_accuracy: 0.4000 - lr: 1.0000e-04
Epoch 7/20
2/2 [==============================] - 2s 1s/step - loss: 6.3611 - accuracy: 0.1667 - val_loss: 6.0472 - val_accuracy: 0.6000 - lr: 1.0000e-04
Epoch 8/20
2/2 [==============================] - 2s 1s/step - loss: 6.0941 - accuracy: 0.2333 - val_loss: 5.8885 - val_accuracy: 0.4000 - lr: 1.0000e-04
Epoch 9/20
2/2 [==============================] - 2s 1s/step - loss: 5.8493 - accuracy: 0.2667 - val_loss: 5.7352 - val_accuracy: 0.4000 - lr: 1.0000e-04
Epoch 10/20
2/2 [==============================] - 2s 1s/step - loss: 5.7264 - accuracy: 0.3000 - val_loss: 5.5851 - val_accuracy: 0.4000 - lr: 1.0000e-04
Epoch 11/20
2/2 [==============================] - 2s 1s/step - loss: 5.6153 - accuracy: 0.1667 - val_loss: 5.4233 - val_accuracy: 0.4000 - lr: 1.0000e-04
Epoch 12/20
2/2 [==============================] - 2s 1s/step - loss: 5.4940 - accuracy: 0.1667 - val_loss: 5.2699 - val_accuracy: 0.6000 - lr: 1.0000e-04
Epoch 13/20
2/2 [==============================] - 2s 1s/step - loss: 5.3386 - accuracy: 0.2667 - val_loss: 5.1377 - val_accuracy: 0.6000 - lr: 1.0000e-04
Epoch 14/20
2/2 [==============================] - 2s 1s/step - loss: 5.1602 - accuracy: 0.3333 - val_loss: 5.0247 - val_accuracy: 0.6000 - lr: 1.0000e-04
Epoch 15/20
2/2 [==============================] - 2s 1s/step - loss: 5.0699 - accuracy: 0.3167 - val_loss: 4.9324 - val_accuracy: 0.6000 - lr: 1.0000e-04
Epoch 16/20
2/2 [==============================] - 2s 1s/step - loss: 5.0370 - accuracy: 0.2833 - val_loss: 4.8385 - val_accuracy: 0.6000 - lr: 1.0000e-04
Epoch 17/20
2/2 [==============================] - 2s 1s/step - loss: 4.9425 - accuracy: 0.2167 - val_loss: 4.7376 - val_accuracy: 0.6000 - lr: 1.0000e-04
Epoch 18/20
2/2 [==============================] - 2s 1s/step - loss: 4.7612 - accuracy: 0.3500 - val_loss: 4.6455 - val_accuracy: 0.6000 - lr: 1.0000e-04
Epoch 19/20
2/2 [==============================] - 2s 1s/step - loss: 4.6540 - accuracy: 0.3333 - val_loss: 4.5627 - val_accuracy: 0.6000 - lr: 1.0000e-04
Epoch 20/20
2/2 [==============================] - 2s 1s/step - loss: 4.6651 - accuracy: 0.1833 - val_loss: 4.4813 - val_accuracy: 0.6000 - lr: 1.0000e-04
1/1 [==============================] - 0s 98ms/step - loss: 4.5758 - accuracy: 0.4286
Found 60 images belonging to 6 classes.
Found 5 images belonging to 6 classes.
Found 7 images belonging to 6 classes.
Epoch 1/30
2/2 [==============================] - ETA: 0s - loss: 7.7845 - accuracy: 0.1167C:\Users\tom.zbc\PycharmProjects\fungis_bacterias_project\.venv\lib\site-packages\keras\src\engine\training.py:3000: UserWarning: You are saving your model as an HDF5 file via `model.save()`. This file format is considered legacy. We recommend using instead the native Keras format, e.g. `model.save('my_model.keras')`.
  saving_api.save_model(
2/2 [==============================] - 3s 1s/step - loss: 7.7845 - accuracy: 0.1167 - val_loss: 7.4743 - val_accuracy: 0.4000 - lr: 1.0000e-04
Epoch 2/30
2/2 [==============================] - 2s 1s/step - loss: 7.4289 - accuracy: 0.1667 - val_loss: 7.1944 - val_accuracy: 0.2000 - lr: 1.0000e-04
Epoch 3/30
2/2 [==============================] - 2s 1s/step - loss: 7.2476 - accuracy: 0.1833 - val_loss: 6.9107 - val_accuracy: 0.2000 - lr: 1.0000e-04
Epoch 4/30
2/2 [==============================] - 2s 1s/step - loss: 6.9167 - accuracy: 0.3000 - val_loss: 6.7229 - val_accuracy: 0.2000 - lr: 1.0000e-04
Epoch 5/30
2/2 [==============================] - 2s 1s/step - loss: 6.7637 - accuracy: 0.2000 - val_loss: 6.5416 - val_accuracy: 0.0000e+00 - lr: 1.0000e-04
Epoch 6/30
2/2 [==============================] - 2s 1s/step - loss: 6.6331 - accuracy: 0.1333 - val_loss: 6.3861 - val_accuracy: 0.2000 - lr: 1.0000e-04
Epoch 7/30
2/2 [==============================] - 2s 1s/step - loss: 6.3478 - accuracy: 0.1667 - val_loss: 6.2459 - val_accuracy: 0.2000 - lr: 1.0000e-04
Epoch 8/30
2/2 [==============================] - 2s 1s/step - loss: 6.2153 - accuracy: 0.1500 - val_loss: 6.0757 - val_accuracy: 0.2000 - lr: 1.0000e-04
Epoch 9/30
2/2 [==============================] - 2s 1s/step - loss: 5.9183 - accuracy: 0.3167 - val_loss: 5.8976 - val_accuracy: 0.2000 - lr: 1.0000e-04
Epoch 10/30
2/2 [==============================] - 2s 1s/step - loss: 5.9026 - accuracy: 0.2167 - val_loss: 5.7209 - val_accuracy: 0.2000 - lr: 1.0000e-04
Epoch 11/30
2/2 [==============================] - 2s 1s/step - loss: 5.6388 - accuracy: 0.3000 - val_loss: 5.5467 - val_accuracy: 0.2000 - lr: 1.0000e-04
Epoch 12/30
2/2 [==============================] - 3s 2s/step - loss: 5.5625 - accuracy: 0.2333 - val_loss: 5.3760 - val_accuracy: 0.2000 - lr: 1.0000e-04
Epoch 13/30
2/2 [==============================] - 3s 2s/step - loss: 5.4413 - accuracy: 0.2167 - val_loss: 5.2218 - val_accuracy: 0.2000 - lr: 1.0000e-04
Epoch 14/30
2/2 [==============================] - 2s 2s/step - loss: 5.2555 - accuracy: 0.3000 - val_loss: 5.0989 - val_accuracy: 0.2000 - lr: 1.0000e-04
Epoch 15/30
2/2 [==============================] - 3s 2s/step - loss: 5.1506 - accuracy: 0.3167 - val_loss: 4.9870 - val_accuracy: 0.2000 - lr: 1.0000e-04
Epoch 16/30
2/2 [==============================] - 3s 2s/step - loss: 4.9663 - accuracy: 0.3833 - val_loss: 4.8859 - val_accuracy: 0.2000 - lr: 1.0000e-04
Epoch 17/30
2/2 [==============================] - 3s 2s/step - loss: 4.9279 - accuracy: 0.2833 - val_loss: 4.7795 - val_accuracy: 0.2000 - lr: 1.0000e-04
Epoch 18/30
2/2 [==============================] - 2s 2s/step - loss: 4.8399 - accuracy: 0.3000 - val_loss: 4.6802 - val_accuracy: 0.2000 - lr: 1.0000e-04
Epoch 19/30
2/2 [==============================] - 3s 2s/step - loss: 4.7541 - accuracy: 0.2833 - val_loss: 4.5878 - val_accuracy: 0.4000 - lr: 1.0000e-04
Epoch 20/30
2/2 [==============================] - 3s 2s/step - loss: 4.6757 - accuracy: 0.2833 - val_loss: 4.4962 - val_accuracy: 0.4000 - lr: 1.0000e-04
Epoch 21/30
2/2 [==============================] - 3s 2s/step - loss: 4.6191 - accuracy: 0.2333 - val_loss: 4.4138 - val_accuracy: 0.4000 - lr: 1.0000e-04
Epoch 22/30
2/2 [==============================] - 2s 2s/step - loss: 4.5692 - accuracy: 0.2833 - val_loss: 4.3295 - val_accuracy: 0.4000 - lr: 1.0000e-04
Epoch 23/30
2/2 [==============================] - 2s 1s/step - loss: 4.4198 - accuracy: 0.3833 - val_loss: 4.2464 - val_accuracy: 0.4000 - lr: 1.0000e-04
Epoch 24/30
2/2 [==============================] - 2s 1s/step - loss: 4.3632 - accuracy: 0.3667 - val_loss: 4.1702 - val_accuracy: 0.2000 - lr: 1.0000e-04
Epoch 25/30
2/2 [==============================] - 2s 1s/step - loss: 4.3289 - accuracy: 0.3667 - val_loss: 4.0996 - val_accuracy: 0.4000 - lr: 1.0000e-04
Epoch 26/30
2/2 [==============================] - 2s 2s/step - loss: 4.2240 - accuracy: 0.3833 - val_loss: 4.0146 - val_accuracy: 0.4000 - lr: 1.0000e-04
Epoch 27/30
2/2 [==============================] - 2s 2s/step - loss: 4.2543 - accuracy: 0.2500 - val_loss: 3.9540 - val_accuracy: 0.4000 - lr: 1.0000e-04
Epoch 28/30
2/2 [==============================] - 2s 1s/step - loss: 4.0774 - accuracy: 0.4167 - val_loss: 3.8788 - val_accuracy: 0.4000 - lr: 1.0000e-04
Epoch 29/30
2/2 [==============================] - 2s 1s/step - loss: 4.0494 - accuracy: 0.4000 - val_loss: 3.8028 - val_accuracy: 0.6000 - lr: 1.0000e-04
Epoch 30/30
2/2 [==============================] - 2s 1s/step - loss: 4.1276 - accuracy: 0.2833 - val_loss: 3.7181 - val_accuracy: 0.6000 - lr: 1.0000e-04
1/1 [==============================] - 0s 104ms/step - loss: 3.8921 - accuracy: 0.2857
Found 60 images belonging to 6 classes.
Found 5 images belonging to 6 classes.
Found 7 images belonging to 6 classes.
Epoch 1/20
2/2 [==============================] - ETA: 0s - loss: 7.7531 - accuracy: 0.2000C:\Users\tom.zbc\PycharmProjects\fungis_bacterias_project\.venv\lib\site-packages\keras\src\engine\training.py:3000: UserWarning: You are saving your model as an HDF5 file via `model.save()`. This file format is considered legacy. We recommend using instead the native Keras format, e.g. `model.save('my_model.keras')`.
  saving_api.save_model(
2/2 [==============================] - 3s 1s/step - loss: 7.7531 - accuracy: 0.2000 - val_loss: 7.4785 - val_accuracy: 0.0000e+00 - lr: 1.0000e-04
Epoch 2/20
2/2 [==============================] - 2s 1s/step - loss: 7.4120 - accuracy: 0.1833 - val_loss: 7.2068 - val_accuracy: 0.0000e+00 - lr: 1.0000e-04
Epoch 3/20
2/2 [==============================] - 2s 1s/step - loss: 7.2160 - accuracy: 0.1500 - val_loss: 6.9557 - val_accuracy: 0.0000e+00 - lr: 1.0000e-04
Epoch 4/20
2/2 [==============================] - 2s 1s/step - loss: 6.9590 - accuracy: 0.1833 - val_loss: 6.7781 - val_accuracy: 0.0000e+00 - lr: 1.0000e-04
Epoch 5/20
2/2 [==============================] - 2s 1s/step - loss: 6.8041 - accuracy: 0.1500 - val_loss: 6.6004 - val_accuracy: 0.0000e+00 - lr: 1.0000e-04
Epoch 6/20
2/2 [==============================] - 2s 1s/step - loss: 6.5528 - accuracy: 0.2167 - val_loss: 6.4194 - val_accuracy: 0.2000 - lr: 1.0000e-04
Epoch 7/20
2/2 [==============================] - 2s 1s/step - loss: 6.3437 - accuracy: 0.2500 - val_loss: 6.2008 - val_accuracy: 0.4000 - lr: 1.0000e-04
Epoch 8/20
2/2 [==============================] - 2s 1s/step - loss: 6.0677 - accuracy: 0.2833 - val_loss: 5.9706 - val_accuracy: 0.4000 - lr: 1.0000e-04
Epoch 9/20
2/2 [==============================] - 2s 1s/step - loss: 5.9865 - accuracy: 0.2500 - val_loss: 5.7651 - val_accuracy: 0.4000 - lr: 1.0000e-04
Epoch 10/20
2/2 [==============================] - 2s 1s/step - loss: 5.7918 - accuracy: 0.2167 - val_loss: 5.5744 - val_accuracy: 0.4000 - lr: 1.0000e-04
Epoch 11/20
2/2 [==============================] - 2s 1s/step - loss: 5.6064 - accuracy: 0.3333 - val_loss: 5.4037 - val_accuracy: 0.4000 - lr: 1.0000e-04
Epoch 12/20
2/2 [==============================] - 2s 1s/step - loss: 5.4597 - accuracy: 0.2833 - val_loss: 5.2684 - val_accuracy: 0.4000 - lr: 1.0000e-04
Epoch 13/20
2/2 [==============================] - 2s 1s/step - loss: 5.3721 - accuracy: 0.2667 - val_loss: 5.1450 - val_accuracy: 0.4000 - lr: 1.0000e-04
Epoch 14/20
2/2 [==============================] - 2s 1s/step - loss: 5.2426 - accuracy: 0.2000 - val_loss: 5.0255 - val_accuracy: 0.4000 - lr: 1.0000e-04
Epoch 15/20
2/2 [==============================] - 2s 1s/step - loss: 5.1637 - accuracy: 0.2500 - val_loss: 4.9045 - val_accuracy: 0.4000 - lr: 1.0000e-04
Epoch 16/20
2/2 [==============================] - 2s 1s/step - loss: 5.0743 - accuracy: 0.2000 - val_loss: 4.7986 - val_accuracy: 0.4000 - lr: 1.0000e-04
Epoch 17/20
2/2 [==============================] - 2s 1s/step - loss: 4.9564 - accuracy: 0.1667 - val_loss: 4.7130 - val_accuracy: 0.4000 - lr: 1.0000e-04
Epoch 18/20
2/2 [==============================] - 2s 1s/step - loss: 4.8090 - accuracy: 0.2333 - val_loss: 4.6246 - val_accuracy: 0.4000 - lr: 1.0000e-04
Epoch 19/20
2/2 [==============================] - 2s 1s/step - loss: 4.7298 - accuracy: 0.2333 - val_loss: 4.5397 - val_accuracy: 0.4000 - lr: 1.0000e-04
Epoch 20/20
2/2 [==============================] - 2s 1s/step - loss: 4.5883 - accuracy: 0.3500 - val_loss: 4.4600 - val_accuracy: 0.4000 - lr: 1.0000e-04
1/1 [==============================] - 0s 106ms/step - loss: 4.4541 - accuracy: 0.4286
Found 60 images belonging to 6 classes.
Found 5 images belonging to 6 classes.
Found 7 images belonging to 6 classes.
Epoch 1/30
2/2 [==============================] - ETA: 0s - loss: 7.7544 - accuracy: 0.1167C:\Users\tom.zbc\PycharmProjects\fungis_bacterias_project\.venv\lib\site-packages\keras\src\engine\training.py:3000: UserWarning: You are saving your model as an HDF5 file via `model.save()`. This file format is considered legacy. We recommend using instead the native Keras format, e.g. `model.save('my_model.keras')`.
  saving_api.save_model(
2/2 [==============================] - 3s 1s/step - loss: 7.7544 - accuracy: 0.1167 - val_loss: 7.4424 - val_accuracy: 0.0000e+00 - lr: 1.0000e-04
Epoch 2/30
2/2 [==============================] - 2s 1s/step - loss: 7.4680 - accuracy: 0.1000 - val_loss: 7.1988 - val_accuracy: 0.2000 - lr: 1.0000e-04
Epoch 3/30
2/2 [==============================] - 2s 1s/step - loss: 7.1821 - accuracy: 0.1333 - val_loss: 7.0267 - val_accuracy: 0.4000 - lr: 1.0000e-04
Epoch 4/30
2/2 [==============================] - 2s 1s/step - loss: 6.9104 - accuracy: 0.2333 - val_loss: 6.8749 - val_accuracy: 0.2000 - lr: 1.0000e-04
Epoch 5/30
2/2 [==============================] - 2s 1s/step - loss: 6.6987 - accuracy: 0.2167 - val_loss: 6.6231 - val_accuracy: 0.0000e+00 - lr: 1.0000e-04
Epoch 6/30
2/2 [==============================] - 2s 1s/step - loss: 6.4660 - accuracy: 0.2500 - val_loss: 6.3914 - val_accuracy: 0.0000e+00 - lr: 1.0000e-04
Epoch 7/30
2/2 [==============================] - 2s 1s/step - loss: 6.2695 - accuracy: 0.2500 - val_loss: 6.1304 - val_accuracy: 0.4000 - lr: 1.0000e-04
Epoch 8/30
2/2 [==============================] - 2s 1s/step - loss: 6.0393 - accuracy: 0.3333 - val_loss: 5.9181 - val_accuracy: 0.0000e+00 - lr: 1.0000e-04
Epoch 9/30
2/2 [==============================] - 2s 1s/step - loss: 5.9207 - accuracy: 0.2000 - val_loss: 5.7380 - val_accuracy: 0.2000 - lr: 1.0000e-04
Epoch 10/30
2/2 [==============================] - 2s 1s/step - loss: 5.7526 - accuracy: 0.2500 - val_loss: 5.5789 - val_accuracy: 0.2000 - lr: 1.0000e-04
Epoch 11/30
2/2 [==============================] - 2s 1s/step - loss: 5.6160 - accuracy: 0.3000 - val_loss: 5.4462 - val_accuracy: 0.2000 - lr: 1.0000e-04
Epoch 12/30
2/2 [==============================] - 2s 1s/step - loss: 5.4007 - accuracy: 0.2500 - val_loss: 5.3344 - val_accuracy: 0.2000 - lr: 1.0000e-04
Epoch 13/30
2/2 [==============================] - 2s 1s/step - loss: 5.3989 - accuracy: 0.2000 - val_loss: 5.2296 - val_accuracy: 0.2000 - lr: 1.0000e-04
Epoch 14/30
2/2 [==============================] - 2s 1s/step - loss: 5.2367 - accuracy: 0.1833 - val_loss: 5.1172 - val_accuracy: 0.2000 - lr: 1.0000e-04
Epoch 15/30
2/2 [==============================] - 2s 1s/step - loss: 5.0647 - accuracy: 0.2500 - val_loss: 4.9998 - val_accuracy: 0.2000 - lr: 1.0000e-04
Epoch 16/30
2/2 [==============================] - 2s 1s/step - loss: 4.9749 - accuracy: 0.2833 - val_loss: 4.8834 - val_accuracy: 0.4000 - lr: 1.0000e-04
Epoch 17/30
2/2 [==============================] - 2s 1s/step - loss: 4.8312 - accuracy: 0.3167 - val_loss: 4.7679 - val_accuracy: 0.4000 - lr: 1.0000e-04
Epoch 18/30
2/2 [==============================] - 2s 1s/step - loss: 4.7730 - accuracy: 0.3000 - val_loss: 4.6648 - val_accuracy: 0.4000 - lr: 1.0000e-04
Epoch 19/30
2/2 [==============================] - 2s 1s/step - loss: 4.6700 - accuracy: 0.3667 - val_loss: 4.5643 - val_accuracy: 0.4000 - lr: 1.0000e-04
Epoch 20/30
2/2 [==============================] - 2s 1s/step - loss: 4.6078 - accuracy: 0.2833 - val_loss: 4.4684 - val_accuracy: 0.4000 - lr: 1.0000e-04
Epoch 21/30
2/2 [==============================] - 2s 1s/step - loss: 4.5761 - accuracy: 0.2500 - val_loss: 4.3642 - val_accuracy: 0.4000 - lr: 1.0000e-04
Epoch 22/30
2/2 [==============================] - 2s 1s/step - loss: 4.4163 - accuracy: 0.3667 - val_loss: 4.2570 - val_accuracy: 0.4000 - lr: 1.0000e-04
Epoch 23/30
2/2 [==============================] - 2s 1s/step - loss: 4.2733 - accuracy: 0.4167 - val_loss: 4.1459 - val_accuracy: 0.6000 - lr: 1.0000e-04
Epoch 24/30
2/2 [==============================] - 2s 1s/step - loss: 4.3009 - accuracy: 0.3833 - val_loss: 4.0318 - val_accuracy: 0.6000 - lr: 1.0000e-04
Epoch 25/30
2/2 [==============================] - 2s 1s/step - loss: 4.2305 - accuracy: 0.3667 - val_loss: 3.9234 - val_accuracy: 0.6000 - lr: 1.0000e-04
Epoch 26/30
2/2 [==============================] - 2s 1s/step - loss: 4.3052 - accuracy: 0.2833 - val_loss: 3.8589 - val_accuracy: 0.6000 - lr: 1.0000e-04
Epoch 27/30
2/2 [==============================] - 2s 1s/step - loss: 4.1549 - accuracy: 0.3667 - val_loss: 3.8179 - val_accuracy: 0.6000 - lr: 1.0000e-04
Epoch 28/30
2/2 [==============================] - 2s 1s/step - loss: 4.1313 - accuracy: 0.3333 - val_loss: 3.7861 - val_accuracy: 0.6000 - lr: 1.0000e-04
Epoch 29/30
2/2 [==============================] - 2s 1s/step - loss: 4.0857 - accuracy: 0.2333 - val_loss: 3.7638 - val_accuracy: 0.6000 - lr: 1.0000e-04
Epoch 30/30
2/2 [==============================] - 2s 1s/step - loss: 3.9926 - accuracy: 0.2500 - val_loss: 3.7487 - val_accuracy: 0.6000 - lr: 1.0000e-04
1/1 [==============================] - 0s 105ms/step - loss: 3.9591 - accuracy: 0.4286

Process finished with exit code 0
