C:\Users\tom.zbc\PycharmProjects\fungis_bacterias_project\.venv\Scripts\python.exe C:\Users\tom.zbc\PycharmProjects\fungis_bacterias_project\3_model_training_and_evaluation_FNN_6_48pr.py
Class 'Aero' meets the sample requirement.
Class 'Bacillus' meets the sample requirement.
Class 'Bor' meets the sample requirement.
Class 'E' meets the sample requirement.
Class 'Morganella' meets the sample requirement.
Class 'stapholococcus' meets the sample requirement.
Data check passed for directory: 'C:/Users/tom.zbc/PycharmProjects/fungis_bacterias_project/data/train'
Class 'Aero' meets the sample requirement.
Warning: Class 'Bacillus' has only 0 samples, expected at least 2.
Warning: Class 'Bor' has only 1 samples, expected at least 2.
Warning: Class 'E' has only 0 samples, expected at least 2.
Warning: Class 'Morganella' has only 1 samples, expected at least 2.
Warning: Class 'stapholococcus' has only 1 samples, expected at least 2.
Data check passed for directory: 'C:/Users/tom.zbc/PycharmProjects/fungis_bacterias_project/data/validation'
Class 'Aero' meets the sample requirement.
Warning: Class 'Bacillus' has only 1 samples, expected at least 2.
Warning: Class 'Bor' has only 0 samples, expected at least 2.
Warning: Class 'E' has only 0 samples, expected at least 2.
Warning: Class 'Morganella' has only 1 samples, expected at least 2.
Class 'stapholococcus' meets the sample requirement.
Data check passed for directory: 'C:/Users/tom.zbc/PycharmProjects/fungis_bacterias_project/data/test'
Found 60 images belonging to 6 classes.
Found 5 images belonging to 6 classes.
Found 7 images belonging to 6 classes.
2024-09-29 18:56:53.299773: I tensorflow/core/platform/cpu_feature_guard.cc:182] This TensorFlow binary is optimized to use available CPU instructions in performance-critical operations.
To enable the following instructions: SSE SSE2 SSE3 SSE4.1 SSE4.2 AVX AVX2 AVX_VNNI FMA, in other operations, rebuild TensorFlow with the appropriate compiler flags.
Epoch 1/20
4/4 [==============================] - ETA: 0s - loss: 7.9415 - accuracy: 0.1000C:\Users\tom.zbc\PycharmProjects\fungis_bacterias_project\.venv\lib\site-packages\keras\src\engine\training.py:3000: UserWarning: You are saving your model as an HDF5 file via `model.save()`. This file format is considered legacy. We recommend using instead the native Keras format, e.g. `model.save('my_model.keras')`.
  saving_api.save_model(
4/4 [==============================] - 2s 409ms/step - loss: 7.9415 - accuracy: 0.1000 - val_loss: 4.5650 - val_accuracy: 0.4000 - lr: 5.0000e-05
Epoch 2/20
4/4 [==============================] - 1s 370ms/step - loss: 7.4585 - accuracy: 0.2000 - val_loss: 4.5270 - val_accuracy: 0.2000 - lr: 5.0000e-05
Epoch 3/20
4/4 [==============================] - 1s 264ms/step - loss: 6.9633 - accuracy: 0.3167 - val_loss: 4.5279 - val_accuracy: 0.4000 - lr: 5.0000e-05
Epoch 4/20
4/4 [==============================] - 1s 246ms/step - loss: 6.6678 - accuracy: 0.2333 - val_loss: 4.5299 - val_accuracy: 0.4000 - lr: 5.0000e-05
Epoch 5/20
4/4 [==============================] - 1s 284ms/step - loss: 5.3019 - accuracy: 0.4333 - val_loss: 4.5326 - val_accuracy: 0.4000 - lr: 5.0000e-05
Epoch 6/20
4/4 [==============================] - 1s 249ms/step - loss: 5.9909 - accuracy: 0.3833 - val_loss: 4.5368 - val_accuracy: 0.4000 - lr: 5.0000e-05
Epoch 7/20
4/4 [==============================] - 1s 278ms/step - loss: 5.4251 - accuracy: 0.3500 - val_loss: 4.5309 - val_accuracy: 0.4000 - lr: 5.0000e-05
Epoch 8/20
4/4 [==============================] - 1s 366ms/step - loss: 6.2461 - accuracy: 0.3167 - val_loss: 4.5115 - val_accuracy: 0.4000 - lr: 5.0000e-05
Epoch 9/20
4/4 [==============================] - 1s 399ms/step - loss: 5.6036 - accuracy: 0.3667 - val_loss: 4.5026 - val_accuracy: 0.2000 - lr: 5.0000e-05
Epoch 10/20
4/4 [==============================] - 1s 253ms/step - loss: 5.1496 - accuracy: 0.5000 - val_loss: 4.5041 - val_accuracy: 0.2000 - lr: 5.0000e-05
Epoch 11/20
4/4 [==============================] - 1s 281ms/step - loss: 4.7989 - accuracy: 0.4500 - val_loss: 4.5044 - val_accuracy: 0.2000 - lr: 5.0000e-05
Epoch 12/20
4/4 [==============================] - 1s 267ms/step - loss: 4.6775 - accuracy: 0.4333 - val_loss: 4.5197 - val_accuracy: 0.2000 - lr: 2.5000e-05
Epoch 13/20
4/4 [==============================] - 1s 288ms/step - loss: 5.2340 - accuracy: 0.4333 - val_loss: 4.5314 - val_accuracy: 0.2000 - lr: 1.2500e-05
Epoch 14/20
4/4 [==============================] - 1s 261ms/step - loss: 4.7805 - accuracy: 0.5000 - val_loss: 4.5459 - val_accuracy: 0.2000 - lr: 6.2500e-06
Epoch 15/20
4/4 [==============================] - 1s 268ms/step - loss: 4.7687 - accuracy: 0.4333 - val_loss: 4.5629 - val_accuracy: 0.2000 - lr: 1.0000e-06
Epoch 16/20
4/4 [==============================] - 1s 283ms/step - loss: 4.9313 - accuracy: 0.4000 - val_loss: 4.5821 - val_accuracy: 0.2000 - lr: 5.0000e-07
Epoch 17/20
4/4 [==============================] - 1s 265ms/step - loss: 5.0717 - accuracy: 0.3000 - val_loss: 4.6027 - val_accuracy: 0.2000 - lr: 2.5000e-07
1/1 [==============================] - 0s 102ms/step - loss: 4.6025 - accuracy: 0.1429
Found 60 images belonging to 6 classes.
Found 5 images belonging to 6 classes.
Found 7 images belonging to 6 classes.
Epoch 1/25
4/4 [==============================] - ETA: 0s - loss: 8.0636 - accuracy: 0.2333C:\Users\tom.zbc\PycharmProjects\fungis_bacterias_project\.venv\lib\site-packages\keras\src\engine\training.py:3000: UserWarning: You are saving your model as an HDF5 file via `model.save()`. This file format is considered legacy. We recommend using instead the native Keras format, e.g. `model.save('my_model.keras')`.
  saving_api.save_model(
4/4 [==============================] - 2s 417ms/step - loss: 8.0636 - accuracy: 0.2333 - val_loss: 4.5059 - val_accuracy: 0.4000 - lr: 5.0000e-05
Epoch 2/25
4/4 [==============================] - 1s 271ms/step - loss: 7.0247 - accuracy: 0.3000 - val_loss: 4.5066 - val_accuracy: 0.6000 - lr: 5.0000e-05
Epoch 3/25
4/4 [==============================] - 1s 365ms/step - loss: 6.4166 - accuracy: 0.2667 - val_loss: 4.5028 - val_accuracy: 0.4000 - lr: 5.0000e-05
Epoch 4/25
4/4 [==============================] - 1s 377ms/step - loss: 6.6842 - accuracy: 0.3333 - val_loss: 4.4933 - val_accuracy: 0.6000 - lr: 5.0000e-05
Epoch 5/25
4/4 [==============================] - 1s 372ms/step - loss: 5.9148 - accuracy: 0.3167 - val_loss: 4.4854 - val_accuracy: 0.6000 - lr: 5.0000e-05
Epoch 6/25
4/4 [==============================] - 1s 368ms/step - loss: 6.4075 - accuracy: 0.3333 - val_loss: 4.4788 - val_accuracy: 0.6000 - lr: 5.0000e-05
Epoch 7/25
4/4 [==============================] - 1s 249ms/step - loss: 6.0712 - accuracy: 0.2667 - val_loss: 4.4821 - val_accuracy: 0.4000 - lr: 5.0000e-05
Epoch 8/25
4/4 [==============================] - 1s 259ms/step - loss: 5.8188 - accuracy: 0.3500 - val_loss: 4.4844 - val_accuracy: 0.4000 - lr: 5.0000e-05
Epoch 9/25
4/4 [==============================] - 1s 385ms/step - loss: 5.3491 - accuracy: 0.3167 - val_loss: 4.4736 - val_accuracy: 0.4000 - lr: 5.0000e-05
Epoch 10/25
4/4 [==============================] - 1s 389ms/step - loss: 5.6222 - accuracy: 0.3833 - val_loss: 4.4496 - val_accuracy: 0.4000 - lr: 5.0000e-05
Epoch 11/25
4/4 [==============================] - 1s 395ms/step - loss: 5.3756 - accuracy: 0.4167 - val_loss: 4.4260 - val_accuracy: 0.4000 - lr: 5.0000e-05
Epoch 12/25
4/4 [==============================] - 1s 262ms/step - loss: 5.5921 - accuracy: 0.3333 - val_loss: 4.4270 - val_accuracy: 0.4000 - lr: 2.5000e-05
Epoch 13/25
4/4 [==============================] - 1s 261ms/step - loss: 4.9247 - accuracy: 0.3833 - val_loss: 4.4283 - val_accuracy: 0.4000 - lr: 1.2500e-05
Epoch 14/25
4/4 [==============================] - 1s 261ms/step - loss: 4.7568 - accuracy: 0.4500 - val_loss: 4.4299 - val_accuracy: 0.4000 - lr: 6.2500e-06
Epoch 15/25
4/4 [==============================] - 1s 261ms/step - loss: 4.7929 - accuracy: 0.4667 - val_loss: 4.4321 - val_accuracy: 0.4000 - lr: 3.1250e-06
Epoch 16/25
4/4 [==============================] - 1s 265ms/step - loss: 5.2510 - accuracy: 0.3333 - val_loss: 4.4334 - val_accuracy: 0.4000 - lr: 1.5625e-06
Epoch 17/25
4/4 [==============================] - 1s 260ms/step - loss: 5.1657 - accuracy: 0.3333 - val_loss: 4.4346 - val_accuracy: 0.4000 - lr: 7.8125e-07
Epoch 18/25
4/4 [==============================] - 1s 266ms/step - loss: 5.0091 - accuracy: 0.3667 - val_loss: 4.4373 - val_accuracy: 0.4000 - lr: 3.9062e-07
Epoch 19/25
4/4 [==============================] - 1s 265ms/step - loss: 5.0226 - accuracy: 0.3833 - val_loss: 4.4399 - val_accuracy: 0.4000 - lr: 1.9531e-07
1/1 [==============================] - 0s 98ms/step - loss: 4.5884 - accuracy: 0.5714
Found 60 images belonging to 6 classes.
Found 5 images belonging to 6 classes.
Found 7 images belonging to 6 classes.
Epoch 1/20
4/4 [==============================] - ETA: 0s - loss: 7.5840 - accuracy: 0.1833C:\Users\tom.zbc\PycharmProjects\fungis_bacterias_project\.venv\lib\site-packages\keras\src\engine\training.py:3000: UserWarning: You are saving your model as an HDF5 file via `model.save()`. This file format is considered legacy. We recommend using instead the native Keras format, e.g. `model.save('my_model.keras')`.
  saving_api.save_model(
4/4 [==============================] - 2s 432ms/step - loss: 7.5840 - accuracy: 0.1833 - val_loss: 4.5398 - val_accuracy: 0.4000 - lr: 5.0000e-05
Epoch 2/20
4/4 [==============================] - 2s 412ms/step - loss: 7.1453 - accuracy: 0.2833 - val_loss: 4.4822 - val_accuracy: 0.2000 - lr: 5.0000e-05
Epoch 3/20
4/4 [==============================] - 1s 399ms/step - loss: 6.0907 - accuracy: 0.3333 - val_loss: 4.4448 - val_accuracy: 0.4000 - lr: 5.0000e-05
Epoch 4/20
4/4 [==============================] - 1s 379ms/step - loss: 6.1242 - accuracy: 0.3167 - val_loss: 4.4272 - val_accuracy: 0.6000 - lr: 5.0000e-05
Epoch 5/20
4/4 [==============================] - 1s 291ms/step - loss: 7.1602 - accuracy: 0.2833 - val_loss: 4.4610 - val_accuracy: 0.6000 - lr: 5.0000e-05
Epoch 6/20
4/4 [==============================] - 1s 292ms/step - loss: 5.2766 - accuracy: 0.4500 - val_loss: 4.4915 - val_accuracy: 0.6000 - lr: 5.0000e-05
Epoch 7/20
4/4 [==============================] - 1s 269ms/step - loss: 5.3326 - accuracy: 0.3833 - val_loss: 4.4843 - val_accuracy: 0.6000 - lr: 5.0000e-05
Epoch 8/20
4/4 [==============================] - 1s 270ms/step - loss: 5.3108 - accuracy: 0.4833 - val_loss: 4.4792 - val_accuracy: 0.4000 - lr: 5.0000e-05
Epoch 9/20
4/4 [==============================] - 1s 289ms/step - loss: 5.3327 - accuracy: 0.4500 - val_loss: 4.4849 - val_accuracy: 0.4000 - lr: 5.0000e-05
Epoch 10/20
4/4 [==============================] - 1s 262ms/step - loss: 5.2879 - accuracy: 0.5333 - val_loss: 4.5019 - val_accuracy: 0.4000 - lr: 1.0000e-05
Epoch 11/20
4/4 [==============================] - 1s 291ms/step - loss: 5.0910 - accuracy: 0.4500 - val_loss: 4.5071 - val_accuracy: 0.4000 - lr: 1.0000e-05
Epoch 12/20
4/4 [==============================] - 1s 272ms/step - loss: 5.1097 - accuracy: 0.4333 - val_loss: 4.5073 - val_accuracy: 0.4000 - lr: 5.0000e-06
1/1 [==============================] - 0s 101ms/step - loss: 4.5607 - accuracy: 0.2857
Found 60 images belonging to 6 classes.
Found 5 images belonging to 6 classes.
Found 7 images belonging to 6 classes.
Epoch 1/25
4/4 [==============================] - ETA: 0s - loss: 6.8338 - accuracy: 0.1833C:\Users\tom.zbc\PycharmProjects\fungis_bacterias_project\.venv\lib\site-packages\keras\src\engine\training.py:3000: UserWarning: You are saving your model as an HDF5 file via `model.save()`. This file format is considered legacy. We recommend using instead the native Keras format, e.g. `model.save('my_model.keras')`.
  saving_api.save_model(
4/4 [==============================] - 2s 436ms/step - loss: 6.8338 - accuracy: 0.1833 - val_loss: 4.6263 - val_accuracy: 0.2000 - lr: 5.0000e-05
Epoch 2/25
4/4 [==============================] - 1s 359ms/step - loss: 7.0347 - accuracy: 0.2333 - val_loss: 4.6251 - val_accuracy: 0.2000 - lr: 5.0000e-05
Epoch 3/25
4/4 [==============================] - 1s 382ms/step - loss: 6.7149 - accuracy: 0.3000 - val_loss: 4.5624 - val_accuracy: 0.4000 - lr: 5.0000e-05
Epoch 4/25
4/4 [==============================] - 1s 385ms/step - loss: 6.0527 - accuracy: 0.3167 - val_loss: 4.5537 - val_accuracy: 0.2000 - lr: 5.0000e-05
Epoch 5/25
4/4 [==============================] - 1s 263ms/step - loss: 5.9201 - accuracy: 0.3500 - val_loss: 4.5630 - val_accuracy: 0.2000 - lr: 5.0000e-05
Epoch 6/25
4/4 [==============================] - 1s 258ms/step - loss: 6.1475 - accuracy: 0.3000 - val_loss: 4.5901 - val_accuracy: 0.4000 - lr: 5.0000e-05
Epoch 7/25
4/4 [==============================] - 1s 278ms/step - loss: 6.0295 - accuracy: 0.4833 - val_loss: 4.5579 - val_accuracy: 0.4000 - lr: 5.0000e-05
Epoch 8/25
4/4 [==============================] - 1s 270ms/step - loss: 6.3230 - accuracy: 0.3333 - val_loss: 4.5571 - val_accuracy: 0.4000 - lr: 5.0000e-05
Epoch 9/25
4/4 [==============================] - 1s 285ms/step - loss: 5.5068 - accuracy: 0.3833 - val_loss: 4.5855 - val_accuracy: 0.4000 - lr: 5.0000e-05
Epoch 10/25
4/4 [==============================] - 1s 272ms/step - loss: 4.7967 - accuracy: 0.5833 - val_loss: 4.6196 - val_accuracy: 0.4000 - lr: 1.0000e-05
Epoch 11/25
4/4 [==============================] - 1s 290ms/step - loss: 4.8585 - accuracy: 0.4667 - val_loss: 4.6278 - val_accuracy: 0.4000 - lr: 1.0000e-05
Epoch 12/25
4/4 [==============================] - 1s 271ms/step - loss: 5.7314 - accuracy: 0.3500 - val_loss: 4.6321 - val_accuracy: 0.4000 - lr: 5.0000e-06
1/1 [==============================] - 0s 120ms/step - loss: 4.6102 - accuracy: 0.0000e+00
Found 60 images belonging to 6 classes.
Found 5 images belonging to 6 classes.
Found 7 images belonging to 6 classes.
Epoch 1/20
4/4 [==============================] - ETA: 0s - loss: 6.6201 - accuracy: 0.2333C:\Users\tom.zbc\PycharmProjects\fungis_bacterias_project\.venv\lib\site-packages\keras\src\engine\training.py:3000: UserWarning: You are saving your model as an HDF5 file via `model.save()`. This file format is considered legacy. We recommend using instead the native Keras format, e.g. `model.save('my_model.keras')`.
  saving_api.save_model(
4/4 [==============================] - 2s 424ms/step - loss: 6.6201 - accuracy: 0.2333 - val_loss: 4.5884 - val_accuracy: 0.2000 - lr: 5.0000e-05
Epoch 2/20
4/4 [==============================] - 2s 392ms/step - loss: 6.9222 - accuracy: 0.2500 - val_loss: 4.5311 - val_accuracy: 0.2000 - lr: 5.0000e-05
Epoch 3/20
4/4 [==============================] - 1s 388ms/step - loss: 6.2959 - accuracy: 0.3833 - val_loss: 4.4962 - val_accuracy: 0.4000 - lr: 5.0000e-05
Epoch 4/20
4/4 [==============================] - 1s 367ms/step - loss: 5.8683 - accuracy: 0.4333 - val_loss: 4.4669 - val_accuracy: 0.4000 - lr: 5.0000e-05
Epoch 5/20
4/4 [==============================] - 1s 368ms/step - loss: 6.0121 - accuracy: 0.3667 - val_loss: 4.4416 - val_accuracy: 0.6000 - lr: 5.0000e-05
Epoch 6/20
4/4 [==============================] - 1s 373ms/step - loss: 6.1498 - accuracy: 0.3500 - val_loss: 4.4234 - val_accuracy: 0.6000 - lr: 5.0000e-05
Epoch 7/20
4/4 [==============================] - 1s 258ms/step - loss: 6.1428 - accuracy: 0.4333 - val_loss: 4.4411 - val_accuracy: 0.4000 - lr: 5.0000e-05
Epoch 8/20
4/4 [==============================] - 1s 256ms/step - loss: 6.6848 - accuracy: 0.2667 - val_loss: 4.4498 - val_accuracy: 0.4000 - lr: 5.0000e-05
Epoch 9/20
4/4 [==============================] - 1s 265ms/step - loss: 5.4783 - accuracy: 0.4333 - val_loss: 4.4727 - val_accuracy: 0.4000 - lr: 5.0000e-05
Epoch 10/20
4/4 [==============================] - 1s 299ms/step - loss: 4.3679 - accuracy: 0.5333 - val_loss: 4.5034 - val_accuracy: 0.4000 - lr: 5.0000e-05
Epoch 11/20
4/4 [==============================] - 1s 279ms/step - loss: 5.5535 - accuracy: 0.4333 - val_loss: 4.5189 - val_accuracy: 0.2000 - lr: 5.0000e-05
Epoch 12/20
4/4 [==============================] - 1s 266ms/step - loss: 5.4252 - accuracy: 0.4667 - val_loss: 4.5231 - val_accuracy: 0.2000 - lr: 5.0000e-06
Epoch 13/20
4/4 [==============================] - 1s 270ms/step - loss: 5.1482 - accuracy: 0.6000 - val_loss: 4.5347 - val_accuracy: 0.2000 - lr: 2.5000e-06
Epoch 14/20
4/4 [==============================] - 1s 265ms/step - loss: 5.4415 - accuracy: 0.3333 - val_loss: 4.5495 - val_accuracy: 0.2000 - lr: 1.2500e-06
1/1 [==============================] - 0s 100ms/step - loss: 4.5691 - accuracy: 0.1429
Found 60 images belonging to 6 classes.
Found 5 images belonging to 6 classes.
Found 7 images belonging to 6 classes.
Epoch 1/25
4/4 [==============================] - ETA: 0s - loss: 6.8483 - accuracy: 0.1500C:\Users\tom.zbc\PycharmProjects\fungis_bacterias_project\.venv\lib\site-packages\keras\src\engine\training.py:3000: UserWarning: You are saving your model as an HDF5 file via `model.save()`. This file format is considered legacy. We recommend using instead the native Keras format, e.g. `model.save('my_model.keras')`.
  saving_api.save_model(
4/4 [==============================] - 2s 478ms/step - loss: 6.8483 - accuracy: 0.1500 - val_loss: 4.5663 - val_accuracy: 0.2000 - lr: 5.0000e-05
Epoch 2/25
4/4 [==============================] - 1s 389ms/step - loss: 7.6007 - accuracy: 0.2667 - val_loss: 4.5403 - val_accuracy: 0.2000 - lr: 5.0000e-05
Epoch 3/25
4/4 [==============================] - 1s 258ms/step - loss: 7.7935 - accuracy: 0.2500 - val_loss: 4.5554 - val_accuracy: 0.2000 - lr: 5.0000e-05
Epoch 4/25
4/4 [==============================] - 1s 269ms/step - loss: 6.1558 - accuracy: 0.2667 - val_loss: 4.5445 - val_accuracy: 0.4000 - lr: 5.0000e-05
Epoch 5/25
4/4 [==============================] - 2s 378ms/step - loss: 6.1987 - accuracy: 0.2667 - val_loss: 4.5122 - val_accuracy: 0.4000 - lr: 5.0000e-05
Epoch 6/25
4/4 [==============================] - 2s 412ms/step - loss: 6.3036 - accuracy: 0.3167 - val_loss: 4.4831 - val_accuracy: 0.4000 - lr: 5.0000e-05
Epoch 7/25
4/4 [==============================] - 1s 370ms/step - loss: 6.1162 - accuracy: 0.3667 - val_loss: 4.4779 - val_accuracy: 0.4000 - lr: 5.0000e-05
Epoch 8/25
4/4 [==============================] - 1s 295ms/step - loss: 5.5814 - accuracy: 0.3500 - val_loss: 4.5046 - val_accuracy: 0.2000 - lr: 5.0000e-05
Epoch 9/25
4/4 [==============================] - 1s 315ms/step - loss: 5.5546 - accuracy: 0.4833 - val_loss: 4.5097 - val_accuracy: 0.2000 - lr: 5.0000e-05
Epoch 10/25
4/4 [==============================] - 1s 269ms/step - loss: 5.8586 - accuracy: 0.3833 - val_loss: 4.5007 - val_accuracy: 0.0000e+00 - lr: 5.0000e-05
Epoch 11/25
4/4 [==============================] - 1s 399ms/step - loss: 5.3666 - accuracy: 0.4000 - val_loss: 4.4696 - val_accuracy: 0.2000 - lr: 5.0000e-05
Epoch 12/25
4/4 [==============================] - 2s 402ms/step - loss: 5.0725 - accuracy: 0.4667 - val_loss: 4.4497 - val_accuracy: 0.4000 - lr: 2.5000e-05
Epoch 13/25
4/4 [==============================] - 2s 403ms/step - loss: 5.4418 - accuracy: 0.3500 - val_loss: 4.4388 - val_accuracy: 0.4000 - lr: 1.2500e-05
Epoch 14/25
4/4 [==============================] - 2s 379ms/step - loss: 4.8382 - accuracy: 0.4333 - val_loss: 4.4327 - val_accuracy: 0.4000 - lr: 6.2500e-06
Epoch 15/25
4/4 [==============================] - 1s 364ms/step - loss: 5.0662 - accuracy: 0.2833 - val_loss: 4.4263 - val_accuracy: 0.4000 - lr: 3.1250e-06
Epoch 16/25
4/4 [==============================] - 2s 385ms/step - loss: 5.0813 - accuracy: 0.4667 - val_loss: 4.4210 - val_accuracy: 0.4000 - lr: 1.5625e-06
Epoch 17/25
4/4 [==============================] - 1s 373ms/step - loss: 4.9528 - accuracy: 0.4833 - val_loss: 4.4170 - val_accuracy: 0.4000 - lr: 7.8125e-07
Epoch 18/25
4/4 [==============================] - 2s 373ms/step - loss: 4.7902 - accuracy: 0.4167 - val_loss: 4.4139 - val_accuracy: 0.2000 - lr: 3.9062e-07
Epoch 19/25
4/4 [==============================] - 1s 396ms/step - loss: 5.1160 - accuracy: 0.4167 - val_loss: 4.4120 - val_accuracy: 0.2000 - lr: 1.9531e-07
Epoch 20/25
4/4 [==============================] - 1s 369ms/step - loss: 5.1987 - accuracy: 0.3667 - val_loss: 4.4108 - val_accuracy: 0.2000 - lr: 9.7656e-08
Epoch 21/25
4/4 [==============================] - 2s 409ms/step - loss: 5.1568 - accuracy: 0.4667 - val_loss: 4.4102 - val_accuracy: 0.2000 - lr: 4.8828e-08
Epoch 22/25
4/4 [==============================] - 1s 277ms/step - loss: 5.3040 - accuracy: 0.3667 - val_loss: 4.4106 - val_accuracy: 0.2000 - lr: 2.4414e-08
Epoch 23/25
4/4 [==============================] - 1s 273ms/step - loss: 4.7421 - accuracy: 0.4333 - val_loss: 4.4122 - val_accuracy: 0.2000 - lr: 1.2207e-08
Epoch 24/25
4/4 [==============================] - 1s 275ms/step - loss: 5.0171 - accuracy: 0.3500 - val_loss: 4.4148 - val_accuracy: 0.2000 - lr: 6.1035e-09
Epoch 25/25
4/4 [==============================] - 1s 276ms/step - loss: 5.2226 - accuracy: 0.4167 - val_loss: 4.4176 - val_accuracy: 0.2000 - lr: 3.0518e-09
1/1 [==============================] - 0s 117ms/step - loss: 4.7873 - accuracy: 0.5714
Found 60 images belonging to 6 classes.
Found 5 images belonging to 6 classes.
Found 7 images belonging to 6 classes.
Epoch 1/20
4/4 [==============================] - ETA: 0s - loss: 7.4037 - accuracy: 0.1333C:\Users\tom.zbc\PycharmProjects\fungis_bacterias_project\.venv\lib\site-packages\keras\src\engine\training.py:3000: UserWarning: You are saving your model as an HDF5 file via `model.save()`. This file format is considered legacy. We recommend using instead the native Keras format, e.g. `model.save('my_model.keras')`.
  saving_api.save_model(
4/4 [==============================] - 2s 451ms/step - loss: 7.4037 - accuracy: 0.1333 - val_loss: 4.5987 - val_accuracy: 0.2000 - lr: 5.0000e-05
Epoch 2/20
4/4 [==============================] - 1s 373ms/step - loss: 8.1436 - accuracy: 0.1667 - val_loss: 4.5709 - val_accuracy: 0.2000 - lr: 5.0000e-05
Epoch 3/20
4/4 [==============================] - 1s 393ms/step - loss: 6.7580 - accuracy: 0.2667 - val_loss: 4.5532 - val_accuracy: 0.2000 - lr: 5.0000e-05
Epoch 4/20
4/4 [==============================] - 2s 379ms/step - loss: 6.8673 - accuracy: 0.2500 - val_loss: 4.5312 - val_accuracy: 0.2000 - lr: 5.0000e-05
Epoch 5/20
4/4 [==============================] - 1s 396ms/step - loss: 6.6507 - accuracy: 0.2833 - val_loss: 4.5067 - val_accuracy: 0.4000 - lr: 5.0000e-05
Epoch 6/20
4/4 [==============================] - 2s 391ms/step - loss: 6.1796 - accuracy: 0.2333 - val_loss: 4.4943 - val_accuracy: 0.4000 - lr: 5.0000e-05
Epoch 7/20
4/4 [==============================] - 1s 271ms/step - loss: 6.2494 - accuracy: 0.3667 - val_loss: 4.4979 - val_accuracy: 0.2000 - lr: 5.0000e-05
Epoch 8/20
4/4 [==============================] - 2s 382ms/step - loss: 5.4722 - accuracy: 0.3667 - val_loss: 4.4865 - val_accuracy: 0.2000 - lr: 5.0000e-05
Epoch 9/20
4/4 [==============================] - 1s 376ms/step - loss: 6.1369 - accuracy: 0.3167 - val_loss: 4.4560 - val_accuracy: 0.2000 - lr: 5.0000e-05
Epoch 10/20
4/4 [==============================] - 1s 379ms/step - loss: 5.8177 - accuracy: 0.3833 - val_loss: 4.4429 - val_accuracy: 0.2000 - lr: 5.0000e-05
Epoch 11/20
4/4 [==============================] - 1s 299ms/step - loss: 5.1348 - accuracy: 0.4000 - val_loss: 4.4553 - val_accuracy: 0.2000 - lr: 5.0000e-05
Epoch 12/20
4/4 [==============================] - 1s 263ms/step - loss: 5.5747 - accuracy: 0.4000 - val_loss: 4.4486 - val_accuracy: 0.2000 - lr: 2.5000e-05
Epoch 13/20
4/4 [==============================] - 1s 396ms/step - loss: 5.0588 - accuracy: 0.4833 - val_loss: 4.4367 - val_accuracy: 0.2000 - lr: 1.2500e-05
Epoch 14/20
4/4 [==============================] - 1s 390ms/step - loss: 5.1896 - accuracy: 0.4500 - val_loss: 4.4266 - val_accuracy: 0.2000 - lr: 6.2500e-06
Epoch 15/20
4/4 [==============================] - 1s 373ms/step - loss: 5.0599 - accuracy: 0.5167 - val_loss: 4.4182 - val_accuracy: 0.2000 - lr: 3.1250e-06
Epoch 16/20
4/4 [==============================] - 2s 380ms/step - loss: 5.5312 - accuracy: 0.3833 - val_loss: 4.4105 - val_accuracy: 0.2000 - lr: 1.5625e-06
Epoch 17/20
4/4 [==============================] - 1s 369ms/step - loss: 5.6919 - accuracy: 0.3500 - val_loss: 4.4036 - val_accuracy: 0.2000 - lr: 7.8125e-07
Epoch 18/20
4/4 [==============================] - 1s 373ms/step - loss: 5.3339 - accuracy: 0.4167 - val_loss: 4.3974 - val_accuracy: 0.2000 - lr: 3.9062e-07
Epoch 19/20
4/4 [==============================] - 1s 367ms/step - loss: 4.2694 - accuracy: 0.5500 - val_loss: 4.3918 - val_accuracy: 0.2000 - lr: 1.9531e-07
Epoch 20/20
4/4 [==============================] - 1s 362ms/step - loss: 4.6927 - accuracy: 0.4667 - val_loss: 4.3865 - val_accuracy: 0.2000 - lr: 9.7656e-08
1/1 [==============================] - 0s 101ms/step - loss: 4.5325 - accuracy: 0.2857
Found 60 images belonging to 6 classes.
Found 5 images belonging to 6 classes.
Found 7 images belonging to 6 classes.
Epoch 1/25
4/4 [==============================] - ETA: 0s - loss: 8.6320 - accuracy: 0.1333C:\Users\tom.zbc\PycharmProjects\fungis_bacterias_project\.venv\lib\site-packages\keras\src\engine\training.py:3000: UserWarning: You are saving your model as an HDF5 file via `model.save()`. This file format is considered legacy. We recommend using instead the native Keras format, e.g. `model.save('my_model.keras')`.
  saving_api.save_model(
4/4 [==============================] - 2s 440ms/step - loss: 8.6320 - accuracy: 0.1333 - val_loss: 4.5575 - val_accuracy: 0.2000 - lr: 5.0000e-05
Epoch 2/25
4/4 [==============================] - 1s 259ms/step - loss: 7.1817 - accuracy: 0.2500 - val_loss: 4.5582 - val_accuracy: 0.4000 - lr: 5.0000e-05
Epoch 3/25
4/4 [==============================] - 1s 388ms/step - loss: 7.1535 - accuracy: 0.3667 - val_loss: 4.5470 - val_accuracy: 0.6000 - lr: 5.0000e-05
Epoch 4/25
4/4 [==============================] - 1s 374ms/step - loss: 7.2245 - accuracy: 0.3167 - val_loss: 4.5176 - val_accuracy: 0.6000 - lr: 5.0000e-05
Epoch 5/25
4/4 [==============================] - 1s 364ms/step - loss: 5.9107 - accuracy: 0.4000 - val_loss: 4.5052 - val_accuracy: 0.6000 - lr: 5.0000e-05
Epoch 6/25
4/4 [==============================] - 1s 403ms/step - loss: 6.5946 - accuracy: 0.2167 - val_loss: 4.4892 - val_accuracy: 0.6000 - lr: 5.0000e-05
Epoch 7/25
4/4 [==============================] - 1s 363ms/step - loss: 5.3893 - accuracy: 0.3833 - val_loss: 4.4780 - val_accuracy: 0.6000 - lr: 5.0000e-05
Epoch 8/25
4/4 [==============================] - 2s 393ms/step - loss: 5.0199 - accuracy: 0.4667 - val_loss: 4.4703 - val_accuracy: 0.8000 - lr: 5.0000e-05
Epoch 9/25
4/4 [==============================] - 1s 265ms/step - loss: 6.3414 - accuracy: 0.3833 - val_loss: 4.4753 - val_accuracy: 0.6000 - lr: 5.0000e-05
Epoch 10/25
4/4 [==============================] - 1s 272ms/step - loss: 4.6532 - accuracy: 0.4833 - val_loss: 4.4931 - val_accuracy: 0.4000 - lr: 5.0000e-05
Epoch 11/25
4/4 [==============================] - 1s 293ms/step - loss: 5.1196 - accuracy: 0.4500 - val_loss: 4.5121 - val_accuracy: 0.4000 - lr: 5.0000e-05
Epoch 12/25
4/4 [==============================] - 1s 260ms/step - loss: 5.4911 - accuracy: 0.4667 - val_loss: 4.5177 - val_accuracy: 0.4000 - lr: 2.5000e-05
Epoch 13/25
4/4 [==============================] - 1s 280ms/step - loss: 4.7237 - accuracy: 0.4167 - val_loss: 4.5166 - val_accuracy: 0.4000 - lr: 1.2500e-05
Epoch 14/25
4/4 [==============================] - 1s 273ms/step - loss: 5.0793 - accuracy: 0.4167 - val_loss: 4.5163 - val_accuracy: 0.4000 - lr: 1.2500e-06
Epoch 15/25
4/4 [==============================] - 1s 303ms/step - loss: 5.2786 - accuracy: 0.3833 - val_loss: 4.5184 - val_accuracy: 0.4000 - lr: 6.2500e-07
Epoch 16/25
4/4 [==============================] - 1s 285ms/step - loss: 5.0832 - accuracy: 0.5000 - val_loss: 4.5209 - val_accuracy: 0.4000 - lr: 3.1250e-07
1/1 [==============================] - 0s 100ms/step - loss: 4.5874 - accuracy: 0.1429
Found 60 images belonging to 6 classes.
Found 5 images belonging to 6 classes.
Found 7 images belonging to 6 classes.
Epoch 1/20
4/4 [==============================] - ETA: 0s - loss: 8.7320 - accuracy: 0.2167C:\Users\tom.zbc\PycharmProjects\fungis_bacterias_project\.venv\lib\site-packages\keras\src\engine\training.py:3000: UserWarning: You are saving your model as an HDF5 file via `model.save()`. This file format is considered legacy. We recommend using instead the native Keras format, e.g. `model.save('my_model.keras')`.
  saving_api.save_model(
4/4 [==============================] - 3s 683ms/step - loss: 8.7320 - accuracy: 0.2167 - val_loss: 4.7898 - val_accuracy: 0.2000 - lr: 5.0000e-05
Epoch 2/20
4/4 [==============================] - 2s 403ms/step - loss: 8.7146 - accuracy: 0.3167 - val_loss: 4.7992 - val_accuracy: 0.4000 - lr: 5.0000e-05
Epoch 3/20
4/4 [==============================] - 2s 650ms/step - loss: 7.6963 - accuracy: 0.2333 - val_loss: 4.7632 - val_accuracy: 0.4000 - lr: 5.0000e-05
Epoch 4/20
4/4 [==============================] - 2s 646ms/step - loss: 7.8255 - accuracy: 0.2833 - val_loss: 4.7571 - val_accuracy: 0.4000 - lr: 5.0000e-05
Epoch 5/20
4/4 [==============================] - 2s 399ms/step - loss: 8.4791 - accuracy: 0.3500 - val_loss: 4.7854 - val_accuracy: 0.4000 - lr: 5.0000e-05
Epoch 6/20
4/4 [==============================] - 2s 391ms/step - loss: 7.1409 - accuracy: 0.3667 - val_loss: 4.7990 - val_accuracy: 0.2000 - lr: 5.0000e-05
Epoch 7/20
4/4 [==============================] - 2s 402ms/step - loss: 6.8648 - accuracy: 0.3833 - val_loss: 4.8021 - val_accuracy: 0.2000 - lr: 5.0000e-05
Epoch 8/20
4/4 [==============================] - 2s 442ms/step - loss: 7.0795 - accuracy: 0.4000 - val_loss: 4.7717 - val_accuracy: 0.2000 - lr: 5.0000e-05
Epoch 9/20
4/4 [==============================] - 2s 640ms/step - loss: 6.7508 - accuracy: 0.3667 - val_loss: 4.7228 - val_accuracy: 0.4000 - lr: 5.0000e-05
Epoch 10/20
4/4 [==============================] - 2s 610ms/step - loss: 6.6230 - accuracy: 0.4000 - val_loss: 4.7030 - val_accuracy: 0.2000 - lr: 5.0000e-05
Epoch 11/20
4/4 [==============================] - 2s 417ms/step - loss: 6.0569 - accuracy: 0.3667 - val_loss: 4.7562 - val_accuracy: 0.2000 - lr: 5.0000e-05
Epoch 12/20
4/4 [==============================] - 2s 404ms/step - loss: 5.6151 - accuracy: 0.4500 - val_loss: 4.7838 - val_accuracy: 0.2000 - lr: 2.5000e-05
Epoch 13/20
4/4 [==============================] - 2s 403ms/step - loss: 6.5896 - accuracy: 0.3667 - val_loss: 4.7942 - val_accuracy: 0.2000 - lr: 1.2500e-05
Epoch 14/20
4/4 [==============================] - 2s 409ms/step - loss: 6.1567 - accuracy: 0.4333 - val_loss: 4.7985 - val_accuracy: 0.2000 - lr: 6.2500e-06
Epoch 15/20
4/4 [==============================] - 2s 399ms/step - loss: 5.8842 - accuracy: 0.5000 - val_loss: 4.8067 - val_accuracy: 0.2000 - lr: 3.1250e-06
Epoch 16/20
4/4 [==============================] - 2s 447ms/step - loss: 6.4623 - accuracy: 0.3000 - val_loss: 4.8169 - val_accuracy: 0.2000 - lr: 1.0000e-06
Epoch 17/20
4/4 [==============================] - 2s 409ms/step - loss: 5.4391 - accuracy: 0.4667 - val_loss: 4.8298 - val_accuracy: 0.2000 - lr: 5.0000e-07
Epoch 18/20
4/4 [==============================] - 2s 424ms/step - loss: 6.3042 - accuracy: 0.4167 - val_loss: 4.8438 - val_accuracy: 0.2000 - lr: 2.5000e-07
1/1 [==============================] - 0s 125ms/step - loss: 4.8161 - accuracy: 0.1429
Found 60 images belonging to 6 classes.
Found 5 images belonging to 6 classes.
Found 7 images belonging to 6 classes.
Epoch 1/25
4/4 [==============================] - ETA: 0s - loss: 9.0824 - accuracy: 0.2167C:\Users\tom.zbc\PycharmProjects\fungis_bacterias_project\.venv\lib\site-packages\keras\src\engine\training.py:3000: UserWarning: You are saving your model as an HDF5 file via `model.save()`. This file format is considered legacy. We recommend using instead the native Keras format, e.g. `model.save('my_model.keras')`.
  saving_api.save_model(
4/4 [==============================] - 3s 691ms/step - loss: 9.0824 - accuracy: 0.2167 - val_loss: 4.8029 - val_accuracy: 0.2000 - lr: 5.0000e-05
Epoch 2/25
4/4 [==============================] - 2s 400ms/step - loss: 7.3182 - accuracy: 0.3000 - val_loss: 4.8386 - val_accuracy: 0.2000 - lr: 5.0000e-05
Epoch 3/25
4/4 [==============================] - 2s 617ms/step - loss: 9.6382 - accuracy: 0.3333 - val_loss: 4.7251 - val_accuracy: 0.4000 - lr: 5.0000e-05
Epoch 4/25
4/4 [==============================] - 2s 400ms/step - loss: 8.9352 - accuracy: 0.3000 - val_loss: 4.7295 - val_accuracy: 0.4000 - lr: 5.0000e-05
Epoch 5/25
4/4 [==============================] - 2s 405ms/step - loss: 8.3885 - accuracy: 0.2833 - val_loss: 4.7456 - val_accuracy: 0.6000 - lr: 5.0000e-05
Epoch 6/25
4/4 [==============================] - 2s 403ms/step - loss: 7.1716 - accuracy: 0.3167 - val_loss: 4.7325 - val_accuracy: 0.4000 - lr: 5.0000e-05
Epoch 7/25
4/4 [==============================] - 2s 414ms/step - loss: 8.3300 - accuracy: 0.3167 - val_loss: 4.7796 - val_accuracy: 0.4000 - lr: 5.0000e-05
Epoch 8/25
4/4 [==============================] - 2s 439ms/step - loss: 6.7253 - accuracy: 0.3167 - val_loss: 4.8009 - val_accuracy: 0.4000 - lr: 5.0000e-05
Epoch 9/25
4/4 [==============================] - 2s 415ms/step - loss: 7.6657 - accuracy: 0.4667 - val_loss: 4.7673 - val_accuracy: 0.4000 - lr: 1.0000e-05
Epoch 10/25
4/4 [==============================] - 2s 414ms/step - loss: 6.2734 - accuracy: 0.4500 - val_loss: 4.7567 - val_accuracy: 0.4000 - lr: 1.0000e-05
Epoch 11/25
4/4 [==============================] - 2s 459ms/step - loss: 7.4668 - accuracy: 0.3333 - val_loss: 4.7501 - val_accuracy: 0.4000 - lr: 1.0000e-05
1/1 [==============================] - 0s 122ms/step - loss: 4.8122 - accuracy: 0.1429
Found 60 images belonging to 6 classes.
Found 5 images belonging to 6 classes.
Found 7 images belonging to 6 classes.
Epoch 1/20
4/4 [==============================] - ETA: 0s - loss: 7.5359 - accuracy: 0.2000C:\Users\tom.zbc\PycharmProjects\fungis_bacterias_project\.venv\lib\site-packages\keras\src\engine\training.py:3000: UserWarning: You are saving your model as an HDF5 file via `model.save()`. This file format is considered legacy. We recommend using instead the native Keras format, e.g. `model.save('my_model.keras')`.
  saving_api.save_model(
4/4 [==============================] - 3s 670ms/step - loss: 7.5359 - accuracy: 0.2000 - val_loss: 4.7838 - val_accuracy: 0.2000 - lr: 5.0000e-05
Epoch 2/20
4/4 [==============================] - 2s 386ms/step - loss: 9.2320 - accuracy: 0.2500 - val_loss: 4.8115 - val_accuracy: 0.2000 - lr: 5.0000e-05
Epoch 3/20
4/4 [==============================] - 2s 619ms/step - loss: 8.9599 - accuracy: 0.2500 - val_loss: 4.7579 - val_accuracy: 0.2000 - lr: 5.0000e-05
Epoch 4/20
4/4 [==============================] - 2s 632ms/step - loss: 9.0274 - accuracy: 0.2833 - val_loss: 4.7167 - val_accuracy: 0.6000 - lr: 5.0000e-05
Epoch 5/20
4/4 [==============================] - 2s 612ms/step - loss: 7.1488 - accuracy: 0.4000 - val_loss: 4.6821 - val_accuracy: 0.4000 - lr: 5.0000e-05
Epoch 6/20
4/4 [==============================] - 2s 587ms/step - loss: 7.1518 - accuracy: 0.3500 - val_loss: 4.6595 - val_accuracy: 0.6000 - lr: 5.0000e-05
Epoch 7/20
4/4 [==============================] - 2s 605ms/step - loss: 7.9698 - accuracy: 0.3833 - val_loss: 4.6459 - val_accuracy: 0.4000 - lr: 5.0000e-05
Epoch 8/20
4/4 [==============================] - 2s 603ms/step - loss: 6.8437 - accuracy: 0.4167 - val_loss: 4.6307 - val_accuracy: 0.2000 - lr: 5.0000e-05
Epoch 9/20
4/4 [==============================] - 2s 612ms/step - loss: 7.1721 - accuracy: 0.4667 - val_loss: 4.6189 - val_accuracy: 0.2000 - lr: 5.0000e-05
Epoch 10/20
4/4 [==============================] - 2s 585ms/step - loss: 5.4531 - accuracy: 0.4500 - val_loss: 4.5987 - val_accuracy: 0.2000 - lr: 5.0000e-05
Epoch 11/20
4/4 [==============================] - 2s 624ms/step - loss: 5.6176 - accuracy: 0.4500 - val_loss: 4.5854 - val_accuracy: 0.2000 - lr: 5.0000e-05
Epoch 12/20
4/4 [==============================] - 2s 626ms/step - loss: 5.9866 - accuracy: 0.4167 - val_loss: 4.5782 - val_accuracy: 0.2000 - lr: 2.5000e-05
Epoch 13/20
4/4 [==============================] - 2s 645ms/step - loss: 5.3521 - accuracy: 0.4833 - val_loss: 4.5714 - val_accuracy: 0.2000 - lr: 1.2500e-05
Epoch 14/20
4/4 [==============================] - 2s 594ms/step - loss: 5.1441 - accuracy: 0.5167 - val_loss: 4.5648 - val_accuracy: 0.2000 - lr: 6.2500e-06
Epoch 15/20
4/4 [==============================] - 2s 654ms/step - loss: 5.0750 - accuracy: 0.4833 - val_loss: 4.5586 - val_accuracy: 0.2000 - lr: 3.1250e-06
Epoch 16/20
4/4 [==============================] - 2s 648ms/step - loss: 5.6539 - accuracy: 0.5000 - val_loss: 4.5521 - val_accuracy: 0.2000 - lr: 1.5625e-06
Epoch 17/20
4/4 [==============================] - 2s 609ms/step - loss: 5.3989 - accuracy: 0.4000 - val_loss: 4.5469 - val_accuracy: 0.2000 - lr: 7.8125e-07
Epoch 18/20
4/4 [==============================] - 2s 620ms/step - loss: 5.8667 - accuracy: 0.5667 - val_loss: 4.5437 - val_accuracy: 0.2000 - lr: 3.9062e-07
Epoch 19/20
4/4 [==============================] - 2s 625ms/step - loss: 5.4011 - accuracy: 0.5000 - val_loss: 4.5424 - val_accuracy: 0.2000 - lr: 1.9531e-07
Epoch 20/20
4/4 [==============================] - 2s 386ms/step - loss: 5.6490 - accuracy: 0.4833 - val_loss: 4.5424 - val_accuracy: 0.2000 - lr: 9.7656e-08
1/1 [==============================] - 0s 115ms/step - loss: 4.6096 - accuracy: 0.1429
Found 60 images belonging to 6 classes.
Found 5 images belonging to 6 classes.
Found 7 images belonging to 6 classes.
Epoch 1/25
4/4 [==============================] - ETA: 0s - loss: 7.8143 - accuracy: 0.2167C:\Users\tom.zbc\PycharmProjects\fungis_bacterias_project\.venv\lib\site-packages\keras\src\engine\training.py:3000: UserWarning: You are saving your model as an HDF5 file via `model.save()`. This file format is considered legacy. We recommend using instead the native Keras format, e.g. `model.save('my_model.keras')`.
  saving_api.save_model(
4/4 [==============================] - 3s 662ms/step - loss: 7.8143 - accuracy: 0.2167 - val_loss: 4.7736 - val_accuracy: 0.4000 - lr: 5.0000e-05
Epoch 2/25
4/4 [==============================] - 2s 647ms/step - loss: 8.2692 - accuracy: 0.1833 - val_loss: 4.7318 - val_accuracy: 0.2000 - lr: 5.0000e-05
Epoch 3/25
4/4 [==============================] - 2s 405ms/step - loss: 8.6441 - accuracy: 0.2833 - val_loss: 4.7517 - val_accuracy: 0.2000 - lr: 5.0000e-05
Epoch 4/25
4/4 [==============================] - 2s 398ms/step - loss: 8.3781 - accuracy: 0.3000 - val_loss: 4.7846 - val_accuracy: 0.2000 - lr: 5.0000e-05
Epoch 5/25
4/4 [==============================] - 2s 415ms/step - loss: 8.4402 - accuracy: 0.3500 - val_loss: 4.8164 - val_accuracy: 0.2000 - lr: 5.0000e-05
Epoch 6/25
4/4 [==============================] - 2s 395ms/step - loss: 7.2233 - accuracy: 0.4000 - val_loss: 4.8074 - val_accuracy: 0.2000 - lr: 5.0000e-05
Epoch 7/25
4/4 [==============================] - 2s 413ms/step - loss: 7.8215 - accuracy: 0.4500 - val_loss: 4.7836 - val_accuracy: 0.2000 - lr: 5.0000e-05
Epoch 8/25
4/4 [==============================] - 2s 441ms/step - loss: 6.8010 - accuracy: 0.4167 - val_loss: 4.7663 - val_accuracy: 0.2000 - lr: 1.0000e-05
Epoch 9/25
4/4 [==============================] - 2s 407ms/step - loss: 6.5280 - accuracy: 0.3667 - val_loss: 4.7629 - val_accuracy: 0.2000 - lr: 1.0000e-05
Epoch 10/25
4/4 [==============================] - 2s 421ms/step - loss: 8.2362 - accuracy: 0.4000 - val_loss: 4.7546 - val_accuracy: 0.2000 - lr: 1.0000e-05
1/1 [==============================] - 0s 124ms/step - loss: 4.7331 - accuracy: 0.1429
Found 60 images belonging to 6 classes.
Found 5 images belonging to 6 classes.
Found 7 images belonging to 6 classes.
Epoch 1/20
4/4 [==============================] - ETA: 0s - loss: 8.4950 - accuracy: 0.2667C:\Users\tom.zbc\PycharmProjects\fungis_bacterias_project\.venv\lib\site-packages\keras\src\engine\training.py:3000: UserWarning: You are saving your model as an HDF5 file via `model.save()`. This file format is considered legacy. We recommend using instead the native Keras format, e.g. `model.save('my_model.keras')`.
  saving_api.save_model(
4/4 [==============================] - 3s 665ms/step - loss: 8.4950 - accuracy: 0.2667 - val_loss: 4.7028 - val_accuracy: 0.2000 - lr: 5.0000e-05
Epoch 2/20
4/4 [==============================] - 2s 397ms/step - loss: 12.4945 - accuracy: 0.2167 - val_loss: 4.7070 - val_accuracy: 0.4000 - lr: 5.0000e-05
Epoch 3/20
4/4 [==============================] - 2s 429ms/step - loss: 8.7591 - accuracy: 0.3500 - val_loss: 4.7464 - val_accuracy: 0.2000 - lr: 5.0000e-05
Epoch 4/20
4/4 [==============================] - 2s 424ms/step - loss: 9.1812 - accuracy: 0.3667 - val_loss: 4.7880 - val_accuracy: 0.2000 - lr: 5.0000e-05
Epoch 5/20
4/4 [==============================] - 2s 437ms/step - loss: 9.3263 - accuracy: 0.3833 - val_loss: 4.7963 - val_accuracy: 0.2000 - lr: 5.0000e-05
Epoch 6/20
4/4 [==============================] - 2s 399ms/step - loss: 8.5098 - accuracy: 0.3500 - val_loss: 4.7631 - val_accuracy: 0.4000 - lr: 5.0000e-05
Epoch 7/20
4/4 [==============================] - 2s 407ms/step - loss: 8.2035 - accuracy: 0.3333 - val_loss: 4.7658 - val_accuracy: 0.4000 - lr: 1.0000e-05
Epoch 8/20
4/4 [==============================] - 2s 397ms/step - loss: 6.0956 - accuracy: 0.4667 - val_loss: 4.7678 - val_accuracy: 0.4000 - lr: 1.0000e-05
Epoch 9/20
4/4 [==============================] - 2s 455ms/step - loss: 6.3150 - accuracy: 0.4667 - val_loss: 4.7702 - val_accuracy: 0.4000 - lr: 1.0000e-05
1/1 [==============================] - 0s 122ms/step - loss: 4.7108 - accuracy: 0.4286
Found 60 images belonging to 6 classes.
Found 5 images belonging to 6 classes.
Found 7 images belonging to 6 classes.
Epoch 1/25
4/4 [==============================] - ETA: 0s - loss: 9.7458 - accuracy: 0.1667C:\Users\tom.zbc\PycharmProjects\fungis_bacterias_project\.venv\lib\site-packages\keras\src\engine\training.py:3000: UserWarning: You are saving your model as an HDF5 file via `model.save()`. This file format is considered legacy. We recommend using instead the native Keras format, e.g. `model.save('my_model.keras')`.
  saving_api.save_model(
4/4 [==============================] - 3s 697ms/step - loss: 9.7458 - accuracy: 0.1667 - val_loss: 4.8145 - val_accuracy: 0.0000e+00 - lr: 5.0000e-05
Epoch 2/25
4/4 [==============================] - 2s 627ms/step - loss: 8.4925 - accuracy: 0.2333 - val_loss: 4.7262 - val_accuracy: 0.2000 - lr: 5.0000e-05
Epoch 3/25
4/4 [==============================] - 2s 609ms/step - loss: 9.1359 - accuracy: 0.2167 - val_loss: 4.6622 - val_accuracy: 0.6000 - lr: 5.0000e-05
Epoch 4/25
4/4 [==============================] - 2s 604ms/step - loss: 7.5605 - accuracy: 0.3167 - val_loss: 4.6585 - val_accuracy: 0.4000 - lr: 5.0000e-05
Epoch 5/25
4/4 [==============================] - 2s 402ms/step - loss: 7.6743 - accuracy: 0.4167 - val_loss: 4.6962 - val_accuracy: 0.4000 - lr: 5.0000e-05
Epoch 6/25
4/4 [==============================] - 2s 395ms/step - loss: 8.0882 - accuracy: 0.3333 - val_loss: 4.7068 - val_accuracy: 0.4000 - lr: 5.0000e-05
Epoch 7/25
4/4 [==============================] - 2s 437ms/step - loss: 7.1677 - accuracy: 0.4167 - val_loss: 4.7278 - val_accuracy: 0.2000 - lr: 5.0000e-05
Epoch 8/25
4/4 [==============================] - 2s 405ms/step - loss: 7.1568 - accuracy: 0.4500 - val_loss: 4.7387 - val_accuracy: 0.2000 - lr: 5.0000e-05
Epoch 9/25
4/4 [==============================] - 2s 412ms/step - loss: 7.8159 - accuracy: 0.3333 - val_loss: 4.7382 - val_accuracy: 0.2000 - lr: 5.0000e-05
Epoch 10/25
4/4 [==============================] - 2s 410ms/step - loss: 7.3675 - accuracy: 0.3500 - val_loss: 4.7192 - val_accuracy: 0.2000 - lr: 1.0000e-05
Epoch 11/25
4/4 [==============================] - 2s 442ms/step - loss: 5.0538 - accuracy: 0.5500 - val_loss: 4.7274 - val_accuracy: 0.2000 - lr: 1.0000e-05
Epoch 12/25
4/4 [==============================] - 2s 421ms/step - loss: 5.9201 - accuracy: 0.4167 - val_loss: 4.7426 - val_accuracy: 0.2000 - lr: 5.0000e-06
1/1 [==============================] - 0s 129ms/step - loss: 4.6613 - accuracy: 0.1429
Found 60 images belonging to 6 classes.
Found 5 images belonging to 6 classes.
Found 7 images belonging to 6 classes.
Epoch 1/20
4/4 [==============================] - ETA: 0s - loss: 8.2220 - accuracy: 0.1667C:\Users\tom.zbc\PycharmProjects\fungis_bacterias_project\.venv\lib\site-packages\keras\src\engine\training.py:3000: UserWarning: You are saving your model as an HDF5 file via `model.save()`. This file format is considered legacy. We recommend using instead the native Keras format, e.g. `model.save('my_model.keras')`.
  saving_api.save_model(
4/4 [==============================] - 3s 677ms/step - loss: 8.2220 - accuracy: 0.1667 - val_loss: 4.7956 - val_accuracy: 0.0000e+00 - lr: 5.0000e-05
Epoch 2/20
4/4 [==============================] - 2s 633ms/step - loss: 8.8593 - accuracy: 0.2333 - val_loss: 4.6887 - val_accuracy: 0.8000 - lr: 5.0000e-05
Epoch 3/20
4/4 [==============================] - 2s 399ms/step - loss: 8.1684 - accuracy: 0.2500 - val_loss: 4.7344 - val_accuracy: 0.2000 - lr: 5.0000e-05
Epoch 4/20
4/4 [==============================] - 2s 443ms/step - loss: 8.8074 - accuracy: 0.3667 - val_loss: 4.7730 - val_accuracy: 0.2000 - lr: 5.0000e-05
Epoch 5/20
4/4 [==============================] - 2s 408ms/step - loss: 8.8290 - accuracy: 0.2667 - val_loss: 4.7406 - val_accuracy: 0.2000 - lr: 5.0000e-05
Epoch 6/20
4/4 [==============================] - 2s 405ms/step - loss: 7.5383 - accuracy: 0.4333 - val_loss: 4.7150 - val_accuracy: 0.2000 - lr: 5.0000e-05
Epoch 7/20
4/4 [==============================] - 2s 414ms/step - loss: 6.9292 - accuracy: 0.3833 - val_loss: 4.7002 - val_accuracy: 0.2000 - lr: 5.0000e-05
Epoch 8/20
4/4 [==============================] - 2s 414ms/step - loss: 6.1458 - accuracy: 0.4500 - val_loss: 4.7013 - val_accuracy: 0.4000 - lr: 1.0000e-05
Epoch 9/20
4/4 [==============================] - 2s 409ms/step - loss: 6.4236 - accuracy: 0.4500 - val_loss: 4.7165 - val_accuracy: 0.4000 - lr: 1.0000e-05
Epoch 10/20
4/4 [==============================] - 2s 424ms/step - loss: 5.8564 - accuracy: 0.3667 - val_loss: 4.7331 - val_accuracy: 0.4000 - lr: 1.0000e-05
1/1 [==============================] - 0s 122ms/step - loss: 4.7337 - accuracy: 0.4286
Found 60 images belonging to 6 classes.
Found 5 images belonging to 6 classes.
Found 7 images belonging to 6 classes.
Epoch 1/25
4/4 [==============================] - ETA: 0s - loss: 8.4872 - accuracy: 0.1333C:\Users\tom.zbc\PycharmProjects\fungis_bacterias_project\.venv\lib\site-packages\keras\src\engine\training.py:3000: UserWarning: You are saving your model as an HDF5 file via `model.save()`. This file format is considered legacy. We recommend using instead the native Keras format, e.g. `model.save('my_model.keras')`.
  saving_api.save_model(
4/4 [==============================] - 3s 676ms/step - loss: 8.4872 - accuracy: 0.1333 - val_loss: 4.8407 - val_accuracy: 0.0000e+00 - lr: 5.0000e-05
Epoch 2/25
4/4 [==============================] - 2s 624ms/step - loss: 9.5636 - accuracy: 0.1333 - val_loss: 4.7927 - val_accuracy: 0.2000 - lr: 5.0000e-05
Epoch 3/25
4/4 [==============================] - 2s 628ms/step - loss: 7.5316 - accuracy: 0.4833 - val_loss: 4.7491 - val_accuracy: 0.4000 - lr: 5.0000e-05
Epoch 4/25
4/4 [==============================] - 2s 618ms/step - loss: 10.0767 - accuracy: 0.2667 - val_loss: 4.7308 - val_accuracy: 0.6000 - lr: 5.0000e-05
Epoch 5/25
4/4 [==============================] - 2s 651ms/step - loss: 9.1897 - accuracy: 0.3667 - val_loss: 4.6697 - val_accuracy: 0.4000 - lr: 5.0000e-05
Epoch 6/25
4/4 [==============================] - 2s 642ms/step - loss: 7.7063 - accuracy: 0.3500 - val_loss: 4.6518 - val_accuracy: 0.2000 - lr: 5.0000e-05
Epoch 7/25
4/4 [==============================] - 2s 398ms/step - loss: 6.1782 - accuracy: 0.4500 - val_loss: 4.6527 - val_accuracy: 0.6000 - lr: 5.0000e-05
Epoch 8/25
4/4 [==============================] - 2s 643ms/step - loss: 8.2732 - accuracy: 0.3500 - val_loss: 4.6404 - val_accuracy: 0.4000 - lr: 5.0000e-05
Epoch 9/25
4/4 [==============================] - 2s 620ms/step - loss: 7.3951 - accuracy: 0.3333 - val_loss: 4.6071 - val_accuracy: 0.4000 - lr: 5.0000e-05
Epoch 10/25
4/4 [==============================] - 2s 610ms/step - loss: 7.9740 - accuracy: 0.3167 - val_loss: 4.5917 - val_accuracy: 0.4000 - lr: 5.0000e-05
Epoch 11/25
4/4 [==============================] - 2s 404ms/step - loss: 6.7993 - accuracy: 0.3333 - val_loss: 4.5980 - val_accuracy: 0.8000 - lr: 5.0000e-05
Epoch 12/25
4/4 [==============================] - 2s 417ms/step - loss: 5.6540 - accuracy: 0.5167 - val_loss: 4.5959 - val_accuracy: 0.8000 - lr: 2.5000e-05
Epoch 13/25
4/4 [==============================] - 2s 404ms/step - loss: 7.2884 - accuracy: 0.3000 - val_loss: 4.5948 - val_accuracy: 0.8000 - lr: 1.2500e-05
Epoch 14/25
4/4 [==============================] - 2s 423ms/step - loss: 7.2527 - accuracy: 0.3667 - val_loss: 4.5936 - val_accuracy: 0.8000 - lr: 6.2500e-06
Epoch 15/25
4/4 [==============================] - 2s 405ms/step - loss: 6.0296 - accuracy: 0.4000 - val_loss: 4.5950 - val_accuracy: 0.6000 - lr: 3.1250e-06
Epoch 16/25
4/4 [==============================] - 2s 444ms/step - loss: 5.3037 - accuracy: 0.4667 - val_loss: 4.6009 - val_accuracy: 0.6000 - lr: 1.0000e-06
Epoch 17/25
4/4 [==============================] - 2s 416ms/step - loss: 5.2693 - accuracy: 0.5167 - val_loss: 4.6095 - val_accuracy: 0.6000 - lr: 5.0000e-07
Epoch 18/25
4/4 [==============================] - 2s 433ms/step - loss: 5.7315 - accuracy: 0.4500 - val_loss: 4.6179 - val_accuracy: 0.6000 - lr: 2.5000e-07
1/1 [==============================] - 0s 120ms/step - loss: 4.8306 - accuracy: 0.5714
Found 60 images belonging to 6 classes.
Found 5 images belonging to 6 classes.
Found 7 images belonging to 6 classes.
Epoch 1/20
4/4 [==============================] - ETA: 0s - loss: 8.0182 - accuracy: 0.1500C:\Users\tom.zbc\PycharmProjects\fungis_bacterias_project\.venv\lib\site-packages\keras\src\engine\training.py:3000: UserWarning: You are saving your model as an HDF5 file via `model.save()`. This file format is considered legacy. We recommend using instead the native Keras format, e.g. `model.save('my_model.keras')`.
  saving_api.save_model(
4/4 [==============================] - 2s 464ms/step - loss: 8.0182 - accuracy: 0.1500 - val_loss: 4.5199 - val_accuracy: 0.2000 - lr: 5.0000e-05
Epoch 2/20
4/4 [==============================] - 1s 285ms/step - loss: 7.9238 - accuracy: 0.1833 - val_loss: 4.5426 - val_accuracy: 0.4000 - lr: 5.0000e-05
Epoch 3/20
4/4 [==============================] - 1s 278ms/step - loss: 7.1496 - accuracy: 0.2333 - val_loss: 4.5241 - val_accuracy: 0.6000 - lr: 5.0000e-05
Epoch 4/20
4/4 [==============================] - 2s 392ms/step - loss: 6.1654 - accuracy: 0.3833 - val_loss: 4.4996 - val_accuracy: 0.6000 - lr: 5.0000e-05
Epoch 5/20
4/4 [==============================] - 1s 278ms/step - loss: 6.1570 - accuracy: 0.3833 - val_loss: 4.4997 - val_accuracy: 0.8000 - lr: 5.0000e-05
Epoch 6/20
4/4 [==============================] - 1s 274ms/step - loss: 6.6780 - accuracy: 0.3167 - val_loss: 4.5136 - val_accuracy: 0.4000 - lr: 5.0000e-05
Epoch 7/20
4/4 [==============================] - 1s 280ms/step - loss: 5.9811 - accuracy: 0.3500 - val_loss: 4.5117 - val_accuracy: 0.2000 - lr: 5.0000e-05
Epoch 8/20
4/4 [==============================] - 1s 282ms/step - loss: 6.1984 - accuracy: 0.4167 - val_loss: 4.5113 - val_accuracy: 0.2000 - lr: 5.0000e-05
Epoch 9/20
4/4 [==============================] - 1s 281ms/step - loss: 6.2574 - accuracy: 0.3333 - val_loss: 4.5284 - val_accuracy: 0.2000 - lr: 5.0000e-05
Epoch 10/20
4/4 [==============================] - 1s 285ms/step - loss: 6.3815 - accuracy: 0.4000 - val_loss: 4.5507 - val_accuracy: 0.2000 - lr: 1.0000e-05
Epoch 11/20
4/4 [==============================] - 1s 277ms/step - loss: 6.2074 - accuracy: 0.4000 - val_loss: 4.5561 - val_accuracy: 0.2000 - lr: 1.0000e-05
Epoch 12/20
4/4 [==============================] - 1s 277ms/step - loss: 5.4679 - accuracy: 0.4167 - val_loss: 4.5626 - val_accuracy: 0.2000 - lr: 5.0000e-06
1/1 [==============================] - 0s 104ms/step - loss: 4.5175 - accuracy: 0.5714
Found 60 images belonging to 6 classes.
Found 5 images belonging to 6 classes.
Found 7 images belonging to 6 classes.
Epoch 1/25
4/4 [==============================] - ETA: 0s - loss: 7.8032 - accuracy: 0.1667C:\Users\tom.zbc\PycharmProjects\fungis_bacterias_project\.venv\lib\site-packages\keras\src\engine\training.py:3000: UserWarning: You are saving your model as an HDF5 file via `model.save()`. This file format is considered legacy. We recommend using instead the native Keras format, e.g. `model.save('my_model.keras')`.
  saving_api.save_model(
4/4 [==============================] - 3s 478ms/step - loss: 7.8032 - accuracy: 0.1667 - val_loss: 4.5808 - val_accuracy: 0.2000 - lr: 5.0000e-05
Epoch 2/25
4/4 [==============================] - 1s 281ms/step - loss: 7.2885 - accuracy: 0.2833 - val_loss: 4.5969 - val_accuracy: 0.2000 - lr: 5.0000e-05
Epoch 3/25
4/4 [==============================] - 2s 383ms/step - loss: 7.1294 - accuracy: 0.2333 - val_loss: 4.5792 - val_accuracy: 0.0000e+00 - lr: 5.0000e-05
Epoch 4/25
4/4 [==============================] - 2s 413ms/step - loss: 7.0212 - accuracy: 0.3000 - val_loss: 4.5635 - val_accuracy: 0.2000 - lr: 5.0000e-05
Epoch 5/25
4/4 [==============================] - 1s 272ms/step - loss: 6.3757 - accuracy: 0.3167 - val_loss: 4.5756 - val_accuracy: 0.4000 - lr: 5.0000e-05
Epoch 6/25
4/4 [==============================] - 1s 275ms/step - loss: 5.9706 - accuracy: 0.4000 - val_loss: 4.5676 - val_accuracy: 0.4000 - lr: 5.0000e-05
Epoch 7/25
4/4 [==============================] - 2s 385ms/step - loss: 6.3441 - accuracy: 0.3333 - val_loss: 4.5484 - val_accuracy: 0.4000 - lr: 5.0000e-05
Epoch 8/25
4/4 [==============================] - 1s 271ms/step - loss: 4.9146 - accuracy: 0.5167 - val_loss: 4.5493 - val_accuracy: 0.4000 - lr: 5.0000e-05
Epoch 9/25
4/4 [==============================] - 1s 269ms/step - loss: 6.1262 - accuracy: 0.4500 - val_loss: 4.5666 - val_accuracy: 0.4000 - lr: 5.0000e-05
Epoch 10/25
4/4 [==============================] - 1s 283ms/step - loss: 6.1097 - accuracy: 0.3167 - val_loss: 4.5902 - val_accuracy: 0.4000 - lr: 5.0000e-05
Epoch 11/25
4/4 [==============================] - 1s 281ms/step - loss: 5.0920 - accuracy: 0.4667 - val_loss: 4.6221 - val_accuracy: 0.4000 - lr: 5.0000e-05
Epoch 12/25
4/4 [==============================] - 1s 280ms/step - loss: 5.2959 - accuracy: 0.4333 - val_loss: 4.6242 - val_accuracy: 0.4000 - lr: 2.5000e-05
Epoch 13/25
4/4 [==============================] - 1s 276ms/step - loss: 5.3729 - accuracy: 0.4167 - val_loss: 4.6227 - val_accuracy: 0.4000 - lr: 2.5000e-06
Epoch 14/25
4/4 [==============================] - 1s 270ms/step - loss: 5.1431 - accuracy: 0.3833 - val_loss: 4.6254 - val_accuracy: 0.4000 - lr: 1.2500e-06
Epoch 15/25
4/4 [==============================] - 1s 282ms/step - loss: 5.1906 - accuracy: 0.3833 - val_loss: 4.6295 - val_accuracy: 0.4000 - lr: 6.2500e-07
1/1 [==============================] - 0s 103ms/step - loss: 4.5529 - accuracy: 0.1429
Found 60 images belonging to 6 classes.
Found 5 images belonging to 6 classes.
Found 7 images belonging to 6 classes.
Epoch 1/20
4/4 [==============================] - ETA: 0s - loss: 7.0441 - accuracy: 0.1500C:\Users\tom.zbc\PycharmProjects\fungis_bacterias_project\.venv\lib\site-packages\keras\src\engine\training.py:3000: UserWarning: You are saving your model as an HDF5 file via `model.save()`. This file format is considered legacy. We recommend using instead the native Keras format, e.g. `model.save('my_model.keras')`.
  saving_api.save_model(
4/4 [==============================] - 2s 423ms/step - loss: 7.0441 - accuracy: 0.1500 - val_loss: 4.6316 - val_accuracy: 0.2000 - lr: 5.0000e-05
Epoch 2/20
4/4 [==============================] - 1s 364ms/step - loss: 7.6964 - accuracy: 0.3000 - val_loss: 4.5505 - val_accuracy: 0.4000 - lr: 5.0000e-05
Epoch 3/20
4/4 [==============================] - 1s 388ms/step - loss: 7.2257 - accuracy: 0.2500 - val_loss: 4.5367 - val_accuracy: 0.2000 - lr: 5.0000e-05
Epoch 4/20
4/4 [==============================] - 1s 275ms/step - loss: 6.7707 - accuracy: 0.3833 - val_loss: 4.5410 - val_accuracy: 0.0000e+00 - lr: 5.0000e-05
Epoch 5/20
4/4 [==============================] - 1s 366ms/step - loss: 7.0925 - accuracy: 0.2833 - val_loss: 4.5237 - val_accuracy: 0.2000 - lr: 5.0000e-05
Epoch 6/20
4/4 [==============================] - 2s 389ms/step - loss: 6.4139 - accuracy: 0.3667 - val_loss: 4.4825 - val_accuracy: 0.2000 - lr: 5.0000e-05
Epoch 7/20
4/4 [==============================] - 1s 376ms/step - loss: 7.2530 - accuracy: 0.2333 - val_loss: 4.4659 - val_accuracy: 0.4000 - lr: 5.0000e-05
Epoch 8/20
4/4 [==============================] - 2s 385ms/step - loss: 6.5702 - accuracy: 0.2833 - val_loss: 4.4483 - val_accuracy: 0.2000 - lr: 5.0000e-05
Epoch 9/20
4/4 [==============================] - 1s 367ms/step - loss: 6.3135 - accuracy: 0.3333 - val_loss: 4.4326 - val_accuracy: 0.2000 - lr: 5.0000e-05
Epoch 10/20
4/4 [==============================] - 2s 377ms/step - loss: 5.9533 - accuracy: 0.3333 - val_loss: 4.4304 - val_accuracy: 0.2000 - lr: 5.0000e-05
Epoch 11/20
4/4 [==============================] - 1s 373ms/step - loss: 5.5014 - accuracy: 0.3667 - val_loss: 4.4282 - val_accuracy: 0.2000 - lr: 5.0000e-05
Epoch 12/20
4/4 [==============================] - 1s 261ms/step - loss: 6.1684 - accuracy: 0.3833 - val_loss: 4.4338 - val_accuracy: 0.2000 - lr: 2.5000e-05
Epoch 13/20
4/4 [==============================] - 1s 299ms/step - loss: 6.1156 - accuracy: 0.3667 - val_loss: 4.4325 - val_accuracy: 0.2000 - lr: 1.2500e-05
Epoch 14/20
4/4 [==============================] - 1s 266ms/step - loss: 5.1852 - accuracy: 0.4833 - val_loss: 4.4316 - val_accuracy: 0.2000 - lr: 6.2500e-06
Epoch 15/20
4/4 [==============================] - 1s 273ms/step - loss: 5.6154 - accuracy: 0.4667 - val_loss: 4.4314 - val_accuracy: 0.2000 - lr: 3.1250e-06
Epoch 16/20
4/4 [==============================] - 1s 262ms/step - loss: 5.8116 - accuracy: 0.4000 - val_loss: 4.4320 - val_accuracy: 0.2000 - lr: 1.5625e-06
Epoch 17/20
4/4 [==============================] - 1s 297ms/step - loss: 5.8274 - accuracy: 0.3833 - val_loss: 4.4338 - val_accuracy: 0.2000 - lr: 7.8125e-07
Epoch 18/20
4/4 [==============================] - 1s 266ms/step - loss: 6.2824 - accuracy: 0.4167 - val_loss: 4.4370 - val_accuracy: 0.2000 - lr: 3.9062e-07
Epoch 19/20
4/4 [==============================] - 1s 301ms/step - loss: 5.5798 - accuracy: 0.4000 - val_loss: 4.4416 - val_accuracy: 0.2000 - lr: 1.9531e-07
1/1 [==============================] - 0s 103ms/step - loss: 4.4554 - accuracy: 0.1429
Found 60 images belonging to 6 classes.
Found 5 images belonging to 6 classes.
Found 7 images belonging to 6 classes.
Epoch 1/25
4/4 [==============================] - ETA: 0s - loss: 8.1512 - accuracy: 0.2000C:\Users\tom.zbc\PycharmProjects\fungis_bacterias_project\.venv\lib\site-packages\keras\src\engine\training.py:3000: UserWarning: You are saving your model as an HDF5 file via `model.save()`. This file format is considered legacy. We recommend using instead the native Keras format, e.g. `model.save('my_model.keras')`.
  saving_api.save_model(
4/4 [==============================] - 2s 426ms/step - loss: 8.1512 - accuracy: 0.2000 - val_loss: 4.5569 - val_accuracy: 0.4000 - lr: 5.0000e-05
Epoch 2/25
4/4 [==============================] - 1s 269ms/step - loss: 7.7618 - accuracy: 0.2500 - val_loss: 4.5774 - val_accuracy: 0.2000 - lr: 5.0000e-05
Epoch 3/25
4/4 [==============================] - 1s 296ms/step - loss: 6.8247 - accuracy: 0.2667 - val_loss: 4.5890 - val_accuracy: 0.2000 - lr: 5.0000e-05
Epoch 4/25
4/4 [==============================] - 1s 296ms/step - loss: 7.3004 - accuracy: 0.3833 - val_loss: 4.5947 - val_accuracy: 0.4000 - lr: 5.0000e-05
Epoch 5/25
4/4 [==============================] - 1s 274ms/step - loss: 7.0102 - accuracy: 0.3000 - val_loss: 4.5864 - val_accuracy: 0.2000 - lr: 5.0000e-05
Epoch 6/25
4/4 [==============================] - 2s 375ms/step - loss: 7.3600 - accuracy: 0.2500 - val_loss: 4.5361 - val_accuracy: 0.2000 - lr: 5.0000e-05
Epoch 7/25
4/4 [==============================] - 1s 390ms/step - loss: 6.2743 - accuracy: 0.4000 - val_loss: 4.4725 - val_accuracy: 0.2000 - lr: 5.0000e-05
Epoch 8/25
4/4 [==============================] - 2s 382ms/step - loss: 5.7656 - accuracy: 0.3500 - val_loss: 4.4204 - val_accuracy: 0.4000 - lr: 5.0000e-05
Epoch 9/25
4/4 [==============================] - 1s 395ms/step - loss: 5.9227 - accuracy: 0.4500 - val_loss: 4.3987 - val_accuracy: 0.6000 - lr: 5.0000e-05
Epoch 10/25
4/4 [==============================] - 2s 377ms/step - loss: 6.3082 - accuracy: 0.3000 - val_loss: 4.3953 - val_accuracy: 0.6000 - lr: 5.0000e-05
Epoch 11/25
4/4 [==============================] - 1s 370ms/step - loss: 5.5391 - accuracy: 0.3167 - val_loss: 4.3810 - val_accuracy: 0.6000 - lr: 5.0000e-05
Epoch 12/25
4/4 [==============================] - 2s 382ms/step - loss: 4.6978 - accuracy: 0.4667 - val_loss: 4.3616 - val_accuracy: 0.6000 - lr: 2.5000e-05
Epoch 13/25
4/4 [==============================] - 1s 400ms/step - loss: 5.9093 - accuracy: 0.3500 - val_loss: 4.3425 - val_accuracy: 0.6000 - lr: 1.2500e-05
Epoch 14/25
4/4 [==============================] - 1s 372ms/step - loss: 4.6787 - accuracy: 0.5333 - val_loss: 4.3287 - val_accuracy: 0.4000 - lr: 6.2500e-06
Epoch 15/25
4/4 [==============================] - 1s 372ms/step - loss: 6.3050 - accuracy: 0.3667 - val_loss: 4.3165 - val_accuracy: 0.4000 - lr: 3.1250e-06
Epoch 16/25
4/4 [==============================] - 1s 374ms/step - loss: 5.4749 - accuracy: 0.4500 - val_loss: 4.3072 - val_accuracy: 0.4000 - lr: 1.5625e-06
Epoch 17/25
4/4 [==============================] - 1s 396ms/step - loss: 5.1264 - accuracy: 0.4333 - val_loss: 4.3018 - val_accuracy: 0.4000 - lr: 7.8125e-07
Epoch 18/25
4/4 [==============================] - 2s 409ms/step - loss: 5.0412 - accuracy: 0.4333 - val_loss: 4.2982 - val_accuracy: 0.4000 - lr: 3.9062e-07
Epoch 19/25
4/4 [==============================] - 1s 375ms/step - loss: 5.2850 - accuracy: 0.3833 - val_loss: 4.2963 - val_accuracy: 0.4000 - lr: 1.9531e-07
Epoch 20/25
4/4 [==============================] - 2s 417ms/step - loss: 5.3291 - accuracy: 0.3667 - val_loss: 4.2959 - val_accuracy: 0.4000 - lr: 9.7656e-08
Epoch 21/25
4/4 [==============================] - 1s 302ms/step - loss: 4.8197 - accuracy: 0.5333 - val_loss: 4.2964 - val_accuracy: 0.4000 - lr: 4.8828e-08
Epoch 22/25
4/4 [==============================] - 1s 283ms/step - loss: 6.4513 - accuracy: 0.2500 - val_loss: 4.2981 - val_accuracy: 0.4000 - lr: 2.4414e-08
Epoch 23/25
4/4 [==============================] - 1s 274ms/step - loss: 5.7516 - accuracy: 0.4000 - val_loss: 4.3019 - val_accuracy: 0.4000 - lr: 1.2207e-08
Epoch 24/25
4/4 [==============================] - 1s 266ms/step - loss: 5.2284 - accuracy: 0.4667 - val_loss: 4.3055 - val_accuracy: 0.4000 - lr: 6.1035e-09
Epoch 25/25
4/4 [==============================] - 1s 273ms/step - loss: 5.5804 - accuracy: 0.5000 - val_loss: 4.3103 - val_accuracy: 0.4000 - lr: 3.0518e-09
1/1 [==============================] - 0s 112ms/step - loss: 4.7258 - accuracy: 0.4286
Found 60 images belonging to 6 classes.
Found 5 images belonging to 6 classes.
Found 7 images belonging to 6 classes.
Epoch 1/20
4/4 [==============================] - ETA: 0s - loss: 8.2410 - accuracy: 0.1667C:\Users\tom.zbc\PycharmProjects\fungis_bacterias_project\.venv\lib\site-packages\keras\src\engine\training.py:3000: UserWarning: You are saving your model as an HDF5 file via `model.save()`. This file format is considered legacy. We recommend using instead the native Keras format, e.g. `model.save('my_model.keras')`.
  saving_api.save_model(
4/4 [==============================] - 2s 436ms/step - loss: 8.2410 - accuracy: 0.1667 - val_loss: 4.5284 - val_accuracy: 0.2000 - lr: 5.0000e-05
Epoch 2/20
4/4 [==============================] - 1s 366ms/step - loss: 7.6740 - accuracy: 0.2333 - val_loss: 4.5174 - val_accuracy: 0.2000 - lr: 5.0000e-05
Epoch 3/20
4/4 [==============================] - 1s 262ms/step - loss: 7.5504 - accuracy: 0.3000 - val_loss: 4.5460 - val_accuracy: 0.2000 - lr: 5.0000e-05
Epoch 4/20
4/4 [==============================] - 1s 262ms/step - loss: 6.9812 - accuracy: 0.2167 - val_loss: 4.5614 - val_accuracy: 0.2000 - lr: 5.0000e-05
Epoch 5/20
4/4 [==============================] - 1s 276ms/step - loss: 6.3893 - accuracy: 0.3333 - val_loss: 4.5697 - val_accuracy: 0.2000 - lr: 5.0000e-05
Epoch 6/20
4/4 [==============================] - 1s 299ms/step - loss: 6.3781 - accuracy: 0.3667 - val_loss: 4.5518 - val_accuracy: 0.2000 - lr: 5.0000e-05
Epoch 7/20
4/4 [==============================] - 1s 269ms/step - loss: 6.0047 - accuracy: 0.4167 - val_loss: 4.5317 - val_accuracy: 0.4000 - lr: 5.0000e-05
Epoch 8/20
4/4 [==============================] - 1s 267ms/step - loss: 6.1882 - accuracy: 0.3667 - val_loss: 4.5286 - val_accuracy: 0.4000 - lr: 1.0000e-05
Epoch 9/20
4/4 [==============================] - 1s 270ms/step - loss: 5.4268 - accuracy: 0.3500 - val_loss: 4.5248 - val_accuracy: 0.4000 - lr: 1.0000e-05
Epoch 10/20
4/4 [==============================] - 1s 284ms/step - loss: 6.1123 - accuracy: 0.3333 - val_loss: 4.5273 - val_accuracy: 0.2000 - lr: 1.0000e-05
1/1 [==============================] - 0s 100ms/step - loss: 4.5109 - accuracy: 0.1429
Found 60 images belonging to 6 classes.
Found 5 images belonging to 6 classes.
Found 7 images belonging to 6 classes.
Epoch 1/25
4/4 [==============================] - ETA: 0s - loss: 8.0888 - accuracy: 0.1333C:\Users\tom.zbc\PycharmProjects\fungis_bacterias_project\.venv\lib\site-packages\keras\src\engine\training.py:3000: UserWarning: You are saving your model as an HDF5 file via `model.save()`. This file format is considered legacy. We recommend using instead the native Keras format, e.g. `model.save('my_model.keras')`.
  saving_api.save_model(
4/4 [==============================] - 2s 441ms/step - loss: 8.0888 - accuracy: 0.1333 - val_loss: 4.5755 - val_accuracy: 0.2000 - lr: 5.0000e-05
Epoch 2/25
4/4 [==============================] - 2s 404ms/step - loss: 8.3763 - accuracy: 0.2833 - val_loss: 4.5398 - val_accuracy: 0.4000 - lr: 5.0000e-05
Epoch 3/25
4/4 [==============================] - 1s 374ms/step - loss: 8.4563 - accuracy: 0.2167 - val_loss: 4.5106 - val_accuracy: 0.2000 - lr: 5.0000e-05
Epoch 4/25
4/4 [==============================] - 2s 382ms/step - loss: 6.9570 - accuracy: 0.2167 - val_loss: 4.5018 - val_accuracy: 0.6000 - lr: 5.0000e-05
Epoch 5/25
4/4 [==============================] - 1s 389ms/step - loss: 7.0047 - accuracy: 0.3000 - val_loss: 4.4853 - val_accuracy: 0.8000 - lr: 5.0000e-05
Epoch 6/25
4/4 [==============================] - 1s 368ms/step - loss: 7.1867 - accuracy: 0.2333 - val_loss: 4.4817 - val_accuracy: 0.4000 - lr: 5.0000e-05
Epoch 7/25
4/4 [==============================] - 1s 378ms/step - loss: 6.3524 - accuracy: 0.3167 - val_loss: 4.4815 - val_accuracy: 0.4000 - lr: 5.0000e-05
Epoch 8/25
4/4 [==============================] - 1s 261ms/step - loss: 7.0041 - accuracy: 0.2333 - val_loss: 4.4869 - val_accuracy: 0.4000 - lr: 5.0000e-05
Epoch 9/25
4/4 [==============================] - 1s 269ms/step - loss: 6.4669 - accuracy: 0.2500 - val_loss: 4.5006 - val_accuracy: 0.4000 - lr: 5.0000e-05
Epoch 10/25
4/4 [==============================] - 1s 286ms/step - loss: 5.5638 - accuracy: 0.3000 - val_loss: 4.5059 - val_accuracy: 0.4000 - lr: 5.0000e-05
Epoch 11/25
4/4 [==============================] - 1s 305ms/step - loss: 5.3101 - accuracy: 0.3833 - val_loss: 4.4974 - val_accuracy: 0.2000 - lr: 5.0000e-05
Epoch 12/25
4/4 [==============================] - 1s 275ms/step - loss: 5.3788 - accuracy: 0.4167 - val_loss: 4.4894 - val_accuracy: 0.2000 - lr: 2.5000e-05
Epoch 13/25
4/4 [==============================] - 2s 386ms/step - loss: 5.9107 - accuracy: 0.2833 - val_loss: 4.4789 - val_accuracy: 0.2000 - lr: 1.2500e-05
Epoch 14/25
4/4 [==============================] - 2s 397ms/step - loss: 5.1993 - accuracy: 0.4667 - val_loss: 4.4695 - val_accuracy: 0.2000 - lr: 6.2500e-06
Epoch 15/25
4/4 [==============================] - 2s 380ms/step - loss: 5.2361 - accuracy: 0.3667 - val_loss: 4.4621 - val_accuracy: 0.2000 - lr: 3.1250e-06
Epoch 16/25
4/4 [==============================] - 1s 374ms/step - loss: 4.6735 - accuracy: 0.4833 - val_loss: 4.4565 - val_accuracy: 0.2000 - lr: 1.5625e-06
Epoch 17/25
4/4 [==============================] - 2s 407ms/step - loss: 5.5565 - accuracy: 0.3667 - val_loss: 4.4519 - val_accuracy: 0.2000 - lr: 7.8125e-07
Epoch 18/25
4/4 [==============================] - 1s 375ms/step - loss: 4.8524 - accuracy: 0.4167 - val_loss: 4.4479 - val_accuracy: 0.2000 - lr: 3.9062e-07
Epoch 19/25
4/4 [==============================] - 1s 374ms/step - loss: 6.0566 - accuracy: 0.4000 - val_loss: 4.4443 - val_accuracy: 0.2000 - lr: 1.9531e-07
Epoch 20/25
4/4 [==============================] - 1s 374ms/step - loss: 5.3362 - accuracy: 0.4167 - val_loss: 4.4422 - val_accuracy: 0.2000 - lr: 9.7656e-08
Epoch 21/25
4/4 [==============================] - 2s 378ms/step - loss: 5.1839 - accuracy: 0.3500 - val_loss: 4.4418 - val_accuracy: 0.2000 - lr: 4.8828e-08
Epoch 22/25
4/4 [==============================] - 2s 408ms/step - loss: 5.0990 - accuracy: 0.4500 - val_loss: 4.4410 - val_accuracy: 0.2000 - lr: 2.4414e-08
Epoch 23/25
4/4 [==============================] - 2s 382ms/step - loss: 5.3148 - accuracy: 0.5000 - val_loss: 4.4408 - val_accuracy: 0.2000 - lr: 1.2207e-08
Epoch 24/25
4/4 [==============================] - 1s 265ms/step - loss: 6.5801 - accuracy: 0.3167 - val_loss: 4.4425 - val_accuracy: 0.2000 - lr: 6.1035e-09
Epoch 25/25
4/4 [==============================] - 1s 283ms/step - loss: 5.1777 - accuracy: 0.3833 - val_loss: 4.4439 - val_accuracy: 0.2000 - lr: 3.0518e-09
1/1 [==============================] - 0s 101ms/step - loss: 4.9405 - accuracy: 0.1429
Found 60 images belonging to 6 classes.
Found 5 images belonging to 6 classes.
Found 7 images belonging to 6 classes.
Epoch 1/20
4/4 [==============================] - ETA: 0s - loss: 7.3386 - accuracy: 0.1833C:\Users\tom.zbc\PycharmProjects\fungis_bacterias_project\.venv\lib\site-packages\keras\src\engine\training.py:3000: UserWarning: You are saving your model as an HDF5 file via `model.save()`. This file format is considered legacy. We recommend using instead the native Keras format, e.g. `model.save('my_model.keras')`.
  saving_api.save_model(
4/4 [==============================] - 2s 451ms/step - loss: 7.3386 - accuracy: 0.1833 - val_loss: 4.5971 - val_accuracy: 0.0000e+00 - lr: 5.0000e-05
Epoch 2/20
4/4 [==============================] - 1s 273ms/step - loss: 7.2763 - accuracy: 0.1667 - val_loss: 4.6163 - val_accuracy: 0.0000e+00 - lr: 5.0000e-05
Epoch 3/20
4/4 [==============================] - 1s 266ms/step - loss: 6.7604 - accuracy: 0.2833 - val_loss: 4.6063 - val_accuracy: 0.0000e+00 - lr: 5.0000e-05
Epoch 4/20
4/4 [==============================] - 1s 375ms/step - loss: 5.9266 - accuracy: 0.3333 - val_loss: 4.5772 - val_accuracy: 0.2000 - lr: 5.0000e-05
Epoch 5/20
4/4 [==============================] - 1s 396ms/step - loss: 6.7361 - accuracy: 0.3167 - val_loss: 4.5521 - val_accuracy: 0.2000 - lr: 5.0000e-05
Epoch 6/20
4/4 [==============================] - 2s 385ms/step - loss: 6.3500 - accuracy: 0.3333 - val_loss: 4.5420 - val_accuracy: 0.2000 - lr: 5.0000e-05
Epoch 7/20
4/4 [==============================] - 1s 359ms/step - loss: 6.5701 - accuracy: 0.2333 - val_loss: 4.5341 - val_accuracy: 0.2000 - lr: 5.0000e-05
Epoch 8/20
4/4 [==============================] - 1s 369ms/step - loss: 6.2336 - accuracy: 0.3000 - val_loss: 4.5155 - val_accuracy: 0.2000 - lr: 5.0000e-05
Epoch 9/20
4/4 [==============================] - 1s 386ms/step - loss: 6.1710 - accuracy: 0.3667 - val_loss: 4.5146 - val_accuracy: 0.2000 - lr: 5.0000e-05
Epoch 10/20
4/4 [==============================] - 1s 262ms/step - loss: 5.7870 - accuracy: 0.4167 - val_loss: 4.5223 - val_accuracy: 0.2000 - lr: 5.0000e-05
Epoch 11/20
4/4 [==============================] - 1s 273ms/step - loss: 5.7390 - accuracy: 0.4000 - val_loss: 4.5172 - val_accuracy: 0.2000 - lr: 5.0000e-05
Epoch 12/20
4/4 [==============================] - 1s 297ms/step - loss: 5.4662 - accuracy: 0.3833 - val_loss: 4.5193 - val_accuracy: 0.2000 - lr: 2.5000e-05
Epoch 13/20
4/4 [==============================] - 1s 268ms/step - loss: 5.9517 - accuracy: 0.3000 - val_loss: 4.5245 - val_accuracy: 0.2000 - lr: 1.2500e-05
Epoch 14/20
4/4 [==============================] - 1s 282ms/step - loss: 5.2646 - accuracy: 0.4167 - val_loss: 4.5345 - val_accuracy: 0.2000 - lr: 6.2500e-06
Epoch 15/20
4/4 [==============================] - 1s 275ms/step - loss: 5.3461 - accuracy: 0.3833 - val_loss: 4.5463 - val_accuracy: 0.2000 - lr: 1.0000e-06
Epoch 16/20
4/4 [==============================] - 1s 290ms/step - loss: 5.8892 - accuracy: 0.3000 - val_loss: 4.5584 - val_accuracy: 0.2000 - lr: 5.0000e-07
Epoch 17/20
4/4 [==============================] - 1s 277ms/step - loss: 5.3618 - accuracy: 0.5000 - val_loss: 4.5707 - val_accuracy: 0.2000 - lr: 2.5000e-07
1/1 [==============================] - 0s 104ms/step - loss: 4.6553 - accuracy: 0.1429
Found 60 images belonging to 6 classes.
Found 5 images belonging to 6 classes.
Found 7 images belonging to 6 classes.
Epoch 1/25
4/4 [==============================] - ETA: 0s - loss: 7.8979 - accuracy: 0.1667C:\Users\tom.zbc\PycharmProjects\fungis_bacterias_project\.venv\lib\site-packages\keras\src\engine\training.py:3000: UserWarning: You are saving your model as an HDF5 file via `model.save()`. This file format is considered legacy. We recommend using instead the native Keras format, e.g. `model.save('my_model.keras')`.
  saving_api.save_model(
4/4 [==============================] - 2s 512ms/step - loss: 7.8979 - accuracy: 0.1667 - val_loss: 4.6238 - val_accuracy: 0.2000 - lr: 5.0000e-05
Epoch 2/25
4/4 [==============================] - 2s 378ms/step - loss: 7.6850 - accuracy: 0.2667 - val_loss: 4.5750 - val_accuracy: 0.2000 - lr: 5.0000e-05
Epoch 3/25
4/4 [==============================] - 1s 372ms/step - loss: 7.7278 - accuracy: 0.2500 - val_loss: 4.5118 - val_accuracy: 0.4000 - lr: 5.0000e-05
Epoch 4/25
4/4 [==============================] - 2s 399ms/step - loss: 8.6249 - accuracy: 0.2500 - val_loss: 4.4828 - val_accuracy: 0.4000 - lr: 5.0000e-05
Epoch 5/25
4/4 [==============================] - 2s 381ms/step - loss: 7.3802 - accuracy: 0.2667 - val_loss: 4.4816 - val_accuracy: 0.4000 - lr: 5.0000e-05
Epoch 6/25
4/4 [==============================] - 1s 391ms/step - loss: 8.0314 - accuracy: 0.2667 - val_loss: 4.4642 - val_accuracy: 0.4000 - lr: 5.0000e-05
Epoch 7/25
4/4 [==============================] - 2s 373ms/step - loss: 6.1999 - accuracy: 0.3333 - val_loss: 4.4526 - val_accuracy: 0.4000 - lr: 5.0000e-05
Epoch 8/25
4/4 [==============================] - 1s 370ms/step - loss: 6.1906 - accuracy: 0.3500 - val_loss: 4.4347 - val_accuracy: 0.6000 - lr: 5.0000e-05
Epoch 9/25
4/4 [==============================] - 2s 377ms/step - loss: 5.6728 - accuracy: 0.3500 - val_loss: 4.4236 - val_accuracy: 0.6000 - lr: 5.0000e-05
Epoch 10/25
4/4 [==============================] - 1s 301ms/step - loss: 6.1751 - accuracy: 0.3000 - val_loss: 4.4238 - val_accuracy: 0.6000 - lr: 5.0000e-05
Epoch 11/25
4/4 [==============================] - 2s 383ms/step - loss: 5.2250 - accuracy: 0.4500 - val_loss: 4.4080 - val_accuracy: 0.6000 - lr: 5.0000e-05
Epoch 12/25
4/4 [==============================] - 1s 369ms/step - loss: 5.6148 - accuracy: 0.3000 - val_loss: 4.3953 - val_accuracy: 0.6000 - lr: 2.5000e-05
Epoch 13/25
4/4 [==============================] - 1s 377ms/step - loss: 5.6747 - accuracy: 0.3500 - val_loss: 4.3898 - val_accuracy: 0.6000 - lr: 1.2500e-05
Epoch 14/25
4/4 [==============================] - 1s 380ms/step - loss: 5.2826 - accuracy: 0.3833 - val_loss: 4.3841 - val_accuracy: 0.6000 - lr: 6.2500e-06
Epoch 15/25
4/4 [==============================] - 2s 393ms/step - loss: 5.8447 - accuracy: 0.3667 - val_loss: 4.3783 - val_accuracy: 0.6000 - lr: 3.1250e-06
Epoch 16/25
4/4 [==============================] - 1s 375ms/step - loss: 5.4723 - accuracy: 0.3500 - val_loss: 4.3728 - val_accuracy: 0.6000 - lr: 1.5625e-06
Epoch 17/25
4/4 [==============================] - 1s 371ms/step - loss: 6.0776 - accuracy: 0.3333 - val_loss: 4.3668 - val_accuracy: 0.6000 - lr: 7.8125e-07
Epoch 18/25
4/4 [==============================] - 2s 412ms/step - loss: 5.9811 - accuracy: 0.3333 - val_loss: 4.3606 - val_accuracy: 0.6000 - lr: 3.9062e-07
Epoch 19/25
4/4 [==============================] - 2s 392ms/step - loss: 5.7814 - accuracy: 0.3833 - val_loss: 4.3555 - val_accuracy: 0.6000 - lr: 1.9531e-07
Epoch 20/25
4/4 [==============================] - 1s 397ms/step - loss: 6.1671 - accuracy: 0.3833 - val_loss: 4.3510 - val_accuracy: 0.6000 - lr: 9.7656e-08
Epoch 21/25
4/4 [==============================] - 2s 391ms/step - loss: 5.4362 - accuracy: 0.4667 - val_loss: 4.3484 - val_accuracy: 0.6000 - lr: 4.8828e-08
Epoch 22/25
4/4 [==============================] - 1s 374ms/step - loss: 5.5572 - accuracy: 0.3667 - val_loss: 4.3462 - val_accuracy: 0.6000 - lr: 2.4414e-08
Epoch 23/25
4/4 [==============================] - 1s 372ms/step - loss: 5.5356 - accuracy: 0.4167 - val_loss: 4.3446 - val_accuracy: 0.6000 - lr: 1.2207e-08
Epoch 24/25
4/4 [==============================] - 1s 374ms/step - loss: 5.2477 - accuracy: 0.3667 - val_loss: 4.3421 - val_accuracy: 0.6000 - lr: 6.1035e-09
Epoch 25/25
4/4 [==============================] - 1s 364ms/step - loss: 5.7928 - accuracy: 0.2833 - val_loss: 4.3405 - val_accuracy: 0.6000 - lr: 3.0518e-09
1/1 [==============================] - 0s 102ms/step - loss: 4.8072 - accuracy: 0.0000e+00
Found 60 images belonging to 6 classes.
Found 5 images belonging to 6 classes.
Found 7 images belonging to 6 classes.
Epoch 1/20
4/4 [==============================] - ETA: 0s - loss: 9.7030 - accuracy: 0.1833C:\Users\tom.zbc\PycharmProjects\fungis_bacterias_project\.venv\lib\site-packages\keras\src\engine\training.py:3000: UserWarning: You are saving your model as an HDF5 file via `model.save()`. This file format is considered legacy. We recommend using instead the native Keras format, e.g. `model.save('my_model.keras')`.
  saving_api.save_model(
4/4 [==============================] - 3s 654ms/step - loss: 9.7030 - accuracy: 0.1833 - val_loss: 4.7584 - val_accuracy: 0.0000e+00 - lr: 5.0000e-05
Epoch 2/20
4/4 [==============================] - 2s 623ms/step - loss: 8.4921 - accuracy: 0.3333 - val_loss: 4.7372 - val_accuracy: 0.0000e+00 - lr: 5.0000e-05
Epoch 3/20
4/4 [==============================] - 2s 593ms/step - loss: 9.3238 - accuracy: 0.2833 - val_loss: 4.6990 - val_accuracy: 0.2000 - lr: 5.0000e-05
Epoch 4/20
4/4 [==============================] - 2s 597ms/step - loss: 9.4448 - accuracy: 0.2667 - val_loss: 4.6957 - val_accuracy: 0.2000 - lr: 5.0000e-05
Epoch 5/20
4/4 [==============================] - 2s 633ms/step - loss: 8.2573 - accuracy: 0.2667 - val_loss: 4.6744 - val_accuracy: 0.8000 - lr: 5.0000e-05
Epoch 6/20
4/4 [==============================] - 2s 608ms/step - loss: 7.2995 - accuracy: 0.2667 - val_loss: 4.6135 - val_accuracy: 0.8000 - lr: 5.0000e-05
Epoch 7/20
4/4 [==============================] - 3s 661ms/step - loss: 7.5054 - accuracy: 0.3667 - val_loss: 4.5939 - val_accuracy: 0.6000 - lr: 5.0000e-05
Epoch 8/20
4/4 [==============================] - 2s 425ms/step - loss: 8.0266 - accuracy: 0.2667 - val_loss: 4.6039 - val_accuracy: 0.8000 - lr: 5.0000e-05
Epoch 9/20
4/4 [==============================] - 2s 421ms/step - loss: 6.2723 - accuracy: 0.4833 - val_loss: 4.6005 - val_accuracy: 0.4000 - lr: 5.0000e-05
Epoch 10/20
4/4 [==============================] - 2s 607ms/step - loss: 7.0744 - accuracy: 0.3333 - val_loss: 4.5833 - val_accuracy: 0.4000 - lr: 5.0000e-05
Epoch 11/20
4/4 [==============================] - 2s 409ms/step - loss: 6.9174 - accuracy: 0.3500 - val_loss: 4.5890 - val_accuracy: 0.4000 - lr: 5.0000e-05
Epoch 12/20
4/4 [==============================] - 2s 622ms/step - loss: 6.2543 - accuracy: 0.3833 - val_loss: 4.5829 - val_accuracy: 0.4000 - lr: 2.5000e-05
Epoch 13/20
4/4 [==============================] - 2s 593ms/step - loss: 6.4470 - accuracy: 0.4000 - val_loss: 4.5725 - val_accuracy: 0.4000 - lr: 1.2500e-05
Epoch 14/20
4/4 [==============================] - 2s 631ms/step - loss: 6.3096 - accuracy: 0.4000 - val_loss: 4.5614 - val_accuracy: 0.4000 - lr: 6.2500e-06
Epoch 15/20
4/4 [==============================] - 2s 614ms/step - loss: 6.4664 - accuracy: 0.4000 - val_loss: 4.5517 - val_accuracy: 0.4000 - lr: 3.1250e-06
Epoch 16/20
4/4 [==============================] - 2s 598ms/step - loss: 5.3956 - accuracy: 0.5500 - val_loss: 4.5423 - val_accuracy: 0.4000 - lr: 1.5625e-06
Epoch 17/20
4/4 [==============================] - 2s 640ms/step - loss: 5.6406 - accuracy: 0.4000 - val_loss: 4.5323 - val_accuracy: 0.4000 - lr: 7.8125e-07
Epoch 18/20
4/4 [==============================] - 2s 619ms/step - loss: 6.0658 - accuracy: 0.3667 - val_loss: 4.5227 - val_accuracy: 0.4000 - lr: 3.9062e-07
Epoch 19/20
4/4 [==============================] - 2s 599ms/step - loss: 6.4170 - accuracy: 0.4000 - val_loss: 4.5135 - val_accuracy: 0.4000 - lr: 1.9531e-07
Epoch 20/20
4/4 [==============================] - 2s 613ms/step - loss: 5.2856 - accuracy: 0.4833 - val_loss: 4.5041 - val_accuracy: 0.4000 - lr: 9.7656e-08
1/1 [==============================] - 0s 119ms/step - loss: 4.7379 - accuracy: 0.1429
Found 60 images belonging to 6 classes.
Found 5 images belonging to 6 classes.
Found 7 images belonging to 6 classes.
Epoch 1/25
4/4 [==============================] - ETA: 0s - loss: 9.8096 - accuracy: 0.2000C:\Users\tom.zbc\PycharmProjects\fungis_bacterias_project\.venv\lib\site-packages\keras\src\engine\training.py:3000: UserWarning: You are saving your model as an HDF5 file via `model.save()`. This file format is considered legacy. We recommend using instead the native Keras format, e.g. `model.save('my_model.keras')`.
  saving_api.save_model(
4/4 [==============================] - 3s 659ms/step - loss: 9.8096 - accuracy: 0.2000 - val_loss: 4.8243 - val_accuracy: 0.2000 - lr: 5.0000e-05
Epoch 2/25
4/4 [==============================] - 2s 618ms/step - loss: 9.3729 - accuracy: 0.1833 - val_loss: 4.7863 - val_accuracy: 0.2000 - lr: 5.0000e-05
Epoch 3/25
4/4 [==============================] - 2s 613ms/step - loss: 8.9070 - accuracy: 0.2500 - val_loss: 4.7505 - val_accuracy: 0.4000 - lr: 5.0000e-05
Epoch 4/25
4/4 [==============================] - 2s 623ms/step - loss: 8.8043 - accuracy: 0.3000 - val_loss: 4.7391 - val_accuracy: 0.2000 - lr: 5.0000e-05
Epoch 5/25
4/4 [==============================] - 2s 600ms/step - loss: 8.3314 - accuracy: 0.3167 - val_loss: 4.7328 - val_accuracy: 0.4000 - lr: 5.0000e-05
Epoch 6/25
4/4 [==============================] - 2s 607ms/step - loss: 8.5143 - accuracy: 0.2500 - val_loss: 4.7133 - val_accuracy: 0.4000 - lr: 5.0000e-05
Epoch 7/25
4/4 [==============================] - 2s 629ms/step - loss: 7.1847 - accuracy: 0.3167 - val_loss: 4.6966 - val_accuracy: 0.2000 - lr: 5.0000e-05
Epoch 8/25
4/4 [==============================] - 2s 601ms/step - loss: 7.7579 - accuracy: 0.2833 - val_loss: 4.6836 - val_accuracy: 0.2000 - lr: 5.0000e-05
Epoch 9/25
4/4 [==============================] - 2s 597ms/step - loss: 6.5111 - accuracy: 0.4000 - val_loss: 4.6808 - val_accuracy: 0.2000 - lr: 5.0000e-05
Epoch 10/25
4/4 [==============================] - 2s 421ms/step - loss: 6.7770 - accuracy: 0.3667 - val_loss: 4.6907 - val_accuracy: 0.2000 - lr: 5.0000e-05
Epoch 11/25
4/4 [==============================] - 2s 377ms/step - loss: 5.3730 - accuracy: 0.4833 - val_loss: 4.7003 - val_accuracy: 0.2000 - lr: 5.0000e-05
Epoch 12/25
4/4 [==============================] - 2s 372ms/step - loss: 5.6883 - accuracy: 0.4833 - val_loss: 4.7079 - val_accuracy: 0.2000 - lr: 2.5000e-05
Epoch 13/25
4/4 [==============================] - 2s 386ms/step - loss: 5.3622 - accuracy: 0.4000 - val_loss: 4.7163 - val_accuracy: 0.2000 - lr: 1.2500e-05
Epoch 14/25
4/4 [==============================] - 2s 397ms/step - loss: 5.8970 - accuracy: 0.4000 - val_loss: 4.7308 - val_accuracy: 0.2000 - lr: 6.2500e-06
Epoch 15/25
4/4 [==============================] - 2s 389ms/step - loss: 4.8690 - accuracy: 0.4667 - val_loss: 4.7485 - val_accuracy: 0.2000 - lr: 1.0000e-06
Epoch 16/25
4/4 [==============================] - 2s 402ms/step - loss: 5.5381 - accuracy: 0.4333 - val_loss: 4.7679 - val_accuracy: 0.2000 - lr: 5.0000e-07
Epoch 17/25
4/4 [==============================] - 2s 437ms/step - loss: 6.4267 - accuracy: 0.4167 - val_loss: 4.7903 - val_accuracy: 0.2000 - lr: 2.5000e-07
1/1 [==============================] - 0s 114ms/step - loss: 4.8269 - accuracy: 0.1429
Found 60 images belonging to 6 classes.
Found 5 images belonging to 6 classes.
Found 7 images belonging to 6 classes.
Epoch 1/20
4/4 [==============================] - ETA: 0s - loss: 8.1285 - accuracy: 0.2167C:\Users\tom.zbc\PycharmProjects\fungis_bacterias_project\.venv\lib\site-packages\keras\src\engine\training.py:3000: UserWarning: You are saving your model as an HDF5 file via `model.save()`. This file format is considered legacy. We recommend using instead the native Keras format, e.g. `model.save('my_model.keras')`.
  saving_api.save_model(
4/4 [==============================] - 3s 695ms/step - loss: 8.1285 - accuracy: 0.2167 - val_loss: 4.7385 - val_accuracy: 0.2000 - lr: 5.0000e-05
Epoch 2/20
4/4 [==============================] - 2s 621ms/step - loss: 8.4531 - accuracy: 0.3167 - val_loss: 4.7009 - val_accuracy: 0.2000 - lr: 5.0000e-05
Epoch 3/20
4/4 [==============================] - 2s 632ms/step - loss: 10.1441 - accuracy: 0.3167 - val_loss: 4.6571 - val_accuracy: 0.4000 - lr: 5.0000e-05
Epoch 4/20
4/4 [==============================] - 2s 609ms/step - loss: 8.5938 - accuracy: 0.3167 - val_loss: 4.6444 - val_accuracy: 0.4000 - lr: 5.0000e-05
Epoch 5/20
4/4 [==============================] - 2s 407ms/step - loss: 7.8680 - accuracy: 0.4000 - val_loss: 4.6457 - val_accuracy: 0.4000 - lr: 5.0000e-05
Epoch 6/20
4/4 [==============================] - 2s 646ms/step - loss: 7.7244 - accuracy: 0.4000 - val_loss: 4.6165 - val_accuracy: 0.6000 - lr: 5.0000e-05
Epoch 7/20
4/4 [==============================] - 2s 626ms/step - loss: 8.0849 - accuracy: 0.3000 - val_loss: 4.5870 - val_accuracy: 0.4000 - lr: 5.0000e-05
Epoch 8/20
4/4 [==============================] - 2s 437ms/step - loss: 7.2104 - accuracy: 0.4667 - val_loss: 4.6021 - val_accuracy: 0.2000 - lr: 5.0000e-05
Epoch 9/20
4/4 [==============================] - 2s 407ms/step - loss: 6.9144 - accuracy: 0.4167 - val_loss: 4.6580 - val_accuracy: 0.2000 - lr: 5.0000e-05
Epoch 10/20
4/4 [==============================] - 2s 395ms/step - loss: 6.8254 - accuracy: 0.4667 - val_loss: 4.7247 - val_accuracy: 0.2000 - lr: 5.0000e-05
Epoch 11/20
4/4 [==============================] - 2s 393ms/step - loss: 7.4141 - accuracy: 0.3333 - val_loss: 4.7749 - val_accuracy: 0.2000 - lr: 5.0000e-05
Epoch 12/20
4/4 [==============================] - 2s 393ms/step - loss: 7.0356 - accuracy: 0.5000 - val_loss: 4.8050 - val_accuracy: 0.2000 - lr: 2.5000e-05
Epoch 13/20
4/4 [==============================] - 2s 399ms/step - loss: 6.5603 - accuracy: 0.4167 - val_loss: 4.8375 - val_accuracy: 0.2000 - lr: 2.5000e-06
Epoch 14/20
4/4 [==============================] - 2s 413ms/step - loss: 6.6537 - accuracy: 0.4667 - val_loss: 4.8703 - val_accuracy: 0.2000 - lr: 1.2500e-06
Epoch 15/20
4/4 [==============================] - 2s 431ms/step - loss: 7.5041 - accuracy: 0.2833 - val_loss: 4.9070 - val_accuracy: 0.2000 - lr: 6.2500e-07
1/1 [==============================] - 0s 122ms/step - loss: 4.5285 - accuracy: 0.2857
Found 60 images belonging to 6 classes.
Found 5 images belonging to 6 classes.
Found 7 images belonging to 6 classes.
Epoch 1/25
4/4 [==============================] - ETA: 0s - loss: 8.5567 - accuracy: 0.1833C:\Users\tom.zbc\PycharmProjects\fungis_bacterias_project\.venv\lib\site-packages\keras\src\engine\training.py:3000: UserWarning: You are saving your model as an HDF5 file via `model.save()`. This file format is considered legacy. We recommend using instead the native Keras format, e.g. `model.save('my_model.keras')`.
  saving_api.save_model(
4/4 [==============================] - 3s 722ms/step - loss: 8.5567 - accuracy: 0.1833 - val_loss: 4.7669 - val_accuracy: 0.4000 - lr: 5.0000e-05
Epoch 2/25
4/4 [==============================] - 2s 401ms/step - loss: 9.5830 - accuracy: 0.3333 - val_loss: 4.7857 - val_accuracy: 0.4000 - lr: 5.0000e-05
Epoch 3/25
4/4 [==============================] - 2s 628ms/step - loss: 8.1803 - accuracy: 0.3000 - val_loss: 4.7451 - val_accuracy: 0.4000 - lr: 5.0000e-05
Epoch 4/25
4/4 [==============================] - 2s 606ms/step - loss: 7.5095 - accuracy: 0.3500 - val_loss: 4.6908 - val_accuracy: 0.6000 - lr: 5.0000e-05
Epoch 5/25
4/4 [==============================] - 2s 634ms/step - loss: 7.7423 - accuracy: 0.3500 - val_loss: 4.6148 - val_accuracy: 0.6000 - lr: 5.0000e-05
Epoch 6/25
4/4 [==============================] - 2s 615ms/step - loss: 8.0157 - accuracy: 0.2500 - val_loss: 4.5492 - val_accuracy: 0.6000 - lr: 5.0000e-05
Epoch 7/25
4/4 [==============================] - 2s 606ms/step - loss: 6.6054 - accuracy: 0.3500 - val_loss: 4.5362 - val_accuracy: 0.6000 - lr: 5.0000e-05
Epoch 8/25
4/4 [==============================] - 2s 626ms/step - loss: 7.8099 - accuracy: 0.2667 - val_loss: 4.5142 - val_accuracy: 0.6000 - lr: 5.0000e-05
Epoch 9/25
4/4 [==============================] - 2s 621ms/step - loss: 6.3573 - accuracy: 0.3833 - val_loss: 4.4948 - val_accuracy: 0.6000 - lr: 5.0000e-05
Epoch 10/25
4/4 [==============================] - 2s 604ms/step - loss: 7.5190 - accuracy: 0.4000 - val_loss: 4.4727 - val_accuracy: 0.4000 - lr: 5.0000e-05
Epoch 11/25
4/4 [==============================] - 2s 626ms/step - loss: 6.2599 - accuracy: 0.4833 - val_loss: 4.4688 - val_accuracy: 0.4000 - lr: 5.0000e-05
Epoch 12/25
4/4 [==============================] - 2s 674ms/step - loss: 6.4945 - accuracy: 0.3667 - val_loss: 4.4588 - val_accuracy: 0.4000 - lr: 2.5000e-05
Epoch 13/25
4/4 [==============================] - 2s 627ms/step - loss: 5.3312 - accuracy: 0.4500 - val_loss: 4.4513 - val_accuracy: 0.4000 - lr: 1.2500e-05
Epoch 14/25
4/4 [==============================] - 2s 614ms/step - loss: 5.2806 - accuracy: 0.4167 - val_loss: 4.4500 - val_accuracy: 0.4000 - lr: 6.2500e-06
Epoch 15/25
4/4 [==============================] - 2s 416ms/step - loss: 5.2308 - accuracy: 0.4667 - val_loss: 4.4517 - val_accuracy: 0.4000 - lr: 3.1250e-06
Epoch 16/25
4/4 [==============================] - 2s 409ms/step - loss: 5.5933 - accuracy: 0.4167 - val_loss: 4.4573 - val_accuracy: 0.4000 - lr: 1.5625e-06
Epoch 17/25
4/4 [==============================] - 2s 404ms/step - loss: 6.3302 - accuracy: 0.3833 - val_loss: 4.4669 - val_accuracy: 0.4000 - lr: 7.8125e-07
Epoch 18/25
4/4 [==============================] - 2s 421ms/step - loss: 6.0093 - accuracy: 0.5000 - val_loss: 4.4804 - val_accuracy: 0.4000 - lr: 3.9062e-07
Epoch 19/25
4/4 [==============================] - 2s 408ms/step - loss: 6.7584 - accuracy: 0.3833 - val_loss: 4.4975 - val_accuracy: 0.4000 - lr: 1.9531e-07
Epoch 20/25
4/4 [==============================] - 2s 407ms/step - loss: 5.7408 - accuracy: 0.4333 - val_loss: 4.5177 - val_accuracy: 0.4000 - lr: 9.7656e-08
Epoch 21/25
4/4 [==============================] - 2s 437ms/step - loss: 6.1602 - accuracy: 0.3500 - val_loss: 4.5406 - val_accuracy: 0.4000 - lr: 4.8828e-08
Epoch 22/25
4/4 [==============================] - 2s 423ms/step - loss: 5.5279 - accuracy: 0.3833 - val_loss: 4.5652 - val_accuracy: 0.4000 - lr: 2.4414e-08
1/1 [==============================] - 0s 122ms/step - loss: 4.8346 - accuracy: 0.4286
Found 60 images belonging to 6 classes.
Found 5 images belonging to 6 classes.
Found 7 images belonging to 6 classes.
Epoch 1/20
4/4 [==============================] - ETA: 0s - loss: 8.3674 - accuracy: 0.2667C:\Users\tom.zbc\PycharmProjects\fungis_bacterias_project\.venv\lib\site-packages\keras\src\engine\training.py:3000: UserWarning: You are saving your model as an HDF5 file via `model.save()`. This file format is considered legacy. We recommend using instead the native Keras format, e.g. `model.save('my_model.keras')`.
  saving_api.save_model(
4/4 [==============================] - 3s 732ms/step - loss: 8.3674 - accuracy: 0.2667 - val_loss: 4.7478 - val_accuracy: 0.0000e+00 - lr: 5.0000e-05
Epoch 2/20
4/4 [==============================] - 2s 417ms/step - loss: 8.9909 - accuracy: 0.2000 - val_loss: 4.7515 - val_accuracy: 0.0000e+00 - lr: 5.0000e-05
Epoch 3/20
4/4 [==============================] - 2s 392ms/step - loss: 8.7940 - accuracy: 0.3500 - val_loss: 4.7581 - val_accuracy: 0.0000e+00 - lr: 5.0000e-05
Epoch 4/20
4/4 [==============================] - 2s 403ms/step - loss: 9.1112 - accuracy: 0.2667 - val_loss: 4.7780 - val_accuracy: 0.0000e+00 - lr: 5.0000e-05
Epoch 5/20
4/4 [==============================] - 2s 442ms/step - loss: 8.3612 - accuracy: 0.2667 - val_loss: 4.7780 - val_accuracy: 0.0000e+00 - lr: 5.0000e-05
Epoch 6/20
4/4 [==============================] - 2s 414ms/step - loss: 8.2748 - accuracy: 0.3667 - val_loss: 4.7578 - val_accuracy: 0.4000 - lr: 5.0000e-05
Epoch 7/20
4/4 [==============================] - 2s 624ms/step - loss: 9.5017 - accuracy: 0.3167 - val_loss: 4.7417 - val_accuracy: 0.4000 - lr: 5.0000e-05
Epoch 8/20
4/4 [==============================] - 2s 621ms/step - loss: 8.2302 - accuracy: 0.4667 - val_loss: 4.7024 - val_accuracy: 0.4000 - lr: 5.0000e-05
Epoch 9/20
4/4 [==============================] - 2s 635ms/step - loss: 8.5229 - accuracy: 0.3000 - val_loss: 4.6893 - val_accuracy: 0.4000 - lr: 5.0000e-05
Epoch 10/20
4/4 [==============================] - 2s 436ms/step - loss: 6.9771 - accuracy: 0.4167 - val_loss: 4.7027 - val_accuracy: 0.4000 - lr: 5.0000e-05
Epoch 11/20
4/4 [==============================] - 2s 426ms/step - loss: 6.4629 - accuracy: 0.4667 - val_loss: 4.7282 - val_accuracy: 0.4000 - lr: 5.0000e-05
Epoch 12/20
4/4 [==============================] - 2s 392ms/step - loss: 7.0527 - accuracy: 0.3333 - val_loss: 4.7430 - val_accuracy: 0.4000 - lr: 2.5000e-05
Epoch 13/20
4/4 [==============================] - 2s 398ms/step - loss: 6.1794 - accuracy: 0.4000 - val_loss: 4.7548 - val_accuracy: 0.4000 - lr: 1.2500e-05
Epoch 14/20
4/4 [==============================] - 2s 408ms/step - loss: 6.1004 - accuracy: 0.3500 - val_loss: 4.7662 - val_accuracy: 0.4000 - lr: 6.2500e-06
Epoch 15/20
4/4 [==============================] - 2s 410ms/step - loss: 5.6215 - accuracy: 0.4333 - val_loss: 4.7777 - val_accuracy: 0.4000 - lr: 1.0000e-06
Epoch 16/20
4/4 [==============================] - 2s 420ms/step - loss: 6.4530 - accuracy: 0.3500 - val_loss: 4.7966 - val_accuracy: 0.4000 - lr: 5.0000e-07
Epoch 17/20
4/4 [==============================] - 2s 425ms/step - loss: 6.4092 - accuracy: 0.3333 - val_loss: 4.8196 - val_accuracy: 0.4000 - lr: 2.5000e-07
1/1 [==============================] - 0s 122ms/step - loss: 4.9299 - accuracy: 0.1429
Found 60 images belonging to 6 classes.
Found 5 images belonging to 6 classes.
Found 7 images belonging to 6 classes.
Epoch 1/25
4/4 [==============================] - ETA: 0s - loss: 8.8703 - accuracy: 0.1167C:\Users\tom.zbc\PycharmProjects\fungis_bacterias_project\.venv\lib\site-packages\keras\src\engine\training.py:3000: UserWarning: You are saving your model as an HDF5 file via `model.save()`. This file format is considered legacy. We recommend using instead the native Keras format, e.g. `model.save('my_model.keras')`.
  saving_api.save_model(
4/4 [==============================] - 3s 695ms/step - loss: 8.8703 - accuracy: 0.1167 - val_loss: 4.7812 - val_accuracy: 0.2000 - lr: 5.0000e-05
Epoch 2/25
4/4 [==============================] - 2s 620ms/step - loss: 9.6346 - accuracy: 0.2167 - val_loss: 4.7094 - val_accuracy: 0.4000 - lr: 5.0000e-05
Epoch 3/25
4/4 [==============================] - 2s 627ms/step - loss: 9.5113 - accuracy: 0.2500 - val_loss: 4.6713 - val_accuracy: 0.4000 - lr: 5.0000e-05
Epoch 4/25
4/4 [==============================] - 2s 669ms/step - loss: 11.1989 - accuracy: 0.2500 - val_loss: 4.6539 - val_accuracy: 0.4000 - lr: 5.0000e-05
Epoch 5/25
4/4 [==============================] - 2s 406ms/step - loss: 8.3063 - accuracy: 0.2667 - val_loss: 4.6756 - val_accuracy: 0.4000 - lr: 5.0000e-05
Epoch 6/25
4/4 [==============================] - 2s 410ms/step - loss: 8.3955 - accuracy: 0.3000 - val_loss: 4.6947 - val_accuracy: 0.4000 - lr: 5.0000e-05
Epoch 7/25
4/4 [==============================] - 2s 418ms/step - loss: 6.8505 - accuracy: 0.4167 - val_loss: 4.6942 - val_accuracy: 0.2000 - lr: 5.0000e-05
Epoch 8/25
4/4 [==============================] - 2s 454ms/step - loss: 7.7968 - accuracy: 0.3667 - val_loss: 4.7093 - val_accuracy: 0.2000 - lr: 5.0000e-05
Epoch 9/25
4/4 [==============================] - 2s 426ms/step - loss: 7.6002 - accuracy: 0.3833 - val_loss: 4.7350 - val_accuracy: 0.2000 - lr: 5.0000e-05
Epoch 10/25
4/4 [==============================] - 2s 410ms/step - loss: 7.0471 - accuracy: 0.4167 - val_loss: 4.7304 - val_accuracy: 0.2000 - lr: 1.0000e-05
Epoch 11/25
4/4 [==============================] - 2s 465ms/step - loss: 6.7441 - accuracy: 0.4000 - val_loss: 4.7234 - val_accuracy: 0.2000 - lr: 1.0000e-05
Epoch 12/25
4/4 [==============================] - 3s 769ms/step - loss: 6.6415 - accuracy: 0.3833 - val_loss: 4.7191 - val_accuracy: 0.2000 - lr: 5.0000e-06
1/1 [==============================] - 0s 183ms/step - loss: 4.7098 - accuracy: 0.1429
Found 60 images belonging to 6 classes.
Found 5 images belonging to 6 classes.
Found 7 images belonging to 6 classes.
Epoch 1/20
4/4 [==============================] - ETA: 0s - loss: 9.7250 - accuracy: 0.2167C:\Users\tom.zbc\PycharmProjects\fungis_bacterias_project\.venv\lib\site-packages\keras\src\engine\training.py:3000: UserWarning: You are saving your model as an HDF5 file via `model.save()`. This file format is considered legacy. We recommend using instead the native Keras format, e.g. `model.save('my_model.keras')`.
  saving_api.save_model(
4/4 [==============================] - 5s 1s/step - loss: 9.7250 - accuracy: 0.2167 - val_loss: 4.8230 - val_accuracy: 0.2000 - lr: 5.0000e-05
Epoch 2/20
4/4 [==============================] - 4s 1s/step - loss: 8.9589 - accuracy: 0.3333 - val_loss: 4.7353 - val_accuracy: 0.2000 - lr: 5.0000e-05
Epoch 3/20
4/4 [==============================] - 4s 966ms/step - loss: 8.5193 - accuracy: 0.3167 - val_loss: 4.6754 - val_accuracy: 0.6000 - lr: 5.0000e-05
Epoch 4/20
4/4 [==============================] - 4s 970ms/step - loss: 8.6655 - accuracy: 0.2500 - val_loss: 4.6197 - val_accuracy: 0.6000 - lr: 5.0000e-05
Epoch 5/20
4/4 [==============================] - 4s 979ms/step - loss: 10.8569 - accuracy: 0.3000 - val_loss: 4.6013 - val_accuracy: 0.2000 - lr: 5.0000e-05
Epoch 6/20
4/4 [==============================] - 3s 749ms/step - loss: 8.8747 - accuracy: 0.3333 - val_loss: 4.6225 - val_accuracy: 0.4000 - lr: 5.0000e-05
Epoch 7/20
4/4 [==============================] - 3s 707ms/step - loss: 7.5700 - accuracy: 0.3000 - val_loss: 4.6073 - val_accuracy: 0.4000 - lr: 5.0000e-05
Epoch 8/20
4/4 [==============================] - 4s 1s/step - loss: 8.8500 - accuracy: 0.2500 - val_loss: 4.5965 - val_accuracy: 0.4000 - lr: 5.0000e-05
Epoch 9/20
4/4 [==============================] - 4s 959ms/step - loss: 7.7246 - accuracy: 0.3667 - val_loss: 4.5863 - val_accuracy: 0.4000 - lr: 5.0000e-05
Epoch 10/20
4/4 [==============================] - 3s 947ms/step - loss: 6.1447 - accuracy: 0.4167 - val_loss: 4.5572 - val_accuracy: 0.4000 - lr: 5.0000e-05
Epoch 11/20
4/4 [==============================] - 3s 869ms/step - loss: 6.3051 - accuracy: 0.4000 - val_loss: 4.5225 - val_accuracy: 0.4000 - lr: 5.0000e-05
Epoch 12/20
4/4 [==============================] - 2s 599ms/step - loss: 6.3831 - accuracy: 0.4667 - val_loss: 4.5264 - val_accuracy: 0.4000 - lr: 2.5000e-05
Epoch 13/20
4/4 [==============================] - 2s 572ms/step - loss: 6.0688 - accuracy: 0.4333 - val_loss: 4.5354 - val_accuracy: 0.4000 - lr: 1.2500e-05
Epoch 14/20
4/4 [==============================] - 2s 573ms/step - loss: 5.7601 - accuracy: 0.4667 - val_loss: 4.5488 - val_accuracy: 0.4000 - lr: 6.2500e-06
Epoch 15/20
4/4 [==============================] - 2s 555ms/step - loss: 5.9585 - accuracy: 0.4000 - val_loss: 4.5591 - val_accuracy: 0.4000 - lr: 3.1250e-06
Epoch 16/20
4/4 [==============================] - 2s 544ms/step - loss: 5.2831 - accuracy: 0.5333 - val_loss: 4.5646 - val_accuracy: 0.4000 - lr: 1.5625e-06
Epoch 17/20
4/4 [==============================] - 2s 530ms/step - loss: 6.0079 - accuracy: 0.3500 - val_loss: 4.5708 - val_accuracy: 0.4000 - lr: 7.8125e-07
Epoch 18/20
4/4 [==============================] - 2s 515ms/step - loss: 5.8832 - accuracy: 0.5167 - val_loss: 4.5793 - val_accuracy: 0.4000 - lr: 3.9062e-07
Epoch 19/20
4/4 [==============================] - 2s 521ms/step - loss: 5.5760 - accuracy: 0.4667 - val_loss: 4.5882 - val_accuracy: 0.4000 - lr: 1.9531e-07
1/1 [==============================] - 0s 128ms/step - loss: 4.5065 - accuracy: 0.7143
Found 60 images belonging to 6 classes.
Found 5 images belonging to 6 classes.
Found 7 images belonging to 6 classes.
Epoch 1/25
4/4 [==============================] - ETA: 0s - loss: 7.9629 - accuracy: 0.2000C:\Users\tom.zbc\PycharmProjects\fungis_bacterias_project\.venv\lib\site-packages\keras\src\engine\training.py:3000: UserWarning: You are saving your model as an HDF5 file via `model.save()`. This file format is considered legacy. We recommend using instead the native Keras format, e.g. `model.save('my_model.keras')`.
  saving_api.save_model(
4/4 [==============================] - 3s 797ms/step - loss: 7.9629 - accuracy: 0.2000 - val_loss: 4.7247 - val_accuracy: 0.4000 - lr: 5.0000e-05
Epoch 2/25
4/4 [==============================] - 2s 481ms/step - loss: 8.4828 - accuracy: 0.2333 - val_loss: 4.7418 - val_accuracy: 0.0000e+00 - lr: 5.0000e-05
Epoch 3/25
4/4 [==============================] - 2s 478ms/step - loss: 9.0881 - accuracy: 0.3333 - val_loss: 4.7741 - val_accuracy: 0.2000 - lr: 5.0000e-05
Epoch 4/25
4/4 [==============================] - 2s 499ms/step - loss: 8.8350 - accuracy: 0.3833 - val_loss: 4.7813 - val_accuracy: 0.2000 - lr: 5.0000e-05
Epoch 5/25
4/4 [==============================] - 2s 506ms/step - loss: 7.9148 - accuracy: 0.3667 - val_loss: 4.7682 - val_accuracy: 0.0000e+00 - lr: 5.0000e-05
Epoch 6/25
4/4 [==============================] - 2s 462ms/step - loss: 8.4193 - accuracy: 0.3833 - val_loss: 4.7314 - val_accuracy: 0.0000e+00 - lr: 5.0000e-05
Epoch 7/25
4/4 [==============================] - 3s 671ms/step - loss: 7.0636 - accuracy: 0.4333 - val_loss: 4.6845 - val_accuracy: 0.2000 - lr: 5.0000e-05
Epoch 8/25
4/4 [==============================] - 2s 619ms/step - loss: 7.3961 - accuracy: 0.3167 - val_loss: 4.6652 - val_accuracy: 0.4000 - lr: 5.0000e-05
Epoch 9/25
4/4 [==============================] - 2s 631ms/step - loss: 7.6774 - accuracy: 0.2667 - val_loss: 4.6474 - val_accuracy: 0.2000 - lr: 5.0000e-05
Epoch 10/25
4/4 [==============================] - 2s 692ms/step - loss: 8.0177 - accuracy: 0.2500 - val_loss: 4.6412 - val_accuracy: 0.2000 - lr: 5.0000e-05
Epoch 11/25
4/4 [==============================] - 2s 425ms/step - loss: 6.4580 - accuracy: 0.4000 - val_loss: 4.6507 - val_accuracy: 0.2000 - lr: 5.0000e-05
Epoch 12/25
4/4 [==============================] - 2s 454ms/step - loss: 5.7573 - accuracy: 0.3833 - val_loss: 4.6523 - val_accuracy: 0.2000 - lr: 2.5000e-05
Epoch 13/25
4/4 [==============================] - 2s 458ms/step - loss: 6.2069 - accuracy: 0.4833 - val_loss: 4.6472 - val_accuracy: 0.2000 - lr: 1.2500e-05
Epoch 14/25
4/4 [==============================] - 2s 436ms/step - loss: 6.0116 - accuracy: 0.4333 - val_loss: 4.6458 - val_accuracy: 0.2000 - lr: 6.2500e-06
Epoch 15/25
4/4 [==============================] - 2s 421ms/step - loss: 6.8711 - accuracy: 0.3167 - val_loss: 4.6460 - val_accuracy: 0.2000 - lr: 3.1250e-06
Epoch 16/25
4/4 [==============================] - 2s 467ms/step - loss: 5.5383 - accuracy: 0.4167 - val_loss: 4.6499 - val_accuracy: 0.2000 - lr: 1.0000e-06
Epoch 17/25
4/4 [==============================] - 2s 424ms/step - loss: 5.8498 - accuracy: 0.3500 - val_loss: 4.6564 - val_accuracy: 0.2000 - lr: 5.0000e-07
Epoch 18/25
4/4 [==============================] - 2s 430ms/step - loss: 5.1037 - accuracy: 0.4167 - val_loss: 4.6618 - val_accuracy: 0.2000 - lr: 2.5000e-07
1/1 [==============================] - 0s 120ms/step - loss: 4.8835 - accuracy: 0.2857
Found 60 images belonging to 6 classes.
Found 5 images belonging to 6 classes.
Found 7 images belonging to 6 classes.
Epoch 1/20
4/4 [==============================] - ETA: 0s - loss: 7.2354 - accuracy: 0.1333C:\Users\tom.zbc\PycharmProjects\fungis_bacterias_project\.venv\lib\site-packages\keras\src\engine\training.py:3000: UserWarning: You are saving your model as an HDF5 file via `model.save()`. This file format is considered legacy. We recommend using instead the native Keras format, e.g. `model.save('my_model.keras')`.
  saving_api.save_model(
4/4 [==============================] - 2s 434ms/step - loss: 7.2354 - accuracy: 0.1333 - val_loss: 4.6237 - val_accuracy: 0.0000e+00 - lr: 1.0000e-05
Epoch 2/20
4/4 [==============================] - 1s 371ms/step - loss: 6.8327 - accuracy: 0.2167 - val_loss: 4.6141 - val_accuracy: 0.0000e+00 - lr: 1.0000e-05
Epoch 3/20
4/4 [==============================] - 1s 351ms/step - loss: 5.8656 - accuracy: 0.2833 - val_loss: 4.6094 - val_accuracy: 0.0000e+00 - lr: 1.0000e-05
Epoch 4/20
4/4 [==============================] - 1s 373ms/step - loss: 5.9437 - accuracy: 0.2167 - val_loss: 4.6062 - val_accuracy: 0.2000 - lr: 1.0000e-05
Epoch 5/20
4/4 [==============================] - 1s 386ms/step - loss: 6.6803 - accuracy: 0.2167 - val_loss: 4.6030 - val_accuracy: 0.4000 - lr: 1.0000e-05
Epoch 6/20
4/4 [==============================] - 1s 377ms/step - loss: 6.3244 - accuracy: 0.2333 - val_loss: 4.6004 - val_accuracy: 0.4000 - lr: 1.0000e-05
Epoch 7/20
4/4 [==============================] - 1s 367ms/step - loss: 5.6131 - accuracy: 0.2167 - val_loss: 4.5986 - val_accuracy: 0.4000 - lr: 1.0000e-05
Epoch 8/20
4/4 [==============================] - 1s 365ms/step - loss: 5.1184 - accuracy: 0.4167 - val_loss: 4.5965 - val_accuracy: 0.2000 - lr: 1.0000e-05
Epoch 9/20
4/4 [==============================] - 1s 358ms/step - loss: 5.3526 - accuracy: 0.2167 - val_loss: 4.5922 - val_accuracy: 0.2000 - lr: 1.0000e-05
Epoch 10/20
4/4 [==============================] - 1s 374ms/step - loss: 5.0706 - accuracy: 0.3833 - val_loss: 4.5887 - val_accuracy: 0.2000 - lr: 1.0000e-05
Epoch 11/20
4/4 [==============================] - 2s 382ms/step - loss: 4.9802 - accuracy: 0.4000 - val_loss: 4.5836 - val_accuracy: 0.2000 - lr: 1.0000e-05
Epoch 12/20
4/4 [==============================] - 1s 366ms/step - loss: 4.8196 - accuracy: 0.3667 - val_loss: 4.5835 - val_accuracy: 0.2000 - lr: 5.0000e-06
Epoch 13/20
4/4 [==============================] - 1s 291ms/step - loss: 5.4991 - accuracy: 0.3500 - val_loss: 4.5846 - val_accuracy: 0.2000 - lr: 2.5000e-06
Epoch 14/20
4/4 [==============================] - 1s 263ms/step - loss: 5.3104 - accuracy: 0.3667 - val_loss: 4.5854 - val_accuracy: 0.2000 - lr: 1.2500e-06
Epoch 15/20
4/4 [==============================] - 1s 272ms/step - loss: 5.5572 - accuracy: 0.3000 - val_loss: 4.5869 - val_accuracy: 0.2000 - lr: 6.2500e-07
Epoch 16/20
4/4 [==============================] - 1s 267ms/step - loss: 5.5566 - accuracy: 0.2333 - val_loss: 4.5890 - val_accuracy: 0.2000 - lr: 3.1250e-07
Epoch 17/20
4/4 [==============================] - 1s 262ms/step - loss: 5.1860 - accuracy: 0.3167 - val_loss: 4.5911 - val_accuracy: 0.2000 - lr: 1.5625e-07
Epoch 18/20
4/4 [==============================] - 1s 313ms/step - loss: 5.5667 - accuracy: 0.2833 - val_loss: 4.5935 - val_accuracy: 0.2000 - lr: 7.8125e-08
Epoch 19/20
4/4 [==============================] - 1s 276ms/step - loss: 5.1144 - accuracy: 0.3167 - val_loss: 4.5960 - val_accuracy: 0.2000 - lr: 3.9062e-08
Epoch 20/20
4/4 [==============================] - 1s 307ms/step - loss: 5.1525 - accuracy: 0.3000 - val_loss: 4.5987 - val_accuracy: 0.2000 - lr: 1.9531e-08
1/1 [==============================] - 0s 99ms/step - loss: 4.6355 - accuracy: 0.1429
Found 60 images belonging to 6 classes.
Found 5 images belonging to 6 classes.
Found 7 images belonging to 6 classes.
Epoch 1/25
4/4 [==============================] - ETA: 0s - loss: 6.7494 - accuracy: 0.1500C:\Users\tom.zbc\PycharmProjects\fungis_bacterias_project\.venv\lib\site-packages\keras\src\engine\training.py:3000: UserWarning: You are saving your model as an HDF5 file via `model.save()`. This file format is considered legacy. We recommend using instead the native Keras format, e.g. `model.save('my_model.keras')`.
  saving_api.save_model(
4/4 [==============================] - 2s 437ms/step - loss: 6.7494 - accuracy: 0.1500 - val_loss: 4.5609 - val_accuracy: 0.4000 - lr: 1.0000e-05
Epoch 2/25
4/4 [==============================] - 1s 373ms/step - loss: 6.3372 - accuracy: 0.2000 - val_loss: 4.5419 - val_accuracy: 0.2000 - lr: 1.0000e-05
Epoch 3/25
4/4 [==============================] - 1s 371ms/step - loss: 5.8869 - accuracy: 0.2833 - val_loss: 4.5326 - val_accuracy: 0.4000 - lr: 1.0000e-05
Epoch 4/25
4/4 [==============================] - 1s 271ms/step - loss: 6.6774 - accuracy: 0.1167 - val_loss: 4.5382 - val_accuracy: 0.2000 - lr: 1.0000e-05
Epoch 5/25
4/4 [==============================] - 1s 265ms/step - loss: 5.8699 - accuracy: 0.2500 - val_loss: 4.5386 - val_accuracy: 0.2000 - lr: 1.0000e-05
Epoch 6/25
4/4 [==============================] - 2s 390ms/step - loss: 5.5560 - accuracy: 0.3167 - val_loss: 4.5305 - val_accuracy: 0.2000 - lr: 1.0000e-05
Epoch 7/25
4/4 [==============================] - 1s 362ms/step - loss: 5.3765 - accuracy: 0.2500 - val_loss: 4.5203 - val_accuracy: 0.4000 - lr: 1.0000e-05
Epoch 8/25
4/4 [==============================] - 1s 356ms/step - loss: 5.5613 - accuracy: 0.2667 - val_loss: 4.5175 - val_accuracy: 0.4000 - lr: 1.0000e-05
Epoch 9/25
4/4 [==============================] - 1s 368ms/step - loss: 5.2408 - accuracy: 0.3167 - val_loss: 4.5129 - val_accuracy: 0.4000 - lr: 1.0000e-05
Epoch 10/25
4/4 [==============================] - 1s 364ms/step - loss: 5.2276 - accuracy: 0.3167 - val_loss: 4.5075 - val_accuracy: 0.4000 - lr: 1.0000e-05
Epoch 11/25
4/4 [==============================] - 2s 398ms/step - loss: 5.0414 - accuracy: 0.4167 - val_loss: 4.5003 - val_accuracy: 0.4000 - lr: 1.0000e-05
Epoch 12/25
4/4 [==============================] - 1s 373ms/step - loss: 5.2436 - accuracy: 0.4167 - val_loss: 4.4953 - val_accuracy: 0.4000 - lr: 5.0000e-06
Epoch 13/25
4/4 [==============================] - 1s 377ms/step - loss: 4.8560 - accuracy: 0.4000 - val_loss: 4.4913 - val_accuracy: 0.4000 - lr: 2.5000e-06
Epoch 14/25
4/4 [==============================] - 1s 363ms/step - loss: 5.1468 - accuracy: 0.3167 - val_loss: 4.4894 - val_accuracy: 0.4000 - lr: 1.2500e-06
Epoch 15/25
4/4 [==============================] - 1s 375ms/step - loss: 5.3893 - accuracy: 0.3833 - val_loss: 4.4881 - val_accuracy: 0.4000 - lr: 6.2500e-07
Epoch 16/25
4/4 [==============================] - 1s 369ms/step - loss: 4.7925 - accuracy: 0.3667 - val_loss: 4.4871 - val_accuracy: 0.4000 - lr: 3.1250e-07
Epoch 17/25
4/4 [==============================] - 1s 381ms/step - loss: 4.9734 - accuracy: 0.3833 - val_loss: 4.4867 - val_accuracy: 0.4000 - lr: 1.5625e-07
Epoch 18/25
4/4 [==============================] - 1s 384ms/step - loss: 5.2150 - accuracy: 0.2833 - val_loss: 4.4865 - val_accuracy: 0.4000 - lr: 7.8125e-08
Epoch 19/25
4/4 [==============================] - 1s 259ms/step - loss: 5.0612 - accuracy: 0.3000 - val_loss: 4.4866 - val_accuracy: 0.4000 - lr: 3.9062e-08
Epoch 20/25
4/4 [==============================] - 1s 281ms/step - loss: 5.2137 - accuracy: 0.4000 - val_loss: 4.4866 - val_accuracy: 0.4000 - lr: 1.9531e-08
Epoch 21/25
4/4 [==============================] - 1s 272ms/step - loss: 4.3751 - accuracy: 0.4500 - val_loss: 4.4872 - val_accuracy: 0.4000 - lr: 9.7656e-09
Epoch 22/25
4/4 [==============================] - 1s 293ms/step - loss: 4.9970 - accuracy: 0.3500 - val_loss: 4.4882 - val_accuracy: 0.4000 - lr: 4.8828e-09
Epoch 23/25
4/4 [==============================] - 1s 270ms/step - loss: 5.6190 - accuracy: 0.3333 - val_loss: 4.4894 - val_accuracy: 0.4000 - lr: 2.4414e-09
Epoch 24/25
4/4 [==============================] - 1s 297ms/step - loss: 5.4869 - accuracy: 0.1833 - val_loss: 4.4910 - val_accuracy: 0.4000 - lr: 1.2207e-09
Epoch 25/25
4/4 [==============================] - 1s 291ms/step - loss: 5.4978 - accuracy: 0.3333 - val_loss: 4.4925 - val_accuracy: 0.4000 - lr: 6.1035e-10
1/1 [==============================] - 0s 98ms/step - loss: 4.5563 - accuracy: 0.1429
Found 60 images belonging to 6 classes.
Found 5 images belonging to 6 classes.
Found 7 images belonging to 6 classes.
Epoch 1/20
4/4 [==============================] - ETA: 0s - loss: 6.3339 - accuracy: 0.1500C:\Users\tom.zbc\PycharmProjects\fungis_bacterias_project\.venv\lib\site-packages\keras\src\engine\training.py:3000: UserWarning: You are saving your model as an HDF5 file via `model.save()`. This file format is considered legacy. We recommend using instead the native Keras format, e.g. `model.save('my_model.keras')`.
  saving_api.save_model(
4/4 [==============================] - 2s 448ms/step - loss: 6.3339 - accuracy: 0.1500 - val_loss: 4.5680 - val_accuracy: 0.2000 - lr: 1.0000e-05
Epoch 2/20
4/4 [==============================] - 1s 384ms/step - loss: 6.0212 - accuracy: 0.2833 - val_loss: 4.5450 - val_accuracy: 0.4000 - lr: 1.0000e-05
Epoch 3/20
4/4 [==============================] - 1s 363ms/step - loss: 6.3046 - accuracy: 0.1667 - val_loss: 4.5319 - val_accuracy: 0.4000 - lr: 1.0000e-05
Epoch 4/20
4/4 [==============================] - 2s 381ms/step - loss: 5.6526 - accuracy: 0.3000 - val_loss: 4.5261 - val_accuracy: 0.4000 - lr: 1.0000e-05
Epoch 5/20
4/4 [==============================] - 1s 371ms/step - loss: 5.6026 - accuracy: 0.3000 - val_loss: 4.5196 - val_accuracy: 0.4000 - lr: 1.0000e-05
Epoch 6/20
4/4 [==============================] - 2s 418ms/step - loss: 6.2281 - accuracy: 0.2333 - val_loss: 4.5153 - val_accuracy: 0.4000 - lr: 1.0000e-05
Epoch 7/20
4/4 [==============================] - 1s 369ms/step - loss: 5.5824 - accuracy: 0.2833 - val_loss: 4.5115 - val_accuracy: 0.4000 - lr: 1.0000e-05
Epoch 8/20
4/4 [==============================] - 1s 399ms/step - loss: 5.5735 - accuracy: 0.2333 - val_loss: 4.5057 - val_accuracy: 0.4000 - lr: 1.0000e-05
Epoch 9/20
4/4 [==============================] - 1s 285ms/step - loss: 5.4455 - accuracy: 0.2833 - val_loss: 4.5069 - val_accuracy: 0.4000 - lr: 1.0000e-05
Epoch 10/20
4/4 [==============================] - 1s 401ms/step - loss: 5.3774 - accuracy: 0.4333 - val_loss: 4.5054 - val_accuracy: 0.4000 - lr: 1.0000e-05
Epoch 11/20
4/4 [==============================] - 1s 293ms/step - loss: 5.9037 - accuracy: 0.3000 - val_loss: 4.5057 - val_accuracy: 0.4000 - lr: 1.0000e-05
Epoch 12/20
4/4 [==============================] - 1s 370ms/step - loss: 5.0692 - accuracy: 0.3333 - val_loss: 4.5052 - val_accuracy: 0.4000 - lr: 5.0000e-06
Epoch 13/20
4/4 [==============================] - 1s 384ms/step - loss: 5.0324 - accuracy: 0.3500 - val_loss: 4.5042 - val_accuracy: 0.4000 - lr: 2.5000e-06
Epoch 14/20
4/4 [==============================] - 1s 376ms/step - loss: 5.3822 - accuracy: 0.3500 - val_loss: 4.5033 - val_accuracy: 0.4000 - lr: 1.2500e-06
Epoch 15/20
4/4 [==============================] - 1s 379ms/step - loss: 5.2168 - accuracy: 0.3333 - val_loss: 4.5026 - val_accuracy: 0.4000 - lr: 6.2500e-07
Epoch 16/20
4/4 [==============================] - 1s 367ms/step - loss: 5.1934 - accuracy: 0.3333 - val_loss: 4.5024 - val_accuracy: 0.4000 - lr: 3.1250e-07
Epoch 17/20
4/4 [==============================] - 1s 259ms/step - loss: 5.2625 - accuracy: 0.3500 - val_loss: 4.5024 - val_accuracy: 0.4000 - lr: 1.5625e-07
Epoch 18/20
4/4 [==============================] - 1s 266ms/step - loss: 4.9043 - accuracy: 0.4500 - val_loss: 4.5030 - val_accuracy: 0.4000 - lr: 7.8125e-08
Epoch 19/20
4/4 [==============================] - 1s 263ms/step - loss: 4.9767 - accuracy: 0.3167 - val_loss: 4.5033 - val_accuracy: 0.4000 - lr: 3.9062e-08
Epoch 20/20
4/4 [==============================] - 1s 268ms/step - loss: 5.1647 - accuracy: 0.4000 - val_loss: 4.5036 - val_accuracy: 0.4000 - lr: 1.9531e-08
1/1 [==============================] - 0s 102ms/step - loss: 4.6548 - accuracy: 0.2857
Found 60 images belonging to 6 classes.
Found 5 images belonging to 6 classes.
Found 7 images belonging to 6 classes.
Epoch 1/25
4/4 [==============================] - ETA: 0s - loss: 7.0011 - accuracy: 0.1000C:\Users\tom.zbc\PycharmProjects\fungis_bacterias_project\.venv\lib\site-packages\keras\src\engine\training.py:3000: UserWarning: You are saving your model as an HDF5 file via `model.save()`. This file format is considered legacy. We recommend using instead the native Keras format, e.g. `model.save('my_model.keras')`.
  saving_api.save_model(
4/4 [==============================] - 2s 426ms/step - loss: 7.0011 - accuracy: 0.1000 - val_loss: 4.5742 - val_accuracy: 0.0000e+00 - lr: 1.0000e-05
Epoch 2/25
4/4 [==============================] - 1s 374ms/step - loss: 5.9294 - accuracy: 0.1667 - val_loss: 4.5665 - val_accuracy: 0.2000 - lr: 1.0000e-05
Epoch 3/25
4/4 [==============================] - 1s 263ms/step - loss: 6.0835 - accuracy: 0.2833 - val_loss: 4.5669 - val_accuracy: 0.2000 - lr: 1.0000e-05
Epoch 4/25
4/4 [==============================] - 1s 277ms/step - loss: 6.4829 - accuracy: 0.2333 - val_loss: 4.5667 - val_accuracy: 0.2000 - lr: 1.0000e-05
Epoch 5/25
4/4 [==============================] - 2s 396ms/step - loss: 5.6308 - accuracy: 0.2000 - val_loss: 4.5600 - val_accuracy: 0.4000 - lr: 1.0000e-05
Epoch 6/25
4/4 [==============================] - 1s 393ms/step - loss: 5.8943 - accuracy: 0.2333 - val_loss: 4.5470 - val_accuracy: 0.6000 - lr: 1.0000e-05
Epoch 7/25
4/4 [==============================] - 2s 384ms/step - loss: 5.5342 - accuracy: 0.1500 - val_loss: 4.5342 - val_accuracy: 0.6000 - lr: 1.0000e-05
Epoch 8/25
4/4 [==============================] - 1s 378ms/step - loss: 5.2549 - accuracy: 0.2667 - val_loss: 4.5257 - val_accuracy: 0.6000 - lr: 1.0000e-05
Epoch 9/25
4/4 [==============================] - 2s 381ms/step - loss: 5.7449 - accuracy: 0.2667 - val_loss: 4.5189 - val_accuracy: 0.4000 - lr: 1.0000e-05
Epoch 10/25
4/4 [==============================] - 1s 352ms/step - loss: 5.1241 - accuracy: 0.3167 - val_loss: 4.5099 - val_accuracy: 0.2000 - lr: 1.0000e-05
Epoch 11/25
4/4 [==============================] - 2s 393ms/step - loss: 4.9786 - accuracy: 0.3333 - val_loss: 4.4993 - val_accuracy: 0.2000 - lr: 1.0000e-05
Epoch 12/25
4/4 [==============================] - 1s 364ms/step - loss: 5.0646 - accuracy: 0.3667 - val_loss: 4.4918 - val_accuracy: 0.2000 - lr: 5.0000e-06
Epoch 13/25
4/4 [==============================] - 1s 365ms/step - loss: 5.2565 - accuracy: 0.3500 - val_loss: 4.4844 - val_accuracy: 0.2000 - lr: 2.5000e-06
Epoch 14/25
4/4 [==============================] - 1s 390ms/step - loss: 5.8579 - accuracy: 0.2333 - val_loss: 4.4764 - val_accuracy: 0.2000 - lr: 1.2500e-06
Epoch 15/25
4/4 [==============================] - 1s 377ms/step - loss: 4.8095 - accuracy: 0.4167 - val_loss: 4.4688 - val_accuracy: 0.2000 - lr: 6.2500e-07
Epoch 16/25
4/4 [==============================] - 1s 367ms/step - loss: 4.8809 - accuracy: 0.3833 - val_loss: 4.4616 - val_accuracy: 0.2000 - lr: 3.1250e-07
Epoch 17/25
4/4 [==============================] - 2s 392ms/step - loss: 5.3096 - accuracy: 0.3500 - val_loss: 4.4544 - val_accuracy: 0.2000 - lr: 1.5625e-07
Epoch 18/25
4/4 [==============================] - 1s 380ms/step - loss: 5.5009 - accuracy: 0.3333 - val_loss: 4.4472 - val_accuracy: 0.2000 - lr: 7.8125e-08
Epoch 19/25
4/4 [==============================] - 2s 418ms/step - loss: 4.3574 - accuracy: 0.4667 - val_loss: 4.4403 - val_accuracy: 0.2000 - lr: 3.9062e-08
Epoch 20/25
4/4 [==============================] - 1s 363ms/step - loss: 5.2767 - accuracy: 0.3500 - val_loss: 4.4337 - val_accuracy: 0.2000 - lr: 1.9531e-08
Epoch 21/25
4/4 [==============================] - 2s 419ms/step - loss: 5.0268 - accuracy: 0.3167 - val_loss: 4.4272 - val_accuracy: 0.2000 - lr: 9.7656e-09
Epoch 22/25
4/4 [==============================] - 1s 384ms/step - loss: 5.4731 - accuracy: 0.3167 - val_loss: 4.4207 - val_accuracy: 0.2000 - lr: 4.8828e-09
Epoch 23/25
4/4 [==============================] - 2s 428ms/step - loss: 4.8449 - accuracy: 0.3500 - val_loss: 4.4143 - val_accuracy: 0.2000 - lr: 2.4414e-09
Epoch 24/25
4/4 [==============================] - 1s 380ms/step - loss: 5.2608 - accuracy: 0.3167 - val_loss: 4.4080 - val_accuracy: 0.2000 - lr: 1.2207e-09
Epoch 25/25
4/4 [==============================] - 1s 406ms/step - loss: 5.8561 - accuracy: 0.2167 - val_loss: 4.4018 - val_accuracy: 0.2000 - lr: 6.1035e-10
1/1 [==============================] - 0s 99ms/step - loss: 4.4893 - accuracy: 0.2857
Found 60 images belonging to 6 classes.
Found 5 images belonging to 6 classes.
Found 7 images belonging to 6 classes.
Epoch 1/20
4/4 [==============================] - ETA: 0s - loss: 6.5831 - accuracy: 0.2167C:\Users\tom.zbc\PycharmProjects\fungis_bacterias_project\.venv\lib\site-packages\keras\src\engine\training.py:3000: UserWarning: You are saving your model as an HDF5 file via `model.save()`. This file format is considered legacy. We recommend using instead the native Keras format, e.g. `model.save('my_model.keras')`.
  saving_api.save_model(
4/4 [==============================] - 2s 436ms/step - loss: 6.5831 - accuracy: 0.2167 - val_loss: 4.5648 - val_accuracy: 0.4000 - lr: 1.0000e-05
Epoch 2/20
4/4 [==============================] - 2s 398ms/step - loss: 6.6377 - accuracy: 0.1833 - val_loss: 4.5599 - val_accuracy: 0.2000 - lr: 1.0000e-05
Epoch 3/20
4/4 [==============================] - 1s 370ms/step - loss: 6.1786 - accuracy: 0.2333 - val_loss: 4.5592 - val_accuracy: 0.2000 - lr: 1.0000e-05
Epoch 4/20
4/4 [==============================] - 2s 381ms/step - loss: 6.6292 - accuracy: 0.2333 - val_loss: 4.5542 - val_accuracy: 0.2000 - lr: 1.0000e-05
Epoch 5/20
4/4 [==============================] - 1s 370ms/step - loss: 5.7095 - accuracy: 0.3333 - val_loss: 4.5485 - val_accuracy: 0.4000 - lr: 1.0000e-05
Epoch 6/20
4/4 [==============================] - 2s 380ms/step - loss: 5.7740 - accuracy: 0.2500 - val_loss: 4.5446 - val_accuracy: 0.4000 - lr: 1.0000e-05
Epoch 7/20
4/4 [==============================] - 2s 387ms/step - loss: 5.8231 - accuracy: 0.2667 - val_loss: 4.5394 - val_accuracy: 0.4000 - lr: 1.0000e-05
Epoch 8/20
4/4 [==============================] - 1s 395ms/step - loss: 5.5194 - accuracy: 0.2167 - val_loss: 4.5364 - val_accuracy: 0.4000 - lr: 1.0000e-05
Epoch 9/20
4/4 [==============================] - 1s 275ms/step - loss: 6.2350 - accuracy: 0.1667 - val_loss: 4.5397 - val_accuracy: 0.4000 - lr: 1.0000e-05
Epoch 10/20
4/4 [==============================] - 1s 276ms/step - loss: 5.1365 - accuracy: 0.3333 - val_loss: 4.5461 - val_accuracy: 0.4000 - lr: 1.0000e-05
Epoch 11/20
4/4 [==============================] - 1s 275ms/step - loss: 5.0578 - accuracy: 0.3333 - val_loss: 4.5495 - val_accuracy: 0.4000 - lr: 1.0000e-05
Epoch 12/20
4/4 [==============================] - 1s 297ms/step - loss: 5.0340 - accuracy: 0.4167 - val_loss: 4.5523 - val_accuracy: 0.4000 - lr: 5.0000e-06
Epoch 13/20
4/4 [==============================] - 1s 282ms/step - loss: 5.2962 - accuracy: 0.2500 - val_loss: 4.5553 - val_accuracy: 0.4000 - lr: 2.5000e-06
Epoch 14/20
4/4 [==============================] - 1s 263ms/step - loss: 5.6734 - accuracy: 0.3000 - val_loss: 4.5568 - val_accuracy: 0.4000 - lr: 1.0000e-06
Epoch 15/20
4/4 [==============================] - 1s 272ms/step - loss: 5.2822 - accuracy: 0.3500 - val_loss: 4.5573 - val_accuracy: 0.4000 - lr: 5.0000e-07
Epoch 16/20
4/4 [==============================] - 1s 309ms/step - loss: 5.1738 - accuracy: 0.3833 - val_loss: 4.5581 - val_accuracy: 0.4000 - lr: 2.5000e-07
1/1 [==============================] - 0s 117ms/step - loss: 4.6048 - accuracy: 0.1429
Found 60 images belonging to 6 classes.
Found 5 images belonging to 6 classes.
Found 7 images belonging to 6 classes.
Epoch 1/25
4/4 [==============================] - ETA: 0s - loss: 6.9207 - accuracy: 0.1167C:\Users\tom.zbc\PycharmProjects\fungis_bacterias_project\.venv\lib\site-packages\keras\src\engine\training.py:3000: UserWarning: You are saving your model as an HDF5 file via `model.save()`. This file format is considered legacy. We recommend using instead the native Keras format, e.g. `model.save('my_model.keras')`.
  saving_api.save_model(
4/4 [==============================] - 2s 431ms/step - loss: 6.9207 - accuracy: 0.1167 - val_loss: 4.5717 - val_accuracy: 0.2000 - lr: 1.0000e-05
Epoch 2/25
4/4 [==============================] - 1s 369ms/step - loss: 6.0414 - accuracy: 0.2000 - val_loss: 4.5656 - val_accuracy: 0.6000 - lr: 1.0000e-05
Epoch 3/25
4/4 [==============================] - 1s 356ms/step - loss: 5.7747 - accuracy: 0.2500 - val_loss: 4.5494 - val_accuracy: 0.6000 - lr: 1.0000e-05
Epoch 4/25
4/4 [==============================] - 1s 367ms/step - loss: 5.8456 - accuracy: 0.2000 - val_loss: 4.5338 - val_accuracy: 0.6000 - lr: 1.0000e-05
Epoch 5/25
4/4 [==============================] - 1s 358ms/step - loss: 6.5184 - accuracy: 0.2167 - val_loss: 4.5194 - val_accuracy: 0.6000 - lr: 1.0000e-05
Epoch 6/25
4/4 [==============================] - 1s 398ms/step - loss: 5.5332 - accuracy: 0.2667 - val_loss: 4.5115 - val_accuracy: 0.4000 - lr: 1.0000e-05
Epoch 7/25
4/4 [==============================] - 1s 393ms/step - loss: 5.4367 - accuracy: 0.2167 - val_loss: 4.5028 - val_accuracy: 0.4000 - lr: 1.0000e-05
Epoch 8/25
4/4 [==============================] - 1s 385ms/step - loss: 5.2401 - accuracy: 0.2833 - val_loss: 4.4907 - val_accuracy: 0.6000 - lr: 1.0000e-05
Epoch 9/25
4/4 [==============================] - 1s 363ms/step - loss: 5.3131 - accuracy: 0.3333 - val_loss: 4.4742 - val_accuracy: 0.6000 - lr: 1.0000e-05
Epoch 10/25
4/4 [==============================] - 2s 383ms/step - loss: 5.1447 - accuracy: 0.3500 - val_loss: 4.4568 - val_accuracy: 0.6000 - lr: 1.0000e-05
Epoch 11/25
4/4 [==============================] - 1s 374ms/step - loss: 4.8325 - accuracy: 0.3500 - val_loss: 4.4415 - val_accuracy: 0.6000 - lr: 1.0000e-05
Epoch 12/25
4/4 [==============================] - 1s 358ms/step - loss: 5.1435 - accuracy: 0.3500 - val_loss: 4.4291 - val_accuracy: 0.8000 - lr: 5.0000e-06
Epoch 13/25
4/4 [==============================] - 1s 356ms/step - loss: 4.7780 - accuracy: 0.4333 - val_loss: 4.4183 - val_accuracy: 0.8000 - lr: 2.5000e-06
Epoch 14/25
4/4 [==============================] - 1s 369ms/step - loss: 5.2946 - accuracy: 0.4000 - val_loss: 4.4082 - val_accuracy: 1.0000 - lr: 1.2500e-06
Epoch 15/25
4/4 [==============================] - 1s 369ms/step - loss: 4.8317 - accuracy: 0.3333 - val_loss: 4.3999 - val_accuracy: 1.0000 - lr: 6.2500e-07
Epoch 16/25
4/4 [==============================] - 2s 380ms/step - loss: 5.5178 - accuracy: 0.1667 - val_loss: 4.3921 - val_accuracy: 1.0000 - lr: 3.1250e-07
Epoch 17/25
4/4 [==============================] - 1s 376ms/step - loss: 5.0531 - accuracy: 0.3333 - val_loss: 4.3846 - val_accuracy: 1.0000 - lr: 1.5625e-07
Epoch 18/25
4/4 [==============================] - 1s 367ms/step - loss: 5.4673 - accuracy: 0.3000 - val_loss: 4.3773 - val_accuracy: 1.0000 - lr: 7.8125e-08
Epoch 19/25
4/4 [==============================] - 1s 370ms/step - loss: 5.2871 - accuracy: 0.3333 - val_loss: 4.3698 - val_accuracy: 1.0000 - lr: 3.9062e-08
Epoch 20/25
4/4 [==============================] - 1s 405ms/step - loss: 5.1499 - accuracy: 0.3000 - val_loss: 4.3620 - val_accuracy: 1.0000 - lr: 1.9531e-08
Epoch 21/25
4/4 [==============================] - 1s 360ms/step - loss: 4.9018 - accuracy: 0.3000 - val_loss: 4.3543 - val_accuracy: 1.0000 - lr: 9.7656e-09
Epoch 22/25
4/4 [==============================] - 1s 369ms/step - loss: 5.1444 - accuracy: 0.2667 - val_loss: 4.3467 - val_accuracy: 1.0000 - lr: 4.8828e-09
Epoch 23/25
4/4 [==============================] - 1s 376ms/step - loss: 5.2784 - accuracy: 0.3500 - val_loss: 4.3392 - val_accuracy: 1.0000 - lr: 2.4414e-09
Epoch 24/25
4/4 [==============================] - 1s 396ms/step - loss: 5.1480 - accuracy: 0.2833 - val_loss: 4.3315 - val_accuracy: 1.0000 - lr: 1.2207e-09
Epoch 25/25
4/4 [==============================] - 1s 368ms/step - loss: 5.1869 - accuracy: 0.3500 - val_loss: 4.3235 - val_accuracy: 1.0000 - lr: 6.1035e-10
1/1 [==============================] - 0s 103ms/step - loss: 4.3806 - accuracy: 0.7143
Found 60 images belonging to 6 classes.
Found 5 images belonging to 6 classes.
Found 7 images belonging to 6 classes.
Epoch 1/20
4/4 [==============================] - ETA: 0s - loss: 6.7695 - accuracy: 0.1833C:\Users\tom.zbc\PycharmProjects\fungis_bacterias_project\.venv\lib\site-packages\keras\src\engine\training.py:3000: UserWarning: You are saving your model as an HDF5 file via `model.save()`. This file format is considered legacy. We recommend using instead the native Keras format, e.g. `model.save('my_model.keras')`.
  saving_api.save_model(
4/4 [==============================] - 2s 425ms/step - loss: 6.7695 - accuracy: 0.1833 - val_loss: 4.5461 - val_accuracy: 0.2000 - lr: 1.0000e-05
Epoch 2/20
4/4 [==============================] - 1s 284ms/step - loss: 6.7169 - accuracy: 0.0500 - val_loss: 4.5551 - val_accuracy: 0.2000 - lr: 1.0000e-05
Epoch 3/20
4/4 [==============================] - 1s 259ms/step - loss: 6.2676 - accuracy: 0.1833 - val_loss: 4.5662 - val_accuracy: 0.2000 - lr: 1.0000e-05
Epoch 4/20
4/4 [==============================] - 1s 273ms/step - loss: 5.9974 - accuracy: 0.2500 - val_loss: 4.5739 - val_accuracy: 0.0000e+00 - lr: 1.0000e-05
Epoch 5/20
4/4 [==============================] - 1s 275ms/step - loss: 5.3550 - accuracy: 0.3167 - val_loss: 4.5732 - val_accuracy: 0.0000e+00 - lr: 1.0000e-05
Epoch 6/20
4/4 [==============================] - 1s 269ms/step - loss: 5.3981 - accuracy: 0.2333 - val_loss: 4.5639 - val_accuracy: 0.2000 - lr: 1.0000e-05
Epoch 7/20
4/4 [==============================] - 1s 317ms/step - loss: 5.7768 - accuracy: 0.3333 - val_loss: 4.5492 - val_accuracy: 0.4000 - lr: 2.0000e-06
Epoch 8/20
4/4 [==============================] - 1s 378ms/step - loss: 5.0891 - accuracy: 0.4167 - val_loss: 4.5449 - val_accuracy: 0.4000 - lr: 2.0000e-06
Epoch 9/20
4/4 [==============================] - 1s 376ms/step - loss: 5.8005 - accuracy: 0.2833 - val_loss: 4.5407 - val_accuracy: 0.4000 - lr: 2.0000e-06
Epoch 10/20
4/4 [==============================] - 2s 387ms/step - loss: 4.9611 - accuracy: 0.4000 - val_loss: 4.5391 - val_accuracy: 0.4000 - lr: 2.0000e-06
Epoch 11/20
4/4 [==============================] - 1s 308ms/step - loss: 5.6176 - accuracy: 0.2667 - val_loss: 4.5393 - val_accuracy: 0.4000 - lr: 2.0000e-06
Epoch 12/20
4/4 [==============================] - 1s 371ms/step - loss: 5.1887 - accuracy: 0.3167 - val_loss: 4.5390 - val_accuracy: 0.4000 - lr: 1.0000e-06
Epoch 13/20
4/4 [==============================] - 2s 376ms/step - loss: 5.3213 - accuracy: 0.2333 - val_loss: 4.5382 - val_accuracy: 0.4000 - lr: 5.0000e-07
Epoch 14/20
4/4 [==============================] - 1s 403ms/step - loss: 5.0814 - accuracy: 0.4000 - val_loss: 4.5380 - val_accuracy: 0.4000 - lr: 2.5000e-07
Epoch 15/20
4/4 [==============================] - 1s 281ms/step - loss: 5.1799 - accuracy: 0.3333 - val_loss: 4.5385 - val_accuracy: 0.4000 - lr: 1.2500e-07
Epoch 16/20
4/4 [==============================] - 1s 267ms/step - loss: 5.6271 - accuracy: 0.3500 - val_loss: 4.5394 - val_accuracy: 0.4000 - lr: 6.2500e-08
Epoch 17/20
4/4 [==============================] - 1s 276ms/step - loss: 5.2595 - accuracy: 0.3333 - val_loss: 4.5408 - val_accuracy: 0.4000 - lr: 3.1250e-08
Epoch 18/20
4/4 [==============================] - 1s 265ms/step - loss: 5.5769 - accuracy: 0.2000 - val_loss: 4.5422 - val_accuracy: 0.4000 - lr: 1.5625e-08
Epoch 19/20
4/4 [==============================] - 1s 298ms/step - loss: 5.4595 - accuracy: 0.3333 - val_loss: 4.5442 - val_accuracy: 0.4000 - lr: 7.8125e-09
Epoch 20/20
4/4 [==============================] - 1s 259ms/step - loss: 5.3629 - accuracy: 0.3000 - val_loss: 4.5464 - val_accuracy: 0.4000 - lr: 3.9062e-09
1/1 [==============================] - 0s 100ms/step - loss: 4.7448 - accuracy: 0.1429
Found 60 images belonging to 6 classes.
Found 5 images belonging to 6 classes.
Found 7 images belonging to 6 classes.
Epoch 1/25
4/4 [==============================] - ETA: 0s - loss: 6.4396 - accuracy: 0.2333C:\Users\tom.zbc\PycharmProjects\fungis_bacterias_project\.venv\lib\site-packages\keras\src\engine\training.py:3000: UserWarning: You are saving your model as an HDF5 file via `model.save()`. This file format is considered legacy. We recommend using instead the native Keras format, e.g. `model.save('my_model.keras')`.
  saving_api.save_model(
4/4 [==============================] - 2s 425ms/step - loss: 6.4396 - accuracy: 0.2333 - val_loss: 4.5243 - val_accuracy: 0.4000 - lr: 1.0000e-05
Epoch 2/25
4/4 [==============================] - 1s 255ms/step - loss: 6.4424 - accuracy: 0.2667 - val_loss: 4.5345 - val_accuracy: 0.4000 - lr: 1.0000e-05
Epoch 3/25
4/4 [==============================] - 1s 273ms/step - loss: 6.6855 - accuracy: 0.2000 - val_loss: 4.5427 - val_accuracy: 0.2000 - lr: 1.0000e-05
Epoch 4/25
4/4 [==============================] - 1s 271ms/step - loss: 5.6652 - accuracy: 0.2833 - val_loss: 4.5428 - val_accuracy: 0.2000 - lr: 1.0000e-05
Epoch 5/25
4/4 [==============================] - 1s 275ms/step - loss: 6.1627 - accuracy: 0.3000 - val_loss: 4.5416 - val_accuracy: 0.4000 - lr: 1.0000e-05
Epoch 6/25
4/4 [==============================] - 1s 265ms/step - loss: 6.1235 - accuracy: 0.1833 - val_loss: 4.5388 - val_accuracy: 0.4000 - lr: 1.0000e-05
Epoch 7/25
4/4 [==============================] - 1s 262ms/step - loss: 6.2250 - accuracy: 0.2167 - val_loss: 4.5272 - val_accuracy: 0.4000 - lr: 2.0000e-06
Epoch 8/25
4/4 [==============================] - 2s 412ms/step - loss: 5.2333 - accuracy: 0.3333 - val_loss: 4.5231 - val_accuracy: 0.2000 - lr: 2.0000e-06
Epoch 9/25
4/4 [==============================] - 1s 375ms/step - loss: 5.7685 - accuracy: 0.2333 - val_loss: 4.5184 - val_accuracy: 0.2000 - lr: 2.0000e-06
Epoch 10/25
4/4 [==============================] - 2s 385ms/step - loss: 5.1848 - accuracy: 0.3167 - val_loss: 4.5131 - val_accuracy: 0.4000 - lr: 2.0000e-06
Epoch 11/25
4/4 [==============================] - 1s 381ms/step - loss: 4.8011 - accuracy: 0.3833 - val_loss: 4.5090 - val_accuracy: 0.4000 - lr: 2.0000e-06
Epoch 12/25
4/4 [==============================] - 1s 371ms/step - loss: 4.6866 - accuracy: 0.4167 - val_loss: 4.5053 - val_accuracy: 0.4000 - lr: 1.0000e-06
Epoch 13/25
4/4 [==============================] - 1s 399ms/step - loss: 5.7213 - accuracy: 0.2000 - val_loss: 4.5020 - val_accuracy: 0.4000 - lr: 5.0000e-07
Epoch 14/25
4/4 [==============================] - 1s 369ms/step - loss: 5.3152 - accuracy: 0.2333 - val_loss: 4.4987 - val_accuracy: 0.4000 - lr: 2.5000e-07
Epoch 15/25
4/4 [==============================] - 1s 373ms/step - loss: 5.2269 - accuracy: 0.3333 - val_loss: 4.4955 - val_accuracy: 0.4000 - lr: 1.2500e-07
Epoch 16/25
4/4 [==============================] - 1s 370ms/step - loss: 4.9993 - accuracy: 0.3667 - val_loss: 4.4921 - val_accuracy: 0.4000 - lr: 6.2500e-08
Epoch 17/25
4/4 [==============================] - 1s 364ms/step - loss: 5.0363 - accuracy: 0.3167 - val_loss: 4.4882 - val_accuracy: 0.4000 - lr: 3.1250e-08
Epoch 18/25
4/4 [==============================] - 2s 379ms/step - loss: 5.1222 - accuracy: 0.3500 - val_loss: 4.4840 - val_accuracy: 0.4000 - lr: 1.5625e-08
Epoch 19/25
4/4 [==============================] - 1s 394ms/step - loss: 4.8393 - accuracy: 0.3500 - val_loss: 4.4800 - val_accuracy: 0.4000 - lr: 7.8125e-09
Epoch 20/25
4/4 [==============================] - 2s 386ms/step - loss: 5.2119 - accuracy: 0.2333 - val_loss: 4.4760 - val_accuracy: 0.4000 - lr: 3.9062e-09
Epoch 21/25
4/4 [==============================] - 1s 364ms/step - loss: 5.1612 - accuracy: 0.3500 - val_loss: 4.4720 - val_accuracy: 0.4000 - lr: 1.9531e-09
Epoch 22/25
4/4 [==============================] - 1s 366ms/step - loss: 5.1989 - accuracy: 0.3333 - val_loss: 4.4680 - val_accuracy: 0.4000 - lr: 9.7656e-10
Epoch 23/25
4/4 [==============================] - 1s 361ms/step - loss: 5.4352 - accuracy: 0.2500 - val_loss: 4.4639 - val_accuracy: 0.4000 - lr: 4.8828e-10
Epoch 24/25
4/4 [==============================] - 2s 377ms/step - loss: 4.8572 - accuracy: 0.3667 - val_loss: 4.4598 - val_accuracy: 0.4000 - lr: 2.4414e-10
Epoch 25/25
4/4 [==============================] - 1s 388ms/step - loss: 5.2554 - accuracy: 0.3500 - val_loss: 4.4556 - val_accuracy: 0.4000 - lr: 1.2207e-10
1/1 [==============================] - 0s 100ms/step - loss: 4.4975 - accuracy: 0.1429
Found 60 images belonging to 6 classes.
Found 5 images belonging to 6 classes.
Found 7 images belonging to 6 classes.
Epoch 1/20
4/4 [==============================] - ETA: 0s - loss: 7.4231 - accuracy: 0.1333C:\Users\tom.zbc\PycharmProjects\fungis_bacterias_project\.venv\lib\site-packages\keras\src\engine\training.py:3000: UserWarning: You are saving your model as an HDF5 file via `model.save()`. This file format is considered legacy. We recommend using instead the native Keras format, e.g. `model.save('my_model.keras')`.
  saving_api.save_model(
4/4 [==============================] - 3s 654ms/step - loss: 7.4231 - accuracy: 0.1333 - val_loss: 4.7978 - val_accuracy: 0.2000 - lr: 1.0000e-05
Epoch 2/20
4/4 [==============================] - 2s 608ms/step - loss: 6.9171 - accuracy: 0.2000 - val_loss: 4.7635 - val_accuracy: 0.4000 - lr: 1.0000e-05
Epoch 3/20
4/4 [==============================] - 2s 590ms/step - loss: 6.6019 - accuracy: 0.2167 - val_loss: 4.7523 - val_accuracy: 0.4000 - lr: 1.0000e-05
Epoch 4/20
4/4 [==============================] - 2s 437ms/step - loss: 6.7762 - accuracy: 0.2667 - val_loss: 4.7606 - val_accuracy: 0.4000 - lr: 1.0000e-05
Epoch 5/20
4/4 [==============================] - 2s 386ms/step - loss: 6.2065 - accuracy: 0.3000 - val_loss: 4.7689 - val_accuracy: 0.2000 - lr: 1.0000e-05
Epoch 6/20
4/4 [==============================] - 2s 421ms/step - loss: 5.7708 - accuracy: 0.2833 - val_loss: 4.7756 - val_accuracy: 0.2000 - lr: 1.0000e-05
Epoch 7/20
4/4 [==============================] - 2s 424ms/step - loss: 6.0671 - accuracy: 0.3167 - val_loss: 4.7710 - val_accuracy: 0.2000 - lr: 1.0000e-05
Epoch 8/20
4/4 [==============================] - 2s 459ms/step - loss: 5.8366 - accuracy: 0.3000 - val_loss: 4.7576 - val_accuracy: 0.2000 - lr: 1.0000e-05
Epoch 9/20
4/4 [==============================] - 2s 674ms/step - loss: 5.5882 - accuracy: 0.3167 - val_loss: 4.7422 - val_accuracy: 0.2000 - lr: 1.0000e-05
Epoch 10/20
4/4 [==============================] - 2s 607ms/step - loss: 5.4624 - accuracy: 0.2667 - val_loss: 4.7292 - val_accuracy: 0.2000 - lr: 1.0000e-05
Epoch 11/20
4/4 [==============================] - 2s 618ms/step - loss: 5.6577 - accuracy: 0.3667 - val_loss: 4.7203 - val_accuracy: 0.2000 - lr: 1.0000e-05
Epoch 12/20
4/4 [==============================] - 2s 620ms/step - loss: 5.1503 - accuracy: 0.4333 - val_loss: 4.7136 - val_accuracy: 0.2000 - lr: 5.0000e-06
Epoch 13/20
4/4 [==============================] - 2s 657ms/step - loss: 5.7194 - accuracy: 0.3500 - val_loss: 4.7054 - val_accuracy: 0.2000 - lr: 2.5000e-06
Epoch 14/20
4/4 [==============================] - 2s 592ms/step - loss: 5.1628 - accuracy: 0.4000 - val_loss: 4.7013 - val_accuracy: 0.2000 - lr: 1.2500e-06
Epoch 15/20
4/4 [==============================] - 2s 615ms/step - loss: 5.1430 - accuracy: 0.3500 - val_loss: 4.6986 - val_accuracy: 0.2000 - lr: 6.2500e-07
Epoch 16/20
4/4 [==============================] - 2s 623ms/step - loss: 5.0234 - accuracy: 0.3833 - val_loss: 4.6964 - val_accuracy: 0.2000 - lr: 3.1250e-07
Epoch 17/20
4/4 [==============================] - 2s 632ms/step - loss: 5.2586 - accuracy: 0.4333 - val_loss: 4.6952 - val_accuracy: 0.2000 - lr: 1.5625e-07
Epoch 18/20
4/4 [==============================] - 2s 601ms/step - loss: 4.9032 - accuracy: 0.4833 - val_loss: 4.6947 - val_accuracy: 0.2000 - lr: 7.8125e-08
Epoch 19/20
4/4 [==============================] - 2s 400ms/step - loss: 4.9806 - accuracy: 0.4000 - val_loss: 4.6948 - val_accuracy: 0.2000 - lr: 3.9062e-08
Epoch 20/20
4/4 [==============================] - 2s 396ms/step - loss: 5.2887 - accuracy: 0.3833 - val_loss: 4.6955 - val_accuracy: 0.2000 - lr: 1.9531e-08
1/1 [==============================] - 0s 161ms/step - loss: 4.6289 - accuracy: 0.1429
Found 60 images belonging to 6 classes.
Found 5 images belonging to 6 classes.
Found 7 images belonging to 6 classes.
Epoch 1/25
4/4 [==============================] - ETA: 0s - loss: 7.1037 - accuracy: 0.1500C:\Users\tom.zbc\PycharmProjects\fungis_bacterias_project\.venv\lib\site-packages\keras\src\engine\training.py:3000: UserWarning: You are saving your model as an HDF5 file via `model.save()`. This file format is considered legacy. We recommend using instead the native Keras format, e.g. `model.save('my_model.keras')`.
  saving_api.save_model(
4/4 [==============================] - 3s 684ms/step - loss: 7.1037 - accuracy: 0.1500 - val_loss: 4.7879 - val_accuracy: 0.2000 - lr: 1.0000e-05
Epoch 2/25
4/4 [==============================] - 2s 596ms/step - loss: 6.5294 - accuracy: 0.2333 - val_loss: 4.7736 - val_accuracy: 0.4000 - lr: 1.0000e-05
Epoch 3/25
4/4 [==============================] - 2s 606ms/step - loss: 6.2736 - accuracy: 0.2000 - val_loss: 4.7570 - val_accuracy: 0.4000 - lr: 1.0000e-05
Epoch 4/25
4/4 [==============================] - 2s 615ms/step - loss: 6.5169 - accuracy: 0.2333 - val_loss: 4.7538 - val_accuracy: 0.2000 - lr: 1.0000e-05
Epoch 5/25
4/4 [==============================] - 2s 605ms/step - loss: 5.7994 - accuracy: 0.3333 - val_loss: 4.7426 - val_accuracy: 0.2000 - lr: 1.0000e-05
Epoch 6/25
4/4 [==============================] - 2s 637ms/step - loss: 5.7322 - accuracy: 0.3500 - val_loss: 4.7386 - val_accuracy: 0.2000 - lr: 1.0000e-05
Epoch 7/25
4/4 [==============================] - 2s 644ms/step - loss: 5.8245 - accuracy: 0.3500 - val_loss: 4.7235 - val_accuracy: 0.2000 - lr: 1.0000e-05
Epoch 8/25
4/4 [==============================] - 2s 615ms/step - loss: 5.2937 - accuracy: 0.4000 - val_loss: 4.7137 - val_accuracy: 0.2000 - lr: 1.0000e-05
Epoch 9/25
4/4 [==============================] - 2s 599ms/step - loss: 5.1496 - accuracy: 0.3333 - val_loss: 4.7052 - val_accuracy: 0.2000 - lr: 1.0000e-05
Epoch 10/25
4/4 [==============================] - 2s 614ms/step - loss: 5.6171 - accuracy: 0.3333 - val_loss: 4.6968 - val_accuracy: 0.2000 - lr: 1.0000e-05
Epoch 11/25
4/4 [==============================] - 2s 619ms/step - loss: 5.1254 - accuracy: 0.3667 - val_loss: 4.6882 - val_accuracy: 0.2000 - lr: 1.0000e-05
Epoch 12/25
4/4 [==============================] - 2s 641ms/step - loss: 5.0430 - accuracy: 0.3167 - val_loss: 4.6782 - val_accuracy: 0.2000 - lr: 5.0000e-06
Epoch 13/25
4/4 [==============================] - 2s 601ms/step - loss: 5.4176 - accuracy: 0.3333 - val_loss: 4.6699 - val_accuracy: 0.2000 - lr: 2.5000e-06
Epoch 14/25
4/4 [==============================] - 2s 647ms/step - loss: 4.7460 - accuracy: 0.4833 - val_loss: 4.6616 - val_accuracy: 0.2000 - lr: 1.2500e-06
Epoch 15/25
4/4 [==============================] - 2s 633ms/step - loss: 4.5587 - accuracy: 0.5167 - val_loss: 4.6538 - val_accuracy: 0.2000 - lr: 6.2500e-07
Epoch 16/25
4/4 [==============================] - 2s 648ms/step - loss: 4.8745 - accuracy: 0.4667 - val_loss: 4.6468 - val_accuracy: 0.2000 - lr: 3.1250e-07
Epoch 17/25
4/4 [==============================] - 2s 645ms/step - loss: 4.8420 - accuracy: 0.4500 - val_loss: 4.6400 - val_accuracy: 0.2000 - lr: 1.5625e-07
Epoch 18/25
4/4 [==============================] - 2s 602ms/step - loss: 5.1222 - accuracy: 0.4167 - val_loss: 4.6334 - val_accuracy: 0.2000 - lr: 7.8125e-08
Epoch 19/25
4/4 [==============================] - 2s 645ms/step - loss: 5.9693 - accuracy: 0.3333 - val_loss: 4.6269 - val_accuracy: 0.2000 - lr: 3.9062e-08
Epoch 20/25
4/4 [==============================] - 2s 615ms/step - loss: 5.2004 - accuracy: 0.3833 - val_loss: 4.6206 - val_accuracy: 0.2000 - lr: 1.9531e-08
Epoch 21/25
4/4 [==============================] - 2s 596ms/step - loss: 5.2290 - accuracy: 0.4167 - val_loss: 4.6147 - val_accuracy: 0.2000 - lr: 9.7656e-09
Epoch 22/25
4/4 [==============================] - 2s 617ms/step - loss: 5.0062 - accuracy: 0.4000 - val_loss: 4.6088 - val_accuracy: 0.2000 - lr: 4.8828e-09
Epoch 23/25
4/4 [==============================] - 2s 638ms/step - loss: 5.1938 - accuracy: 0.3167 - val_loss: 4.6034 - val_accuracy: 0.2000 - lr: 2.4414e-09
Epoch 24/25
4/4 [==============================] - 2s 638ms/step - loss: 5.7452 - accuracy: 0.3667 - val_loss: 4.5982 - val_accuracy: 0.2000 - lr: 1.2207e-09
Epoch 25/25
4/4 [==============================] - 2s 610ms/step - loss: 5.3858 - accuracy: 0.3500 - val_loss: 4.5933 - val_accuracy: 0.2000 - lr: 6.1035e-10
1/1 [==============================] - 0s 121ms/step - loss: 4.6057 - accuracy: 0.2857
Found 60 images belonging to 6 classes.
Found 5 images belonging to 6 classes.
Found 7 images belonging to 6 classes.
Epoch 1/20
4/4 [==============================] - ETA: 0s - loss: 7.0661 - accuracy: 0.1333C:\Users\tom.zbc\PycharmProjects\fungis_bacterias_project\.venv\lib\site-packages\keras\src\engine\training.py:3000: UserWarning: You are saving your model as an HDF5 file via `model.save()`. This file format is considered legacy. We recommend using instead the native Keras format, e.g. `model.save('my_model.keras')`.
  saving_api.save_model(
4/4 [==============================] - 3s 714ms/step - loss: 7.0661 - accuracy: 0.1333 - val_loss: 4.7971 - val_accuracy: 0.4000 - lr: 1.0000e-05
Epoch 2/20
4/4 [==============================] - 2s 629ms/step - loss: 6.8951 - accuracy: 0.1667 - val_loss: 4.7665 - val_accuracy: 0.4000 - lr: 1.0000e-05
Epoch 3/20
4/4 [==============================] - 2s 640ms/step - loss: 6.9092 - accuracy: 0.2500 - val_loss: 4.7529 - val_accuracy: 0.4000 - lr: 1.0000e-05
Epoch 4/20
4/4 [==============================] - 2s 617ms/step - loss: 6.0895 - accuracy: 0.3500 - val_loss: 4.7458 - val_accuracy: 0.4000 - lr: 1.0000e-05
Epoch 5/20
4/4 [==============================] - 2s 595ms/step - loss: 5.9689 - accuracy: 0.3500 - val_loss: 4.7383 - val_accuracy: 0.6000 - lr: 1.0000e-05
Epoch 6/20
4/4 [==============================] - 2s 620ms/step - loss: 5.5198 - accuracy: 0.4167 - val_loss: 4.7300 - val_accuracy: 0.6000 - lr: 1.0000e-05
Epoch 7/20
4/4 [==============================] - 2s 661ms/step - loss: 5.7178 - accuracy: 0.3333 - val_loss: 4.7216 - val_accuracy: 0.4000 - lr: 1.0000e-05
Epoch 8/20
4/4 [==============================] - 2s 655ms/step - loss: 5.4456 - accuracy: 0.3667 - val_loss: 4.7109 - val_accuracy: 0.4000 - lr: 1.0000e-05
Epoch 9/20
4/4 [==============================] - 2s 658ms/step - loss: 5.0840 - accuracy: 0.4167 - val_loss: 4.7026 - val_accuracy: 0.4000 - lr: 1.0000e-05
Epoch 10/20
4/4 [==============================] - 2s 604ms/step - loss: 5.7796 - accuracy: 0.2833 - val_loss: 4.6992 - val_accuracy: 0.4000 - lr: 1.0000e-05
Epoch 11/20
4/4 [==============================] - 2s 609ms/step - loss: 4.9150 - accuracy: 0.4500 - val_loss: 4.6960 - val_accuracy: 0.4000 - lr: 1.0000e-05
Epoch 12/20
4/4 [==============================] - 2s 607ms/step - loss: 4.9711 - accuracy: 0.3833 - val_loss: 4.6886 - val_accuracy: 0.4000 - lr: 5.0000e-06
Epoch 13/20
4/4 [==============================] - 2s 605ms/step - loss: 5.3295 - accuracy: 0.3833 - val_loss: 4.6800 - val_accuracy: 0.4000 - lr: 2.5000e-06
Epoch 14/20
4/4 [==============================] - 2s 617ms/step - loss: 5.4285 - accuracy: 0.4167 - val_loss: 4.6711 - val_accuracy: 0.4000 - lr: 1.2500e-06
Epoch 15/20
4/4 [==============================] - 2s 612ms/step - loss: 5.3485 - accuracy: 0.3667 - val_loss: 4.6633 - val_accuracy: 0.4000 - lr: 6.2500e-07
Epoch 16/20
4/4 [==============================] - 2s 603ms/step - loss: 5.5293 - accuracy: 0.4000 - val_loss: 4.6564 - val_accuracy: 0.4000 - lr: 3.1250e-07
Epoch 17/20
4/4 [==============================] - 2s 631ms/step - loss: 5.0816 - accuracy: 0.4667 - val_loss: 4.6501 - val_accuracy: 0.4000 - lr: 1.5625e-07
Epoch 18/20
4/4 [==============================] - 2s 607ms/step - loss: 5.1284 - accuracy: 0.4333 - val_loss: 4.6446 - val_accuracy: 0.4000 - lr: 7.8125e-08
Epoch 19/20
4/4 [==============================] - 2s 605ms/step - loss: 5.6848 - accuracy: 0.3500 - val_loss: 4.6395 - val_accuracy: 0.4000 - lr: 3.9062e-08
Epoch 20/20
4/4 [==============================] - 2s 624ms/step - loss: 5.0646 - accuracy: 0.3333 - val_loss: 4.6347 - val_accuracy: 0.4000 - lr: 1.9531e-08
1/1 [==============================] - 0s 115ms/step - loss: 4.8307 - accuracy: 0.1429
Found 60 images belonging to 6 classes.
Found 5 images belonging to 6 classes.
Found 7 images belonging to 6 classes.
Epoch 1/25
4/4 [==============================] - ETA: 0s - loss: 7.2842 - accuracy: 0.1000C:\Users\tom.zbc\PycharmProjects\fungis_bacterias_project\.venv\lib\site-packages\keras\src\engine\training.py:3000: UserWarning: You are saving your model as an HDF5 file via `model.save()`. This file format is considered legacy. We recommend using instead the native Keras format, e.g. `model.save('my_model.keras')`.
  saving_api.save_model(
4/4 [==============================] - 3s 672ms/step - loss: 7.2842 - accuracy: 0.1000 - val_loss: 4.7729 - val_accuracy: 0.4000 - lr: 1.0000e-05
Epoch 2/25
4/4 [==============================] - 2s 615ms/step - loss: 6.2167 - accuracy: 0.2333 - val_loss: 4.7713 - val_accuracy: 0.4000 - lr: 1.0000e-05
Epoch 3/25
4/4 [==============================] - 2s 636ms/step - loss: 6.8971 - accuracy: 0.2333 - val_loss: 4.7700 - val_accuracy: 0.0000e+00 - lr: 1.0000e-05
Epoch 4/25
4/4 [==============================] - 2s 396ms/step - loss: 5.9396 - accuracy: 0.3333 - val_loss: 4.7761 - val_accuracy: 0.2000 - lr: 1.0000e-05
Epoch 5/25
4/4 [==============================] - 2s 443ms/step - loss: 5.8558 - accuracy: 0.2667 - val_loss: 4.7827 - val_accuracy: 0.2000 - lr: 1.0000e-05
Epoch 6/25
4/4 [==============================] - 2s 401ms/step - loss: 5.1993 - accuracy: 0.4500 - val_loss: 4.7837 - val_accuracy: 0.2000 - lr: 1.0000e-05
Epoch 7/25
4/4 [==============================] - 2s 391ms/step - loss: 5.3975 - accuracy: 0.4000 - val_loss: 4.7759 - val_accuracy: 0.2000 - lr: 1.0000e-05
Epoch 8/25
4/4 [==============================] - 2s 647ms/step - loss: 5.5425 - accuracy: 0.3000 - val_loss: 4.7607 - val_accuracy: 0.2000 - lr: 1.0000e-05
Epoch 9/25
4/4 [==============================] - 2s 606ms/step - loss: 5.7424 - accuracy: 0.2667 - val_loss: 4.7519 - val_accuracy: 0.2000 - lr: 1.0000e-05
Epoch 10/25
4/4 [==============================] - 2s 629ms/step - loss: 5.1584 - accuracy: 0.3833 - val_loss: 4.7445 - val_accuracy: 0.2000 - lr: 1.0000e-05
Epoch 11/25
4/4 [==============================] - 2s 614ms/step - loss: 5.0102 - accuracy: 0.3500 - val_loss: 4.7437 - val_accuracy: 0.2000 - lr: 1.0000e-05
Epoch 12/25
4/4 [==============================] - 2s 398ms/step - loss: 5.4718 - accuracy: 0.3000 - val_loss: 4.7446 - val_accuracy: 0.2000 - lr: 5.0000e-06
Epoch 13/25
4/4 [==============================] - 2s 401ms/step - loss: 5.4096 - accuracy: 0.3667 - val_loss: 4.7459 - val_accuracy: 0.2000 - lr: 2.5000e-06
Epoch 14/25
4/4 [==============================] - 2s 407ms/step - loss: 4.6461 - accuracy: 0.5333 - val_loss: 4.7466 - val_accuracy: 0.2000 - lr: 1.2500e-06
Epoch 15/25
4/4 [==============================] - 2s 425ms/step - loss: 5.1287 - accuracy: 0.3333 - val_loss: 4.7473 - val_accuracy: 0.2000 - lr: 6.2500e-07
Epoch 16/25
4/4 [==============================] - 2s 432ms/step - loss: 5.1460 - accuracy: 0.3167 - val_loss: 4.7479 - val_accuracy: 0.2000 - lr: 3.1250e-07
Epoch 17/25
4/4 [==============================] - 2s 400ms/step - loss: 5.2493 - accuracy: 0.3667 - val_loss: 4.7497 - val_accuracy: 0.2000 - lr: 1.5625e-07
Epoch 18/25
4/4 [==============================] - 2s 409ms/step - loss: 5.2213 - accuracy: 0.3500 - val_loss: 4.7516 - val_accuracy: 0.2000 - lr: 7.8125e-08
Epoch 19/25
4/4 [==============================] - 2s 411ms/step - loss: 5.3262 - accuracy: 0.3500 - val_loss: 4.7536 - val_accuracy: 0.2000 - lr: 3.9062e-08
1/1 [==============================] - 0s 122ms/step - loss: 4.6763 - accuracy: 0.2857
Found 60 images belonging to 6 classes.
Found 5 images belonging to 6 classes.
Found 7 images belonging to 6 classes.
Epoch 1/20
4/4 [==============================] - ETA: 0s - loss: 6.4926 - accuracy: 0.1667C:\Users\tom.zbc\PycharmProjects\fungis_bacterias_project\.venv\lib\site-packages\keras\src\engine\training.py:3000: UserWarning: You are saving your model as an HDF5 file via `model.save()`. This file format is considered legacy. We recommend using instead the native Keras format, e.g. `model.save('my_model.keras')`.
  saving_api.save_model(
4/4 [==============================] - 3s 681ms/step - loss: 6.4926 - accuracy: 0.1667 - val_loss: 4.7806 - val_accuracy: 0.2000 - lr: 1.0000e-05
Epoch 2/20
4/4 [==============================] - 2s 631ms/step - loss: 6.7918 - accuracy: 0.2667 - val_loss: 4.7750 - val_accuracy: 0.4000 - lr: 1.0000e-05
Epoch 3/20
4/4 [==============================] - 2s 412ms/step - loss: 6.1792 - accuracy: 0.3000 - val_loss: 4.7849 - val_accuracy: 0.4000 - lr: 1.0000e-05
Epoch 4/20
4/4 [==============================] - 2s 396ms/step - loss: 5.7170 - accuracy: 0.3333 - val_loss: 4.7851 - val_accuracy: 0.2000 - lr: 1.0000e-05
Epoch 5/20
4/4 [==============================] - 2s 413ms/step - loss: 5.8667 - accuracy: 0.3167 - val_loss: 4.7796 - val_accuracy: 0.2000 - lr: 1.0000e-05
Epoch 6/20
4/4 [==============================] - 2s 649ms/step - loss: 6.5637 - accuracy: 0.2667 - val_loss: 4.7745 - val_accuracy: 0.4000 - lr: 1.0000e-05
Epoch 7/20
4/4 [==============================] - 2s 625ms/step - loss: 5.9881 - accuracy: 0.1667 - val_loss: 4.7682 - val_accuracy: 0.2000 - lr: 1.0000e-05
Epoch 8/20
4/4 [==============================] - 2s 621ms/step - loss: 6.0214 - accuracy: 0.3333 - val_loss: 4.7599 - val_accuracy: 0.2000 - lr: 1.0000e-05
Epoch 9/20
4/4 [==============================] - 2s 598ms/step - loss: 4.9444 - accuracy: 0.3833 - val_loss: 4.7567 - val_accuracy: 0.4000 - lr: 1.0000e-05
Epoch 10/20
4/4 [==============================] - 2s 632ms/step - loss: 5.8389 - accuracy: 0.3000 - val_loss: 4.7488 - val_accuracy: 0.2000 - lr: 1.0000e-05
Epoch 11/20
4/4 [==============================] - 2s 622ms/step - loss: 5.2035 - accuracy: 0.4167 - val_loss: 4.7372 - val_accuracy: 0.2000 - lr: 1.0000e-05
Epoch 12/20
4/4 [==============================] - 2s 635ms/step - loss: 5.4594 - accuracy: 0.3167 - val_loss: 4.7297 - val_accuracy: 0.2000 - lr: 5.0000e-06
Epoch 13/20
4/4 [==============================] - 2s 615ms/step - loss: 5.0648 - accuracy: 0.4667 - val_loss: 4.7243 - val_accuracy: 0.2000 - lr: 2.5000e-06
Epoch 14/20
4/4 [==============================] - 2s 671ms/step - loss: 5.2141 - accuracy: 0.3667 - val_loss: 4.7207 - val_accuracy: 0.2000 - lr: 1.2500e-06
Epoch 15/20
4/4 [==============================] - 2s 672ms/step - loss: 5.4855 - accuracy: 0.3667 - val_loss: 4.7185 - val_accuracy: 0.2000 - lr: 6.2500e-07
Epoch 16/20
4/4 [==============================] - 2s 624ms/step - loss: 4.9519 - accuracy: 0.4500 - val_loss: 4.7173 - val_accuracy: 0.2000 - lr: 3.1250e-07
Epoch 17/20
4/4 [==============================] - 2s 622ms/step - loss: 4.8959 - accuracy: 0.4333 - val_loss: 4.7162 - val_accuracy: 0.2000 - lr: 1.5625e-07
Epoch 18/20
4/4 [==============================] - 2s 643ms/step - loss: 5.2555 - accuracy: 0.3500 - val_loss: 4.7158 - val_accuracy: 0.2000 - lr: 7.8125e-08
Epoch 19/20
4/4 [==============================] - 2s 635ms/step - loss: 5.1323 - accuracy: 0.4500 - val_loss: 4.7154 - val_accuracy: 0.2000 - lr: 3.9062e-08
Epoch 20/20
4/4 [==============================] - 2s 614ms/step - loss: 5.3063 - accuracy: 0.4000 - val_loss: 4.7152 - val_accuracy: 0.2000 - lr: 1.9531e-08
1/1 [==============================] - 0s 122ms/step - loss: 4.7552 - accuracy: 0.1429
Found 60 images belonging to 6 classes.
Found 5 images belonging to 6 classes.
Found 7 images belonging to 6 classes.
Epoch 1/25
4/4 [==============================] - ETA: 0s - loss: 6.7978 - accuracy: 0.1667C:\Users\tom.zbc\PycharmProjects\fungis_bacterias_project\.venv\lib\site-packages\keras\src\engine\training.py:3000: UserWarning: You are saving your model as an HDF5 file via `model.save()`. This file format is considered legacy. We recommend using instead the native Keras format, e.g. `model.save('my_model.keras')`.
  saving_api.save_model(
4/4 [==============================] - 3s 665ms/step - loss: 6.7978 - accuracy: 0.1667 - val_loss: 4.7519 - val_accuracy: 0.4000 - lr: 1.0000e-05
Epoch 2/25
4/4 [==============================] - 2s 607ms/step - loss: 6.7678 - accuracy: 0.1500 - val_loss: 4.7470 - val_accuracy: 0.8000 - lr: 1.0000e-05
Epoch 3/25
4/4 [==============================] - 2s 408ms/step - loss: 6.0686 - accuracy: 0.3167 - val_loss: 4.7544 - val_accuracy: 0.4000 - lr: 1.0000e-05
Epoch 4/25
4/4 [==============================] - 2s 397ms/step - loss: 6.2503 - accuracy: 0.3333 - val_loss: 4.7599 - val_accuracy: 0.4000 - lr: 1.0000e-05
Epoch 5/25
4/4 [==============================] - 2s 404ms/step - loss: 5.8287 - accuracy: 0.3833 - val_loss: 4.7589 - val_accuracy: 0.4000 - lr: 1.0000e-05
Epoch 6/25
4/4 [==============================] - 2s 409ms/step - loss: 5.7407 - accuracy: 0.3333 - val_loss: 4.7604 - val_accuracy: 0.2000 - lr: 1.0000e-05
Epoch 7/25
4/4 [==============================] - 2s 392ms/step - loss: 5.5052 - accuracy: 0.3833 - val_loss: 4.7523 - val_accuracy: 0.2000 - lr: 1.0000e-05
Epoch 8/25
4/4 [==============================] - 2s 622ms/step - loss: 5.9744 - accuracy: 0.3500 - val_loss: 4.7412 - val_accuracy: 0.2000 - lr: 1.0000e-05
Epoch 9/25
4/4 [==============================] - 2s 628ms/step - loss: 5.2650 - accuracy: 0.3333 - val_loss: 4.7351 - val_accuracy: 0.4000 - lr: 1.0000e-05
Epoch 10/25
4/4 [==============================] - 2s 401ms/step - loss: 5.2772 - accuracy: 0.3500 - val_loss: 4.7371 - val_accuracy: 0.4000 - lr: 1.0000e-05
Epoch 11/25
4/4 [==============================] - 2s 412ms/step - loss: 5.7856 - accuracy: 0.3167 - val_loss: 4.7394 - val_accuracy: 0.4000 - lr: 1.0000e-05
Epoch 12/25
4/4 [==============================] - 2s 403ms/step - loss: 5.1201 - accuracy: 0.4333 - val_loss: 4.7392 - val_accuracy: 0.4000 - lr: 5.0000e-06
Epoch 13/25
4/4 [==============================] - 2s 409ms/step - loss: 5.5784 - accuracy: 0.4500 - val_loss: 4.7361 - val_accuracy: 0.4000 - lr: 2.5000e-06
Epoch 14/25
4/4 [==============================] - 2s 607ms/step - loss: 5.0506 - accuracy: 0.4000 - val_loss: 4.7330 - val_accuracy: 0.4000 - lr: 1.2500e-06
Epoch 15/25
4/4 [==============================] - 2s 612ms/step - loss: 5.1221 - accuracy: 0.4500 - val_loss: 4.7306 - val_accuracy: 0.4000 - lr: 6.2500e-07
Epoch 16/25
4/4 [==============================] - 2s 623ms/step - loss: 5.0756 - accuracy: 0.4167 - val_loss: 4.7287 - val_accuracy: 0.4000 - lr: 3.1250e-07
Epoch 17/25
4/4 [==============================] - 2s 628ms/step - loss: 4.9642 - accuracy: 0.4667 - val_loss: 4.7269 - val_accuracy: 0.4000 - lr: 1.5625e-07
Epoch 18/25
4/4 [==============================] - 2s 617ms/step - loss: 5.1637 - accuracy: 0.3500 - val_loss: 4.7251 - val_accuracy: 0.4000 - lr: 7.8125e-08
Epoch 19/25
4/4 [==============================] - 2s 675ms/step - loss: 4.9132 - accuracy: 0.4167 - val_loss: 4.7237 - val_accuracy: 0.4000 - lr: 3.9062e-08
Epoch 20/25
4/4 [==============================] - 3s 781ms/step - loss: 5.0979 - accuracy: 0.3833 - val_loss: 4.7226 - val_accuracy: 0.4000 - lr: 1.9531e-08
Epoch 21/25
4/4 [==============================] - 4s 1s/step - loss: 5.5257 - accuracy: 0.2833 - val_loss: 4.7212 - val_accuracy: 0.4000 - lr: 9.7656e-09
Epoch 22/25
4/4 [==============================] - 4s 1s/step - loss: 5.1195 - accuracy: 0.4167 - val_loss: 4.7200 - val_accuracy: 0.4000 - lr: 4.8828e-09
Epoch 23/25
4/4 [==============================] - 4s 997ms/step - loss: 5.3779 - accuracy: 0.3167 - val_loss: 4.7188 - val_accuracy: 0.4000 - lr: 2.4414e-09
Epoch 24/25
4/4 [==============================] - 4s 999ms/step - loss: 5.0519 - accuracy: 0.3833 - val_loss: 4.7178 - val_accuracy: 0.4000 - lr: 1.2207e-09
Epoch 25/25
4/4 [==============================] - 4s 1s/step - loss: 5.2336 - accuracy: 0.3500 - val_loss: 4.7171 - val_accuracy: 0.4000 - lr: 6.1035e-10
1/1 [==============================] - 0s 150ms/step - loss: 4.8456 - accuracy: 0.2857
Found 60 images belonging to 6 classes.
Found 5 images belonging to 6 classes.
Found 7 images belonging to 6 classes.
Epoch 1/20
4/4 [==============================] - ETA: 0s - loss: 7.2200 - accuracy: 0.2000C:\Users\tom.zbc\PycharmProjects\fungis_bacterias_project\.venv\lib\site-packages\keras\src\engine\training.py:3000: UserWarning: You are saving your model as an HDF5 file via `model.save()`. This file format is considered legacy. We recommend using instead the native Keras format, e.g. `model.save('my_model.keras')`.
  saving_api.save_model(
4/4 [==============================] - 4s 1s/step - loss: 7.2200 - accuracy: 0.2000 - val_loss: 4.8290 - val_accuracy: 0.0000e+00 - lr: 1.0000e-05
Epoch 2/20
4/4 [==============================] - 3s 704ms/step - loss: 6.4546 - accuracy: 0.2167 - val_loss: 4.8410 - val_accuracy: 0.0000e+00 - lr: 1.0000e-05
Epoch 3/20
4/4 [==============================] - 3s 700ms/step - loss: 5.9481 - accuracy: 0.3667 - val_loss: 4.8309 - val_accuracy: 0.2000 - lr: 1.0000e-05
Epoch 4/20
4/4 [==============================] - 4s 1s/step - loss: 6.3322 - accuracy: 0.3167 - val_loss: 4.8048 - val_accuracy: 0.4000 - lr: 1.0000e-05
Epoch 5/20
4/4 [==============================] - 3s 933ms/step - loss: 6.0870 - accuracy: 0.3833 - val_loss: 4.7743 - val_accuracy: 0.4000 - lr: 1.0000e-05
Epoch 6/20
4/4 [==============================] - 3s 991ms/step - loss: 5.6422 - accuracy: 0.4167 - val_loss: 4.7550 - val_accuracy: 0.4000 - lr: 1.0000e-05
Epoch 7/20
4/4 [==============================] - 3s 888ms/step - loss: 5.5174 - accuracy: 0.3500 - val_loss: 4.7397 - val_accuracy: 0.4000 - lr: 1.0000e-05
Epoch 8/20
4/4 [==============================] - 3s 834ms/step - loss: 5.8168 - accuracy: 0.4000 - val_loss: 4.7346 - val_accuracy: 0.4000 - lr: 1.0000e-05
Epoch 9/20
4/4 [==============================] - 2s 614ms/step - loss: 5.6201 - accuracy: 0.3667 - val_loss: 4.7355 - val_accuracy: 0.4000 - lr: 1.0000e-05
Epoch 10/20
4/4 [==============================] - 2s 601ms/step - loss: 5.8991 - accuracy: 0.3000 - val_loss: 4.7370 - val_accuracy: 0.4000 - lr: 1.0000e-05
Epoch 11/20
4/4 [==============================] - 2s 533ms/step - loss: 5.5879 - accuracy: 0.2833 - val_loss: 4.7391 - val_accuracy: 0.4000 - lr: 1.0000e-05
Epoch 12/20
4/4 [==============================] - 2s 517ms/step - loss: 5.2401 - accuracy: 0.3333 - val_loss: 4.7354 - val_accuracy: 0.4000 - lr: 5.0000e-06
Epoch 13/20
4/4 [==============================] - 3s 770ms/step - loss: 5.0541 - accuracy: 0.3500 - val_loss: 4.7302 - val_accuracy: 0.4000 - lr: 2.5000e-06
Epoch 14/20
4/4 [==============================] - 3s 713ms/step - loss: 5.1143 - accuracy: 0.4000 - val_loss: 4.7261 - val_accuracy: 0.4000 - lr: 1.2500e-06
Epoch 15/20
4/4 [==============================] - 3s 710ms/step - loss: 5.1834 - accuracy: 0.4500 - val_loss: 4.7230 - val_accuracy: 0.4000 - lr: 6.2500e-07
Epoch 16/20
4/4 [==============================] - 3s 696ms/step - loss: 5.2319 - accuracy: 0.3167 - val_loss: 4.7206 - val_accuracy: 0.4000 - lr: 3.1250e-07
Epoch 17/20
4/4 [==============================] - 3s 690ms/step - loss: 4.8610 - accuracy: 0.4833 - val_loss: 4.7177 - val_accuracy: 0.4000 - lr: 1.5625e-07
Epoch 18/20
4/4 [==============================] - 3s 687ms/step - loss: 4.6631 - accuracy: 0.3833 - val_loss: 4.7156 - val_accuracy: 0.4000 - lr: 7.8125e-08
Epoch 19/20
4/4 [==============================] - 3s 720ms/step - loss: 5.4316 - accuracy: 0.4000 - val_loss: 4.7136 - val_accuracy: 0.4000 - lr: 3.9062e-08
Epoch 20/20
4/4 [==============================] - 2s 650ms/step - loss: 4.9721 - accuracy: 0.4333 - val_loss: 4.7116 - val_accuracy: 0.4000 - lr: 1.9531e-08
1/1 [==============================] - 0s 120ms/step - loss: 4.8647 - accuracy: 0.1429
Found 60 images belonging to 6 classes.
Found 5 images belonging to 6 classes.
Found 7 images belonging to 6 classes.
Epoch 1/25
4/4 [==============================] - ETA: 0s - loss: 6.6614 - accuracy: 0.2333C:\Users\tom.zbc\PycharmProjects\fungis_bacterias_project\.venv\lib\site-packages\keras\src\engine\training.py:3000: UserWarning: You are saving your model as an HDF5 file via `model.save()`. This file format is considered legacy. We recommend using instead the native Keras format, e.g. `model.save('my_model.keras')`.
  saving_api.save_model(
4/4 [==============================] - 3s 695ms/step - loss: 6.6614 - accuracy: 0.2333 - val_loss: 4.8333 - val_accuracy: 0.0000e+00 - lr: 1.0000e-05
Epoch 2/25
4/4 [==============================] - 2s 660ms/step - loss: 6.5084 - accuracy: 0.1500 - val_loss: 4.8293 - val_accuracy: 0.0000e+00 - lr: 1.0000e-05
Epoch 3/25
4/4 [==============================] - 2s 630ms/step - loss: 6.2282 - accuracy: 0.2500 - val_loss: 4.8073 - val_accuracy: 0.2000 - lr: 1.0000e-05
Epoch 4/25
4/4 [==============================] - 2s 638ms/step - loss: 6.8663 - accuracy: 0.2500 - val_loss: 4.7829 - val_accuracy: 0.2000 - lr: 1.0000e-05
Epoch 5/25
4/4 [==============================] - 2s 617ms/step - loss: 6.2009 - accuracy: 0.2833 - val_loss: 4.7619 - val_accuracy: 0.2000 - lr: 1.0000e-05
Epoch 6/25
4/4 [==============================] - 3s 673ms/step - loss: 6.0686 - accuracy: 0.4167 - val_loss: 4.7379 - val_accuracy: 0.2000 - lr: 1.0000e-05
Epoch 7/25
4/4 [==============================] - 2s 608ms/step - loss: 5.9638 - accuracy: 0.2833 - val_loss: 4.7187 - val_accuracy: 0.2000 - lr: 1.0000e-05
Epoch 8/25
4/4 [==============================] - 2s 619ms/step - loss: 6.2026 - accuracy: 0.2833 - val_loss: 4.7031 - val_accuracy: 0.2000 - lr: 1.0000e-05
Epoch 9/25
4/4 [==============================] - 2s 616ms/step - loss: 5.4948 - accuracy: 0.4167 - val_loss: 4.6843 - val_accuracy: 0.2000 - lr: 1.0000e-05
Epoch 10/25
4/4 [==============================] - 2s 605ms/step - loss: 5.5301 - accuracy: 0.2833 - val_loss: 4.6640 - val_accuracy: 0.2000 - lr: 1.0000e-05
Epoch 11/25
4/4 [==============================] - 2s 606ms/step - loss: 5.6286 - accuracy: 0.3000 - val_loss: 4.6451 - val_accuracy: 0.2000 - lr: 1.0000e-05
Epoch 12/25
4/4 [==============================] - 2s 649ms/step - loss: 5.2736 - accuracy: 0.4000 - val_loss: 4.6307 - val_accuracy: 0.2000 - lr: 5.0000e-06
Epoch 13/25
4/4 [==============================] - 2s 655ms/step - loss: 5.0265 - accuracy: 0.4500 - val_loss: 4.6185 - val_accuracy: 0.2000 - lr: 2.5000e-06
Epoch 14/25
4/4 [==============================] - 2s 623ms/step - loss: 5.3996 - accuracy: 0.3000 - val_loss: 4.6059 - val_accuracy: 0.2000 - lr: 1.2500e-06
Epoch 15/25
4/4 [==============================] - 2s 660ms/step - loss: 5.2590 - accuracy: 0.4000 - val_loss: 4.5951 - val_accuracy: 0.2000 - lr: 6.2500e-07
Epoch 16/25
4/4 [==============================] - 3s 667ms/step - loss: 4.6354 - accuracy: 0.5500 - val_loss: 4.5852 - val_accuracy: 0.2000 - lr: 3.1250e-07
Epoch 17/25
4/4 [==============================] - 2s 630ms/step - loss: 5.3012 - accuracy: 0.3500 - val_loss: 4.5760 - val_accuracy: 0.2000 - lr: 1.5625e-07
Epoch 18/25
4/4 [==============================] - 2s 619ms/step - loss: 5.8153 - accuracy: 0.2833 - val_loss: 4.5675 - val_accuracy: 0.2000 - lr: 7.8125e-08
Epoch 19/25
4/4 [==============================] - 2s 593ms/step - loss: 4.9601 - accuracy: 0.4500 - val_loss: 4.5594 - val_accuracy: 0.2000 - lr: 3.9062e-08
Epoch 20/25
4/4 [==============================] - 2s 636ms/step - loss: 5.0171 - accuracy: 0.3667 - val_loss: 4.5523 - val_accuracy: 0.2000 - lr: 1.9531e-08
Epoch 21/25
4/4 [==============================] - 2s 636ms/step - loss: 5.4136 - accuracy: 0.4333 - val_loss: 4.5459 - val_accuracy: 0.2000 - lr: 9.7656e-09
Epoch 22/25
4/4 [==============================] - 2s 647ms/step - loss: 4.8823 - accuracy: 0.4167 - val_loss: 4.5400 - val_accuracy: 0.2000 - lr: 4.8828e-09
Epoch 23/25
4/4 [==============================] - 2s 627ms/step - loss: 5.4122 - accuracy: 0.4000 - val_loss: 4.5347 - val_accuracy: 0.2000 - lr: 2.4414e-09
Epoch 24/25
4/4 [==============================] - 2s 645ms/step - loss: 6.0118 - accuracy: 0.2500 - val_loss: 4.5301 - val_accuracy: 0.2000 - lr: 1.2207e-09
Epoch 25/25
4/4 [==============================] - 2s 641ms/step - loss: 5.4115 - accuracy: 0.3167 - val_loss: 4.5257 - val_accuracy: 0.2000 - lr: 6.1035e-10
1/1 [==============================] - 0s 119ms/step - loss: 4.6497 - accuracy: 0.1429
Found 60 images belonging to 6 classes.
Found 5 images belonging to 6 classes.
Found 7 images belonging to 6 classes.
Epoch 1/20
4/4 [==============================] - ETA: 0s - loss: 6.8680 - accuracy: 0.2167C:\Users\tom.zbc\PycharmProjects\fungis_bacterias_project\.venv\lib\site-packages\keras\src\engine\training.py:3000: UserWarning: You are saving your model as an HDF5 file via `model.save()`. This file format is considered legacy. We recommend using instead the native Keras format, e.g. `model.save('my_model.keras')`.
  saving_api.save_model(
4/4 [==============================] - 2s 430ms/step - loss: 6.8680 - accuracy: 0.2167 - val_loss: 4.5368 - val_accuracy: 0.2000 - lr: 1.0000e-05
Epoch 2/20
4/4 [==============================] - 1s 261ms/step - loss: 6.9722 - accuracy: 0.2000 - val_loss: 4.5397 - val_accuracy: 0.4000 - lr: 1.0000e-05
Epoch 3/20
4/4 [==============================] - 1s 281ms/step - loss: 6.7006 - accuracy: 0.1500 - val_loss: 4.5439 - val_accuracy: 0.2000 - lr: 1.0000e-05
Epoch 4/20
4/4 [==============================] - 1s 279ms/step - loss: 7.1559 - accuracy: 0.1500 - val_loss: 4.5482 - val_accuracy: 0.0000e+00 - lr: 1.0000e-05
Epoch 5/20
4/4 [==============================] - 1s 275ms/step - loss: 6.1105 - accuracy: 0.2667 - val_loss: 4.5467 - val_accuracy: 0.4000 - lr: 1.0000e-05
Epoch 6/20
4/4 [==============================] - 1s 297ms/step - loss: 6.2085 - accuracy: 0.2833 - val_loss: 4.5435 - val_accuracy: 0.4000 - lr: 1.0000e-05
Epoch 7/20
4/4 [==============================] - 1s 279ms/step - loss: 6.3636 - accuracy: 0.2333 - val_loss: 4.5369 - val_accuracy: 0.4000 - lr: 2.0000e-06
Epoch 8/20
4/4 [==============================] - 1s 289ms/step - loss: 6.7162 - accuracy: 0.2167 - val_loss: 4.5372 - val_accuracy: 0.4000 - lr: 2.0000e-06
Epoch 9/20
4/4 [==============================] - 1s 386ms/step - loss: 6.3666 - accuracy: 0.2333 - val_loss: 4.5367 - val_accuracy: 0.4000 - lr: 2.0000e-06
Epoch 10/20
4/4 [==============================] - 2s 385ms/step - loss: 6.1168 - accuracy: 0.2500 - val_loss: 4.5350 - val_accuracy: 0.4000 - lr: 2.0000e-06
Epoch 11/20
4/4 [==============================] - 1s 372ms/step - loss: 6.4072 - accuracy: 0.2500 - val_loss: 4.5325 - val_accuracy: 0.4000 - lr: 2.0000e-06
Epoch 12/20
4/4 [==============================] - 2s 405ms/step - loss: 6.8473 - accuracy: 0.2000 - val_loss: 4.5297 - val_accuracy: 0.4000 - lr: 1.0000e-06
Epoch 13/20
4/4 [==============================] - 1s 395ms/step - loss: 5.4282 - accuracy: 0.3500 - val_loss: 4.5276 - val_accuracy: 0.2000 - lr: 5.0000e-07
Epoch 14/20
4/4 [==============================] - 2s 383ms/step - loss: 5.6359 - accuracy: 0.3000 - val_loss: 4.5256 - val_accuracy: 0.4000 - lr: 2.5000e-07
Epoch 15/20
4/4 [==============================] - 1s 385ms/step - loss: 5.5452 - accuracy: 0.3500 - val_loss: 4.5235 - val_accuracy: 0.4000 - lr: 1.2500e-07
Epoch 16/20
4/4 [==============================] - 2s 391ms/step - loss: 5.8419 - accuracy: 0.2167 - val_loss: 4.5212 - val_accuracy: 0.4000 - lr: 6.2500e-08
Epoch 17/20
4/4 [==============================] - 1s 354ms/step - loss: 6.3584 - accuracy: 0.1833 - val_loss: 4.5190 - val_accuracy: 0.4000 - lr: 3.1250e-08
Epoch 18/20
4/4 [==============================] - 1s 372ms/step - loss: 5.9154 - accuracy: 0.2500 - val_loss: 4.5169 - val_accuracy: 0.4000 - lr: 1.5625e-08
Epoch 19/20
4/4 [==============================] - 2s 382ms/step - loss: 7.3054 - accuracy: 0.1500 - val_loss: 4.5145 - val_accuracy: 0.4000 - lr: 7.8125e-09
Epoch 20/20
4/4 [==============================] - 2s 410ms/step - loss: 5.9292 - accuracy: 0.1833 - val_loss: 4.5121 - val_accuracy: 0.4000 - lr: 3.9062e-09
1/1 [==============================] - 0s 101ms/step - loss: 4.5980 - accuracy: 0.1429
Found 60 images belonging to 6 classes.
Found 5 images belonging to 6 classes.
Found 7 images belonging to 6 classes.
Epoch 1/25
4/4 [==============================] - ETA: 0s - loss: 6.9941 - accuracy: 0.2000C:\Users\tom.zbc\PycharmProjects\fungis_bacterias_project\.venv\lib\site-packages\keras\src\engine\training.py:3000: UserWarning: You are saving your model as an HDF5 file via `model.save()`. This file format is considered legacy. We recommend using instead the native Keras format, e.g. `model.save('my_model.keras')`.
  saving_api.save_model(
4/4 [==============================] - 2s 455ms/step - loss: 6.9941 - accuracy: 0.2000 - val_loss: 4.6214 - val_accuracy: 0.2000 - lr: 1.0000e-05
Epoch 2/25
4/4 [==============================] - 1s 369ms/step - loss: 6.8799 - accuracy: 0.2000 - val_loss: 4.5884 - val_accuracy: 0.2000 - lr: 1.0000e-05
Epoch 3/25
4/4 [==============================] - 1s 365ms/step - loss: 7.0743 - accuracy: 0.2167 - val_loss: 4.5672 - val_accuracy: 0.0000e+00 - lr: 1.0000e-05
Epoch 4/25
4/4 [==============================] - 1s 392ms/step - loss: 6.4743 - accuracy: 0.2333 - val_loss: 4.5599 - val_accuracy: 0.2000 - lr: 1.0000e-05
Epoch 5/25
4/4 [==============================] - 1s 381ms/step - loss: 7.0192 - accuracy: 0.2000 - val_loss: 4.5490 - val_accuracy: 0.2000 - lr: 1.0000e-05
Epoch 6/25
4/4 [==============================] - 2s 383ms/step - loss: 6.7117 - accuracy: 0.2333 - val_loss: 4.5350 - val_accuracy: 0.2000 - lr: 1.0000e-05
Epoch 7/25
4/4 [==============================] - 2s 393ms/step - loss: 6.1674 - accuracy: 0.3000 - val_loss: 4.5128 - val_accuracy: 0.4000 - lr: 1.0000e-05
Epoch 8/25
4/4 [==============================] - 1s 357ms/step - loss: 6.1429 - accuracy: 0.2167 - val_loss: 4.4921 - val_accuracy: 0.4000 - lr: 1.0000e-05
Epoch 9/25
4/4 [==============================] - 2s 401ms/step - loss: 5.6245 - accuracy: 0.3167 - val_loss: 4.4705 - val_accuracy: 0.4000 - lr: 1.0000e-05
Epoch 10/25
4/4 [==============================] - 2s 427ms/step - loss: 6.2309 - accuracy: 0.1500 - val_loss: 4.4531 - val_accuracy: 0.4000 - lr: 1.0000e-05
Epoch 11/25
4/4 [==============================] - 2s 402ms/step - loss: 5.4215 - accuracy: 0.3500 - val_loss: 4.4420 - val_accuracy: 0.4000 - lr: 1.0000e-05
Epoch 12/25
4/4 [==============================] - 1s 396ms/step - loss: 5.6460 - accuracy: 0.2667 - val_loss: 4.4308 - val_accuracy: 0.4000 - lr: 5.0000e-06
Epoch 13/25
4/4 [==============================] - 2s 392ms/step - loss: 5.1681 - accuracy: 0.3333 - val_loss: 4.4210 - val_accuracy: 0.4000 - lr: 2.5000e-06
Epoch 14/25
4/4 [==============================] - 1s 371ms/step - loss: 4.8366 - accuracy: 0.3833 - val_loss: 4.4125 - val_accuracy: 0.4000 - lr: 1.2500e-06
Epoch 15/25
4/4 [==============================] - 2s 384ms/step - loss: 5.4190 - accuracy: 0.3833 - val_loss: 4.4046 - val_accuracy: 0.4000 - lr: 6.2500e-07
Epoch 16/25
4/4 [==============================] - 1s 380ms/step - loss: 5.8648 - accuracy: 0.3167 - val_loss: 4.3967 - val_accuracy: 0.4000 - lr: 3.1250e-07
Epoch 17/25
4/4 [==============================] - 1s 371ms/step - loss: 6.4539 - accuracy: 0.2333 - val_loss: 4.3890 - val_accuracy: 0.4000 - lr: 1.5625e-07
Epoch 18/25
4/4 [==============================] - 1s 375ms/step - loss: 5.6432 - accuracy: 0.3500 - val_loss: 4.3811 - val_accuracy: 0.4000 - lr: 7.8125e-08
Epoch 19/25
4/4 [==============================] - 2s 388ms/step - loss: 5.8287 - accuracy: 0.3833 - val_loss: 4.3733 - val_accuracy: 0.4000 - lr: 3.9062e-08
Epoch 20/25
4/4 [==============================] - 2s 389ms/step - loss: 5.5326 - accuracy: 0.3000 - val_loss: 4.3656 - val_accuracy: 0.2000 - lr: 1.9531e-08
Epoch 21/25
4/4 [==============================] - 1s 371ms/step - loss: 5.3865 - accuracy: 0.2833 - val_loss: 4.3586 - val_accuracy: 0.2000 - lr: 9.7656e-09
Epoch 22/25
4/4 [==============================] - 1s 364ms/step - loss: 5.5660 - accuracy: 0.3167 - val_loss: 4.3518 - val_accuracy: 0.2000 - lr: 4.8828e-09
Epoch 23/25
4/4 [==============================] - 2s 407ms/step - loss: 5.7056 - accuracy: 0.3000 - val_loss: 4.3455 - val_accuracy: 0.2000 - lr: 2.4414e-09
Epoch 24/25
4/4 [==============================] - 1s 401ms/step - loss: 5.4044 - accuracy: 0.4333 - val_loss: 4.3399 - val_accuracy: 0.2000 - lr: 1.2207e-09
Epoch 25/25
4/4 [==============================] - 1s 402ms/step - loss: 5.4605 - accuracy: 0.2833 - val_loss: 4.3346 - val_accuracy: 0.2000 - lr: 6.1035e-10
1/1 [==============================] - 0s 103ms/step - loss: 4.3518 - accuracy: 0.2857
Found 60 images belonging to 6 classes.
Found 5 images belonging to 6 classes.
Found 7 images belonging to 6 classes.
Epoch 1/20
4/4 [==============================] - ETA: 0s - loss: 7.0547 - accuracy: 0.2000C:\Users\tom.zbc\PycharmProjects\fungis_bacterias_project\.venv\lib\site-packages\keras\src\engine\training.py:3000: UserWarning: You are saving your model as an HDF5 file via `model.save()`. This file format is considered legacy. We recommend using instead the native Keras format, e.g. `model.save('my_model.keras')`.
  saving_api.save_model(
4/4 [==============================] - 2s 417ms/step - loss: 7.0547 - accuracy: 0.2000 - val_loss: 4.6076 - val_accuracy: 0.0000e+00 - lr: 1.0000e-05
Epoch 2/20
4/4 [==============================] - 1s 386ms/step - loss: 6.5231 - accuracy: 0.2500 - val_loss: 4.5808 - val_accuracy: 0.0000e+00 - lr: 1.0000e-05
Epoch 3/20
4/4 [==============================] - 1s 366ms/step - loss: 6.2802 - accuracy: 0.2500 - val_loss: 4.5605 - val_accuracy: 0.4000 - lr: 1.0000e-05
Epoch 4/20
4/4 [==============================] - 1s 299ms/step - loss: 6.4966 - accuracy: 0.2333 - val_loss: 4.5608 - val_accuracy: 0.4000 - lr: 1.0000e-05
Epoch 5/20
4/4 [==============================] - 1s 271ms/step - loss: 5.6854 - accuracy: 0.3167 - val_loss: 4.5634 - val_accuracy: 0.6000 - lr: 1.0000e-05
Epoch 6/20
4/4 [==============================] - 1s 269ms/step - loss: 6.3741 - accuracy: 0.2833 - val_loss: 4.5698 - val_accuracy: 0.4000 - lr: 1.0000e-05
Epoch 7/20
4/4 [==============================] - 1s 277ms/step - loss: 6.1828 - accuracy: 0.3000 - val_loss: 4.5784 - val_accuracy: 0.4000 - lr: 1.0000e-05
Epoch 8/20
4/4 [==============================] - 1s 267ms/step - loss: 6.2313 - accuracy: 0.3333 - val_loss: 4.5792 - val_accuracy: 0.4000 - lr: 1.0000e-05
Epoch 9/20
4/4 [==============================] - 1s 300ms/step - loss: 6.3179 - accuracy: 0.2500 - val_loss: 4.5719 - val_accuracy: 0.4000 - lr: 2.0000e-06
Epoch 10/20
4/4 [==============================] - 1s 289ms/step - loss: 6.4619 - accuracy: 0.3000 - val_loss: 4.5720 - val_accuracy: 0.4000 - lr: 2.0000e-06
Epoch 11/20
4/4 [==============================] - 1s 280ms/step - loss: 5.9229 - accuracy: 0.3000 - val_loss: 4.5735 - val_accuracy: 0.4000 - lr: 2.0000e-06
1/1 [==============================] - 0s 101ms/step - loss: 4.5717 - accuracy: 0.1429
Found 60 images belonging to 6 classes.
Found 5 images belonging to 6 classes.
Found 7 images belonging to 6 classes.
Epoch 1/25
4/4 [==============================] - ETA: 0s - loss: 6.8347 - accuracy: 0.2167C:\Users\tom.zbc\PycharmProjects\fungis_bacterias_project\.venv\lib\site-packages\keras\src\engine\training.py:3000: UserWarning: You are saving your model as an HDF5 file via `model.save()`. This file format is considered legacy. We recommend using instead the native Keras format, e.g. `model.save('my_model.keras')`.
  saving_api.save_model(
4/4 [==============================] - 2s 415ms/step - loss: 6.8347 - accuracy: 0.2167 - val_loss: 4.5929 - val_accuracy: 0.2000 - lr: 1.0000e-05
Epoch 2/25
4/4 [==============================] - 1s 375ms/step - loss: 6.2861 - accuracy: 0.2000 - val_loss: 4.5872 - val_accuracy: 0.2000 - lr: 1.0000e-05
Epoch 3/25
4/4 [==============================] - 2s 405ms/step - loss: 6.4326 - accuracy: 0.1333 - val_loss: 4.5746 - val_accuracy: 0.2000 - lr: 1.0000e-05
Epoch 4/25
4/4 [==============================] - 1s 375ms/step - loss: 6.1004 - accuracy: 0.2333 - val_loss: 4.5609 - val_accuracy: 0.4000 - lr: 1.0000e-05
Epoch 5/25
4/4 [==============================] - 2s 382ms/step - loss: 6.6898 - accuracy: 0.2000 - val_loss: 4.5574 - val_accuracy: 0.4000 - lr: 1.0000e-05
Epoch 6/25
4/4 [==============================] - 1s 369ms/step - loss: 6.3589 - accuracy: 0.2667 - val_loss: 4.5556 - val_accuracy: 0.4000 - lr: 1.0000e-05
Epoch 7/25
4/4 [==============================] - 1s 373ms/step - loss: 5.8984 - accuracy: 0.2000 - val_loss: 4.5547 - val_accuracy: 0.4000 - lr: 1.0000e-05
Epoch 8/25
4/4 [==============================] - 1s 287ms/step - loss: 5.7563 - accuracy: 0.3500 - val_loss: 4.5575 - val_accuracy: 0.2000 - lr: 1.0000e-05
Epoch 9/25
4/4 [==============================] - 1s 262ms/step - loss: 5.9314 - accuracy: 0.2667 - val_loss: 4.5567 - val_accuracy: 0.2000 - lr: 1.0000e-05
Epoch 10/25
4/4 [==============================] - 1s 370ms/step - loss: 5.6266 - accuracy: 0.2500 - val_loss: 4.5530 - val_accuracy: 0.4000 - lr: 1.0000e-05
Epoch 11/25
4/4 [==============================] - 1s 369ms/step - loss: 5.6943 - accuracy: 0.2833 - val_loss: 4.5459 - val_accuracy: 0.4000 - lr: 1.0000e-05
Epoch 12/25
4/4 [==============================] - 1s 400ms/step - loss: 6.1876 - accuracy: 0.3167 - val_loss: 4.5382 - val_accuracy: 0.4000 - lr: 5.0000e-06
Epoch 13/25
4/4 [==============================] - 1s 374ms/step - loss: 5.3560 - accuracy: 0.3333 - val_loss: 4.5345 - val_accuracy: 0.4000 - lr: 2.5000e-06
Epoch 14/25
4/4 [==============================] - 1s 359ms/step - loss: 5.2867 - accuracy: 0.3333 - val_loss: 4.5313 - val_accuracy: 0.4000 - lr: 1.2500e-06
Epoch 15/25
4/4 [==============================] - 2s 367ms/step - loss: 5.8736 - accuracy: 0.2833 - val_loss: 4.5289 - val_accuracy: 0.4000 - lr: 6.2500e-07
Epoch 16/25
4/4 [==============================] - 1s 371ms/step - loss: 5.3797 - accuracy: 0.3167 - val_loss: 4.5263 - val_accuracy: 0.4000 - lr: 3.1250e-07
Epoch 17/25
4/4 [==============================] - 1s 395ms/step - loss: 5.1332 - accuracy: 0.4167 - val_loss: 4.5242 - val_accuracy: 0.4000 - lr: 1.5625e-07
Epoch 18/25
4/4 [==============================] - 1s 366ms/step - loss: 5.8650 - accuracy: 0.3000 - val_loss: 4.5222 - val_accuracy: 0.4000 - lr: 7.8125e-08
Epoch 19/25
4/4 [==============================] - 1s 365ms/step - loss: 5.6744 - accuracy: 0.3333 - val_loss: 4.5204 - val_accuracy: 0.4000 - lr: 3.9062e-08
Epoch 20/25
4/4 [==============================] - 1s 366ms/step - loss: 5.6322 - accuracy: 0.2500 - val_loss: 4.5185 - val_accuracy: 0.4000 - lr: 1.9531e-08
Epoch 21/25
4/4 [==============================] - 1s 379ms/step - loss: 5.2385 - accuracy: 0.3000 - val_loss: 4.5168 - val_accuracy: 0.4000 - lr: 9.7656e-09
Epoch 22/25
4/4 [==============================] - 2s 387ms/step - loss: 5.6448 - accuracy: 0.3167 - val_loss: 4.5151 - val_accuracy: 0.4000 - lr: 4.8828e-09
Epoch 23/25
4/4 [==============================] - 2s 390ms/step - loss: 5.6766 - accuracy: 0.3000 - val_loss: 4.5138 - val_accuracy: 0.4000 - lr: 2.4414e-09
Epoch 24/25
4/4 [==============================] - 1s 373ms/step - loss: 5.0996 - accuracy: 0.2833 - val_loss: 4.5124 - val_accuracy: 0.4000 - lr: 1.2207e-09
Epoch 25/25
4/4 [==============================] - 1s 365ms/step - loss: 5.8597 - accuracy: 0.3167 - val_loss: 4.5112 - val_accuracy: 0.4000 - lr: 6.1035e-10
1/1 [==============================] - 0s 104ms/step - loss: 4.6398 - accuracy: 0.1429
Found 60 images belonging to 6 classes.
Found 5 images belonging to 6 classes.
Found 7 images belonging to 6 classes.
Epoch 1/20
4/4 [==============================] - ETA: 0s - loss: 7.5596 - accuracy: 0.2333C:\Users\tom.zbc\PycharmProjects\fungis_bacterias_project\.venv\lib\site-packages\keras\src\engine\training.py:3000: UserWarning: You are saving your model as an HDF5 file via `model.save()`. This file format is considered legacy. We recommend using instead the native Keras format, e.g. `model.save('my_model.keras')`.
  saving_api.save_model(
4/4 [==============================] - 2s 419ms/step - loss: 7.5596 - accuracy: 0.2333 - val_loss: 4.5683 - val_accuracy: 0.6000 - lr: 1.0000e-05
Epoch 2/20
4/4 [==============================] - 1s 364ms/step - loss: 6.6298 - accuracy: 0.2500 - val_loss: 4.5604 - val_accuracy: 0.4000 - lr: 1.0000e-05
Epoch 3/20
4/4 [==============================] - 1s 364ms/step - loss: 7.0287 - accuracy: 0.1667 - val_loss: 4.5468 - val_accuracy: 0.4000 - lr: 1.0000e-05
Epoch 4/20
4/4 [==============================] - 2s 376ms/step - loss: 6.1976 - accuracy: 0.3333 - val_loss: 4.5344 - val_accuracy: 0.4000 - lr: 1.0000e-05
Epoch 5/20
4/4 [==============================] - 2s 424ms/step - loss: 5.7983 - accuracy: 0.3667 - val_loss: 4.5192 - val_accuracy: 0.6000 - lr: 1.0000e-05
Epoch 6/20
4/4 [==============================] - 1s 378ms/step - loss: 6.3115 - accuracy: 0.3167 - val_loss: 4.5012 - val_accuracy: 0.4000 - lr: 1.0000e-05
Epoch 7/20
4/4 [==============================] - 2s 412ms/step - loss: 6.1650 - accuracy: 0.2833 - val_loss: 4.4856 - val_accuracy: 0.6000 - lr: 1.0000e-05
Epoch 8/20
4/4 [==============================] - 1s 372ms/step - loss: 6.3803 - accuracy: 0.2667 - val_loss: 4.4739 - val_accuracy: 0.4000 - lr: 1.0000e-05
Epoch 9/20
4/4 [==============================] - 1s 401ms/step - loss: 5.2783 - accuracy: 0.3667 - val_loss: 4.4656 - val_accuracy: 0.4000 - lr: 1.0000e-05
Epoch 10/20
4/4 [==============================] - 1s 364ms/step - loss: 6.3046 - accuracy: 0.2500 - val_loss: 4.4571 - val_accuracy: 0.2000 - lr: 1.0000e-05
Epoch 11/20
4/4 [==============================] - 1s 398ms/step - loss: 6.0425 - accuracy: 0.3000 - val_loss: 4.4439 - val_accuracy: 0.2000 - lr: 1.0000e-05
Epoch 12/20
4/4 [==============================] - 1s 365ms/step - loss: 5.5232 - accuracy: 0.3167 - val_loss: 4.4331 - val_accuracy: 0.2000 - lr: 5.0000e-06
Epoch 13/20
4/4 [==============================] - 1s 368ms/step - loss: 6.5674 - accuracy: 0.2000 - val_loss: 4.4243 - val_accuracy: 0.2000 - lr: 2.5000e-06
Epoch 14/20
4/4 [==============================] - 1s 397ms/step - loss: 6.2720 - accuracy: 0.2167 - val_loss: 4.4165 - val_accuracy: 0.2000 - lr: 1.2500e-06
Epoch 15/20
4/4 [==============================] - 1s 368ms/step - loss: 5.3422 - accuracy: 0.3500 - val_loss: 4.4090 - val_accuracy: 0.2000 - lr: 6.2500e-07
Epoch 16/20
4/4 [==============================] - 1s 392ms/step - loss: 5.6674 - accuracy: 0.3167 - val_loss: 4.4019 - val_accuracy: 0.2000 - lr: 3.1250e-07
Epoch 17/20
4/4 [==============================] - 1s 363ms/step - loss: 5.5414 - accuracy: 0.3000 - val_loss: 4.3954 - val_accuracy: 0.2000 - lr: 1.5625e-07
Epoch 18/20
4/4 [==============================] - 1s 369ms/step - loss: 5.5298 - accuracy: 0.3833 - val_loss: 4.3892 - val_accuracy: 0.2000 - lr: 7.8125e-08
Epoch 19/20
4/4 [==============================] - 1s 407ms/step - loss: 5.5529 - accuracy: 0.3667 - val_loss: 4.3834 - val_accuracy: 0.2000 - lr: 3.9062e-08
Epoch 20/20
4/4 [==============================] - 1s 368ms/step - loss: 5.8200 - accuracy: 0.3667 - val_loss: 4.3781 - val_accuracy: 0.2000 - lr: 1.9531e-08
1/1 [==============================] - 0s 101ms/step - loss: 4.4504 - accuracy: 0.1429
Found 60 images belonging to 6 classes.
Found 5 images belonging to 6 classes.
Found 7 images belonging to 6 classes.
Epoch 1/25
4/4 [==============================] - ETA: 0s - loss: 7.3907 - accuracy: 0.1333C:\Users\tom.zbc\PycharmProjects\fungis_bacterias_project\.venv\lib\site-packages\keras\src\engine\training.py:3000: UserWarning: You are saving your model as an HDF5 file via `model.save()`. This file format is considered legacy. We recommend using instead the native Keras format, e.g. `model.save('my_model.keras')`.
  saving_api.save_model(
4/4 [==============================] - 2s 404ms/step - loss: 7.3907 - accuracy: 0.1333 - val_loss: 4.5805 - val_accuracy: 0.2000 - lr: 1.0000e-05
Epoch 2/25
4/4 [==============================] - 1s 264ms/step - loss: 7.7370 - accuracy: 0.1500 - val_loss: 4.5817 - val_accuracy: 0.2000 - lr: 1.0000e-05
Epoch 3/25
4/4 [==============================] - 1s 269ms/step - loss: 6.9958 - accuracy: 0.2333 - val_loss: 4.5829 - val_accuracy: 0.2000 - lr: 1.0000e-05
Epoch 4/25
4/4 [==============================] - 1s 273ms/step - loss: 6.9348 - accuracy: 0.2167 - val_loss: 4.5805 - val_accuracy: 0.2000 - lr: 1.0000e-05
Epoch 5/25
4/4 [==============================] - 1s 370ms/step - loss: 5.8088 - accuracy: 0.2667 - val_loss: 4.5789 - val_accuracy: 0.2000 - lr: 1.0000e-05
Epoch 6/25
4/4 [==============================] - 1s 359ms/step - loss: 6.5096 - accuracy: 0.2167 - val_loss: 4.5767 - val_accuracy: 0.2000 - lr: 1.0000e-05
Epoch 7/25
4/4 [==============================] - 1s 372ms/step - loss: 6.5593 - accuracy: 0.2667 - val_loss: 4.5706 - val_accuracy: 0.2000 - lr: 1.0000e-05
Epoch 8/25
4/4 [==============================] - 1s 367ms/step - loss: 6.1580 - accuracy: 0.2667 - val_loss: 4.5661 - val_accuracy: 0.2000 - lr: 1.0000e-05
Epoch 9/25
4/4 [==============================] - 1s 368ms/step - loss: 6.0969 - accuracy: 0.2833 - val_loss: 4.5555 - val_accuracy: 0.2000 - lr: 1.0000e-05
Epoch 10/25
4/4 [==============================] - 1s 371ms/step - loss: 5.9109 - accuracy: 0.3167 - val_loss: 4.5455 - val_accuracy: 0.2000 - lr: 1.0000e-05
Epoch 11/25
4/4 [==============================] - 1s 374ms/step - loss: 5.9770 - accuracy: 0.2167 - val_loss: 4.5339 - val_accuracy: 0.2000 - lr: 1.0000e-05
Epoch 12/25
4/4 [==============================] - 1s 373ms/step - loss: 6.1535 - accuracy: 0.2167 - val_loss: 4.5264 - val_accuracy: 0.2000 - lr: 5.0000e-06
Epoch 13/25
4/4 [==============================] - 1s 360ms/step - loss: 5.2558 - accuracy: 0.4000 - val_loss: 4.5204 - val_accuracy: 0.2000 - lr: 2.5000e-06
Epoch 14/25
4/4 [==============================] - 1s 365ms/step - loss: 5.9745 - accuracy: 0.2167 - val_loss: 4.5144 - val_accuracy: 0.2000 - lr: 1.2500e-06
Epoch 15/25
4/4 [==============================] - 1s 379ms/step - loss: 5.7229 - accuracy: 0.3667 - val_loss: 4.5091 - val_accuracy: 0.2000 - lr: 6.2500e-07
Epoch 16/25
4/4 [==============================] - 2s 385ms/step - loss: 5.2168 - accuracy: 0.3667 - val_loss: 4.5044 - val_accuracy: 0.2000 - lr: 3.1250e-07
Epoch 17/25
4/4 [==============================] - 2s 394ms/step - loss: 6.5447 - accuracy: 0.2500 - val_loss: 4.5004 - val_accuracy: 0.2000 - lr: 1.5625e-07
Epoch 18/25
4/4 [==============================] - 1s 372ms/step - loss: 5.8114 - accuracy: 0.2833 - val_loss: 4.4969 - val_accuracy: 0.2000 - lr: 7.8125e-08
Epoch 19/25
4/4 [==============================] - 1s 396ms/step - loss: 5.6747 - accuracy: 0.3167 - val_loss: 4.4939 - val_accuracy: 0.2000 - lr: 3.9062e-08
Epoch 20/25
4/4 [==============================] - 1s 405ms/step - loss: 5.5016 - accuracy: 0.2500 - val_loss: 4.4910 - val_accuracy: 0.2000 - lr: 1.9531e-08
Epoch 21/25
4/4 [==============================] - 1s 393ms/step - loss: 5.5989 - accuracy: 0.2833 - val_loss: 4.4884 - val_accuracy: 0.2000 - lr: 9.7656e-09
Epoch 22/25
4/4 [==============================] - 1s 373ms/step - loss: 5.3088 - accuracy: 0.4000 - val_loss: 4.4862 - val_accuracy: 0.2000 - lr: 4.8828e-09
Epoch 23/25
4/4 [==============================] - 1s 354ms/step - loss: 5.5307 - accuracy: 0.4000 - val_loss: 4.4844 - val_accuracy: 0.2000 - lr: 2.4414e-09
Epoch 24/25
4/4 [==============================] - 1s 364ms/step - loss: 6.1635 - accuracy: 0.2667 - val_loss: 4.4828 - val_accuracy: 0.2000 - lr: 1.2207e-09
Epoch 25/25
4/4 [==============================] - 1s 366ms/step - loss: 6.0449 - accuracy: 0.2500 - val_loss: 4.4814 - val_accuracy: 0.2000 - lr: 6.1035e-10
1/1 [==============================] - 0s 103ms/step - loss: 4.4745 - accuracy: 0.1429
Found 60 images belonging to 6 classes.
Found 5 images belonging to 6 classes.
Found 7 images belonging to 6 classes.
Epoch 1/20
4/4 [==============================] - ETA: 0s - loss: 7.7368 - accuracy: 0.1667C:\Users\tom.zbc\PycharmProjects\fungis_bacterias_project\.venv\lib\site-packages\keras\src\engine\training.py:3000: UserWarning: You are saving your model as an HDF5 file via `model.save()`. This file format is considered legacy. We recommend using instead the native Keras format, e.g. `model.save('my_model.keras')`.
  saving_api.save_model(
4/4 [==============================] - 2s 408ms/step - loss: 7.7368 - accuracy: 0.1667 - val_loss: 4.5904 - val_accuracy: 0.2000 - lr: 1.0000e-05
Epoch 2/20
4/4 [==============================] - 1s 356ms/step - loss: 7.1798 - accuracy: 0.1500 - val_loss: 4.5816 - val_accuracy: 0.4000 - lr: 1.0000e-05
Epoch 3/20
4/4 [==============================] - 1s 381ms/step - loss: 7.0781 - accuracy: 0.1833 - val_loss: 4.5694 - val_accuracy: 0.4000 - lr: 1.0000e-05
Epoch 4/20
4/4 [==============================] - 1s 392ms/step - loss: 7.0944 - accuracy: 0.1500 - val_loss: 4.5585 - val_accuracy: 0.4000 - lr: 1.0000e-05
Epoch 5/20
4/4 [==============================] - 2s 408ms/step - loss: 6.2200 - accuracy: 0.2167 - val_loss: 4.5428 - val_accuracy: 0.4000 - lr: 1.0000e-05
Epoch 6/20
4/4 [==============================] - 1s 381ms/step - loss: 7.2004 - accuracy: 0.2000 - val_loss: 4.5304 - val_accuracy: 0.4000 - lr: 1.0000e-05
Epoch 7/20
4/4 [==============================] - 1s 368ms/step - loss: 6.2649 - accuracy: 0.3000 - val_loss: 4.5184 - val_accuracy: 0.4000 - lr: 1.0000e-05
Epoch 8/20
4/4 [==============================] - 1s 364ms/step - loss: 6.3038 - accuracy: 0.3167 - val_loss: 4.5043 - val_accuracy: 0.4000 - lr: 1.0000e-05
Epoch 9/20
4/4 [==============================] - 1s 382ms/step - loss: 5.9104 - accuracy: 0.3167 - val_loss: 4.4943 - val_accuracy: 0.4000 - lr: 1.0000e-05
Epoch 10/20
4/4 [==============================] - 1s 379ms/step - loss: 6.1434 - accuracy: 0.2333 - val_loss: 4.4862 - val_accuracy: 0.4000 - lr: 1.0000e-05
Epoch 11/20
4/4 [==============================] - 1s 376ms/step - loss: 6.0264 - accuracy: 0.3333 - val_loss: 4.4812 - val_accuracy: 0.4000 - lr: 1.0000e-05
Epoch 12/20
4/4 [==============================] - 1s 369ms/step - loss: 4.9993 - accuracy: 0.3500 - val_loss: 4.4762 - val_accuracy: 0.2000 - lr: 5.0000e-06
Epoch 13/20
4/4 [==============================] - 1s 368ms/step - loss: 6.2158 - accuracy: 0.2667 - val_loss: 4.4701 - val_accuracy: 0.2000 - lr: 2.5000e-06
Epoch 14/20
4/4 [==============================] - 1s 355ms/step - loss: 4.9590 - accuracy: 0.3667 - val_loss: 4.4652 - val_accuracy: 0.2000 - lr: 1.2500e-06
Epoch 15/20
4/4 [==============================] - 1s 363ms/step - loss: 5.2077 - accuracy: 0.3833 - val_loss: 4.4614 - val_accuracy: 0.2000 - lr: 6.2500e-07
Epoch 16/20
4/4 [==============================] - 2s 390ms/step - loss: 5.1524 - accuracy: 0.4167 - val_loss: 4.4582 - val_accuracy: 0.2000 - lr: 3.1250e-07
Epoch 17/20
4/4 [==============================] - 1s 361ms/step - loss: 5.7267 - accuracy: 0.2000 - val_loss: 4.4551 - val_accuracy: 0.2000 - lr: 1.5625e-07
Epoch 18/20
4/4 [==============================] - 1s 380ms/step - loss: 5.7588 - accuracy: 0.3333 - val_loss: 4.4525 - val_accuracy: 0.2000 - lr: 7.8125e-08
Epoch 19/20
4/4 [==============================] - 1s 361ms/step - loss: 5.4994 - accuracy: 0.3333 - val_loss: 4.4504 - val_accuracy: 0.2000 - lr: 3.9062e-08
Epoch 20/20
4/4 [==============================] - 1s 381ms/step - loss: 5.4486 - accuracy: 0.3000 - val_loss: 4.4482 - val_accuracy: 0.2000 - lr: 1.9531e-08
1/1 [==============================] - 0s 99ms/step - loss: 4.4333 - accuracy: 0.1429
Found 60 images belonging to 6 classes.
Found 5 images belonging to 6 classes.
Found 7 images belonging to 6 classes.
Epoch 1/25
4/4 [==============================] - ETA: 0s - loss: 8.0955 - accuracy: 0.1167C:\Users\tom.zbc\PycharmProjects\fungis_bacterias_project\.venv\lib\site-packages\keras\src\engine\training.py:3000: UserWarning: You are saving your model as an HDF5 file via `model.save()`. This file format is considered legacy. We recommend using instead the native Keras format, e.g. `model.save('my_model.keras')`.
  saving_api.save_model(
4/4 [==============================] - 2s 402ms/step - loss: 8.0955 - accuracy: 0.1167 - val_loss: 4.6069 - val_accuracy: 0.2000 - lr: 1.0000e-05
Epoch 2/25
4/4 [==============================] - 1s 368ms/step - loss: 7.6114 - accuracy: 0.2000 - val_loss: 4.5831 - val_accuracy: 0.4000 - lr: 1.0000e-05
Epoch 3/25
4/4 [==============================] - 1s 352ms/step - loss: 6.3507 - accuracy: 0.2167 - val_loss: 4.5627 - val_accuracy: 0.4000 - lr: 1.0000e-05
Epoch 4/25
4/4 [==============================] - 1s 365ms/step - loss: 6.0403 - accuracy: 0.2500 - val_loss: 4.5497 - val_accuracy: 0.4000 - lr: 1.0000e-05
Epoch 5/25
4/4 [==============================] - 1s 392ms/step - loss: 6.3502 - accuracy: 0.3167 - val_loss: 4.5418 - val_accuracy: 0.2000 - lr: 1.0000e-05
Epoch 6/25
4/4 [==============================] - 1s 400ms/step - loss: 6.7238 - accuracy: 0.2167 - val_loss: 4.5329 - val_accuracy: 0.2000 - lr: 1.0000e-05
Epoch 7/25
4/4 [==============================] - 1s 368ms/step - loss: 5.7099 - accuracy: 0.3167 - val_loss: 4.5260 - val_accuracy: 0.2000 - lr: 1.0000e-05
Epoch 8/25
4/4 [==============================] - 1s 366ms/step - loss: 6.2838 - accuracy: 0.2500 - val_loss: 4.5209 - val_accuracy: 0.2000 - lr: 1.0000e-05
Epoch 9/25
4/4 [==============================] - 1s 366ms/step - loss: 5.8725 - accuracy: 0.2167 - val_loss: 4.5178 - val_accuracy: 0.2000 - lr: 1.0000e-05
Epoch 10/25
4/4 [==============================] - 1s 368ms/step - loss: 5.7631 - accuracy: 0.3167 - val_loss: 4.5105 - val_accuracy: 0.2000 - lr: 1.0000e-05
Epoch 11/25
4/4 [==============================] - 1s 372ms/step - loss: 5.9125 - accuracy: 0.2500 - val_loss: 4.5070 - val_accuracy: 0.2000 - lr: 1.0000e-05
Epoch 12/25
4/4 [==============================] - 1s 354ms/step - loss: 5.8453 - accuracy: 0.2333 - val_loss: 4.5041 - val_accuracy: 0.2000 - lr: 5.0000e-06
Epoch 13/25
4/4 [==============================] - 1s 391ms/step - loss: 5.9186 - accuracy: 0.3500 - val_loss: 4.5031 - val_accuracy: 0.2000 - lr: 2.5000e-06
Epoch 14/25
4/4 [==============================] - 1s 289ms/step - loss: 5.8807 - accuracy: 0.3000 - val_loss: 4.5031 - val_accuracy: 0.2000 - lr: 1.2500e-06
Epoch 15/25
4/4 [==============================] - 1s 282ms/step - loss: 5.6938 - accuracy: 0.2500 - val_loss: 4.5036 - val_accuracy: 0.2000 - lr: 6.2500e-07
Epoch 16/25
4/4 [==============================] - 1s 268ms/step - loss: 6.7062 - accuracy: 0.3000 - val_loss: 4.5041 - val_accuracy: 0.2000 - lr: 3.1250e-07
Epoch 17/25
4/4 [==============================] - 1s 271ms/step - loss: 5.5194 - accuracy: 0.2667 - val_loss: 4.5048 - val_accuracy: 0.2000 - lr: 1.5625e-07
Epoch 18/25
4/4 [==============================] - 1s 272ms/step - loss: 6.4324 - accuracy: 0.2333 - val_loss: 4.5054 - val_accuracy: 0.2000 - lr: 7.8125e-08
Epoch 19/25
4/4 [==============================] - 1s 259ms/step - loss: 5.5853 - accuracy: 0.3667 - val_loss: 4.5063 - val_accuracy: 0.2000 - lr: 3.9062e-08
Epoch 20/25
4/4 [==============================] - 1s 266ms/step - loss: 5.7272 - accuracy: 0.3333 - val_loss: 4.5074 - val_accuracy: 0.2000 - lr: 1.9531e-08
Epoch 21/25
4/4 [==============================] - 1s 281ms/step - loss: 6.2183 - accuracy: 0.3500 - val_loss: 4.5089 - val_accuracy: 0.2000 - lr: 9.7656e-09
1/1 [==============================] - 0s 101ms/step - loss: 4.4866 - accuracy: 0.1429
Found 60 images belonging to 6 classes.
Found 5 images belonging to 6 classes.
Found 7 images belonging to 6 classes.
Epoch 1/20
4/4 [==============================] - ETA: 0s - loss: 6.8864 - accuracy: 0.2333C:\Users\tom.zbc\PycharmProjects\fungis_bacterias_project\.venv\lib\site-packages\keras\src\engine\training.py:3000: UserWarning: You are saving your model as an HDF5 file via `model.save()`. This file format is considered legacy. We recommend using instead the native Keras format, e.g. `model.save('my_model.keras')`.
  saving_api.save_model(
4/4 [==============================] - 3s 664ms/step - loss: 6.8864 - accuracy: 0.2333 - val_loss: 4.7912 - val_accuracy: 0.0000e+00 - lr: 1.0000e-05
Epoch 2/20
4/4 [==============================] - 2s 632ms/step - loss: 7.4188 - accuracy: 0.2667 - val_loss: 4.7911 - val_accuracy: 0.2000 - lr: 1.0000e-05
Epoch 3/20
4/4 [==============================] - 2s 603ms/step - loss: 7.1540 - accuracy: 0.2167 - val_loss: 4.7852 - val_accuracy: 0.0000e+00 - lr: 1.0000e-05
Epoch 4/20
4/4 [==============================] - 2s 599ms/step - loss: 6.5313 - accuracy: 0.2667 - val_loss: 4.7780 - val_accuracy: 0.2000 - lr: 1.0000e-05
Epoch 5/20
4/4 [==============================] - 2s 612ms/step - loss: 6.6264 - accuracy: 0.3167 - val_loss: 4.7709 - val_accuracy: 0.2000 - lr: 1.0000e-05
Epoch 6/20
4/4 [==============================] - 2s 641ms/step - loss: 6.1358 - accuracy: 0.3000 - val_loss: 4.7611 - val_accuracy: 0.2000 - lr: 1.0000e-05
Epoch 7/20
4/4 [==============================] - 2s 646ms/step - loss: 5.6718 - accuracy: 0.3500 - val_loss: 4.7590 - val_accuracy: 0.4000 - lr: 1.0000e-05
Epoch 8/20
4/4 [==============================] - 2s 428ms/step - loss: 5.5538 - accuracy: 0.4500 - val_loss: 4.7634 - val_accuracy: 0.4000 - lr: 1.0000e-05
Epoch 9/20
4/4 [==============================] - 2s 424ms/step - loss: 5.8317 - accuracy: 0.4167 - val_loss: 4.7632 - val_accuracy: 0.4000 - lr: 1.0000e-05
Epoch 10/20
4/4 [==============================] - 2s 396ms/step - loss: 5.5996 - accuracy: 0.3167 - val_loss: 4.7610 - val_accuracy: 0.4000 - lr: 1.0000e-05
Epoch 11/20
4/4 [==============================] - 2s 396ms/step - loss: 6.3745 - accuracy: 0.3667 - val_loss: 4.7638 - val_accuracy: 0.4000 - lr: 1.0000e-05
Epoch 12/20
4/4 [==============================] - 2s 420ms/step - loss: 5.2201 - accuracy: 0.3833 - val_loss: 4.7660 - val_accuracy: 0.4000 - lr: 5.0000e-06
Epoch 13/20
4/4 [==============================] - 2s 437ms/step - loss: 5.2983 - accuracy: 0.3833 - val_loss: 4.7690 - val_accuracy: 0.4000 - lr: 1.0000e-06
Epoch 14/20
4/4 [==============================] - 2s 385ms/step - loss: 5.8317 - accuracy: 0.3667 - val_loss: 4.7745 - val_accuracy: 0.4000 - lr: 5.0000e-07
Epoch 15/20
4/4 [==============================] - 2s 436ms/step - loss: 6.1362 - accuracy: 0.3000 - val_loss: 4.7810 - val_accuracy: 0.4000 - lr: 2.5000e-07
1/1 [==============================] - 0s 115ms/step - loss: 4.8415 - accuracy: 0.1429
Found 60 images belonging to 6 classes.
Found 5 images belonging to 6 classes.
Found 7 images belonging to 6 classes.
Epoch 1/25
4/4 [==============================] - ETA: 0s - loss: 7.7541 - accuracy: 0.1667C:\Users\tom.zbc\PycharmProjects\fungis_bacterias_project\.venv\lib\site-packages\keras\src\engine\training.py:3000: UserWarning: You are saving your model as an HDF5 file via `model.save()`. This file format is considered legacy. We recommend using instead the native Keras format, e.g. `model.save('my_model.keras')`.
  saving_api.save_model(
4/4 [==============================] - 3s 792ms/step - loss: 7.7541 - accuracy: 0.1667 - val_loss: 4.7663 - val_accuracy: 0.4000 - lr: 1.0000e-05
Epoch 2/25
4/4 [==============================] - 2s 421ms/step - loss: 6.7883 - accuracy: 0.1667 - val_loss: 4.7975 - val_accuracy: 0.4000 - lr: 1.0000e-05
Epoch 3/25
4/4 [==============================] - 2s 408ms/step - loss: 6.7663 - accuracy: 0.3000 - val_loss: 4.8124 - val_accuracy: 0.2000 - lr: 1.0000e-05
Epoch 4/25
4/4 [==============================] - 2s 406ms/step - loss: 7.0015 - accuracy: 0.2167 - val_loss: 4.8054 - val_accuracy: 0.2000 - lr: 1.0000e-05
Epoch 5/25
4/4 [==============================] - 2s 414ms/step - loss: 6.5043 - accuracy: 0.2000 - val_loss: 4.8020 - val_accuracy: 0.2000 - lr: 1.0000e-05
Epoch 6/25
4/4 [==============================] - 2s 443ms/step - loss: 6.6329 - accuracy: 0.2000 - val_loss: 4.7828 - val_accuracy: 0.4000 - lr: 1.0000e-05
Epoch 7/25
4/4 [==============================] - 2s 625ms/step - loss: 6.1641 - accuracy: 0.3500 - val_loss: 4.7628 - val_accuracy: 0.4000 - lr: 1.0000e-05
Epoch 8/25
4/4 [==============================] - 2s 645ms/step - loss: 6.2150 - accuracy: 0.3500 - val_loss: 4.7521 - val_accuracy: 0.4000 - lr: 1.0000e-05
Epoch 9/25
4/4 [==============================] - 2s 608ms/step - loss: 6.4575 - accuracy: 0.2167 - val_loss: 4.7467 - val_accuracy: 0.4000 - lr: 1.0000e-05
Epoch 10/25
4/4 [==============================] - 2s 634ms/step - loss: 6.0281 - accuracy: 0.3167 - val_loss: 4.7380 - val_accuracy: 0.6000 - lr: 1.0000e-05
Epoch 11/25
4/4 [==============================] - 2s 605ms/step - loss: 6.0321 - accuracy: 0.3333 - val_loss: 4.7253 - val_accuracy: 0.6000 - lr: 1.0000e-05
Epoch 12/25
4/4 [==============================] - 2s 607ms/step - loss: 5.8835 - accuracy: 0.3000 - val_loss: 4.7218 - val_accuracy: 0.6000 - lr: 5.0000e-06
Epoch 13/25
4/4 [==============================] - 2s 609ms/step - loss: 5.4044 - accuracy: 0.3667 - val_loss: 4.7184 - val_accuracy: 0.6000 - lr: 2.5000e-06
Epoch 14/25
4/4 [==============================] - 2s 589ms/step - loss: 5.1926 - accuracy: 0.2833 - val_loss: 4.7145 - val_accuracy: 0.6000 - lr: 1.2500e-06
Epoch 15/25
4/4 [==============================] - 2s 594ms/step - loss: 5.7558 - accuracy: 0.3333 - val_loss: 4.7107 - val_accuracy: 0.6000 - lr: 6.2500e-07
Epoch 16/25
4/4 [==============================] - 2s 631ms/step - loss: 5.7368 - accuracy: 0.3500 - val_loss: 4.7068 - val_accuracy: 0.6000 - lr: 3.1250e-07
Epoch 17/25
4/4 [==============================] - 2s 610ms/step - loss: 6.5213 - accuracy: 0.2833 - val_loss: 4.7024 - val_accuracy: 0.6000 - lr: 1.5625e-07
Epoch 18/25
4/4 [==============================] - 2s 605ms/step - loss: 5.9965 - accuracy: 0.3000 - val_loss: 4.6980 - val_accuracy: 0.6000 - lr: 7.8125e-08
Epoch 19/25
4/4 [==============================] - 2s 601ms/step - loss: 5.8939 - accuracy: 0.3500 - val_loss: 4.6938 - val_accuracy: 0.6000 - lr: 3.9062e-08
Epoch 20/25
4/4 [==============================] - 2s 604ms/step - loss: 5.2892 - accuracy: 0.3667 - val_loss: 4.6896 - val_accuracy: 0.6000 - lr: 1.9531e-08
Epoch 21/25
4/4 [==============================] - 2s 608ms/step - loss: 5.1733 - accuracy: 0.4333 - val_loss: 4.6853 - val_accuracy: 0.6000 - lr: 9.7656e-09
Epoch 22/25
4/4 [==============================] - 2s 586ms/step - loss: 5.2542 - accuracy: 0.3667 - val_loss: 4.6811 - val_accuracy: 0.6000 - lr: 4.8828e-09
Epoch 23/25
4/4 [==============================] - 2s 623ms/step - loss: 5.8061 - accuracy: 0.3333 - val_loss: 4.6770 - val_accuracy: 0.6000 - lr: 2.4414e-09
Epoch 24/25
4/4 [==============================] - 2s 606ms/step - loss: 5.8109 - accuracy: 0.3833 - val_loss: 4.6730 - val_accuracy: 0.6000 - lr: 1.2207e-09
Epoch 25/25
4/4 [==============================] - 2s 620ms/step - loss: 5.6976 - accuracy: 0.3000 - val_loss: 4.6691 - val_accuracy: 0.6000 - lr: 6.1035e-10
1/1 [==============================] - 0s 118ms/step - loss: 4.8669 - accuracy: 0.2857
Found 60 images belonging to 6 classes.
Found 5 images belonging to 6 classes.
Found 7 images belonging to 6 classes.
Epoch 1/20
4/4 [==============================] - ETA: 0s - loss: 8.5636 - accuracy: 0.1833C:\Users\tom.zbc\PycharmProjects\fungis_bacterias_project\.venv\lib\site-packages\keras\src\engine\training.py:3000: UserWarning: You are saving your model as an HDF5 file via `model.save()`. This file format is considered legacy. We recommend using instead the native Keras format, e.g. `model.save('my_model.keras')`.
  saving_api.save_model(
4/4 [==============================] - 3s 672ms/step - loss: 8.5636 - accuracy: 0.1833 - val_loss: 4.8190 - val_accuracy: 0.2000 - lr: 1.0000e-05
Epoch 2/20
4/4 [==============================] - 2s 652ms/step - loss: 7.5013 - accuracy: 0.2667 - val_loss: 4.8066 - val_accuracy: 0.2000 - lr: 1.0000e-05
Epoch 3/20
4/4 [==============================] - 2s 431ms/step - loss: 6.4976 - accuracy: 0.1667 - val_loss: 4.8093 - val_accuracy: 0.2000 - lr: 1.0000e-05
Epoch 4/20
4/4 [==============================] - 2s 418ms/step - loss: 7.3361 - accuracy: 0.1667 - val_loss: 4.8116 - val_accuracy: 0.2000 - lr: 1.0000e-05
Epoch 5/20
4/4 [==============================] - 2s 399ms/step - loss: 5.4277 - accuracy: 0.3500 - val_loss: 4.8145 - val_accuracy: 0.2000 - lr: 1.0000e-05
Epoch 6/20
4/4 [==============================] - 2s 395ms/step - loss: 6.4748 - accuracy: 0.2833 - val_loss: 4.8138 - val_accuracy: 0.4000 - lr: 1.0000e-05
Epoch 7/20
4/4 [==============================] - 2s 414ms/step - loss: 6.1362 - accuracy: 0.3500 - val_loss: 4.8083 - val_accuracy: 0.4000 - lr: 1.0000e-05
Epoch 8/20
4/4 [==============================] - 2s 649ms/step - loss: 5.9788 - accuracy: 0.3333 - val_loss: 4.7924 - val_accuracy: 0.4000 - lr: 1.0000e-05
Epoch 9/20
4/4 [==============================] - 2s 674ms/step - loss: 6.1404 - accuracy: 0.3333 - val_loss: 4.7852 - val_accuracy: 0.4000 - lr: 1.0000e-05
Epoch 10/20
4/4 [==============================] - 2s 411ms/step - loss: 6.1545 - accuracy: 0.3000 - val_loss: 4.7923 - val_accuracy: 0.4000 - lr: 1.0000e-05
Epoch 11/20
4/4 [==============================] - 2s 457ms/step - loss: 6.1227 - accuracy: 0.3333 - val_loss: 4.8048 - val_accuracy: 0.4000 - lr: 1.0000e-05
Epoch 12/20
4/4 [==============================] - 2s 453ms/step - loss: 5.7576 - accuracy: 0.3333 - val_loss: 4.8138 - val_accuracy: 0.4000 - lr: 5.0000e-06
Epoch 13/20
4/4 [==============================] - 2s 430ms/step - loss: 5.7086 - accuracy: 0.3167 - val_loss: 4.8250 - val_accuracy: 0.2000 - lr: 2.5000e-06
Epoch 14/20
4/4 [==============================] - 2s 412ms/step - loss: 5.6612 - accuracy: 0.3000 - val_loss: 4.8370 - val_accuracy: 0.2000 - lr: 1.2500e-06
Epoch 15/20
4/4 [==============================] - 2s 456ms/step - loss: 5.1892 - accuracy: 0.4167 - val_loss: 4.8490 - val_accuracy: 0.2000 - lr: 6.2500e-07
Epoch 16/20
4/4 [==============================] - 2s 445ms/step - loss: 5.7690 - accuracy: 0.4000 - val_loss: 4.8606 - val_accuracy: 0.2000 - lr: 3.1250e-07
Epoch 17/20
4/4 [==============================] - 2s 422ms/step - loss: 6.1846 - accuracy: 0.3000 - val_loss: 4.8731 - val_accuracy: 0.2000 - lr: 1.5625e-07
1/1 [==============================] - 0s 121ms/step - loss: 4.8880 - accuracy: 0.1429
Found 60 images belonging to 6 classes.
Found 5 images belonging to 6 classes.
Found 7 images belonging to 6 classes.
Epoch 1/25
4/4 [==============================] - ETA: 0s - loss: 8.1117 - accuracy: 0.1833C:\Users\tom.zbc\PycharmProjects\fungis_bacterias_project\.venv\lib\site-packages\keras\src\engine\training.py:3000: UserWarning: You are saving your model as an HDF5 file via `model.save()`. This file format is considered legacy. We recommend using instead the native Keras format, e.g. `model.save('my_model.keras')`.
  saving_api.save_model(
4/4 [==============================] - 3s 697ms/step - loss: 8.1117 - accuracy: 0.1833 - val_loss: 4.8107 - val_accuracy: 0.2000 - lr: 1.0000e-05
Epoch 2/25
4/4 [==============================] - 2s 625ms/step - loss: 7.3371 - accuracy: 0.2000 - val_loss: 4.7941 - val_accuracy: 0.0000e+00 - lr: 1.0000e-05
Epoch 3/25
4/4 [==============================] - 2s 593ms/step - loss: 6.8541 - accuracy: 0.2000 - val_loss: 4.7931 - val_accuracy: 0.0000e+00 - lr: 1.0000e-05
Epoch 4/25
4/4 [==============================] - 2s 636ms/step - loss: 7.1821 - accuracy: 0.2500 - val_loss: 4.7928 - val_accuracy: 0.2000 - lr: 1.0000e-05
Epoch 5/25
4/4 [==============================] - 2s 653ms/step - loss: 6.6482 - accuracy: 0.2667 - val_loss: 4.7835 - val_accuracy: 0.2000 - lr: 1.0000e-05
Epoch 6/25
4/4 [==============================] - 2s 424ms/step - loss: 6.4402 - accuracy: 0.3000 - val_loss: 4.7840 - val_accuracy: 0.2000 - lr: 1.0000e-05
Epoch 7/25
4/4 [==============================] - 2s 396ms/step - loss: 7.1087 - accuracy: 0.2500 - val_loss: 4.7875 - val_accuracy: 0.2000 - lr: 1.0000e-05
Epoch 8/25
4/4 [==============================] - 2s 438ms/step - loss: 6.4482 - accuracy: 0.2833 - val_loss: 4.7912 - val_accuracy: 0.2000 - lr: 1.0000e-05
Epoch 9/25
4/4 [==============================] - 2s 426ms/step - loss: 5.2935 - accuracy: 0.4167 - val_loss: 4.7895 - val_accuracy: 0.2000 - lr: 1.0000e-05
Epoch 10/25
4/4 [==============================] - 2s 427ms/step - loss: 6.4631 - accuracy: 0.2667 - val_loss: 4.7840 - val_accuracy: 0.2000 - lr: 1.0000e-05
Epoch 11/25
4/4 [==============================] - 2s 618ms/step - loss: 5.3488 - accuracy: 0.4000 - val_loss: 4.7762 - val_accuracy: 0.2000 - lr: 1.0000e-05
Epoch 12/25
4/4 [==============================] - 2s 644ms/step - loss: 5.2247 - accuracy: 0.4167 - val_loss: 4.7747 - val_accuracy: 0.2000 - lr: 5.0000e-06
Epoch 13/25
4/4 [==============================] - 2s 412ms/step - loss: 5.2069 - accuracy: 0.4000 - val_loss: 4.7755 - val_accuracy: 0.2000 - lr: 2.5000e-06
Epoch 14/25
4/4 [==============================] - 2s 451ms/step - loss: 5.5775 - accuracy: 0.3500 - val_loss: 4.7772 - val_accuracy: 0.2000 - lr: 1.2500e-06
Epoch 15/25
4/4 [==============================] - 2s 411ms/step - loss: 6.0446 - accuracy: 0.3333 - val_loss: 4.7795 - val_accuracy: 0.2000 - lr: 6.2500e-07
Epoch 16/25
4/4 [==============================] - 2s 403ms/step - loss: 5.3566 - accuracy: 0.3000 - val_loss: 4.7823 - val_accuracy: 0.2000 - lr: 3.1250e-07
Epoch 17/25
4/4 [==============================] - 2s 408ms/step - loss: 5.3593 - accuracy: 0.4000 - val_loss: 4.7851 - val_accuracy: 0.2000 - lr: 1.5625e-07
Epoch 18/25
4/4 [==============================] - 2s 410ms/step - loss: 5.2352 - accuracy: 0.4000 - val_loss: 4.7885 - val_accuracy: 0.2000 - lr: 7.8125e-08
Epoch 19/25
4/4 [==============================] - 2s 408ms/step - loss: 5.2429 - accuracy: 0.4667 - val_loss: 4.7923 - val_accuracy: 0.2000 - lr: 3.9062e-08
Epoch 20/25
4/4 [==============================] - 2s 415ms/step - loss: 5.0737 - accuracy: 0.4167 - val_loss: 4.7968 - val_accuracy: 0.2000 - lr: 1.9531e-08
1/1 [==============================] - 0s 125ms/step - loss: 4.8157 - accuracy: 0.1429
Found 60 images belonging to 6 classes.
Found 5 images belonging to 6 classes.
Found 7 images belonging to 6 classes.
Epoch 1/20
4/4 [==============================] - ETA: 0s - loss: 7.3121 - accuracy: 0.1500C:\Users\tom.zbc\PycharmProjects\fungis_bacterias_project\.venv\lib\site-packages\keras\src\engine\training.py:3000: UserWarning: You are saving your model as an HDF5 file via `model.save()`. This file format is considered legacy. We recommend using instead the native Keras format, e.g. `model.save('my_model.keras')`.
  saving_api.save_model(
4/4 [==============================] - 3s 702ms/step - loss: 7.3121 - accuracy: 0.1500 - val_loss: 4.7944 - val_accuracy: 0.2000 - lr: 1.0000e-05
Epoch 2/20
4/4 [==============================] - 2s 646ms/step - loss: 7.5571 - accuracy: 0.2167 - val_loss: 4.7890 - val_accuracy: 0.4000 - lr: 1.0000e-05
Epoch 3/20
4/4 [==============================] - 2s 437ms/step - loss: 6.7339 - accuracy: 0.3333 - val_loss: 4.7969 - val_accuracy: 0.2000 - lr: 1.0000e-05
Epoch 4/20
4/4 [==============================] - 2s 397ms/step - loss: 7.0987 - accuracy: 0.2167 - val_loss: 4.7985 - val_accuracy: 0.2000 - lr: 1.0000e-05
Epoch 5/20
4/4 [==============================] - 2s 441ms/step - loss: 6.7855 - accuracy: 0.3000 - val_loss: 4.7900 - val_accuracy: 0.2000 - lr: 1.0000e-05
Epoch 6/20
4/4 [==============================] - 2s 626ms/step - loss: 6.1957 - accuracy: 0.3667 - val_loss: 4.7781 - val_accuracy: 0.2000 - lr: 1.0000e-05
Epoch 7/20
4/4 [==============================] - 2s 591ms/step - loss: 5.6445 - accuracy: 0.4333 - val_loss: 4.7617 - val_accuracy: 0.2000 - lr: 1.0000e-05
Epoch 8/20
4/4 [==============================] - 2s 635ms/step - loss: 5.8574 - accuracy: 0.3667 - val_loss: 4.7480 - val_accuracy: 0.2000 - lr: 1.0000e-05
Epoch 9/20
4/4 [==============================] - 2s 609ms/step - loss: 5.4226 - accuracy: 0.3833 - val_loss: 4.7385 - val_accuracy: 0.2000 - lr: 1.0000e-05
Epoch 10/20
4/4 [==============================] - 2s 623ms/step - loss: 6.3304 - accuracy: 0.2833 - val_loss: 4.7292 - val_accuracy: 0.2000 - lr: 1.0000e-05
Epoch 11/20
4/4 [==============================] - 2s 619ms/step - loss: 5.9502 - accuracy: 0.2667 - val_loss: 4.7241 - val_accuracy: 0.2000 - lr: 1.0000e-05
Epoch 12/20
4/4 [==============================] - 2s 663ms/step - loss: 4.9569 - accuracy: 0.3833 - val_loss: 4.7230 - val_accuracy: 0.2000 - lr: 5.0000e-06
Epoch 13/20
4/4 [==============================] - 2s 653ms/step - loss: 5.6291 - accuracy: 0.2833 - val_loss: 4.7215 - val_accuracy: 0.2000 - lr: 2.5000e-06
Epoch 14/20
4/4 [==============================] - 2s 650ms/step - loss: 5.0856 - accuracy: 0.3500 - val_loss: 4.7198 - val_accuracy: 0.2000 - lr: 1.2500e-06
Epoch 15/20
4/4 [==============================] - 2s 643ms/step - loss: 5.7553 - accuracy: 0.3500 - val_loss: 4.7172 - val_accuracy: 0.2000 - lr: 6.2500e-07
Epoch 16/20
4/4 [==============================] - 2s 632ms/step - loss: 5.8024 - accuracy: 0.3000 - val_loss: 4.7138 - val_accuracy: 0.2000 - lr: 3.1250e-07
Epoch 17/20
4/4 [==============================] - 2s 624ms/step - loss: 5.2688 - accuracy: 0.4167 - val_loss: 4.7104 - val_accuracy: 0.2000 - lr: 1.5625e-07
Epoch 18/20
4/4 [==============================] - 2s 629ms/step - loss: 5.1978 - accuracy: 0.3833 - val_loss: 4.7072 - val_accuracy: 0.2000 - lr: 7.8125e-08
Epoch 19/20
4/4 [==============================] - 2s 619ms/step - loss: 5.5815 - accuracy: 0.3000 - val_loss: 4.7043 - val_accuracy: 0.2000 - lr: 3.9062e-08
Epoch 20/20
4/4 [==============================] - 2s 618ms/step - loss: 5.4849 - accuracy: 0.3667 - val_loss: 4.7015 - val_accuracy: 0.2000 - lr: 1.9531e-08
1/1 [==============================] - 0s 117ms/step - loss: 4.7204 - accuracy: 0.2857
Found 60 images belonging to 6 classes.
Found 5 images belonging to 6 classes.
Found 7 images belonging to 6 classes.
Epoch 1/25
4/4 [==============================] - ETA: 0s - loss: 7.7971 - accuracy: 0.2333C:\Users\tom.zbc\PycharmProjects\fungis_bacterias_project\.venv\lib\site-packages\keras\src\engine\training.py:3000: UserWarning: You are saving your model as an HDF5 file via `model.save()`. This file format is considered legacy. We recommend using instead the native Keras format, e.g. `model.save('my_model.keras')`.
  saving_api.save_model(
4/4 [==============================] - 3s 654ms/step - loss: 7.7971 - accuracy: 0.2333 - val_loss: 4.8188 - val_accuracy: 0.2000 - lr: 1.0000e-05
Epoch 2/25
4/4 [==============================] - 2s 665ms/step - loss: 6.7479 - accuracy: 0.2333 - val_loss: 4.8130 - val_accuracy: 0.2000 - lr: 1.0000e-05
Epoch 3/25
4/4 [==============================] - 2s 612ms/step - loss: 6.8125 - accuracy: 0.2000 - val_loss: 4.8054 - val_accuracy: 0.2000 - lr: 1.0000e-05
Epoch 4/25
4/4 [==============================] - 2s 615ms/step - loss: 6.7846 - accuracy: 0.3000 - val_loss: 4.7958 - val_accuracy: 0.2000 - lr: 1.0000e-05
Epoch 5/25
4/4 [==============================] - 2s 658ms/step - loss: 6.6838 - accuracy: 0.2667 - val_loss: 4.7908 - val_accuracy: 0.2000 - lr: 1.0000e-05
Epoch 6/25
4/4 [==============================] - 2s 620ms/step - loss: 5.9460 - accuracy: 0.2500 - val_loss: 4.7862 - val_accuracy: 0.2000 - lr: 1.0000e-05
Epoch 7/25
4/4 [==============================] - 2s 634ms/step - loss: 6.2203 - accuracy: 0.3500 - val_loss: 4.7815 - val_accuracy: 0.2000 - lr: 1.0000e-05
Epoch 8/25
4/4 [==============================] - 2s 405ms/step - loss: 5.7384 - accuracy: 0.3333 - val_loss: 4.7862 - val_accuracy: 0.2000 - lr: 1.0000e-05
Epoch 9/25
4/4 [==============================] - 2s 412ms/step - loss: 5.9998 - accuracy: 0.2667 - val_loss: 4.7906 - val_accuracy: 0.2000 - lr: 1.0000e-05
Epoch 10/25
4/4 [==============================] - 2s 417ms/step - loss: 6.6405 - accuracy: 0.3000 - val_loss: 4.7906 - val_accuracy: 0.2000 - lr: 1.0000e-05
Epoch 11/25
4/4 [==============================] - 2s 631ms/step - loss: 5.0511 - accuracy: 0.4167 - val_loss: 4.7789 - val_accuracy: 0.2000 - lr: 1.0000e-05
Epoch 12/25
4/4 [==============================] - 2s 617ms/step - loss: 5.5909 - accuracy: 0.2833 - val_loss: 4.7743 - val_accuracy: 0.2000 - lr: 5.0000e-06
Epoch 13/25
4/4 [==============================] - 2s 611ms/step - loss: 5.7543 - accuracy: 0.2833 - val_loss: 4.7731 - val_accuracy: 0.2000 - lr: 2.5000e-06
Epoch 14/25
4/4 [==============================] - 2s 411ms/step - loss: 5.4466 - accuracy: 0.3833 - val_loss: 4.7750 - val_accuracy: 0.2000 - lr: 1.2500e-06
Epoch 15/25
4/4 [==============================] - 2s 433ms/step - loss: 5.3938 - accuracy: 0.4000 - val_loss: 4.7780 - val_accuracy: 0.2000 - lr: 6.2500e-07
Epoch 16/25
4/4 [==============================] - 2s 408ms/step - loss: 5.4853 - accuracy: 0.3833 - val_loss: 4.7820 - val_accuracy: 0.2000 - lr: 3.1250e-07
Epoch 17/25
4/4 [==============================] - 2s 413ms/step - loss: 5.3415 - accuracy: 0.3833 - val_loss: 4.7873 - val_accuracy: 0.2000 - lr: 1.5625e-07
Epoch 18/25
4/4 [==============================] - 2s 417ms/step - loss: 5.9532 - accuracy: 0.2667 - val_loss: 4.7928 - val_accuracy: 0.2000 - lr: 7.8125e-08
Epoch 19/25
4/4 [==============================] - 2s 445ms/step - loss: 5.3821 - accuracy: 0.3500 - val_loss: 4.7987 - val_accuracy: 0.2000 - lr: 3.9062e-08
Epoch 20/25
4/4 [==============================] - 2s 489ms/step - loss: 5.5477 - accuracy: 0.4500 - val_loss: 4.8050 - val_accuracy: 0.2000 - lr: 1.9531e-08
Epoch 21/25
4/4 [==============================] - 3s 785ms/step - loss: 5.3346 - accuracy: 0.2833 - val_loss: 4.8117 - val_accuracy: 0.2000 - lr: 9.7656e-09
1/1 [==============================] - 0s 188ms/step - loss: 4.6658 - accuracy: 0.1429
Found 60 images belonging to 6 classes.
Found 5 images belonging to 6 classes.
Found 7 images belonging to 6 classes.
Epoch 1/20
4/4 [==============================] - ETA: 0s - loss: 8.4417 - accuracy: 0.1333C:\Users\tom.zbc\PycharmProjects\fungis_bacterias_project\.venv\lib\site-packages\keras\src\engine\training.py:3000: UserWarning: You are saving your model as an HDF5 file via `model.save()`. This file format is considered legacy. We recommend using instead the native Keras format, e.g. `model.save('my_model.keras')`.
  saving_api.save_model(
4/4 [==============================] - 5s 1s/step - loss: 8.4417 - accuracy: 0.1333 - val_loss: 4.8322 - val_accuracy: 0.2000 - lr: 1.0000e-05
Epoch 2/20
4/4 [==============================] - 4s 986ms/step - loss: 7.5817 - accuracy: 0.2667 - val_loss: 4.8227 - val_accuracy: 0.2000 - lr: 1.0000e-05
Epoch 3/20
4/4 [==============================] - 4s 1s/step - loss: 6.8669 - accuracy: 0.2667 - val_loss: 4.8202 - val_accuracy: 0.0000e+00 - lr: 1.0000e-05
Epoch 4/20
4/4 [==============================] - 4s 975ms/step - loss: 6.4546 - accuracy: 0.2667 - val_loss: 4.8032 - val_accuracy: 0.0000e+00 - lr: 1.0000e-05
Epoch 5/20
4/4 [==============================] - 4s 1s/step - loss: 5.7493 - accuracy: 0.3500 - val_loss: 4.7898 - val_accuracy: 0.2000 - lr: 1.0000e-05
Epoch 6/20
4/4 [==============================] - 4s 1s/step - loss: 6.5323 - accuracy: 0.2833 - val_loss: 4.7802 - val_accuracy: 0.2000 - lr: 1.0000e-05
Epoch 7/20
4/4 [==============================] - 4s 987ms/step - loss: 6.6766 - accuracy: 0.2833 - val_loss: 4.7727 - val_accuracy: 0.2000 - lr: 1.0000e-05
Epoch 8/20
4/4 [==============================] - 4s 1s/step - loss: 6.0852 - accuracy: 0.3167 - val_loss: 4.7707 - val_accuracy: 0.2000 - lr: 1.0000e-05
Epoch 9/20
4/4 [==============================] - 4s 973ms/step - loss: 6.1917 - accuracy: 0.3000 - val_loss: 4.7592 - val_accuracy: 0.2000 - lr: 1.0000e-05
Epoch 10/20
4/4 [==============================] - 4s 990ms/step - loss: 6.0986 - accuracy: 0.2167 - val_loss: 4.7418 - val_accuracy: 0.2000 - lr: 1.0000e-05
Epoch 11/20
4/4 [==============================] - 4s 950ms/step - loss: 5.9414 - accuracy: 0.3667 - val_loss: 4.7293 - val_accuracy: 0.2000 - lr: 1.0000e-05
Epoch 12/20
4/4 [==============================] - 3s 904ms/step - loss: 5.2331 - accuracy: 0.3333 - val_loss: 4.7238 - val_accuracy: 0.2000 - lr: 5.0000e-06
Epoch 13/20
4/4 [==============================] - 3s 831ms/step - loss: 5.9066 - accuracy: 0.3167 - val_loss: 4.7200 - val_accuracy: 0.2000 - lr: 2.5000e-06
Epoch 14/20
4/4 [==============================] - 3s 831ms/step - loss: 5.7365 - accuracy: 0.2833 - val_loss: 4.7160 - val_accuracy: 0.4000 - lr: 1.2500e-06
Epoch 15/20
4/4 [==============================] - 3s 786ms/step - loss: 5.4755 - accuracy: 0.3500 - val_loss: 4.7119 - val_accuracy: 0.4000 - lr: 6.2500e-07
Epoch 16/20
4/4 [==============================] - 3s 775ms/step - loss: 5.1563 - accuracy: 0.4833 - val_loss: 4.7083 - val_accuracy: 0.4000 - lr: 3.1250e-07
Epoch 17/20
4/4 [==============================] - 3s 746ms/step - loss: 5.8166 - accuracy: 0.3000 - val_loss: 4.7045 - val_accuracy: 0.4000 - lr: 1.5625e-07
Epoch 18/20
4/4 [==============================] - 3s 748ms/step - loss: 6.0920 - accuracy: 0.3000 - val_loss: 4.7007 - val_accuracy: 0.4000 - lr: 7.8125e-08
Epoch 19/20
4/4 [==============================] - 3s 703ms/step - loss: 5.6181 - accuracy: 0.4000 - val_loss: 4.6967 - val_accuracy: 0.4000 - lr: 3.9062e-08
Epoch 20/20
4/4 [==============================] - 3s 707ms/step - loss: 5.8175 - accuracy: 0.3500 - val_loss: 4.6927 - val_accuracy: 0.4000 - lr: 1.9531e-08
1/1 [==============================] - 0s 122ms/step - loss: 4.7260 - accuracy: 0.4286
Found 60 images belonging to 6 classes.
Found 5 images belonging to 6 classes.
Found 7 images belonging to 6 classes.
Epoch 1/25
4/4 [==============================] - ETA: 0s - loss: 8.1400 - accuracy: 0.1333C:\Users\tom.zbc\PycharmProjects\fungis_bacterias_project\.venv\lib\site-packages\keras\src\engine\training.py:3000: UserWarning: You are saving your model as an HDF5 file via `model.save()`. This file format is considered legacy. We recommend using instead the native Keras format, e.g. `model.save('my_model.keras')`.
  saving_api.save_model(
4/4 [==============================] - 3s 727ms/step - loss: 8.1400 - accuracy: 0.1333 - val_loss: 4.8182 - val_accuracy: 0.0000e+00 - lr: 1.0000e-05
Epoch 2/25
4/4 [==============================] - 3s 708ms/step - loss: 7.0278 - accuracy: 0.2500 - val_loss: 4.7908 - val_accuracy: 0.0000e+00 - lr: 1.0000e-05
Epoch 3/25
4/4 [==============================] - 3s 703ms/step - loss: 7.0112 - accuracy: 0.2833 - val_loss: 4.7879 - val_accuracy: 0.0000e+00 - lr: 1.0000e-05
Epoch 4/25
4/4 [==============================] - 2s 463ms/step - loss: 6.5622 - accuracy: 0.2500 - val_loss: 4.7900 - val_accuracy: 0.2000 - lr: 1.0000e-05
Epoch 5/25
4/4 [==============================] - 2s 451ms/step - loss: 7.1096 - accuracy: 0.1667 - val_loss: 4.7907 - val_accuracy: 0.2000 - lr: 1.0000e-05
Epoch 6/25
4/4 [==============================] - 3s 668ms/step - loss: 5.8467 - accuracy: 0.3833 - val_loss: 4.7839 - val_accuracy: 0.6000 - lr: 1.0000e-05
Epoch 7/25
4/4 [==============================] - 2s 648ms/step - loss: 5.8785 - accuracy: 0.3667 - val_loss: 4.7786 - val_accuracy: 0.6000 - lr: 1.0000e-05
Epoch 8/25
4/4 [==============================] - 2s 627ms/step - loss: 5.9224 - accuracy: 0.3167 - val_loss: 4.7680 - val_accuracy: 0.6000 - lr: 1.0000e-05
Epoch 9/25
4/4 [==============================] - 2s 628ms/step - loss: 6.4739 - accuracy: 0.2667 - val_loss: 4.7599 - val_accuracy: 0.4000 - lr: 1.0000e-05
Epoch 10/25
4/4 [==============================] - 2s 436ms/step - loss: 5.5534 - accuracy: 0.3167 - val_loss: 4.7616 - val_accuracy: 0.4000 - lr: 1.0000e-05
Epoch 11/25
4/4 [==============================] - 2s 422ms/step - loss: 6.3985 - accuracy: 0.2333 - val_loss: 4.7661 - val_accuracy: 0.4000 - lr: 1.0000e-05
Epoch 12/25
4/4 [==============================] - 2s 436ms/step - loss: 5.7943 - accuracy: 0.3000 - val_loss: 4.7623 - val_accuracy: 0.4000 - lr: 5.0000e-06
Epoch 13/25
4/4 [==============================] - 2s 650ms/step - loss: 5.3735 - accuracy: 0.3833 - val_loss: 4.7574 - val_accuracy: 0.4000 - lr: 2.5000e-06
Epoch 14/25
4/4 [==============================] - 2s 653ms/step - loss: 5.7662 - accuracy: 0.3000 - val_loss: 4.7530 - val_accuracy: 0.4000 - lr: 1.2500e-06
Epoch 15/25
4/4 [==============================] - 2s 612ms/step - loss: 5.5448 - accuracy: 0.4000 - val_loss: 4.7492 - val_accuracy: 0.4000 - lr: 6.2500e-07
Epoch 16/25
4/4 [==============================] - 2s 648ms/step - loss: 5.3973 - accuracy: 0.3333 - val_loss: 4.7458 - val_accuracy: 0.4000 - lr: 3.1250e-07
Epoch 17/25
4/4 [==============================] - 2s 620ms/step - loss: 5.1739 - accuracy: 0.4667 - val_loss: 4.7429 - val_accuracy: 0.4000 - lr: 1.5625e-07
Epoch 18/25
4/4 [==============================] - 2s 618ms/step - loss: 5.9850 - accuracy: 0.3333 - val_loss: 4.7399 - val_accuracy: 0.4000 - lr: 7.8125e-08
Epoch 19/25
4/4 [==============================] - 2s 612ms/step - loss: 5.3034 - accuracy: 0.2667 - val_loss: 4.7368 - val_accuracy: 0.4000 - lr: 3.9062e-08
Epoch 20/25
4/4 [==============================] - 2s 649ms/step - loss: 5.4977 - accuracy: 0.3000 - val_loss: 4.7337 - val_accuracy: 0.4000 - lr: 1.9531e-08
Epoch 21/25
4/4 [==============================] - 2s 620ms/step - loss: 5.6497 - accuracy: 0.3500 - val_loss: 4.7309 - val_accuracy: 0.4000 - lr: 9.7656e-09
Epoch 22/25
4/4 [==============================] - 2s 642ms/step - loss: 5.2404 - accuracy: 0.3833 - val_loss: 4.7283 - val_accuracy: 0.4000 - lr: 4.8828e-09
Epoch 23/25
4/4 [==============================] - 2s 616ms/step - loss: 5.5682 - accuracy: 0.3833 - val_loss: 4.7260 - val_accuracy: 0.4000 - lr: 2.4414e-09
Epoch 24/25
4/4 [==============================] - 2s 639ms/step - loss: 5.2966 - accuracy: 0.3667 - val_loss: 4.7238 - val_accuracy: 0.4000 - lr: 1.2207e-09
Epoch 25/25
4/4 [==============================] - 2s 601ms/step - loss: 5.2690 - accuracy: 0.3500 - val_loss: 4.7215 - val_accuracy: 0.4000 - lr: 6.1035e-10
1/1 [==============================] - 0s 155ms/step - loss: 4.8843 - accuracy: 0.1429

Process finished with exit code 0
