C:\Users\tom.zbc\PycharmProjects\fungis_bacterias_project\.venv\Scripts\python.exe C:\Users\tom.zbc\PycharmProjects\fungis_bacterias_project\3_model_training_and_evaluation_FNN_6_50pr.py
Class 'Aero' meets the sample requirement.
Class 'Bacillus' meets the sample requirement.
Class 'Bor' meets the sample requirement.
Class 'E' meets the sample requirement.
Class 'Morganella' meets the sample requirement.
Class 'stapholococcus' meets the sample requirement.
Data check passed for directory: 'C:/Users/tom.zbc/PycharmProjects/fungis_bacterias_project/data/train'
Class 'Aero' meets the sample requirement.
Warning: Class 'Bacillus' has only 0 samples, expected at least 2.
Warning: Class 'Bor' has only 1 samples, expected at least 2.
Warning: Class 'E' has only 0 samples, expected at least 2.
Warning: Class 'Morganella' has only 1 samples, expected at least 2.
Warning: Class 'stapholococcus' has only 1 samples, expected at least 2.
Data check passed for directory: 'C:/Users/tom.zbc/PycharmProjects/fungis_bacterias_project/data/validation'
Class 'Aero' meets the sample requirement.
Warning: Class 'Bacillus' has only 1 samples, expected at least 2.
Warning: Class 'Bor' has only 0 samples, expected at least 2.
Warning: Class 'E' has only 0 samples, expected at least 2.
Warning: Class 'Morganella' has only 1 samples, expected at least 2.
Class 'stapholococcus' meets the sample requirement.
Data check passed for directory: 'C:/Users/tom.zbc/PycharmProjects/fungis_bacterias_project/data/test'
Found 60 images belonging to 6 classes.
Found 5 images belonging to 6 classes.
Found 7 images belonging to 6 classes.
2024-09-30 11:18:38.760207: I tensorflow/core/platform/cpu_feature_guard.cc:182] This TensorFlow binary is optimized to use available CPU instructions in performance-critical operations.
To enable the following instructions: SSE SSE2 SSE3 SSE4.1 SSE4.2 AVX AVX2 AVX_VNNI FMA, in other operations, rebuild TensorFlow with the appropriate compiler flags.
Epoch 1/25
4/4 [==============================] - ETA: 0s - loss: 11.3344 - accuracy: 0.1333C:\Users\tom.zbc\PycharmProjects\fungis_bacterias_project\.venv\lib\site-packages\keras\src\engine\training.py:3000: UserWarning: You are saving your model as an HDF5 file via `model.save()`. This file format is considered legacy. We recommend using instead the native Keras format, e.g. `model.save('my_model.keras')`.
  saving_api.save_model(
4/4 [==============================] - 3s 578ms/step - loss: 11.3344 - accuracy: 0.1333 - val_loss: 7.3387 - val_accuracy: 0.2000 - lr: 5.0000e-05
Epoch 2/25
4/4 [==============================] - 2s 543ms/step - loss: 10.8348 - accuracy: 0.1500 - val_loss: 7.3235 - val_accuracy: 0.2000 - lr: 4.5242e-05
Epoch 3/25
4/4 [==============================] - 1s 362ms/step - loss: 10.5473 - accuracy: 0.1667 - val_loss: 7.3259 - val_accuracy: 0.2000 - lr: 3.7041e-05
Epoch 4/25
4/4 [==============================] - 2s 555ms/step - loss: 9.3603 - accuracy: 0.3167 - val_loss: 7.3228 - val_accuracy: 0.2000 - lr: 2.7441e-05
Epoch 5/25
4/4 [==============================] - 2s 515ms/step - loss: 9.4242 - accuracy: 0.3500 - val_loss: 7.3205 - val_accuracy: 0.2000 - lr: 1.8394e-05
Epoch 6/25
4/4 [==============================] - 2s 460ms/step - loss: 10.1685 - accuracy: 0.2667 - val_loss: 7.3192 - val_accuracy: 0.2000 - lr: 1.1157e-05
Epoch 7/25
4/4 [==============================] - 2s 497ms/step - loss: 9.6474 - accuracy: 0.3000 - val_loss: 7.3183 - val_accuracy: 0.2000 - lr: 6.1228e-06
Epoch 8/25
4/4 [==============================] - 2s 562ms/step - loss: 9.5906 - accuracy: 0.3167 - val_loss: 7.3170 - val_accuracy: 0.2000 - lr: 3.0405e-06
Epoch 9/25
4/4 [==============================] - 2s 541ms/step - loss: 9.4941 - accuracy: 0.2667 - val_loss: 7.3157 - val_accuracy: 0.2000 - lr: 1.3662e-06
Epoch 10/25
4/4 [==============================] - 2s 493ms/step - loss: 9.7995 - accuracy: 0.2667 - val_loss: 7.3152 - val_accuracy: 0.2000 - lr: 5.5545e-07
Epoch 11/25
4/4 [==============================] - 2s 619ms/step - loss: 9.0068 - accuracy: 0.2667 - val_loss: 7.3145 - val_accuracy: 0.2000 - lr: 2.0434e-07
Epoch 12/25
4/4 [==============================] - 2s 560ms/step - loss: 9.5633 - accuracy: 0.2500 - val_loss: 7.3137 - val_accuracy: 0.2000 - lr: 6.8018e-08
Epoch 13/25
4/4 [==============================] - 2s 575ms/step - loss: 9.6703 - accuracy: 0.1833 - val_loss: 7.3128 - val_accuracy: 0.2000 - lr: 2.0487e-08
Epoch 14/25
4/4 [==============================] - 2s 558ms/step - loss: 9.3289 - accuracy: 0.1833 - val_loss: 7.3128 - val_accuracy: 0.2000 - lr: 5.5833e-09
Epoch 15/25
4/4 [==============================] - 1s 344ms/step - loss: 8.9836 - accuracy: 0.3667 - val_loss: 7.3134 - val_accuracy: 0.2000 - lr: 1.3768e-09
Epoch 16/25
4/4 [==============================] - 1s 372ms/step - loss: 9.0479 - accuracy: 0.2833 - val_loss: 7.3148 - val_accuracy: 0.2000 - lr: 3.0721e-10
Epoch 17/25
4/4 [==============================] - 1s 336ms/step - loss: 9.5660 - accuracy: 0.3167 - val_loss: 7.3162 - val_accuracy: 0.2000 - lr: 6.2025e-11
Epoch 18/25
4/4 [==============================] - 1s 336ms/step - loss: 9.5702 - accuracy: 0.2833 - val_loss: 7.3178 - val_accuracy: 0.2000 - lr: 1.1331e-11
Epoch 19/25
4/4 [==============================] - 1s 358ms/step - loss: 9.6599 - accuracy: 0.3833 - val_loss: 7.3197 - val_accuracy: 0.2000 - lr: 1.8730e-12
Epoch 20/25
4/4 [==============================] - 1s 318ms/step - loss: 8.9269 - accuracy: 0.3333 - val_loss: 7.3219 - val_accuracy: 0.2000 - lr: 2.8014e-13
Epoch 21/25
4/4 [==============================] - 1s 333ms/step - loss: 9.2810 - accuracy: 0.2833 - val_loss: 7.3242 - val_accuracy: 0.2000 - lr: 3.7913e-14
Epoch 22/25
4/4 [==============================] - 1s 341ms/step - loss: 9.5820 - accuracy: 0.2667 - val_loss: 7.3268 - val_accuracy: 0.2000 - lr: 4.6427e-15
1/1 [==============================] - 0s 129ms/step - loss: 7.3864 - accuracy: 0.1429
Found 60 images belonging to 6 classes.
Found 5 images belonging to 6 classes.
Found 7 images belonging to 6 classes.
Epoch 1/30
4/4 [==============================] - ETA: 0s - loss: 12.0048 - accuracy: 0.0167C:\Users\tom.zbc\PycharmProjects\fungis_bacterias_project\.venv\lib\site-packages\keras\src\engine\training.py:3000: UserWarning: You are saving your model as an HDF5 file via `model.save()`. This file format is considered legacy. We recommend using instead the native Keras format, e.g. `model.save('my_model.keras')`.
  saving_api.save_model(
4/4 [==============================] - 3s 573ms/step - loss: 12.0048 - accuracy: 0.0167 - val_loss: 7.3952 - val_accuracy: 0.0000e+00 - lr: 5.0000e-05
Epoch 2/30
4/4 [==============================] - 2s 475ms/step - loss: 10.5842 - accuracy: 0.1667 - val_loss: 7.3397 - val_accuracy: 0.2000 - lr: 4.5242e-05
Epoch 3/30
4/4 [==============================] - 2s 458ms/step - loss: 10.0989 - accuracy: 0.2833 - val_loss: 7.3255 - val_accuracy: 0.0000e+00 - lr: 3.7041e-05
Epoch 4/30
4/4 [==============================] - 2s 498ms/step - loss: 10.4252 - accuracy: 0.3000 - val_loss: 7.3206 - val_accuracy: 0.2000 - lr: 2.7441e-05
Epoch 5/30
4/4 [==============================] - 1s 376ms/step - loss: 9.8114 - accuracy: 0.2333 - val_loss: 7.3252 - val_accuracy: 0.2000 - lr: 1.8394e-05
Epoch 6/30
4/4 [==============================] - 1s 338ms/step - loss: 9.2154 - accuracy: 0.3000 - val_loss: 7.3307 - val_accuracy: 0.2000 - lr: 1.1157e-05
Epoch 7/30
4/4 [==============================] - 1s 372ms/step - loss: 10.3863 - accuracy: 0.2333 - val_loss: 7.3341 - val_accuracy: 0.2000 - lr: 6.1228e-06
Epoch 8/30
4/4 [==============================] - 1s 327ms/step - loss: 10.2761 - accuracy: 0.3333 - val_loss: 7.3347 - val_accuracy: 0.0000e+00 - lr: 3.0405e-06
Epoch 9/30
4/4 [==============================] - 1s 341ms/step - loss: 10.1873 - accuracy: 0.1667 - val_loss: 7.3363 - val_accuracy: 0.2000 - lr: 1.3662e-06
Epoch 10/30
4/4 [==============================] - 1s 339ms/step - loss: 9.5103 - accuracy: 0.2667 - val_loss: 7.3379 - val_accuracy: 0.2000 - lr: 5.5545e-07
Epoch 11/30
4/4 [==============================] - 1s 344ms/step - loss: 9.8501 - accuracy: 0.2333 - val_loss: 7.3405 - val_accuracy: 0.2000 - lr: 2.0434e-07
Epoch 12/30
4/4 [==============================] - 2s 360ms/step - loss: 9.7169 - accuracy: 0.2833 - val_loss: 7.3437 - val_accuracy: 0.2000 - lr: 6.8018e-08
1/1 [==============================] - 0s 129ms/step - loss: 7.3279 - accuracy: 0.2857
Found 60 images belonging to 6 classes.
Found 5 images belonging to 6 classes.
Found 7 images belonging to 6 classes.
Epoch 1/25
4/4 [==============================] - ETA: 0s - loss: 10.9881 - accuracy: 0.1667C:\Users\tom.zbc\PycharmProjects\fungis_bacterias_project\.venv\lib\site-packages\keras\src\engine\training.py:3000: UserWarning: You are saving your model as an HDF5 file via `model.save()`. This file format is considered legacy. We recommend using instead the native Keras format, e.g. `model.save('my_model.keras')`.
  saving_api.save_model(
4/4 [==============================] - 3s 520ms/step - loss: 10.9881 - accuracy: 0.1667 - val_loss: 7.3777 - val_accuracy: 0.0000e+00 - lr: 5.0000e-05
Epoch 2/25
4/4 [==============================] - 2s 468ms/step - loss: 10.8568 - accuracy: 0.2333 - val_loss: 7.3556 - val_accuracy: 0.0000e+00 - lr: 4.5242e-05
Epoch 3/25
4/4 [==============================] - 2s 556ms/step - loss: 10.2586 - accuracy: 0.1833 - val_loss: 7.3302 - val_accuracy: 0.0000e+00 - lr: 3.7041e-05
Epoch 4/25
4/4 [==============================] - 2s 504ms/step - loss: 10.2369 - accuracy: 0.2333 - val_loss: 7.3215 - val_accuracy: 0.2000 - lr: 2.7441e-05
Epoch 5/25
4/4 [==============================] - 1s 343ms/step - loss: 9.5056 - accuracy: 0.2833 - val_loss: 7.3286 - val_accuracy: 0.2000 - lr: 1.8394e-05
Epoch 6/25
4/4 [==============================] - 1s 349ms/step - loss: 10.5468 - accuracy: 0.1500 - val_loss: 7.3326 - val_accuracy: 0.0000e+00 - lr: 1.1157e-05
Epoch 7/25
4/4 [==============================] - 1s 361ms/step - loss: 9.0895 - accuracy: 0.2167 - val_loss: 7.3317 - val_accuracy: 0.2000 - lr: 6.1228e-06
Epoch 8/25
4/4 [==============================] - 1s 328ms/step - loss: 9.9015 - accuracy: 0.3167 - val_loss: 7.3276 - val_accuracy: 0.2000 - lr: 3.0405e-06
Epoch 9/25
4/4 [==============================] - 2s 501ms/step - loss: 8.8947 - accuracy: 0.2667 - val_loss: 7.3205 - val_accuracy: 0.2000 - lr: 1.3662e-06
Epoch 10/25
4/4 [==============================] - 2s 496ms/step - loss: 9.3770 - accuracy: 0.2667 - val_loss: 7.3126 - val_accuracy: 0.2000 - lr: 5.5545e-07
Epoch 11/25
4/4 [==============================] - 2s 487ms/step - loss: 10.0847 - accuracy: 0.1667 - val_loss: 7.3051 - val_accuracy: 0.2000 - lr: 2.0434e-07
Epoch 12/25
4/4 [==============================] - 2s 512ms/step - loss: 8.5905 - accuracy: 0.3167 - val_loss: 7.2983 - val_accuracy: 0.2000 - lr: 6.8018e-08
Epoch 13/25
4/4 [==============================] - 2s 489ms/step - loss: 10.1587 - accuracy: 0.2000 - val_loss: 7.2912 - val_accuracy: 0.2000 - lr: 2.0487e-08
Epoch 14/25
4/4 [==============================] - 2s 504ms/step - loss: 9.2889 - accuracy: 0.2833 - val_loss: 7.2843 - val_accuracy: 0.2000 - lr: 5.5833e-09
Epoch 15/25
4/4 [==============================] - 2s 497ms/step - loss: 8.9102 - accuracy: 0.3333 - val_loss: 7.2781 - val_accuracy: 0.2000 - lr: 1.3768e-09
Epoch 16/25
4/4 [==============================] - 2s 461ms/step - loss: 9.4096 - accuracy: 0.2500 - val_loss: 7.2721 - val_accuracy: 0.2000 - lr: 3.0721e-10
Epoch 17/25
4/4 [==============================] - 2s 485ms/step - loss: 8.9595 - accuracy: 0.2667 - val_loss: 7.2666 - val_accuracy: 0.2000 - lr: 6.2025e-11
Epoch 18/25
4/4 [==============================] - 2s 467ms/step - loss: 8.6649 - accuracy: 0.3000 - val_loss: 7.2618 - val_accuracy: 0.2000 - lr: 1.1331e-11
Epoch 19/25
4/4 [==============================] - 2s 458ms/step - loss: 9.7935 - accuracy: 0.2667 - val_loss: 7.2575 - val_accuracy: 0.2000 - lr: 1.8730e-12
Epoch 20/25
4/4 [==============================] - 2s 499ms/step - loss: 9.4193 - accuracy: 0.2167 - val_loss: 7.2536 - val_accuracy: 0.2000 - lr: 2.8014e-13
Epoch 21/25
4/4 [==============================] - 2s 482ms/step - loss: 9.2496 - accuracy: 0.2333 - val_loss: 7.2500 - val_accuracy: 0.2000 - lr: 3.7913e-14
Epoch 22/25
4/4 [==============================] - 2s 461ms/step - loss: 9.8859 - accuracy: 0.3000 - val_loss: 7.2466 - val_accuracy: 0.2000 - lr: 4.6427e-15
Epoch 23/25
4/4 [==============================] - 2s 534ms/step - loss: 9.3073 - accuracy: 0.3000 - val_loss: 7.2435 - val_accuracy: 0.2000 - lr: 5.1442e-16
Epoch 24/25
4/4 [==============================] - 2s 523ms/step - loss: 9.3725 - accuracy: 0.3000 - val_loss: 7.2407 - val_accuracy: 0.2000 - lr: 5.1575e-17
Epoch 25/25
4/4 [==============================] - 2s 503ms/step - loss: 9.3869 - accuracy: 0.3000 - val_loss: 7.2382 - val_accuracy: 0.2000 - lr: 4.6788e-18
1/1 [==============================] - 0s 119ms/step - loss: 7.1872 - accuracy: 0.2857
Found 60 images belonging to 6 classes.
Found 5 images belonging to 6 classes.
Found 7 images belonging to 6 classes.
Epoch 1/30
4/4 [==============================] - ETA: 0s - loss: 10.6879 - accuracy: 0.2500C:\Users\tom.zbc\PycharmProjects\fungis_bacterias_project\.venv\lib\site-packages\keras\src\engine\training.py:3000: UserWarning: You are saving your model as an HDF5 file via `model.save()`. This file format is considered legacy. We recommend using instead the native Keras format, e.g. `model.save('my_model.keras')`.
  saving_api.save_model(
4/4 [==============================] - 3s 563ms/step - loss: 10.6879 - accuracy: 0.2500 - val_loss: 7.3529 - val_accuracy: 0.0000e+00 - lr: 5.0000e-05
Epoch 2/30
4/4 [==============================] - 2s 511ms/step - loss: 10.4877 - accuracy: 0.1667 - val_loss: 7.3014 - val_accuracy: 0.4000 - lr: 4.5242e-05
Epoch 3/30
4/4 [==============================] - 2s 454ms/step - loss: 11.0064 - accuracy: 0.2500 - val_loss: 7.2798 - val_accuracy: 0.4000 - lr: 3.7041e-05
Epoch 4/30
4/4 [==============================] - 1s 365ms/step - loss: 10.5309 - accuracy: 0.2000 - val_loss: 7.2978 - val_accuracy: 0.2000 - lr: 2.7441e-05
Epoch 5/30
4/4 [==============================] - 1s 338ms/step - loss: 10.2049 - accuracy: 0.2000 - val_loss: 7.2949 - val_accuracy: 0.2000 - lr: 1.8394e-05
Epoch 6/30
4/4 [==============================] - 1s 320ms/step - loss: 10.2867 - accuracy: 0.2833 - val_loss: 7.2823 - val_accuracy: 0.2000 - lr: 1.1157e-05
Epoch 7/30
4/4 [==============================] - 2s 506ms/step - loss: 9.8784 - accuracy: 0.1833 - val_loss: 7.2703 - val_accuracy: 0.2000 - lr: 6.1228e-06
Epoch 8/30
4/4 [==============================] - 2s 522ms/step - loss: 10.2362 - accuracy: 0.2000 - val_loss: 7.2592 - val_accuracy: 0.2000 - lr: 3.0405e-06
Epoch 9/30
4/4 [==============================] - 2s 487ms/step - loss: 10.1528 - accuracy: 0.2500 - val_loss: 7.2498 - val_accuracy: 0.2000 - lr: 1.3662e-06
Epoch 10/30
4/4 [==============================] - 2s 471ms/step - loss: 9.8958 - accuracy: 0.2833 - val_loss: 7.2398 - val_accuracy: 0.2000 - lr: 5.5545e-07
Epoch 11/30
4/4 [==============================] - 2s 473ms/step - loss: 9.5348 - accuracy: 0.1500 - val_loss: 7.2291 - val_accuracy: 0.2000 - lr: 2.0434e-07
Epoch 12/30
4/4 [==============================] - 2s 466ms/step - loss: 9.4748 - accuracy: 0.2667 - val_loss: 7.2186 - val_accuracy: 0.2000 - lr: 6.8018e-08
Epoch 13/30
4/4 [==============================] - 2s 455ms/step - loss: 9.9420 - accuracy: 0.2833 - val_loss: 7.2082 - val_accuracy: 0.2000 - lr: 2.0487e-08
Epoch 14/30
4/4 [==============================] - 2s 508ms/step - loss: 9.1035 - accuracy: 0.2833 - val_loss: 7.1983 - val_accuracy: 0.2000 - lr: 5.5833e-09
Epoch 15/30
4/4 [==============================] - 2s 491ms/step - loss: 9.7061 - accuracy: 0.2167 - val_loss: 7.1885 - val_accuracy: 0.4000 - lr: 1.3768e-09
Epoch 16/30
4/4 [==============================] - 2s 510ms/step - loss: 9.2113 - accuracy: 0.3667 - val_loss: 7.1802 - val_accuracy: 0.4000 - lr: 3.0721e-10
Epoch 17/30
4/4 [==============================] - 2s 469ms/step - loss: 9.0933 - accuracy: 0.3333 - val_loss: 7.1719 - val_accuracy: 0.4000 - lr: 6.2025e-11
Epoch 18/30
4/4 [==============================] - 2s 462ms/step - loss: 9.3610 - accuracy: 0.3833 - val_loss: 7.1640 - val_accuracy: 0.4000 - lr: 1.1331e-11
Epoch 19/30
4/4 [==============================] - 2s 538ms/step - loss: 9.0354 - accuracy: 0.3167 - val_loss: 7.1558 - val_accuracy: 0.4000 - lr: 1.8730e-12
Epoch 20/30
4/4 [==============================] - 2s 496ms/step - loss: 9.3260 - accuracy: 0.2833 - val_loss: 7.1482 - val_accuracy: 0.4000 - lr: 2.8014e-13
Epoch 21/30
4/4 [==============================] - 2s 502ms/step - loss: 9.8672 - accuracy: 0.3167 - val_loss: 7.1412 - val_accuracy: 0.4000 - lr: 3.7913e-14
Epoch 22/30
4/4 [==============================] - 2s 537ms/step - loss: 9.8252 - accuracy: 0.2333 - val_loss: 7.1356 - val_accuracy: 0.4000 - lr: 4.6427e-15
Epoch 23/30
4/4 [==============================] - 2s 526ms/step - loss: 8.9025 - accuracy: 0.3667 - val_loss: 7.1302 - val_accuracy: 0.4000 - lr: 5.1442e-16
Epoch 24/30
4/4 [==============================] - 2s 569ms/step - loss: 8.9571 - accuracy: 0.2833 - val_loss: 7.1252 - val_accuracy: 0.4000 - lr: 5.1575e-17
Epoch 25/30
4/4 [==============================] - 2s 479ms/step - loss: 9.3262 - accuracy: 0.3833 - val_loss: 7.1200 - val_accuracy: 0.4000 - lr: 4.6788e-18
Epoch 26/30
4/4 [==============================] - 2s 460ms/step - loss: 9.7347 - accuracy: 0.2500 - val_loss: 7.1161 - val_accuracy: 0.4000 - lr: 3.8406e-19
Epoch 27/30
4/4 [==============================] - 2s 561ms/step - loss: 10.0960 - accuracy: 0.2333 - val_loss: 7.1127 - val_accuracy: 0.4000 - lr: 2.8526e-20
Epoch 28/30
4/4 [==============================] - 2s 501ms/step - loss: 9.8325 - accuracy: 0.2333 - val_loss: 7.1095 - val_accuracy: 0.4000 - lr: 1.9171e-21
Epoch 29/30
4/4 [==============================] - 2s 546ms/step - loss: 9.9135 - accuracy: 0.2833 - val_loss: 7.1066 - val_accuracy: 0.4000 - lr: 1.1658e-22
Epoch 30/30
4/4 [==============================] - 2s 505ms/step - loss: 10.5877 - accuracy: 0.1833 - val_loss: 7.1038 - val_accuracy: 0.4000 - lr: 6.4145e-24
1/1 [==============================] - 0s 123ms/step - loss: 7.0661 - accuracy: 0.4286
Found 60 images belonging to 6 classes.
Found 5 images belonging to 6 classes.
Found 7 images belonging to 6 classes.
Epoch 1/25
4/4 [==============================] - ETA: 0s - loss: 10.4199 - accuracy: 0.1500C:\Users\tom.zbc\PycharmProjects\fungis_bacterias_project\.venv\lib\site-packages\keras\src\engine\training.py:3000: UserWarning: You are saving your model as an HDF5 file via `model.save()`. This file format is considered legacy. We recommend using instead the native Keras format, e.g. `model.save('my_model.keras')`.
  saving_api.save_model(
4/4 [==============================] - 3s 573ms/step - loss: 10.4199 - accuracy: 0.1500 - val_loss: 7.3780 - val_accuracy: 0.0000e+00 - lr: 5.0000e-05
Epoch 2/25
4/4 [==============================] - 2s 524ms/step - loss: 11.2034 - accuracy: 0.2000 - val_loss: 7.3582 - val_accuracy: 0.2000 - lr: 4.5242e-05
Epoch 3/25
4/4 [==============================] - 2s 533ms/step - loss: 10.3192 - accuracy: 0.2000 - val_loss: 7.3360 - val_accuracy: 0.0000e+00 - lr: 3.7041e-05
Epoch 4/25
4/4 [==============================] - 2s 568ms/step - loss: 10.6065 - accuracy: 0.1500 - val_loss: 7.3189 - val_accuracy: 0.0000e+00 - lr: 2.7441e-05
Epoch 5/25
4/4 [==============================] - 2s 558ms/step - loss: 10.2652 - accuracy: 0.3000 - val_loss: 7.3159 - val_accuracy: 0.2000 - lr: 1.8394e-05
Epoch 6/25
4/4 [==============================] - 2s 506ms/step - loss: 9.8956 - accuracy: 0.3333 - val_loss: 7.3047 - val_accuracy: 0.2000 - lr: 1.1157e-05
Epoch 7/25
4/4 [==============================] - 2s 520ms/step - loss: 10.0510 - accuracy: 0.2667 - val_loss: 7.2918 - val_accuracy: 0.2000 - lr: 6.1228e-06
Epoch 8/25
4/4 [==============================] - 2s 511ms/step - loss: 9.4003 - accuracy: 0.2500 - val_loss: 7.2782 - val_accuracy: 0.2000 - lr: 3.0405e-06
Epoch 9/25
4/4 [==============================] - 2s 514ms/step - loss: 9.2139 - accuracy: 0.3500 - val_loss: 7.2638 - val_accuracy: 0.2000 - lr: 1.3662e-06
Epoch 10/25
4/4 [==============================] - 2s 523ms/step - loss: 9.8169 - accuracy: 0.2500 - val_loss: 7.2512 - val_accuracy: 0.2000 - lr: 5.5545e-07
Epoch 11/25
4/4 [==============================] - 2s 596ms/step - loss: 8.9205 - accuracy: 0.3333 - val_loss: 7.2392 - val_accuracy: 0.2000 - lr: 2.0434e-07
Epoch 12/25
4/4 [==============================] - 2s 536ms/step - loss: 10.5795 - accuracy: 0.0833 - val_loss: 7.2283 - val_accuracy: 0.2000 - lr: 6.8018e-08
Epoch 13/25
4/4 [==============================] - 2s 576ms/step - loss: 9.0985 - accuracy: 0.3167 - val_loss: 7.2180 - val_accuracy: 0.2000 - lr: 2.0487e-08
Epoch 14/25
4/4 [==============================] - 2s 521ms/step - loss: 9.6909 - accuracy: 0.2000 - val_loss: 7.2094 - val_accuracy: 0.2000 - lr: 5.5833e-09
Epoch 15/25
4/4 [==============================] - 2s 522ms/step - loss: 9.3192 - accuracy: 0.2500 - val_loss: 7.2021 - val_accuracy: 0.2000 - lr: 1.3768e-09
Epoch 16/25
4/4 [==============================] - 2s 457ms/step - loss: 9.9737 - accuracy: 0.3167 - val_loss: 7.1957 - val_accuracy: 0.2000 - lr: 3.0721e-10
Epoch 17/25
4/4 [==============================] - 2s 558ms/step - loss: 8.2933 - accuracy: 0.3667 - val_loss: 7.1906 - val_accuracy: 0.2000 - lr: 6.2025e-11
Epoch 18/25
4/4 [==============================] - 2s 540ms/step - loss: 9.2413 - accuracy: 0.3500 - val_loss: 7.1859 - val_accuracy: 0.2000 - lr: 1.1331e-11
Epoch 19/25
4/4 [==============================] - 2s 495ms/step - loss: 9.7252 - accuracy: 0.2333 - val_loss: 7.1813 - val_accuracy: 0.2000 - lr: 1.8730e-12
Epoch 20/25
4/4 [==============================] - 2s 498ms/step - loss: 9.4374 - accuracy: 0.2833 - val_loss: 7.1771 - val_accuracy: 0.2000 - lr: 2.8014e-13
Epoch 21/25
4/4 [==============================] - 2s 494ms/step - loss: 9.1174 - accuracy: 0.3833 - val_loss: 7.1735 - val_accuracy: 0.2000 - lr: 3.7913e-14
Epoch 22/25
4/4 [==============================] - 2s 511ms/step - loss: 9.7664 - accuracy: 0.2833 - val_loss: 7.1702 - val_accuracy: 0.2000 - lr: 4.6427e-15
Epoch 23/25
4/4 [==============================] - 2s 453ms/step - loss: 10.6223 - accuracy: 0.2167 - val_loss: 7.1673 - val_accuracy: 0.2000 - lr: 5.1442e-16
Epoch 24/25
4/4 [==============================] - 2s 477ms/step - loss: 9.7698 - accuracy: 0.2667 - val_loss: 7.1649 - val_accuracy: 0.2000 - lr: 5.1575e-17
Epoch 25/25
4/4 [==============================] - 2s 574ms/step - loss: 8.8883 - accuracy: 0.2333 - val_loss: 7.1630 - val_accuracy: 0.2000 - lr: 4.6788e-18
1/1 [==============================] - 0s 119ms/step - loss: 7.3131 - accuracy: 0.4286
Found 60 images belonging to 6 classes.
Found 5 images belonging to 6 classes.
Found 7 images belonging to 6 classes.
Epoch 1/30
4/4 [==============================] - ETA: 0s - loss: 11.1012 - accuracy: 0.1500C:\Users\tom.zbc\PycharmProjects\fungis_bacterias_project\.venv\lib\site-packages\keras\src\engine\training.py:3000: UserWarning: You are saving your model as an HDF5 file via `model.save()`. This file format is considered legacy. We recommend using instead the native Keras format, e.g. `model.save('my_model.keras')`.
  saving_api.save_model(
4/4 [==============================] - 3s 573ms/step - loss: 11.1012 - accuracy: 0.1500 - val_loss: 7.3547 - val_accuracy: 0.0000e+00 - lr: 5.0000e-05
Epoch 2/30
4/4 [==============================] - 2s 476ms/step - loss: 9.9242 - accuracy: 0.3000 - val_loss: 7.2885 - val_accuracy: 0.2000 - lr: 4.5242e-05
Epoch 3/30
4/4 [==============================] - 2s 526ms/step - loss: 11.4464 - accuracy: 0.1833 - val_loss: 7.2597 - val_accuracy: 0.4000 - lr: 3.7041e-05
Epoch 4/30
4/4 [==============================] - 2s 460ms/step - loss: 10.4658 - accuracy: 0.1500 - val_loss: 7.2473 - val_accuracy: 0.6000 - lr: 2.7441e-05
Epoch 5/30
4/4 [==============================] - 2s 507ms/step - loss: 9.5047 - accuracy: 0.1833 - val_loss: 7.2422 - val_accuracy: 0.4000 - lr: 1.8394e-05
Epoch 6/30
4/4 [==============================] - 2s 553ms/step - loss: 9.6671 - accuracy: 0.3000 - val_loss: 7.2417 - val_accuracy: 0.4000 - lr: 1.1157e-05
Epoch 7/30
4/4 [==============================] - 2s 498ms/step - loss: 9.2833 - accuracy: 0.3333 - val_loss: 7.2352 - val_accuracy: 0.4000 - lr: 6.1228e-06
Epoch 8/30
4/4 [==============================] - 2s 447ms/step - loss: 9.1030 - accuracy: 0.3167 - val_loss: 7.2262 - val_accuracy: 0.4000 - lr: 3.0405e-06
Epoch 9/30
4/4 [==============================] - 2s 504ms/step - loss: 9.1896 - accuracy: 0.2667 - val_loss: 7.2163 - val_accuracy: 0.4000 - lr: 1.3662e-06
Epoch 10/30
4/4 [==============================] - 2s 508ms/step - loss: 9.2729 - accuracy: 0.3667 - val_loss: 7.2058 - val_accuracy: 0.4000 - lr: 5.5545e-07
Epoch 11/30
4/4 [==============================] - 2s 477ms/step - loss: 9.2165 - accuracy: 0.2667 - val_loss: 7.1965 - val_accuracy: 0.4000 - lr: 2.0434e-07
Epoch 12/30
4/4 [==============================] - 2s 453ms/step - loss: 9.9431 - accuracy: 0.3167 - val_loss: 7.1882 - val_accuracy: 0.4000 - lr: 6.8018e-08
Epoch 13/30
4/4 [==============================] - 2s 482ms/step - loss: 9.9042 - accuracy: 0.2000 - val_loss: 7.1797 - val_accuracy: 0.4000 - lr: 2.0487e-08
Epoch 14/30
4/4 [==============================] - 2s 473ms/step - loss: 10.3793 - accuracy: 0.3000 - val_loss: 7.1711 - val_accuracy: 0.4000 - lr: 5.5833e-09
Epoch 15/30
4/4 [==============================] - 2s 553ms/step - loss: 9.3181 - accuracy: 0.2167 - val_loss: 7.1632 - val_accuracy: 0.4000 - lr: 1.3768e-09
Epoch 16/30
4/4 [==============================] - 2s 486ms/step - loss: 9.5267 - accuracy: 0.2833 - val_loss: 7.1545 - val_accuracy: 0.4000 - lr: 3.0721e-10
Epoch 17/30
4/4 [==============================] - 2s 480ms/step - loss: 9.9803 - accuracy: 0.2500 - val_loss: 7.1460 - val_accuracy: 0.4000 - lr: 6.2025e-11
Epoch 18/30
4/4 [==============================] - 2s 472ms/step - loss: 8.7917 - accuracy: 0.2833 - val_loss: 7.1374 - val_accuracy: 0.4000 - lr: 1.1331e-11
Epoch 19/30
4/4 [==============================] - 2s 523ms/step - loss: 9.2796 - accuracy: 0.3333 - val_loss: 7.1293 - val_accuracy: 0.4000 - lr: 1.8730e-12
Epoch 20/30
4/4 [==============================] - 2s 515ms/step - loss: 9.2916 - accuracy: 0.2333 - val_loss: 7.1216 - val_accuracy: 0.4000 - lr: 2.8014e-13
Epoch 21/30
4/4 [==============================] - 2s 475ms/step - loss: 9.2864 - accuracy: 0.2833 - val_loss: 7.1140 - val_accuracy: 0.4000 - lr: 3.7913e-14
Epoch 22/30
4/4 [==============================] - 2s 452ms/step - loss: 8.9817 - accuracy: 0.4000 - val_loss: 7.1064 - val_accuracy: 0.4000 - lr: 4.6427e-15
Epoch 23/30
4/4 [==============================] - 2s 501ms/step - loss: 9.8704 - accuracy: 0.2167 - val_loss: 7.0991 - val_accuracy: 0.2000 - lr: 5.1442e-16
Epoch 24/30
4/4 [==============================] - 2s 474ms/step - loss: 8.8109 - accuracy: 0.3667 - val_loss: 7.0918 - val_accuracy: 0.2000 - lr: 5.1575e-17
Epoch 25/30
4/4 [==============================] - 2s 481ms/step - loss: 9.3089 - accuracy: 0.3000 - val_loss: 7.0848 - val_accuracy: 0.2000 - lr: 4.6788e-18
Epoch 26/30
4/4 [==============================] - 2s 465ms/step - loss: 9.2914 - accuracy: 0.3333 - val_loss: 7.0781 - val_accuracy: 0.2000 - lr: 3.8406e-19
Epoch 27/30
4/4 [==============================] - 2s 454ms/step - loss: 9.3313 - accuracy: 0.3167 - val_loss: 7.0714 - val_accuracy: 0.2000 - lr: 2.8526e-20
Epoch 28/30
4/4 [==============================] - 2s 500ms/step - loss: 9.4700 - accuracy: 0.2333 - val_loss: 7.0648 - val_accuracy: 0.2000 - lr: 1.9171e-21
Epoch 29/30
4/4 [==============================] - 2s 453ms/step - loss: 8.7971 - accuracy: 0.3667 - val_loss: 7.0583 - val_accuracy: 0.2000 - lr: 1.1658e-22
Epoch 30/30
4/4 [==============================] - 2s 484ms/step - loss: 8.9709 - accuracy: 0.2833 - val_loss: 7.0516 - val_accuracy: 0.2000 - lr: 6.4145e-24
1/1 [==============================] - 0s 117ms/step - loss: 7.5056 - accuracy: 0.0000e+00
Found 60 images belonging to 6 classes.
Found 5 images belonging to 6 classes.
Found 7 images belonging to 6 classes.
Epoch 1/25
4/4 [==============================] - ETA: 0s - loss: 10.4773 - accuracy: 0.1000C:\Users\tom.zbc\PycharmProjects\fungis_bacterias_project\.venv\lib\site-packages\keras\src\engine\training.py:3000: UserWarning: You are saving your model as an HDF5 file via `model.save()`. This file format is considered legacy. We recommend using instead the native Keras format, e.g. `model.save('my_model.keras')`.
  saving_api.save_model(
4/4 [==============================] - 3s 593ms/step - loss: 10.4773 - accuracy: 0.1000 - val_loss: 7.3618 - val_accuracy: 0.4000 - lr: 5.0000e-05
Epoch 2/25
4/4 [==============================] - 1s 326ms/step - loss: 11.0233 - accuracy: 0.1167 - val_loss: 7.3758 - val_accuracy: 0.4000 - lr: 4.5242e-05
Epoch 3/25
4/4 [==============================] - 2s 467ms/step - loss: 11.4015 - accuracy: 0.2000 - val_loss: 7.3447 - val_accuracy: 0.4000 - lr: 3.7041e-05
Epoch 4/25
4/4 [==============================] - 2s 541ms/step - loss: 10.6084 - accuracy: 0.2667 - val_loss: 7.3191 - val_accuracy: 0.2000 - lr: 2.7441e-05
Epoch 5/25
4/4 [==============================] - 2s 455ms/step - loss: 11.2415 - accuracy: 0.1667 - val_loss: 7.3034 - val_accuracy: 0.2000 - lr: 1.8394e-05
Epoch 6/25
4/4 [==============================] - 2s 598ms/step - loss: 9.9048 - accuracy: 0.3500 - val_loss: 7.2985 - val_accuracy: 0.2000 - lr: 1.1157e-05
Epoch 7/25
4/4 [==============================] - 1s 321ms/step - loss: 9.7353 - accuracy: 0.2333 - val_loss: 7.3002 - val_accuracy: 0.2000 - lr: 6.1228e-06
Epoch 8/25
4/4 [==============================] - 1s 331ms/step - loss: 9.5135 - accuracy: 0.3000 - val_loss: 7.2996 - val_accuracy: 0.2000 - lr: 3.0405e-06
Epoch 9/25
4/4 [==============================] - 1s 322ms/step - loss: 10.3982 - accuracy: 0.1500 - val_loss: 7.2997 - val_accuracy: 0.2000 - lr: 1.3662e-06
Epoch 10/25
4/4 [==============================] - 1s 338ms/step - loss: 9.4010 - accuracy: 0.2667 - val_loss: 7.3020 - val_accuracy: 0.2000 - lr: 5.5545e-07
Epoch 11/25
4/4 [==============================] - 1s 358ms/step - loss: 9.3258 - accuracy: 0.3167 - val_loss: 7.3049 - val_accuracy: 0.2000 - lr: 2.0434e-07
Epoch 12/25
4/4 [==============================] - 1s 277ms/step - loss: 10.0481 - accuracy: 0.2333 - val_loss: 7.3083 - val_accuracy: 0.2000 - lr: 6.8018e-08
Epoch 13/25
4/4 [==============================] - 1s 281ms/step - loss: 9.6390 - accuracy: 0.2833 - val_loss: 7.3105 - val_accuracy: 0.2000 - lr: 2.0487e-08
Epoch 14/25
4/4 [==============================] - 1s 287ms/step - loss: 10.0597 - accuracy: 0.3167 - val_loss: 7.3129 - val_accuracy: 0.2000 - lr: 5.5833e-09
1/1 [==============================] - 0s 101ms/step - loss: 7.3160 - accuracy: 0.4286
Found 60 images belonging to 6 classes.
Found 5 images belonging to 6 classes.
Found 7 images belonging to 6 classes.
Epoch 1/30
4/4 [==============================] - ETA: 0s - loss: 9.5769 - accuracy: 0.3167C:\Users\tom.zbc\PycharmProjects\fungis_bacterias_project\.venv\lib\site-packages\keras\src\engine\training.py:3000: UserWarning: You are saving your model as an HDF5 file via `model.save()`. This file format is considered legacy. We recommend using instead the native Keras format, e.g. `model.save('my_model.keras')`.
  saving_api.save_model(
4/4 [==============================] - 2s 425ms/step - loss: 9.5769 - accuracy: 0.3167 - val_loss: 7.3110 - val_accuracy: 0.4000 - lr: 5.0000e-05
Epoch 2/30
4/4 [==============================] - 1s 251ms/step - loss: 10.8096 - accuracy: 0.1667 - val_loss: 7.3177 - val_accuracy: 0.2000 - lr: 4.5242e-05
Epoch 3/30
4/4 [==============================] - 1s 258ms/step - loss: 10.8230 - accuracy: 0.1500 - val_loss: 7.3252 - val_accuracy: 0.4000 - lr: 3.7041e-05
Epoch 4/30
4/4 [==============================] - 1s 269ms/step - loss: 10.4528 - accuracy: 0.3000 - val_loss: 7.3222 - val_accuracy: 0.4000 - lr: 2.7441e-05
Epoch 5/30
4/4 [==============================] - 1s 369ms/step - loss: 10.6360 - accuracy: 0.1833 - val_loss: 7.3094 - val_accuracy: 0.4000 - lr: 1.8394e-05
Epoch 6/30
4/4 [==============================] - 1s 355ms/step - loss: 10.9462 - accuracy: 0.2167 - val_loss: 7.3015 - val_accuracy: 0.4000 - lr: 1.1157e-05
Epoch 7/30
4/4 [==============================] - 1s 373ms/step - loss: 10.9681 - accuracy: 0.2333 - val_loss: 7.2952 - val_accuracy: 0.4000 - lr: 6.1228e-06
Epoch 8/30
4/4 [==============================] - 1s 373ms/step - loss: 10.5781 - accuracy: 0.1833 - val_loss: 7.2918 - val_accuracy: 0.4000 - lr: 3.0405e-06
Epoch 9/30
4/4 [==============================] - 1s 263ms/step - loss: 10.8019 - accuracy: 0.2500 - val_loss: 7.2923 - val_accuracy: 0.4000 - lr: 1.3662e-06
Epoch 10/30
4/4 [==============================] - 1s 295ms/step - loss: 10.9053 - accuracy: 0.1833 - val_loss: 7.2929 - val_accuracy: 0.4000 - lr: 5.5545e-07
Epoch 11/30
4/4 [==============================] - 1s 292ms/step - loss: 9.7761 - accuracy: 0.2167 - val_loss: 7.2919 - val_accuracy: 0.4000 - lr: 2.0434e-07
Epoch 12/30
4/4 [==============================] - 1s 371ms/step - loss: 10.6171 - accuracy: 0.1833 - val_loss: 7.2911 - val_accuracy: 0.4000 - lr: 6.8018e-08
Epoch 13/30
4/4 [==============================] - 1s 354ms/step - loss: 10.6915 - accuracy: 0.2167 - val_loss: 7.2900 - val_accuracy: 0.4000 - lr: 2.0487e-08
Epoch 14/30
4/4 [==============================] - 1s 352ms/step - loss: 9.9329 - accuracy: 0.2333 - val_loss: 7.2894 - val_accuracy: 0.4000 - lr: 5.5833e-09
Epoch 15/30
4/4 [==============================] - 1s 371ms/step - loss: 10.5589 - accuracy: 0.1667 - val_loss: 7.2891 - val_accuracy: 0.4000 - lr: 1.3768e-09
Epoch 16/30
4/4 [==============================] - 1s 357ms/step - loss: 9.5178 - accuracy: 0.3333 - val_loss: 7.2891 - val_accuracy: 0.2000 - lr: 3.0721e-10
Epoch 17/30
4/4 [==============================] - 1s 257ms/step - loss: 9.9990 - accuracy: 0.1833 - val_loss: 7.2893 - val_accuracy: 0.2000 - lr: 6.2025e-11
Epoch 18/30
4/4 [==============================] - 1s 256ms/step - loss: 11.0567 - accuracy: 0.2000 - val_loss: 7.2894 - val_accuracy: 0.2000 - lr: 1.1331e-11
Epoch 19/30
4/4 [==============================] - 1s 275ms/step - loss: 9.8909 - accuracy: 0.3000 - val_loss: 7.2899 - val_accuracy: 0.2000 - lr: 1.8730e-12
Epoch 20/30
4/4 [==============================] - 1s 267ms/step - loss: 10.7894 - accuracy: 0.2333 - val_loss: 7.2909 - val_accuracy: 0.2000 - lr: 2.8014e-13
Epoch 21/30
4/4 [==============================] - 1s 253ms/step - loss: 9.6746 - accuracy: 0.2667 - val_loss: 7.2921 - val_accuracy: 0.2000 - lr: 3.7913e-14
Epoch 22/30
4/4 [==============================] - 1s 257ms/step - loss: 9.9324 - accuracy: 0.2833 - val_loss: 7.2936 - val_accuracy: 0.2000 - lr: 4.6427e-15
Epoch 23/30
4/4 [==============================] - 1s 269ms/step - loss: 9.4605 - accuracy: 0.3333 - val_loss: 7.2959 - val_accuracy: 0.2000 - lr: 5.1442e-16
Epoch 24/30
4/4 [==============================] - 1s 289ms/step - loss: 10.3563 - accuracy: 0.2667 - val_loss: 7.2985 - val_accuracy: 0.2000 - lr: 5.1575e-17
1/1 [==============================] - 0s 100ms/step - loss: 7.3072 - accuracy: 0.4286
Found 60 images belonging to 6 classes.
Found 5 images belonging to 6 classes.
Found 7 images belonging to 6 classes.
Epoch 1/25
4/4 [==============================] - ETA: 0s - loss: 11.9932 - accuracy: 0.2667C:\Users\tom.zbc\PycharmProjects\fungis_bacterias_project\.venv\lib\site-packages\keras\src\engine\training.py:3000: UserWarning: You are saving your model as an HDF5 file via `model.save()`. This file format is considered legacy. We recommend using instead the native Keras format, e.g. `model.save('my_model.keras')`.
  saving_api.save_model(
4/4 [==============================] - 3s 647ms/step - loss: 11.9932 - accuracy: 0.2667 - val_loss: 7.7790 - val_accuracy: 0.2000 - lr: 5.0000e-05
Epoch 2/25
4/4 [==============================] - 2s 416ms/step - loss: 14.1968 - accuracy: 0.1333 - val_loss: 7.9421 - val_accuracy: 0.2000 - lr: 4.5242e-05
Epoch 3/25
4/4 [==============================] - 2s 385ms/step - loss: 14.5772 - accuracy: 0.1500 - val_loss: 7.8720 - val_accuracy: 0.2000 - lr: 3.7041e-05
Epoch 4/25
4/4 [==============================] - 2s 384ms/step - loss: 14.4361 - accuracy: 0.1667 - val_loss: 7.8215 - val_accuracy: 0.2000 - lr: 2.7441e-05
Epoch 5/25
4/4 [==============================] - 2s 393ms/step - loss: 12.6692 - accuracy: 0.2333 - val_loss: 7.8229 - val_accuracy: 0.2000 - lr: 1.8394e-05
Epoch 6/25
4/4 [==============================] - 2s 388ms/step - loss: 12.5837 - accuracy: 0.2167 - val_loss: 7.8205 - val_accuracy: 0.2000 - lr: 1.1157e-05
Epoch 7/25
4/4 [==============================] - 2s 405ms/step - loss: 11.4696 - accuracy: 0.2500 - val_loss: 7.8180 - val_accuracy: 0.2000 - lr: 1.2246e-06
Epoch 8/25
4/4 [==============================] - 2s 398ms/step - loss: 11.0903 - accuracy: 0.3167 - val_loss: 7.8145 - val_accuracy: 0.2000 - lr: 6.0810e-07
Epoch 9/25
4/4 [==============================] - 2s 411ms/step - loss: 12.9784 - accuracy: 0.2167 - val_loss: 7.8082 - val_accuracy: 0.2000 - lr: 2.7324e-07
1/1 [==============================] - 0s 112ms/step - loss: 7.7275 - accuracy: 0.4286
Found 60 images belonging to 6 classes.
Found 5 images belonging to 6 classes.
Found 7 images belonging to 6 classes.
Epoch 1/30
4/4 [==============================] - ETA: 0s - loss: 10.8896 - accuracy: 0.2333C:\Users\tom.zbc\PycharmProjects\fungis_bacterias_project\.venv\lib\site-packages\keras\src\engine\training.py:3000: UserWarning: You are saving your model as an HDF5 file via `model.save()`. This file format is considered legacy. We recommend using instead the native Keras format, e.g. `model.save('my_model.keras')`.
  saving_api.save_model(
4/4 [==============================] - 3s 630ms/step - loss: 10.8896 - accuracy: 0.2333 - val_loss: 7.8084 - val_accuracy: 0.2000 - lr: 5.0000e-05
Epoch 2/30
4/4 [==============================] - 2s 582ms/step - loss: 13.5525 - accuracy: 0.2667 - val_loss: 7.7861 - val_accuracy: 0.4000 - lr: 4.5242e-05
Epoch 3/30
4/4 [==============================] - 2s 588ms/step - loss: 13.8718 - accuracy: 0.1500 - val_loss: 7.7370 - val_accuracy: 0.2000 - lr: 3.7041e-05
Epoch 4/30
4/4 [==============================] - 2s 400ms/step - loss: 12.8982 - accuracy: 0.2833 - val_loss: 7.7440 - val_accuracy: 0.2000 - lr: 2.7441e-05
Epoch 5/30
4/4 [==============================] - 2s 431ms/step - loss: 11.6072 - accuracy: 0.2667 - val_loss: 7.7764 - val_accuracy: 0.0000e+00 - lr: 1.8394e-05
Epoch 6/30
4/4 [==============================] - 2s 401ms/step - loss: 11.6066 - accuracy: 0.3000 - val_loss: 7.8040 - val_accuracy: 0.2000 - lr: 1.1157e-05
Epoch 7/30
4/4 [==============================] - 2s 408ms/step - loss: 11.7278 - accuracy: 0.2333 - val_loss: 7.8214 - val_accuracy: 0.2000 - lr: 6.1228e-06
Epoch 8/30
4/4 [==============================] - 2s 451ms/step - loss: 10.7808 - accuracy: 0.4333 - val_loss: 7.8374 - val_accuracy: 0.2000 - lr: 3.0405e-06
Epoch 9/30
4/4 [==============================] - 2s 413ms/step - loss: 11.9992 - accuracy: 0.3167 - val_loss: 7.8534 - val_accuracy: 0.2000 - lr: 1.0000e-06
Epoch 10/30
4/4 [==============================] - 2s 408ms/step - loss: 9.8953 - accuracy: 0.3667 - val_loss: 7.8698 - val_accuracy: 0.2000 - lr: 4.0657e-07
Epoch 11/30
4/4 [==============================] - 2s 456ms/step - loss: 11.8404 - accuracy: 0.2833 - val_loss: 7.8851 - val_accuracy: 0.2000 - lr: 1.4957e-07
1/1 [==============================] - 0s 114ms/step - loss: 7.7488 - accuracy: 0.2857
Found 60 images belonging to 6 classes.
Found 5 images belonging to 6 classes.
Found 7 images belonging to 6 classes.
Epoch 1/25
4/4 [==============================] - ETA: 0s - loss: 12.0579 - accuracy: 0.1667C:\Users\tom.zbc\PycharmProjects\fungis_bacterias_project\.venv\lib\site-packages\keras\src\engine\training.py:3000: UserWarning: You are saving your model as an HDF5 file via `model.save()`. This file format is considered legacy. We recommend using instead the native Keras format, e.g. `model.save('my_model.keras')`.
  saving_api.save_model(
4/4 [==============================] - 3s 653ms/step - loss: 12.0579 - accuracy: 0.1667 - val_loss: 7.8142 - val_accuracy: 0.2000 - lr: 5.0000e-05
Epoch 2/25
4/4 [==============================] - 2s 583ms/step - loss: 14.1447 - accuracy: 0.2167 - val_loss: 7.7948 - val_accuracy: 0.2000 - lr: 4.5242e-05
Epoch 3/25
4/4 [==============================] - 2s 414ms/step - loss: 13.3606 - accuracy: 0.3167 - val_loss: 7.8050 - val_accuracy: 0.2000 - lr: 3.7041e-05
Epoch 4/25
4/4 [==============================] - 2s 406ms/step - loss: 12.4321 - accuracy: 0.4000 - val_loss: 7.8047 - val_accuracy: 0.2000 - lr: 2.7441e-05
Epoch 5/25
4/4 [==============================] - 2s 407ms/step - loss: 12.1195 - accuracy: 0.3167 - val_loss: 7.7960 - val_accuracy: 0.4000 - lr: 1.8394e-05
Epoch 6/25
4/4 [==============================] - 2s 626ms/step - loss: 12.5018 - accuracy: 0.3000 - val_loss: 7.7843 - val_accuracy: 0.4000 - lr: 1.1157e-05
Epoch 7/25
4/4 [==============================] - 2s 632ms/step - loss: 12.3290 - accuracy: 0.3000 - val_loss: 7.7766 - val_accuracy: 0.6000 - lr: 6.1228e-06
Epoch 8/25
4/4 [==============================] - 2s 603ms/step - loss: 11.8875 - accuracy: 0.3333 - val_loss: 7.7757 - val_accuracy: 0.6000 - lr: 3.0405e-06
Epoch 9/25
4/4 [==============================] - 2s 437ms/step - loss: 10.6631 - accuracy: 0.3333 - val_loss: 7.7798 - val_accuracy: 0.6000 - lr: 1.3662e-06
Epoch 10/25
4/4 [==============================] - 2s 459ms/step - loss: 13.4062 - accuracy: 0.3167 - val_loss: 7.7866 - val_accuracy: 0.4000 - lr: 5.5545e-07
Epoch 11/25
4/4 [==============================] - 2s 435ms/step - loss: 10.8762 - accuracy: 0.3333 - val_loss: 7.7944 - val_accuracy: 0.2000 - lr: 2.0434e-07
Epoch 12/25
4/4 [==============================] - 2s 410ms/step - loss: 12.9941 - accuracy: 0.2667 - val_loss: 7.8051 - val_accuracy: 0.2000 - lr: 6.8018e-08
Epoch 13/25
4/4 [==============================] - 2s 418ms/step - loss: 12.0697 - accuracy: 0.2500 - val_loss: 7.8160 - val_accuracy: 0.2000 - lr: 2.0487e-08
Epoch 14/25
4/4 [==============================] - 2s 402ms/step - loss: 12.2062 - accuracy: 0.2667 - val_loss: 7.8261 - val_accuracy: 0.2000 - lr: 5.5833e-09
Epoch 15/25
4/4 [==============================] - 2s 412ms/step - loss: 11.1924 - accuracy: 0.3167 - val_loss: 7.8370 - val_accuracy: 0.2000 - lr: 1.3768e-09
Epoch 16/25
4/4 [==============================] - 2s 414ms/step - loss: 11.9464 - accuracy: 0.3000 - val_loss: 7.8471 - val_accuracy: 0.2000 - lr: 3.0721e-10
1/1 [==============================] - 0s 133ms/step - loss: 7.8906 - accuracy: 0.1429
Found 60 images belonging to 6 classes.
Found 5 images belonging to 6 classes.
Found 7 images belonging to 6 classes.
Epoch 1/30
4/4 [==============================] - ETA: 0s - loss: 12.5112 - accuracy: 0.1333C:\Users\tom.zbc\PycharmProjects\fungis_bacterias_project\.venv\lib\site-packages\keras\src\engine\training.py:3000: UserWarning: You are saving your model as an HDF5 file via `model.save()`. This file format is considered legacy. We recommend using instead the native Keras format, e.g. `model.save('my_model.keras')`.
  saving_api.save_model(
4/4 [==============================] - 3s 663ms/step - loss: 12.5112 - accuracy: 0.1333 - val_loss: 7.7247 - val_accuracy: 0.4000 - lr: 5.0000e-05
Epoch 2/30
4/4 [==============================] - 2s 584ms/step - loss: 12.1374 - accuracy: 0.2833 - val_loss: 7.7005 - val_accuracy: 0.4000 - lr: 4.5242e-05
Epoch 3/30
4/4 [==============================] - 2s 588ms/step - loss: 13.2959 - accuracy: 0.1833 - val_loss: 7.6771 - val_accuracy: 0.2000 - lr: 3.7041e-05
Epoch 4/30
4/4 [==============================] - 2s 591ms/step - loss: 11.1281 - accuracy: 0.3000 - val_loss: 7.6685 - val_accuracy: 0.2000 - lr: 2.7441e-05
Epoch 5/30
4/4 [==============================] - 2s 391ms/step - loss: 11.9323 - accuracy: 0.2333 - val_loss: 7.6704 - val_accuracy: 0.2000 - lr: 1.8394e-05
Epoch 6/30
4/4 [==============================] - 2s 630ms/step - loss: 10.1253 - accuracy: 0.3667 - val_loss: 7.6680 - val_accuracy: 0.2000 - lr: 1.1157e-05
Epoch 7/30
4/4 [==============================] - 3s 735ms/step - loss: 10.9080 - accuracy: 0.2833 - val_loss: 7.6617 - val_accuracy: 0.2000 - lr: 6.1228e-06
Epoch 8/30
4/4 [==============================] - 2s 617ms/step - loss: 9.8736 - accuracy: 0.2167 - val_loss: 7.6560 - val_accuracy: 0.2000 - lr: 3.0405e-06
Epoch 9/30
4/4 [==============================] - 2s 598ms/step - loss: 9.3765 - accuracy: 0.3500 - val_loss: 7.6512 - val_accuracy: 0.2000 - lr: 1.3662e-06
Epoch 10/30
4/4 [==============================] - 2s 606ms/step - loss: 10.1958 - accuracy: 0.2667 - val_loss: 7.6465 - val_accuracy: 0.2000 - lr: 5.5545e-07
Epoch 11/30
4/4 [==============================] - 2s 598ms/step - loss: 9.6823 - accuracy: 0.3333 - val_loss: 7.6430 - val_accuracy: 0.2000 - lr: 2.0434e-07
Epoch 12/30
4/4 [==============================] - 2s 597ms/step - loss: 11.2085 - accuracy: 0.2833 - val_loss: 7.6418 - val_accuracy: 0.2000 - lr: 6.8018e-08
Epoch 13/30
4/4 [==============================] - 2s 404ms/step - loss: 9.8716 - accuracy: 0.3500 - val_loss: 7.6431 - val_accuracy: 0.2000 - lr: 2.0487e-08
Epoch 14/30
4/4 [==============================] - 2s 445ms/step - loss: 10.9352 - accuracy: 0.3333 - val_loss: 7.6467 - val_accuracy: 0.2000 - lr: 5.5833e-09
Epoch 15/30
4/4 [==============================] - 2s 423ms/step - loss: 10.5361 - accuracy: 0.2000 - val_loss: 7.6524 - val_accuracy: 0.2000 - lr: 1.3768e-09
Epoch 16/30
4/4 [==============================] - 2s 422ms/step - loss: 10.3928 - accuracy: 0.3667 - val_loss: 7.6601 - val_accuracy: 0.2000 - lr: 3.0721e-10
Epoch 17/30
4/4 [==============================] - 2s 425ms/step - loss: 10.8509 - accuracy: 0.2167 - val_loss: 7.6699 - val_accuracy: 0.2000 - lr: 6.2025e-11
Epoch 18/30
4/4 [==============================] - 2s 425ms/step - loss: 10.4519 - accuracy: 0.3000 - val_loss: 7.6819 - val_accuracy: 0.2000 - lr: 1.1331e-11
Epoch 19/30
4/4 [==============================] - 2s 469ms/step - loss: 10.3324 - accuracy: 0.2833 - val_loss: 7.6958 - val_accuracy: 0.2000 - lr: 1.8730e-12
Epoch 20/30
4/4 [==============================] - 2s 457ms/step - loss: 10.9565 - accuracy: 0.2833 - val_loss: 7.7102 - val_accuracy: 0.2000 - lr: 2.8014e-13
1/1 [==============================] - 0s 133ms/step - loss: 7.8856 - accuracy: 0.1429
Found 60 images belonging to 6 classes.
Found 5 images belonging to 6 classes.
Found 7 images belonging to 6 classes.
Epoch 1/25
4/4 [==============================] - ETA: 0s - loss: 12.1115 - accuracy: 0.2167C:\Users\tom.zbc\PycharmProjects\fungis_bacterias_project\.venv\lib\site-packages\keras\src\engine\training.py:3000: UserWarning: You are saving your model as an HDF5 file via `model.save()`. This file format is considered legacy. We recommend using instead the native Keras format, e.g. `model.save('my_model.keras')`.
  saving_api.save_model(
4/4 [==============================] - 3s 701ms/step - loss: 12.1115 - accuracy: 0.2167 - val_loss: 7.8537 - val_accuracy: 0.2000 - lr: 5.0000e-05
Epoch 2/25
4/4 [==============================] - 3s 650ms/step - loss: 13.1496 - accuracy: 0.2000 - val_loss: 7.7875 - val_accuracy: 0.2000 - lr: 4.5242e-05
Epoch 3/25
4/4 [==============================] - 2s 675ms/step - loss: 11.2044 - accuracy: 0.4000 - val_loss: 7.6986 - val_accuracy: 0.4000 - lr: 3.7041e-05
Epoch 4/25
4/4 [==============================] - 2s 581ms/step - loss: 12.9538 - accuracy: 0.2833 - val_loss: 7.6783 - val_accuracy: 0.4000 - lr: 2.7441e-05
Epoch 5/25
4/4 [==============================] - 2s 412ms/step - loss: 13.6314 - accuracy: 0.1833 - val_loss: 7.6970 - val_accuracy: 0.4000 - lr: 1.8394e-05
Epoch 6/25
4/4 [==============================] - 2s 454ms/step - loss: 10.8496 - accuracy: 0.3000 - val_loss: 7.7131 - val_accuracy: 0.4000 - lr: 1.1157e-05
Epoch 7/25
4/4 [==============================] - 2s 453ms/step - loss: 11.8950 - accuracy: 0.2833 - val_loss: 7.7283 - val_accuracy: 0.4000 - lr: 6.1228e-06
Epoch 8/25
4/4 [==============================] - 2s 442ms/step - loss: 11.0087 - accuracy: 0.2500 - val_loss: 7.7331 - val_accuracy: 0.4000 - lr: 3.0405e-06
Epoch 9/25
4/4 [==============================] - 2s 456ms/step - loss: 10.8860 - accuracy: 0.2667 - val_loss: 7.7347 - val_accuracy: 0.4000 - lr: 1.3662e-06
Epoch 10/25
4/4 [==============================] - 2s 411ms/step - loss: 11.2758 - accuracy: 0.2167 - val_loss: 7.7386 - val_accuracy: 0.4000 - lr: 5.5545e-07
Epoch 11/25
4/4 [==============================] - 2s 421ms/step - loss: 10.6669 - accuracy: 0.2500 - val_loss: 7.7422 - val_accuracy: 0.4000 - lr: 2.0434e-07
Epoch 12/25
4/4 [==============================] - 2s 433ms/step - loss: 10.8953 - accuracy: 0.2833 - val_loss: 7.7449 - val_accuracy: 0.4000 - lr: 6.8018e-08
1/1 [==============================] - 0s 119ms/step - loss: 7.8184 - accuracy: 0.1429
Found 60 images belonging to 6 classes.
Found 5 images belonging to 6 classes.
Found 7 images belonging to 6 classes.
Epoch 1/30
4/4 [==============================] - ETA: 0s - loss: 12.9276 - accuracy: 0.1000C:\Users\tom.zbc\PycharmProjects\fungis_bacterias_project\.venv\lib\site-packages\keras\src\engine\training.py:3000: UserWarning: You are saving your model as an HDF5 file via `model.save()`. This file format is considered legacy. We recommend using instead the native Keras format, e.g. `model.save('my_model.keras')`.
  saving_api.save_model(
4/4 [==============================] - 3s 687ms/step - loss: 12.9276 - accuracy: 0.1000 - val_loss: 7.8634 - val_accuracy: 0.0000e+00 - lr: 5.0000e-05
Epoch 2/30
4/4 [==============================] - 2s 403ms/step - loss: 13.2464 - accuracy: 0.2167 - val_loss: 7.9121 - val_accuracy: 0.2000 - lr: 4.5242e-05
Epoch 3/30
4/4 [==============================] - 2s 616ms/step - loss: 13.2896 - accuracy: 0.2833 - val_loss: 7.8538 - val_accuracy: 0.2000 - lr: 3.7041e-05
Epoch 4/30
4/4 [==============================] - 2s 621ms/step - loss: 11.8517 - accuracy: 0.3167 - val_loss: 7.8142 - val_accuracy: 0.2000 - lr: 2.7441e-05
Epoch 5/30
4/4 [==============================] - 2s 610ms/step - loss: 12.2500 - accuracy: 0.2500 - val_loss: 7.7991 - val_accuracy: 0.2000 - lr: 1.8394e-05
Epoch 6/30
4/4 [==============================] - 2s 595ms/step - loss: 12.3272 - accuracy: 0.2833 - val_loss: 7.7904 - val_accuracy: 0.2000 - lr: 1.1157e-05
Epoch 7/30
4/4 [==============================] - 2s 410ms/step - loss: 10.6569 - accuracy: 0.3167 - val_loss: 7.7945 - val_accuracy: 0.2000 - lr: 6.1228e-06
Epoch 8/30
4/4 [==============================] - 2s 411ms/step - loss: 11.8776 - accuracy: 0.2167 - val_loss: 7.8030 - val_accuracy: 0.2000 - lr: 3.0405e-06
Epoch 9/30
4/4 [==============================] - 2s 391ms/step - loss: 11.4485 - accuracy: 0.3000 - val_loss: 7.8117 - val_accuracy: 0.2000 - lr: 1.3662e-06
Epoch 10/30
4/4 [==============================] - 2s 415ms/step - loss: 12.2329 - accuracy: 0.2667 - val_loss: 7.8227 - val_accuracy: 0.2000 - lr: 5.5545e-07
Epoch 11/30
4/4 [==============================] - 2s 411ms/step - loss: 10.2933 - accuracy: 0.3000 - val_loss: 7.8350 - val_accuracy: 0.2000 - lr: 2.0434e-07
Epoch 12/30
4/4 [==============================] - 2s 421ms/step - loss: 11.0444 - accuracy: 0.3167 - val_loss: 7.8475 - val_accuracy: 0.2000 - lr: 6.8018e-08
Epoch 13/30
4/4 [==============================] - 2s 454ms/step - loss: 10.9037 - accuracy: 0.3833 - val_loss: 7.8613 - val_accuracy: 0.2000 - lr: 2.0487e-08
Epoch 14/30
4/4 [==============================] - 2s 442ms/step - loss: 12.8711 - accuracy: 0.2167 - val_loss: 7.8764 - val_accuracy: 0.2000 - lr: 5.5833e-09
1/1 [==============================] - 0s 115ms/step - loss: 7.7839 - accuracy: 0.1429
Found 60 images belonging to 6 classes.
Found 5 images belonging to 6 classes.
Found 7 images belonging to 6 classes.
Epoch 1/25
4/4 [==============================] - ETA: 0s - loss: 10.8743 - accuracy: 0.2500C:\Users\tom.zbc\PycharmProjects\fungis_bacterias_project\.venv\lib\site-packages\keras\src\engine\training.py:3000: UserWarning: You are saving your model as an HDF5 file via `model.save()`. This file format is considered legacy. We recommend using instead the native Keras format, e.g. `model.save('my_model.keras')`.
  saving_api.save_model(
4/4 [==============================] - 3s 655ms/step - loss: 10.8743 - accuracy: 0.2500 - val_loss: 7.7847 - val_accuracy: 0.2000 - lr: 5.0000e-05
Epoch 2/25
4/4 [==============================] - 2s 417ms/step - loss: 12.7062 - accuracy: 0.2500 - val_loss: 7.8287 - val_accuracy: 0.0000e+00 - lr: 4.5242e-05
Epoch 3/25
4/4 [==============================] - 2s 466ms/step - loss: 12.6217 - accuracy: 0.1833 - val_loss: 7.8358 - val_accuracy: 0.0000e+00 - lr: 3.7041e-05
Epoch 4/25
4/4 [==============================] - 2s 585ms/step - loss: 12.3066 - accuracy: 0.2667 - val_loss: 7.7836 - val_accuracy: 0.2000 - lr: 2.7441e-05
Epoch 5/25
4/4 [==============================] - 2s 603ms/step - loss: 13.1748 - accuracy: 0.1833 - val_loss: 7.7446 - val_accuracy: 0.2000 - lr: 1.8394e-05
Epoch 6/25
4/4 [==============================] - 2s 606ms/step - loss: 12.8050 - accuracy: 0.2667 - val_loss: 7.7311 - val_accuracy: 0.4000 - lr: 1.1157e-05
Epoch 7/25
4/4 [==============================] - 2s 619ms/step - loss: 11.7527 - accuracy: 0.2833 - val_loss: 7.7278 - val_accuracy: 0.4000 - lr: 6.1228e-06
Epoch 8/25
4/4 [==============================] - 2s 430ms/step - loss: 12.0011 - accuracy: 0.2000 - val_loss: 7.7279 - val_accuracy: 0.4000 - lr: 3.0405e-06
Epoch 9/25
4/4 [==============================] - 2s 423ms/step - loss: 11.1431 - accuracy: 0.2667 - val_loss: 7.7304 - val_accuracy: 0.4000 - lr: 1.3662e-06
Epoch 10/25
4/4 [==============================] - 2s 416ms/step - loss: 11.6708 - accuracy: 0.4167 - val_loss: 7.7361 - val_accuracy: 0.4000 - lr: 5.5545e-07
Epoch 11/25
4/4 [==============================] - 2s 425ms/step - loss: 11.5307 - accuracy: 0.2667 - val_loss: 7.7417 - val_accuracy: 0.4000 - lr: 2.0434e-07
Epoch 12/25
4/4 [==============================] - 2s 430ms/step - loss: 11.6247 - accuracy: 0.2667 - val_loss: 7.7475 - val_accuracy: 0.4000 - lr: 6.8018e-08
Epoch 13/25
4/4 [==============================] - 2s 427ms/step - loss: 12.6987 - accuracy: 0.1500 - val_loss: 7.7515 - val_accuracy: 0.4000 - lr: 2.0487e-08
Epoch 14/25
4/4 [==============================] - 2s 421ms/step - loss: 11.8619 - accuracy: 0.3333 - val_loss: 7.7561 - val_accuracy: 0.4000 - lr: 5.5833e-09
Epoch 15/25
4/4 [==============================] - 2s 435ms/step - loss: 10.6569 - accuracy: 0.4667 - val_loss: 7.7612 - val_accuracy: 0.4000 - lr: 1.3768e-09
1/1 [==============================] - 0s 116ms/step - loss: 7.7517 - accuracy: 0.2857
Found 60 images belonging to 6 classes.
Found 5 images belonging to 6 classes.
Found 7 images belonging to 6 classes.
Epoch 1/30
4/4 [==============================] - ETA: 0s - loss: 11.2312 - accuracy: 0.2833C:\Users\tom.zbc\PycharmProjects\fungis_bacterias_project\.venv\lib\site-packages\keras\src\engine\training.py:3000: UserWarning: You are saving your model as an HDF5 file via `model.save()`. This file format is considered legacy. We recommend using instead the native Keras format, e.g. `model.save('my_model.keras')`.
  saving_api.save_model(
4/4 [==============================] - 3s 681ms/step - loss: 11.2312 - accuracy: 0.2833 - val_loss: 7.7667 - val_accuracy: 0.0000e+00 - lr: 5.0000e-05
Epoch 2/30
4/4 [==============================] - 2s 613ms/step - loss: 13.2562 - accuracy: 0.2000 - val_loss: 7.7546 - val_accuracy: 0.6000 - lr: 4.5242e-05
Epoch 3/30
4/4 [==============================] - 2s 619ms/step - loss: 12.5602 - accuracy: 0.2667 - val_loss: 7.7442 - val_accuracy: 0.2000 - lr: 3.7041e-05
Epoch 4/30
4/4 [==============================] - 2s 606ms/step - loss: 11.9979 - accuracy: 0.3167 - val_loss: 7.6986 - val_accuracy: 0.2000 - lr: 2.7441e-05
Epoch 5/30
4/4 [==============================] - 2s 616ms/step - loss: 12.2144 - accuracy: 0.3000 - val_loss: 7.6803 - val_accuracy: 0.2000 - lr: 1.8394e-05
Epoch 6/30
4/4 [==============================] - 2s 586ms/step - loss: 13.8383 - accuracy: 0.1333 - val_loss: 7.6608 - val_accuracy: 0.2000 - lr: 1.1157e-05
Epoch 7/30
4/4 [==============================] - 2s 605ms/step - loss: 10.6283 - accuracy: 0.3667 - val_loss: 7.6399 - val_accuracy: 0.2000 - lr: 6.1228e-06
Epoch 8/30
4/4 [==============================] - 2s 609ms/step - loss: 11.6478 - accuracy: 0.2833 - val_loss: 7.6208 - val_accuracy: 0.2000 - lr: 3.0405e-06
Epoch 9/30
4/4 [==============================] - 2s 609ms/step - loss: 11.7914 - accuracy: 0.2667 - val_loss: 7.6008 - val_accuracy: 0.2000 - lr: 1.3662e-06
Epoch 10/30
4/4 [==============================] - 2s 595ms/step - loss: 11.8331 - accuracy: 0.2500 - val_loss: 7.5836 - val_accuracy: 0.2000 - lr: 5.5545e-07
Epoch 11/30
4/4 [==============================] - 2s 644ms/step - loss: 11.5017 - accuracy: 0.1667 - val_loss: 7.5672 - val_accuracy: 0.2000 - lr: 2.0434e-07
Epoch 12/30
4/4 [==============================] - 2s 615ms/step - loss: 11.5998 - accuracy: 0.2667 - val_loss: 7.5522 - val_accuracy: 0.2000 - lr: 6.8018e-08
Epoch 13/30
4/4 [==============================] - 2s 589ms/step - loss: 11.2234 - accuracy: 0.2833 - val_loss: 7.5394 - val_accuracy: 0.2000 - lr: 2.0487e-08
Epoch 14/30
4/4 [==============================] - 2s 609ms/step - loss: 11.3086 - accuracy: 0.3500 - val_loss: 7.5279 - val_accuracy: 0.2000 - lr: 5.5833e-09
Epoch 15/30
4/4 [==============================] - 2s 672ms/step - loss: 10.4152 - accuracy: 0.3000 - val_loss: 7.5161 - val_accuracy: 0.2000 - lr: 1.3768e-09
Epoch 16/30
4/4 [==============================] - 2s 628ms/step - loss: 11.7445 - accuracy: 0.3167 - val_loss: 7.5056 - val_accuracy: 0.2000 - lr: 3.0721e-10
Epoch 17/30
4/4 [==============================] - 2s 658ms/step - loss: 12.8263 - accuracy: 0.2667 - val_loss: 7.4973 - val_accuracy: 0.2000 - lr: 6.2025e-11
Epoch 18/30
4/4 [==============================] - 2s 621ms/step - loss: 12.8370 - accuracy: 0.2500 - val_loss: 7.4904 - val_accuracy: 0.2000 - lr: 1.1331e-11
Epoch 19/30
4/4 [==============================] - 2s 590ms/step - loss: 11.1698 - accuracy: 0.3000 - val_loss: 7.4850 - val_accuracy: 0.2000 - lr: 1.8730e-12
Epoch 20/30
4/4 [==============================] - 2s 662ms/step - loss: 11.1434 - accuracy: 0.3333 - val_loss: 7.4805 - val_accuracy: 0.2000 - lr: 2.8014e-13
Epoch 21/30
4/4 [==============================] - 2s 665ms/step - loss: 11.3396 - accuracy: 0.2667 - val_loss: 7.4774 - val_accuracy: 0.2000 - lr: 3.7913e-14
Epoch 22/30
4/4 [==============================] - 2s 622ms/step - loss: 10.9095 - accuracy: 0.2833 - val_loss: 7.4740 - val_accuracy: 0.2000 - lr: 4.6427e-15
Epoch 23/30
4/4 [==============================] - 2s 610ms/step - loss: 11.2356 - accuracy: 0.2667 - val_loss: 7.4717 - val_accuracy: 0.2000 - lr: 5.1442e-16
Epoch 24/30
4/4 [==============================] - 2s 668ms/step - loss: 12.2559 - accuracy: 0.2333 - val_loss: 7.4704 - val_accuracy: 0.2000 - lr: 5.1575e-17
Epoch 25/30
4/4 [==============================] - 2s 427ms/step - loss: 11.5561 - accuracy: 0.2000 - val_loss: 7.4718 - val_accuracy: 0.2000 - lr: 4.6788e-18
Epoch 26/30
4/4 [==============================] - 2s 475ms/step - loss: 9.7771 - accuracy: 0.4333 - val_loss: 7.4719 - val_accuracy: 0.2000 - lr: 3.8406e-19
Epoch 27/30
4/4 [==============================] - 2s 436ms/step - loss: 10.8510 - accuracy: 0.4000 - val_loss: 7.4729 - val_accuracy: 0.2000 - lr: 2.8526e-20
Epoch 28/30
4/4 [==============================] - 2s 441ms/step - loss: 11.2067 - accuracy: 0.2500 - val_loss: 7.4758 - val_accuracy: 0.2000 - lr: 1.9171e-21
Epoch 29/30
4/4 [==============================] - 2s 450ms/step - loss: 11.0307 - accuracy: 0.3667 - val_loss: 7.4790 - val_accuracy: 0.2000 - lr: 1.1658e-22
Epoch 30/30
4/4 [==============================] - 2s 484ms/step - loss: 11.8271 - accuracy: 0.3167 - val_loss: 7.4835 - val_accuracy: 0.2000 - lr: 6.4145e-24
1/1 [==============================] - 0s 118ms/step - loss: 7.8321 - accuracy: 0.1429
Found 60 images belonging to 6 classes.
Found 5 images belonging to 6 classes.
Found 7 images belonging to 6 classes.
Epoch 1/25
4/4 [==============================] - ETA: 0s - loss: 11.4118 - accuracy: 0.1500C:\Users\tom.zbc\PycharmProjects\fungis_bacterias_project\.venv\lib\site-packages\keras\src\engine\training.py:3000: UserWarning: You are saving your model as an HDF5 file via `model.save()`. This file format is considered legacy. We recommend using instead the native Keras format, e.g. `model.save('my_model.keras')`.
  saving_api.save_model(
4/4 [==============================] - 2s 449ms/step - loss: 11.4118 - accuracy: 0.1500 - val_loss: 7.3356 - val_accuracy: 0.2000 - lr: 5.0000e-05
Epoch 2/25
4/4 [==============================] - 1s 379ms/step - loss: 11.3439 - accuracy: 0.1167 - val_loss: 7.3203 - val_accuracy: 0.2000 - lr: 4.5242e-05
Epoch 3/25
4/4 [==============================] - 1s 310ms/step - loss: 11.1643 - accuracy: 0.2000 - val_loss: 7.3226 - val_accuracy: 0.2000 - lr: 3.7041e-05
Epoch 4/25
4/4 [==============================] - 2s 388ms/step - loss: 11.3667 - accuracy: 0.1167 - val_loss: 7.3179 - val_accuracy: 0.0000e+00 - lr: 2.7441e-05
Epoch 5/25
4/4 [==============================] - 2s 395ms/step - loss: 11.2497 - accuracy: 0.2500 - val_loss: 7.3113 - val_accuracy: 0.2000 - lr: 1.8394e-05
Epoch 6/25
4/4 [==============================] - 2s 411ms/step - loss: 10.7384 - accuracy: 0.2333 - val_loss: 7.3083 - val_accuracy: 0.4000 - lr: 1.1157e-05
Epoch 7/25
4/4 [==============================] - 1s 401ms/step - loss: 10.6522 - accuracy: 0.2667 - val_loss: 7.3066 - val_accuracy: 0.4000 - lr: 6.1228e-06
Epoch 8/25
4/4 [==============================] - 1s 293ms/step - loss: 10.6864 - accuracy: 0.2333 - val_loss: 7.3074 - val_accuracy: 0.4000 - lr: 3.0405e-06
Epoch 9/25
4/4 [==============================] - 1s 290ms/step - loss: 9.7856 - accuracy: 0.2500 - val_loss: 7.3086 - val_accuracy: 0.4000 - lr: 1.3662e-06
Epoch 10/25
4/4 [==============================] - 1s 274ms/step - loss: 10.5980 - accuracy: 0.2667 - val_loss: 7.3099 - val_accuracy: 0.4000 - lr: 5.5545e-07
Epoch 11/25
4/4 [==============================] - 1s 288ms/step - loss: 10.3251 - accuracy: 0.2167 - val_loss: 7.3124 - val_accuracy: 0.4000 - lr: 2.0434e-07
Epoch 12/25
4/4 [==============================] - 1s 308ms/step - loss: 10.6860 - accuracy: 0.2167 - val_loss: 7.3168 - val_accuracy: 0.4000 - lr: 6.8018e-08
Epoch 13/25
4/4 [==============================] - 1s 290ms/step - loss: 10.5674 - accuracy: 0.2000 - val_loss: 7.3216 - val_accuracy: 0.4000 - lr: 2.0487e-08
Epoch 14/25
4/4 [==============================] - 1s 282ms/step - loss: 10.8475 - accuracy: 0.2000 - val_loss: 7.3252 - val_accuracy: 0.4000 - lr: 5.5833e-09
Epoch 15/25
4/4 [==============================] - 1s 288ms/step - loss: 10.5818 - accuracy: 0.2333 - val_loss: 7.3304 - val_accuracy: 0.4000 - lr: 1.3768e-09
1/1 [==============================] - 0s 97ms/step - loss: 7.3433 - accuracy: 0.1429
Found 60 images belonging to 6 classes.
Found 5 images belonging to 6 classes.
Found 7 images belonging to 6 classes.
Epoch 1/30
4/4 [==============================] - ETA: 0s - loss: 12.5878 - accuracy: 0.1333C:\Users\tom.zbc\PycharmProjects\fungis_bacterias_project\.venv\lib\site-packages\keras\src\engine\training.py:3000: UserWarning: You are saving your model as an HDF5 file via `model.save()`. This file format is considered legacy. We recommend using instead the native Keras format, e.g. `model.save('my_model.keras')`.
  saving_api.save_model(
4/4 [==============================] - 2s 438ms/step - loss: 12.5878 - accuracy: 0.1333 - val_loss: 7.3368 - val_accuracy: 0.2000 - lr: 5.0000e-05
Epoch 2/30
4/4 [==============================] - 2s 408ms/step - loss: 11.3446 - accuracy: 0.2500 - val_loss: 7.3143 - val_accuracy: 0.2000 - lr: 4.5242e-05
Epoch 3/30
4/4 [==============================] - 2s 386ms/step - loss: 10.2152 - accuracy: 0.1833 - val_loss: 7.2872 - val_accuracy: 0.2000 - lr: 3.7041e-05
Epoch 4/30
4/4 [==============================] - 2s 380ms/step - loss: 11.2301 - accuracy: 0.2333 - val_loss: 7.2786 - val_accuracy: 0.2000 - lr: 2.7441e-05
Epoch 5/30
4/4 [==============================] - 1s 282ms/step - loss: 10.1715 - accuracy: 0.3167 - val_loss: 7.2822 - val_accuracy: 0.2000 - lr: 1.8394e-05
Epoch 6/30
4/4 [==============================] - 1s 286ms/step - loss: 10.1151 - accuracy: 0.2333 - val_loss: 7.2857 - val_accuracy: 0.4000 - lr: 1.1157e-05
Epoch 7/30
4/4 [==============================] - 1s 281ms/step - loss: 10.7916 - accuracy: 0.2333 - val_loss: 7.2924 - val_accuracy: 0.6000 - lr: 6.1228e-06
Epoch 8/30
4/4 [==============================] - 1s 311ms/step - loss: 10.3979 - accuracy: 0.2500 - val_loss: 7.3007 - val_accuracy: 0.6000 - lr: 3.0405e-06
Epoch 9/30
4/4 [==============================] - 1s 288ms/step - loss: 9.8368 - accuracy: 0.1667 - val_loss: 7.3087 - val_accuracy: 0.6000 - lr: 1.3662e-06
Epoch 10/30
4/4 [==============================] - 1s 309ms/step - loss: 10.7686 - accuracy: 0.2500 - val_loss: 7.3170 - val_accuracy: 0.4000 - lr: 5.5545e-07
Epoch 11/30
4/4 [==============================] - 1s 277ms/step - loss: 11.0586 - accuracy: 0.3000 - val_loss: 7.3246 - val_accuracy: 0.4000 - lr: 2.0434e-07
Epoch 12/30
4/4 [==============================] - 1s 295ms/step - loss: 10.3744 - accuracy: 0.2333 - val_loss: 7.3328 - val_accuracy: 0.4000 - lr: 6.8018e-08
1/1 [==============================] - 0s 94ms/step - loss: 7.2878 - accuracy: 0.2857
Found 60 images belonging to 6 classes.
Found 5 images belonging to 6 classes.
Found 7 images belonging to 6 classes.
Epoch 1/25
4/4 [==============================] - ETA: 0s - loss: 10.5995 - accuracy: 0.2333C:\Users\tom.zbc\PycharmProjects\fungis_bacterias_project\.venv\lib\site-packages\keras\src\engine\training.py:3000: UserWarning: You are saving your model as an HDF5 file via `model.save()`. This file format is considered legacy. We recommend using instead the native Keras format, e.g. `model.save('my_model.keras')`.
  saving_api.save_model(
4/4 [==============================] - 2s 436ms/step - loss: 10.5995 - accuracy: 0.2333 - val_loss: 7.4142 - val_accuracy: 0.2000 - lr: 5.0000e-05
Epoch 2/25
4/4 [==============================] - 1s 372ms/step - loss: 11.3621 - accuracy: 0.1500 - val_loss: 7.3216 - val_accuracy: 0.2000 - lr: 4.5242e-05
Epoch 3/25
4/4 [==============================] - 1s 376ms/step - loss: 10.4712 - accuracy: 0.1833 - val_loss: 7.2902 - val_accuracy: 0.2000 - lr: 3.7041e-05
Epoch 4/25
4/4 [==============================] - 2s 383ms/step - loss: 11.3218 - accuracy: 0.1667 - val_loss: 7.2800 - val_accuracy: 0.2000 - lr: 2.7441e-05
Epoch 5/25
4/4 [==============================] - 1s 394ms/step - loss: 11.0469 - accuracy: 0.2333 - val_loss: 7.2746 - val_accuracy: 0.2000 - lr: 1.8394e-05
Epoch 6/25
4/4 [==============================] - 2s 396ms/step - loss: 10.2229 - accuracy: 0.2500 - val_loss: 7.2716 - val_accuracy: 0.2000 - lr: 1.1157e-05
Epoch 7/25
4/4 [==============================] - 2s 382ms/step - loss: 9.9071 - accuracy: 0.3333 - val_loss: 7.2691 - val_accuracy: 0.2000 - lr: 6.1228e-06
Epoch 8/25
4/4 [==============================] - 2s 391ms/step - loss: 10.4168 - accuracy: 0.2667 - val_loss: 7.2687 - val_accuracy: 0.2000 - lr: 3.0405e-06
Epoch 9/25
4/4 [==============================] - 2s 391ms/step - loss: 10.4273 - accuracy: 0.2167 - val_loss: 7.2682 - val_accuracy: 0.2000 - lr: 1.3662e-06
Epoch 10/25
4/4 [==============================] - 2s 386ms/step - loss: 9.6734 - accuracy: 0.2833 - val_loss: 7.2669 - val_accuracy: 0.2000 - lr: 5.5545e-07
Epoch 11/25
4/4 [==============================] - 2s 401ms/step - loss: 9.9017 - accuracy: 0.3000 - val_loss: 7.2649 - val_accuracy: 0.2000 - lr: 2.0434e-07
Epoch 12/25
4/4 [==============================] - 2s 381ms/step - loss: 10.6804 - accuracy: 0.2667 - val_loss: 7.2636 - val_accuracy: 0.2000 - lr: 6.8018e-08
Epoch 13/25
4/4 [==============================] - 1s 372ms/step - loss: 10.9996 - accuracy: 0.2333 - val_loss: 7.2620 - val_accuracy: 0.2000 - lr: 2.0487e-08
Epoch 14/25
4/4 [==============================] - 2s 401ms/step - loss: 10.8995 - accuracy: 0.2833 - val_loss: 7.2607 - val_accuracy: 0.2000 - lr: 5.5833e-09
Epoch 15/25
4/4 [==============================] - 2s 388ms/step - loss: 10.0029 - accuracy: 0.3500 - val_loss: 7.2590 - val_accuracy: 0.2000 - lr: 1.3768e-09
Epoch 16/25
4/4 [==============================] - 1s 404ms/step - loss: 10.0889 - accuracy: 0.2333 - val_loss: 7.2569 - val_accuracy: 0.2000 - lr: 3.0721e-10
Epoch 17/25
4/4 [==============================] - 2s 388ms/step - loss: 12.0626 - accuracy: 0.1500 - val_loss: 7.2548 - val_accuracy: 0.2000 - lr: 6.2025e-11
Epoch 18/25
4/4 [==============================] - 2s 383ms/step - loss: 9.7699 - accuracy: 0.2667 - val_loss: 7.2528 - val_accuracy: 0.2000 - lr: 1.1331e-11
Epoch 19/25
4/4 [==============================] - 2s 388ms/step - loss: 10.1319 - accuracy: 0.2333 - val_loss: 7.2506 - val_accuracy: 0.2000 - lr: 1.8730e-12
Epoch 20/25
4/4 [==============================] - 1s 366ms/step - loss: 9.9590 - accuracy: 0.2500 - val_loss: 7.2485 - val_accuracy: 0.2000 - lr: 2.8014e-13
Epoch 21/25
4/4 [==============================] - 1s 393ms/step - loss: 9.6357 - accuracy: 0.2833 - val_loss: 7.2467 - val_accuracy: 0.2000 - lr: 3.7913e-14
Epoch 22/25
4/4 [==============================] - 2s 384ms/step - loss: 10.8207 - accuracy: 0.2833 - val_loss: 7.2450 - val_accuracy: 0.2000 - lr: 4.6427e-15
Epoch 23/25
4/4 [==============================] - 1s 373ms/step - loss: 10.1278 - accuracy: 0.2667 - val_loss: 7.2435 - val_accuracy: 0.2000 - lr: 5.1442e-16
Epoch 24/25
4/4 [==============================] - 1s 373ms/step - loss: 10.1403 - accuracy: 0.2000 - val_loss: 7.2420 - val_accuracy: 0.2000 - lr: 5.1575e-17
Epoch 25/25
4/4 [==============================] - 1s 395ms/step - loss: 9.5177 - accuracy: 0.2500 - val_loss: 7.2404 - val_accuracy: 0.2000 - lr: 4.6788e-18
1/1 [==============================] - 0s 95ms/step - loss: 7.2282 - accuracy: 0.2857
Found 60 images belonging to 6 classes.
Found 5 images belonging to 6 classes.
Found 7 images belonging to 6 classes.
Epoch 1/30
4/4 [==============================] - ETA: 0s - loss: 12.2811 - accuracy: 0.1333C:\Users\tom.zbc\PycharmProjects\fungis_bacterias_project\.venv\lib\site-packages\keras\src\engine\training.py:3000: UserWarning: You are saving your model as an HDF5 file via `model.save()`. This file format is considered legacy. We recommend using instead the native Keras format, e.g. `model.save('my_model.keras')`.
  saving_api.save_model(
4/4 [==============================] - 2s 437ms/step - loss: 12.2811 - accuracy: 0.1333 - val_loss: 7.3181 - val_accuracy: 0.0000e+00 - lr: 5.0000e-05
Epoch 2/30
4/4 [==============================] - 1s 279ms/step - loss: 10.9740 - accuracy: 0.2500 - val_loss: 7.3360 - val_accuracy: 0.2000 - lr: 4.5242e-05
Epoch 3/30
4/4 [==============================] - 1s 295ms/step - loss: 10.7574 - accuracy: 0.2167 - val_loss: 7.3358 - val_accuracy: 0.6000 - lr: 3.7041e-05
Epoch 4/30
4/4 [==============================] - 1s 277ms/step - loss: 11.1823 - accuracy: 0.2500 - val_loss: 7.3277 - val_accuracy: 0.6000 - lr: 2.7441e-05
Epoch 5/30
4/4 [==============================] - 1s 283ms/step - loss: 11.7913 - accuracy: 0.2500 - val_loss: 7.3288 - val_accuracy: 0.6000 - lr: 1.8394e-05
Epoch 6/30
4/4 [==============================] - 1s 321ms/step - loss: 9.8026 - accuracy: 0.2833 - val_loss: 7.3334 - val_accuracy: 0.6000 - lr: 1.1157e-05
Epoch 7/30
4/4 [==============================] - 1s 274ms/step - loss: 10.8729 - accuracy: 0.2333 - val_loss: 7.3414 - val_accuracy: 0.6000 - lr: 1.2246e-06
Epoch 8/30
4/4 [==============================] - 1s 281ms/step - loss: 9.8938 - accuracy: 0.2833 - val_loss: 7.3491 - val_accuracy: 0.6000 - lr: 6.0810e-07
Epoch 9/30
4/4 [==============================] - 1s 289ms/step - loss: 9.6665 - accuracy: 0.2500 - val_loss: 7.3569 - val_accuracy: 0.6000 - lr: 2.7324e-07
1/1 [==============================] - 0s 97ms/step - loss: 7.2726 - accuracy: 0.2857
Found 60 images belonging to 6 classes.
Found 5 images belonging to 6 classes.
Found 7 images belonging to 6 classes.
Epoch 1/25
4/4 [==============================] - ETA: 0s - loss: 11.5988 - accuracy: 0.1500C:\Users\tom.zbc\PycharmProjects\fungis_bacterias_project\.venv\lib\site-packages\keras\src\engine\training.py:3000: UserWarning: You are saving your model as an HDF5 file via `model.save()`. This file format is considered legacy. We recommend using instead the native Keras format, e.g. `model.save('my_model.keras')`.
  saving_api.save_model(
4/4 [==============================] - 3s 678ms/step - loss: 11.5988 - accuracy: 0.1500 - val_loss: 7.3569 - val_accuracy: 0.2000 - lr: 5.0000e-05
Epoch 2/25
4/4 [==============================] - 2s 473ms/step - loss: 12.1834 - accuracy: 0.2000 - val_loss: 7.3636 - val_accuracy: 0.2000 - lr: 4.5242e-05
Epoch 3/25
4/4 [==============================] - 2s 464ms/step - loss: 10.8995 - accuracy: 0.2833 - val_loss: 7.3602 - val_accuracy: 0.0000e+00 - lr: 3.7041e-05
Epoch 4/25
4/4 [==============================] - 2s 662ms/step - loss: 9.8657 - accuracy: 0.3333 - val_loss: 7.3422 - val_accuracy: 0.2000 - lr: 2.7441e-05
Epoch 5/25
4/4 [==============================] - 2s 610ms/step - loss: 10.6003 - accuracy: 0.2000 - val_loss: 7.3370 - val_accuracy: 0.2000 - lr: 1.8394e-05
Epoch 6/25
4/4 [==============================] - 2s 610ms/step - loss: 10.6579 - accuracy: 0.2500 - val_loss: 7.3356 - val_accuracy: 0.4000 - lr: 1.1157e-05
Epoch 7/25
4/4 [==============================] - 2s 632ms/step - loss: 10.4349 - accuracy: 0.2000 - val_loss: 7.3350 - val_accuracy: 0.4000 - lr: 6.1228e-06
Epoch 8/25
4/4 [==============================] - 2s 456ms/step - loss: 11.0867 - accuracy: 0.2833 - val_loss: 7.3383 - val_accuracy: 0.4000 - lr: 3.0405e-06
Epoch 9/25
4/4 [==============================] - 2s 514ms/step - loss: 9.6830 - accuracy: 0.3667 - val_loss: 7.3417 - val_accuracy: 0.4000 - lr: 1.3662e-06
Epoch 10/25
4/4 [==============================] - 2s 452ms/step - loss: 11.3518 - accuracy: 0.2167 - val_loss: 7.3441 - val_accuracy: 0.4000 - lr: 5.5545e-07
Epoch 11/25
4/4 [==============================] - 2s 455ms/step - loss: 10.2847 - accuracy: 0.2333 - val_loss: 7.3469 - val_accuracy: 0.4000 - lr: 2.0434e-07
Epoch 12/25
4/4 [==============================] - 2s 463ms/step - loss: 10.2284 - accuracy: 0.3000 - val_loss: 7.3490 - val_accuracy: 0.4000 - lr: 6.8018e-08
Epoch 13/25
4/4 [==============================] - 2s 498ms/step - loss: 10.2760 - accuracy: 0.2833 - val_loss: 7.3516 - val_accuracy: 0.4000 - lr: 2.0487e-08
Epoch 14/25
4/4 [==============================] - 2s 452ms/step - loss: 10.9987 - accuracy: 0.2333 - val_loss: 7.3553 - val_accuracy: 0.4000 - lr: 5.5833e-09
Epoch 15/25
4/4 [==============================] - 2s 461ms/step - loss: 10.8560 - accuracy: 0.1667 - val_loss: 7.3589 - val_accuracy: 0.4000 - lr: 1.3768e-09
1/1 [==============================] - 0s 155ms/step - loss: 7.3607 - accuracy: 0.1429
Found 60 images belonging to 6 classes.
Found 5 images belonging to 6 classes.
Found 7 images belonging to 6 classes.
Epoch 1/30
4/4 [==============================] - ETA: 0s - loss: 12.2913 - accuracy: 0.1167C:\Users\tom.zbc\PycharmProjects\fungis_bacterias_project\.venv\lib\site-packages\keras\src\engine\training.py:3000: UserWarning: You are saving your model as an HDF5 file via `model.save()`. This file format is considered legacy. We recommend using instead the native Keras format, e.g. `model.save('my_model.keras')`.
  saving_api.save_model(
4/4 [==============================] - 3s 668ms/step - loss: 12.2913 - accuracy: 0.1167 - val_loss: 7.2493 - val_accuracy: 0.4000 - lr: 5.0000e-05
Epoch 2/30
4/4 [==============================] - 2s 441ms/step - loss: 11.1404 - accuracy: 0.2167 - val_loss: 7.2613 - val_accuracy: 0.4000 - lr: 4.5242e-05
Epoch 3/30
4/4 [==============================] - 2s 418ms/step - loss: 10.8141 - accuracy: 0.1833 - val_loss: 7.2946 - val_accuracy: 0.2000 - lr: 3.7041e-05
Epoch 4/30
4/4 [==============================] - 2s 419ms/step - loss: 10.5820 - accuracy: 0.2833 - val_loss: 7.3075 - val_accuracy: 0.2000 - lr: 2.7441e-05
Epoch 5/30
4/4 [==============================] - 2s 434ms/step - loss: 10.6985 - accuracy: 0.1667 - val_loss: 7.3069 - val_accuracy: 0.2000 - lr: 1.8394e-05
Epoch 6/30
4/4 [==============================] - 2s 409ms/step - loss: 9.7474 - accuracy: 0.2667 - val_loss: 7.3075 - val_accuracy: 0.2000 - lr: 1.1157e-05
Epoch 7/30
4/4 [==============================] - 2s 412ms/step - loss: 10.5493 - accuracy: 0.2833 - val_loss: 7.3132 - val_accuracy: 0.2000 - lr: 1.2246e-06
Epoch 8/30
4/4 [==============================] - 2s 390ms/step - loss: 10.7632 - accuracy: 0.2500 - val_loss: 7.3174 - val_accuracy: 0.2000 - lr: 6.0810e-07
Epoch 9/30
4/4 [==============================] - 2s 385ms/step - loss: 9.4395 - accuracy: 0.3000 - val_loss: 7.3210 - val_accuracy: 0.2000 - lr: 2.7324e-07
1/1 [==============================] - 0s 117ms/step - loss: 7.2689 - accuracy: 0.5714
Found 60 images belonging to 6 classes.
Found 5 images belonging to 6 classes.
Found 7 images belonging to 6 classes.
Epoch 1/25
4/4 [==============================] - ETA: 0s - loss: 11.5175 - accuracy: 0.2167C:\Users\tom.zbc\PycharmProjects\fungis_bacterias_project\.venv\lib\site-packages\keras\src\engine\training.py:3000: UserWarning: You are saving your model as an HDF5 file via `model.save()`. This file format is considered legacy. We recommend using instead the native Keras format, e.g. `model.save('my_model.keras')`.
  saving_api.save_model(
4/4 [==============================] - 2s 546ms/step - loss: 11.5175 - accuracy: 0.2167 - val_loss: 7.3940 - val_accuracy: 0.2000 - lr: 5.0000e-05
Epoch 2/25
4/4 [==============================] - 2s 466ms/step - loss: 12.1384 - accuracy: 0.2167 - val_loss: 7.3400 - val_accuracy: 0.2000 - lr: 4.5242e-05
Epoch 3/25
4/4 [==============================] - 1s 375ms/step - loss: 12.0120 - accuracy: 0.1667 - val_loss: 7.2987 - val_accuracy: 0.2000 - lr: 3.7041e-05
Epoch 4/25
4/4 [==============================] - 2s 481ms/step - loss: 10.7632 - accuracy: 0.1333 - val_loss: 7.2739 - val_accuracy: 0.4000 - lr: 2.7441e-05
Epoch 5/25
4/4 [==============================] - 2s 456ms/step - loss: 12.2178 - accuracy: 0.2000 - val_loss: 7.2683 - val_accuracy: 0.4000 - lr: 1.8394e-05
Epoch 6/25
4/4 [==============================] - 2s 467ms/step - loss: 11.4062 - accuracy: 0.2667 - val_loss: 7.2677 - val_accuracy: 0.4000 - lr: 1.1157e-05
Epoch 7/25
4/4 [==============================] - 2s 432ms/step - loss: 11.0708 - accuracy: 0.2000 - val_loss: 7.2672 - val_accuracy: 0.2000 - lr: 6.1228e-06
Epoch 8/25
4/4 [==============================] - 1s 353ms/step - loss: 11.5638 - accuracy: 0.2500 - val_loss: 7.2688 - val_accuracy: 0.2000 - lr: 3.0405e-06
Epoch 9/25
4/4 [==============================] - 1s 324ms/step - loss: 10.3706 - accuracy: 0.2667 - val_loss: 7.2700 - val_accuracy: 0.2000 - lr: 1.3662e-06
Epoch 10/25
4/4 [==============================] - 1s 320ms/step - loss: 11.1058 - accuracy: 0.2167 - val_loss: 7.2708 - val_accuracy: 0.2000 - lr: 5.5545e-07
Epoch 11/25
4/4 [==============================] - 1s 313ms/step - loss: 10.9541 - accuracy: 0.2000 - val_loss: 7.2722 - val_accuracy: 0.4000 - lr: 2.0434e-07
Epoch 12/25
4/4 [==============================] - 1s 336ms/step - loss: 10.7510 - accuracy: 0.2333 - val_loss: 7.2743 - val_accuracy: 0.4000 - lr: 6.8018e-08
Epoch 13/25
4/4 [==============================] - 1s 307ms/step - loss: 10.2313 - accuracy: 0.2167 - val_loss: 7.2764 - val_accuracy: 0.2000 - lr: 2.0487e-08
Epoch 14/25
4/4 [==============================] - 1s 308ms/step - loss: 9.9153 - accuracy: 0.2833 - val_loss: 7.2782 - val_accuracy: 0.2000 - lr: 5.5833e-09
Epoch 15/25
4/4 [==============================] - 1s 308ms/step - loss: 10.6029 - accuracy: 0.2500 - val_loss: 7.2804 - val_accuracy: 0.2000 - lr: 1.3768e-09
1/1 [==============================] - 0s 95ms/step - loss: 7.2857 - accuracy: 0.1429
Found 60 images belonging to 6 classes.
Found 5 images belonging to 6 classes.
Found 7 images belonging to 6 classes.
Epoch 1/30
4/4 [==============================] - ETA: 0s - loss: 10.9265 - accuracy: 0.1667C:\Users\tom.zbc\PycharmProjects\fungis_bacterias_project\.venv\lib\site-packages\keras\src\engine\training.py:3000: UserWarning: You are saving your model as an HDF5 file via `model.save()`. This file format is considered legacy. We recommend using instead the native Keras format, e.g. `model.save('my_model.keras')`.
  saving_api.save_model(
4/4 [==============================] - 2s 441ms/step - loss: 10.9265 - accuracy: 0.1667 - val_loss: 7.3317 - val_accuracy: 0.0000e+00 - lr: 5.0000e-05
Epoch 2/30
4/4 [==============================] - 1s 307ms/step - loss: 11.0999 - accuracy: 0.1833 - val_loss: 7.3508 - val_accuracy: 0.4000 - lr: 4.5242e-05
Epoch 3/30
4/4 [==============================] - 1s 317ms/step - loss: 10.5561 - accuracy: 0.2667 - val_loss: 7.3554 - val_accuracy: 0.2000 - lr: 3.7041e-05
Epoch 4/30
4/4 [==============================] - 1s 306ms/step - loss: 11.3466 - accuracy: 0.2667 - val_loss: 7.3586 - val_accuracy: 0.2000 - lr: 2.7441e-05
Epoch 5/30
4/4 [==============================] - 1s 315ms/step - loss: 10.8074 - accuracy: 0.2500 - val_loss: 7.3531 - val_accuracy: 0.0000e+00 - lr: 1.8394e-05
Epoch 6/30
4/4 [==============================] - 1s 303ms/step - loss: 10.7950 - accuracy: 0.2500 - val_loss: 7.3465 - val_accuracy: 0.0000e+00 - lr: 1.1157e-05
Epoch 7/30
4/4 [==============================] - 1s 295ms/step - loss: 10.2890 - accuracy: 0.2500 - val_loss: 7.3441 - val_accuracy: 0.0000e+00 - lr: 1.2246e-06
Epoch 8/30
4/4 [==============================] - 1s 331ms/step - loss: 10.8747 - accuracy: 0.1833 - val_loss: 7.3458 - val_accuracy: 0.0000e+00 - lr: 6.0810e-07
Epoch 9/30
4/4 [==============================] - 1s 339ms/step - loss: 9.9526 - accuracy: 0.2667 - val_loss: 7.3487 - val_accuracy: 0.0000e+00 - lr: 2.7324e-07
1/1 [==============================] - 0s 97ms/step - loss: 7.3125 - accuracy: 0.2857
Found 60 images belonging to 6 classes.
Found 5 images belonging to 6 classes.
Found 7 images belonging to 6 classes.
Epoch 1/25
4/4 [==============================] - ETA: 0s - loss: 12.2348 - accuracy: 0.1500C:\Users\tom.zbc\PycharmProjects\fungis_bacterias_project\.venv\lib\site-packages\keras\src\engine\training.py:3000: UserWarning: You are saving your model as an HDF5 file via `model.save()`. This file format is considered legacy. We recommend using instead the native Keras format, e.g. `model.save('my_model.keras')`.
  saving_api.save_model(
4/4 [==============================] - 3s 642ms/step - loss: 12.2348 - accuracy: 0.1500 - val_loss: 7.8351 - val_accuracy: 0.2000 - lr: 5.0000e-05
Epoch 2/25
4/4 [==============================] - 2s 601ms/step - loss: 14.6388 - accuracy: 0.3333 - val_loss: 7.7763 - val_accuracy: 0.2000 - lr: 4.5242e-05
Epoch 3/25
4/4 [==============================] - 2s 608ms/step - loss: 13.0488 - accuracy: 0.2833 - val_loss: 7.7416 - val_accuracy: 0.2000 - lr: 3.7041e-05
Epoch 4/25
4/4 [==============================] - 2s 656ms/step - loss: 12.5686 - accuracy: 0.2667 - val_loss: 7.7250 - val_accuracy: 0.4000 - lr: 2.7441e-05
Epoch 5/25
4/4 [==============================] - 2s 628ms/step - loss: 13.6969 - accuracy: 0.2333 - val_loss: 7.7237 - val_accuracy: 0.2000 - lr: 1.8394e-05
Epoch 6/25
4/4 [==============================] - 2s 402ms/step - loss: 14.1068 - accuracy: 0.2500 - val_loss: 7.7296 - val_accuracy: 0.2000 - lr: 1.1157e-05
Epoch 7/25
4/4 [==============================] - 2s 428ms/step - loss: 11.5733 - accuracy: 0.3833 - val_loss: 7.7338 - val_accuracy: 0.2000 - lr: 6.1228e-06
Epoch 8/25
4/4 [==============================] - 2s 416ms/step - loss: 11.9310 - accuracy: 0.3167 - val_loss: 7.7370 - val_accuracy: 0.2000 - lr: 3.0405e-06
Epoch 9/25
4/4 [==============================] - 2s 423ms/step - loss: 11.6483 - accuracy: 0.1833 - val_loss: 7.7405 - val_accuracy: 0.2000 - lr: 1.3662e-06
Epoch 10/25
4/4 [==============================] - 2s 456ms/step - loss: 12.2979 - accuracy: 0.2833 - val_loss: 7.7430 - val_accuracy: 0.2000 - lr: 5.5545e-07
Epoch 11/25
4/4 [==============================] - 2s 417ms/step - loss: 12.8970 - accuracy: 0.1833 - val_loss: 7.7425 - val_accuracy: 0.2000 - lr: 2.0434e-07
Epoch 12/25
4/4 [==============================] - 2s 452ms/step - loss: 11.8316 - accuracy: 0.2500 - val_loss: 7.7422 - val_accuracy: 0.2000 - lr: 6.8018e-08
Epoch 13/25
4/4 [==============================] - 2s 433ms/step - loss: 11.2379 - accuracy: 0.2000 - val_loss: 7.7434 - val_accuracy: 0.2000 - lr: 2.0487e-08
1/1 [==============================] - 0s 120ms/step - loss: 7.7322 - accuracy: 0.2857
Found 60 images belonging to 6 classes.
Found 5 images belonging to 6 classes.
Found 7 images belonging to 6 classes.
Epoch 1/30
4/4 [==============================] - ETA: 0s - loss: 12.2713 - accuracy: 0.1667C:\Users\tom.zbc\PycharmProjects\fungis_bacterias_project\.venv\lib\site-packages\keras\src\engine\training.py:3000: UserWarning: You are saving your model as an HDF5 file via `model.save()`. This file format is considered legacy. We recommend using instead the native Keras format, e.g. `model.save('my_model.keras')`.
  saving_api.save_model(
4/4 [==============================] - 3s 681ms/step - loss: 12.2713 - accuracy: 0.1667 - val_loss: 7.7184 - val_accuracy: 0.2000 - lr: 5.0000e-05
Epoch 2/30
4/4 [==============================] - 2s 590ms/step - loss: 12.3199 - accuracy: 0.2500 - val_loss: 7.7141 - val_accuracy: 0.2000 - lr: 4.5242e-05
Epoch 3/30
4/4 [==============================] - 2s 608ms/step - loss: 11.3475 - accuracy: 0.3167 - val_loss: 7.6758 - val_accuracy: 0.4000 - lr: 3.7041e-05
Epoch 4/30
4/4 [==============================] - 2s 594ms/step - loss: 11.9930 - accuracy: 0.3000 - val_loss: 7.6621 - val_accuracy: 0.4000 - lr: 2.7441e-05
Epoch 5/30
4/4 [==============================] - 2s 592ms/step - loss: 12.9941 - accuracy: 0.2333 - val_loss: 7.6562 - val_accuracy: 0.4000 - lr: 1.8394e-05
Epoch 6/30
4/4 [==============================] - 2s 608ms/step - loss: 10.7105 - accuracy: 0.3833 - val_loss: 7.6490 - val_accuracy: 0.4000 - lr: 1.1157e-05
Epoch 7/30
4/4 [==============================] - 2s 601ms/step - loss: 11.7149 - accuracy: 0.3333 - val_loss: 7.6445 - val_accuracy: 0.6000 - lr: 6.1228e-06
Epoch 8/30
4/4 [==============================] - 2s 628ms/step - loss: 12.9955 - accuracy: 0.2000 - val_loss: 7.6391 - val_accuracy: 0.6000 - lr: 3.0405e-06
Epoch 9/30
4/4 [==============================] - 2s 605ms/step - loss: 12.4401 - accuracy: 0.3000 - val_loss: 7.6331 - val_accuracy: 0.4000 - lr: 1.3662e-06
Epoch 10/30
4/4 [==============================] - 2s 633ms/step - loss: 11.8614 - accuracy: 0.2667 - val_loss: 7.6269 - val_accuracy: 0.4000 - lr: 5.5545e-07
Epoch 11/30
4/4 [==============================] - 2s 597ms/step - loss: 11.1120 - accuracy: 0.3667 - val_loss: 7.6193 - val_accuracy: 0.4000 - lr: 2.0434e-07
Epoch 12/30
4/4 [==============================] - 2s 602ms/step - loss: 13.0023 - accuracy: 0.2667 - val_loss: 7.6116 - val_accuracy: 0.4000 - lr: 6.8018e-08
Epoch 13/30
4/4 [==============================] - 2s 599ms/step - loss: 11.2476 - accuracy: 0.2500 - val_loss: 7.6046 - val_accuracy: 0.4000 - lr: 2.0487e-08
Epoch 14/30
4/4 [==============================] - 2s 598ms/step - loss: 11.6850 - accuracy: 0.3167 - val_loss: 7.5986 - val_accuracy: 0.4000 - lr: 5.5833e-09
Epoch 15/30
4/4 [==============================] - 2s 599ms/step - loss: 11.6387 - accuracy: 0.2667 - val_loss: 7.5926 - val_accuracy: 0.4000 - lr: 1.3768e-09
Epoch 16/30
4/4 [==============================] - 2s 590ms/step - loss: 12.1074 - accuracy: 0.1833 - val_loss: 7.5853 - val_accuracy: 0.4000 - lr: 3.0721e-10
Epoch 17/30
4/4 [==============================] - 2s 602ms/step - loss: 13.1418 - accuracy: 0.2333 - val_loss: 7.5783 - val_accuracy: 0.4000 - lr: 6.2025e-11
Epoch 18/30
4/4 [==============================] - 2s 601ms/step - loss: 11.5344 - accuracy: 0.2333 - val_loss: 7.5721 - val_accuracy: 0.4000 - lr: 1.1331e-11
Epoch 19/30
4/4 [==============================] - 2s 618ms/step - loss: 12.1558 - accuracy: 0.2833 - val_loss: 7.5654 - val_accuracy: 0.4000 - lr: 1.8730e-12
Epoch 20/30
4/4 [==============================] - 2s 616ms/step - loss: 12.2435 - accuracy: 0.3333 - val_loss: 7.5593 - val_accuracy: 0.4000 - lr: 2.8014e-13
Epoch 21/30
4/4 [==============================] - 2s 586ms/step - loss: 12.3490 - accuracy: 0.2333 - val_loss: 7.5534 - val_accuracy: 0.4000 - lr: 3.7913e-14
Epoch 22/30
4/4 [==============================] - 2s 607ms/step - loss: 11.9980 - accuracy: 0.4000 - val_loss: 7.5483 - val_accuracy: 0.4000 - lr: 4.6427e-15
Epoch 23/30
4/4 [==============================] - 2s 606ms/step - loss: 12.5623 - accuracy: 0.2833 - val_loss: 7.5423 - val_accuracy: 0.4000 - lr: 5.1442e-16
Epoch 24/30
4/4 [==============================] - 2s 603ms/step - loss: 13.6001 - accuracy: 0.1167 - val_loss: 7.5370 - val_accuracy: 0.4000 - lr: 5.1575e-17
Epoch 25/30
4/4 [==============================] - 2s 614ms/step - loss: 9.9742 - accuracy: 0.4667 - val_loss: 7.5320 - val_accuracy: 0.4000 - lr: 4.6788e-18
Epoch 26/30
4/4 [==============================] - 2s 630ms/step - loss: 11.4882 - accuracy: 0.2500 - val_loss: 7.5279 - val_accuracy: 0.4000 - lr: 3.8406e-19
Epoch 27/30
4/4 [==============================] - 2s 604ms/step - loss: 10.4677 - accuracy: 0.3833 - val_loss: 7.5227 - val_accuracy: 0.4000 - lr: 2.8526e-20
Epoch 28/30
4/4 [==============================] - 2s 605ms/step - loss: 11.9367 - accuracy: 0.2500 - val_loss: 7.5188 - val_accuracy: 0.4000 - lr: 1.9171e-21
Epoch 29/30
4/4 [==============================] - 2s 600ms/step - loss: 10.9379 - accuracy: 0.4333 - val_loss: 7.5141 - val_accuracy: 0.4000 - lr: 1.1658e-22
Epoch 30/30
4/4 [==============================] - 2s 625ms/step - loss: 12.0205 - accuracy: 0.2500 - val_loss: 7.5098 - val_accuracy: 0.4000 - lr: 6.4145e-24
1/1 [==============================] - 0s 114ms/step - loss: 7.7427 - accuracy: 0.0000e+00
Found 60 images belonging to 6 classes.
Found 5 images belonging to 6 classes.
Found 7 images belonging to 6 classes.
Epoch 1/25
4/4 [==============================] - ETA: 0s - loss: 13.0273 - accuracy: 0.1333C:\Users\tom.zbc\PycharmProjects\fungis_bacterias_project\.venv\lib\site-packages\keras\src\engine\training.py:3000: UserWarning: You are saving your model as an HDF5 file via `model.save()`. This file format is considered legacy. We recommend using instead the native Keras format, e.g. `model.save('my_model.keras')`.
  saving_api.save_model(
4/4 [==============================] - 3s 643ms/step - loss: 13.0273 - accuracy: 0.1333 - val_loss: 7.6757 - val_accuracy: 0.4000 - lr: 5.0000e-05
Epoch 2/25
4/4 [==============================] - 2s 397ms/step - loss: 14.7358 - accuracy: 0.1833 - val_loss: 7.7208 - val_accuracy: 0.2000 - lr: 4.5242e-05
Epoch 3/25
4/4 [==============================] - 2s 405ms/step - loss: 13.5659 - accuracy: 0.3167 - val_loss: 7.7071 - val_accuracy: 0.2000 - lr: 3.7041e-05
Epoch 4/25
4/4 [==============================] - 2s 408ms/step - loss: 13.8717 - accuracy: 0.3500 - val_loss: 7.6880 - val_accuracy: 0.4000 - lr: 2.7441e-05
Epoch 5/25
4/4 [==============================] - 2s 588ms/step - loss: 14.0361 - accuracy: 0.2667 - val_loss: 7.6676 - val_accuracy: 0.4000 - lr: 1.8394e-05
Epoch 6/25
4/4 [==============================] - 2s 585ms/step - loss: 13.4490 - accuracy: 0.2500 - val_loss: 7.6515 - val_accuracy: 0.2000 - lr: 1.1157e-05
Epoch 7/25
4/4 [==============================] - 2s 626ms/step - loss: 11.0135 - accuracy: 0.3500 - val_loss: 7.6410 - val_accuracy: 0.4000 - lr: 6.1228e-06
Epoch 8/25
4/4 [==============================] - 2s 655ms/step - loss: 12.9921 - accuracy: 0.2000 - val_loss: 7.6318 - val_accuracy: 0.4000 - lr: 3.0405e-06
Epoch 9/25
4/4 [==============================] - 2s 616ms/step - loss: 12.9492 - accuracy: 0.2667 - val_loss: 7.6232 - val_accuracy: 0.4000 - lr: 1.3662e-06
Epoch 10/25
4/4 [==============================] - 2s 597ms/step - loss: 13.1665 - accuracy: 0.2500 - val_loss: 7.6168 - val_accuracy: 0.4000 - lr: 5.5545e-07
Epoch 11/25
4/4 [==============================] - 2s 643ms/step - loss: 12.5322 - accuracy: 0.2833 - val_loss: 7.6110 - val_accuracy: 0.4000 - lr: 2.0434e-07
Epoch 12/25
4/4 [==============================] - 2s 621ms/step - loss: 11.9089 - accuracy: 0.2333 - val_loss: 7.6062 - val_accuracy: 0.4000 - lr: 6.8018e-08
Epoch 13/25
4/4 [==============================] - 2s 600ms/step - loss: 13.6009 - accuracy: 0.3167 - val_loss: 7.6004 - val_accuracy: 0.4000 - lr: 2.0487e-08
Epoch 14/25
4/4 [==============================] - 2s 604ms/step - loss: 10.9156 - accuracy: 0.3333 - val_loss: 7.5947 - val_accuracy: 0.4000 - lr: 5.5833e-09
Epoch 15/25
4/4 [==============================] - 2s 630ms/step - loss: 14.4541 - accuracy: 0.1833 - val_loss: 7.5890 - val_accuracy: 0.4000 - lr: 1.3768e-09
Epoch 16/25
4/4 [==============================] - 2s 591ms/step - loss: 13.4085 - accuracy: 0.1500 - val_loss: 7.5837 - val_accuracy: 0.4000 - lr: 3.0721e-10
Epoch 17/25
4/4 [==============================] - 2s 599ms/step - loss: 12.7915 - accuracy: 0.2167 - val_loss: 7.5788 - val_accuracy: 0.4000 - lr: 6.2025e-11
Epoch 18/25
4/4 [==============================] - 2s 592ms/step - loss: 11.7628 - accuracy: 0.2167 - val_loss: 7.5743 - val_accuracy: 0.4000 - lr: 1.1331e-11
Epoch 19/25
4/4 [==============================] - 2s 581ms/step - loss: 12.7822 - accuracy: 0.2000 - val_loss: 7.5697 - val_accuracy: 0.4000 - lr: 1.8730e-12
Epoch 20/25
4/4 [==============================] - 2s 621ms/step - loss: 12.5769 - accuracy: 0.3167 - val_loss: 7.5642 - val_accuracy: 0.4000 - lr: 2.8014e-13
Epoch 21/25
4/4 [==============================] - 2s 582ms/step - loss: 11.8329 - accuracy: 0.2500 - val_loss: 7.5596 - val_accuracy: 0.4000 - lr: 3.7913e-14
Epoch 22/25
4/4 [==============================] - 2s 602ms/step - loss: 12.3891 - accuracy: 0.2333 - val_loss: 7.5550 - val_accuracy: 0.4000 - lr: 4.6427e-15
Epoch 23/25
4/4 [==============================] - 2s 608ms/step - loss: 13.5589 - accuracy: 0.2500 - val_loss: 7.5509 - val_accuracy: 0.4000 - lr: 5.1442e-16
Epoch 24/25
4/4 [==============================] - 2s 595ms/step - loss: 12.8427 - accuracy: 0.2833 - val_loss: 7.5469 - val_accuracy: 0.4000 - lr: 5.1575e-17
Epoch 25/25
4/4 [==============================] - 2s 594ms/step - loss: 12.4499 - accuracy: 0.2333 - val_loss: 7.5419 - val_accuracy: 0.4000 - lr: 4.6788e-18
1/1 [==============================] - 0s 110ms/step - loss: 7.7521 - accuracy: 0.1429
Found 60 images belonging to 6 classes.
Found 5 images belonging to 6 classes.
Found 7 images belonging to 6 classes.
Epoch 1/30
4/4 [==============================] - ETA: 0s - loss: 12.9568 - accuracy: 0.1167C:\Users\tom.zbc\PycharmProjects\fungis_bacterias_project\.venv\lib\site-packages\keras\src\engine\training.py:3000: UserWarning: You are saving your model as an HDF5 file via `model.save()`. This file format is considered legacy. We recommend using instead the native Keras format, e.g. `model.save('my_model.keras')`.
  saving_api.save_model(
4/4 [==============================] - 3s 658ms/step - loss: 12.9568 - accuracy: 0.1167 - val_loss: 7.7225 - val_accuracy: 0.4000 - lr: 5.0000e-05
Epoch 2/30
4/4 [==============================] - 2s 423ms/step - loss: 12.7864 - accuracy: 0.2500 - val_loss: 7.7568 - val_accuracy: 0.2000 - lr: 4.5242e-05
Epoch 3/30
4/4 [==============================] - 2s 595ms/step - loss: 11.9106 - accuracy: 0.2833 - val_loss: 7.7371 - val_accuracy: 0.4000 - lr: 3.7041e-05
Epoch 4/30
4/4 [==============================] - 3s 650ms/step - loss: 11.6810 - accuracy: 0.3000 - val_loss: 7.7263 - val_accuracy: 0.4000 - lr: 2.7441e-05
Epoch 5/30
4/4 [==============================] - 4s 934ms/step - loss: 11.2851 - accuracy: 0.2667 - val_loss: 7.7205 - val_accuracy: 0.2000 - lr: 1.8394e-05
Epoch 6/30
4/4 [==============================] - 3s 868ms/step - loss: 13.6796 - accuracy: 0.3000 - val_loss: 7.7140 - val_accuracy: 0.2000 - lr: 1.1157e-05
Epoch 7/30
4/4 [==============================] - 3s 860ms/step - loss: 12.5433 - accuracy: 0.2667 - val_loss: 7.7058 - val_accuracy: 0.2000 - lr: 6.1228e-06
Epoch 8/30
4/4 [==============================] - 4s 992ms/step - loss: 12.0447 - accuracy: 0.3167 - val_loss: 7.6996 - val_accuracy: 0.2000 - lr: 3.0405e-06
Epoch 9/30
4/4 [==============================] - 4s 1s/step - loss: 11.1799 - accuracy: 0.3000 - val_loss: 7.6944 - val_accuracy: 0.2000 - lr: 1.3662e-06
Epoch 10/30
4/4 [==============================] - 4s 1s/step - loss: 12.0190 - accuracy: 0.2833 - val_loss: 7.6901 - val_accuracy: 0.2000 - lr: 5.5545e-07
Epoch 11/30
4/4 [==============================] - 4s 1s/step - loss: 12.0726 - accuracy: 0.3000 - val_loss: 7.6870 - val_accuracy: 0.2000 - lr: 2.0434e-07
Epoch 12/30
4/4 [==============================] - 4s 988ms/step - loss: 12.7784 - accuracy: 0.2167 - val_loss: 7.6835 - val_accuracy: 0.2000 - lr: 6.8018e-08
Epoch 13/30
4/4 [==============================] - 3s 899ms/step - loss: 11.2053 - accuracy: 0.2667 - val_loss: 7.6810 - val_accuracy: 0.2000 - lr: 2.0487e-08
Epoch 14/30
4/4 [==============================] - 4s 965ms/step - loss: 12.0930 - accuracy: 0.3667 - val_loss: 7.6791 - val_accuracy: 0.2000 - lr: 5.5833e-09
Epoch 15/30
4/4 [==============================] - 4s 979ms/step - loss: 12.2963 - accuracy: 0.2667 - val_loss: 7.6783 - val_accuracy: 0.2000 - lr: 1.3768e-09
Epoch 16/30
4/4 [==============================] - 3s 682ms/step - loss: 11.5158 - accuracy: 0.3000 - val_loss: 7.6785 - val_accuracy: 0.2000 - lr: 3.0721e-10
Epoch 17/30
4/4 [==============================] - 3s 660ms/step - loss: 12.7140 - accuracy: 0.1667 - val_loss: 7.6796 - val_accuracy: 0.2000 - lr: 6.2025e-11
Epoch 18/30
4/4 [==============================] - 3s 623ms/step - loss: 12.4655 - accuracy: 0.2500 - val_loss: 7.6809 - val_accuracy: 0.2000 - lr: 1.1331e-11
Epoch 19/30
4/4 [==============================] - 3s 595ms/step - loss: 12.7033 - accuracy: 0.2833 - val_loss: 7.6827 - val_accuracy: 0.2000 - lr: 1.8730e-12
Epoch 20/30
4/4 [==============================] - 2s 564ms/step - loss: 12.2734 - accuracy: 0.2000 - val_loss: 7.6857 - val_accuracy: 0.2000 - lr: 2.8014e-13
Epoch 21/30
4/4 [==============================] - 2s 596ms/step - loss: 12.7093 - accuracy: 0.1833 - val_loss: 7.6891 - val_accuracy: 0.2000 - lr: 3.7913e-14
Epoch 22/30
4/4 [==============================] - 2s 551ms/step - loss: 11.7205 - accuracy: 0.3667 - val_loss: 7.6931 - val_accuracy: 0.2000 - lr: 4.6427e-15
Epoch 23/30
4/4 [==============================] - 2s 595ms/step - loss: 12.5314 - accuracy: 0.2167 - val_loss: 7.6976 - val_accuracy: 0.2000 - lr: 5.1442e-16
1/1 [==============================] - 0s 136ms/step - loss: 7.7740 - accuracy: 0.1429
Found 60 images belonging to 6 classes.
Found 5 images belonging to 6 classes.
Found 7 images belonging to 6 classes.
Epoch 1/25
4/4 [==============================] - ETA: 0s - loss: 12.1308 - accuracy: 0.1000C:\Users\tom.zbc\PycharmProjects\fungis_bacterias_project\.venv\lib\site-packages\keras\src\engine\training.py:3000: UserWarning: You are saving your model as an HDF5 file via `model.save()`. This file format is considered legacy. We recommend using instead the native Keras format, e.g. `model.save('my_model.keras')`.
  saving_api.save_model(
4/4 [==============================] - 3s 796ms/step - loss: 12.1308 - accuracy: 0.1000 - val_loss: 7.7541 - val_accuracy: 0.2000 - lr: 5.0000e-05
Epoch 2/25
4/4 [==============================] - 2s 413ms/step - loss: 13.4451 - accuracy: 0.1667 - val_loss: 7.7744 - val_accuracy: 0.0000e+00 - lr: 4.5242e-05
Epoch 3/25
4/4 [==============================] - 2s 682ms/step - loss: 14.2571 - accuracy: 0.1500 - val_loss: 7.7427 - val_accuracy: 0.0000e+00 - lr: 3.7041e-05
Epoch 4/25
4/4 [==============================] - 3s 714ms/step - loss: 12.4045 - accuracy: 0.2500 - val_loss: 7.7073 - val_accuracy: 0.2000 - lr: 2.7441e-05
Epoch 5/25
4/4 [==============================] - 3s 717ms/step - loss: 11.7662 - accuracy: 0.3000 - val_loss: 7.6896 - val_accuracy: 0.6000 - lr: 1.8394e-05
Epoch 6/25
4/4 [==============================] - 3s 661ms/step - loss: 11.7460 - accuracy: 0.3000 - val_loss: 7.6747 - val_accuracy: 0.6000 - lr: 1.1157e-05
Epoch 7/25
4/4 [==============================] - 2s 654ms/step - loss: 12.9565 - accuracy: 0.2333 - val_loss: 7.6677 - val_accuracy: 0.6000 - lr: 6.1228e-06
Epoch 8/25
4/4 [==============================] - 2s 631ms/step - loss: 11.7646 - accuracy: 0.3000 - val_loss: 7.6673 - val_accuracy: 0.4000 - lr: 3.0405e-06
Epoch 9/25
4/4 [==============================] - 2s 420ms/step - loss: 10.8901 - accuracy: 0.2500 - val_loss: 7.6690 - val_accuracy: 0.4000 - lr: 1.3662e-06
Epoch 10/25
4/4 [==============================] - 2s 458ms/step - loss: 12.3700 - accuracy: 0.2333 - val_loss: 7.6709 - val_accuracy: 0.4000 - lr: 5.5545e-07
Epoch 11/25
4/4 [==============================] - 2s 450ms/step - loss: 11.7812 - accuracy: 0.2833 - val_loss: 7.6721 - val_accuracy: 0.4000 - lr: 2.0434e-07
Epoch 12/25
4/4 [==============================] - 2s 440ms/step - loss: 12.1593 - accuracy: 0.2333 - val_loss: 7.6750 - val_accuracy: 0.4000 - lr: 6.8018e-08
Epoch 13/25
4/4 [==============================] - 2s 442ms/step - loss: 10.7954 - accuracy: 0.2500 - val_loss: 7.6775 - val_accuracy: 0.4000 - lr: 2.0487e-08
Epoch 14/25
4/4 [==============================] - 2s 428ms/step - loss: 10.2924 - accuracy: 0.3000 - val_loss: 7.6806 - val_accuracy: 0.4000 - lr: 5.5833e-09
Epoch 15/25
4/4 [==============================] - 2s 433ms/step - loss: 12.0975 - accuracy: 0.3000 - val_loss: 7.6833 - val_accuracy: 0.4000 - lr: 1.3768e-09
Epoch 16/25
4/4 [==============================] - 2s 479ms/step - loss: 10.7335 - accuracy: 0.3500 - val_loss: 7.6863 - val_accuracy: 0.4000 - lr: 3.0721e-10
1/1 [==============================] - 0s 113ms/step - loss: 7.7896 - accuracy: 0.1429
Found 60 images belonging to 6 classes.
Found 5 images belonging to 6 classes.
Found 7 images belonging to 6 classes.
Epoch 1/30
4/4 [==============================] - ETA: 0s - loss: 12.9744 - accuracy: 0.2167C:\Users\tom.zbc\PycharmProjects\fungis_bacterias_project\.venv\lib\site-packages\keras\src\engine\training.py:3000: UserWarning: You are saving your model as an HDF5 file via `model.save()`. This file format is considered legacy. We recommend using instead the native Keras format, e.g. `model.save('my_model.keras')`.
  saving_api.save_model(
4/4 [==============================] - 3s 715ms/step - loss: 12.9744 - accuracy: 0.2167 - val_loss: 7.7671 - val_accuracy: 0.0000e+00 - lr: 5.0000e-05
Epoch 2/30
4/4 [==============================] - 2s 580ms/step - loss: 13.5837 - accuracy: 0.2000 - val_loss: 7.7181 - val_accuracy: 0.2000 - lr: 4.5242e-05
Epoch 3/30
4/4 [==============================] - 2s 583ms/step - loss: 12.0769 - accuracy: 0.2333 - val_loss: 7.7057 - val_accuracy: 0.4000 - lr: 3.7041e-05
Epoch 4/30
4/4 [==============================] - 2s 388ms/step - loss: 14.2168 - accuracy: 0.1667 - val_loss: 7.7153 - val_accuracy: 0.4000 - lr: 2.7441e-05
Epoch 5/30
4/4 [==============================] - 2s 415ms/step - loss: 12.6165 - accuracy: 0.2167 - val_loss: 7.7267 - val_accuracy: 0.2000 - lr: 1.8394e-05
Epoch 6/30
4/4 [==============================] - 2s 396ms/step - loss: 12.4867 - accuracy: 0.2333 - val_loss: 7.7309 - val_accuracy: 0.2000 - lr: 1.1157e-05
Epoch 7/30
4/4 [==============================] - 2s 444ms/step - loss: 12.5571 - accuracy: 0.1667 - val_loss: 7.7263 - val_accuracy: 0.2000 - lr: 6.1228e-06
Epoch 8/30
4/4 [==============================] - 2s 447ms/step - loss: 12.2656 - accuracy: 0.1833 - val_loss: 7.7258 - val_accuracy: 0.2000 - lr: 3.0405e-06
Epoch 9/30
4/4 [==============================] - 2s 425ms/step - loss: 12.2380 - accuracy: 0.2500 - val_loss: 7.7279 - val_accuracy: 0.2000 - lr: 1.0000e-06
Epoch 10/30
4/4 [==============================] - 2s 421ms/step - loss: 12.0371 - accuracy: 0.2833 - val_loss: 7.7299 - val_accuracy: 0.2000 - lr: 4.0657e-07
Epoch 11/30
4/4 [==============================] - 2s 459ms/step - loss: 12.0100 - accuracy: 0.3500 - val_loss: 7.7326 - val_accuracy: 0.2000 - lr: 1.4957e-07
1/1 [==============================] - 0s 119ms/step - loss: 7.7488 - accuracy: 0.2857
Found 60 images belonging to 6 classes.
Found 5 images belonging to 6 classes.
Found 7 images belonging to 6 classes.
Epoch 1/25
4/4 [==============================] - ETA: 0s - loss: 12.8013 - accuracy: 0.2167C:\Users\tom.zbc\PycharmProjects\fungis_bacterias_project\.venv\lib\site-packages\keras\src\engine\training.py:3000: UserWarning: You are saving your model as an HDF5 file via `model.save()`. This file format is considered legacy. We recommend using instead the native Keras format, e.g. `model.save('my_model.keras')`.
  saving_api.save_model(
4/4 [==============================] - 3s 656ms/step - loss: 12.8013 - accuracy: 0.2167 - val_loss: 7.7196 - val_accuracy: 0.2000 - lr: 5.0000e-05
Epoch 2/25
4/4 [==============================] - 2s 443ms/step - loss: 13.6955 - accuracy: 0.2333 - val_loss: 7.7864 - val_accuracy: 0.2000 - lr: 4.5242e-05
Epoch 3/25
4/4 [==============================] - 2s 396ms/step - loss: 14.0118 - accuracy: 0.2667 - val_loss: 7.8070 - val_accuracy: 0.2000 - lr: 3.7041e-05
Epoch 4/25
4/4 [==============================] - 2s 402ms/step - loss: 13.5097 - accuracy: 0.2667 - val_loss: 7.8018 - val_accuracy: 0.2000 - lr: 2.7441e-05
Epoch 5/25
4/4 [==============================] - 2s 404ms/step - loss: 12.6077 - accuracy: 0.2000 - val_loss: 7.7809 - val_accuracy: 0.2000 - lr: 1.8394e-05
Epoch 6/25
4/4 [==============================] - 2s 409ms/step - loss: 12.2864 - accuracy: 0.2667 - val_loss: 7.7692 - val_accuracy: 0.2000 - lr: 1.1157e-05
Epoch 7/25
4/4 [==============================] - 2s 438ms/step - loss: 13.8498 - accuracy: 0.2000 - val_loss: 7.7609 - val_accuracy: 0.2000 - lr: 1.2246e-06
Epoch 8/25
4/4 [==============================] - 2s 401ms/step - loss: 12.9350 - accuracy: 0.2333 - val_loss: 7.7604 - val_accuracy: 0.2000 - lr: 6.0810e-07
Epoch 9/25
4/4 [==============================] - 2s 424ms/step - loss: 11.1696 - accuracy: 0.3167 - val_loss: 7.7590 - val_accuracy: 0.2000 - lr: 2.7324e-07
1/1 [==============================] - 0s 115ms/step - loss: 7.7498 - accuracy: 0.1429
Found 60 images belonging to 6 classes.
Found 5 images belonging to 6 classes.
Found 7 images belonging to 6 classes.
Epoch 1/30
4/4 [==============================] - ETA: 0s - loss: 12.7374 - accuracy: 0.1333C:\Users\tom.zbc\PycharmProjects\fungis_bacterias_project\.venv\lib\site-packages\keras\src\engine\training.py:3000: UserWarning: You are saving your model as an HDF5 file via `model.save()`. This file format is considered legacy. We recommend using instead the native Keras format, e.g. `model.save('my_model.keras')`.
  saving_api.save_model(
4/4 [==============================] - 3s 644ms/step - loss: 12.7374 - accuracy: 0.1333 - val_loss: 7.7821 - val_accuracy: 0.2000 - lr: 5.0000e-05
Epoch 2/30
4/4 [==============================] - 2s 420ms/step - loss: 14.4587 - accuracy: 0.1667 - val_loss: 7.7890 - val_accuracy: 0.2000 - lr: 4.5242e-05
Epoch 3/30
4/4 [==============================] - 2s 405ms/step - loss: 14.7904 - accuracy: 0.2167 - val_loss: 7.7871 - val_accuracy: 0.2000 - lr: 3.7041e-05
Epoch 4/30
4/4 [==============================] - 2s 592ms/step - loss: 14.2874 - accuracy: 0.1667 - val_loss: 7.7542 - val_accuracy: 0.2000 - lr: 2.7441e-05
Epoch 5/30
4/4 [==============================] - 2s 644ms/step - loss: 13.5404 - accuracy: 0.2167 - val_loss: 7.7403 - val_accuracy: 0.2000 - lr: 1.8394e-05
Epoch 6/30
4/4 [==============================] - 2s 603ms/step - loss: 13.4565 - accuracy: 0.2000 - val_loss: 7.7378 - val_accuracy: 0.2000 - lr: 1.1157e-05
Epoch 7/30
4/4 [==============================] - 2s 408ms/step - loss: 13.0099 - accuracy: 0.3167 - val_loss: 7.7392 - val_accuracy: 0.2000 - lr: 6.1228e-06
Epoch 8/30
4/4 [==============================] - 2s 422ms/step - loss: 12.6467 - accuracy: 0.3000 - val_loss: 7.7422 - val_accuracy: 0.2000 - lr: 3.0405e-06
Epoch 9/30
4/4 [==============================] - 2s 412ms/step - loss: 13.3051 - accuracy: 0.2833 - val_loss: 7.7450 - val_accuracy: 0.2000 - lr: 1.3662e-06
Epoch 10/30
4/4 [==============================] - 2s 445ms/step - loss: 13.8328 - accuracy: 0.2500 - val_loss: 7.7484 - val_accuracy: 0.2000 - lr: 5.5545e-07
Epoch 11/30
4/4 [==============================] - 2s 394ms/step - loss: 11.4437 - accuracy: 0.2833 - val_loss: 7.7521 - val_accuracy: 0.2000 - lr: 2.0434e-07
Epoch 12/30
4/4 [==============================] - 2s 450ms/step - loss: 13.7580 - accuracy: 0.2000 - val_loss: 7.7550 - val_accuracy: 0.2000 - lr: 6.8018e-08
Epoch 13/30
4/4 [==============================] - 2s 423ms/step - loss: 13.4903 - accuracy: 0.2500 - val_loss: 7.7584 - val_accuracy: 0.2000 - lr: 2.0487e-08
Epoch 14/30
4/4 [==============================] - 2s 438ms/step - loss: 11.2202 - accuracy: 0.3000 - val_loss: 7.7619 - val_accuracy: 0.2000 - lr: 5.5833e-09
1/1 [==============================] - 0s 118ms/step - loss: 7.7649 - accuracy: 0.0000e+00
Found 60 images belonging to 6 classes.
Found 5 images belonging to 6 classes.
Found 7 images belonging to 6 classes.
Epoch 1/25
4/4 [==============================] - ETA: 0s - loss: 10.9592 - accuracy: 0.1333C:\Users\tom.zbc\PycharmProjects\fungis_bacterias_project\.venv\lib\site-packages\keras\src\engine\training.py:3000: UserWarning: You are saving your model as an HDF5 file via `model.save()`. This file format is considered legacy. We recommend using instead the native Keras format, e.g. `model.save('my_model.keras')`.
  saving_api.save_model(
4/4 [==============================] - 2s 428ms/step - loss: 10.9592 - accuracy: 0.1333 - val_loss: 7.3956 - val_accuracy: 0.2000 - lr: 1.0000e-05
Epoch 2/25
4/4 [==============================] - 2s 380ms/step - loss: 9.1631 - accuracy: 0.1833 - val_loss: 7.3901 - val_accuracy: 0.2000 - lr: 9.0484e-06
Epoch 3/25
4/4 [==============================] - 1s 271ms/step - loss: 8.9487 - accuracy: 0.2500 - val_loss: 7.3903 - val_accuracy: 0.0000e+00 - lr: 7.4082e-06
Epoch 4/25
4/4 [==============================] - 1s 281ms/step - loss: 9.6693 - accuracy: 0.2333 - val_loss: 7.3936 - val_accuracy: 0.2000 - lr: 5.4881e-06
Epoch 5/25
4/4 [==============================] - 1s 283ms/step - loss: 9.3588 - accuracy: 0.2833 - val_loss: 7.3990 - val_accuracy: 0.2000 - lr: 3.6788e-06
Epoch 6/25
4/4 [==============================] - 1s 297ms/step - loss: 10.1710 - accuracy: 0.1167 - val_loss: 7.4011 - val_accuracy: 0.2000 - lr: 2.2313e-06
Epoch 7/25
4/4 [==============================] - 1s 284ms/step - loss: 9.0771 - accuracy: 0.3000 - val_loss: 7.4019 - val_accuracy: 0.2000 - lr: 1.2246e-06
Epoch 8/25
4/4 [==============================] - 1s 304ms/step - loss: 9.2205 - accuracy: 0.2500 - val_loss: 7.4035 - val_accuracy: 0.2000 - lr: 6.0810e-07
Epoch 9/25
4/4 [==============================] - 1s 291ms/step - loss: 8.5126 - accuracy: 0.3500 - val_loss: 7.4051 - val_accuracy: 0.2000 - lr: 2.7324e-07
Epoch 10/25
4/4 [==============================] - 1s 291ms/step - loss: 9.5460 - accuracy: 0.0833 - val_loss: 7.4065 - val_accuracy: 0.2000 - lr: 1.1109e-07
1/1 [==============================] - 0s 95ms/step - loss: 7.3523 - accuracy: 0.2857
Found 60 images belonging to 6 classes.
Found 5 images belonging to 6 classes.
Found 7 images belonging to 6 classes.
Epoch 1/30
4/4 [==============================] - ETA: 0s - loss: 10.8149 - accuracy: 0.1167C:\Users\tom.zbc\PycharmProjects\fungis_bacterias_project\.venv\lib\site-packages\keras\src\engine\training.py:3000: UserWarning: You are saving your model as an HDF5 file via `model.save()`. This file format is considered legacy. We recommend using instead the native Keras format, e.g. `model.save('my_model.keras')`.
  saving_api.save_model(
4/4 [==============================] - 2s 428ms/step - loss: 10.8149 - accuracy: 0.1167 - val_loss: 7.3577 - val_accuracy: 0.2000 - lr: 1.0000e-05
Epoch 2/30
4/4 [==============================] - 1s 293ms/step - loss: 11.1616 - accuracy: 0.1333 - val_loss: 7.3635 - val_accuracy: 0.2000 - lr: 9.0484e-06
Epoch 3/30
4/4 [==============================] - 1s 306ms/step - loss: 10.2857 - accuracy: 0.1333 - val_loss: 7.3676 - val_accuracy: 0.2000 - lr: 7.4082e-06
Epoch 4/30
4/4 [==============================] - 1s 282ms/step - loss: 10.3418 - accuracy: 0.2000 - val_loss: 7.3684 - val_accuracy: 0.2000 - lr: 5.4881e-06
Epoch 5/30
4/4 [==============================] - 1s 276ms/step - loss: 9.8953 - accuracy: 0.1500 - val_loss: 7.3654 - val_accuracy: 0.2000 - lr: 3.6788e-06
Epoch 6/30
4/4 [==============================] - 1s 284ms/step - loss: 10.0820 - accuracy: 0.2167 - val_loss: 7.3629 - val_accuracy: 0.4000 - lr: 2.2313e-06
Epoch 7/30
4/4 [==============================] - 1s 314ms/step - loss: 9.3419 - accuracy: 0.2500 - val_loss: 7.3616 - val_accuracy: 0.6000 - lr: 1.0000e-06
Epoch 8/30
4/4 [==============================] - 1s 279ms/step - loss: 9.9948 - accuracy: 0.1500 - val_loss: 7.3609 - val_accuracy: 0.4000 - lr: 4.9659e-07
Epoch 9/30
4/4 [==============================] - 1s 324ms/step - loss: 10.2747 - accuracy: 0.1500 - val_loss: 7.3602 - val_accuracy: 0.4000 - lr: 2.2313e-07
1/1 [==============================] - 0s 93ms/step - loss: 7.3424 - accuracy: 0.4286
Found 60 images belonging to 6 classes.
Found 5 images belonging to 6 classes.
Found 7 images belonging to 6 classes.
Epoch 1/25
4/4 [==============================] - ETA: 0s - loss: 9.9740 - accuracy: 0.1667 C:\Users\tom.zbc\PycharmProjects\fungis_bacterias_project\.venv\lib\site-packages\keras\src\engine\training.py:3000: UserWarning: You are saving your model as an HDF5 file via `model.save()`. This file format is considered legacy. We recommend using instead the native Keras format, e.g. `model.save('my_model.keras')`.
  saving_api.save_model(
4/4 [==============================] - 2s 421ms/step - loss: 9.9740 - accuracy: 0.1667 - val_loss: 7.3674 - val_accuracy: 0.4000 - lr: 1.0000e-05
Epoch 2/25
4/4 [==============================] - 1s 365ms/step - loss: 9.2723 - accuracy: 0.2000 - val_loss: 7.3638 - val_accuracy: 0.4000 - lr: 9.0484e-06
Epoch 3/25
4/4 [==============================] - 1s 372ms/step - loss: 10.2709 - accuracy: 0.1500 - val_loss: 7.3628 - val_accuracy: 0.4000 - lr: 7.4082e-06
Epoch 4/25
4/4 [==============================] - 1s 366ms/step - loss: 9.2697 - accuracy: 0.2667 - val_loss: 7.3625 - val_accuracy: 0.4000 - lr: 5.4881e-06
Epoch 5/25
4/4 [==============================] - 1s 270ms/step - loss: 9.8745 - accuracy: 0.1667 - val_loss: 7.3652 - val_accuracy: 0.2000 - lr: 3.6788e-06
Epoch 6/25
4/4 [==============================] - 1s 284ms/step - loss: 9.5567 - accuracy: 0.2000 - val_loss: 7.3683 - val_accuracy: 0.2000 - lr: 2.2313e-06
Epoch 7/25
4/4 [==============================] - 1s 306ms/step - loss: 9.3171 - accuracy: 0.2000 - val_loss: 7.3720 - val_accuracy: 0.2000 - lr: 1.2246e-06
Epoch 8/25
4/4 [==============================] - 1s 285ms/step - loss: 9.3425 - accuracy: 0.2333 - val_loss: 7.3756 - val_accuracy: 0.2000 - lr: 6.0810e-07
Epoch 9/25
4/4 [==============================] - 1s 312ms/step - loss: 8.7545 - accuracy: 0.3500 - val_loss: 7.3778 - val_accuracy: 0.2000 - lr: 2.7324e-07
Epoch 10/25
4/4 [==============================] - 1s 309ms/step - loss: 9.2801 - accuracy: 0.2333 - val_loss: 7.3795 - val_accuracy: 0.2000 - lr: 1.1109e-07
Epoch 11/25
4/4 [==============================] - 1s 315ms/step - loss: 9.2689 - accuracy: 0.2000 - val_loss: 7.3808 - val_accuracy: 0.2000 - lr: 4.0868e-08
Epoch 12/25
4/4 [==============================] - 1s 317ms/step - loss: 9.1619 - accuracy: 0.2500 - val_loss: 7.3818 - val_accuracy: 0.2000 - lr: 1.3604e-08
1/1 [==============================] - 0s 102ms/step - loss: 7.3632 - accuracy: 0.2857
Found 60 images belonging to 6 classes.
Found 5 images belonging to 6 classes.
Found 7 images belonging to 6 classes.
Epoch 1/30
4/4 [==============================] - ETA: 0s - loss: 9.9178 - accuracy: 0.1500 C:\Users\tom.zbc\PycharmProjects\fungis_bacterias_project\.venv\lib\site-packages\keras\src\engine\training.py:3000: UserWarning: You are saving your model as an HDF5 file via `model.save()`. This file format is considered legacy. We recommend using instead the native Keras format, e.g. `model.save('my_model.keras')`.
  saving_api.save_model(
4/4 [==============================] - 2s 421ms/step - loss: 9.9178 - accuracy: 0.1500 - val_loss: 7.4170 - val_accuracy: 0.0000e+00 - lr: 1.0000e-05
Epoch 2/30
4/4 [==============================] - 1s 371ms/step - loss: 10.6571 - accuracy: 0.1667 - val_loss: 7.4138 - val_accuracy: 0.2000 - lr: 9.0484e-06
Epoch 3/30
4/4 [==============================] - 1s 369ms/step - loss: 9.5556 - accuracy: 0.2000 - val_loss: 7.4000 - val_accuracy: 0.2000 - lr: 7.4082e-06
Epoch 4/30
4/4 [==============================] - 1s 372ms/step - loss: 9.3074 - accuracy: 0.1833 - val_loss: 7.3962 - val_accuracy: 0.2000 - lr: 5.4881e-06
Epoch 5/30
4/4 [==============================] - 1s 381ms/step - loss: 9.3635 - accuracy: 0.3000 - val_loss: 7.3946 - val_accuracy: 0.2000 - lr: 3.6788e-06
Epoch 6/30
4/4 [==============================] - 1s 283ms/step - loss: 9.9146 - accuracy: 0.1500 - val_loss: 7.3969 - val_accuracy: 0.2000 - lr: 2.2313e-06
Epoch 7/30
4/4 [==============================] - 1s 276ms/step - loss: 9.3812 - accuracy: 0.2000 - val_loss: 7.4003 - val_accuracy: 0.2000 - lr: 1.2246e-06
Epoch 8/30
4/4 [==============================] - 1s 289ms/step - loss: 9.3384 - accuracy: 0.1833 - val_loss: 7.4055 - val_accuracy: 0.2000 - lr: 6.0810e-07
Epoch 9/30
4/4 [==============================] - 1s 281ms/step - loss: 9.2150 - accuracy: 0.2000 - val_loss: 7.4124 - val_accuracy: 0.2000 - lr: 2.7324e-07
Epoch 10/30
4/4 [==============================] - 1s 290ms/step - loss: 9.6143 - accuracy: 0.1167 - val_loss: 7.4189 - val_accuracy: 0.2000 - lr: 1.1109e-07
Epoch 11/30
4/4 [==============================] - 1s 287ms/step - loss: 9.6218 - accuracy: 0.2333 - val_loss: 7.4245 - val_accuracy: 0.0000e+00 - lr: 4.0868e-08
Epoch 12/30
4/4 [==============================] - 1s 285ms/step - loss: 8.9676 - accuracy: 0.2333 - val_loss: 7.4297 - val_accuracy: 0.2000 - lr: 1.3604e-08
Epoch 13/30
4/4 [==============================] - 1s 289ms/step - loss: 9.7488 - accuracy: 0.2333 - val_loss: 7.4343 - val_accuracy: 0.2000 - lr: 4.0973e-09
1/1 [==============================] - 0s 93ms/step - loss: 7.3464 - accuracy: 0.2857
Found 60 images belonging to 6 classes.
Found 5 images belonging to 6 classes.
Found 7 images belonging to 6 classes.
Epoch 1/25
4/4 [==============================] - ETA: 0s - loss: 10.0199 - accuracy: 0.2500C:\Users\tom.zbc\PycharmProjects\fungis_bacterias_project\.venv\lib\site-packages\keras\src\engine\training.py:3000: UserWarning: You are saving your model as an HDF5 file via `model.save()`. This file format is considered legacy. We recommend using instead the native Keras format, e.g. `model.save('my_model.keras')`.
  saving_api.save_model(
4/4 [==============================] - 2s 431ms/step - loss: 10.0199 - accuracy: 0.2500 - val_loss: 7.3798 - val_accuracy: 0.0000e+00 - lr: 1.0000e-05
Epoch 2/25
4/4 [==============================] - 1s 380ms/step - loss: 10.3454 - accuracy: 0.2500 - val_loss: 7.3639 - val_accuracy: 0.2000 - lr: 9.0484e-06
Epoch 3/25
4/4 [==============================] - 1s 368ms/step - loss: 9.0121 - accuracy: 0.3000 - val_loss: 7.3542 - val_accuracy: 0.2000 - lr: 7.4082e-06
Epoch 4/25
4/4 [==============================] - 2s 400ms/step - loss: 9.0700 - accuracy: 0.3000 - val_loss: 7.3489 - val_accuracy: 0.2000 - lr: 5.4881e-06
Epoch 5/25
4/4 [==============================] - 2s 389ms/step - loss: 10.0416 - accuracy: 0.1333 - val_loss: 7.3437 - val_accuracy: 0.4000 - lr: 3.6788e-06
Epoch 6/25
4/4 [==============================] - 2s 396ms/step - loss: 10.4005 - accuracy: 0.1000 - val_loss: 7.3408 - val_accuracy: 0.2000 - lr: 2.2313e-06
Epoch 7/25
4/4 [==============================] - 1s 276ms/step - loss: 9.4393 - accuracy: 0.1833 - val_loss: 7.3421 - val_accuracy: 0.2000 - lr: 1.2246e-06
Epoch 8/25
4/4 [==============================] - 1s 274ms/step - loss: 9.3034 - accuracy: 0.1833 - val_loss: 7.3449 - val_accuracy: 0.2000 - lr: 6.0810e-07
Epoch 9/25
4/4 [==============================] - 2s 430ms/step - loss: 9.3966 - accuracy: 0.2167 - val_loss: 7.3480 - val_accuracy: 0.2000 - lr: 2.7324e-07
Epoch 10/25
4/4 [==============================] - 2s 466ms/step - loss: 9.5438 - accuracy: 0.1833 - val_loss: 7.3521 - val_accuracy: 0.2000 - lr: 1.1109e-07
Epoch 11/25
4/4 [==============================] - 2s 462ms/step - loss: 10.0417 - accuracy: 0.1833 - val_loss: 7.3554 - val_accuracy: 0.2000 - lr: 4.0868e-08
Epoch 12/25
4/4 [==============================] - 2s 465ms/step - loss: 9.3655 - accuracy: 0.2667 - val_loss: 7.3582 - val_accuracy: 0.2000 - lr: 1.3604e-08
Epoch 13/25
4/4 [==============================] - 2s 487ms/step - loss: 8.8095 - accuracy: 0.2500 - val_loss: 7.3615 - val_accuracy: 0.2000 - lr: 4.0973e-09
Epoch 14/25
4/4 [==============================] - 2s 512ms/step - loss: 9.5325 - accuracy: 0.1667 - val_loss: 7.3642 - val_accuracy: 0.2000 - lr: 1.1167e-09
1/1 [==============================] - 0s 150ms/step - loss: 7.3463 - accuracy: 0.1429
Found 60 images belonging to 6 classes.
Found 5 images belonging to 6 classes.
Found 7 images belonging to 6 classes.
Epoch 1/30
4/4 [==============================] - ETA: 0s - loss: 11.4678 - accuracy: 0.0500C:\Users\tom.zbc\PycharmProjects\fungis_bacterias_project\.venv\lib\site-packages\keras\src\engine\training.py:3000: UserWarning: You are saving your model as an HDF5 file via `model.save()`. This file format is considered legacy. We recommend using instead the native Keras format, e.g. `model.save('my_model.keras')`.
  saving_api.save_model(
4/4 [==============================] - 3s 672ms/step - loss: 11.4678 - accuracy: 0.0500 - val_loss: 7.3810 - val_accuracy: 0.0000e+00 - lr: 1.0000e-05
Epoch 2/30
4/4 [==============================] - 2s 571ms/step - loss: 10.6187 - accuracy: 0.1833 - val_loss: 7.3693 - val_accuracy: 0.0000e+00 - lr: 9.0484e-06
Epoch 3/30
4/4 [==============================] - 2s 609ms/step - loss: 9.9549 - accuracy: 0.1167 - val_loss: 7.3652 - val_accuracy: 0.0000e+00 - lr: 7.4082e-06
Epoch 4/30
4/4 [==============================] - 2s 579ms/step - loss: 9.2174 - accuracy: 0.2167 - val_loss: 7.3609 - val_accuracy: 0.0000e+00 - lr: 5.4881e-06
Epoch 5/30
4/4 [==============================] - 2s 617ms/step - loss: 9.9925 - accuracy: 0.1833 - val_loss: 7.3583 - val_accuracy: 0.0000e+00 - lr: 3.6788e-06
Epoch 6/30
4/4 [==============================] - 2s 570ms/step - loss: 9.9008 - accuracy: 0.1667 - val_loss: 7.3553 - val_accuracy: 0.2000 - lr: 2.2313e-06
Epoch 7/30
4/4 [==============================] - 2s 543ms/step - loss: 10.1534 - accuracy: 0.1667 - val_loss: 7.3535 - val_accuracy: 0.2000 - lr: 1.2246e-06
Epoch 8/30
4/4 [==============================] - 2s 619ms/step - loss: 8.8864 - accuracy: 0.3333 - val_loss: 7.3525 - val_accuracy: 0.2000 - lr: 6.0810e-07
Epoch 9/30
4/4 [==============================] - 2s 557ms/step - loss: 9.3245 - accuracy: 0.2833 - val_loss: 7.3520 - val_accuracy: 0.2000 - lr: 2.7324e-07
Epoch 10/30
4/4 [==============================] - 2s 568ms/step - loss: 9.5031 - accuracy: 0.2167 - val_loss: 7.3515 - val_accuracy: 0.2000 - lr: 1.1109e-07
Epoch 11/30
4/4 [==============================] - 2s 396ms/step - loss: 8.5656 - accuracy: 0.3000 - val_loss: 7.3518 - val_accuracy: 0.2000 - lr: 4.0868e-08
Epoch 12/30
4/4 [==============================] - 2s 453ms/step - loss: 9.3803 - accuracy: 0.3333 - val_loss: 7.3520 - val_accuracy: 0.2000 - lr: 1.3604e-08
Epoch 13/30
4/4 [==============================] - 2s 446ms/step - loss: 9.5974 - accuracy: 0.1833 - val_loss: 7.3525 - val_accuracy: 0.2000 - lr: 4.0973e-09
Epoch 14/30
4/4 [==============================] - 2s 459ms/step - loss: 9.0695 - accuracy: 0.2667 - val_loss: 7.3533 - val_accuracy: 0.2000 - lr: 1.1167e-09
Epoch 15/30
4/4 [==============================] - 2s 410ms/step - loss: 9.5539 - accuracy: 0.2500 - val_loss: 7.3541 - val_accuracy: 0.2000 - lr: 2.7536e-10
Epoch 16/30
4/4 [==============================] - 2s 391ms/step - loss: 8.6646 - accuracy: 0.2667 - val_loss: 7.3551 - val_accuracy: 0.2000 - lr: 6.1442e-11
Epoch 17/30
4/4 [==============================] - 2s 383ms/step - loss: 9.1915 - accuracy: 0.3500 - val_loss: 7.3564 - val_accuracy: 0.2000 - lr: 1.2405e-11
Epoch 18/30
4/4 [==============================] - 2s 416ms/step - loss: 9.6648 - accuracy: 0.2000 - val_loss: 7.3568 - val_accuracy: 0.2000 - lr: 2.2662e-12
1/1 [==============================] - 0s 119ms/step - loss: 7.3059 - accuracy: 0.4286
Found 60 images belonging to 6 classes.
Found 5 images belonging to 6 classes.
Found 7 images belonging to 6 classes.
Epoch 1/25
4/4 [==============================] - ETA: 0s - loss: 10.3258 - accuracy: 0.1500C:\Users\tom.zbc\PycharmProjects\fungis_bacterias_project\.venv\lib\site-packages\keras\src\engine\training.py:3000: UserWarning: You are saving your model as an HDF5 file via `model.save()`. This file format is considered legacy. We recommend using instead the native Keras format, e.g. `model.save('my_model.keras')`.
  saving_api.save_model(
4/4 [==============================] - 2s 534ms/step - loss: 10.3258 - accuracy: 0.1500 - val_loss: 7.3999 - val_accuracy: 0.0000e+00 - lr: 1.0000e-05
Epoch 2/25
4/4 [==============================] - 2s 462ms/step - loss: 9.8031 - accuracy: 0.2000 - val_loss: 7.3891 - val_accuracy: 0.0000e+00 - lr: 9.0484e-06
Epoch 3/25
4/4 [==============================] - 2s 484ms/step - loss: 10.0562 - accuracy: 0.2500 - val_loss: 7.3763 - val_accuracy: 0.2000 - lr: 7.4082e-06
Epoch 4/25
4/4 [==============================] - 1s 371ms/step - loss: 9.7888 - accuracy: 0.2000 - val_loss: 7.3667 - val_accuracy: 0.2000 - lr: 5.4881e-06
Epoch 5/25
4/4 [==============================] - 2s 458ms/step - loss: 9.2608 - accuracy: 0.3333 - val_loss: 7.3653 - val_accuracy: 0.4000 - lr: 3.6788e-06
Epoch 6/25
4/4 [==============================] - 2s 457ms/step - loss: 9.6433 - accuracy: 0.2500 - val_loss: 7.3646 - val_accuracy: 0.4000 - lr: 2.2313e-06
Epoch 7/25
4/4 [==============================] - 1s 256ms/step - loss: 9.5745 - accuracy: 0.2500 - val_loss: 7.3654 - val_accuracy: 0.4000 - lr: 1.2246e-06
Epoch 8/25
4/4 [==============================] - 1s 322ms/step - loss: 9.1192 - accuracy: 0.2500 - val_loss: 7.3699 - val_accuracy: 0.4000 - lr: 6.0810e-07
Epoch 9/25
4/4 [==============================] - 1s 316ms/step - loss: 10.0430 - accuracy: 0.2167 - val_loss: 7.3745 - val_accuracy: 0.4000 - lr: 2.7324e-07
Epoch 10/25
4/4 [==============================] - 1s 341ms/step - loss: 9.6459 - accuracy: 0.1333 - val_loss: 7.3811 - val_accuracy: 0.4000 - lr: 1.1109e-07
Epoch 11/25
4/4 [==============================] - 1s 341ms/step - loss: 9.6949 - accuracy: 0.2000 - val_loss: 7.3886 - val_accuracy: 0.4000 - lr: 4.0868e-08
Epoch 12/25
4/4 [==============================] - 1s 311ms/step - loss: 9.7933 - accuracy: 0.2333 - val_loss: 7.3961 - val_accuracy: 0.4000 - lr: 1.3604e-08
Epoch 13/25
4/4 [==============================] - 1s 311ms/step - loss: 10.1445 - accuracy: 0.1500 - val_loss: 7.4042 - val_accuracy: 0.4000 - lr: 4.0973e-09
Epoch 14/25
4/4 [==============================] - 1s 320ms/step - loss: 9.6614 - accuracy: 0.2333 - val_loss: 7.4113 - val_accuracy: 0.4000 - lr: 1.1167e-09
1/1 [==============================] - 0s 97ms/step - loss: 7.3711 - accuracy: 0.1429
Found 60 images belonging to 6 classes.
Found 5 images belonging to 6 classes.
Found 7 images belonging to 6 classes.
Epoch 1/30
4/4 [==============================] - ETA: 0s - loss: 9.9524 - accuracy: 0.1333C:\Users\tom.zbc\PycharmProjects\fungis_bacterias_project\.venv\lib\site-packages\keras\src\engine\training.py:3000: UserWarning: You are saving your model as an HDF5 file via `model.save()`. This file format is considered legacy. We recommend using instead the native Keras format, e.g. `model.save('my_model.keras')`.
  saving_api.save_model(
4/4 [==============================] - 2s 425ms/step - loss: 9.9524 - accuracy: 0.1333 - val_loss: 7.3755 - val_accuracy: 0.4000 - lr: 1.0000e-05
Epoch 2/30
4/4 [==============================] - 1s 292ms/step - loss: 9.0880 - accuracy: 0.2000 - val_loss: 7.3821 - val_accuracy: 0.4000 - lr: 9.0484e-06
Epoch 3/30
4/4 [==============================] - 2s 418ms/step - loss: 9.9007 - accuracy: 0.2167 - val_loss: 7.3718 - val_accuracy: 0.4000 - lr: 7.4082e-06
Epoch 4/30
4/4 [==============================] - 1s 353ms/step - loss: 9.3164 - accuracy: 0.2833 - val_loss: 7.3654 - val_accuracy: 0.2000 - lr: 5.4881e-06
Epoch 5/30
4/4 [==============================] - 1s 361ms/step - loss: 9.3578 - accuracy: 0.2333 - val_loss: 7.3584 - val_accuracy: 0.2000 - lr: 3.6788e-06
Epoch 6/30
4/4 [==============================] - 1s 351ms/step - loss: 9.4998 - accuracy: 0.2667 - val_loss: 7.3515 - val_accuracy: 0.2000 - lr: 2.2313e-06
Epoch 7/30
4/4 [==============================] - 1s 344ms/step - loss: 9.6249 - accuracy: 0.1833 - val_loss: 7.3471 - val_accuracy: 0.2000 - lr: 1.2246e-06
Epoch 8/30
4/4 [==============================] - 1s 376ms/step - loss: 9.3100 - accuracy: 0.2500 - val_loss: 7.3447 - val_accuracy: 0.2000 - lr: 6.0810e-07
Epoch 9/30
4/4 [==============================] - 1s 378ms/step - loss: 9.7456 - accuracy: 0.2000 - val_loss: 7.3434 - val_accuracy: 0.4000 - lr: 2.7324e-07
Epoch 10/30
4/4 [==============================] - 1s 358ms/step - loss: 10.2590 - accuracy: 0.1000 - val_loss: 7.3428 - val_accuracy: 0.4000 - lr: 1.1109e-07
Epoch 11/30
4/4 [==============================] - 1s 266ms/step - loss: 9.2224 - accuracy: 0.2333 - val_loss: 7.3431 - val_accuracy: 0.4000 - lr: 4.0868e-08
Epoch 12/30
4/4 [==============================] - 1s 267ms/step - loss: 9.4983 - accuracy: 0.2167 - val_loss: 7.3434 - val_accuracy: 0.4000 - lr: 1.3604e-08
Epoch 13/30
4/4 [==============================] - 1s 293ms/step - loss: 9.8872 - accuracy: 0.2000 - val_loss: 7.3441 - val_accuracy: 0.4000 - lr: 4.0973e-09
Epoch 14/30
4/4 [==============================] - 1s 272ms/step - loss: 9.1699 - accuracy: 0.2833 - val_loss: 7.3449 - val_accuracy: 0.4000 - lr: 1.1167e-09
Epoch 15/30
4/4 [==============================] - 1s 292ms/step - loss: 10.2709 - accuracy: 0.1667 - val_loss: 7.3447 - val_accuracy: 0.4000 - lr: 2.7536e-10
Epoch 16/30
4/4 [==============================] - 1s 275ms/step - loss: 9.4069 - accuracy: 0.1833 - val_loss: 7.3443 - val_accuracy: 0.4000 - lr: 6.1442e-11
Epoch 17/30
4/4 [==============================] - 1s 276ms/step - loss: 9.2538 - accuracy: 0.2167 - val_loss: 7.3435 - val_accuracy: 0.4000 - lr: 1.2405e-11
Epoch 18/30
4/4 [==============================] - 1s 365ms/step - loss: 9.5388 - accuracy: 0.2167 - val_loss: 7.3428 - val_accuracy: 0.4000 - lr: 2.2662e-12
Epoch 19/30
4/4 [==============================] - 1s 358ms/step - loss: 9.5098 - accuracy: 0.2667 - val_loss: 7.3419 - val_accuracy: 0.4000 - lr: 3.7460e-13
Epoch 20/30
4/4 [==============================] - 1s 353ms/step - loss: 9.6812 - accuracy: 0.2333 - val_loss: 7.3407 - val_accuracy: 0.2000 - lr: 5.6028e-14
Epoch 21/30
4/4 [==============================] - 1s 359ms/step - loss: 9.3464 - accuracy: 0.2667 - val_loss: 7.3398 - val_accuracy: 0.2000 - lr: 7.5826e-15
Epoch 22/30
4/4 [==============================] - 1s 395ms/step - loss: 9.0347 - accuracy: 0.2500 - val_loss: 7.3389 - val_accuracy: 0.2000 - lr: 9.2853e-16
Epoch 23/30
4/4 [==============================] - 1s 351ms/step - loss: 10.1202 - accuracy: 0.1500 - val_loss: 7.3381 - val_accuracy: 0.2000 - lr: 1.0288e-16
Epoch 24/30
4/4 [==============================] - 1s 352ms/step - loss: 9.8779 - accuracy: 0.2167 - val_loss: 7.3372 - val_accuracy: 0.2000 - lr: 1.0315e-17
Epoch 25/30
4/4 [==============================] - 1s 363ms/step - loss: 8.8348 - accuracy: 0.2333 - val_loss: 7.3363 - val_accuracy: 0.2000 - lr: 9.3576e-19
Epoch 26/30
4/4 [==============================] - 1s 368ms/step - loss: 9.5917 - accuracy: 0.1500 - val_loss: 7.3353 - val_accuracy: 0.2000 - lr: 7.6812e-20
Epoch 27/30
4/4 [==============================] - 1s 348ms/step - loss: 9.8856 - accuracy: 0.2000 - val_loss: 7.3342 - val_accuracy: 0.2000 - lr: 5.7051e-21
Epoch 28/30
4/4 [==============================] - 1s 357ms/step - loss: 9.4758 - accuracy: 0.2667 - val_loss: 7.3332 - val_accuracy: 0.2000 - lr: 3.8341e-22
Epoch 29/30
4/4 [==============================] - 1s 384ms/step - loss: 9.4758 - accuracy: 0.2833 - val_loss: 7.3323 - val_accuracy: 0.2000 - lr: 2.3315e-23
Epoch 30/30
4/4 [==============================] - 1s 374ms/step - loss: 9.7028 - accuracy: 0.1333 - val_loss: 7.3312 - val_accuracy: 0.2000 - lr: 1.2829e-24
1/1 [==============================] - 0s 96ms/step - loss: 7.4429 - accuracy: 0.0000e+00
Found 60 images belonging to 6 classes.
Found 5 images belonging to 6 classes.
Found 7 images belonging to 6 classes.
Epoch 1/25
4/4 [==============================] - ETA: 0s - loss: 11.3141 - accuracy: 0.1000C:\Users\tom.zbc\PycharmProjects\fungis_bacterias_project\.venv\lib\site-packages\keras\src\engine\training.py:3000: UserWarning: You are saving your model as an HDF5 file via `model.save()`. This file format is considered legacy. We recommend using instead the native Keras format, e.g. `model.save('my_model.keras')`.
  saving_api.save_model(
4/4 [==============================] - 3s 637ms/step - loss: 11.3141 - accuracy: 0.1000 - val_loss: 7.7705 - val_accuracy: 0.2000 - lr: 1.0000e-05
Epoch 2/25
4/4 [==============================] - 2s 594ms/step - loss: 10.5981 - accuracy: 0.2500 - val_loss: 7.7646 - val_accuracy: 0.2000 - lr: 9.0484e-06
Epoch 3/25
4/4 [==============================] - 2s 424ms/step - loss: 10.0304 - accuracy: 0.2333 - val_loss: 7.7652 - val_accuracy: 0.2000 - lr: 7.4082e-06
Epoch 4/25
4/4 [==============================] - 2s 398ms/step - loss: 9.8757 - accuracy: 0.2167 - val_loss: 7.7725 - val_accuracy: 0.2000 - lr: 5.4881e-06
Epoch 5/25
4/4 [==============================] - 2s 409ms/step - loss: 9.9800 - accuracy: 0.2000 - val_loss: 7.7723 - val_accuracy: 0.2000 - lr: 3.6788e-06
Epoch 6/25
4/4 [==============================] - 2s 391ms/step - loss: 9.6028 - accuracy: 0.1833 - val_loss: 7.7694 - val_accuracy: 0.2000 - lr: 2.2313e-06
Epoch 7/25
4/4 [==============================] - 2s 404ms/step - loss: 10.1884 - accuracy: 0.2000 - val_loss: 7.7660 - val_accuracy: 0.2000 - lr: 1.2246e-06
Epoch 8/25
4/4 [==============================] - 2s 595ms/step - loss: 10.8801 - accuracy: 0.2167 - val_loss: 7.7623 - val_accuracy: 0.2000 - lr: 6.0810e-07
Epoch 9/25
4/4 [==============================] - 2s 568ms/step - loss: 10.3500 - accuracy: 0.2167 - val_loss: 7.7587 - val_accuracy: 0.2000 - lr: 2.7324e-07
Epoch 10/25
4/4 [==============================] - 2s 586ms/step - loss: 9.1077 - accuracy: 0.3500 - val_loss: 7.7557 - val_accuracy: 0.2000 - lr: 1.1109e-07
Epoch 11/25
4/4 [==============================] - 2s 581ms/step - loss: 9.7544 - accuracy: 0.2667 - val_loss: 7.7522 - val_accuracy: 0.2000 - lr: 4.0868e-08
Epoch 12/25
4/4 [==============================] - 2s 591ms/step - loss: 9.3548 - accuracy: 0.3333 - val_loss: 7.7484 - val_accuracy: 0.2000 - lr: 1.3604e-08
Epoch 13/25
4/4 [==============================] - 2s 630ms/step - loss: 9.6630 - accuracy: 0.2500 - val_loss: 7.7443 - val_accuracy: 0.2000 - lr: 4.0973e-09
Epoch 14/25
4/4 [==============================] - 2s 584ms/step - loss: 10.3132 - accuracy: 0.1500 - val_loss: 7.7407 - val_accuracy: 0.2000 - lr: 1.1167e-09
Epoch 15/25
4/4 [==============================] - 2s 600ms/step - loss: 9.1237 - accuracy: 0.2500 - val_loss: 7.7366 - val_accuracy: 0.2000 - lr: 2.7536e-10
Epoch 16/25
4/4 [==============================] - 2s 576ms/step - loss: 9.5654 - accuracy: 0.2500 - val_loss: 7.7327 - val_accuracy: 0.2000 - lr: 6.1442e-11
Epoch 17/25
4/4 [==============================] - 2s 592ms/step - loss: 9.0128 - accuracy: 0.3333 - val_loss: 7.7291 - val_accuracy: 0.2000 - lr: 1.2405e-11
Epoch 18/25
4/4 [==============================] - 2s 627ms/step - loss: 9.2397 - accuracy: 0.2333 - val_loss: 7.7259 - val_accuracy: 0.2000 - lr: 2.2662e-12
Epoch 19/25
4/4 [==============================] - 2s 593ms/step - loss: 9.5971 - accuracy: 0.3333 - val_loss: 7.7231 - val_accuracy: 0.2000 - lr: 3.7460e-13
Epoch 20/25
4/4 [==============================] - 2s 605ms/step - loss: 9.8312 - accuracy: 0.2833 - val_loss: 7.7204 - val_accuracy: 0.2000 - lr: 5.6028e-14
Epoch 21/25
4/4 [==============================] - 2s 571ms/step - loss: 9.1294 - accuracy: 0.3000 - val_loss: 7.7179 - val_accuracy: 0.2000 - lr: 7.5826e-15
Epoch 22/25
4/4 [==============================] - 2s 585ms/step - loss: 10.2997 - accuracy: 0.2167 - val_loss: 7.7157 - val_accuracy: 0.2000 - lr: 9.2853e-16
Epoch 23/25
4/4 [==============================] - 2s 619ms/step - loss: 9.2642 - accuracy: 0.3667 - val_loss: 7.7138 - val_accuracy: 0.2000 - lr: 1.0288e-16
Epoch 24/25
4/4 [==============================] - 2s 631ms/step - loss: 9.5558 - accuracy: 0.2333 - val_loss: 7.7113 - val_accuracy: 0.2000 - lr: 1.0315e-17
Epoch 25/25
4/4 [==============================] - 2s 566ms/step - loss: 10.1859 - accuracy: 0.1667 - val_loss: 7.7095 - val_accuracy: 0.2000 - lr: 9.3576e-19
1/1 [==============================] - 0s 110ms/step - loss: 7.7027 - accuracy: 0.1429
Found 60 images belonging to 6 classes.
Found 5 images belonging to 6 classes.
Found 7 images belonging to 6 classes.
Epoch 1/30
4/4 [==============================] - ETA: 0s - loss: 10.6544 - accuracy: 0.1500C:\Users\tom.zbc\PycharmProjects\fungis_bacterias_project\.venv\lib\site-packages\keras\src\engine\training.py:3000: UserWarning: You are saving your model as an HDF5 file via `model.save()`. This file format is considered legacy. We recommend using instead the native Keras format, e.g. `model.save('my_model.keras')`.
  saving_api.save_model(
4/4 [==============================] - 3s 651ms/step - loss: 10.6544 - accuracy: 0.1500 - val_loss: 7.7719 - val_accuracy: 0.6000 - lr: 1.0000e-05
Epoch 2/30
4/4 [==============================] - 2s 391ms/step - loss: 11.3516 - accuracy: 0.1500 - val_loss: 7.7985 - val_accuracy: 0.2000 - lr: 9.0484e-06
Epoch 3/30
4/4 [==============================] - 2s 438ms/step - loss: 10.0212 - accuracy: 0.2500 - val_loss: 7.7968 - val_accuracy: 0.2000 - lr: 7.4082e-06
Epoch 4/30
4/4 [==============================] - 2s 453ms/step - loss: 10.2506 - accuracy: 0.2667 - val_loss: 7.7943 - val_accuracy: 0.2000 - lr: 5.4881e-06
Epoch 5/30
4/4 [==============================] - 2s 441ms/step - loss: 10.4663 - accuracy: 0.2000 - val_loss: 7.7934 - val_accuracy: 0.0000e+00 - lr: 3.6788e-06
Epoch 6/30
4/4 [==============================] - 2s 410ms/step - loss: 9.7503 - accuracy: 0.3000 - val_loss: 7.7918 - val_accuracy: 0.0000e+00 - lr: 2.2313e-06
Epoch 7/30
4/4 [==============================] - 2s 408ms/step - loss: 10.3752 - accuracy: 0.2333 - val_loss: 7.7913 - val_accuracy: 0.0000e+00 - lr: 1.0000e-06
Epoch 8/30
4/4 [==============================] - 2s 410ms/step - loss: 10.4500 - accuracy: 0.2333 - val_loss: 7.7923 - val_accuracy: 0.0000e+00 - lr: 4.9659e-07
Epoch 9/30
4/4 [==============================] - 2s 470ms/step - loss: 10.0950 - accuracy: 0.2000 - val_loss: 7.7932 - val_accuracy: 0.0000e+00 - lr: 2.2313e-07
1/1 [==============================] - 0s 115ms/step - loss: 7.7836 - accuracy: 0.1429
Found 60 images belonging to 6 classes.
Found 5 images belonging to 6 classes.
Found 7 images belonging to 6 classes.
Epoch 1/25
4/4 [==============================] - ETA: 0s - loss: 10.4584 - accuracy: 0.1167C:\Users\tom.zbc\PycharmProjects\fungis_bacterias_project\.venv\lib\site-packages\keras\src\engine\training.py:3000: UserWarning: You are saving your model as an HDF5 file via `model.save()`. This file format is considered legacy. We recommend using instead the native Keras format, e.g. `model.save('my_model.keras')`.
  saving_api.save_model(
4/4 [==============================] - 3s 699ms/step - loss: 10.4584 - accuracy: 0.1167 - val_loss: 7.7574 - val_accuracy: 0.2000 - lr: 1.0000e-05
Epoch 2/25
4/4 [==============================] - 2s 623ms/step - loss: 10.3918 - accuracy: 0.1167 - val_loss: 7.7449 - val_accuracy: 0.4000 - lr: 9.0484e-06
Epoch 3/25
4/4 [==============================] - 2s 436ms/step - loss: 9.8679 - accuracy: 0.2833 - val_loss: 7.7469 - val_accuracy: 0.4000 - lr: 7.4082e-06
Epoch 4/25
4/4 [==============================] - 2s 454ms/step - loss: 9.9483 - accuracy: 0.2500 - val_loss: 7.7519 - val_accuracy: 0.4000 - lr: 5.4881e-06
Epoch 5/25
4/4 [==============================] - 2s 413ms/step - loss: 9.5394 - accuracy: 0.2833 - val_loss: 7.7585 - val_accuracy: 0.2000 - lr: 3.6788e-06
Epoch 6/25
4/4 [==============================] - 2s 410ms/step - loss: 10.1973 - accuracy: 0.2333 - val_loss: 7.7640 - val_accuracy: 0.2000 - lr: 2.2313e-06
Epoch 7/25
4/4 [==============================] - 2s 419ms/step - loss: 10.1649 - accuracy: 0.1500 - val_loss: 7.7690 - val_accuracy: 0.2000 - lr: 1.2246e-06
Epoch 8/25
4/4 [==============================] - 2s 449ms/step - loss: 9.0793 - accuracy: 0.3333 - val_loss: 7.7739 - val_accuracy: 0.2000 - lr: 6.0810e-07
Epoch 9/25
4/4 [==============================] - 2s 430ms/step - loss: 9.9180 - accuracy: 0.2333 - val_loss: 7.7785 - val_accuracy: 0.2000 - lr: 2.7324e-07
Epoch 10/25
4/4 [==============================] - 2s 431ms/step - loss: 10.4861 - accuracy: 0.2500 - val_loss: 7.7831 - val_accuracy: 0.2000 - lr: 1.1109e-07
1/1 [==============================] - 0s 111ms/step - loss: 7.7700 - accuracy: 0.4286
Found 60 images belonging to 6 classes.
Found 5 images belonging to 6 classes.
Found 7 images belonging to 6 classes.
Epoch 1/30
4/4 [==============================] - ETA: 0s - loss: 10.6414 - accuracy: 0.1500C:\Users\tom.zbc\PycharmProjects\fungis_bacterias_project\.venv\lib\site-packages\keras\src\engine\training.py:3000: UserWarning: You are saving your model as an HDF5 file via `model.save()`. This file format is considered legacy. We recommend using instead the native Keras format, e.g. `model.save('my_model.keras')`.
  saving_api.save_model(
4/4 [==============================] - 3s 653ms/step - loss: 10.6414 - accuracy: 0.1500 - val_loss: 7.8166 - val_accuracy: 0.0000e+00 - lr: 1.0000e-05
Epoch 2/30
4/4 [==============================] - 2s 598ms/step - loss: 10.3392 - accuracy: 0.1667 - val_loss: 7.8026 - val_accuracy: 0.0000e+00 - lr: 9.0484e-06
Epoch 3/30
4/4 [==============================] - 2s 598ms/step - loss: 10.5186 - accuracy: 0.1833 - val_loss: 7.7896 - val_accuracy: 0.4000 - lr: 7.4082e-06
Epoch 4/30
4/4 [==============================] - 2s 622ms/step - loss: 10.8011 - accuracy: 0.2000 - val_loss: 7.7776 - val_accuracy: 0.4000 - lr: 5.4881e-06
Epoch 5/30
4/4 [==============================] - 2s 590ms/step - loss: 9.9090 - accuracy: 0.1833 - val_loss: 7.7706 - val_accuracy: 0.4000 - lr: 3.6788e-06
Epoch 6/30
4/4 [==============================] - 2s 605ms/step - loss: 9.2453 - accuracy: 0.3000 - val_loss: 7.7644 - val_accuracy: 0.4000 - lr: 2.2313e-06
Epoch 7/30
4/4 [==============================] - 2s 586ms/step - loss: 9.8180 - accuracy: 0.2167 - val_loss: 7.7607 - val_accuracy: 0.4000 - lr: 1.2246e-06
Epoch 8/30
4/4 [==============================] - 2s 595ms/step - loss: 9.5423 - accuracy: 0.3167 - val_loss: 7.7564 - val_accuracy: 0.4000 - lr: 6.0810e-07
Epoch 9/30
4/4 [==============================] - 2s 581ms/step - loss: 9.3690 - accuracy: 0.2833 - val_loss: 7.7505 - val_accuracy: 0.4000 - lr: 2.7324e-07
Epoch 10/30
4/4 [==============================] - 2s 592ms/step - loss: 10.3268 - accuracy: 0.1833 - val_loss: 7.7447 - val_accuracy: 0.4000 - lr: 1.1109e-07
Epoch 11/30
4/4 [==============================] - 2s 604ms/step - loss: 9.3998 - accuracy: 0.2333 - val_loss: 7.7390 - val_accuracy: 0.6000 - lr: 4.0868e-08
Epoch 12/30
4/4 [==============================] - 2s 580ms/step - loss: 9.3197 - accuracy: 0.3167 - val_loss: 7.7331 - val_accuracy: 0.6000 - lr: 1.3604e-08
Epoch 13/30
4/4 [==============================] - 2s 634ms/step - loss: 9.5745 - accuracy: 0.2500 - val_loss: 7.7278 - val_accuracy: 0.6000 - lr: 4.0973e-09
Epoch 14/30
4/4 [==============================] - 2s 607ms/step - loss: 9.5342 - accuracy: 0.2167 - val_loss: 7.7228 - val_accuracy: 0.6000 - lr: 1.1167e-09
Epoch 15/30
4/4 [==============================] - 2s 589ms/step - loss: 9.4047 - accuracy: 0.1833 - val_loss: 7.7180 - val_accuracy: 0.6000 - lr: 2.7536e-10
Epoch 16/30
4/4 [==============================] - 2s 581ms/step - loss: 9.4802 - accuracy: 0.1833 - val_loss: 7.7134 - val_accuracy: 0.6000 - lr: 6.1442e-11
Epoch 17/30
4/4 [==============================] - 2s 592ms/step - loss: 9.4849 - accuracy: 0.2500 - val_loss: 7.7089 - val_accuracy: 0.6000 - lr: 1.2405e-11
Epoch 18/30
4/4 [==============================] - 2s 607ms/step - loss: 9.8897 - accuracy: 0.2000 - val_loss: 7.7040 - val_accuracy: 0.6000 - lr: 2.2662e-12
Epoch 19/30
4/4 [==============================] - 2s 588ms/step - loss: 9.6624 - accuracy: 0.3000 - val_loss: 7.6994 - val_accuracy: 0.6000 - lr: 3.7460e-13
Epoch 20/30
4/4 [==============================] - 2s 622ms/step - loss: 9.5955 - accuracy: 0.3000 - val_loss: 7.6951 - val_accuracy: 0.4000 - lr: 5.6028e-14
Epoch 21/30
4/4 [==============================] - 2s 613ms/step - loss: 9.8031 - accuracy: 0.2833 - val_loss: 7.6908 - val_accuracy: 0.4000 - lr: 7.5826e-15
Epoch 22/30
4/4 [==============================] - 2s 645ms/step - loss: 9.6656 - accuracy: 0.2000 - val_loss: 7.6865 - val_accuracy: 0.4000 - lr: 9.2853e-16
Epoch 23/30
4/4 [==============================] - 2s 588ms/step - loss: 10.2494 - accuracy: 0.1333 - val_loss: 7.6821 - val_accuracy: 0.4000 - lr: 1.0288e-16
Epoch 24/30
4/4 [==============================] - 2s 585ms/step - loss: 9.4440 - accuracy: 0.3000 - val_loss: 7.6778 - val_accuracy: 0.4000 - lr: 1.0315e-17
Epoch 25/30
4/4 [==============================] - 2s 627ms/step - loss: 9.2056 - accuracy: 0.3000 - val_loss: 7.6735 - val_accuracy: 0.4000 - lr: 9.3576e-19
Epoch 26/30
4/4 [==============================] - 2s 595ms/step - loss: 9.6163 - accuracy: 0.3167 - val_loss: 7.6694 - val_accuracy: 0.4000 - lr: 7.6812e-20
Epoch 27/30
4/4 [==============================] - 2s 594ms/step - loss: 10.3086 - accuracy: 0.1333 - val_loss: 7.6654 - val_accuracy: 0.4000 - lr: 5.7051e-21
Epoch 28/30
4/4 [==============================] - 2s 597ms/step - loss: 8.9938 - accuracy: 0.2833 - val_loss: 7.6613 - val_accuracy: 0.4000 - lr: 3.8341e-22
Epoch 29/30
4/4 [==============================] - 2s 602ms/step - loss: 9.2767 - accuracy: 0.2667 - val_loss: 7.6574 - val_accuracy: 0.4000 - lr: 2.3315e-23
Epoch 30/30
4/4 [==============================] - 2s 618ms/step - loss: 9.6302 - accuracy: 0.2000 - val_loss: 7.6535 - val_accuracy: 0.4000 - lr: 1.2829e-24
1/1 [==============================] - 0s 121ms/step - loss: 7.7477 - accuracy: 0.4286
Found 60 images belonging to 6 classes.
Found 5 images belonging to 6 classes.
Found 7 images belonging to 6 classes.
Epoch 1/25
4/4 [==============================] - ETA: 0s - loss: 10.4916 - accuracy: 0.0833C:\Users\tom.zbc\PycharmProjects\fungis_bacterias_project\.venv\lib\site-packages\keras\src\engine\training.py:3000: UserWarning: You are saving your model as an HDF5 file via `model.save()`. This file format is considered legacy. We recommend using instead the native Keras format, e.g. `model.save('my_model.keras')`.
  saving_api.save_model(
4/4 [==============================] - 3s 647ms/step - loss: 10.4916 - accuracy: 0.0833 - val_loss: 7.7880 - val_accuracy: 0.2000 - lr: 1.0000e-05
Epoch 2/25
4/4 [==============================] - 2s 593ms/step - loss: 10.7308 - accuracy: 0.2000 - val_loss: 7.7835 - val_accuracy: 0.2000 - lr: 9.0484e-06
Epoch 3/25
4/4 [==============================] - 2s 625ms/step - loss: 9.8130 - accuracy: 0.1667 - val_loss: 7.7765 - val_accuracy: 0.0000e+00 - lr: 7.4082e-06
Epoch 4/25
4/4 [==============================] - 2s 407ms/step - loss: 9.8331 - accuracy: 0.2333 - val_loss: 7.7772 - val_accuracy: 0.0000e+00 - lr: 5.4881e-06
Epoch 5/25
4/4 [==============================] - 2s 450ms/step - loss: 11.0068 - accuracy: 0.1833 - val_loss: 7.7786 - val_accuracy: 0.0000e+00 - lr: 3.6788e-06
Epoch 6/25
4/4 [==============================] - 2s 418ms/step - loss: 10.3613 - accuracy: 0.2833 - val_loss: 7.7779 - val_accuracy: 0.0000e+00 - lr: 2.2313e-06
Epoch 7/25
4/4 [==============================] - 2s 602ms/step - loss: 10.6278 - accuracy: 0.1667 - val_loss: 7.7759 - val_accuracy: 0.2000 - lr: 1.2246e-06
Epoch 8/25
4/4 [==============================] - 2s 591ms/step - loss: 10.1398 - accuracy: 0.2167 - val_loss: 7.7721 - val_accuracy: 0.2000 - lr: 6.0810e-07
Epoch 9/25
4/4 [==============================] - 4s 1s/step - loss: 9.5592 - accuracy: 0.2667 - val_loss: 7.7690 - val_accuracy: 0.4000 - lr: 2.7324e-07
Epoch 10/25
4/4 [==============================] - 3s 935ms/step - loss: 9.5934 - accuracy: 0.2333 - val_loss: 7.7668 - val_accuracy: 0.4000 - lr: 1.1109e-07
Epoch 11/25
4/4 [==============================] - 3s 900ms/step - loss: 10.0855 - accuracy: 0.2167 - val_loss: 7.7640 - val_accuracy: 0.4000 - lr: 4.0868e-08
Epoch 12/25
4/4 [==============================] - 4s 997ms/step - loss: 10.0540 - accuracy: 0.2167 - val_loss: 7.7613 - val_accuracy: 0.4000 - lr: 1.3604e-08
Epoch 13/25
4/4 [==============================] - 3s 897ms/step - loss: 9.7975 - accuracy: 0.2000 - val_loss: 7.7587 - val_accuracy: 0.4000 - lr: 4.0973e-09
Epoch 14/25
4/4 [==============================] - 4s 972ms/step - loss: 9.9835 - accuracy: 0.1667 - val_loss: 7.7562 - val_accuracy: 0.4000 - lr: 1.1167e-09
Epoch 15/25
4/4 [==============================] - 3s 860ms/step - loss: 10.3751 - accuracy: 0.2333 - val_loss: 7.7540 - val_accuracy: 0.4000 - lr: 2.7536e-10
Epoch 16/25
4/4 [==============================] - 4s 958ms/step - loss: 10.5012 - accuracy: 0.1667 - val_loss: 7.7515 - val_accuracy: 0.4000 - lr: 6.1442e-11
Epoch 17/25
4/4 [==============================] - 4s 998ms/step - loss: 10.2656 - accuracy: 0.1500 - val_loss: 7.7494 - val_accuracy: 0.4000 - lr: 1.2405e-11
Epoch 18/25
4/4 [==============================] - 4s 977ms/step - loss: 10.7085 - accuracy: 0.2000 - val_loss: 7.7472 - val_accuracy: 0.4000 - lr: 2.2662e-12
Epoch 19/25
4/4 [==============================] - 3s 901ms/step - loss: 9.6878 - accuracy: 0.2167 - val_loss: 7.7454 - val_accuracy: 0.4000 - lr: 3.7460e-13
Epoch 20/25
4/4 [==============================] - 4s 954ms/step - loss: 9.9673 - accuracy: 0.2833 - val_loss: 7.7436 - val_accuracy: 0.4000 - lr: 5.6028e-14
Epoch 21/25
4/4 [==============================] - 3s 897ms/step - loss: 10.2078 - accuracy: 0.2167 - val_loss: 7.7423 - val_accuracy: 0.4000 - lr: 7.5826e-15
Epoch 22/25
4/4 [==============================] - 3s 838ms/step - loss: 10.1880 - accuracy: 0.2333 - val_loss: 7.7410 - val_accuracy: 0.4000 - lr: 9.2853e-16
Epoch 23/25
4/4 [==============================] - 3s 808ms/step - loss: 10.5396 - accuracy: 0.2000 - val_loss: 7.7396 - val_accuracy: 0.4000 - lr: 1.0288e-16
Epoch 24/25
4/4 [==============================] - 3s 754ms/step - loss: 9.8377 - accuracy: 0.3000 - val_loss: 7.7386 - val_accuracy: 0.4000 - lr: 1.0315e-17
Epoch 25/25
4/4 [==============================] - 3s 757ms/step - loss: 9.7454 - accuracy: 0.3000 - val_loss: 7.7373 - val_accuracy: 0.4000 - lr: 9.3576e-19
1/1 [==============================] - 0s 112ms/step - loss: 7.9163 - accuracy: 0.0000e+00
Found 60 images belonging to 6 classes.
Found 5 images belonging to 6 classes.
Found 7 images belonging to 6 classes.
Epoch 1/30
4/4 [==============================] - ETA: 0s - loss: 10.7272 - accuracy: 0.1333C:\Users\tom.zbc\PycharmProjects\fungis_bacterias_project\.venv\lib\site-packages\keras\src\engine\training.py:3000: UserWarning: You are saving your model as an HDF5 file via `model.save()`. This file format is considered legacy. We recommend using instead the native Keras format, e.g. `model.save('my_model.keras')`.
  saving_api.save_model(
4/4 [==============================] - 3s 757ms/step - loss: 10.7272 - accuracy: 0.1333 - val_loss: 7.7907 - val_accuracy: 0.4000 - lr: 1.0000e-05
Epoch 2/30
4/4 [==============================] - 2s 530ms/step - loss: 11.1695 - accuracy: 0.1500 - val_loss: 7.7931 - val_accuracy: 0.2000 - lr: 9.0484e-06
Epoch 3/30
4/4 [==============================] - 2s 499ms/step - loss: 10.0814 - accuracy: 0.2667 - val_loss: 7.7932 - val_accuracy: 0.2000 - lr: 7.4082e-06
Epoch 4/30
4/4 [==============================] - 2s 474ms/step - loss: 10.2301 - accuracy: 0.2333 - val_loss: 7.7942 - val_accuracy: 0.2000 - lr: 5.4881e-06
Epoch 5/30
4/4 [==============================] - 3s 701ms/step - loss: 10.1336 - accuracy: 0.1500 - val_loss: 7.7901 - val_accuracy: 0.2000 - lr: 3.6788e-06
Epoch 6/30
4/4 [==============================] - 3s 664ms/step - loss: 9.7941 - accuracy: 0.2333 - val_loss: 7.7866 - val_accuracy: 0.2000 - lr: 2.2313e-06
Epoch 7/30
4/4 [==============================] - 3s 656ms/step - loss: 10.0943 - accuracy: 0.1500 - val_loss: 7.7849 - val_accuracy: 0.2000 - lr: 1.2246e-06
Epoch 8/30
4/4 [==============================] - 2s 650ms/step - loss: 9.7708 - accuracy: 0.2500 - val_loss: 7.7827 - val_accuracy: 0.2000 - lr: 6.0810e-07
Epoch 9/30
4/4 [==============================] - 2s 623ms/step - loss: 10.0734 - accuracy: 0.2333 - val_loss: 7.7794 - val_accuracy: 0.2000 - lr: 2.7324e-07
Epoch 10/30
4/4 [==============================] - 2s 620ms/step - loss: 10.0495 - accuracy: 0.2500 - val_loss: 7.7766 - val_accuracy: 0.2000 - lr: 1.1109e-07
Epoch 11/30
4/4 [==============================] - 2s 614ms/step - loss: 9.6426 - accuracy: 0.2500 - val_loss: 7.7739 - val_accuracy: 0.2000 - lr: 4.0868e-08
Epoch 12/30
4/4 [==============================] - 2s 647ms/step - loss: 9.9591 - accuracy: 0.1833 - val_loss: 7.7718 - val_accuracy: 0.2000 - lr: 1.3604e-08
Epoch 13/30
4/4 [==============================] - 2s 611ms/step - loss: 10.1502 - accuracy: 0.2000 - val_loss: 7.7697 - val_accuracy: 0.2000 - lr: 4.0973e-09
Epoch 14/30
4/4 [==============================] - 2s 599ms/step - loss: 9.6142 - accuracy: 0.2333 - val_loss: 7.7675 - val_accuracy: 0.2000 - lr: 1.1167e-09
Epoch 15/30
4/4 [==============================] - 2s 576ms/step - loss: 10.2790 - accuracy: 0.2500 - val_loss: 7.7652 - val_accuracy: 0.2000 - lr: 2.7536e-10
Epoch 16/30
4/4 [==============================] - 2s 563ms/step - loss: 10.2000 - accuracy: 0.2500 - val_loss: 7.7631 - val_accuracy: 0.2000 - lr: 6.1442e-11
Epoch 17/30
4/4 [==============================] - 2s 591ms/step - loss: 10.9103 - accuracy: 0.1167 - val_loss: 7.7612 - val_accuracy: 0.2000 - lr: 1.2405e-11
Epoch 18/30
4/4 [==============================] - 2s 591ms/step - loss: 9.8478 - accuracy: 0.2833 - val_loss: 7.7594 - val_accuracy: 0.0000e+00 - lr: 2.2662e-12
Epoch 19/30
4/4 [==============================] - 2s 582ms/step - loss: 9.3088 - accuracy: 0.2333 - val_loss: 7.7583 - val_accuracy: 0.0000e+00 - lr: 3.7460e-13
Epoch 20/30
4/4 [==============================] - 2s 586ms/step - loss: 9.8654 - accuracy: 0.2167 - val_loss: 7.7572 - val_accuracy: 0.2000 - lr: 5.6028e-14
Epoch 21/30
4/4 [==============================] - 2s 586ms/step - loss: 9.8245 - accuracy: 0.2167 - val_loss: 7.7564 - val_accuracy: 0.2000 - lr: 7.5826e-15
Epoch 22/30
4/4 [==============================] - 2s 584ms/step - loss: 9.2156 - accuracy: 0.2500 - val_loss: 7.7556 - val_accuracy: 0.2000 - lr: 9.2853e-16
Epoch 23/30
4/4 [==============================] - 2s 576ms/step - loss: 9.5563 - accuracy: 0.2833 - val_loss: 7.7550 - val_accuracy: 0.2000 - lr: 1.0288e-16
Epoch 24/30
4/4 [==============================] - 2s 626ms/step - loss: 10.5464 - accuracy: 0.1833 - val_loss: 7.7546 - val_accuracy: 0.2000 - lr: 1.0315e-17
Epoch 25/30
4/4 [==============================] - 2s 590ms/step - loss: 9.9127 - accuracy: 0.1833 - val_loss: 7.7543 - val_accuracy: 0.2000 - lr: 9.3576e-19
Epoch 26/30
4/4 [==============================] - 2s 589ms/step - loss: 9.6179 - accuracy: 0.2667 - val_loss: 7.7542 - val_accuracy: 0.2000 - lr: 7.6812e-20
Epoch 27/30
4/4 [==============================] - 2s 587ms/step - loss: 9.7782 - accuracy: 0.3000 - val_loss: 7.7542 - val_accuracy: 0.2000 - lr: 5.7051e-21
Epoch 28/30
4/4 [==============================] - 2s 398ms/step - loss: 9.7896 - accuracy: 0.2500 - val_loss: 7.7549 - val_accuracy: 0.2000 - lr: 3.8341e-22
Epoch 29/30
4/4 [==============================] - 2s 406ms/step - loss: 9.8419 - accuracy: 0.1833 - val_loss: 7.7553 - val_accuracy: 0.2000 - lr: 2.3315e-23
Epoch 30/30
4/4 [==============================] - 2s 434ms/step - loss: 10.2341 - accuracy: 0.2000 - val_loss: 7.7560 - val_accuracy: 0.2000 - lr: 1.2829e-24
1/1 [==============================] - 0s 119ms/step - loss: 7.7246 - accuracy: 0.2857
Found 60 images belonging to 6 classes.
Found 5 images belonging to 6 classes.
Found 7 images belonging to 6 classes.
Epoch 1/25
4/4 [==============================] - ETA: 0s - loss: 11.2254 - accuracy: 0.0500C:\Users\tom.zbc\PycharmProjects\fungis_bacterias_project\.venv\lib\site-packages\keras\src\engine\training.py:3000: UserWarning: You are saving your model as an HDF5 file via `model.save()`. This file format is considered legacy. We recommend using instead the native Keras format, e.g. `model.save('my_model.keras')`.
  saving_api.save_model(
4/4 [==============================] - 3s 639ms/step - loss: 11.2254 - accuracy: 0.0500 - val_loss: 7.7988 - val_accuracy: 0.4000 - lr: 1.0000e-05
Epoch 2/25
4/4 [==============================] - 2s 443ms/step - loss: 10.3834 - accuracy: 0.2000 - val_loss: 7.8107 - val_accuracy: 0.2000 - lr: 9.0484e-06
Epoch 3/25
4/4 [==============================] - 2s 423ms/step - loss: 10.5318 - accuracy: 0.2000 - val_loss: 7.8085 - val_accuracy: 0.2000 - lr: 7.4082e-06
Epoch 4/25
4/4 [==============================] - 2s 591ms/step - loss: 10.3855 - accuracy: 0.2500 - val_loss: 7.7947 - val_accuracy: 0.2000 - lr: 5.4881e-06
Epoch 5/25
4/4 [==============================] - 2s 591ms/step - loss: 9.8944 - accuracy: 0.2167 - val_loss: 7.7750 - val_accuracy: 0.2000 - lr: 3.6788e-06
Epoch 6/25
4/4 [==============================] - 2s 606ms/step - loss: 10.1410 - accuracy: 0.2000 - val_loss: 7.7545 - val_accuracy: 0.2000 - lr: 2.2313e-06
Epoch 7/25
4/4 [==============================] - 2s 596ms/step - loss: 10.0920 - accuracy: 0.1833 - val_loss: 7.7365 - val_accuracy: 0.4000 - lr: 1.2246e-06
Epoch 8/25
4/4 [==============================] - 2s 631ms/step - loss: 10.1907 - accuracy: 0.1667 - val_loss: 7.7230 - val_accuracy: 0.4000 - lr: 6.0810e-07
Epoch 9/25
4/4 [==============================] - 2s 588ms/step - loss: 9.9895 - accuracy: 0.2333 - val_loss: 7.7109 - val_accuracy: 0.2000 - lr: 2.7324e-07
Epoch 10/25
4/4 [==============================] - 2s 610ms/step - loss: 10.0049 - accuracy: 0.2333 - val_loss: 7.7004 - val_accuracy: 0.4000 - lr: 1.1109e-07
Epoch 11/25
4/4 [==============================] - 2s 611ms/step - loss: 10.1431 - accuracy: 0.1667 - val_loss: 7.6905 - val_accuracy: 0.4000 - lr: 4.0868e-08
Epoch 12/25
4/4 [==============================] - 2s 593ms/step - loss: 10.2906 - accuracy: 0.2333 - val_loss: 7.6806 - val_accuracy: 0.4000 - lr: 1.3604e-08
Epoch 13/25
4/4 [==============================] - 2s 595ms/step - loss: 9.1422 - accuracy: 0.3833 - val_loss: 7.6712 - val_accuracy: 0.4000 - lr: 4.0973e-09
Epoch 14/25
4/4 [==============================] - 2s 627ms/step - loss: 9.8447 - accuracy: 0.2167 - val_loss: 7.6630 - val_accuracy: 0.4000 - lr: 1.1167e-09
Epoch 15/25
4/4 [==============================] - 2s 627ms/step - loss: 10.2121 - accuracy: 0.1167 - val_loss: 7.6548 - val_accuracy: 0.4000 - lr: 2.7536e-10
Epoch 16/25
4/4 [==============================] - 2s 616ms/step - loss: 9.2558 - accuracy: 0.2500 - val_loss: 7.6471 - val_accuracy: 0.4000 - lr: 6.1442e-11
Epoch 17/25
4/4 [==============================] - 2s 638ms/step - loss: 9.8762 - accuracy: 0.2333 - val_loss: 7.6398 - val_accuracy: 0.4000 - lr: 1.2405e-11
Epoch 18/25
4/4 [==============================] - 2s 614ms/step - loss: 9.5425 - accuracy: 0.2500 - val_loss: 7.6328 - val_accuracy: 0.4000 - lr: 2.2662e-12
Epoch 19/25
4/4 [==============================] - 2s 608ms/step - loss: 9.0552 - accuracy: 0.3333 - val_loss: 7.6262 - val_accuracy: 0.4000 - lr: 3.7460e-13
Epoch 20/25
4/4 [==============================] - 2s 608ms/step - loss: 9.3711 - accuracy: 0.2333 - val_loss: 7.6198 - val_accuracy: 0.4000 - lr: 5.6028e-14
Epoch 21/25
4/4 [==============================] - 2s 598ms/step - loss: 9.3587 - accuracy: 0.2333 - val_loss: 7.6140 - val_accuracy: 0.4000 - lr: 7.5826e-15
Epoch 22/25
4/4 [==============================] - 2s 589ms/step - loss: 10.2357 - accuracy: 0.2333 - val_loss: 7.6082 - val_accuracy: 0.4000 - lr: 9.2853e-16
Epoch 23/25
4/4 [==============================] - 2s 577ms/step - loss: 10.1402 - accuracy: 0.2667 - val_loss: 7.6025 - val_accuracy: 0.4000 - lr: 1.0288e-16
Epoch 24/25
4/4 [==============================] - 2s 600ms/step - loss: 9.2999 - accuracy: 0.2833 - val_loss: 7.5971 - val_accuracy: 0.4000 - lr: 1.0315e-17
Epoch 25/25
4/4 [==============================] - 2s 629ms/step - loss: 9.9955 - accuracy: 0.2667 - val_loss: 7.5920 - val_accuracy: 0.4000 - lr: 9.3576e-19
1/1 [==============================] - 0s 113ms/step - loss: 7.6103 - accuracy: 0.4286
Found 60 images belonging to 6 classes.
Found 5 images belonging to 6 classes.
Found 7 images belonging to 6 classes.
Epoch 1/30
4/4 [==============================] - ETA: 0s - loss: 9.8959 - accuracy: 0.2333C:\Users\tom.zbc\PycharmProjects\fungis_bacterias_project\.venv\lib\site-packages\keras\src\engine\training.py:3000: UserWarning: You are saving your model as an HDF5 file via `model.save()`. This file format is considered legacy. We recommend using instead the native Keras format, e.g. `model.save('my_model.keras')`.
  saving_api.save_model(
4/4 [==============================] - 3s 657ms/step - loss: 9.8959 - accuracy: 0.2333 - val_loss: 7.8477 - val_accuracy: 0.0000e+00 - lr: 1.0000e-05
Epoch 2/30
4/4 [==============================] - 2s 603ms/step - loss: 10.7773 - accuracy: 0.2500 - val_loss: 7.8068 - val_accuracy: 0.0000e+00 - lr: 9.0484e-06
Epoch 3/30
4/4 [==============================] - 2s 611ms/step - loss: 10.1938 - accuracy: 0.1833 - val_loss: 7.8018 - val_accuracy: 0.2000 - lr: 7.4082e-06
Epoch 4/30
4/4 [==============================] - 2s 421ms/step - loss: 9.9605 - accuracy: 0.1667 - val_loss: 7.8059 - val_accuracy: 0.2000 - lr: 5.4881e-06
Epoch 5/30
4/4 [==============================] - 2s 406ms/step - loss: 9.9074 - accuracy: 0.2167 - val_loss: 7.8068 - val_accuracy: 0.4000 - lr: 3.6788e-06
Epoch 6/30
4/4 [==============================] - 2s 436ms/step - loss: 9.4130 - accuracy: 0.3000 - val_loss: 7.8052 - val_accuracy: 0.4000 - lr: 2.2313e-06
Epoch 7/30
4/4 [==============================] - 2s 633ms/step - loss: 10.2682 - accuracy: 0.2000 - val_loss: 7.8018 - val_accuracy: 0.4000 - lr: 1.2246e-06
Epoch 8/30
4/4 [==============================] - 2s 603ms/step - loss: 9.4818 - accuracy: 0.3500 - val_loss: 7.7997 - val_accuracy: 0.4000 - lr: 6.0810e-07
Epoch 9/30
4/4 [==============================] - 2s 617ms/step - loss: 9.8137 - accuracy: 0.2667 - val_loss: 7.7985 - val_accuracy: 0.4000 - lr: 2.7324e-07
Epoch 10/30
4/4 [==============================] - 2s 594ms/step - loss: 9.3892 - accuracy: 0.2000 - val_loss: 7.7982 - val_accuracy: 0.4000 - lr: 1.1109e-07
Epoch 11/30
4/4 [==============================] - 2s 462ms/step - loss: 10.1980 - accuracy: 0.2333 - val_loss: 7.7984 - val_accuracy: 0.4000 - lr: 4.0868e-08
Epoch 12/30
4/4 [==============================] - 2s 409ms/step - loss: 9.4461 - accuracy: 0.3000 - val_loss: 7.7984 - val_accuracy: 0.4000 - lr: 1.3604e-08
Epoch 13/30
4/4 [==============================] - 2s 468ms/step - loss: 9.6079 - accuracy: 0.2333 - val_loss: 7.7985 - val_accuracy: 0.4000 - lr: 4.0973e-09
Epoch 14/30
4/4 [==============================] - 2s 422ms/step - loss: 9.2191 - accuracy: 0.2833 - val_loss: 7.7987 - val_accuracy: 0.4000 - lr: 1.1167e-09
Epoch 15/30
4/4 [==============================] - 2s 434ms/step - loss: 9.6821 - accuracy: 0.2167 - val_loss: 7.7990 - val_accuracy: 0.4000 - lr: 2.7536e-10
Epoch 16/30
4/4 [==============================] - 2s 444ms/step - loss: 9.5257 - accuracy: 0.3167 - val_loss: 7.7999 - val_accuracy: 0.4000 - lr: 6.1442e-11
Epoch 17/30
4/4 [==============================] - 2s 458ms/step - loss: 10.1522 - accuracy: 0.1667 - val_loss: 7.8007 - val_accuracy: 0.4000 - lr: 1.2405e-11
Epoch 18/30
4/4 [==============================] - 2s 439ms/step - loss: 9.6695 - accuracy: 0.2833 - val_loss: 7.8021 - val_accuracy: 0.4000 - lr: 2.2662e-12
1/1 [==============================] - 0s 119ms/step - loss: 7.8123 - accuracy: 0.1429
Found 60 images belonging to 6 classes.
Found 5 images belonging to 6 classes.
Found 7 images belonging to 6 classes.
Epoch 1/25
4/4 [==============================] - ETA: 0s - loss: 10.7075 - accuracy: 0.2000C:\Users\tom.zbc\PycharmProjects\fungis_bacterias_project\.venv\lib\site-packages\keras\src\engine\training.py:3000: UserWarning: You are saving your model as an HDF5 file via `model.save()`. This file format is considered legacy. We recommend using instead the native Keras format, e.g. `model.save('my_model.keras')`.
  saving_api.save_model(
4/4 [==============================] - 2s 446ms/step - loss: 10.7075 - accuracy: 0.2000 - val_loss: 7.3586 - val_accuracy: 0.2000 - lr: 1.0000e-05
Epoch 2/25
4/4 [==============================] - 1s 377ms/step - loss: 11.5693 - accuracy: 0.2167 - val_loss: 7.3464 - val_accuracy: 0.2000 - lr: 9.0484e-06
Epoch 3/25
4/4 [==============================] - 1s 370ms/step - loss: 10.8882 - accuracy: 0.2833 - val_loss: 7.3429 - val_accuracy: 0.2000 - lr: 7.4082e-06
Epoch 4/25
4/4 [==============================] - 1s 377ms/step - loss: 10.4876 - accuracy: 0.1833 - val_loss: 7.3425 - val_accuracy: 0.2000 - lr: 5.4881e-06
Epoch 5/25
4/4 [==============================] - 1s 286ms/step - loss: 10.5092 - accuracy: 0.2333 - val_loss: 7.3438 - val_accuracy: 0.2000 - lr: 3.6788e-06
Epoch 6/25
4/4 [==============================] - 1s 293ms/step - loss: 10.8853 - accuracy: 0.1833 - val_loss: 7.3458 - val_accuracy: 0.2000 - lr: 2.2313e-06
Epoch 7/25
4/4 [==============================] - 1s 304ms/step - loss: 10.8206 - accuracy: 0.1667 - val_loss: 7.3468 - val_accuracy: 0.2000 - lr: 1.2246e-06
Epoch 8/25
4/4 [==============================] - 1s 280ms/step - loss: 10.8611 - accuracy: 0.1833 - val_loss: 7.3470 - val_accuracy: 0.2000 - lr: 6.0810e-07
Epoch 9/25
4/4 [==============================] - 1s 286ms/step - loss: 10.8225 - accuracy: 0.1833 - val_loss: 7.3475 - val_accuracy: 0.2000 - lr: 2.7324e-07
Epoch 10/25
4/4 [==============================] - 1s 277ms/step - loss: 10.4282 - accuracy: 0.1667 - val_loss: 7.3489 - val_accuracy: 0.2000 - lr: 1.1109e-07
Epoch 11/25
4/4 [==============================] - 1s 311ms/step - loss: 11.4605 - accuracy: 0.1333 - val_loss: 7.3509 - val_accuracy: 0.2000 - lr: 4.0868e-08
Epoch 12/25
4/4 [==============================] - 1s 286ms/step - loss: 10.4712 - accuracy: 0.1667 - val_loss: 7.3538 - val_accuracy: 0.2000 - lr: 1.3604e-08
1/1 [==============================] - 0s 100ms/step - loss: 7.3153 - accuracy: 0.4286
Found 60 images belonging to 6 classes.
Found 5 images belonging to 6 classes.
Found 7 images belonging to 6 classes.
Epoch 1/30
4/4 [==============================] - ETA: 0s - loss: 11.4366 - accuracy: 0.1333C:\Users\tom.zbc\PycharmProjects\fungis_bacterias_project\.venv\lib\site-packages\keras\src\engine\training.py:3000: UserWarning: You are saving your model as an HDF5 file via `model.save()`. This file format is considered legacy. We recommend using instead the native Keras format, e.g. `model.save('my_model.keras')`.
  saving_api.save_model(
4/4 [==============================] - 2s 432ms/step - loss: 11.4366 - accuracy: 0.1333 - val_loss: 7.3563 - val_accuracy: 0.2000 - lr: 1.0000e-05
Epoch 2/30
4/4 [==============================] - 2s 399ms/step - loss: 10.5077 - accuracy: 0.1667 - val_loss: 7.3539 - val_accuracy: 0.4000 - lr: 9.0484e-06
Epoch 3/30
4/4 [==============================] - 2s 385ms/step - loss: 11.7080 - accuracy: 0.1167 - val_loss: 7.3481 - val_accuracy: 0.2000 - lr: 7.4082e-06
Epoch 4/30
4/4 [==============================] - 2s 383ms/step - loss: 10.7247 - accuracy: 0.1667 - val_loss: 7.3409 - val_accuracy: 0.2000 - lr: 5.4881e-06
Epoch 5/30
4/4 [==============================] - 1s 366ms/step - loss: 11.3807 - accuracy: 0.1833 - val_loss: 7.3294 - val_accuracy: 0.4000 - lr: 3.6788e-06
Epoch 6/30
4/4 [==============================] - 2s 374ms/step - loss: 10.4623 - accuracy: 0.2000 - val_loss: 7.3163 - val_accuracy: 0.2000 - lr: 2.2313e-06
Epoch 7/30
4/4 [==============================] - 1s 370ms/step - loss: 9.9052 - accuracy: 0.2000 - val_loss: 7.3016 - val_accuracy: 0.4000 - lr: 1.2246e-06
Epoch 8/30
4/4 [==============================] - 2s 380ms/step - loss: 10.6076 - accuracy: 0.2000 - val_loss: 7.2876 - val_accuracy: 0.4000 - lr: 6.0810e-07
Epoch 9/30
4/4 [==============================] - 1s 372ms/step - loss: 11.6434 - accuracy: 0.0833 - val_loss: 7.2738 - val_accuracy: 0.4000 - lr: 2.7324e-07
Epoch 10/30
4/4 [==============================] - 1s 371ms/step - loss: 11.4209 - accuracy: 0.1167 - val_loss: 7.2599 - val_accuracy: 0.4000 - lr: 1.1109e-07
Epoch 11/30
4/4 [==============================] - 1s 390ms/step - loss: 12.1064 - accuracy: 0.1333 - val_loss: 7.2467 - val_accuracy: 0.4000 - lr: 4.0868e-08
Epoch 12/30
4/4 [==============================] - 2s 380ms/step - loss: 9.6680 - accuracy: 0.2667 - val_loss: 7.2344 - val_accuracy: 0.4000 - lr: 1.3604e-08
Epoch 13/30
4/4 [==============================] - 2s 383ms/step - loss: 10.0611 - accuracy: 0.2000 - val_loss: 7.2222 - val_accuracy: 0.4000 - lr: 4.0973e-09
Epoch 14/30
4/4 [==============================] - 1s 368ms/step - loss: 11.4961 - accuracy: 0.1500 - val_loss: 7.2107 - val_accuracy: 0.4000 - lr: 1.1167e-09
Epoch 15/30
4/4 [==============================] - 2s 389ms/step - loss: 11.1096 - accuracy: 0.1500 - val_loss: 7.1998 - val_accuracy: 0.4000 - lr: 2.7536e-10
Epoch 16/30
4/4 [==============================] - 2s 396ms/step - loss: 10.3882 - accuracy: 0.3167 - val_loss: 7.1892 - val_accuracy: 0.4000 - lr: 6.1442e-11
Epoch 17/30
4/4 [==============================] - 2s 392ms/step - loss: 10.0545 - accuracy: 0.2333 - val_loss: 7.1795 - val_accuracy: 0.4000 - lr: 1.2405e-11
Epoch 18/30
4/4 [==============================] - 2s 408ms/step - loss: 12.6526 - accuracy: 0.1167 - val_loss: 7.1698 - val_accuracy: 0.4000 - lr: 2.2662e-12
Epoch 19/30
4/4 [==============================] - 2s 385ms/step - loss: 10.8918 - accuracy: 0.2000 - val_loss: 7.1605 - val_accuracy: 0.4000 - lr: 3.7460e-13
Epoch 20/30
4/4 [==============================] - 1s 405ms/step - loss: 11.1678 - accuracy: 0.2000 - val_loss: 7.1523 - val_accuracy: 0.4000 - lr: 5.6028e-14
Epoch 21/30
4/4 [==============================] - 2s 413ms/step - loss: 11.0621 - accuracy: 0.2000 - val_loss: 7.1441 - val_accuracy: 0.4000 - lr: 7.5826e-15
Epoch 22/30
4/4 [==============================] - 2s 391ms/step - loss: 10.1652 - accuracy: 0.1833 - val_loss: 7.1361 - val_accuracy: 0.4000 - lr: 9.2853e-16
Epoch 23/30
4/4 [==============================] - 2s 395ms/step - loss: 10.0995 - accuracy: 0.2333 - val_loss: 7.1280 - val_accuracy: 0.4000 - lr: 1.0288e-16
Epoch 24/30
4/4 [==============================] - 1s 377ms/step - loss: 10.9525 - accuracy: 0.2000 - val_loss: 7.1207 - val_accuracy: 0.4000 - lr: 1.0315e-17
Epoch 25/30
4/4 [==============================] - 2s 555ms/step - loss: 10.6936 - accuracy: 0.2333 - val_loss: 7.1135 - val_accuracy: 0.4000 - lr: 9.3576e-19
Epoch 26/30
4/4 [==============================] - 2s 615ms/step - loss: 10.9797 - accuracy: 0.1500 - val_loss: 7.1070 - val_accuracy: 0.4000 - lr: 7.6812e-20
Epoch 27/30
4/4 [==============================] - 2s 594ms/step - loss: 10.3444 - accuracy: 0.1167 - val_loss: 7.1006 - val_accuracy: 0.4000 - lr: 5.7051e-21
Epoch 28/30
4/4 [==============================] - 2s 580ms/step - loss: 10.5486 - accuracy: 0.1667 - val_loss: 7.0943 - val_accuracy: 0.4000 - lr: 3.8341e-22
Epoch 29/30
4/4 [==============================] - 2s 569ms/step - loss: 10.9381 - accuracy: 0.1667 - val_loss: 7.0887 - val_accuracy: 0.4000 - lr: 2.3315e-23
Epoch 30/30
4/4 [==============================] - 2s 550ms/step - loss: 11.0561 - accuracy: 0.2000 - val_loss: 7.0835 - val_accuracy: 0.4000 - lr: 1.2829e-24
1/1 [==============================] - 0s 89ms/step - loss: 7.1047 - accuracy: 0.4286
Found 60 images belonging to 6 classes.
Found 5 images belonging to 6 classes.
Found 7 images belonging to 6 classes.
Epoch 1/25
4/4 [==============================] - ETA: 0s - loss: 11.5660 - accuracy: 0.2000C:\Users\tom.zbc\PycharmProjects\fungis_bacterias_project\.venv\lib\site-packages\keras\src\engine\training.py:3000: UserWarning: You are saving your model as an HDF5 file via `model.save()`. This file format is considered legacy. We recommend using instead the native Keras format, e.g. `model.save('my_model.keras')`.
  saving_api.save_model(
4/4 [==============================] - 3s 644ms/step - loss: 11.5660 - accuracy: 0.2000 - val_loss: 7.3996 - val_accuracy: 0.0000e+00 - lr: 1.0000e-05
Epoch 2/25
4/4 [==============================] - 2s 590ms/step - loss: 11.0316 - accuracy: 0.2000 - val_loss: 7.3842 - val_accuracy: 0.2000 - lr: 9.0484e-06
Epoch 3/25
4/4 [==============================] - 2s 602ms/step - loss: 10.1168 - accuracy: 0.2333 - val_loss: 7.3776 - val_accuracy: 0.2000 - lr: 7.4082e-06
Epoch 4/25
4/4 [==============================] - 2s 609ms/step - loss: 11.0659 - accuracy: 0.1667 - val_loss: 7.3750 - val_accuracy: 0.2000 - lr: 5.4881e-06
Epoch 5/25
4/4 [==============================] - 2s 572ms/step - loss: 11.4840 - accuracy: 0.1500 - val_loss: 7.3726 - val_accuracy: 0.2000 - lr: 3.6788e-06
Epoch 6/25
4/4 [==============================] - 2s 441ms/step - loss: 10.6694 - accuracy: 0.2167 - val_loss: 7.3749 - val_accuracy: 0.0000e+00 - lr: 2.2313e-06
Epoch 7/25
4/4 [==============================] - 2s 446ms/step - loss: 11.1954 - accuracy: 0.1667 - val_loss: 7.3786 - val_accuracy: 0.0000e+00 - lr: 1.2246e-06
Epoch 8/25
4/4 [==============================] - 2s 447ms/step - loss: 10.2298 - accuracy: 0.2833 - val_loss: 7.3827 - val_accuracy: 0.2000 - lr: 6.0810e-07
Epoch 9/25
4/4 [==============================] - 2s 440ms/step - loss: 9.7366 - accuracy: 0.1833 - val_loss: 7.3866 - val_accuracy: 0.2000 - lr: 2.7324e-07
Epoch 10/25
4/4 [==============================] - 2s 421ms/step - loss: 9.8148 - accuracy: 0.2333 - val_loss: 7.3911 - val_accuracy: 0.2000 - lr: 1.1109e-07
Epoch 11/25
4/4 [==============================] - 2s 450ms/step - loss: 9.7449 - accuracy: 0.2333 - val_loss: 7.3960 - val_accuracy: 0.0000e+00 - lr: 4.0868e-08
Epoch 12/25
4/4 [==============================] - 2s 422ms/step - loss: 10.5626 - accuracy: 0.2167 - val_loss: 7.4007 - val_accuracy: 0.0000e+00 - lr: 1.3604e-08
Epoch 13/25
4/4 [==============================] - 2s 400ms/step - loss: 10.9138 - accuracy: 0.2500 - val_loss: 7.4055 - val_accuracy: 0.0000e+00 - lr: 4.0973e-09
1/1 [==============================] - 0s 134ms/step - loss: 7.3526 - accuracy: 0.1429
Found 60 images belonging to 6 classes.
Found 5 images belonging to 6 classes.
Found 7 images belonging to 6 classes.
Epoch 1/30
4/4 [==============================] - ETA: 0s - loss: 11.9112 - accuracy: 0.1667C:\Users\tom.zbc\PycharmProjects\fungis_bacterias_project\.venv\lib\site-packages\keras\src\engine\training.py:3000: UserWarning: You are saving your model as an HDF5 file via `model.save()`. This file format is considered legacy. We recommend using instead the native Keras format, e.g. `model.save('my_model.keras')`.
  saving_api.save_model(
4/4 [==============================] - 3s 558ms/step - loss: 11.9112 - accuracy: 0.1667 - val_loss: 7.4108 - val_accuracy: 0.0000e+00 - lr: 1.0000e-05
Epoch 2/30
4/4 [==============================] - 2s 464ms/step - loss: 11.2461 - accuracy: 0.1333 - val_loss: 7.3980 - val_accuracy: 0.0000e+00 - lr: 9.0484e-06
Epoch 3/30
4/4 [==============================] - 2s 484ms/step - loss: 10.3893 - accuracy: 0.2500 - val_loss: 7.3860 - val_accuracy: 0.2000 - lr: 7.4082e-06
Epoch 4/30
4/4 [==============================] - 2s 393ms/step - loss: 11.5602 - accuracy: 0.0833 - val_loss: 7.3770 - val_accuracy: 0.2000 - lr: 5.4881e-06
Epoch 5/30
4/4 [==============================] - 2s 473ms/step - loss: 10.8630 - accuracy: 0.1833 - val_loss: 7.3692 - val_accuracy: 0.2000 - lr: 3.6788e-06
Epoch 6/30
4/4 [==============================] - 2s 433ms/step - loss: 10.8425 - accuracy: 0.2000 - val_loss: 7.3644 - val_accuracy: 0.2000 - lr: 2.2313e-06
Epoch 7/30
4/4 [==============================] - 2s 468ms/step - loss: 10.5273 - accuracy: 0.1667 - val_loss: 7.3591 - val_accuracy: 0.2000 - lr: 1.2246e-06
Epoch 8/30
4/4 [==============================] - 2s 453ms/step - loss: 10.2928 - accuracy: 0.1000 - val_loss: 7.3537 - val_accuracy: 0.2000 - lr: 6.0810e-07
Epoch 9/30
4/4 [==============================] - 2s 447ms/step - loss: 9.5841 - accuracy: 0.2500 - val_loss: 7.3487 - val_accuracy: 0.2000 - lr: 2.7324e-07
Epoch 10/30
4/4 [==============================] - 2s 428ms/step - loss: 10.9656 - accuracy: 0.2333 - val_loss: 7.3441 - val_accuracy: 0.2000 - lr: 1.1109e-07
Epoch 11/30
4/4 [==============================] - 2s 414ms/step - loss: 10.5163 - accuracy: 0.1667 - val_loss: 7.3406 - val_accuracy: 0.2000 - lr: 4.0868e-08
Epoch 12/30
4/4 [==============================] - 2s 404ms/step - loss: 10.6416 - accuracy: 0.1333 - val_loss: 7.3386 - val_accuracy: 0.2000 - lr: 1.3604e-08
Epoch 13/30
4/4 [==============================] - 1s 375ms/step - loss: 10.8235 - accuracy: 0.1667 - val_loss: 7.3368 - val_accuracy: 0.2000 - lr: 4.0973e-09
Epoch 14/30
4/4 [==============================] - 1s 353ms/step - loss: 11.0561 - accuracy: 0.1667 - val_loss: 7.3351 - val_accuracy: 0.0000e+00 - lr: 1.1167e-09
Epoch 15/30
4/4 [==============================] - 2s 394ms/step - loss: 9.8307 - accuracy: 0.2500 - val_loss: 7.3337 - val_accuracy: 0.0000e+00 - lr: 2.7536e-10
Epoch 16/30
4/4 [==============================] - 2s 400ms/step - loss: 10.4503 - accuracy: 0.1667 - val_loss: 7.3326 - val_accuracy: 0.0000e+00 - lr: 6.1442e-11
Epoch 17/30
4/4 [==============================] - 2s 392ms/step - loss: 10.1562 - accuracy: 0.2833 - val_loss: 7.3318 - val_accuracy: 0.2000 - lr: 1.2405e-11
Epoch 18/30
4/4 [==============================] - 2s 387ms/step - loss: 9.8820 - accuracy: 0.2500 - val_loss: 7.3312 - val_accuracy: 0.2000 - lr: 2.2662e-12
Epoch 19/30
4/4 [==============================] - 1s 381ms/step - loss: 10.4865 - accuracy: 0.2167 - val_loss: 7.3308 - val_accuracy: 0.2000 - lr: 3.7460e-13
Epoch 20/30
4/4 [==============================] - 2s 412ms/step - loss: 10.0718 - accuracy: 0.2833 - val_loss: 7.3305 - val_accuracy: 0.2000 - lr: 5.6028e-14
Epoch 21/30
4/4 [==============================] - 2s 410ms/step - loss: 10.2602 - accuracy: 0.1500 - val_loss: 7.3304 - val_accuracy: 0.2000 - lr: 7.5826e-15
Epoch 22/30
4/4 [==============================] - 1s 277ms/step - loss: 10.2829 - accuracy: 0.1667 - val_loss: 7.3305 - val_accuracy: 0.2000 - lr: 9.2853e-16
Epoch 23/30
4/4 [==============================] - 1s 265ms/step - loss: 10.0767 - accuracy: 0.2500 - val_loss: 7.3308 - val_accuracy: 0.2000 - lr: 1.0288e-16
Epoch 24/30
4/4 [==============================] - 1s 262ms/step - loss: 10.9876 - accuracy: 0.1333 - val_loss: 7.3314 - val_accuracy: 0.2000 - lr: 1.0315e-17
Epoch 25/30
4/4 [==============================] - 1s 292ms/step - loss: 10.9299 - accuracy: 0.1833 - val_loss: 7.3321 - val_accuracy: 0.2000 - lr: 9.3576e-19
Epoch 26/30
4/4 [==============================] - 1s 264ms/step - loss: 10.2303 - accuracy: 0.1833 - val_loss: 7.3330 - val_accuracy: 0.2000 - lr: 7.6812e-20
Epoch 27/30
4/4 [==============================] - 1s 292ms/step - loss: 9.8414 - accuracy: 0.3167 - val_loss: 7.3341 - val_accuracy: 0.2000 - lr: 5.7051e-21
Epoch 28/30
4/4 [==============================] - 1s 266ms/step - loss: 9.3020 - accuracy: 0.2833 - val_loss: 7.3352 - val_accuracy: 0.2000 - lr: 3.8341e-22
Epoch 29/30
4/4 [==============================] - 1s 285ms/step - loss: 11.0638 - accuracy: 0.2167 - val_loss: 7.3365 - val_accuracy: 0.2000 - lr: 2.3315e-23
1/1 [==============================] - 0s 92ms/step - loss: 7.3050 - accuracy: 0.2857
Found 60 images belonging to 6 classes.
Found 5 images belonging to 6 classes.
Found 7 images belonging to 6 classes.
Epoch 1/25
4/4 [==============================] - ETA: 0s - loss: 11.3453 - accuracy: 0.2333C:\Users\tom.zbc\PycharmProjects\fungis_bacterias_project\.venv\lib\site-packages\keras\src\engine\training.py:3000: UserWarning: You are saving your model as an HDF5 file via `model.save()`. This file format is considered legacy. We recommend using instead the native Keras format, e.g. `model.save('my_model.keras')`.
  saving_api.save_model(
4/4 [==============================] - 2s 407ms/step - loss: 11.3453 - accuracy: 0.2333 - val_loss: 7.3556 - val_accuracy: 0.4000 - lr: 1.0000e-05
Epoch 2/25
4/4 [==============================] - 1s 382ms/step - loss: 10.9188 - accuracy: 0.2333 - val_loss: 7.3408 - val_accuracy: 0.2000 - lr: 9.0484e-06
Epoch 3/25
4/4 [==============================] - 1s 377ms/step - loss: 11.7249 - accuracy: 0.1167 - val_loss: 7.3346 - val_accuracy: 0.4000 - lr: 7.4082e-06
Epoch 4/25
4/4 [==============================] - 1s 354ms/step - loss: 10.4150 - accuracy: 0.1333 - val_loss: 7.3325 - val_accuracy: 0.4000 - lr: 5.4881e-06
Epoch 5/25
4/4 [==============================] - 1s 275ms/step - loss: 12.1245 - accuracy: 0.1667 - val_loss: 7.3329 - val_accuracy: 0.2000 - lr: 3.6788e-06
Epoch 6/25
4/4 [==============================] - 1s 267ms/step - loss: 11.2418 - accuracy: 0.1167 - val_loss: 7.3327 - val_accuracy: 0.2000 - lr: 2.2313e-06
Epoch 7/25
4/4 [==============================] - 1s 367ms/step - loss: 9.6737 - accuracy: 0.2833 - val_loss: 7.3296 - val_accuracy: 0.2000 - lr: 1.2246e-06
Epoch 8/25
4/4 [==============================] - 1s 374ms/step - loss: 10.7286 - accuracy: 0.2000 - val_loss: 7.3278 - val_accuracy: 0.2000 - lr: 6.0810e-07
Epoch 9/25
4/4 [==============================] - 1s 367ms/step - loss: 10.4536 - accuracy: 0.1500 - val_loss: 7.3277 - val_accuracy: 0.2000 - lr: 2.7324e-07
Epoch 10/25
4/4 [==============================] - 1s 362ms/step - loss: 9.9076 - accuracy: 0.2333 - val_loss: 7.3276 - val_accuracy: 0.2000 - lr: 1.1109e-07
Epoch 11/25
4/4 [==============================] - 1s 268ms/step - loss: 9.8963 - accuracy: 0.3500 - val_loss: 7.3289 - val_accuracy: 0.2000 - lr: 4.0868e-08
Epoch 12/25
4/4 [==============================] - 1s 278ms/step - loss: 10.7863 - accuracy: 0.1500 - val_loss: 7.3304 - val_accuracy: 0.2000 - lr: 1.3604e-08
Epoch 13/25
4/4 [==============================] - 1s 294ms/step - loss: 12.5026 - accuracy: 0.1333 - val_loss: 7.3313 - val_accuracy: 0.2000 - lr: 4.0973e-09
Epoch 14/25
4/4 [==============================] - 1s 261ms/step - loss: 11.3627 - accuracy: 0.1500 - val_loss: 7.3320 - val_accuracy: 0.2000 - lr: 1.1167e-09
Epoch 15/25
4/4 [==============================] - 1s 275ms/step - loss: 11.6892 - accuracy: 0.2000 - val_loss: 7.3333 - val_accuracy: 0.2000 - lr: 2.7536e-10
Epoch 16/25
4/4 [==============================] - 1s 268ms/step - loss: 10.1496 - accuracy: 0.1833 - val_loss: 7.3342 - val_accuracy: 0.2000 - lr: 6.1442e-11
Epoch 17/25
4/4 [==============================] - 1s 300ms/step - loss: 10.7176 - accuracy: 0.1833 - val_loss: 7.3355 - val_accuracy: 0.2000 - lr: 1.2405e-11
Epoch 18/25
4/4 [==============================] - 1s 281ms/step - loss: 10.2139 - accuracy: 0.2333 - val_loss: 7.3369 - val_accuracy: 0.2000 - lr: 2.2662e-12
1/1 [==============================] - 0s 91ms/step - loss: 7.3296 - accuracy: 0.1429
Found 60 images belonging to 6 classes.
Found 5 images belonging to 6 classes.
Found 7 images belonging to 6 classes.
Epoch 1/30
4/4 [==============================] - ETA: 0s - loss: 11.1973 - accuracy: 0.2500C:\Users\tom.zbc\PycharmProjects\fungis_bacterias_project\.venv\lib\site-packages\keras\src\engine\training.py:3000: UserWarning: You are saving your model as an HDF5 file via `model.save()`. This file format is considered legacy. We recommend using instead the native Keras format, e.g. `model.save('my_model.keras')`.
  saving_api.save_model(
4/4 [==============================] - 2s 406ms/step - loss: 11.1973 - accuracy: 0.2500 - val_loss: 7.3863 - val_accuracy: 0.2000 - lr: 1.0000e-05
Epoch 2/30
4/4 [==============================] - 1s 360ms/step - loss: 11.3411 - accuracy: 0.1333 - val_loss: 7.3804 - val_accuracy: 0.2000 - lr: 9.0484e-06
Epoch 3/30
4/4 [==============================] - 1s 384ms/step - loss: 9.6935 - accuracy: 0.2667 - val_loss: 7.3770 - val_accuracy: 0.2000 - lr: 7.4082e-06
Epoch 4/30
4/4 [==============================] - 1s 365ms/step - loss: 10.7708 - accuracy: 0.2000 - val_loss: 7.3713 - val_accuracy: 0.2000 - lr: 5.4881e-06
Epoch 5/30
4/4 [==============================] - 1s 366ms/step - loss: 9.9856 - accuracy: 0.2500 - val_loss: 7.3690 - val_accuracy: 0.2000 - lr: 3.6788e-06
Epoch 6/30
4/4 [==============================] - 1s 357ms/step - loss: 10.5923 - accuracy: 0.1500 - val_loss: 7.3683 - val_accuracy: 0.2000 - lr: 2.2313e-06
Epoch 7/30
4/4 [==============================] - 1s 362ms/step - loss: 9.6020 - accuracy: 0.2833 - val_loss: 7.3670 - val_accuracy: 0.2000 - lr: 1.2246e-06
Epoch 8/30
4/4 [==============================] - 1s 367ms/step - loss: 10.0221 - accuracy: 0.2167 - val_loss: 7.3652 - val_accuracy: 0.2000 - lr: 6.0810e-07
Epoch 9/30
4/4 [==============================] - 1s 362ms/step - loss: 10.7477 - accuracy: 0.1667 - val_loss: 7.3643 - val_accuracy: 0.2000 - lr: 2.7324e-07
Epoch 10/30
4/4 [==============================] - 1s 356ms/step - loss: 11.9883 - accuracy: 0.1167 - val_loss: 7.3636 - val_accuracy: 0.2000 - lr: 1.1109e-07
Epoch 11/30
4/4 [==============================] - 1s 268ms/step - loss: 11.1324 - accuracy: 0.1000 - val_loss: 7.3638 - val_accuracy: 0.2000 - lr: 4.0868e-08
Epoch 12/30
4/4 [==============================] - 1s 302ms/step - loss: 10.8880 - accuracy: 0.2000 - val_loss: 7.3643 - val_accuracy: 0.2000 - lr: 1.3604e-08
Epoch 13/30
4/4 [==============================] - 1s 272ms/step - loss: 9.7843 - accuracy: 0.1833 - val_loss: 7.3657 - val_accuracy: 0.2000 - lr: 4.0973e-09
Epoch 14/30
4/4 [==============================] - 1s 270ms/step - loss: 10.5264 - accuracy: 0.2333 - val_loss: 7.3678 - val_accuracy: 0.2000 - lr: 1.1167e-09
Epoch 15/30
4/4 [==============================] - 1s 259ms/step - loss: 9.9077 - accuracy: 0.1667 - val_loss: 7.3702 - val_accuracy: 0.2000 - lr: 2.7536e-10
Epoch 16/30
4/4 [==============================] - 1s 272ms/step - loss: 10.3332 - accuracy: 0.2000 - val_loss: 7.3727 - val_accuracy: 0.2000 - lr: 6.1442e-11
Epoch 17/30
4/4 [==============================] - 1s 305ms/step - loss: 10.2603 - accuracy: 0.2167 - val_loss: 7.3749 - val_accuracy: 0.2000 - lr: 1.2405e-11
Epoch 18/30
4/4 [==============================] - 1s 276ms/step - loss: 10.3089 - accuracy: 0.1333 - val_loss: 7.3772 - val_accuracy: 0.2000 - lr: 2.2662e-12
1/1 [==============================] - 0s 92ms/step - loss: 7.4414 - accuracy: 0.0000e+00
Found 60 images belonging to 6 classes.
Found 5 images belonging to 6 classes.
Found 7 images belonging to 6 classes.
Epoch 1/25
4/4 [==============================] - ETA: 0s - loss: 10.2750 - accuracy: 0.2000C:\Users\tom.zbc\PycharmProjects\fungis_bacterias_project\.venv\lib\site-packages\keras\src\engine\training.py:3000: UserWarning: You are saving your model as an HDF5 file via `model.save()`. This file format is considered legacy. We recommend using instead the native Keras format, e.g. `model.save('my_model.keras')`.
  saving_api.save_model(
4/4 [==============================] - 2s 414ms/step - loss: 10.2750 - accuracy: 0.2000 - val_loss: 7.3718 - val_accuracy: 0.0000e+00 - lr: 1.0000e-05
Epoch 2/25
4/4 [==============================] - 1s 292ms/step - loss: 10.2260 - accuracy: 0.2333 - val_loss: 7.3734 - val_accuracy: 0.2000 - lr: 9.0484e-06
Epoch 3/25
4/4 [==============================] - 1s 263ms/step - loss: 10.0527 - accuracy: 0.2833 - val_loss: 7.3767 - val_accuracy: 0.2000 - lr: 7.4082e-06
Epoch 4/25
4/4 [==============================] - 1s 301ms/step - loss: 9.8120 - accuracy: 0.2667 - val_loss: 7.3752 - val_accuracy: 0.2000 - lr: 5.4881e-06
Epoch 5/25
4/4 [==============================] - 1s 277ms/step - loss: 10.8661 - accuracy: 0.2167 - val_loss: 7.3768 - val_accuracy: 0.2000 - lr: 3.6788e-06
Epoch 6/25
4/4 [==============================] - 1s 283ms/step - loss: 11.2494 - accuracy: 0.1833 - val_loss: 7.3805 - val_accuracy: 0.2000 - lr: 2.2313e-06
Epoch 7/25
4/4 [==============================] - 1s 288ms/step - loss: 9.5490 - accuracy: 0.2167 - val_loss: 7.3821 - val_accuracy: 0.2000 - lr: 1.0000e-06
Epoch 8/25
4/4 [==============================] - 1s 274ms/step - loss: 10.3304 - accuracy: 0.2333 - val_loss: 7.3830 - val_accuracy: 0.2000 - lr: 4.9659e-07
Epoch 9/25
4/4 [==============================] - 1s 317ms/step - loss: 10.3694 - accuracy: 0.2667 - val_loss: 7.3824 - val_accuracy: 0.2000 - lr: 2.2313e-07
1/1 [==============================] - 0s 94ms/step - loss: 7.3612 - accuracy: 0.1429
Found 60 images belonging to 6 classes.
Found 5 images belonging to 6 classes.
Found 7 images belonging to 6 classes.
Epoch 1/30
4/4 [==============================] - ETA: 0s - loss: 11.9350 - accuracy: 0.1000C:\Users\tom.zbc\PycharmProjects\fungis_bacterias_project\.venv\lib\site-packages\keras\src\engine\training.py:3000: UserWarning: You are saving your model as an HDF5 file via `model.save()`. This file format is considered legacy. We recommend using instead the native Keras format, e.g. `model.save('my_model.keras')`.
  saving_api.save_model(
4/4 [==============================] - 2s 406ms/step - loss: 11.9350 - accuracy: 0.1000 - val_loss: 7.3407 - val_accuracy: 0.4000 - lr: 1.0000e-05
Epoch 2/30
4/4 [==============================] - 1s 291ms/step - loss: 10.7542 - accuracy: 0.2000 - val_loss: 7.3510 - val_accuracy: 0.2000 - lr: 9.0484e-06
Epoch 3/30
4/4 [==============================] - 1s 284ms/step - loss: 10.9970 - accuracy: 0.1167 - val_loss: 7.3561 - val_accuracy: 0.2000 - lr: 7.4082e-06
Epoch 4/30
4/4 [==============================] - 1s 273ms/step - loss: 11.1514 - accuracy: 0.2000 - val_loss: 7.3528 - val_accuracy: 0.2000 - lr: 5.4881e-06
Epoch 5/30
4/4 [==============================] - 1s 277ms/step - loss: 10.2779 - accuracy: 0.2167 - val_loss: 7.3475 - val_accuracy: 0.2000 - lr: 3.6788e-06
Epoch 6/30
4/4 [==============================] - 1s 374ms/step - loss: 10.9732 - accuracy: 0.1333 - val_loss: 7.3391 - val_accuracy: 0.2000 - lr: 2.2313e-06
Epoch 7/30
4/4 [==============================] - 1s 376ms/step - loss: 10.3889 - accuracy: 0.2167 - val_loss: 7.3317 - val_accuracy: 0.4000 - lr: 1.2246e-06
Epoch 8/30
4/4 [==============================] - 1s 351ms/step - loss: 10.7796 - accuracy: 0.2167 - val_loss: 7.3240 - val_accuracy: 0.4000 - lr: 6.0810e-07
Epoch 9/30
4/4 [==============================] - 1s 374ms/step - loss: 10.1027 - accuracy: 0.2667 - val_loss: 7.3177 - val_accuracy: 0.2000 - lr: 2.7324e-07
Epoch 10/30
4/4 [==============================] - 1s 361ms/step - loss: 11.3005 - accuracy: 0.1667 - val_loss: 7.3113 - val_accuracy: 0.4000 - lr: 1.1109e-07
Epoch 11/30
4/4 [==============================] - 2s 398ms/step - loss: 10.6299 - accuracy: 0.0833 - val_loss: 7.3034 - val_accuracy: 0.4000 - lr: 4.0868e-08
Epoch 12/30
4/4 [==============================] - 1s 367ms/step - loss: 10.0136 - accuracy: 0.2833 - val_loss: 7.2963 - val_accuracy: 0.4000 - lr: 1.3604e-08
Epoch 13/30
4/4 [==============================] - 1s 365ms/step - loss: 10.4339 - accuracy: 0.2167 - val_loss: 7.2893 - val_accuracy: 0.4000 - lr: 4.0973e-09
Epoch 14/30
4/4 [==============================] - 1s 358ms/step - loss: 10.1181 - accuracy: 0.2333 - val_loss: 7.2820 - val_accuracy: 0.4000 - lr: 1.1167e-09
Epoch 15/30
4/4 [==============================] - 1s 367ms/step - loss: 10.9468 - accuracy: 0.2167 - val_loss: 7.2752 - val_accuracy: 0.4000 - lr: 2.7536e-10
Epoch 16/30
4/4 [==============================] - 1s 351ms/step - loss: 9.9028 - accuracy: 0.2333 - val_loss: 7.2693 - val_accuracy: 0.4000 - lr: 6.1442e-11
Epoch 17/30
4/4 [==============================] - 1s 363ms/step - loss: 10.8655 - accuracy: 0.1500 - val_loss: 7.2635 - val_accuracy: 0.4000 - lr: 1.2405e-11
Epoch 18/30
4/4 [==============================] - 1s 360ms/step - loss: 10.0467 - accuracy: 0.1500 - val_loss: 7.2577 - val_accuracy: 0.4000 - lr: 2.2662e-12
Epoch 19/30
4/4 [==============================] - 1s 361ms/step - loss: 10.7024 - accuracy: 0.1333 - val_loss: 7.2520 - val_accuracy: 0.4000 - lr: 3.7460e-13
Epoch 20/30
4/4 [==============================] - 1s 367ms/step - loss: 9.0567 - accuracy: 0.3333 - val_loss: 7.2467 - val_accuracy: 0.4000 - lr: 5.6028e-14
Epoch 21/30
4/4 [==============================] - 1s 358ms/step - loss: 10.0398 - accuracy: 0.1333 - val_loss: 7.2412 - val_accuracy: 0.4000 - lr: 7.5826e-15
Epoch 22/30
4/4 [==============================] - 1s 378ms/step - loss: 10.4611 - accuracy: 0.2000 - val_loss: 7.2364 - val_accuracy: 0.4000 - lr: 9.2853e-16
Epoch 23/30
4/4 [==============================] - 1s 389ms/step - loss: 10.1354 - accuracy: 0.2167 - val_loss: 7.2315 - val_accuracy: 0.4000 - lr: 1.0288e-16
Epoch 24/30
4/4 [==============================] - 1s 386ms/step - loss: 10.9384 - accuracy: 0.1500 - val_loss: 7.2270 - val_accuracy: 0.4000 - lr: 1.0315e-17
Epoch 25/30
4/4 [==============================] - 1s 391ms/step - loss: 10.6128 - accuracy: 0.2667 - val_loss: 7.2227 - val_accuracy: 0.4000 - lr: 9.3576e-19
Epoch 26/30
4/4 [==============================] - 1s 373ms/step - loss: 11.0027 - accuracy: 0.1333 - val_loss: 7.2188 - val_accuracy: 0.4000 - lr: 7.6812e-20
Epoch 27/30
4/4 [==============================] - 1s 353ms/step - loss: 10.6650 - accuracy: 0.2167 - val_loss: 7.2153 - val_accuracy: 0.4000 - lr: 5.7051e-21
Epoch 28/30
4/4 [==============================] - 1s 371ms/step - loss: 9.8877 - accuracy: 0.2167 - val_loss: 7.2119 - val_accuracy: 0.4000 - lr: 3.8341e-22
Epoch 29/30
4/4 [==============================] - 1s 362ms/step - loss: 11.2270 - accuracy: 0.2167 - val_loss: 7.2092 - val_accuracy: 0.4000 - lr: 2.3315e-23
Epoch 30/30
4/4 [==============================] - 1s 375ms/step - loss: 10.8486 - accuracy: 0.1667 - val_loss: 7.2060 - val_accuracy: 0.4000 - lr: 1.2829e-24
1/1 [==============================] - 0s 90ms/step - loss: 7.3948 - accuracy: 0.1429
Found 60 images belonging to 6 classes.
Found 5 images belonging to 6 classes.
Found 7 images belonging to 6 classes.
Epoch 1/25
4/4 [==============================] - ETA: 0s - loss: 11.5659 - accuracy: 0.1500C:\Users\tom.zbc\PycharmProjects\fungis_bacterias_project\.venv\lib\site-packages\keras\src\engine\training.py:3000: UserWarning: You are saving your model as an HDF5 file via `model.save()`. This file format is considered legacy. We recommend using instead the native Keras format, e.g. `model.save('my_model.keras')`.
  saving_api.save_model(
4/4 [==============================] - 3s 628ms/step - loss: 11.5659 - accuracy: 0.1500 - val_loss: 7.7968 - val_accuracy: 0.2000 - lr: 1.0000e-05
Epoch 2/25
4/4 [==============================] - 2s 630ms/step - loss: 10.8485 - accuracy: 0.1667 - val_loss: 7.7948 - val_accuracy: 0.0000e+00 - lr: 9.0484e-06
Epoch 3/25
4/4 [==============================] - 2s 618ms/step - loss: 10.5250 - accuracy: 0.3167 - val_loss: 7.7934 - val_accuracy: 0.0000e+00 - lr: 7.4082e-06
Epoch 4/25
4/4 [==============================] - 2s 427ms/step - loss: 10.9847 - accuracy: 0.1833 - val_loss: 7.8002 - val_accuracy: 0.0000e+00 - lr: 5.4881e-06
Epoch 5/25
4/4 [==============================] - 2s 434ms/step - loss: 12.3338 - accuracy: 0.1500 - val_loss: 7.8071 - val_accuracy: 0.0000e+00 - lr: 3.6788e-06
Epoch 6/25
4/4 [==============================] - 2s 415ms/step - loss: 11.3248 - accuracy: 0.1833 - val_loss: 7.8145 - val_accuracy: 0.0000e+00 - lr: 2.2313e-06
Epoch 7/25
4/4 [==============================] - 2s 413ms/step - loss: 11.6254 - accuracy: 0.1667 - val_loss: 7.8181 - val_accuracy: 0.0000e+00 - lr: 1.2246e-06
Epoch 8/25
4/4 [==============================] - 2s 416ms/step - loss: 9.2929 - accuracy: 0.3000 - val_loss: 7.8227 - val_accuracy: 0.0000e+00 - lr: 6.0810e-07
Epoch 9/25
4/4 [==============================] - 2s 417ms/step - loss: 10.5100 - accuracy: 0.3000 - val_loss: 7.8285 - val_accuracy: 0.0000e+00 - lr: 2.7324e-07
Epoch 10/25
4/4 [==============================] - 2s 410ms/step - loss: 10.8181 - accuracy: 0.2167 - val_loss: 7.8345 - val_accuracy: 0.0000e+00 - lr: 1.1109e-07
Epoch 11/25
4/4 [==============================] - 2s 437ms/step - loss: 9.7472 - accuracy: 0.2667 - val_loss: 7.8412 - val_accuracy: 0.0000e+00 - lr: 4.0868e-08
1/1 [==============================] - 0s 116ms/step - loss: 7.7949 - accuracy: 0.2857
Found 60 images belonging to 6 classes.
Found 5 images belonging to 6 classes.
Found 7 images belonging to 6 classes.
Epoch 1/30
4/4 [==============================] - ETA: 0s - loss: 11.4178 - accuracy: 0.2500C:\Users\tom.zbc\PycharmProjects\fungis_bacterias_project\.venv\lib\site-packages\keras\src\engine\training.py:3000: UserWarning: You are saving your model as an HDF5 file via `model.save()`. This file format is considered legacy. We recommend using instead the native Keras format, e.g. `model.save('my_model.keras')`.
  saving_api.save_model(
4/4 [==============================] - 3s 642ms/step - loss: 11.4178 - accuracy: 0.2500 - val_loss: 7.7742 - val_accuracy: 0.2000 - lr: 1.0000e-05
Epoch 2/30
4/4 [==============================] - 2s 411ms/step - loss: 10.8647 - accuracy: 0.2833 - val_loss: 7.7928 - val_accuracy: 0.0000e+00 - lr: 9.0484e-06
Epoch 3/30
4/4 [==============================] - 2s 394ms/step - loss: 10.3007 - accuracy: 0.2667 - val_loss: 7.7972 - val_accuracy: 0.2000 - lr: 7.4082e-06
Epoch 4/30
4/4 [==============================] - 2s 390ms/step - loss: 10.7665 - accuracy: 0.2167 - val_loss: 7.7953 - val_accuracy: 0.2000 - lr: 5.4881e-06
Epoch 5/30
4/4 [==============================] - 2s 427ms/step - loss: 10.8866 - accuracy: 0.2500 - val_loss: 7.7956 - val_accuracy: 0.2000 - lr: 3.6788e-06
Epoch 6/30
4/4 [==============================] - 2s 407ms/step - loss: 11.4457 - accuracy: 0.1167 - val_loss: 7.7999 - val_accuracy: 0.2000 - lr: 2.2313e-06
Epoch 7/30
4/4 [==============================] - 2s 411ms/step - loss: 12.1149 - accuracy: 0.1667 - val_loss: 7.8030 - val_accuracy: 0.2000 - lr: 1.0000e-06
Epoch 8/30
4/4 [==============================] - 2s 454ms/step - loss: 11.2864 - accuracy: 0.1333 - val_loss: 7.8074 - val_accuracy: 0.2000 - lr: 4.9659e-07
Epoch 9/30
4/4 [==============================] - 2s 434ms/step - loss: 10.9348 - accuracy: 0.2000 - val_loss: 7.8116 - val_accuracy: 0.2000 - lr: 2.2313e-07
1/1 [==============================] - 0s 111ms/step - loss: 7.7916 - accuracy: 0.4286
Found 60 images belonging to 6 classes.
Found 5 images belonging to 6 classes.
Found 7 images belonging to 6 classes.
Epoch 1/25
4/4 [==============================] - ETA: 0s - loss: 11.7822 - accuracy: 0.1167C:\Users\tom.zbc\PycharmProjects\fungis_bacterias_project\.venv\lib\site-packages\keras\src\engine\training.py:3000: UserWarning: You are saving your model as an HDF5 file via `model.save()`. This file format is considered legacy. We recommend using instead the native Keras format, e.g. `model.save('my_model.keras')`.
  saving_api.save_model(
4/4 [==============================] - 3s 644ms/step - loss: 11.7822 - accuracy: 0.1167 - val_loss: 7.7839 - val_accuracy: 0.0000e+00 - lr: 1.0000e-05
Epoch 2/25
4/4 [==============================] - 2s 437ms/step - loss: 12.7306 - accuracy: 0.1667 - val_loss: 7.8017 - val_accuracy: 0.0000e+00 - lr: 9.0484e-06
Epoch 3/25
4/4 [==============================] - 2s 399ms/step - loss: 10.8579 - accuracy: 0.2167 - val_loss: 7.8182 - val_accuracy: 0.0000e+00 - lr: 7.4082e-06
Epoch 4/25
4/4 [==============================] - 2s 440ms/step - loss: 11.2078 - accuracy: 0.2167 - val_loss: 7.8301 - val_accuracy: 0.0000e+00 - lr: 5.4881e-06
Epoch 5/25
4/4 [==============================] - 2s 418ms/step - loss: 10.5910 - accuracy: 0.1833 - val_loss: 7.8376 - val_accuracy: 0.0000e+00 - lr: 3.6788e-06
Epoch 6/25
4/4 [==============================] - 2s 418ms/step - loss: 10.6329 - accuracy: 0.1833 - val_loss: 7.8444 - val_accuracy: 0.0000e+00 - lr: 2.2313e-06
Epoch 7/25
4/4 [==============================] - 2s 411ms/step - loss: 11.5004 - accuracy: 0.1667 - val_loss: 7.8525 - val_accuracy: 0.0000e+00 - lr: 1.0000e-06
Epoch 8/25
4/4 [==============================] - 2s 429ms/step - loss: 10.7661 - accuracy: 0.2167 - val_loss: 7.8613 - val_accuracy: 0.0000e+00 - lr: 4.9659e-07
Epoch 9/25
4/4 [==============================] - 2s 439ms/step - loss: 9.5233 - accuracy: 0.2500 - val_loss: 7.8697 - val_accuracy: 0.0000e+00 - lr: 2.2313e-07
1/1 [==============================] - 0s 121ms/step - loss: 7.7928 - accuracy: 0.0000e+00
Found 60 images belonging to 6 classes.
Found 5 images belonging to 6 classes.
Found 7 images belonging to 6 classes.
Epoch 1/30
4/4 [==============================] - ETA: 0s - loss: 11.9299 - accuracy: 0.0833C:\Users\tom.zbc\PycharmProjects\fungis_bacterias_project\.venv\lib\site-packages\keras\src\engine\training.py:3000: UserWarning: You are saving your model as an HDF5 file via `model.save()`. This file format is considered legacy. We recommend using instead the native Keras format, e.g. `model.save('my_model.keras')`.
  saving_api.save_model(
4/4 [==============================] - 3s 675ms/step - loss: 11.9299 - accuracy: 0.0833 - val_loss: 7.7866 - val_accuracy: 0.2000 - lr: 1.0000e-05
Epoch 2/30
4/4 [==============================] - 2s 442ms/step - loss: 11.1165 - accuracy: 0.2500 - val_loss: 7.7934 - val_accuracy: 0.0000e+00 - lr: 9.0484e-06
Epoch 3/30
4/4 [==============================] - 2s 605ms/step - loss: 10.6441 - accuracy: 0.2833 - val_loss: 7.7833 - val_accuracy: 0.4000 - lr: 7.4082e-06
Epoch 4/30
4/4 [==============================] - 2s 626ms/step - loss: 10.6709 - accuracy: 0.2167 - val_loss: 7.7702 - val_accuracy: 0.4000 - lr: 5.4881e-06
Epoch 5/30
4/4 [==============================] - 2s 588ms/step - loss: 11.0659 - accuracy: 0.1667 - val_loss: 7.7584 - val_accuracy: 0.4000 - lr: 3.6788e-06
Epoch 6/30
4/4 [==============================] - 2s 603ms/step - loss: 10.0465 - accuracy: 0.2500 - val_loss: 7.7504 - val_accuracy: 0.4000 - lr: 2.2313e-06
Epoch 7/30
4/4 [==============================] - 2s 603ms/step - loss: 10.0337 - accuracy: 0.2667 - val_loss: 7.7479 - val_accuracy: 0.4000 - lr: 1.2246e-06
Epoch 8/30
4/4 [==============================] - 2s 608ms/step - loss: 11.2522 - accuracy: 0.1833 - val_loss: 7.7466 - val_accuracy: 0.2000 - lr: 6.0810e-07
Epoch 9/30
4/4 [==============================] - 2s 595ms/step - loss: 10.1661 - accuracy: 0.3000 - val_loss: 7.7463 - val_accuracy: 0.2000 - lr: 2.7324e-07
Epoch 10/30
4/4 [==============================] - 2s 395ms/step - loss: 10.2857 - accuracy: 0.2333 - val_loss: 7.7470 - val_accuracy: 0.2000 - lr: 1.1109e-07
Epoch 11/30
4/4 [==============================] - 2s 422ms/step - loss: 10.7678 - accuracy: 0.2167 - val_loss: 7.7478 - val_accuracy: 0.2000 - lr: 4.0868e-08
Epoch 12/30
4/4 [==============================] - 2s 422ms/step - loss: 10.3854 - accuracy: 0.1833 - val_loss: 7.7481 - val_accuracy: 0.2000 - lr: 1.3604e-08
Epoch 13/30
4/4 [==============================] - 2s 427ms/step - loss: 10.7146 - accuracy: 0.1833 - val_loss: 7.7477 - val_accuracy: 0.2000 - lr: 4.0973e-09
Epoch 14/30
4/4 [==============================] - 2s 423ms/step - loss: 10.9299 - accuracy: 0.1667 - val_loss: 7.7470 - val_accuracy: 0.2000 - lr: 1.1167e-09
Epoch 15/30
4/4 [==============================] - 2s 413ms/step - loss: 10.2913 - accuracy: 0.1833 - val_loss: 7.7463 - val_accuracy: 0.2000 - lr: 2.7536e-10
Epoch 16/30
4/4 [==============================] - 2s 667ms/step - loss: 9.8951 - accuracy: 0.1833 - val_loss: 7.7456 - val_accuracy: 0.2000 - lr: 6.1442e-11
Epoch 17/30
4/4 [==============================] - 2s 657ms/step - loss: 10.7924 - accuracy: 0.2167 - val_loss: 7.7450 - val_accuracy: 0.2000 - lr: 1.2405e-11
Epoch 18/30
4/4 [==============================] - 2s 634ms/step - loss: 10.1767 - accuracy: 0.2167 - val_loss: 7.7446 - val_accuracy: 0.2000 - lr: 2.2662e-12
Epoch 19/30
4/4 [==============================] - 2s 634ms/step - loss: 11.1611 - accuracy: 0.2000 - val_loss: 7.7445 - val_accuracy: 0.2000 - lr: 3.7460e-13
Epoch 20/30
4/4 [==============================] - 2s 624ms/step - loss: 10.1471 - accuracy: 0.1500 - val_loss: 7.7443 - val_accuracy: 0.2000 - lr: 5.6028e-14
Epoch 21/30
4/4 [==============================] - 2s 414ms/step - loss: 10.3086 - accuracy: 0.2500 - val_loss: 7.7446 - val_accuracy: 0.2000 - lr: 7.5826e-15
Epoch 22/30
4/4 [==============================] - 2s 442ms/step - loss: 11.8446 - accuracy: 0.0833 - val_loss: 7.7451 - val_accuracy: 0.2000 - lr: 9.2853e-16
Epoch 23/30
4/4 [==============================] - 2s 460ms/step - loss: 10.2819 - accuracy: 0.2333 - val_loss: 7.7457 - val_accuracy: 0.2000 - lr: 1.0288e-16
Epoch 24/30
4/4 [==============================] - 2s 401ms/step - loss: 10.6091 - accuracy: 0.1333 - val_loss: 7.7465 - val_accuracy: 0.2000 - lr: 1.0315e-17
Epoch 25/30
4/4 [==============================] - 2s 450ms/step - loss: 10.5371 - accuracy: 0.1667 - val_loss: 7.7471 - val_accuracy: 0.2000 - lr: 9.3576e-19
Epoch 26/30
4/4 [==============================] - 2s 418ms/step - loss: 10.4811 - accuracy: 0.2667 - val_loss: 7.7480 - val_accuracy: 0.2000 - lr: 7.6812e-20
Epoch 27/30
4/4 [==============================] - 2s 419ms/step - loss: 10.2864 - accuracy: 0.2500 - val_loss: 7.7489 - val_accuracy: 0.2000 - lr: 5.7051e-21
Epoch 28/30
4/4 [==============================] - 2s 485ms/step - loss: 10.8137 - accuracy: 0.2500 - val_loss: 7.7499 - val_accuracy: 0.2000 - lr: 3.8341e-22
1/1 [==============================] - 0s 124ms/step - loss: 7.9522 - accuracy: 0.0000e+00
Found 60 images belonging to 6 classes.
Found 5 images belonging to 6 classes.
Found 7 images belonging to 6 classes.
Epoch 1/25
4/4 [==============================] - ETA: 0s - loss: 11.7530 - accuracy: 0.1333C:\Users\tom.zbc\PycharmProjects\fungis_bacterias_project\.venv\lib\site-packages\keras\src\engine\training.py:3000: UserWarning: You are saving your model as an HDF5 file via `model.save()`. This file format is considered legacy. We recommend using instead the native Keras format, e.g. `model.save('my_model.keras')`.
  saving_api.save_model(
4/4 [==============================] - 3s 692ms/step - loss: 11.7530 - accuracy: 0.1333 - val_loss: 7.8098 - val_accuracy: 0.2000 - lr: 1.0000e-05
Epoch 2/25
4/4 [==============================] - 2s 404ms/step - loss: 11.1466 - accuracy: 0.2333 - val_loss: 7.8156 - val_accuracy: 0.2000 - lr: 9.0484e-06
Epoch 3/25
4/4 [==============================] - 2s 456ms/step - loss: 11.5116 - accuracy: 0.1833 - val_loss: 7.8243 - val_accuracy: 0.0000e+00 - lr: 7.4082e-06
Epoch 4/25
4/4 [==============================] - 2s 429ms/step - loss: 10.0231 - accuracy: 0.3333 - val_loss: 7.8326 - val_accuracy: 0.0000e+00 - lr: 5.4881e-06
Epoch 5/25
4/4 [==============================] - 2s 469ms/step - loss: 11.2958 - accuracy: 0.1667 - val_loss: 7.8370 - val_accuracy: 0.0000e+00 - lr: 3.6788e-06
Epoch 6/25
4/4 [==============================] - 2s 440ms/step - loss: 10.9431 - accuracy: 0.2833 - val_loss: 7.8416 - val_accuracy: 0.0000e+00 - lr: 2.2313e-06
Epoch 7/25
4/4 [==============================] - 2s 456ms/step - loss: 10.9542 - accuracy: 0.1500 - val_loss: 7.8471 - val_accuracy: 0.0000e+00 - lr: 1.0000e-06
Epoch 8/25
4/4 [==============================] - 2s 422ms/step - loss: 10.7986 - accuracy: 0.2333 - val_loss: 7.8531 - val_accuracy: 0.0000e+00 - lr: 4.9659e-07
Epoch 9/25
4/4 [==============================] - 2s 429ms/step - loss: 10.6215 - accuracy: 0.1833 - val_loss: 7.8597 - val_accuracy: 0.0000e+00 - lr: 2.2313e-07
1/1 [==============================] - 0s 124ms/step - loss: 7.7761 - accuracy: 0.2857
Found 60 images belonging to 6 classes.
Found 5 images belonging to 6 classes.
Found 7 images belonging to 6 classes.
Epoch 1/30
4/4 [==============================] - ETA: 0s - loss: 12.0626 - accuracy: 0.1667C:\Users\tom.zbc\PycharmProjects\fungis_bacterias_project\.venv\lib\site-packages\keras\src\engine\training.py:3000: UserWarning: You are saving your model as an HDF5 file via `model.save()`. This file format is considered legacy. We recommend using instead the native Keras format, e.g. `model.save('my_model.keras')`.
  saving_api.save_model(
4/4 [==============================] - 3s 671ms/step - loss: 12.0626 - accuracy: 0.1667 - val_loss: 7.7855 - val_accuracy: 0.2000 - lr: 1.0000e-05
Epoch 2/30
4/4 [==============================] - 2s 611ms/step - loss: 11.7211 - accuracy: 0.2333 - val_loss: 7.7840 - val_accuracy: 0.4000 - lr: 9.0484e-06
Epoch 3/30
4/4 [==============================] - 2s 608ms/step - loss: 11.3915 - accuracy: 0.1667 - val_loss: 7.7807 - val_accuracy: 0.6000 - lr: 7.4082e-06
Epoch 4/30
4/4 [==============================] - 2s 453ms/step - loss: 11.6634 - accuracy: 0.2167 - val_loss: 7.7843 - val_accuracy: 0.4000 - lr: 5.4881e-06
Epoch 5/30
4/4 [==============================] - 2s 433ms/step - loss: 10.2207 - accuracy: 0.2500 - val_loss: 7.7868 - val_accuracy: 0.4000 - lr: 3.6788e-06
Epoch 6/30
4/4 [==============================] - 2s 420ms/step - loss: 10.1593 - accuracy: 0.2667 - val_loss: 7.7881 - val_accuracy: 0.2000 - lr: 2.2313e-06
Epoch 7/30
4/4 [==============================] - 2s 445ms/step - loss: 11.1031 - accuracy: 0.2000 - val_loss: 7.7885 - val_accuracy: 0.2000 - lr: 1.2246e-06
Epoch 8/30
4/4 [==============================] - 2s 456ms/step - loss: 9.3174 - accuracy: 0.4500 - val_loss: 7.7880 - val_accuracy: 0.2000 - lr: 6.0810e-07
Epoch 9/30
4/4 [==============================] - 2s 423ms/step - loss: 10.2604 - accuracy: 0.2500 - val_loss: 7.7868 - val_accuracy: 0.2000 - lr: 2.7324e-07
Epoch 10/30
4/4 [==============================] - 2s 419ms/step - loss: 10.6405 - accuracy: 0.2167 - val_loss: 7.7853 - val_accuracy: 0.2000 - lr: 1.1109e-07
Epoch 11/30
4/4 [==============================] - 2s 442ms/step - loss: 10.6460 - accuracy: 0.2667 - val_loss: 7.7836 - val_accuracy: 0.2000 - lr: 4.0868e-08
1/1 [==============================] - 0s 121ms/step - loss: 7.7615 - accuracy: 0.2857
Found 60 images belonging to 6 classes.
Found 5 images belonging to 6 classes.
Found 7 images belonging to 6 classes.
Epoch 1/25
4/4 [==============================] - ETA: 0s - loss: 12.4253 - accuracy: 0.1000C:\Users\tom.zbc\PycharmProjects\fungis_bacterias_project\.venv\lib\site-packages\keras\src\engine\training.py:3000: UserWarning: You are saving your model as an HDF5 file via `model.save()`. This file format is considered legacy. We recommend using instead the native Keras format, e.g. `model.save('my_model.keras')`.
  saving_api.save_model(
4/4 [==============================] - 3s 674ms/step - loss: 12.4253 - accuracy: 0.1000 - val_loss: 7.7752 - val_accuracy: 0.2000 - lr: 1.0000e-05
Epoch 2/25
4/4 [==============================] - 2s 619ms/step - loss: 10.9333 - accuracy: 0.2667 - val_loss: 7.7515 - val_accuracy: 0.2000 - lr: 9.0484e-06
Epoch 3/25
4/4 [==============================] - 2s 646ms/step - loss: 10.6955 - accuracy: 0.1833 - val_loss: 7.7386 - val_accuracy: 0.2000 - lr: 7.4082e-06
Epoch 4/25
4/4 [==============================] - 2s 430ms/step - loss: 11.7403 - accuracy: 0.2500 - val_loss: 7.7410 - val_accuracy: 0.2000 - lr: 5.4881e-06
Epoch 5/25
4/4 [==============================] - 2s 463ms/step - loss: 10.6647 - accuracy: 0.2833 - val_loss: 7.7479 - val_accuracy: 0.2000 - lr: 3.6788e-06
Epoch 6/25
4/4 [==============================] - 2s 433ms/step - loss: 10.2631 - accuracy: 0.2167 - val_loss: 7.7518 - val_accuracy: 0.2000 - lr: 2.2313e-06
Epoch 7/25
4/4 [==============================] - 2s 431ms/step - loss: 11.3344 - accuracy: 0.2333 - val_loss: 7.7531 - val_accuracy: 0.2000 - lr: 1.2246e-06
Epoch 8/25
4/4 [==============================] - 2s 432ms/step - loss: 11.8133 - accuracy: 0.1167 - val_loss: 7.7531 - val_accuracy: 0.2000 - lr: 6.0810e-07
Epoch 9/25
4/4 [==============================] - 2s 414ms/step - loss: 10.7435 - accuracy: 0.1833 - val_loss: 7.7517 - val_accuracy: 0.2000 - lr: 2.7324e-07
Epoch 10/25
4/4 [==============================] - 2s 468ms/step - loss: 10.3620 - accuracy: 0.2333 - val_loss: 7.7516 - val_accuracy: 0.2000 - lr: 1.1109e-07
Epoch 11/25
4/4 [==============================] - 2s 440ms/step - loss: 11.0891 - accuracy: 0.1333 - val_loss: 7.7521 - val_accuracy: 0.2000 - lr: 4.0868e-08
1/1 [==============================] - 0s 120ms/step - loss: 7.7709 - accuracy: 0.2857
Found 60 images belonging to 6 classes.
Found 5 images belonging to 6 classes.
Found 7 images belonging to 6 classes.
Epoch 1/30
4/4 [==============================] - ETA: 0s - loss: 12.6472 - accuracy: 0.2000C:\Users\tom.zbc\PycharmProjects\fungis_bacterias_project\.venv\lib\site-packages\keras\src\engine\training.py:3000: UserWarning: You are saving your model as an HDF5 file via `model.save()`. This file format is considered legacy. We recommend using instead the native Keras format, e.g. `model.save('my_model.keras')`.
  saving_api.save_model(
4/4 [==============================] - 3s 667ms/step - loss: 12.6472 - accuracy: 0.2000 - val_loss: 7.8067 - val_accuracy: 0.2000 - lr: 1.0000e-05
Epoch 2/30
4/4 [==============================] - 2s 660ms/step - loss: 11.8040 - accuracy: 0.1000 - val_loss: 7.8029 - val_accuracy: 0.0000e+00 - lr: 9.0484e-06
Epoch 3/30
4/4 [==============================] - 2s 420ms/step - loss: 10.8757 - accuracy: 0.1333 - val_loss: 7.8046 - val_accuracy: 0.2000 - lr: 7.4082e-06
Epoch 4/30
4/4 [==============================] - 2s 454ms/step - loss: 10.6805 - accuracy: 0.2333 - val_loss: 7.8094 - val_accuracy: 0.2000 - lr: 5.4881e-06
Epoch 5/30
4/4 [==============================] - 2s 419ms/step - loss: 12.2924 - accuracy: 0.1500 - val_loss: 7.8097 - val_accuracy: 0.2000 - lr: 3.6788e-06
Epoch 6/30
4/4 [==============================] - 2s 463ms/step - loss: 11.0508 - accuracy: 0.1667 - val_loss: 7.8094 - val_accuracy: 0.2000 - lr: 2.2313e-06
Epoch 7/30
4/4 [==============================] - 2s 433ms/step - loss: 10.8408 - accuracy: 0.2000 - val_loss: 7.8086 - val_accuracy: 0.2000 - lr: 1.2246e-06
Epoch 8/30
4/4 [==============================] - 2s 428ms/step - loss: 11.2516 - accuracy: 0.3000 - val_loss: 7.8072 - val_accuracy: 0.2000 - lr: 6.0810e-07
Epoch 9/30
4/4 [==============================] - 2s 429ms/step - loss: 11.0691 - accuracy: 0.2167 - val_loss: 7.8073 - val_accuracy: 0.2000 - lr: 2.7324e-07
Epoch 10/30
4/4 [==============================] - 2s 439ms/step - loss: 11.5672 - accuracy: 0.1000 - val_loss: 7.8083 - val_accuracy: 0.2000 - lr: 1.1109e-07
1/1 [==============================] - 0s 107ms/step - loss: 7.7693 - accuracy: 0.1429

Process finished with exit code 0
