C:\Users\tom.zbc\PycharmProjects\fungis_bacterias_project\.venv\Scripts\python.exe C:\Users\tom.zbc\PycharmProjects\fungis_bacterias_project\3_model_training_and_evaluation_FNN_6_42pr.py
Class 'Aero' meets the sample requirement.
Class 'Bacillus' meets the sample requirement.
Class 'Bor' meets the sample requirement.
Class 'E' meets the sample requirement.
Class 'Morganella' meets the sample requirement.
Class 'stapholococcus' meets the sample requirement.
Data check passed for directory: 'C:/Users/tom.zbc/PycharmProjects/fungis_bacterias_project/data/train'
Class 'Aero' meets the sample requirement.
Warning: Class 'Bacillus' has only 0 samples, expected at least 2.
Warning: Class 'Bor' has only 1 samples, expected at least 2.
Warning: Class 'E' has only 0 samples, expected at least 2.
Warning: Class 'Morganella' has only 1 samples, expected at least 2.
Warning: Class 'stapholococcus' has only 1 samples, expected at least 2.
Data check passed for directory: 'C:/Users/tom.zbc/PycharmProjects/fungis_bacterias_project/data/validation'
Class 'Aero' meets the sample requirement.
Warning: Class 'Bacillus' has only 1 samples, expected at least 2.
Warning: Class 'Bor' has only 0 samples, expected at least 2.
Warning: Class 'E' has only 0 samples, expected at least 2.
Warning: Class 'Morganella' has only 1 samples, expected at least 2.
Class 'stapholococcus' meets the sample requirement.
Data check passed for directory: 'C:/Users/tom.zbc/PycharmProjects/fungis_bacterias_project/data/test'
Found 60 images belonging to 6 classes.
Found 5 images belonging to 6 classes.
Found 7 images belonging to 6 classes.
2024-09-27 18:01:52.542065: I tensorflow/core/platform/cpu_feature_guard.cc:182] This TensorFlow binary is optimized to use available CPU instructions in performance-critical operations.
To enable the following instructions: SSE SSE2 SSE3 SSE4.1 SSE4.2 AVX AVX2 AVX_VNNI FMA, in other operations, rebuild TensorFlow with the appropriate compiler flags.
Epoch 1/15
4/4 [==============================] - ETA: 0s - loss: 7.2892 - accuracy: 0.1667C:\Users\tom.zbc\PycharmProjects\fungis_bacterias_project\.venv\lib\site-packages\keras\src\engine\training.py:3000: UserWarning: You are saving your model as an HDF5 file via `model.save()`. This file format is considered legacy. We recommend using instead the native Keras format, e.g. `model.save('my_model.keras')`.
  saving_api.save_model(
4/4 [==============================] - 3s 559ms/step - loss: 7.2892 - accuracy: 0.1667 - val_loss: 7.0755 - val_accuracy: 0.2000 - lr: 5.0000e-05
Epoch 2/15
4/4 [==============================] - 2s 501ms/step - loss: 7.0517 - accuracy: 0.1333 - val_loss: 6.8541 - val_accuracy: 0.2000 - lr: 5.0000e-05
Epoch 3/15
4/4 [==============================] - 2s 479ms/step - loss: 6.8653 - accuracy: 0.1500 - val_loss: 6.6637 - val_accuracy: 0.2000 - lr: 5.0000e-05
Epoch 4/15
4/4 [==============================] - 2s 442ms/step - loss: 6.6800 - accuracy: 0.1833 - val_loss: 6.4754 - val_accuracy: 0.2000 - lr: 5.0000e-05
Epoch 5/15
4/4 [==============================] - 2s 463ms/step - loss: 6.5071 - accuracy: 0.1167 - val_loss: 6.2982 - val_accuracy: 0.4000 - lr: 5.0000e-05
Epoch 6/15
4/4 [==============================] - 2s 452ms/step - loss: 6.3578 - accuracy: 0.1333 - val_loss: 6.1453 - val_accuracy: 0.2000 - lr: 5.0000e-05
Epoch 7/15
4/4 [==============================] - 2s 469ms/step - loss: 6.1878 - accuracy: 0.1667 - val_loss: 6.0025 - val_accuracy: 0.4000 - lr: 5.0000e-05
Epoch 8/15
4/4 [==============================] - 2s 430ms/step - loss: 6.0556 - accuracy: 0.1167 - val_loss: 5.8719 - val_accuracy: 0.2000 - lr: 5.0000e-05
Epoch 9/15
4/4 [==============================] - 2s 481ms/step - loss: 5.8918 - accuracy: 0.2000 - val_loss: 5.7572 - val_accuracy: 0.2000 - lr: 5.0000e-05
Epoch 10/15
4/4 [==============================] - 2s 460ms/step - loss: 5.7672 - accuracy: 0.2000 - val_loss: 5.6416 - val_accuracy: 0.2000 - lr: 5.0000e-05
Epoch 11/15
4/4 [==============================] - 2s 479ms/step - loss: 5.6197 - accuracy: 0.2167 - val_loss: 5.5254 - val_accuracy: 0.2000 - lr: 5.0000e-05
Epoch 12/15
4/4 [==============================] - 2s 516ms/step - loss: 5.4862 - accuracy: 0.2500 - val_loss: 5.4045 - val_accuracy: 0.2000 - lr: 5.0000e-05
Epoch 13/15
4/4 [==============================] - 2s 515ms/step - loss: 5.3736 - accuracy: 0.2333 - val_loss: 5.2836 - val_accuracy: 0.2000 - lr: 5.0000e-05
Epoch 14/15
4/4 [==============================] - 2s 496ms/step - loss: 5.2601 - accuracy: 0.1833 - val_loss: 5.1542 - val_accuracy: 0.2000 - lr: 5.0000e-05
Epoch 15/15
4/4 [==============================] - 2s 450ms/step - loss: 5.1549 - accuracy: 0.1833 - val_loss: 5.0144 - val_accuracy: 0.2000 - lr: 5.0000e-05
1/1 [==============================] - 0s 119ms/step - loss: 4.9809 - accuracy: 0.2857
Found 60 images belonging to 6 classes.
Found 5 images belonging to 6 classes.
Found 7 images belonging to 6 classes.
Epoch 1/20
4/4 [==============================] - ETA: 0s - loss: 7.2943 - accuracy: 0.1500C:\Users\tom.zbc\PycharmProjects\fungis_bacterias_project\.venv\lib\site-packages\keras\src\engine\training.py:3000: UserWarning: You are saving your model as an HDF5 file via `model.save()`. This file format is considered legacy. We recommend using instead the native Keras format, e.g. `model.save('my_model.keras')`.
  saving_api.save_model(
4/4 [==============================] - 3s 538ms/step - loss: 7.2943 - accuracy: 0.1500 - val_loss: 7.2283 - val_accuracy: 0.0000e+00 - lr: 5.0000e-05
Epoch 2/20
4/4 [==============================] - 2s 452ms/step - loss: 7.0680 - accuracy: 0.2167 - val_loss: 7.0497 - val_accuracy: 0.0000e+00 - lr: 5.0000e-05
Epoch 3/20
4/4 [==============================] - 2s 439ms/step - loss: 6.9370 - accuracy: 0.1500 - val_loss: 6.8778 - val_accuracy: 0.0000e+00 - lr: 5.0000e-05
Epoch 4/20
4/4 [==============================] - 2s 486ms/step - loss: 6.7898 - accuracy: 0.2333 - val_loss: 6.6764 - val_accuracy: 0.2000 - lr: 5.0000e-05
Epoch 5/20
4/4 [==============================] - 2s 442ms/step - loss: 6.6307 - accuracy: 0.1667 - val_loss: 6.4713 - val_accuracy: 0.0000e+00 - lr: 5.0000e-05
Epoch 6/20
4/4 [==============================] - 2s 426ms/step - loss: 6.4879 - accuracy: 0.2167 - val_loss: 6.3144 - val_accuracy: 0.2000 - lr: 5.0000e-05
Epoch 7/20
4/4 [==============================] - 2s 462ms/step - loss: 6.3346 - accuracy: 0.2333 - val_loss: 6.1617 - val_accuracy: 0.2000 - lr: 5.0000e-05
Epoch 8/20
4/4 [==============================] - 2s 491ms/step - loss: 6.2287 - accuracy: 0.1500 - val_loss: 6.0203 - val_accuracy: 0.2000 - lr: 5.0000e-05
Epoch 9/20
4/4 [==============================] - 2s 509ms/step - loss: 6.1340 - accuracy: 0.2000 - val_loss: 5.8890 - val_accuracy: 0.2000 - lr: 5.0000e-05
Epoch 10/20
4/4 [==============================] - 2s 431ms/step - loss: 5.9907 - accuracy: 0.2167 - val_loss: 5.7644 - val_accuracy: 0.2000 - lr: 5.0000e-05
Epoch 11/20
4/4 [==============================] - 2s 456ms/step - loss: 5.8519 - accuracy: 0.1667 - val_loss: 5.6437 - val_accuracy: 0.4000 - lr: 5.0000e-05
Epoch 12/20
4/4 [==============================] - 2s 525ms/step - loss: 5.7540 - accuracy: 0.1500 - val_loss: 5.5319 - val_accuracy: 0.4000 - lr: 5.0000e-05
Epoch 13/20
4/4 [==============================] - 2s 451ms/step - loss: 5.6475 - accuracy: 0.3000 - val_loss: 5.4371 - val_accuracy: 0.4000 - lr: 5.0000e-05
Epoch 14/20
4/4 [==============================] - 2s 414ms/step - loss: 5.5696 - accuracy: 0.2333 - val_loss: 5.3553 - val_accuracy: 0.6000 - lr: 5.0000e-05
Epoch 15/20
4/4 [==============================] - 2s 495ms/step - loss: 5.4268 - accuracy: 0.3167 - val_loss: 5.2658 - val_accuracy: 0.4000 - lr: 5.0000e-05
Epoch 16/20
4/4 [==============================] - 2s 432ms/step - loss: 5.3771 - accuracy: 0.2833 - val_loss: 5.2052 - val_accuracy: 0.4000 - lr: 5.0000e-05
Epoch 17/20
4/4 [==============================] - 2s 430ms/step - loss: 5.2895 - accuracy: 0.2167 - val_loss: 5.1306 - val_accuracy: 0.4000 - lr: 5.0000e-05
Epoch 18/20
4/4 [==============================] - 2s 513ms/step - loss: 5.1946 - accuracy: 0.2333 - val_loss: 5.0186 - val_accuracy: 0.4000 - lr: 5.0000e-05
Epoch 19/20
4/4 [==============================] - 2s 455ms/step - loss: 5.0656 - accuracy: 0.2667 - val_loss: 4.9168 - val_accuracy: 0.4000 - lr: 5.0000e-05
Epoch 20/20
4/4 [==============================] - 2s 435ms/step - loss: 4.9920 - accuracy: 0.2500 - val_loss: 4.8192 - val_accuracy: 0.6000 - lr: 5.0000e-05
1/1 [==============================] - 0s 115ms/step - loss: 4.9043 - accuracy: 0.2857
Found 60 images belonging to 6 classes.
Found 5 images belonging to 6 classes.
Found 7 images belonging to 6 classes.
Epoch 1/15
4/4 [==============================] - ETA: 0s - loss: 7.2830 - accuracy: 0.2000C:\Users\tom.zbc\PycharmProjects\fungis_bacterias_project\.venv\lib\site-packages\keras\src\engine\training.py:3000: UserWarning: You are saving your model as an HDF5 file via `model.save()`. This file format is considered legacy. We recommend using instead the native Keras format, e.g. `model.save('my_model.keras')`.
  saving_api.save_model(
4/4 [==============================] - 3s 597ms/step - loss: 7.2830 - accuracy: 0.2000 - val_loss: 7.1204 - val_accuracy: 0.2000 - lr: 5.0000e-05
Epoch 2/15
4/4 [==============================] - 2s 463ms/step - loss: 7.1127 - accuracy: 0.1500 - val_loss: 6.9579 - val_accuracy: 0.2000 - lr: 5.0000e-05
Epoch 3/15
4/4 [==============================] - 2s 443ms/step - loss: 6.9552 - accuracy: 0.1500 - val_loss: 6.8194 - val_accuracy: 0.4000 - lr: 5.0000e-05
Epoch 4/15
4/4 [==============================] - 2s 437ms/step - loss: 6.7690 - accuracy: 0.2833 - val_loss: 6.6531 - val_accuracy: 0.4000 - lr: 5.0000e-05
Epoch 5/15
4/4 [==============================] - 2s 455ms/step - loss: 6.7037 - accuracy: 0.1667 - val_loss: 6.4810 - val_accuracy: 0.4000 - lr: 5.0000e-05
Epoch 6/15
4/4 [==============================] - 2s 444ms/step - loss: 6.5517 - accuracy: 0.2167 - val_loss: 6.2924 - val_accuracy: 0.4000 - lr: 5.0000e-05
Epoch 7/15
4/4 [==============================] - 2s 456ms/step - loss: 6.4154 - accuracy: 0.2000 - val_loss: 6.1655 - val_accuracy: 0.4000 - lr: 5.0000e-05
Epoch 8/15
4/4 [==============================] - 2s 492ms/step - loss: 6.2574 - accuracy: 0.2167 - val_loss: 6.0387 - val_accuracy: 0.4000 - lr: 5.0000e-05
Epoch 9/15
4/4 [==============================] - 2s 517ms/step - loss: 6.1176 - accuracy: 0.3000 - val_loss: 5.9158 - val_accuracy: 0.4000 - lr: 5.0000e-05
Epoch 10/15
4/4 [==============================] - 2s 537ms/step - loss: 6.0594 - accuracy: 0.2000 - val_loss: 5.8185 - val_accuracy: 0.4000 - lr: 5.0000e-05
Epoch 11/15
4/4 [==============================] - 2s 521ms/step - loss: 6.0215 - accuracy: 0.2167 - val_loss: 5.7100 - val_accuracy: 0.4000 - lr: 5.0000e-05
Epoch 12/15
4/4 [==============================] - 2s 452ms/step - loss: 5.7810 - accuracy: 0.3000 - val_loss: 5.6141 - val_accuracy: 0.4000 - lr: 5.0000e-05
Epoch 13/15
4/4 [==============================] - 2s 500ms/step - loss: 5.8289 - accuracy: 0.1833 - val_loss: 5.5324 - val_accuracy: 0.4000 - lr: 5.0000e-05
Epoch 14/15
4/4 [==============================] - 2s 444ms/step - loss: 5.6956 - accuracy: 0.3000 - val_loss: 5.4244 - val_accuracy: 0.6000 - lr: 5.0000e-05
Epoch 15/15
4/4 [==============================] - 2s 432ms/step - loss: 5.5005 - accuracy: 0.3167 - val_loss: 5.3146 - val_accuracy: 0.6000 - lr: 5.0000e-05
1/1 [==============================] - 0s 114ms/step - loss: 5.4764 - accuracy: 0.1429
Found 60 images belonging to 6 classes.
Found 5 images belonging to 6 classes.
Found 7 images belonging to 6 classes.
Epoch 1/20
4/4 [==============================] - ETA: 0s - loss: 7.3279 - accuracy: 0.1667C:\Users\tom.zbc\PycharmProjects\fungis_bacterias_project\.venv\lib\site-packages\keras\src\engine\training.py:3000: UserWarning: You are saving your model as an HDF5 file via `model.save()`. This file format is considered legacy. We recommend using instead the native Keras format, e.g. `model.save('my_model.keras')`.
  saving_api.save_model(
4/4 [==============================] - 3s 533ms/step - loss: 7.3279 - accuracy: 0.1667 - val_loss: 7.2030 - val_accuracy: 0.0000e+00 - lr: 5.0000e-05
Epoch 2/20
4/4 [==============================] - 2s 486ms/step - loss: 7.1238 - accuracy: 0.2500 - val_loss: 7.0218 - val_accuracy: 0.2000 - lr: 5.0000e-05
Epoch 3/20
4/4 [==============================] - 2s 459ms/step - loss: 7.0166 - accuracy: 0.2667 - val_loss: 6.8710 - val_accuracy: 0.2000 - lr: 5.0000e-05
Epoch 4/20
4/4 [==============================] - 2s 416ms/step - loss: 6.9464 - accuracy: 0.1667 - val_loss: 6.7619 - val_accuracy: 0.0000e+00 - lr: 5.0000e-05
Epoch 5/20
4/4 [==============================] - 2s 442ms/step - loss: 6.8002 - accuracy: 0.1667 - val_loss: 6.6524 - val_accuracy: 0.2000 - lr: 5.0000e-05
Epoch 6/20
4/4 [==============================] - 2s 493ms/step - loss: 6.6466 - accuracy: 0.2167 - val_loss: 6.5626 - val_accuracy: 0.4000 - lr: 5.0000e-05
Epoch 7/20
4/4 [==============================] - 2s 476ms/step - loss: 6.5723 - accuracy: 0.1500 - val_loss: 6.4421 - val_accuracy: 0.4000 - lr: 5.0000e-05
Epoch 8/20
4/4 [==============================] - 2s 433ms/step - loss: 6.3996 - accuracy: 0.2333 - val_loss: 6.3249 - val_accuracy: 0.2000 - lr: 5.0000e-05
Epoch 9/20
4/4 [==============================] - 2s 493ms/step - loss: 6.2964 - accuracy: 0.2000 - val_loss: 6.1962 - val_accuracy: 0.2000 - lr: 5.0000e-05
Epoch 10/20
4/4 [==============================] - 2s 451ms/step - loss: 6.2582 - accuracy: 0.1833 - val_loss: 6.0803 - val_accuracy: 0.4000 - lr: 5.0000e-05
Epoch 11/20
4/4 [==============================] - 2s 455ms/step - loss: 6.0785 - accuracy: 0.2500 - val_loss: 5.9803 - val_accuracy: 0.4000 - lr: 5.0000e-05
Epoch 12/20
4/4 [==============================] - 2s 469ms/step - loss: 6.0137 - accuracy: 0.2167 - val_loss: 5.8995 - val_accuracy: 0.4000 - lr: 5.0000e-05
Epoch 13/20
4/4 [==============================] - 2s 492ms/step - loss: 5.9495 - accuracy: 0.1833 - val_loss: 5.7981 - val_accuracy: 0.4000 - lr: 5.0000e-05
Epoch 14/20
4/4 [==============================] - 2s 432ms/step - loss: 5.8649 - accuracy: 0.2000 - val_loss: 5.7226 - val_accuracy: 0.4000 - lr: 5.0000e-05
Epoch 15/20
4/4 [==============================] - 2s 484ms/step - loss: 5.7438 - accuracy: 0.2667 - val_loss: 5.6406 - val_accuracy: 0.2000 - lr: 5.0000e-05
Epoch 16/20
4/4 [==============================] - 2s 455ms/step - loss: 5.6977 - accuracy: 0.2500 - val_loss: 5.5696 - val_accuracy: 0.2000 - lr: 5.0000e-05
Epoch 17/20
4/4 [==============================] - 2s 470ms/step - loss: 5.5853 - accuracy: 0.2167 - val_loss: 5.4872 - val_accuracy: 0.2000 - lr: 5.0000e-05
Epoch 18/20
4/4 [==============================] - 2s 470ms/step - loss: 5.5068 - accuracy: 0.2833 - val_loss: 5.3840 - val_accuracy: 0.4000 - lr: 5.0000e-05
Epoch 19/20
4/4 [==============================] - 2s 448ms/step - loss: 5.4599 - accuracy: 0.2333 - val_loss: 5.3033 - val_accuracy: 0.4000 - lr: 5.0000e-05
Epoch 20/20
4/4 [==============================] - 2s 467ms/step - loss: 5.3604 - accuracy: 0.2833 - val_loss: 5.2492 - val_accuracy: 0.4000 - lr: 5.0000e-05
1/1 [==============================] - 0s 115ms/step - loss: 5.2795 - accuracy: 0.4286
Found 60 images belonging to 6 classes.
Found 5 images belonging to 6 classes.
Found 7 images belonging to 6 classes.
Epoch 1/15
4/4 [==============================] - ETA: 0s - loss: 7.3421 - accuracy: 0.1667C:\Users\tom.zbc\PycharmProjects\fungis_bacterias_project\.venv\lib\site-packages\keras\src\engine\training.py:3000: UserWarning: You are saving your model as an HDF5 file via `model.save()`. This file format is considered legacy. We recommend using instead the native Keras format, e.g. `model.save('my_model.keras')`.
  saving_api.save_model(
4/4 [==============================] - 3s 577ms/step - loss: 7.3421 - accuracy: 0.1667 - val_loss: 7.0863 - val_accuracy: 0.2000 - lr: 5.0000e-05
Epoch 2/15
4/4 [==============================] - 2s 467ms/step - loss: 7.1560 - accuracy: 0.1667 - val_loss: 7.0136 - val_accuracy: 0.2000 - lr: 5.0000e-05
Epoch 3/15
4/4 [==============================] - 2s 461ms/step - loss: 7.0230 - accuracy: 0.2000 - val_loss: 6.9616 - val_accuracy: 0.0000e+00 - lr: 5.0000e-05
Epoch 4/15
4/4 [==============================] - 2s 478ms/step - loss: 6.8095 - accuracy: 0.2667 - val_loss: 6.7746 - val_accuracy: 0.2000 - lr: 5.0000e-05
Epoch 5/15
4/4 [==============================] - 2s 499ms/step - loss: 6.7605 - accuracy: 0.1833 - val_loss: 6.6388 - val_accuracy: 0.0000e+00 - lr: 5.0000e-05
Epoch 6/15
4/4 [==============================] - 2s 428ms/step - loss: 6.6017 - accuracy: 0.1667 - val_loss: 6.5217 - val_accuracy: 0.0000e+00 - lr: 5.0000e-05
Epoch 7/15
4/4 [==============================] - 2s 486ms/step - loss: 6.3998 - accuracy: 0.1333 - val_loss: 6.4056 - val_accuracy: 0.2000 - lr: 5.0000e-05
Epoch 8/15
4/4 [==============================] - 2s 429ms/step - loss: 6.3308 - accuracy: 0.2000 - val_loss: 6.3055 - val_accuracy: 0.2000 - lr: 5.0000e-05
Epoch 9/15
4/4 [==============================] - 2s 471ms/step - loss: 6.2220 - accuracy: 0.2500 - val_loss: 6.1219 - val_accuracy: 0.4000 - lr: 5.0000e-05
Epoch 10/15
4/4 [==============================] - 2s 452ms/step - loss: 6.1225 - accuracy: 0.1667 - val_loss: 5.9814 - val_accuracy: 0.4000 - lr: 5.0000e-05
Epoch 11/15
4/4 [==============================] - 2s 509ms/step - loss: 6.0640 - accuracy: 0.2000 - val_loss: 5.8692 - val_accuracy: 0.4000 - lr: 5.0000e-05
Epoch 12/15
4/4 [==============================] - 2s 493ms/step - loss: 5.8799 - accuracy: 0.2667 - val_loss: 5.7475 - val_accuracy: 0.4000 - lr: 5.0000e-05
Epoch 13/15
4/4 [==============================] - 2s 450ms/step - loss: 5.8658 - accuracy: 0.2000 - val_loss: 5.6473 - val_accuracy: 0.4000 - lr: 5.0000e-05
Epoch 14/15
4/4 [==============================] - 2s 440ms/step - loss: 5.6967 - accuracy: 0.2500 - val_loss: 5.5812 - val_accuracy: 0.4000 - lr: 5.0000e-05
Epoch 15/15
4/4 [==============================] - 2s 469ms/step - loss: 5.6280 - accuracy: 0.3333 - val_loss: 5.5105 - val_accuracy: 0.4000 - lr: 5.0000e-05
1/1 [==============================] - 0s 120ms/step - loss: 5.5240 - accuracy: 0.2857
Found 60 images belonging to 6 classes.
Found 5 images belonging to 6 classes.
Found 7 images belonging to 6 classes.
Epoch 1/20
4/4 [==============================] - ETA: 0s - loss: 7.3004 - accuracy: 0.1833C:\Users\tom.zbc\PycharmProjects\fungis_bacterias_project\.venv\lib\site-packages\keras\src\engine\training.py:3000: UserWarning: You are saving your model as an HDF5 file via `model.save()`. This file format is considered legacy. We recommend using instead the native Keras format, e.g. `model.save('my_model.keras')`.
  saving_api.save_model(
4/4 [==============================] - 2s 485ms/step - loss: 7.3004 - accuracy: 0.1833 - val_loss: 7.1501 - val_accuracy: 0.0000e+00 - lr: 5.0000e-05
Epoch 2/20
4/4 [==============================] - 2s 450ms/step - loss: 7.0961 - accuracy: 0.2167 - val_loss: 6.9198 - val_accuracy: 0.4000 - lr: 5.0000e-05
Epoch 3/20
4/4 [==============================] - 2s 453ms/step - loss: 6.9411 - accuracy: 0.1167 - val_loss: 6.7424 - val_accuracy: 0.2000 - lr: 5.0000e-05
Epoch 4/20
4/4 [==============================] - 2s 487ms/step - loss: 6.7386 - accuracy: 0.1667 - val_loss: 6.6070 - val_accuracy: 0.2000 - lr: 5.0000e-05
Epoch 5/20
4/4 [==============================] - 2s 478ms/step - loss: 6.6283 - accuracy: 0.1667 - val_loss: 6.4711 - val_accuracy: 0.0000e+00 - lr: 5.0000e-05
Epoch 6/20
4/4 [==============================] - 2s 445ms/step - loss: 6.4517 - accuracy: 0.0833 - val_loss: 6.3098 - val_accuracy: 0.0000e+00 - lr: 5.0000e-05
Epoch 7/20
4/4 [==============================] - 2s 447ms/step - loss: 6.3544 - accuracy: 0.1333 - val_loss: 6.1496 - val_accuracy: 0.0000e+00 - lr: 5.0000e-05
Epoch 8/20
4/4 [==============================] - 2s 492ms/step - loss: 6.1940 - accuracy: 0.1667 - val_loss: 6.0228 - val_accuracy: 0.2000 - lr: 5.0000e-05
Epoch 9/20
4/4 [==============================] - 2s 436ms/step - loss: 6.0055 - accuracy: 0.2667 - val_loss: 5.8686 - val_accuracy: 0.2000 - lr: 5.0000e-05
Epoch 10/20
4/4 [==============================] - 2s 478ms/step - loss: 5.9414 - accuracy: 0.1333 - val_loss: 5.7481 - val_accuracy: 0.4000 - lr: 5.0000e-05
Epoch 11/20
4/4 [==============================] - 2s 458ms/step - loss: 5.7742 - accuracy: 0.2500 - val_loss: 5.6380 - val_accuracy: 0.4000 - lr: 5.0000e-05
Epoch 12/20
4/4 [==============================] - 2s 537ms/step - loss: 5.6975 - accuracy: 0.2333 - val_loss: 5.5310 - val_accuracy: 0.6000 - lr: 5.0000e-05
Epoch 13/20
4/4 [==============================] - 2s 455ms/step - loss: 5.5981 - accuracy: 0.1833 - val_loss: 5.3980 - val_accuracy: 0.6000 - lr: 5.0000e-05
Epoch 14/20
4/4 [==============================] - 2s 424ms/step - loss: 5.4727 - accuracy: 0.2833 - val_loss: 5.2766 - val_accuracy: 0.6000 - lr: 5.0000e-05
Epoch 15/20
4/4 [==============================] - 2s 427ms/step - loss: 5.3763 - accuracy: 0.1833 - val_loss: 5.1694 - val_accuracy: 0.6000 - lr: 5.0000e-05
Epoch 16/20
4/4 [==============================] - 2s 433ms/step - loss: 5.2845 - accuracy: 0.2167 - val_loss: 5.0829 - val_accuracy: 0.6000 - lr: 5.0000e-05
Epoch 17/20
4/4 [==============================] - 2s 468ms/step - loss: 5.2300 - accuracy: 0.2167 - val_loss: 5.0248 - val_accuracy: 0.4000 - lr: 5.0000e-05
Epoch 18/20
4/4 [==============================] - 2s 485ms/step - loss: 5.0891 - accuracy: 0.3333 - val_loss: 4.9365 - val_accuracy: 0.4000 - lr: 5.0000e-05
Epoch 19/20
4/4 [==============================] - 2s 484ms/step - loss: 5.0201 - accuracy: 0.1833 - val_loss: 4.8576 - val_accuracy: 0.4000 - lr: 5.0000e-05
Epoch 20/20
4/4 [==============================] - 2s 460ms/step - loss: 4.9924 - accuracy: 0.2500 - val_loss: 4.7755 - val_accuracy: 0.4000 - lr: 5.0000e-05
1/1 [==============================] - 0s 113ms/step - loss: 4.8621 - accuracy: 0.1429
Found 60 images belonging to 6 classes.
Found 5 images belonging to 6 classes.
Found 7 images belonging to 6 classes.
Epoch 1/15
4/4 [==============================] - ETA: 0s - loss: 7.3207 - accuracy: 0.1333C:\Users\tom.zbc\PycharmProjects\fungis_bacterias_project\.venv\lib\site-packages\keras\src\engine\training.py:3000: UserWarning: You are saving your model as an HDF5 file via `model.save()`. This file format is considered legacy. We recommend using instead the native Keras format, e.g. `model.save('my_model.keras')`.
  saving_api.save_model(
4/4 [==============================] - 3s 560ms/step - loss: 7.3207 - accuracy: 0.1333 - val_loss: 7.0749 - val_accuracy: 0.2000 - lr: 5.0000e-05
Epoch 2/15
4/4 [==============================] - 2s 446ms/step - loss: 7.0162 - accuracy: 0.3167 - val_loss: 6.8777 - val_accuracy: 0.2000 - lr: 5.0000e-05
Epoch 3/15
4/4 [==============================] - 2s 456ms/step - loss: 6.8964 - accuracy: 0.2000 - val_loss: 6.7521 - val_accuracy: 0.2000 - lr: 5.0000e-05
Epoch 4/15
4/4 [==============================] - 2s 421ms/step - loss: 6.7814 - accuracy: 0.2167 - val_loss: 6.6040 - val_accuracy: 0.2000 - lr: 5.0000e-05
Epoch 5/15
4/4 [==============================] - 2s 479ms/step - loss: 6.7158 - accuracy: 0.2000 - val_loss: 6.4871 - val_accuracy: 0.4000 - lr: 5.0000e-05
Epoch 6/15
4/4 [==============================] - 2s 429ms/step - loss: 6.4921 - accuracy: 0.2333 - val_loss: 6.3443 - val_accuracy: 0.4000 - lr: 5.0000e-05
Epoch 7/15
4/4 [==============================] - 2s 519ms/step - loss: 6.3727 - accuracy: 0.2167 - val_loss: 6.2282 - val_accuracy: 0.2000 - lr: 5.0000e-05
Epoch 8/15
4/4 [==============================] - 2s 468ms/step - loss: 6.2811 - accuracy: 0.2500 - val_loss: 6.0553 - val_accuracy: 0.2000 - lr: 5.0000e-05
Epoch 9/15
4/4 [==============================] - 2s 498ms/step - loss: 6.2434 - accuracy: 0.0833 - val_loss: 5.9159 - val_accuracy: 0.4000 - lr: 5.0000e-05
Epoch 10/15
4/4 [==============================] - 2s 524ms/step - loss: 6.0393 - accuracy: 0.1833 - val_loss: 5.8050 - val_accuracy: 0.4000 - lr: 5.0000e-05
Epoch 11/15
4/4 [==============================] - 2s 468ms/step - loss: 5.9086 - accuracy: 0.2500 - val_loss: 5.7357 - val_accuracy: 0.4000 - lr: 5.0000e-05
Epoch 12/15
4/4 [==============================] - 2s 494ms/step - loss: 5.7803 - accuracy: 0.2333 - val_loss: 5.6848 - val_accuracy: 0.2000 - lr: 5.0000e-05
Epoch 13/15
4/4 [==============================] - 2s 441ms/step - loss: 5.7414 - accuracy: 0.2500 - val_loss: 5.6047 - val_accuracy: 0.2000 - lr: 5.0000e-05
Epoch 14/15
4/4 [==============================] - 2s 419ms/step - loss: 5.6669 - accuracy: 0.2500 - val_loss: 5.5470 - val_accuracy: 0.2000 - lr: 5.0000e-05
Epoch 15/15
4/4 [==============================] - 2s 457ms/step - loss: 5.5058 - accuracy: 0.3167 - val_loss: 5.4841 - val_accuracy: 0.2000 - lr: 5.0000e-05
1/1 [==============================] - 0s 119ms/step - loss: 5.5649 - accuracy: 0.0000e+00
Found 60 images belonging to 6 classes.
Found 5 images belonging to 6 classes.
Found 7 images belonging to 6 classes.
Epoch 1/20
4/4 [==============================] - ETA: 0s - loss: 7.2967 - accuracy: 0.1667C:\Users\tom.zbc\PycharmProjects\fungis_bacterias_project\.venv\lib\site-packages\keras\src\engine\training.py:3000: UserWarning: You are saving your model as an HDF5 file via `model.save()`. This file format is considered legacy. We recommend using instead the native Keras format, e.g. `model.save('my_model.keras')`.
  saving_api.save_model(
4/4 [==============================] - 3s 519ms/step - loss: 7.2967 - accuracy: 0.1667 - val_loss: 7.0628 - val_accuracy: 0.2000 - lr: 5.0000e-05
Epoch 2/20
4/4 [==============================] - 2s 481ms/step - loss: 7.0605 - accuracy: 0.2167 - val_loss: 6.8675 - val_accuracy: 0.2000 - lr: 5.0000e-05
Epoch 3/20
4/4 [==============================] - 2s 450ms/step - loss: 6.8473 - accuracy: 0.2000 - val_loss: 6.6588 - val_accuracy: 0.0000e+00 - lr: 5.0000e-05
Epoch 4/20
4/4 [==============================] - 2s 472ms/step - loss: 6.6288 - accuracy: 0.2667 - val_loss: 6.4814 - val_accuracy: 0.2000 - lr: 5.0000e-05
Epoch 5/20
4/4 [==============================] - 2s 493ms/step - loss: 6.4762 - accuracy: 0.2167 - val_loss: 6.3194 - val_accuracy: 0.2000 - lr: 5.0000e-05
Epoch 6/20
4/4 [==============================] - 2s 444ms/step - loss: 6.3195 - accuracy: 0.1833 - val_loss: 6.1513 - val_accuracy: 0.2000 - lr: 5.0000e-05
Epoch 7/20
4/4 [==============================] - 2s 479ms/step - loss: 6.1706 - accuracy: 0.1833 - val_loss: 6.0189 - val_accuracy: 0.2000 - lr: 5.0000e-05
Epoch 8/20
4/4 [==============================] - 2s 486ms/step - loss: 5.9950 - accuracy: 0.1667 - val_loss: 5.8685 - val_accuracy: 0.2000 - lr: 5.0000e-05
Epoch 9/20
4/4 [==============================] - 2s 435ms/step - loss: 5.9078 - accuracy: 0.1833 - val_loss: 5.7213 - val_accuracy: 0.2000 - lr: 5.0000e-05
Epoch 10/20
4/4 [==============================] - 2s 468ms/step - loss: 5.7376 - accuracy: 0.2167 - val_loss: 5.5906 - val_accuracy: 0.2000 - lr: 5.0000e-05
Epoch 11/20
4/4 [==============================] - 2s 468ms/step - loss: 5.6160 - accuracy: 0.1500 - val_loss: 5.4731 - val_accuracy: 0.2000 - lr: 5.0000e-05
Epoch 12/20
4/4 [==============================] - 2s 460ms/step - loss: 5.4953 - accuracy: 0.2167 - val_loss: 5.3626 - val_accuracy: 0.0000e+00 - lr: 5.0000e-05
Epoch 13/20
4/4 [==============================] - 2s 460ms/step - loss: 5.3789 - accuracy: 0.1167 - val_loss: 5.2542 - val_accuracy: 0.0000e+00 - lr: 5.0000e-05
Epoch 14/20
4/4 [==============================] - 2s 497ms/step - loss: 5.2824 - accuracy: 0.1000 - val_loss: 5.1400 - val_accuracy: 0.0000e+00 - lr: 5.0000e-05
Epoch 15/20
4/4 [==============================] - 2s 452ms/step - loss: 5.1382 - accuracy: 0.3167 - val_loss: 5.0538 - val_accuracy: 0.2000 - lr: 5.0000e-05
Epoch 16/20
4/4 [==============================] - 2s 463ms/step - loss: 5.0145 - accuracy: 0.2500 - val_loss: 4.9570 - val_accuracy: 0.2000 - lr: 5.0000e-05
Epoch 17/20
4/4 [==============================] - 2s 461ms/step - loss: 4.9327 - accuracy: 0.3167 - val_loss: 4.8412 - val_accuracy: 0.2000 - lr: 5.0000e-05
Epoch 18/20
4/4 [==============================] - 2s 455ms/step - loss: 4.8560 - accuracy: 0.3000 - val_loss: 4.7319 - val_accuracy: 0.0000e+00 - lr: 5.0000e-05
Epoch 19/20
4/4 [==============================] - 2s 463ms/step - loss: 4.8328 - accuracy: 0.1167 - val_loss: 4.6328 - val_accuracy: 0.0000e+00 - lr: 5.0000e-05
Epoch 20/20
4/4 [==============================] - 2s 444ms/step - loss: 4.6971 - accuracy: 0.2833 - val_loss: 4.5511 - val_accuracy: 0.0000e+00 - lr: 5.0000e-05
1/1 [==============================] - 0s 122ms/step - loss: 4.6491 - accuracy: 0.0000e+00
Found 60 images belonging to 6 classes.
Found 5 images belonging to 6 classes.
Found 7 images belonging to 6 classes.
Epoch 1/15
4/4 [==============================] - ETA: 0s - loss: 7.7179 - accuracy: 0.0833C:\Users\tom.zbc\PycharmProjects\fungis_bacterias_project\.venv\lib\site-packages\keras\src\engine\training.py:3000: UserWarning: You are saving your model as an HDF5 file via `model.save()`. This file format is considered legacy. We recommend using instead the native Keras format, e.g. `model.save('my_model.keras')`.
  saving_api.save_model(
4/4 [==============================] - 3s 823ms/step - loss: 7.7179 - accuracy: 0.0833 - val_loss: 7.4929 - val_accuracy: 0.2000 - lr: 5.0000e-05
Epoch 2/15
4/4 [==============================] - 3s 766ms/step - loss: 7.3998 - accuracy: 0.2500 - val_loss: 7.2377 - val_accuracy: 0.2000 - lr: 5.0000e-05
Epoch 3/15
4/4 [==============================] - 3s 722ms/step - loss: 7.0966 - accuracy: 0.2167 - val_loss: 6.9601 - val_accuracy: 0.2000 - lr: 5.0000e-05
Epoch 4/15
4/4 [==============================] - 3s 781ms/step - loss: 6.9065 - accuracy: 0.1500 - val_loss: 6.6600 - val_accuracy: 0.2000 - lr: 5.0000e-05
Epoch 5/15
4/4 [==============================] - 3s 814ms/step - loss: 6.6535 - accuracy: 0.2167 - val_loss: 6.4058 - val_accuracy: 0.0000e+00 - lr: 5.0000e-05
Epoch 6/15
4/4 [==============================] - 3s 695ms/step - loss: 6.4562 - accuracy: 0.1667 - val_loss: 6.1658 - val_accuracy: 0.0000e+00 - lr: 5.0000e-05
Epoch 7/15
4/4 [==============================] - 3s 678ms/step - loss: 6.2205 - accuracy: 0.2500 - val_loss: 5.9766 - val_accuracy: 0.2000 - lr: 5.0000e-05
Epoch 8/15
4/4 [==============================] - 3s 721ms/step - loss: 6.0607 - accuracy: 0.2500 - val_loss: 5.8021 - val_accuracy: 0.2000 - lr: 5.0000e-05
Epoch 9/15
4/4 [==============================] - 3s 721ms/step - loss: 5.9403 - accuracy: 0.1667 - val_loss: 5.6558 - val_accuracy: 0.2000 - lr: 5.0000e-05
Epoch 10/15
4/4 [==============================] - 3s 677ms/step - loss: 5.7283 - accuracy: 0.3333 - val_loss: 5.5305 - val_accuracy: 0.0000e+00 - lr: 5.0000e-05
Epoch 11/15
4/4 [==============================] - 3s 666ms/step - loss: 5.6440 - accuracy: 0.2000 - val_loss: 5.3997 - val_accuracy: 0.2000 - lr: 5.0000e-05
Epoch 12/15
4/4 [==============================] - 3s 751ms/step - loss: 5.4503 - accuracy: 0.2667 - val_loss: 5.2806 - val_accuracy: 0.2000 - lr: 5.0000e-05
Epoch 13/15
4/4 [==============================] - 3s 777ms/step - loss: 5.3512 - accuracy: 0.2167 - val_loss: 5.1807 - val_accuracy: 0.4000 - lr: 5.0000e-05
Epoch 14/15
4/4 [==============================] - 3s 791ms/step - loss: 5.1910 - accuracy: 0.2667 - val_loss: 5.0728 - val_accuracy: 0.4000 - lr: 5.0000e-05
Epoch 15/15
4/4 [==============================] - 3s 717ms/step - loss: 5.0479 - accuracy: 0.3000 - val_loss: 4.9781 - val_accuracy: 0.4000 - lr: 5.0000e-05
1/1 [==============================] - 0s 154ms/step - loss: 5.0623 - accuracy: 0.2857
Found 60 images belonging to 6 classes.
Found 5 images belonging to 6 classes.
Found 7 images belonging to 6 classes.
Epoch 1/20
4/4 [==============================] - ETA: 0s - loss: 7.6955 - accuracy: 0.1333C:\Users\tom.zbc\PycharmProjects\fungis_bacterias_project\.venv\lib\site-packages\keras\src\engine\training.py:3000: UserWarning: You are saving your model as an HDF5 file via `model.save()`. This file format is considered legacy. We recommend using instead the native Keras format, e.g. `model.save('my_model.keras')`.
  saving_api.save_model(
4/4 [==============================] - 3s 743ms/step - loss: 7.6955 - accuracy: 0.1333 - val_loss: 7.6334 - val_accuracy: 0.0000e+00 - lr: 5.0000e-05
Epoch 2/20
4/4 [==============================] - 3s 756ms/step - loss: 7.4013 - accuracy: 0.1667 - val_loss: 7.2924 - val_accuracy: 0.2000 - lr: 5.0000e-05
Epoch 3/20
4/4 [==============================] - 3s 765ms/step - loss: 7.3161 - accuracy: 0.1667 - val_loss: 7.1243 - val_accuracy: 0.2000 - lr: 5.0000e-05
Epoch 4/20
4/4 [==============================] - 3s 675ms/step - loss: 6.9206 - accuracy: 0.2667 - val_loss: 6.9767 - val_accuracy: 0.2000 - lr: 5.0000e-05
Epoch 5/20
4/4 [==============================] - 3s 713ms/step - loss: 6.9683 - accuracy: 0.1667 - val_loss: 6.7137 - val_accuracy: 0.2000 - lr: 5.0000e-05
Epoch 6/20
4/4 [==============================] - 3s 699ms/step - loss: 6.6893 - accuracy: 0.1667 - val_loss: 6.4736 - val_accuracy: 0.2000 - lr: 5.0000e-05
Epoch 7/20
4/4 [==============================] - 3s 695ms/step - loss: 6.4899 - accuracy: 0.2333 - val_loss: 6.2874 - val_accuracy: 0.4000 - lr: 5.0000e-05
Epoch 8/20
4/4 [==============================] - 3s 734ms/step - loss: 6.3588 - accuracy: 0.1667 - val_loss: 6.0948 - val_accuracy: 0.4000 - lr: 5.0000e-05
Epoch 9/20
4/4 [==============================] - 3s 794ms/step - loss: 6.2035 - accuracy: 0.1500 - val_loss: 5.9506 - val_accuracy: 0.4000 - lr: 5.0000e-05
Epoch 10/20
4/4 [==============================] - 3s 727ms/step - loss: 6.0119 - accuracy: 0.1833 - val_loss: 5.8423 - val_accuracy: 0.4000 - lr: 5.0000e-05
Epoch 11/20
4/4 [==============================] - 3s 860ms/step - loss: 5.8777 - accuracy: 0.2167 - val_loss: 5.7540 - val_accuracy: 0.4000 - lr: 5.0000e-05
Epoch 12/20
4/4 [==============================] - 3s 779ms/step - loss: 5.6763 - accuracy: 0.3167 - val_loss: 5.6659 - val_accuracy: 0.2000 - lr: 5.0000e-05
Epoch 13/20
4/4 [==============================] - 3s 830ms/step - loss: 5.5606 - accuracy: 0.3000 - val_loss: 5.5642 - val_accuracy: 0.2000 - lr: 5.0000e-05
Epoch 14/20
4/4 [==============================] - 3s 678ms/step - loss: 5.5056 - accuracy: 0.2833 - val_loss: 5.4750 - val_accuracy: 0.2000 - lr: 5.0000e-05
Epoch 15/20
4/4 [==============================] - 3s 733ms/step - loss: 5.4191 - accuracy: 0.2500 - val_loss: 5.3928 - val_accuracy: 0.2000 - lr: 5.0000e-05
Epoch 16/20
4/4 [==============================] - 3s 690ms/step - loss: 5.3017 - accuracy: 0.3833 - val_loss: 5.2988 - val_accuracy: 0.2000 - lr: 5.0000e-05
Epoch 17/20
4/4 [==============================] - 3s 671ms/step - loss: 5.2194 - accuracy: 0.3167 - val_loss: 5.1870 - val_accuracy: 0.2000 - lr: 5.0000e-05
Epoch 18/20
4/4 [==============================] - 3s 735ms/step - loss: 5.1571 - accuracy: 0.2500 - val_loss: 5.0349 - val_accuracy: 0.2000 - lr: 5.0000e-05
Epoch 19/20
4/4 [==============================] - 3s 722ms/step - loss: 5.0223 - accuracy: 0.3000 - val_loss: 4.8915 - val_accuracy: 0.2000 - lr: 5.0000e-05
Epoch 20/20
4/4 [==============================] - 3s 677ms/step - loss: 4.9973 - accuracy: 0.3500 - val_loss: 4.8096 - val_accuracy: 0.2000 - lr: 5.0000e-05
1/1 [==============================] - 0s 132ms/step - loss: 4.9742 - accuracy: 0.2857
Found 60 images belonging to 6 classes.
Found 5 images belonging to 6 classes.
Found 7 images belonging to 6 classes.
Epoch 1/15
4/4 [==============================] - ETA: 0s - loss: 7.7005 - accuracy: 0.1333C:\Users\tom.zbc\PycharmProjects\fungis_bacterias_project\.venv\lib\site-packages\keras\src\engine\training.py:3000: UserWarning: You are saving your model as an HDF5 file via `model.save()`. This file format is considered legacy. We recommend using instead the native Keras format, e.g. `model.save('my_model.keras')`.
  saving_api.save_model(
4/4 [==============================] - 4s 887ms/step - loss: 7.7005 - accuracy: 0.1333 - val_loss: 7.5006 - val_accuracy: 0.2000 - lr: 5.0000e-05
Epoch 2/15
4/4 [==============================] - 3s 756ms/step - loss: 7.4129 - accuracy: 0.1167 - val_loss: 7.2081 - val_accuracy: 0.4000 - lr: 5.0000e-05
Epoch 3/15
4/4 [==============================] - 3s 700ms/step - loss: 7.1905 - accuracy: 0.1500 - val_loss: 6.9206 - val_accuracy: 0.4000 - lr: 5.0000e-05
Epoch 4/15
4/4 [==============================] - 3s 791ms/step - loss: 6.8504 - accuracy: 0.1667 - val_loss: 6.6524 - val_accuracy: 0.4000 - lr: 5.0000e-05
Epoch 5/15
4/4 [==============================] - 3s 761ms/step - loss: 6.6954 - accuracy: 0.2167 - val_loss: 6.4435 - val_accuracy: 0.4000 - lr: 5.0000e-05
Epoch 6/15
4/4 [==============================] - 3s 733ms/step - loss: 6.4548 - accuracy: 0.2667 - val_loss: 6.2432 - val_accuracy: 0.2000 - lr: 5.0000e-05
Epoch 7/15
4/4 [==============================] - 3s 782ms/step - loss: 6.2590 - accuracy: 0.3000 - val_loss: 6.0367 - val_accuracy: 0.2000 - lr: 5.0000e-05
Epoch 8/15
4/4 [==============================] - 3s 685ms/step - loss: 6.1417 - accuracy: 0.2167 - val_loss: 5.9057 - val_accuracy: 0.2000 - lr: 5.0000e-05
Epoch 9/15
4/4 [==============================] - 3s 742ms/step - loss: 5.9314 - accuracy: 0.2667 - val_loss: 5.7889 - val_accuracy: 0.2000 - lr: 5.0000e-05
Epoch 10/15
4/4 [==============================] - 3s 706ms/step - loss: 5.7913 - accuracy: 0.2333 - val_loss: 5.6473 - val_accuracy: 0.6000 - lr: 5.0000e-05
Epoch 11/15
4/4 [==============================] - 3s 733ms/step - loss: 5.6738 - accuracy: 0.2500 - val_loss: 5.4925 - val_accuracy: 0.6000 - lr: 5.0000e-05
Epoch 12/15
4/4 [==============================] - 3s 852ms/step - loss: 5.5541 - accuracy: 0.1833 - val_loss: 5.3476 - val_accuracy: 0.4000 - lr: 5.0000e-05
Epoch 13/15
4/4 [==============================] - 3s 729ms/step - loss: 5.3536 - accuracy: 0.2833 - val_loss: 5.2150 - val_accuracy: 0.4000 - lr: 5.0000e-05
Epoch 14/15
4/4 [==============================] - 3s 762ms/step - loss: 5.2789 - accuracy: 0.1833 - val_loss: 5.0905 - val_accuracy: 0.4000 - lr: 5.0000e-05
Epoch 15/15
4/4 [==============================] - 3s 775ms/step - loss: 5.1473 - accuracy: 0.2667 - val_loss: 4.9683 - val_accuracy: 0.4000 - lr: 5.0000e-05
1/1 [==============================] - 0s 134ms/step - loss: 5.0865 - accuracy: 0.1429
Found 60 images belonging to 6 classes.
Found 5 images belonging to 6 classes.
Found 7 images belonging to 6 classes.
Epoch 1/20
4/4 [==============================] - ETA: 0s - loss: 7.7446 - accuracy: 0.1167C:\Users\tom.zbc\PycharmProjects\fungis_bacterias_project\.venv\lib\site-packages\keras\src\engine\training.py:3000: UserWarning: You are saving your model as an HDF5 file via `model.save()`. This file format is considered legacy. We recommend using instead the native Keras format, e.g. `model.save('my_model.keras')`.
  saving_api.save_model(
4/4 [==============================] - 3s 783ms/step - loss: 7.7446 - accuracy: 0.1167 - val_loss: 7.4724 - val_accuracy: 0.2000 - lr: 5.0000e-05
Epoch 2/20
4/4 [==============================] - 3s 678ms/step - loss: 7.4636 - accuracy: 0.1333 - val_loss: 7.2234 - val_accuracy: 0.0000e+00 - lr: 5.0000e-05
Epoch 3/20
4/4 [==============================] - 3s 682ms/step - loss: 7.1898 - accuracy: 0.1500 - val_loss: 6.9287 - val_accuracy: 0.2000 - lr: 5.0000e-05
Epoch 4/20
4/4 [==============================] - 3s 773ms/step - loss: 6.9466 - accuracy: 0.1500 - val_loss: 6.6775 - val_accuracy: 0.2000 - lr: 5.0000e-05
Epoch 5/20
4/4 [==============================] - 3s 687ms/step - loss: 6.7413 - accuracy: 0.1667 - val_loss: 6.4515 - val_accuracy: 0.2000 - lr: 5.0000e-05
Epoch 6/20
4/4 [==============================] - 3s 752ms/step - loss: 6.4642 - accuracy: 0.1500 - val_loss: 6.2601 - val_accuracy: 0.0000e+00 - lr: 5.0000e-05
Epoch 7/20
4/4 [==============================] - 3s 741ms/step - loss: 6.2583 - accuracy: 0.1667 - val_loss: 6.0899 - val_accuracy: 0.0000e+00 - lr: 5.0000e-05
Epoch 8/20
4/4 [==============================] - 3s 740ms/step - loss: 6.1219 - accuracy: 0.2167 - val_loss: 5.8914 - val_accuracy: 0.0000e+00 - lr: 5.0000e-05
Epoch 9/20
4/4 [==============================] - 3s 726ms/step - loss: 5.9435 - accuracy: 0.2333 - val_loss: 5.7367 - val_accuracy: 0.0000e+00 - lr: 5.0000e-05
Epoch 10/20
4/4 [==============================] - 3s 705ms/step - loss: 5.7643 - accuracy: 0.1667 - val_loss: 5.5974 - val_accuracy: 0.2000 - lr: 5.0000e-05
Epoch 11/20
4/4 [==============================] - 3s 847ms/step - loss: 5.6602 - accuracy: 0.1333 - val_loss: 5.5034 - val_accuracy: 0.2000 - lr: 5.0000e-05
Epoch 12/20
4/4 [==============================] - 3s 799ms/step - loss: 5.4699 - accuracy: 0.2500 - val_loss: 5.3818 - val_accuracy: 0.2000 - lr: 5.0000e-05
Epoch 13/20
4/4 [==============================] - 3s 702ms/step - loss: 5.3207 - accuracy: 0.2667 - val_loss: 5.2487 - val_accuracy: 0.4000 - lr: 5.0000e-05
Epoch 14/20
4/4 [==============================] - 3s 777ms/step - loss: 5.2137 - accuracy: 0.3167 - val_loss: 5.1429 - val_accuracy: 0.4000 - lr: 5.0000e-05
Epoch 15/20
4/4 [==============================] - 3s 720ms/step - loss: 5.1318 - accuracy: 0.2667 - val_loss: 5.0286 - val_accuracy: 0.2000 - lr: 5.0000e-05
Epoch 16/20
4/4 [==============================] - 3s 808ms/step - loss: 4.9290 - accuracy: 0.3333 - val_loss: 4.9061 - val_accuracy: 0.2000 - lr: 5.0000e-05
Epoch 17/20
4/4 [==============================] - 3s 779ms/step - loss: 4.9281 - accuracy: 0.2500 - val_loss: 4.7873 - val_accuracy: 0.4000 - lr: 5.0000e-05
Epoch 18/20
4/4 [==============================] - 3s 682ms/step - loss: 4.8098 - accuracy: 0.2833 - val_loss: 4.6705 - val_accuracy: 0.4000 - lr: 5.0000e-05
Epoch 19/20
4/4 [==============================] - 3s 770ms/step - loss: 4.7126 - accuracy: 0.2500 - val_loss: 4.5513 - val_accuracy: 0.4000 - lr: 5.0000e-05
Epoch 20/20
4/4 [==============================] - 3s 866ms/step - loss: 4.6103 - accuracy: 0.3000 - val_loss: 4.4457 - val_accuracy: 0.6000 - lr: 5.0000e-05
1/1 [==============================] - 0s 126ms/step - loss: 4.5910 - accuracy: 0.2857
Found 60 images belonging to 6 classes.
Found 5 images belonging to 6 classes.
Found 7 images belonging to 6 classes.
Epoch 1/15
4/4 [==============================] - ETA: 0s - loss: 7.6922 - accuracy: 0.2333C:\Users\tom.zbc\PycharmProjects\fungis_bacterias_project\.venv\lib\site-packages\keras\src\engine\training.py:3000: UserWarning: You are saving your model as an HDF5 file via `model.save()`. This file format is considered legacy. We recommend using instead the native Keras format, e.g. `model.save('my_model.keras')`.
  saving_api.save_model(
4/4 [==============================] - 3s 788ms/step - loss: 7.6922 - accuracy: 0.2333 - val_loss: 7.4625 - val_accuracy: 0.2000 - lr: 5.0000e-05
Epoch 2/15
4/4 [==============================] - 3s 808ms/step - loss: 7.4318 - accuracy: 0.2167 - val_loss: 7.1763 - val_accuracy: 0.2000 - lr: 5.0000e-05
Epoch 3/15
4/4 [==============================] - 3s 768ms/step - loss: 7.1482 - accuracy: 0.1833 - val_loss: 6.9500 - val_accuracy: 0.2000 - lr: 5.0000e-05
Epoch 4/15
4/4 [==============================] - 3s 709ms/step - loss: 6.8884 - accuracy: 0.2333 - val_loss: 6.7438 - val_accuracy: 0.0000e+00 - lr: 5.0000e-05
Epoch 5/15
4/4 [==============================] - 3s 694ms/step - loss: 6.6912 - accuracy: 0.2500 - val_loss: 6.5156 - val_accuracy: 0.0000e+00 - lr: 5.0000e-05
Epoch 6/15
4/4 [==============================] - 3s 729ms/step - loss: 6.4861 - accuracy: 0.1667 - val_loss: 6.2785 - val_accuracy: 0.0000e+00 - lr: 5.0000e-05
Epoch 7/15
4/4 [==============================] - 3s 795ms/step - loss: 6.2583 - accuracy: 0.2167 - val_loss: 6.0728 - val_accuracy: 0.2000 - lr: 5.0000e-05
Epoch 8/15
4/4 [==============================] - 3s 721ms/step - loss: 6.0978 - accuracy: 0.2333 - val_loss: 5.8832 - val_accuracy: 0.2000 - lr: 5.0000e-05
Epoch 9/15
4/4 [==============================] - 3s 777ms/step - loss: 5.9376 - accuracy: 0.1167 - val_loss: 5.7225 - val_accuracy: 0.4000 - lr: 5.0000e-05
Epoch 10/15
4/4 [==============================] - 3s 789ms/step - loss: 5.7596 - accuracy: 0.3167 - val_loss: 5.5986 - val_accuracy: 0.4000 - lr: 5.0000e-05
Epoch 11/15
4/4 [==============================] - 3s 744ms/step - loss: 5.6437 - accuracy: 0.2333 - val_loss: 5.4856 - val_accuracy: 0.2000 - lr: 5.0000e-05
Epoch 12/15
4/4 [==============================] - 3s 698ms/step - loss: 5.4971 - accuracy: 0.2333 - val_loss: 5.3807 - val_accuracy: 0.2000 - lr: 5.0000e-05
Epoch 13/15
4/4 [==============================] - 3s 723ms/step - loss: 5.3470 - accuracy: 0.2167 - val_loss: 5.2761 - val_accuracy: 0.4000 - lr: 5.0000e-05
Epoch 14/15
4/4 [==============================] - 3s 742ms/step - loss: 5.2256 - accuracy: 0.1667 - val_loss: 5.1671 - val_accuracy: 0.4000 - lr: 5.0000e-05
Epoch 15/15
4/4 [==============================] - 3s 836ms/step - loss: 5.1150 - accuracy: 0.2833 - val_loss: 5.0691 - val_accuracy: 0.2000 - lr: 5.0000e-05
1/1 [==============================] - 0s 133ms/step - loss: 5.1051 - accuracy: 0.1429
Found 60 images belonging to 6 classes.
Found 5 images belonging to 6 classes.
Found 7 images belonging to 6 classes.
Epoch 1/20
4/4 [==============================] - ETA: 0s - loss: 7.6772 - accuracy: 0.2500C:\Users\tom.zbc\PycharmProjects\fungis_bacterias_project\.venv\lib\site-packages\keras\src\engine\training.py:3000: UserWarning: You are saving your model as an HDF5 file via `model.save()`. This file format is considered legacy. We recommend using instead the native Keras format, e.g. `model.save('my_model.keras')`.
  saving_api.save_model(
4/4 [==============================] - 4s 1s/step - loss: 7.6772 - accuracy: 0.2500 - val_loss: 7.4121 - val_accuracy: 0.2000 - lr: 5.0000e-05
Epoch 2/20
4/4 [==============================] - 3s 771ms/step - loss: 7.4696 - accuracy: 0.1667 - val_loss: 7.2140 - val_accuracy: 0.2000 - lr: 5.0000e-05
Epoch 3/20
4/4 [==============================] - 3s 739ms/step - loss: 7.1841 - accuracy: 0.1333 - val_loss: 6.9768 - val_accuracy: 0.2000 - lr: 5.0000e-05
Epoch 4/20
4/4 [==============================] - 3s 670ms/step - loss: 7.0056 - accuracy: 0.1667 - val_loss: 6.7578 - val_accuracy: 0.4000 - lr: 5.0000e-05
Epoch 5/20
4/4 [==============================] - 3s 800ms/step - loss: 6.7623 - accuracy: 0.2000 - val_loss: 6.5857 - val_accuracy: 0.4000 - lr: 5.0000e-05
Epoch 6/20
4/4 [==============================] - 3s 858ms/step - loss: 6.6014 - accuracy: 0.1833 - val_loss: 6.4442 - val_accuracy: 0.4000 - lr: 5.0000e-05
Epoch 7/20
4/4 [==============================] - 3s 746ms/step - loss: 6.4048 - accuracy: 0.2000 - val_loss: 6.2293 - val_accuracy: 0.4000 - lr: 5.0000e-05
Epoch 8/20
4/4 [==============================] - 3s 825ms/step - loss: 6.2211 - accuracy: 0.1667 - val_loss: 6.0069 - val_accuracy: 0.2000 - lr: 5.0000e-05
Epoch 9/20
4/4 [==============================] - 3s 835ms/step - loss: 6.1363 - accuracy: 0.2167 - val_loss: 5.8286 - val_accuracy: 0.4000 - lr: 5.0000e-05
Epoch 10/20
4/4 [==============================] - 3s 764ms/step - loss: 5.9724 - accuracy: 0.2167 - val_loss: 5.6821 - val_accuracy: 0.4000 - lr: 5.0000e-05
Epoch 11/20
4/4 [==============================] - 3s 800ms/step - loss: 5.7603 - accuracy: 0.2833 - val_loss: 5.5557 - val_accuracy: 0.4000 - lr: 5.0000e-05
Epoch 12/20
4/4 [==============================] - 3s 740ms/step - loss: 5.7042 - accuracy: 0.2333 - val_loss: 5.4415 - val_accuracy: 0.4000 - lr: 5.0000e-05
Epoch 13/20
4/4 [==============================] - 3s 840ms/step - loss: 5.5526 - accuracy: 0.2667 - val_loss: 5.3567 - val_accuracy: 0.4000 - lr: 5.0000e-05
Epoch 14/20
4/4 [==============================] - 3s 731ms/step - loss: 5.4813 - accuracy: 0.2167 - val_loss: 5.2611 - val_accuracy: 0.2000 - lr: 5.0000e-05
Epoch 15/20
4/4 [==============================] - 3s 840ms/step - loss: 5.3599 - accuracy: 0.2000 - val_loss: 5.1475 - val_accuracy: 0.4000 - lr: 5.0000e-05
Epoch 16/20
4/4 [==============================] - 3s 706ms/step - loss: 5.2513 - accuracy: 0.2500 - val_loss: 5.0473 - val_accuracy: 0.4000 - lr: 5.0000e-05
Epoch 17/20
4/4 [==============================] - 3s 748ms/step - loss: 5.1462 - accuracy: 0.2333 - val_loss: 4.9700 - val_accuracy: 0.4000 - lr: 5.0000e-05
Epoch 18/20
4/4 [==============================] - 3s 719ms/step - loss: 5.0587 - accuracy: 0.2333 - val_loss: 4.8865 - val_accuracy: 0.4000 - lr: 5.0000e-05
Epoch 19/20
4/4 [==============================] - 3s 811ms/step - loss: 5.0410 - accuracy: 0.2167 - val_loss: 4.8151 - val_accuracy: 0.6000 - lr: 5.0000e-05
Epoch 20/20
4/4 [==============================] - 3s 761ms/step - loss: 4.8748 - accuracy: 0.3167 - val_loss: 4.7660 - val_accuracy: 0.4000 - lr: 5.0000e-05
1/1 [==============================] - 0s 136ms/step - loss: 4.8911 - accuracy: 0.1429
Found 60 images belonging to 6 classes.
Found 5 images belonging to 6 classes.
Found 7 images belonging to 6 classes.
Epoch 1/15
4/4 [==============================] - ETA: 0s - loss: 7.7301 - accuracy: 0.1667C:\Users\tom.zbc\PycharmProjects\fungis_bacterias_project\.venv\lib\site-packages\keras\src\engine\training.py:3000: UserWarning: You are saving your model as an HDF5 file via `model.save()`. This file format is considered legacy. We recommend using instead the native Keras format, e.g. `model.save('my_model.keras')`.
  saving_api.save_model(
4/4 [==============================] - 3s 794ms/step - loss: 7.7301 - accuracy: 0.1667 - val_loss: 7.4877 - val_accuracy: 0.2000 - lr: 5.0000e-05
Epoch 2/15
4/4 [==============================] - 3s 726ms/step - loss: 7.4259 - accuracy: 0.2333 - val_loss: 7.2209 - val_accuracy: 0.4000 - lr: 5.0000e-05
Epoch 3/15
4/4 [==============================] - 3s 740ms/step - loss: 7.2412 - accuracy: 0.1667 - val_loss: 7.0399 - val_accuracy: 0.0000e+00 - lr: 5.0000e-05
Epoch 4/15
4/4 [==============================] - 3s 811ms/step - loss: 7.0014 - accuracy: 0.1167 - val_loss: 6.8483 - val_accuracy: 0.2000 - lr: 5.0000e-05
Epoch 5/15
4/4 [==============================] - 3s 754ms/step - loss: 6.7572 - accuracy: 0.2167 - val_loss: 6.6496 - val_accuracy: 0.0000e+00 - lr: 5.0000e-05
Epoch 6/15
4/4 [==============================] - 3s 708ms/step - loss: 6.5553 - accuracy: 0.1500 - val_loss: 6.4676 - val_accuracy: 0.0000e+00 - lr: 5.0000e-05
Epoch 7/15
4/4 [==============================] - 3s 714ms/step - loss: 6.3711 - accuracy: 0.2333 - val_loss: 6.2599 - val_accuracy: 0.4000 - lr: 5.0000e-05
Epoch 8/15
4/4 [==============================] - 3s 685ms/step - loss: 6.2637 - accuracy: 0.1667 - val_loss: 6.0528 - val_accuracy: 0.2000 - lr: 5.0000e-05
Epoch 9/15
4/4 [==============================] - 3s 860ms/step - loss: 6.0582 - accuracy: 0.2500 - val_loss: 5.9408 - val_accuracy: 0.4000 - lr: 5.0000e-05
Epoch 10/15
4/4 [==============================] - 3s 715ms/step - loss: 5.9376 - accuracy: 0.1833 - val_loss: 5.8034 - val_accuracy: 0.4000 - lr: 5.0000e-05
Epoch 11/15
4/4 [==============================] - 3s 711ms/step - loss: 5.7798 - accuracy: 0.2167 - val_loss: 5.6886 - val_accuracy: 0.2000 - lr: 5.0000e-05
Epoch 12/15
4/4 [==============================] - 3s 715ms/step - loss: 5.6651 - accuracy: 0.1833 - val_loss: 5.5419 - val_accuracy: 0.2000 - lr: 5.0000e-05
Epoch 13/15
4/4 [==============================] - 3s 782ms/step - loss: 5.4807 - accuracy: 0.2833 - val_loss: 5.4068 - val_accuracy: 0.2000 - lr: 5.0000e-05
Epoch 14/15
4/4 [==============================] - 3s 689ms/step - loss: 5.4127 - accuracy: 0.2667 - val_loss: 5.2938 - val_accuracy: 0.2000 - lr: 5.0000e-05
Epoch 15/15
4/4 [==============================] - 3s 725ms/step - loss: 5.3148 - accuracy: 0.2667 - val_loss: 5.1873 - val_accuracy: 0.2000 - lr: 5.0000e-05
1/1 [==============================] - 0s 145ms/step - loss: 5.1778 - accuracy: 0.2857
Found 60 images belonging to 6 classes.
Found 5 images belonging to 6 classes.
Found 7 images belonging to 6 classes.
Epoch 1/20
4/4 [==============================] - ETA: 0s - loss: 7.6750 - accuracy: 0.2500C:\Users\tom.zbc\PycharmProjects\fungis_bacterias_project\.venv\lib\site-packages\keras\src\engine\training.py:3000: UserWarning: You are saving your model as an HDF5 file via `model.save()`. This file format is considered legacy. We recommend using instead the native Keras format, e.g. `model.save('my_model.keras')`.
  saving_api.save_model(
4/4 [==============================] - 3s 801ms/step - loss: 7.6750 - accuracy: 0.2500 - val_loss: 7.5715 - val_accuracy: 0.2000 - lr: 5.0000e-05
Epoch 2/20
4/4 [==============================] - 3s 760ms/step - loss: 7.4682 - accuracy: 0.1333 - val_loss: 7.3053 - val_accuracy: 0.0000e+00 - lr: 5.0000e-05
Epoch 3/20
4/4 [==============================] - 3s 710ms/step - loss: 7.2029 - accuracy: 0.2000 - val_loss: 7.0627 - val_accuracy: 0.0000e+00 - lr: 5.0000e-05
Epoch 4/20
4/4 [==============================] - 3s 905ms/step - loss: 7.0502 - accuracy: 0.1500 - val_loss: 6.8207 - val_accuracy: 0.2000 - lr: 5.0000e-05
Epoch 5/20
4/4 [==============================] - 3s 795ms/step - loss: 6.7986 - accuracy: 0.2167 - val_loss: 6.6329 - val_accuracy: 0.2000 - lr: 5.0000e-05
Epoch 6/20
4/4 [==============================] - 3s 675ms/step - loss: 6.5810 - accuracy: 0.2667 - val_loss: 6.4463 - val_accuracy: 0.4000 - lr: 5.0000e-05
Epoch 7/20
4/4 [==============================] - 3s 701ms/step - loss: 6.3864 - accuracy: 0.3000 - val_loss: 6.2862 - val_accuracy: 0.4000 - lr: 5.0000e-05
Epoch 8/20
4/4 [==============================] - 3s 761ms/step - loss: 6.2433 - accuracy: 0.3167 - val_loss: 6.0973 - val_accuracy: 0.6000 - lr: 5.0000e-05
Epoch 9/20
4/4 [==============================] - 3s 745ms/step - loss: 6.1046 - accuracy: 0.2333 - val_loss: 5.9577 - val_accuracy: 0.6000 - lr: 5.0000e-05
Epoch 10/20
4/4 [==============================] - 3s 805ms/step - loss: 6.0236 - accuracy: 0.2000 - val_loss: 5.8476 - val_accuracy: 0.4000 - lr: 5.0000e-05
Epoch 11/20
4/4 [==============================] - 3s 712ms/step - loss: 5.7891 - accuracy: 0.3500 - val_loss: 5.7097 - val_accuracy: 0.4000 - lr: 5.0000e-05
Epoch 12/20
4/4 [==============================] - 3s 696ms/step - loss: 5.7128 - accuracy: 0.2333 - val_loss: 5.5787 - val_accuracy: 0.4000 - lr: 5.0000e-05
Epoch 13/20
4/4 [==============================] - 3s 804ms/step - loss: 5.6472 - accuracy: 0.1833 - val_loss: 5.4150 - val_accuracy: 0.4000 - lr: 5.0000e-05
Epoch 14/20
4/4 [==============================] - 3s 746ms/step - loss: 5.5388 - accuracy: 0.2500 - val_loss: 5.2853 - val_accuracy: 0.4000 - lr: 5.0000e-05
Epoch 15/20
4/4 [==============================] - 3s 832ms/step - loss: 5.3451 - accuracy: 0.3167 - val_loss: 5.1642 - val_accuracy: 0.4000 - lr: 5.0000e-05
Epoch 16/20
4/4 [==============================] - 3s 694ms/step - loss: 5.2606 - accuracy: 0.3000 - val_loss: 5.0405 - val_accuracy: 0.2000 - lr: 5.0000e-05
Epoch 17/20
4/4 [==============================] - 3s 774ms/step - loss: 5.2620 - accuracy: 0.2500 - val_loss: 4.9688 - val_accuracy: 0.4000 - lr: 5.0000e-05
Epoch 18/20
4/4 [==============================] - 3s 770ms/step - loss: 5.0743 - accuracy: 0.2667 - val_loss: 4.9266 - val_accuracy: 0.4000 - lr: 5.0000e-05
Epoch 19/20
4/4 [==============================] - 3s 775ms/step - loss: 5.0046 - accuracy: 0.3333 - val_loss: 4.8830 - val_accuracy: 0.4000 - lr: 5.0000e-05
Epoch 20/20
4/4 [==============================] - 3s 740ms/step - loss: 4.9060 - accuracy: 0.2833 - val_loss: 4.7961 - val_accuracy: 0.4000 - lr: 5.0000e-05
1/1 [==============================] - 0s 134ms/step - loss: 4.8978 - accuracy: 0.1429
Found 60 images belonging to 6 classes.
Found 5 images belonging to 6 classes.
Found 7 images belonging to 6 classes.
Epoch 1/15
4/4 [==============================] - ETA: 0s - loss: 7.2930 - accuracy: 0.2333C:\Users\tom.zbc\PycharmProjects\fungis_bacterias_project\.venv\lib\site-packages\keras\src\engine\training.py:3000: UserWarning: You are saving your model as an HDF5 file via `model.save()`. This file format is considered legacy. We recommend using instead the native Keras format, e.g. `model.save('my_model.keras')`.
  saving_api.save_model(
4/4 [==============================] - 3s 541ms/step - loss: 7.2930 - accuracy: 0.2333 - val_loss: 7.2454 - val_accuracy: 0.2000 - lr: 5.0000e-05
Epoch 2/15
4/4 [==============================] - 2s 474ms/step - loss: 7.1444 - accuracy: 0.1833 - val_loss: 7.0314 - val_accuracy: 0.0000e+00 - lr: 5.0000e-05
Epoch 3/15
4/4 [==============================] - 2s 447ms/step - loss: 6.9727 - accuracy: 0.1667 - val_loss: 6.8844 - val_accuracy: 0.2000 - lr: 5.0000e-05
Epoch 4/15
4/4 [==============================] - 2s 443ms/step - loss: 6.7747 - accuracy: 0.2167 - val_loss: 6.6942 - val_accuracy: 0.2000 - lr: 5.0000e-05
Epoch 5/15
4/4 [==============================] - 2s 504ms/step - loss: 6.6735 - accuracy: 0.1333 - val_loss: 6.5389 - val_accuracy: 0.2000 - lr: 5.0000e-05
Epoch 6/15
4/4 [==============================] - 2s 433ms/step - loss: 6.5322 - accuracy: 0.1833 - val_loss: 6.3737 - val_accuracy: 0.2000 - lr: 5.0000e-05
Epoch 7/15
4/4 [==============================] - 2s 425ms/step - loss: 6.3824 - accuracy: 0.3167 - val_loss: 6.2105 - val_accuracy: 0.2000 - lr: 5.0000e-05
Epoch 8/15
4/4 [==============================] - 2s 466ms/step - loss: 6.2502 - accuracy: 0.2667 - val_loss: 6.0806 - val_accuracy: 0.4000 - lr: 5.0000e-05
Epoch 9/15
4/4 [==============================] - 2s 432ms/step - loss: 6.1648 - accuracy: 0.2000 - val_loss: 5.9980 - val_accuracy: 0.2000 - lr: 5.0000e-05
Epoch 10/15
4/4 [==============================] - 2s 478ms/step - loss: 6.1321 - accuracy: 0.1833 - val_loss: 5.9132 - val_accuracy: 0.4000 - lr: 5.0000e-05
Epoch 11/15
4/4 [==============================] - 2s 469ms/step - loss: 6.0212 - accuracy: 0.2333 - val_loss: 5.8481 - val_accuracy: 0.4000 - lr: 5.0000e-05
Epoch 12/15
4/4 [==============================] - 2s 513ms/step - loss: 5.8956 - accuracy: 0.2833 - val_loss: 5.7791 - val_accuracy: 0.2000 - lr: 5.0000e-05
Epoch 13/15
4/4 [==============================] - 2s 420ms/step - loss: 5.7282 - accuracy: 0.4000 - val_loss: 5.7191 - val_accuracy: 0.2000 - lr: 5.0000e-05
Epoch 14/15
4/4 [==============================] - 2s 449ms/step - loss: 5.7330 - accuracy: 0.2000 - val_loss: 5.6316 - val_accuracy: 0.2000 - lr: 5.0000e-05
Epoch 15/15
4/4 [==============================] - 2s 459ms/step - loss: 5.6220 - accuracy: 0.2167 - val_loss: 5.5473 - val_accuracy: 0.0000e+00 - lr: 5.0000e-05
1/1 [==============================] - 0s 117ms/step - loss: 5.4838 - accuracy: 0.1429
Found 60 images belonging to 6 classes.
Found 5 images belonging to 6 classes.
Found 7 images belonging to 6 classes.
Epoch 1/20
4/4 [==============================] - ETA: 0s - loss: 7.3107 - accuracy: 0.1500C:\Users\tom.zbc\PycharmProjects\fungis_bacterias_project\.venv\lib\site-packages\keras\src\engine\training.py:3000: UserWarning: You are saving your model as an HDF5 file via `model.save()`. This file format is considered legacy. We recommend using instead the native Keras format, e.g. `model.save('my_model.keras')`.
  saving_api.save_model(
4/4 [==============================] - 3s 569ms/step - loss: 7.3107 - accuracy: 0.1500 - val_loss: 7.1064 - val_accuracy: 0.4000 - lr: 5.0000e-05
Epoch 2/20
4/4 [==============================] - 2s 464ms/step - loss: 7.1404 - accuracy: 0.1000 - val_loss: 6.9580 - val_accuracy: 0.2000 - lr: 5.0000e-05
Epoch 3/20
4/4 [==============================] - 2s 489ms/step - loss: 6.9188 - accuracy: 0.2000 - val_loss: 6.8728 - val_accuracy: 0.2000 - lr: 5.0000e-05
Epoch 4/20
4/4 [==============================] - 2s 473ms/step - loss: 6.8189 - accuracy: 0.1833 - val_loss: 6.7126 - val_accuracy: 0.2000 - lr: 5.0000e-05
Epoch 5/20
4/4 [==============================] - 2s 459ms/step - loss: 6.6267 - accuracy: 0.1333 - val_loss: 6.5589 - val_accuracy: 0.2000 - lr: 5.0000e-05
Epoch 6/20
4/4 [==============================] - 2s 510ms/step - loss: 6.5195 - accuracy: 0.1333 - val_loss: 6.4190 - val_accuracy: 0.2000 - lr: 5.0000e-05
Epoch 7/20
4/4 [==============================] - 2s 465ms/step - loss: 6.3418 - accuracy: 0.2000 - val_loss: 6.2858 - val_accuracy: 0.2000 - lr: 5.0000e-05
Epoch 8/20
4/4 [==============================] - 2s 455ms/step - loss: 6.2412 - accuracy: 0.2000 - val_loss: 6.1712 - val_accuracy: 0.2000 - lr: 5.0000e-05
Epoch 9/20
4/4 [==============================] - 2s 482ms/step - loss: 6.1222 - accuracy: 0.2000 - val_loss: 6.1142 - val_accuracy: 0.2000 - lr: 5.0000e-05
Epoch 10/20
4/4 [==============================] - 2s 430ms/step - loss: 5.9953 - accuracy: 0.2667 - val_loss: 6.0598 - val_accuracy: 0.2000 - lr: 5.0000e-05
Epoch 11/20
4/4 [==============================] - 2s 464ms/step - loss: 5.9335 - accuracy: 0.1667 - val_loss: 6.0074 - val_accuracy: 0.0000e+00 - lr: 5.0000e-05
Epoch 12/20
4/4 [==============================] - 1s 355ms/step - loss: 5.8287 - accuracy: 0.2667 - val_loss: 5.9282 - val_accuracy: 0.0000e+00 - lr: 5.0000e-05
Epoch 13/20
4/4 [==============================] - 1s 333ms/step - loss: 5.7373 - accuracy: 0.2667 - val_loss: 5.8235 - val_accuracy: 0.0000e+00 - lr: 5.0000e-05
Epoch 14/20
4/4 [==============================] - 1s 325ms/step - loss: 5.6756 - accuracy: 0.1667 - val_loss: 5.6985 - val_accuracy: 0.0000e+00 - lr: 5.0000e-05
Epoch 15/20
4/4 [==============================] - 1s 366ms/step - loss: 5.5555 - accuracy: 0.2500 - val_loss: 5.5867 - val_accuracy: 0.0000e+00 - lr: 5.0000e-05
Epoch 16/20
4/4 [==============================] - 1s 351ms/step - loss: 5.4651 - accuracy: 0.2167 - val_loss: 5.5191 - val_accuracy: 0.2000 - lr: 5.0000e-05
Epoch 17/20
4/4 [==============================] - 1s 335ms/step - loss: 5.4072 - accuracy: 0.2500 - val_loss: 5.4332 - val_accuracy: 0.2000 - lr: 5.0000e-05
Epoch 18/20
4/4 [==============================] - 1s 353ms/step - loss: 5.3032 - accuracy: 0.2167 - val_loss: 5.3390 - val_accuracy: 0.2000 - lr: 5.0000e-05
Epoch 19/20
4/4 [==============================] - 1s 354ms/step - loss: 5.3098 - accuracy: 0.2500 - val_loss: 5.2614 - val_accuracy: 0.2000 - lr: 5.0000e-05
Epoch 20/20
4/4 [==============================] - 1s 343ms/step - loss: 5.1493 - accuracy: 0.3000 - val_loss: 5.1496 - val_accuracy: 0.4000 - lr: 5.0000e-05
1/1 [==============================] - 0s 87ms/step - loss: 5.2796 - accuracy: 0.1429
Found 60 images belonging to 6 classes.
Found 5 images belonging to 6 classes.
Found 7 images belonging to 6 classes.
Epoch 1/15
4/4 [==============================] - ETA: 0s - loss: 7.2680 - accuracy: 0.2000C:\Users\tom.zbc\PycharmProjects\fungis_bacterias_project\.venv\lib\site-packages\keras\src\engine\training.py:3000: UserWarning: You are saving your model as an HDF5 file via `model.save()`. This file format is considered legacy. We recommend using instead the native Keras format, e.g. `model.save('my_model.keras')`.
  saving_api.save_model(
4/4 [==============================] - 2s 377ms/step - loss: 7.2680 - accuracy: 0.2000 - val_loss: 7.1974 - val_accuracy: 0.2000 - lr: 5.0000e-05
Epoch 2/15
4/4 [==============================] - 1s 332ms/step - loss: 7.1034 - accuracy: 0.1833 - val_loss: 7.0090 - val_accuracy: 0.2000 - lr: 5.0000e-05
Epoch 3/15
4/4 [==============================] - 1s 355ms/step - loss: 6.9225 - accuracy: 0.1500 - val_loss: 6.8165 - val_accuracy: 0.2000 - lr: 5.0000e-05
Epoch 4/15
4/4 [==============================] - 1s 331ms/step - loss: 6.7881 - accuracy: 0.2333 - val_loss: 6.6473 - val_accuracy: 0.0000e+00 - lr: 5.0000e-05
Epoch 5/15
4/4 [==============================] - 1s 350ms/step - loss: 6.6512 - accuracy: 0.2000 - val_loss: 6.4949 - val_accuracy: 0.2000 - lr: 5.0000e-05
Epoch 6/15
4/4 [==============================] - 1s 343ms/step - loss: 6.5201 - accuracy: 0.1833 - val_loss: 6.3642 - val_accuracy: 0.2000 - lr: 5.0000e-05
Epoch 7/15
4/4 [==============================] - 1s 334ms/step - loss: 6.3873 - accuracy: 0.2833 - val_loss: 6.2355 - val_accuracy: 0.2000 - lr: 5.0000e-05
Epoch 8/15
4/4 [==============================] - 1s 328ms/step - loss: 6.3047 - accuracy: 0.1667 - val_loss: 6.1371 - val_accuracy: 0.4000 - lr: 5.0000e-05
Epoch 9/15
4/4 [==============================] - 1s 346ms/step - loss: 6.1837 - accuracy: 0.1833 - val_loss: 6.0292 - val_accuracy: 0.2000 - lr: 5.0000e-05
Epoch 10/15
4/4 [==============================] - 1s 335ms/step - loss: 6.0146 - accuracy: 0.2500 - val_loss: 5.9410 - val_accuracy: 0.4000 - lr: 5.0000e-05
Epoch 11/15
4/4 [==============================] - 1s 328ms/step - loss: 6.0834 - accuracy: 0.1000 - val_loss: 5.8656 - val_accuracy: 0.4000 - lr: 5.0000e-05
Epoch 12/15
4/4 [==============================] - 1s 345ms/step - loss: 5.8978 - accuracy: 0.2667 - val_loss: 5.7494 - val_accuracy: 0.4000 - lr: 5.0000e-05
Epoch 13/15
4/4 [==============================] - 1s 348ms/step - loss: 5.7594 - accuracy: 0.3333 - val_loss: 5.6495 - val_accuracy: 0.4000 - lr: 5.0000e-05
Epoch 14/15
4/4 [==============================] - 1s 341ms/step - loss: 5.7016 - accuracy: 0.2000 - val_loss: 5.5540 - val_accuracy: 0.4000 - lr: 5.0000e-05
Epoch 15/15
4/4 [==============================] - 1s 350ms/step - loss: 5.5981 - accuracy: 0.1833 - val_loss: 5.4786 - val_accuracy: 0.4000 - lr: 5.0000e-05
1/1 [==============================] - 0s 92ms/step - loss: 5.5030 - accuracy: 0.4286
Found 60 images belonging to 6 classes.
Found 5 images belonging to 6 classes.
Found 7 images belonging to 6 classes.
Epoch 1/20
4/4 [==============================] - ETA: 0s - loss: 7.3016 - accuracy: 0.1833C:\Users\tom.zbc\PycharmProjects\fungis_bacterias_project\.venv\lib\site-packages\keras\src\engine\training.py:3000: UserWarning: You are saving your model as an HDF5 file via `model.save()`. This file format is considered legacy. We recommend using instead the native Keras format, e.g. `model.save('my_model.keras')`.
  saving_api.save_model(
4/4 [==============================] - 2s 397ms/step - loss: 7.3016 - accuracy: 0.1833 - val_loss: 7.2012 - val_accuracy: 0.2000 - lr: 5.0000e-05
Epoch 2/20
4/4 [==============================] - 1s 329ms/step - loss: 7.0530 - accuracy: 0.2167 - val_loss: 6.9706 - val_accuracy: 0.2000 - lr: 5.0000e-05
Epoch 3/20
4/4 [==============================] - 1s 333ms/step - loss: 6.9290 - accuracy: 0.2167 - val_loss: 6.7758 - val_accuracy: 0.2000 - lr: 5.0000e-05
Epoch 4/20
4/4 [==============================] - 1s 361ms/step - loss: 6.7403 - accuracy: 0.2167 - val_loss: 6.5769 - val_accuracy: 0.2000 - lr: 5.0000e-05
Epoch 5/20
4/4 [==============================] - 1s 336ms/step - loss: 6.5423 - accuracy: 0.1500 - val_loss: 6.4174 - val_accuracy: 0.2000 - lr: 5.0000e-05
Epoch 6/20
4/4 [==============================] - 1s 335ms/step - loss: 6.4227 - accuracy: 0.1500 - val_loss: 6.2926 - val_accuracy: 0.2000 - lr: 5.0000e-05
Epoch 7/20
4/4 [==============================] - 1s 330ms/step - loss: 6.3295 - accuracy: 0.1500 - val_loss: 6.1788 - val_accuracy: 0.2000 - lr: 5.0000e-05
Epoch 8/20
4/4 [==============================] - 1s 361ms/step - loss: 6.2128 - accuracy: 0.2333 - val_loss: 6.0704 - val_accuracy: 0.2000 - lr: 5.0000e-05
Epoch 9/20
4/4 [==============================] - 1s 335ms/step - loss: 6.0719 - accuracy: 0.2500 - val_loss: 5.9708 - val_accuracy: 0.0000e+00 - lr: 5.0000e-05
Epoch 10/20
4/4 [==============================] - 1s 333ms/step - loss: 5.9313 - accuracy: 0.2500 - val_loss: 5.8910 - val_accuracy: 0.2000 - lr: 5.0000e-05
Epoch 11/20
4/4 [==============================] - 1s 340ms/step - loss: 5.8979 - accuracy: 0.2167 - val_loss: 5.8027 - val_accuracy: 0.2000 - lr: 5.0000e-05
Epoch 12/20
4/4 [==============================] - 1s 341ms/step - loss: 5.7318 - accuracy: 0.2333 - val_loss: 5.6942 - val_accuracy: 0.2000 - lr: 5.0000e-05
Epoch 13/20
4/4 [==============================] - 1s 325ms/step - loss: 5.6966 - accuracy: 0.2500 - val_loss: 5.6038 - val_accuracy: 0.0000e+00 - lr: 5.0000e-05
Epoch 14/20
4/4 [==============================] - 1s 359ms/step - loss: 5.6060 - accuracy: 0.2167 - val_loss: 5.5302 - val_accuracy: 0.0000e+00 - lr: 5.0000e-05
Epoch 15/20
4/4 [==============================] - 1s 329ms/step - loss: 5.4842 - accuracy: 0.2000 - val_loss: 5.4750 - val_accuracy: 0.2000 - lr: 5.0000e-05
Epoch 16/20
4/4 [==============================] - 1s 325ms/step - loss: 5.2779 - accuracy: 0.3333 - val_loss: 5.4108 - val_accuracy: 0.2000 - lr: 5.0000e-05
Epoch 17/20
4/4 [==============================] - 1s 329ms/step - loss: 5.4140 - accuracy: 0.1167 - val_loss: 5.3399 - val_accuracy: 0.2000 - lr: 5.0000e-05
Epoch 18/20
4/4 [==============================] - 1s 348ms/step - loss: 5.3126 - accuracy: 0.1500 - val_loss: 5.2647 - val_accuracy: 0.2000 - lr: 5.0000e-05
Epoch 19/20
4/4 [==============================] - 1s 360ms/step - loss: 5.2082 - accuracy: 0.1833 - val_loss: 5.1916 - val_accuracy: 0.4000 - lr: 5.0000e-05
Epoch 20/20
4/4 [==============================] - 1s 330ms/step - loss: 5.1289 - accuracy: 0.2167 - val_loss: 5.1323 - val_accuracy: 0.4000 - lr: 5.0000e-05
1/1 [==============================] - 0s 89ms/step - loss: 5.2026 - accuracy: 0.1429
Found 60 images belonging to 6 classes.
Found 5 images belonging to 6 classes.
Found 7 images belonging to 6 classes.
Epoch 1/15
4/4 [==============================] - ETA: 0s - loss: 7.3509 - accuracy: 0.1167C:\Users\tom.zbc\PycharmProjects\fungis_bacterias_project\.venv\lib\site-packages\keras\src\engine\training.py:3000: UserWarning: You are saving your model as an HDF5 file via `model.save()`. This file format is considered legacy. We recommend using instead the native Keras format, e.g. `model.save('my_model.keras')`.
  saving_api.save_model(
4/4 [==============================] - 2s 449ms/step - loss: 7.3509 - accuracy: 0.1167 - val_loss: 7.0656 - val_accuracy: 0.4000 - lr: 5.0000e-05
Epoch 2/15
4/4 [==============================] - 1s 346ms/step - loss: 7.0979 - accuracy: 0.1500 - val_loss: 6.9033 - val_accuracy: 0.2000 - lr: 5.0000e-05
Epoch 3/15
4/4 [==============================] - 1s 339ms/step - loss: 6.9486 - accuracy: 0.1500 - val_loss: 6.7439 - val_accuracy: 0.4000 - lr: 5.0000e-05
Epoch 4/15
4/4 [==============================] - 1s 361ms/step - loss: 6.7565 - accuracy: 0.2333 - val_loss: 6.5922 - val_accuracy: 0.2000 - lr: 5.0000e-05
Epoch 5/15
4/4 [==============================] - 1s 336ms/step - loss: 6.6329 - accuracy: 0.2667 - val_loss: 6.4469 - val_accuracy: 0.2000 - lr: 5.0000e-05
Epoch 6/15
4/4 [==============================] - 1s 350ms/step - loss: 6.4229 - accuracy: 0.2500 - val_loss: 6.2808 - val_accuracy: 0.2000 - lr: 5.0000e-05
Epoch 7/15
4/4 [==============================] - 1s 349ms/step - loss: 6.4125 - accuracy: 0.2000 - val_loss: 6.1750 - val_accuracy: 0.4000 - lr: 5.0000e-05
Epoch 8/15
4/4 [==============================] - 1s 368ms/step - loss: 6.2485 - accuracy: 0.1667 - val_loss: 6.0584 - val_accuracy: 0.2000 - lr: 5.0000e-05
Epoch 9/15
4/4 [==============================] - 1s 340ms/step - loss: 6.0576 - accuracy: 0.3333 - val_loss: 5.9474 - val_accuracy: 0.4000 - lr: 5.0000e-05
Epoch 10/15
4/4 [==============================] - 1s 336ms/step - loss: 6.0834 - accuracy: 0.1667 - val_loss: 5.8659 - val_accuracy: 0.2000 - lr: 5.0000e-05
Epoch 11/15
4/4 [==============================] - 1s 344ms/step - loss: 5.9753 - accuracy: 0.2333 - val_loss: 5.7540 - val_accuracy: 0.4000 - lr: 5.0000e-05
Epoch 12/15
4/4 [==============================] - 1s 357ms/step - loss: 5.8402 - accuracy: 0.1833 - val_loss: 5.6741 - val_accuracy: 0.8000 - lr: 5.0000e-05
Epoch 13/15
4/4 [==============================] - 1s 334ms/step - loss: 5.7450 - accuracy: 0.2167 - val_loss: 5.5880 - val_accuracy: 0.4000 - lr: 5.0000e-05
Epoch 14/15
4/4 [==============================] - 1s 349ms/step - loss: 5.6361 - accuracy: 0.2667 - val_loss: 5.5222 - val_accuracy: 0.4000 - lr: 5.0000e-05
Epoch 15/15
4/4 [==============================] - 1s 351ms/step - loss: 5.5626 - accuracy: 0.1833 - val_loss: 5.4383 - val_accuracy: 0.2000 - lr: 5.0000e-05
1/1 [==============================] - 0s 95ms/step - loss: 5.4600 - accuracy: 0.2857
Found 60 images belonging to 6 classes.
Found 5 images belonging to 6 classes.
Found 7 images belonging to 6 classes.
Epoch 1/20
4/4 [==============================] - ETA: 0s - loss: 7.3325 - accuracy: 0.1167C:\Users\tom.zbc\PycharmProjects\fungis_bacterias_project\.venv\lib\site-packages\keras\src\engine\training.py:3000: UserWarning: You are saving your model as an HDF5 file via `model.save()`. This file format is considered legacy. We recommend using instead the native Keras format, e.g. `model.save('my_model.keras')`.
  saving_api.save_model(
4/4 [==============================] - 2s 385ms/step - loss: 7.3325 - accuracy: 0.1167 - val_loss: 7.0533 - val_accuracy: 0.0000e+00 - lr: 5.0000e-05
Epoch 2/20
4/4 [==============================] - 1s 338ms/step - loss: 7.1395 - accuracy: 0.2000 - val_loss: 6.8622 - val_accuracy: 0.4000 - lr: 5.0000e-05
Epoch 3/20
4/4 [==============================] - 1s 356ms/step - loss: 6.9286 - accuracy: 0.1667 - val_loss: 6.7168 - val_accuracy: 0.2000 - lr: 5.0000e-05
Epoch 4/20
4/4 [==============================] - 1s 348ms/step - loss: 6.7734 - accuracy: 0.1667 - val_loss: 6.5445 - val_accuracy: 0.2000 - lr: 5.0000e-05
Epoch 5/20
4/4 [==============================] - 1s 340ms/step - loss: 6.5949 - accuracy: 0.2167 - val_loss: 6.3950 - val_accuracy: 0.2000 - lr: 5.0000e-05
Epoch 6/20
4/4 [==============================] - 1s 349ms/step - loss: 6.5228 - accuracy: 0.1000 - val_loss: 6.2605 - val_accuracy: 0.4000 - lr: 5.0000e-05
Epoch 7/20
4/4 [==============================] - 1s 329ms/step - loss: 6.3515 - accuracy: 0.1667 - val_loss: 6.1467 - val_accuracy: 0.4000 - lr: 5.0000e-05
Epoch 8/20
4/4 [==============================] - 1s 356ms/step - loss: 6.2224 - accuracy: 0.2167 - val_loss: 6.0546 - val_accuracy: 0.2000 - lr: 5.0000e-05
Epoch 9/20
4/4 [==============================] - 1s 365ms/step - loss: 6.1139 - accuracy: 0.2500 - val_loss: 5.9441 - val_accuracy: 0.4000 - lr: 5.0000e-05
Epoch 10/20
4/4 [==============================] - 1s 338ms/step - loss: 6.0254 - accuracy: 0.2000 - val_loss: 5.8471 - val_accuracy: 0.4000 - lr: 5.0000e-05
Epoch 11/20
4/4 [==============================] - 1s 357ms/step - loss: 5.9277 - accuracy: 0.1500 - val_loss: 5.7704 - val_accuracy: 0.4000 - lr: 5.0000e-05
Epoch 12/20
4/4 [==============================] - 1s 346ms/step - loss: 5.9017 - accuracy: 0.1833 - val_loss: 5.6874 - val_accuracy: 0.4000 - lr: 5.0000e-05
Epoch 13/20
4/4 [==============================] - 1s 341ms/step - loss: 5.7219 - accuracy: 0.2333 - val_loss: 5.5888 - val_accuracy: 0.4000 - lr: 5.0000e-05
Epoch 14/20
4/4 [==============================] - 1s 345ms/step - loss: 5.7286 - accuracy: 0.1833 - val_loss: 5.5079 - val_accuracy: 0.4000 - lr: 5.0000e-05
Epoch 15/20
4/4 [==============================] - 1s 361ms/step - loss: 5.5285 - accuracy: 0.2333 - val_loss: 5.4459 - val_accuracy: 0.4000 - lr: 5.0000e-05
Epoch 16/20
4/4 [==============================] - 1s 342ms/step - loss: 5.4811 - accuracy: 0.2333 - val_loss: 5.3736 - val_accuracy: 0.6000 - lr: 5.0000e-05
Epoch 17/20
4/4 [==============================] - 1s 353ms/step - loss: 5.4235 - accuracy: 0.1833 - val_loss: 5.3080 - val_accuracy: 0.6000 - lr: 5.0000e-05
Epoch 18/20
4/4 [==============================] - 1s 331ms/step - loss: 5.3553 - accuracy: 0.2167 - val_loss: 5.2519 - val_accuracy: 0.6000 - lr: 5.0000e-05
Epoch 19/20
4/4 [==============================] - 1s 339ms/step - loss: 5.2367 - accuracy: 0.2167 - val_loss: 5.1695 - val_accuracy: 0.6000 - lr: 5.0000e-05
Epoch 20/20
4/4 [==============================] - 1s 337ms/step - loss: 5.1983 - accuracy: 0.2000 - val_loss: 5.0918 - val_accuracy: 0.6000 - lr: 5.0000e-05
1/1 [==============================] - 0s 87ms/step - loss: 5.2459 - accuracy: 0.1429
Found 60 images belonging to 6 classes.
Found 5 images belonging to 6 classes.
Found 7 images belonging to 6 classes.
Epoch 1/15
4/4 [==============================] - ETA: 0s - loss: 7.3020 - accuracy: 0.0833C:\Users\tom.zbc\PycharmProjects\fungis_bacterias_project\.venv\lib\site-packages\keras\src\engine\training.py:3000: UserWarning: You are saving your model as an HDF5 file via `model.save()`. This file format is considered legacy. We recommend using instead the native Keras format, e.g. `model.save('my_model.keras')`.
  saving_api.save_model(
4/4 [==============================] - 2s 386ms/step - loss: 7.3020 - accuracy: 0.0833 - val_loss: 7.1879 - val_accuracy: 0.0000e+00 - lr: 5.0000e-05
Epoch 2/15
4/4 [==============================] - 1s 367ms/step - loss: 7.1109 - accuracy: 0.1500 - val_loss: 7.0146 - val_accuracy: 0.2000 - lr: 5.0000e-05
Epoch 3/15
4/4 [==============================] - 1s 338ms/step - loss: 6.9256 - accuracy: 0.1500 - val_loss: 6.8448 - val_accuracy: 0.2000 - lr: 5.0000e-05
Epoch 4/15
4/4 [==============================] - 1s 360ms/step - loss: 6.7615 - accuracy: 0.1833 - val_loss: 6.6923 - val_accuracy: 0.4000 - lr: 5.0000e-05
Epoch 5/15
4/4 [==============================] - 1s 344ms/step - loss: 6.5889 - accuracy: 0.2333 - val_loss: 6.5536 - val_accuracy: 0.4000 - lr: 5.0000e-05
Epoch 6/15
4/4 [==============================] - 1s 352ms/step - loss: 6.4352 - accuracy: 0.2000 - val_loss: 6.4043 - val_accuracy: 0.4000 - lr: 5.0000e-05
Epoch 7/15
4/4 [==============================] - 1s 354ms/step - loss: 6.3466 - accuracy: 0.1333 - val_loss: 6.2882 - val_accuracy: 0.4000 - lr: 5.0000e-05
Epoch 8/15
4/4 [==============================] - 1s 344ms/step - loss: 6.2269 - accuracy: 0.2000 - val_loss: 6.1952 - val_accuracy: 0.4000 - lr: 5.0000e-05
Epoch 9/15
4/4 [==============================] - 1s 321ms/step - loss: 6.0951 - accuracy: 0.2333 - val_loss: 6.0945 - val_accuracy: 0.4000 - lr: 5.0000e-05
Epoch 10/15
4/4 [==============================] - 1s 369ms/step - loss: 6.0701 - accuracy: 0.1333 - val_loss: 6.0156 - val_accuracy: 0.4000 - lr: 5.0000e-05
Epoch 11/15
4/4 [==============================] - 1s 348ms/step - loss: 5.9267 - accuracy: 0.2000 - val_loss: 5.8996 - val_accuracy: 0.4000 - lr: 5.0000e-05
Epoch 12/15
4/4 [==============================] - 1s 335ms/step - loss: 5.8410 - accuracy: 0.2667 - val_loss: 5.7823 - val_accuracy: 0.6000 - lr: 5.0000e-05
Epoch 13/15
4/4 [==============================] - 1s 335ms/step - loss: 5.7418 - accuracy: 0.1667 - val_loss: 5.6986 - val_accuracy: 0.6000 - lr: 5.0000e-05
Epoch 14/15
4/4 [==============================] - 1s 355ms/step - loss: 5.6390 - accuracy: 0.2000 - val_loss: 5.5899 - val_accuracy: 0.6000 - lr: 5.0000e-05
Epoch 15/15
4/4 [==============================] - 1s 342ms/step - loss: 5.6234 - accuracy: 0.1667 - val_loss: 5.4916 - val_accuracy: 0.6000 - lr: 5.0000e-05
1/1 [==============================] - 0s 89ms/step - loss: 5.5976 - accuracy: 0.4286
Found 60 images belonging to 6 classes.
Found 5 images belonging to 6 classes.
Found 7 images belonging to 6 classes.
Epoch 1/20
4/4 [==============================] - ETA: 0s - loss: 7.2975 - accuracy: 0.2167C:\Users\tom.zbc\PycharmProjects\fungis_bacterias_project\.venv\lib\site-packages\keras\src\engine\training.py:3000: UserWarning: You are saving your model as an HDF5 file via `model.save()`. This file format is considered legacy. We recommend using instead the native Keras format, e.g. `model.save('my_model.keras')`.
  saving_api.save_model(
4/4 [==============================] - 2s 390ms/step - loss: 7.2975 - accuracy: 0.2167 - val_loss: 7.1070 - val_accuracy: 0.4000 - lr: 5.0000e-05
Epoch 2/20
4/4 [==============================] - 1s 331ms/step - loss: 7.0936 - accuracy: 0.1833 - val_loss: 6.9492 - val_accuracy: 0.2000 - lr: 5.0000e-05
Epoch 3/20
4/4 [==============================] - 1s 358ms/step - loss: 6.9977 - accuracy: 0.1500 - val_loss: 6.7142 - val_accuracy: 0.2000 - lr: 5.0000e-05
Epoch 4/20
4/4 [==============================] - 1s 342ms/step - loss: 6.8597 - accuracy: 0.2000 - val_loss: 6.5770 - val_accuracy: 0.2000 - lr: 5.0000e-05
Epoch 5/20
4/4 [==============================] - 1s 344ms/step - loss: 6.6820 - accuracy: 0.1167 - val_loss: 6.4836 - val_accuracy: 0.2000 - lr: 5.0000e-05
Epoch 6/20
4/4 [==============================] - 1s 343ms/step - loss: 6.5848 - accuracy: 0.1500 - val_loss: 6.3763 - val_accuracy: 0.2000 - lr: 5.0000e-05
Epoch 7/20
4/4 [==============================] - 1s 337ms/step - loss: 6.4340 - accuracy: 0.2167 - val_loss: 6.2670 - val_accuracy: 0.4000 - lr: 5.0000e-05
Epoch 8/20
4/4 [==============================] - 1s 362ms/step - loss: 6.3544 - accuracy: 0.1167 - val_loss: 6.1695 - val_accuracy: 0.4000 - lr: 5.0000e-05
Epoch 9/20
4/4 [==============================] - 1s 333ms/step - loss: 6.1136 - accuracy: 0.2333 - val_loss: 6.0610 - val_accuracy: 0.4000 - lr: 5.0000e-05
Epoch 10/20
4/4 [==============================] - 1s 338ms/step - loss: 5.9774 - accuracy: 0.3167 - val_loss: 5.9065 - val_accuracy: 0.4000 - lr: 5.0000e-05
Epoch 11/20
4/4 [==============================] - 1s 350ms/step - loss: 6.0037 - accuracy: 0.1833 - val_loss: 5.7587 - val_accuracy: 0.4000 - lr: 5.0000e-05
Epoch 12/20
4/4 [==============================] - 1s 352ms/step - loss: 5.8809 - accuracy: 0.1667 - val_loss: 5.6405 - val_accuracy: 0.4000 - lr: 5.0000e-05
Epoch 13/20
4/4 [==============================] - 1s 340ms/step - loss: 5.7620 - accuracy: 0.2833 - val_loss: 5.5502 - val_accuracy: 0.4000 - lr: 5.0000e-05
Epoch 14/20
4/4 [==============================] - 1s 325ms/step - loss: 5.7438 - accuracy: 0.2167 - val_loss: 5.4589 - val_accuracy: 0.4000 - lr: 5.0000e-05
Epoch 15/20
4/4 [==============================] - 1s 356ms/step - loss: 5.6256 - accuracy: 0.2000 - val_loss: 5.3774 - val_accuracy: 0.4000 - lr: 5.0000e-05
Epoch 16/20
4/4 [==============================] - 1s 347ms/step - loss: 5.6034 - accuracy: 0.1667 - val_loss: 5.3081 - val_accuracy: 0.4000 - lr: 5.0000e-05
Epoch 17/20
4/4 [==============================] - 1s 347ms/step - loss: 5.5542 - accuracy: 0.1333 - val_loss: 5.2223 - val_accuracy: 0.4000 - lr: 5.0000e-05
Epoch 18/20
4/4 [==============================] - 1s 338ms/step - loss: 5.3551 - accuracy: 0.3000 - val_loss: 5.1645 - val_accuracy: 0.6000 - lr: 5.0000e-05
Epoch 19/20
4/4 [==============================] - 1s 329ms/step - loss: 5.3239 - accuracy: 0.2333 - val_loss: 5.1342 - val_accuracy: 0.6000 - lr: 5.0000e-05
Epoch 20/20
4/4 [==============================] - 1s 336ms/step - loss: 5.2894 - accuracy: 0.2000 - val_loss: 5.0784 - val_accuracy: 0.4000 - lr: 5.0000e-05
1/1 [==============================] - 0s 83ms/step - loss: 5.2274 - accuracy: 0.1429
Found 60 images belonging to 6 classes.
Found 5 images belonging to 6 classes.
Found 7 images belonging to 6 classes.
Epoch 1/15
4/4 [==============================] - ETA: 0s - loss: 7.7109 - accuracy: 0.1333C:\Users\tom.zbc\PycharmProjects\fungis_bacterias_project\.venv\lib\site-packages\keras\src\engine\training.py:3000: UserWarning: You are saving your model as an HDF5 file via `model.save()`. This file format is considered legacy. We recommend using instead the native Keras format, e.g. `model.save('my_model.keras')`.
  saving_api.save_model(
4/4 [==============================] - 3s 581ms/step - loss: 7.7109 - accuracy: 0.1333 - val_loss: 7.4369 - val_accuracy: 0.2000 - lr: 5.0000e-05
Epoch 2/15
4/4 [==============================] - 2s 528ms/step - loss: 7.3992 - accuracy: 0.1500 - val_loss: 7.1307 - val_accuracy: 0.4000 - lr: 5.0000e-05
Epoch 3/15
4/4 [==============================] - 2s 541ms/step - loss: 7.1225 - accuracy: 0.2333 - val_loss: 6.9580 - val_accuracy: 0.4000 - lr: 5.0000e-05
Epoch 4/15
4/4 [==============================] - 2s 558ms/step - loss: 6.9986 - accuracy: 0.1667 - val_loss: 6.7925 - val_accuracy: 0.4000 - lr: 5.0000e-05
Epoch 5/15
4/4 [==============================] - 2s 558ms/step - loss: 6.7432 - accuracy: 0.2167 - val_loss: 6.6131 - val_accuracy: 0.4000 - lr: 5.0000e-05
Epoch 6/15
4/4 [==============================] - 2s 554ms/step - loss: 6.5909 - accuracy: 0.1667 - val_loss: 6.4221 - val_accuracy: 0.4000 - lr: 5.0000e-05
Epoch 7/15
4/4 [==============================] - 2s 539ms/step - loss: 6.3258 - accuracy: 0.2500 - val_loss: 6.2285 - val_accuracy: 0.2000 - lr: 5.0000e-05
Epoch 8/15
4/4 [==============================] - 2s 581ms/step - loss: 6.1115 - accuracy: 0.2667 - val_loss: 6.0261 - val_accuracy: 0.4000 - lr: 5.0000e-05
Epoch 9/15
4/4 [==============================] - 2s 551ms/step - loss: 6.0350 - accuracy: 0.2500 - val_loss: 5.8469 - val_accuracy: 0.4000 - lr: 5.0000e-05
Epoch 10/15
4/4 [==============================] - 2s 540ms/step - loss: 5.9600 - accuracy: 0.1500 - val_loss: 5.6771 - val_accuracy: 0.4000 - lr: 5.0000e-05
Epoch 11/15
4/4 [==============================] - 2s 537ms/step - loss: 5.7482 - accuracy: 0.2333 - val_loss: 5.5365 - val_accuracy: 0.4000 - lr: 5.0000e-05
Epoch 12/15
4/4 [==============================] - 2s 538ms/step - loss: 5.6268 - accuracy: 0.2000 - val_loss: 5.4150 - val_accuracy: 0.6000 - lr: 5.0000e-05
Epoch 13/15
4/4 [==============================] - 2s 569ms/step - loss: 5.4871 - accuracy: 0.2667 - val_loss: 5.3161 - val_accuracy: 0.6000 - lr: 5.0000e-05
Epoch 14/15
4/4 [==============================] - 2s 576ms/step - loss: 5.4514 - accuracy: 0.1667 - val_loss: 5.2199 - val_accuracy: 0.6000 - lr: 5.0000e-05
Epoch 15/15
4/4 [==============================] - 2s 582ms/step - loss: 5.2877 - accuracy: 0.2500 - val_loss: 5.1262 - val_accuracy: 0.6000 - lr: 5.0000e-05
1/1 [==============================] - 0s 99ms/step - loss: 5.1586 - accuracy: 0.2857
Found 60 images belonging to 6 classes.
Found 5 images belonging to 6 classes.
Found 7 images belonging to 6 classes.
Epoch 1/20
4/4 [==============================] - ETA: 0s - loss: 7.6609 - accuracy: 0.1833C:\Users\tom.zbc\PycharmProjects\fungis_bacterias_project\.venv\lib\site-packages\keras\src\engine\training.py:3000: UserWarning: You are saving your model as an HDF5 file via `model.save()`. This file format is considered legacy. We recommend using instead the native Keras format, e.g. `model.save('my_model.keras')`.
  saving_api.save_model(
4/4 [==============================] - 3s 619ms/step - loss: 7.6609 - accuracy: 0.1833 - val_loss: 7.5364 - val_accuracy: 0.2000 - lr: 5.0000e-05
Epoch 2/20
4/4 [==============================] - 2s 565ms/step - loss: 7.3690 - accuracy: 0.0667 - val_loss: 7.2161 - val_accuracy: 0.2000 - lr: 5.0000e-05
Epoch 3/20
4/4 [==============================] - 2s 545ms/step - loss: 7.1222 - accuracy: 0.1333 - val_loss: 6.9401 - val_accuracy: 0.2000 - lr: 5.0000e-05
Epoch 4/20
4/4 [==============================] - 2s 558ms/step - loss: 6.8296 - accuracy: 0.2167 - val_loss: 6.7075 - val_accuracy: 0.2000 - lr: 5.0000e-05
Epoch 5/20
4/4 [==============================] - 2s 538ms/step - loss: 6.6333 - accuracy: 0.1500 - val_loss: 6.4828 - val_accuracy: 0.4000 - lr: 5.0000e-05
Epoch 6/20
4/4 [==============================] - 2s 534ms/step - loss: 6.4282 - accuracy: 0.2333 - val_loss: 6.2515 - val_accuracy: 0.6000 - lr: 5.0000e-05
Epoch 7/20
4/4 [==============================] - 2s 545ms/step - loss: 6.2143 - accuracy: 0.2333 - val_loss: 6.0817 - val_accuracy: 0.4000 - lr: 5.0000e-05
Epoch 8/20
4/4 [==============================] - 2s 551ms/step - loss: 6.2017 - accuracy: 0.1500 - val_loss: 5.9379 - val_accuracy: 0.4000 - lr: 5.0000e-05
Epoch 9/20
4/4 [==============================] - 2s 544ms/step - loss: 5.9516 - accuracy: 0.1667 - val_loss: 5.7905 - val_accuracy: 0.4000 - lr: 5.0000e-05
Epoch 10/20
4/4 [==============================] - 2s 527ms/step - loss: 5.7988 - accuracy: 0.2500 - val_loss: 5.6631 - val_accuracy: 0.4000 - lr: 5.0000e-05
Epoch 11/20
4/4 [==============================] - 2s 532ms/step - loss: 5.6413 - accuracy: 0.2667 - val_loss: 5.5336 - val_accuracy: 0.4000 - lr: 5.0000e-05
Epoch 12/20
4/4 [==============================] - 2s 550ms/step - loss: 5.5366 - accuracy: 0.2167 - val_loss: 5.3926 - val_accuracy: 0.4000 - lr: 5.0000e-05
Epoch 13/20
4/4 [==============================] - 2s 540ms/step - loss: 5.4109 - accuracy: 0.1833 - val_loss: 5.2822 - val_accuracy: 0.2000 - lr: 5.0000e-05
Epoch 14/20
4/4 [==============================] - 2s 534ms/step - loss: 5.3571 - accuracy: 0.1667 - val_loss: 5.1874 - val_accuracy: 0.2000 - lr: 5.0000e-05
Epoch 15/20
4/4 [==============================] - 2s 532ms/step - loss: 5.2208 - accuracy: 0.3167 - val_loss: 5.0797 - val_accuracy: 0.2000 - lr: 5.0000e-05
Epoch 16/20
4/4 [==============================] - 2s 527ms/step - loss: 5.2061 - accuracy: 0.1833 - val_loss: 4.9990 - val_accuracy: 0.4000 - lr: 5.0000e-05
Epoch 17/20
4/4 [==============================] - 2s 568ms/step - loss: 5.1117 - accuracy: 0.1833 - val_loss: 4.9306 - val_accuracy: 0.4000 - lr: 5.0000e-05
Epoch 18/20
4/4 [==============================] - 2s 552ms/step - loss: 4.9676 - accuracy: 0.2333 - val_loss: 4.8418 - val_accuracy: 0.4000 - lr: 5.0000e-05
Epoch 19/20
4/4 [==============================] - 2s 561ms/step - loss: 4.8935 - accuracy: 0.2000 - val_loss: 4.7501 - val_accuracy: 0.4000 - lr: 5.0000e-05
Epoch 20/20
4/4 [==============================] - 2s 638ms/step - loss: 4.7765 - accuracy: 0.2500 - val_loss: 4.6845 - val_accuracy: 0.4000 - lr: 5.0000e-05
1/1 [==============================] - 0s 110ms/step - loss: 4.7743 - accuracy: 0.1429
Found 60 images belonging to 6 classes.
Found 5 images belonging to 6 classes.
Found 7 images belonging to 6 classes.
Epoch 1/15
4/4 [==============================] - ETA: 0s - loss: 7.6986 - accuracy: 0.1167C:\Users\tom.zbc\PycharmProjects\fungis_bacterias_project\.venv\lib\site-packages\keras\src\engine\training.py:3000: UserWarning: You are saving your model as an HDF5 file via `model.save()`. This file format is considered legacy. We recommend using instead the native Keras format, e.g. `model.save('my_model.keras')`.
  saving_api.save_model(
4/4 [==============================] - 3s 619ms/step - loss: 7.6986 - accuracy: 0.1167 - val_loss: 7.4506 - val_accuracy: 0.2000 - lr: 5.0000e-05
Epoch 2/15
4/4 [==============================] - 2s 544ms/step - loss: 7.4044 - accuracy: 0.1000 - val_loss: 7.2457 - val_accuracy: 0.2000 - lr: 5.0000e-05
Epoch 3/15
4/4 [==============================] - 2s 536ms/step - loss: 7.1037 - accuracy: 0.1500 - val_loss: 6.9700 - val_accuracy: 0.0000e+00 - lr: 5.0000e-05
Epoch 4/15
4/4 [==============================] - 2s 560ms/step - loss: 6.9569 - accuracy: 0.1167 - val_loss: 6.7284 - val_accuracy: 0.0000e+00 - lr: 5.0000e-05
Epoch 5/15
4/4 [==============================] - 2s 570ms/step - loss: 6.6557 - accuracy: 0.1667 - val_loss: 6.4641 - val_accuracy: 0.4000 - lr: 5.0000e-05
Epoch 6/15
4/4 [==============================] - 2s 575ms/step - loss: 6.4659 - accuracy: 0.2000 - val_loss: 6.2968 - val_accuracy: 0.4000 - lr: 5.0000e-05
Epoch 7/15
4/4 [==============================] - 2s 550ms/step - loss: 6.2720 - accuracy: 0.2167 - val_loss: 6.1730 - val_accuracy: 0.0000e+00 - lr: 5.0000e-05
Epoch 8/15
4/4 [==============================] - 2s 556ms/step - loss: 6.1475 - accuracy: 0.1667 - val_loss: 6.0211 - val_accuracy: 0.0000e+00 - lr: 5.0000e-05
Epoch 9/15
4/4 [==============================] - 2s 581ms/step - loss: 5.9707 - accuracy: 0.2167 - val_loss: 5.8939 - val_accuracy: 0.0000e+00 - lr: 5.0000e-05
Epoch 10/15
4/4 [==============================] - 2s 555ms/step - loss: 5.7848 - accuracy: 0.2333 - val_loss: 5.7615 - val_accuracy: 0.0000e+00 - lr: 5.0000e-05
Epoch 11/15
4/4 [==============================] - 2s 529ms/step - loss: 5.6834 - accuracy: 0.2167 - val_loss: 5.6357 - val_accuracy: 0.0000e+00 - lr: 5.0000e-05
Epoch 12/15
4/4 [==============================] - 2s 555ms/step - loss: 5.5768 - accuracy: 0.2000 - val_loss: 5.4964 - val_accuracy: 0.0000e+00 - lr: 5.0000e-05
Epoch 13/15
4/4 [==============================] - 2s 551ms/step - loss: 5.4077 - accuracy: 0.2333 - val_loss: 5.3560 - val_accuracy: 0.0000e+00 - lr: 5.0000e-05
Epoch 14/15
4/4 [==============================] - 2s 563ms/step - loss: 5.3322 - accuracy: 0.2333 - val_loss: 5.2283 - val_accuracy: 0.0000e+00 - lr: 5.0000e-05
Epoch 15/15
4/4 [==============================] - 2s 546ms/step - loss: 5.1796 - accuracy: 0.2667 - val_loss: 5.1164 - val_accuracy: 0.0000e+00 - lr: 5.0000e-05
1/1 [==============================] - 0s 102ms/step - loss: 5.0451 - accuracy: 0.5714
Found 60 images belonging to 6 classes.
Found 5 images belonging to 6 classes.
Found 7 images belonging to 6 classes.
Epoch 1/20
4/4 [==============================] - ETA: 0s - loss: 7.6542 - accuracy: 0.2167C:\Users\tom.zbc\PycharmProjects\fungis_bacterias_project\.venv\lib\site-packages\keras\src\engine\training.py:3000: UserWarning: You are saving your model as an HDF5 file via `model.save()`. This file format is considered legacy. We recommend using instead the native Keras format, e.g. `model.save('my_model.keras')`.
  saving_api.save_model(
4/4 [==============================] - 3s 583ms/step - loss: 7.6542 - accuracy: 0.2167 - val_loss: 7.4625 - val_accuracy: 0.2000 - lr: 5.0000e-05
Epoch 2/20
4/4 [==============================] - 2s 554ms/step - loss: 7.4241 - accuracy: 0.1167 - val_loss: 7.2574 - val_accuracy: 0.2000 - lr: 5.0000e-05
Epoch 3/20
4/4 [==============================] - 2s 549ms/step - loss: 7.1798 - accuracy: 0.2000 - val_loss: 7.0249 - val_accuracy: 0.2000 - lr: 5.0000e-05
Epoch 4/20
4/4 [==============================] - 2s 571ms/step - loss: 6.9612 - accuracy: 0.1667 - val_loss: 6.7390 - val_accuracy: 0.2000 - lr: 5.0000e-05
Epoch 5/20
4/4 [==============================] - 2s 531ms/step - loss: 6.8321 - accuracy: 0.1667 - val_loss: 6.5304 - val_accuracy: 0.4000 - lr: 5.0000e-05
Epoch 6/20
4/4 [==============================] - 2s 522ms/step - loss: 6.5855 - accuracy: 0.1833 - val_loss: 6.3484 - val_accuracy: 0.4000 - lr: 5.0000e-05
Epoch 7/20
4/4 [==============================] - 2s 564ms/step - loss: 6.3846 - accuracy: 0.2000 - val_loss: 6.1509 - val_accuracy: 0.4000 - lr: 5.0000e-05
Epoch 8/20
4/4 [==============================] - 2s 561ms/step - loss: 6.2434 - accuracy: 0.2667 - val_loss: 5.9717 - val_accuracy: 0.4000 - lr: 5.0000e-05
Epoch 9/20
4/4 [==============================] - 2s 590ms/step - loss: 6.1844 - accuracy: 0.2167 - val_loss: 5.8428 - val_accuracy: 0.4000 - lr: 5.0000e-05
Epoch 10/20
4/4 [==============================] - 2s 567ms/step - loss: 5.9997 - accuracy: 0.1833 - val_loss: 5.7205 - val_accuracy: 0.6000 - lr: 5.0000e-05
Epoch 11/20
4/4 [==============================] - 2s 562ms/step - loss: 5.9507 - accuracy: 0.2167 - val_loss: 5.6321 - val_accuracy: 0.6000 - lr: 5.0000e-05
Epoch 12/20
4/4 [==============================] - 2s 562ms/step - loss: 5.8086 - accuracy: 0.1500 - val_loss: 5.5663 - val_accuracy: 0.4000 - lr: 5.0000e-05
Epoch 13/20
4/4 [==============================] - 2s 559ms/step - loss: 5.6812 - accuracy: 0.2500 - val_loss: 5.4835 - val_accuracy: 0.2000 - lr: 5.0000e-05
Epoch 14/20
4/4 [==============================] - 2s 556ms/step - loss: 5.5239 - accuracy: 0.3333 - val_loss: 5.3774 - val_accuracy: 0.2000 - lr: 5.0000e-05
Epoch 15/20
4/4 [==============================] - 2s 583ms/step - loss: 5.4738 - accuracy: 0.2333 - val_loss: 5.2715 - val_accuracy: 0.2000 - lr: 5.0000e-05
Epoch 16/20
4/4 [==============================] - 2s 569ms/step - loss: 5.3933 - accuracy: 0.2500 - val_loss: 5.1855 - val_accuracy: 0.2000 - lr: 5.0000e-05
Epoch 17/20
4/4 [==============================] - 2s 584ms/step - loss: 5.2748 - accuracy: 0.2833 - val_loss: 5.1016 - val_accuracy: 0.2000 - lr: 5.0000e-05
Epoch 18/20
4/4 [==============================] - 2s 564ms/step - loss: 5.2691 - accuracy: 0.2333 - val_loss: 5.0152 - val_accuracy: 0.4000 - lr: 5.0000e-05
Epoch 19/20
4/4 [==============================] - 2s 553ms/step - loss: 5.1792 - accuracy: 0.1833 - val_loss: 4.9425 - val_accuracy: 0.4000 - lr: 5.0000e-05
Epoch 20/20
4/4 [==============================] - 2s 550ms/step - loss: 5.0660 - accuracy: 0.2333 - val_loss: 4.9123 - val_accuracy: 0.4000 - lr: 5.0000e-05
1/1 [==============================] - 0s 104ms/step - loss: 5.0501 - accuracy: 0.1429
Found 60 images belonging to 6 classes.
Found 5 images belonging to 6 classes.
Found 7 images belonging to 6 classes.
Epoch 1/15
4/4 [==============================] - ETA: 0s - loss: 7.7097 - accuracy: 0.1000C:\Users\tom.zbc\PycharmProjects\fungis_bacterias_project\.venv\lib\site-packages\keras\src\engine\training.py:3000: UserWarning: You are saving your model as an HDF5 file via `model.save()`. This file format is considered legacy. We recommend using instead the native Keras format, e.g. `model.save('my_model.keras')`.
  saving_api.save_model(
4/4 [==============================] - 3s 602ms/step - loss: 7.7097 - accuracy: 0.1000 - val_loss: 7.3618 - val_accuracy: 0.4000 - lr: 5.0000e-05
Epoch 2/15
4/4 [==============================] - 2s 577ms/step - loss: 7.3746 - accuracy: 0.2333 - val_loss: 7.1424 - val_accuracy: 0.4000 - lr: 5.0000e-05
Epoch 3/15
4/4 [==============================] - 2s 578ms/step - loss: 7.2121 - accuracy: 0.1500 - val_loss: 6.9179 - val_accuracy: 0.2000 - lr: 5.0000e-05
Epoch 4/15
4/4 [==============================] - 2s 555ms/step - loss: 7.0362 - accuracy: 0.1167 - val_loss: 6.7158 - val_accuracy: 0.2000 - lr: 5.0000e-05
Epoch 5/15
4/4 [==============================] - 2s 545ms/step - loss: 6.7641 - accuracy: 0.2000 - val_loss: 6.4974 - val_accuracy: 0.2000 - lr: 5.0000e-05
Epoch 6/15
4/4 [==============================] - 2s 552ms/step - loss: 6.5661 - accuracy: 0.1833 - val_loss: 6.3081 - val_accuracy: 0.2000 - lr: 5.0000e-05
Epoch 7/15
4/4 [==============================] - 2s 553ms/step - loss: 6.4462 - accuracy: 0.1833 - val_loss: 6.1331 - val_accuracy: 0.4000 - lr: 5.0000e-05
Epoch 8/15
4/4 [==============================] - 2s 555ms/step - loss: 6.2806 - accuracy: 0.2000 - val_loss: 5.9931 - val_accuracy: 0.6000 - lr: 5.0000e-05
Epoch 9/15
4/4 [==============================] - 2s 537ms/step - loss: 6.0997 - accuracy: 0.2167 - val_loss: 5.8670 - val_accuracy: 0.6000 - lr: 5.0000e-05
Epoch 10/15
4/4 [==============================] - 2s 539ms/step - loss: 5.9521 - accuracy: 0.3167 - val_loss: 5.7345 - val_accuracy: 0.4000 - lr: 5.0000e-05
Epoch 11/15
4/4 [==============================] - 2s 546ms/step - loss: 5.9230 - accuracy: 0.1667 - val_loss: 5.6167 - val_accuracy: 0.4000 - lr: 5.0000e-05
Epoch 12/15
4/4 [==============================] - 2s 545ms/step - loss: 5.7512 - accuracy: 0.2000 - val_loss: 5.4847 - val_accuracy: 0.6000 - lr: 5.0000e-05
Epoch 13/15
4/4 [==============================] - 2s 548ms/step - loss: 5.5973 - accuracy: 0.2667 - val_loss: 5.3541 - val_accuracy: 0.6000 - lr: 5.0000e-05
Epoch 14/15
4/4 [==============================] - 2s 568ms/step - loss: 5.5600 - accuracy: 0.1833 - val_loss: 5.2469 - val_accuracy: 0.6000 - lr: 5.0000e-05
Epoch 15/15
4/4 [==============================] - 2s 554ms/step - loss: 5.4348 - accuracy: 0.2000 - val_loss: 5.1361 - val_accuracy: 0.6000 - lr: 5.0000e-05
1/1 [==============================] - 0s 102ms/step - loss: 5.2566 - accuracy: 0.2857
Found 60 images belonging to 6 classes.
Found 5 images belonging to 6 classes.
Found 7 images belonging to 6 classes.
Epoch 1/20
4/4 [==============================] - ETA: 0s - loss: 7.7264 - accuracy: 0.1333C:\Users\tom.zbc\PycharmProjects\fungis_bacterias_project\.venv\lib\site-packages\keras\src\engine\training.py:3000: UserWarning: You are saving your model as an HDF5 file via `model.save()`. This file format is considered legacy. We recommend using instead the native Keras format, e.g. `model.save('my_model.keras')`.
  saving_api.save_model(
4/4 [==============================] - 3s 590ms/step - loss: 7.7264 - accuracy: 0.1333 - val_loss: 7.4882 - val_accuracy: 0.4000 - lr: 5.0000e-05
Epoch 2/20
4/4 [==============================] - 2s 536ms/step - loss: 7.4047 - accuracy: 0.1500 - val_loss: 7.2180 - val_accuracy: 0.4000 - lr: 5.0000e-05
Epoch 3/20
4/4 [==============================] - 2s 533ms/step - loss: 7.1680 - accuracy: 0.0833 - val_loss: 6.9666 - val_accuracy: 0.2000 - lr: 5.0000e-05
Epoch 4/20
4/4 [==============================] - 2s 561ms/step - loss: 6.8525 - accuracy: 0.2167 - val_loss: 6.7254 - val_accuracy: 0.4000 - lr: 5.0000e-05
Epoch 5/20
4/4 [==============================] - 2s 561ms/step - loss: 6.7035 - accuracy: 0.1167 - val_loss: 6.5059 - val_accuracy: 0.2000 - lr: 5.0000e-05
Epoch 6/20
4/4 [==============================] - 2s 545ms/step - loss: 6.4056 - accuracy: 0.3000 - val_loss: 6.3050 - val_accuracy: 0.4000 - lr: 5.0000e-05
Epoch 7/20
4/4 [==============================] - 2s 544ms/step - loss: 6.2420 - accuracy: 0.1500 - val_loss: 6.1311 - val_accuracy: 0.2000 - lr: 5.0000e-05
Epoch 8/20
4/4 [==============================] - 2s 544ms/step - loss: 6.1441 - accuracy: 0.2167 - val_loss: 5.9811 - val_accuracy: 0.2000 - lr: 5.0000e-05
Epoch 9/20
4/4 [==============================] - 2s 631ms/step - loss: 5.8799 - accuracy: 0.2333 - val_loss: 5.8433 - val_accuracy: 0.2000 - lr: 5.0000e-05
Epoch 10/20
4/4 [==============================] - 3s 947ms/step - loss: 5.7734 - accuracy: 0.2333 - val_loss: 5.7021 - val_accuracy: 0.2000 - lr: 5.0000e-05
Epoch 11/20
4/4 [==============================] - 3s 941ms/step - loss: 5.6057 - accuracy: 0.3333 - val_loss: 5.5681 - val_accuracy: 0.2000 - lr: 5.0000e-05
Epoch 12/20
4/4 [==============================] - 3s 907ms/step - loss: 5.5806 - accuracy: 0.1500 - val_loss: 5.4208 - val_accuracy: 0.2000 - lr: 5.0000e-05
Epoch 13/20
4/4 [==============================] - 3s 778ms/step - loss: 5.4147 - accuracy: 0.2333 - val_loss: 5.2844 - val_accuracy: 0.2000 - lr: 5.0000e-05
Epoch 14/20
4/4 [==============================] - 3s 876ms/step - loss: 5.2604 - accuracy: 0.2833 - val_loss: 5.1639 - val_accuracy: 0.4000 - lr: 5.0000e-05
Epoch 15/20
4/4 [==============================] - 3s 897ms/step - loss: 5.2026 - accuracy: 0.2000 - val_loss: 5.0383 - val_accuracy: 0.4000 - lr: 5.0000e-05
Epoch 16/20
4/4 [==============================] - 3s 795ms/step - loss: 5.0776 - accuracy: 0.3000 - val_loss: 4.9287 - val_accuracy: 0.4000 - lr: 5.0000e-05
Epoch 17/20
4/4 [==============================] - 3s 781ms/step - loss: 4.9972 - accuracy: 0.2333 - val_loss: 4.8313 - val_accuracy: 0.4000 - lr: 5.0000e-05
Epoch 18/20
4/4 [==============================] - 3s 888ms/step - loss: 4.8989 - accuracy: 0.2833 - val_loss: 4.7490 - val_accuracy: 0.4000 - lr: 5.0000e-05
Epoch 19/20
4/4 [==============================] - 3s 882ms/step - loss: 4.8439 - accuracy: 0.1833 - val_loss: 4.6723 - val_accuracy: 0.4000 - lr: 5.0000e-05
Epoch 20/20
4/4 [==============================] - 3s 907ms/step - loss: 4.7073 - accuracy: 0.3000 - val_loss: 4.6487 - val_accuracy: 0.4000 - lr: 5.0000e-05
1/1 [==============================] - 0s 128ms/step - loss: 4.6427 - accuracy: 0.2857
Found 60 images belonging to 6 classes.
Found 5 images belonging to 6 classes.
Found 7 images belonging to 6 classes.
Epoch 1/15
4/4 [==============================] - ETA: 0s - loss: 7.6955 - accuracy: 0.1000C:\Users\tom.zbc\PycharmProjects\fungis_bacterias_project\.venv\lib\site-packages\keras\src\engine\training.py:3000: UserWarning: You are saving your model as an HDF5 file via `model.save()`. This file format is considered legacy. We recommend using instead the native Keras format, e.g. `model.save('my_model.keras')`.
  saving_api.save_model(
4/4 [==============================] - 4s 998ms/step - loss: 7.6955 - accuracy: 0.1000 - val_loss: 7.3518 - val_accuracy: 0.2000 - lr: 5.0000e-05
Epoch 2/15
4/4 [==============================] - 3s 783ms/step - loss: 7.3322 - accuracy: 0.1333 - val_loss: 7.1240 - val_accuracy: 0.2000 - lr: 5.0000e-05
Epoch 3/15
4/4 [==============================] - 3s 956ms/step - loss: 7.0474 - accuracy: 0.2000 - val_loss: 6.9072 - val_accuracy: 0.2000 - lr: 5.0000e-05
Epoch 4/15
4/4 [==============================] - 3s 928ms/step - loss: 6.8361 - accuracy: 0.1500 - val_loss: 6.6759 - val_accuracy: 0.2000 - lr: 5.0000e-05
Epoch 5/15
4/4 [==============================] - 3s 695ms/step - loss: 6.6257 - accuracy: 0.1333 - val_loss: 6.4687 - val_accuracy: 0.2000 - lr: 5.0000e-05
Epoch 6/15
4/4 [==============================] - 3s 782ms/step - loss: 6.4480 - accuracy: 0.2000 - val_loss: 6.2728 - val_accuracy: 0.2000 - lr: 5.0000e-05
Epoch 7/15
4/4 [==============================] - 3s 769ms/step - loss: 6.2189 - accuracy: 0.2500 - val_loss: 6.0786 - val_accuracy: 0.2000 - lr: 5.0000e-05
Epoch 8/15
4/4 [==============================] - 3s 734ms/step - loss: 6.0765 - accuracy: 0.1667 - val_loss: 5.8941 - val_accuracy: 0.2000 - lr: 5.0000e-05
Epoch 9/15
4/4 [==============================] - 3s 682ms/step - loss: 6.0093 - accuracy: 0.0833 - val_loss: 5.7523 - val_accuracy: 0.4000 - lr: 5.0000e-05
Epoch 10/15
4/4 [==============================] - 3s 710ms/step - loss: 5.7711 - accuracy: 0.1500 - val_loss: 5.6096 - val_accuracy: 0.4000 - lr: 5.0000e-05
Epoch 11/15
4/4 [==============================] - 2s 656ms/step - loss: 5.5580 - accuracy: 0.2833 - val_loss: 5.4879 - val_accuracy: 0.2000 - lr: 5.0000e-05
Epoch 12/15
4/4 [==============================] - 2s 659ms/step - loss: 5.4435 - accuracy: 0.2167 - val_loss: 5.3660 - val_accuracy: 0.2000 - lr: 5.0000e-05
Epoch 13/15
4/4 [==============================] - 2s 637ms/step - loss: 5.3608 - accuracy: 0.2167 - val_loss: 5.2501 - val_accuracy: 0.2000 - lr: 5.0000e-05
Epoch 14/15
4/4 [==============================] - 2s 608ms/step - loss: 5.2381 - accuracy: 0.2833 - val_loss: 5.1470 - val_accuracy: 0.2000 - lr: 5.0000e-05
Epoch 15/15
4/4 [==============================] - 2s 639ms/step - loss: 5.1702 - accuracy: 0.2167 - val_loss: 5.0285 - val_accuracy: 0.2000 - lr: 5.0000e-05
1/1 [==============================] - 0s 103ms/step - loss: 5.0326 - accuracy: 0.1429
Found 60 images belonging to 6 classes.
Found 5 images belonging to 6 classes.
Found 7 images belonging to 6 classes.
Epoch 1/20
4/4 [==============================] - ETA: 0s - loss: 7.6583 - accuracy: 0.2833C:\Users\tom.zbc\PycharmProjects\fungis_bacterias_project\.venv\lib\site-packages\keras\src\engine\training.py:3000: UserWarning: You are saving your model as an HDF5 file via `model.save()`. This file format is considered legacy. We recommend using instead the native Keras format, e.g. `model.save('my_model.keras')`.
  saving_api.save_model(
4/4 [==============================] - 3s 653ms/step - loss: 7.6583 - accuracy: 0.2833 - val_loss: 7.3555 - val_accuracy: 0.2000 - lr: 5.0000e-05
Epoch 2/20
4/4 [==============================] - 2s 599ms/step - loss: 7.3552 - accuracy: 0.1833 - val_loss: 7.0207 - val_accuracy: 0.4000 - lr: 5.0000e-05
Epoch 3/20
4/4 [==============================] - 2s 564ms/step - loss: 7.2796 - accuracy: 0.1667 - val_loss: 6.7192 - val_accuracy: 0.4000 - lr: 5.0000e-05
Epoch 4/20
4/4 [==============================] - 2s 563ms/step - loss: 6.9180 - accuracy: 0.2167 - val_loss: 6.4887 - val_accuracy: 0.4000 - lr: 5.0000e-05
Epoch 5/20
4/4 [==============================] - 2s 608ms/step - loss: 6.7441 - accuracy: 0.1833 - val_loss: 6.3052 - val_accuracy: 0.4000 - lr: 5.0000e-05
Epoch 6/20
4/4 [==============================] - 2s 559ms/step - loss: 6.5022 - accuracy: 0.1667 - val_loss: 6.1670 - val_accuracy: 0.4000 - lr: 5.0000e-05
Epoch 7/20
4/4 [==============================] - 2s 599ms/step - loss: 6.3099 - accuracy: 0.1833 - val_loss: 6.0586 - val_accuracy: 0.2000 - lr: 5.0000e-05
Epoch 8/20
4/4 [==============================] - 2s 562ms/step - loss: 6.1551 - accuracy: 0.2167 - val_loss: 5.9388 - val_accuracy: 0.2000 - lr: 5.0000e-05
Epoch 9/20
4/4 [==============================] - 2s 545ms/step - loss: 5.9608 - accuracy: 0.1667 - val_loss: 5.8256 - val_accuracy: 0.2000 - lr: 5.0000e-05
Epoch 10/20
4/4 [==============================] - 2s 560ms/step - loss: 5.8419 - accuracy: 0.2333 - val_loss: 5.6956 - val_accuracy: 0.2000 - lr: 5.0000e-05
Epoch 11/20
4/4 [==============================] - 2s 561ms/step - loss: 5.7012 - accuracy: 0.2667 - val_loss: 5.5791 - val_accuracy: 0.2000 - lr: 5.0000e-05
Epoch 12/20
4/4 [==============================] - 2s 576ms/step - loss: 5.5170 - accuracy: 0.3333 - val_loss: 5.4508 - val_accuracy: 0.2000 - lr: 5.0000e-05
Epoch 13/20
4/4 [==============================] - 2s 536ms/step - loss: 5.4294 - accuracy: 0.3500 - val_loss: 5.3326 - val_accuracy: 0.2000 - lr: 5.0000e-05
Epoch 14/20
4/4 [==============================] - 2s 575ms/step - loss: 5.4420 - accuracy: 0.2167 - val_loss: 5.2334 - val_accuracy: 0.2000 - lr: 5.0000e-05
Epoch 15/20
4/4 [==============================] - 2s 548ms/step - loss: 5.2454 - accuracy: 0.2333 - val_loss: 5.1277 - val_accuracy: 0.4000 - lr: 5.0000e-05
Epoch 16/20
4/4 [==============================] - 2s 537ms/step - loss: 5.1465 - accuracy: 0.2667 - val_loss: 5.0193 - val_accuracy: 0.4000 - lr: 5.0000e-05
Epoch 17/20
4/4 [==============================] - 2s 524ms/step - loss: 5.1113 - accuracy: 0.2667 - val_loss: 4.9420 - val_accuracy: 0.4000 - lr: 5.0000e-05
Epoch 18/20
4/4 [==============================] - 2s 544ms/step - loss: 5.0339 - accuracy: 0.1667 - val_loss: 4.8703 - val_accuracy: 0.4000 - lr: 5.0000e-05
Epoch 19/20
4/4 [==============================] - 2s 546ms/step - loss: 4.9850 - accuracy: 0.1667 - val_loss: 4.8042 - val_accuracy: 0.4000 - lr: 5.0000e-05
Epoch 20/20
4/4 [==============================] - 2s 561ms/step - loss: 4.8437 - accuracy: 0.1833 - val_loss: 4.7273 - val_accuracy: 0.4000 - lr: 5.0000e-05
1/1 [==============================] - 0s 103ms/step - loss: 4.7808 - accuracy: 0.2857
Found 60 images belonging to 6 classes.
Found 5 images belonging to 6 classes.
Found 7 images belonging to 6 classes.
Epoch 1/15
4/4 [==============================] - ETA: 0s - loss: 7.3691 - accuracy: 0.2167C:\Users\tom.zbc\PycharmProjects\fungis_bacterias_project\.venv\lib\site-packages\keras\src\engine\training.py:3000: UserWarning: You are saving your model as an HDF5 file via `model.save()`. This file format is considered legacy. We recommend using instead the native Keras format, e.g. `model.save('my_model.keras')`.
  saving_api.save_model(
4/4 [==============================] - 2s 390ms/step - loss: 7.3691 - accuracy: 0.2167 - val_loss: 7.3265 - val_accuracy: 0.2000 - lr: 1.0000e-05
Epoch 2/15
4/4 [==============================] - 1s 345ms/step - loss: 7.3474 - accuracy: 0.1833 - val_loss: 7.2748 - val_accuracy: 0.2000 - lr: 1.0000e-05
Epoch 3/15
4/4 [==============================] - 1s 345ms/step - loss: 7.2737 - accuracy: 0.1833 - val_loss: 7.2287 - val_accuracy: 0.2000 - lr: 1.0000e-05
Epoch 4/15
4/4 [==============================] - 1s 366ms/step - loss: 7.2485 - accuracy: 0.1667 - val_loss: 7.1912 - val_accuracy: 0.2000 - lr: 1.0000e-05
Epoch 5/15
4/4 [==============================] - 1s 341ms/step - loss: 7.1879 - accuracy: 0.1667 - val_loss: 7.1596 - val_accuracy: 0.2000 - lr: 1.0000e-05
Epoch 6/15
4/4 [==============================] - 1s 346ms/step - loss: 7.1774 - accuracy: 0.1333 - val_loss: 7.1302 - val_accuracy: 0.2000 - lr: 1.0000e-05
Epoch 7/15
4/4 [==============================] - 1s 346ms/step - loss: 7.1398 - accuracy: 0.1833 - val_loss: 7.0980 - val_accuracy: 0.2000 - lr: 1.0000e-05
Epoch 8/15
4/4 [==============================] - 1s 340ms/step - loss: 7.0986 - accuracy: 0.2500 - val_loss: 7.0704 - val_accuracy: 0.2000 - lr: 1.0000e-05
Epoch 9/15
4/4 [==============================] - 1s 340ms/step - loss: 7.0716 - accuracy: 0.2333 - val_loss: 7.0412 - val_accuracy: 0.2000 - lr: 1.0000e-05
Epoch 10/15
4/4 [==============================] - 1s 325ms/step - loss: 7.0649 - accuracy: 0.1833 - val_loss: 7.0153 - val_accuracy: 0.2000 - lr: 1.0000e-05
Epoch 11/15
4/4 [==============================] - 1s 358ms/step - loss: 7.0334 - accuracy: 0.1333 - val_loss: 6.9859 - val_accuracy: 0.0000e+00 - lr: 1.0000e-05
Epoch 12/15
4/4 [==============================] - 1s 338ms/step - loss: 6.9841 - accuracy: 0.1500 - val_loss: 6.9545 - val_accuracy: 0.0000e+00 - lr: 1.0000e-05
Epoch 13/15
4/4 [==============================] - 1s 342ms/step - loss: 6.9505 - accuracy: 0.2500 - val_loss: 6.9216 - val_accuracy: 0.0000e+00 - lr: 1.0000e-05
Epoch 14/15
4/4 [==============================] - 1s 354ms/step - loss: 6.9494 - accuracy: 0.1667 - val_loss: 6.8948 - val_accuracy: 0.0000e+00 - lr: 1.0000e-05
Epoch 15/15
4/4 [==============================] - 1s 360ms/step - loss: 6.8757 - accuracy: 0.2833 - val_loss: 6.8632 - val_accuracy: 0.0000e+00 - lr: 1.0000e-05
1/1 [==============================] - 0s 87ms/step - loss: 6.8481 - accuracy: 0.0000e+00
Found 60 images belonging to 6 classes.
Found 5 images belonging to 6 classes.
Found 7 images belonging to 6 classes.
Epoch 1/20
4/4 [==============================] - ETA: 0s - loss: 7.3895 - accuracy: 0.0500C:\Users\tom.zbc\PycharmProjects\fungis_bacterias_project\.venv\lib\site-packages\keras\src\engine\training.py:3000: UserWarning: You are saving your model as an HDF5 file via `model.save()`. This file format is considered legacy. We recommend using instead the native Keras format, e.g. `model.save('my_model.keras')`.
  saving_api.save_model(
4/4 [==============================] - 2s 375ms/step - loss: 7.3895 - accuracy: 0.0500 - val_loss: 7.2688 - val_accuracy: 0.4000 - lr: 1.0000e-05
Epoch 2/20
4/4 [==============================] - 1s 346ms/step - loss: 7.3315 - accuracy: 0.2000 - val_loss: 7.2174 - val_accuracy: 0.4000 - lr: 1.0000e-05
Epoch 3/20
4/4 [==============================] - 1s 366ms/step - loss: 7.3229 - accuracy: 0.1833 - val_loss: 7.1766 - val_accuracy: 0.4000 - lr: 1.0000e-05
Epoch 4/20
4/4 [==============================] - 1s 343ms/step - loss: 7.2567 - accuracy: 0.1500 - val_loss: 7.1400 - val_accuracy: 0.2000 - lr: 1.0000e-05
Epoch 5/20
4/4 [==============================] - 1s 343ms/step - loss: 7.2365 - accuracy: 0.2000 - val_loss: 7.1050 - val_accuracy: 0.2000 - lr: 1.0000e-05
Epoch 6/20
4/4 [==============================] - 1s 350ms/step - loss: 7.1620 - accuracy: 0.2167 - val_loss: 7.0641 - val_accuracy: 0.4000 - lr: 1.0000e-05
Epoch 7/20
4/4 [==============================] - 1s 341ms/step - loss: 7.1695 - accuracy: 0.1833 - val_loss: 7.0253 - val_accuracy: 0.4000 - lr: 1.0000e-05
Epoch 8/20
4/4 [==============================] - 1s 345ms/step - loss: 7.1540 - accuracy: 0.1833 - val_loss: 6.9967 - val_accuracy: 0.4000 - lr: 1.0000e-05
Epoch 9/20
4/4 [==============================] - 1s 353ms/step - loss: 7.1362 - accuracy: 0.1333 - val_loss: 6.9780 - val_accuracy: 0.2000 - lr: 1.0000e-05
Epoch 10/20
4/4 [==============================] - 1s 368ms/step - loss: 7.0583 - accuracy: 0.2667 - val_loss: 6.9504 - val_accuracy: 0.4000 - lr: 1.0000e-05
Epoch 11/20
4/4 [==============================] - 1s 346ms/step - loss: 7.0482 - accuracy: 0.1833 - val_loss: 6.9250 - val_accuracy: 0.4000 - lr: 1.0000e-05
Epoch 12/20
4/4 [==============================] - 1s 355ms/step - loss: 7.0230 - accuracy: 0.1667 - val_loss: 6.8921 - val_accuracy: 0.4000 - lr: 1.0000e-05
Epoch 13/20
4/4 [==============================] - 1s 373ms/step - loss: 6.9805 - accuracy: 0.2667 - val_loss: 6.8703 - val_accuracy: 0.4000 - lr: 1.0000e-05
Epoch 14/20
4/4 [==============================] - 1s 366ms/step - loss: 6.9518 - accuracy: 0.2167 - val_loss: 6.8434 - val_accuracy: 0.4000 - lr: 1.0000e-05
Epoch 15/20
4/4 [==============================] - 1s 373ms/step - loss: 6.9206 - accuracy: 0.2500 - val_loss: 6.8228 - val_accuracy: 0.4000 - lr: 1.0000e-05
Epoch 16/20
4/4 [==============================] - 1s 362ms/step - loss: 6.8724 - accuracy: 0.2333 - val_loss: 6.8013 - val_accuracy: 0.6000 - lr: 1.0000e-05
Epoch 17/20
4/4 [==============================] - 1s 352ms/step - loss: 6.8716 - accuracy: 0.2000 - val_loss: 6.7815 - val_accuracy: 0.6000 - lr: 1.0000e-05
Epoch 18/20
4/4 [==============================] - 1s 354ms/step - loss: 6.8185 - accuracy: 0.2333 - val_loss: 6.7578 - val_accuracy: 0.6000 - lr: 1.0000e-05
Epoch 19/20
4/4 [==============================] - 1s 350ms/step - loss: 6.8293 - accuracy: 0.1667 - val_loss: 6.7367 - val_accuracy: 0.4000 - lr: 1.0000e-05
Epoch 20/20
4/4 [==============================] - 1s 355ms/step - loss: 6.7854 - accuracy: 0.2500 - val_loss: 6.7159 - val_accuracy: 0.4000 - lr: 1.0000e-05
1/1 [==============================] - 0s 91ms/step - loss: 6.7845 - accuracy: 0.2857
Found 60 images belonging to 6 classes.
Found 5 images belonging to 6 classes.
Found 7 images belonging to 6 classes.
Epoch 1/15
4/4 [==============================] - ETA: 0s - loss: 7.3470 - accuracy: 0.2167C:\Users\tom.zbc\PycharmProjects\fungis_bacterias_project\.venv\lib\site-packages\keras\src\engine\training.py:3000: UserWarning: You are saving your model as an HDF5 file via `model.save()`. This file format is considered legacy. We recommend using instead the native Keras format, e.g. `model.save('my_model.keras')`.
  saving_api.save_model(
4/4 [==============================] - 2s 412ms/step - loss: 7.3470 - accuracy: 0.2167 - val_loss: 7.3132 - val_accuracy: 0.2000 - lr: 1.0000e-05
Epoch 2/15
4/4 [==============================] - 1s 359ms/step - loss: 7.3102 - accuracy: 0.2500 - val_loss: 7.2654 - val_accuracy: 0.2000 - lr: 1.0000e-05
Epoch 3/15
4/4 [==============================] - 1s 345ms/step - loss: 7.2550 - accuracy: 0.1833 - val_loss: 7.2182 - val_accuracy: 0.2000 - lr: 1.0000e-05
Epoch 4/15
4/4 [==============================] - 1s 354ms/step - loss: 7.2390 - accuracy: 0.1667 - val_loss: 7.1676 - val_accuracy: 0.4000 - lr: 1.0000e-05
Epoch 5/15
4/4 [==============================] - 1s 358ms/step - loss: 7.2043 - accuracy: 0.1500 - val_loss: 7.1188 - val_accuracy: 0.4000 - lr: 1.0000e-05
Epoch 6/15
4/4 [==============================] - 1s 351ms/step - loss: 7.1676 - accuracy: 0.1500 - val_loss: 7.0765 - val_accuracy: 0.4000 - lr: 1.0000e-05
Epoch 7/15
4/4 [==============================] - 1s 338ms/step - loss: 7.1168 - accuracy: 0.1500 - val_loss: 7.0373 - val_accuracy: 0.4000 - lr: 1.0000e-05
Epoch 8/15
4/4 [==============================] - 1s 345ms/step - loss: 7.0770 - accuracy: 0.1167 - val_loss: 6.9938 - val_accuracy: 0.4000 - lr: 1.0000e-05
Epoch 9/15
4/4 [==============================] - 1s 341ms/step - loss: 7.0249 - accuracy: 0.2167 - val_loss: 6.9541 - val_accuracy: 0.2000 - lr: 1.0000e-05
Epoch 10/15
4/4 [==============================] - 1s 353ms/step - loss: 7.0208 - accuracy: 0.1167 - val_loss: 6.9218 - val_accuracy: 0.2000 - lr: 1.0000e-05
Epoch 11/15
4/4 [==============================] - 1s 349ms/step - loss: 6.9863 - accuracy: 0.1833 - val_loss: 6.8908 - val_accuracy: 0.2000 - lr: 1.0000e-05
Epoch 12/15
4/4 [==============================] - 1s 338ms/step - loss: 6.9440 - accuracy: 0.2000 - val_loss: 6.8620 - val_accuracy: 0.2000 - lr: 1.0000e-05
Epoch 13/15
4/4 [==============================] - 1s 350ms/step - loss: 6.9171 - accuracy: 0.1833 - val_loss: 6.8345 - val_accuracy: 0.2000 - lr: 1.0000e-05
Epoch 14/15
4/4 [==============================] - 1s 339ms/step - loss: 6.9001 - accuracy: 0.1333 - val_loss: 6.8123 - val_accuracy: 0.2000 - lr: 1.0000e-05
Epoch 15/15
4/4 [==============================] - 1s 346ms/step - loss: 6.8426 - accuracy: 0.1333 - val_loss: 6.7879 - val_accuracy: 0.2000 - lr: 1.0000e-05
1/1 [==============================] - 0s 87ms/step - loss: 6.8068 - accuracy: 0.2857
Found 60 images belonging to 6 classes.
Found 5 images belonging to 6 classes.
Found 7 images belonging to 6 classes.
Epoch 1/20
4/4 [==============================] - ETA: 0s - loss: 7.3779 - accuracy: 0.1833C:\Users\tom.zbc\PycharmProjects\fungis_bacterias_project\.venv\lib\site-packages\keras\src\engine\training.py:3000: UserWarning: You are saving your model as an HDF5 file via `model.save()`. This file format is considered legacy. We recommend using instead the native Keras format, e.g. `model.save('my_model.keras')`.
  saving_api.save_model(
4/4 [==============================] - 2s 390ms/step - loss: 7.3779 - accuracy: 0.1833 - val_loss: 7.3765 - val_accuracy: 0.0000e+00 - lr: 1.0000e-05
Epoch 2/20
4/4 [==============================] - 1s 352ms/step - loss: 7.3016 - accuracy: 0.2500 - val_loss: 7.3454 - val_accuracy: 0.2000 - lr: 1.0000e-05
Epoch 3/20
4/4 [==============================] - 1s 339ms/step - loss: 7.2673 - accuracy: 0.2500 - val_loss: 7.3111 - val_accuracy: 0.2000 - lr: 1.0000e-05
Epoch 4/20
4/4 [==============================] - 1s 340ms/step - loss: 7.2102 - accuracy: 0.2833 - val_loss: 7.2674 - val_accuracy: 0.2000 - lr: 1.0000e-05
Epoch 5/20
4/4 [==============================] - 1s 356ms/step - loss: 7.1934 - accuracy: 0.2333 - val_loss: 7.2221 - val_accuracy: 0.2000 - lr: 1.0000e-05
Epoch 6/20
4/4 [==============================] - 1s 362ms/step - loss: 7.1709 - accuracy: 0.2000 - val_loss: 7.1693 - val_accuracy: 0.2000 - lr: 1.0000e-05
Epoch 7/20
4/4 [==============================] - 1s 361ms/step - loss: 7.1801 - accuracy: 0.1667 - val_loss: 7.1276 - val_accuracy: 0.2000 - lr: 1.0000e-05
Epoch 8/20
4/4 [==============================] - 1s 346ms/step - loss: 7.1267 - accuracy: 0.2333 - val_loss: 7.0892 - val_accuracy: 0.2000 - lr: 1.0000e-05
Epoch 9/20
4/4 [==============================] - 1s 367ms/step - loss: 7.0770 - accuracy: 0.2000 - val_loss: 7.0643 - val_accuracy: 0.2000 - lr: 1.0000e-05
Epoch 10/20
4/4 [==============================] - 1s 340ms/step - loss: 7.0403 - accuracy: 0.1833 - val_loss: 7.0444 - val_accuracy: 0.2000 - lr: 1.0000e-05
Epoch 11/20
4/4 [==============================] - 1s 366ms/step - loss: 7.0177 - accuracy: 0.1833 - val_loss: 7.0175 - val_accuracy: 0.2000 - lr: 1.0000e-05
Epoch 12/20
4/4 [==============================] - 1s 353ms/step - loss: 7.0195 - accuracy: 0.1000 - val_loss: 6.9871 - val_accuracy: 0.2000 - lr: 1.0000e-05
Epoch 13/20
4/4 [==============================] - 1s 375ms/step - loss: 6.9467 - accuracy: 0.1500 - val_loss: 6.9595 - val_accuracy: 0.2000 - lr: 1.0000e-05
Epoch 14/20
4/4 [==============================] - 1s 340ms/step - loss: 6.9209 - accuracy: 0.2333 - val_loss: 6.9306 - val_accuracy: 0.2000 - lr: 1.0000e-05
Epoch 15/20
4/4 [==============================] - 1s 358ms/step - loss: 6.9038 - accuracy: 0.1333 - val_loss: 6.9034 - val_accuracy: 0.2000 - lr: 1.0000e-05
Epoch 16/20
4/4 [==============================] - 1s 361ms/step - loss: 6.8226 - accuracy: 0.2667 - val_loss: 6.8729 - val_accuracy: 0.2000 - lr: 1.0000e-05
Epoch 17/20
4/4 [==============================] - 1s 345ms/step - loss: 6.8440 - accuracy: 0.2167 - val_loss: 6.8434 - val_accuracy: 0.2000 - lr: 1.0000e-05
Epoch 18/20
4/4 [==============================] - 1s 340ms/step - loss: 6.8187 - accuracy: 0.1667 - val_loss: 6.8061 - val_accuracy: 0.0000e+00 - lr: 1.0000e-05
Epoch 19/20
4/4 [==============================] - 1s 350ms/step - loss: 6.7843 - accuracy: 0.2500 - val_loss: 6.7787 - val_accuracy: 0.0000e+00 - lr: 1.0000e-05
Epoch 20/20
4/4 [==============================] - 1s 357ms/step - loss: 6.7517 - accuracy: 0.1667 - val_loss: 6.7571 - val_accuracy: 0.0000e+00 - lr: 1.0000e-05
1/1 [==============================] - 0s 87ms/step - loss: 6.6899 - accuracy: 0.1429
Found 60 images belonging to 6 classes.
Found 5 images belonging to 6 classes.
Found 7 images belonging to 6 classes.
Epoch 1/15
4/4 [==============================] - ETA: 0s - loss: 7.3873 - accuracy: 0.0833C:\Users\tom.zbc\PycharmProjects\fungis_bacterias_project\.venv\lib\site-packages\keras\src\engine\training.py:3000: UserWarning: You are saving your model as an HDF5 file via `model.save()`. This file format is considered legacy. We recommend using instead the native Keras format, e.g. `model.save('my_model.keras')`.
  saving_api.save_model(
4/4 [==============================] - 2s 422ms/step - loss: 7.3873 - accuracy: 0.0833 - val_loss: 7.2715 - val_accuracy: 0.6000 - lr: 1.0000e-05
Epoch 2/15
4/4 [==============================] - 1s 346ms/step - loss: 7.3197 - accuracy: 0.2000 - val_loss: 7.2365 - val_accuracy: 0.4000 - lr: 1.0000e-05
Epoch 3/15
4/4 [==============================] - 1s 341ms/step - loss: 7.2889 - accuracy: 0.1667 - val_loss: 7.1988 - val_accuracy: 0.4000 - lr: 1.0000e-05
Epoch 4/15
4/4 [==============================] - 1s 353ms/step - loss: 7.2618 - accuracy: 0.1167 - val_loss: 7.1645 - val_accuracy: 0.4000 - lr: 1.0000e-05
Epoch 5/15
4/4 [==============================] - 1s 364ms/step - loss: 7.2170 - accuracy: 0.1167 - val_loss: 7.1307 - val_accuracy: 0.4000 - lr: 1.0000e-05
Epoch 6/15
4/4 [==============================] - 1s 338ms/step - loss: 7.1964 - accuracy: 0.1000 - val_loss: 7.0987 - val_accuracy: 0.4000 - lr: 1.0000e-05
Epoch 7/15
4/4 [==============================] - 1s 341ms/step - loss: 7.1574 - accuracy: 0.1500 - val_loss: 7.0687 - val_accuracy: 0.4000 - lr: 1.0000e-05
Epoch 8/15
4/4 [==============================] - 1s 352ms/step - loss: 7.1221 - accuracy: 0.1500 - val_loss: 7.0406 - val_accuracy: 0.2000 - lr: 1.0000e-05
Epoch 9/15
4/4 [==============================] - 1s 369ms/step - loss: 7.0395 - accuracy: 0.2500 - val_loss: 7.0018 - val_accuracy: 0.2000 - lr: 1.0000e-05
Epoch 10/15
4/4 [==============================] - 1s 347ms/step - loss: 7.0402 - accuracy: 0.1667 - val_loss: 6.9607 - val_accuracy: 0.2000 - lr: 1.0000e-05
Epoch 11/15
4/4 [==============================] - 1s 365ms/step - loss: 7.0136 - accuracy: 0.2167 - val_loss: 6.9204 - val_accuracy: 0.2000 - lr: 1.0000e-05
Epoch 12/15
4/4 [==============================] - 1s 370ms/step - loss: 6.9943 - accuracy: 0.2000 - val_loss: 6.8854 - val_accuracy: 0.2000 - lr: 1.0000e-05
Epoch 13/15
4/4 [==============================] - 1s 347ms/step - loss: 6.9674 - accuracy: 0.2167 - val_loss: 6.8457 - val_accuracy: 0.2000 - lr: 1.0000e-05
Epoch 14/15
4/4 [==============================] - 1s 348ms/step - loss: 6.9126 - accuracy: 0.2000 - val_loss: 6.8131 - val_accuracy: 0.4000 - lr: 1.0000e-05
Epoch 15/15
4/4 [==============================] - 1s 393ms/step - loss: 6.8778 - accuracy: 0.2000 - val_loss: 6.7841 - val_accuracy: 0.2000 - lr: 1.0000e-05
1/1 [==============================] - 0s 112ms/step - loss: 6.8291 - accuracy: 0.2857
Found 60 images belonging to 6 classes.
Found 5 images belonging to 6 classes.
Found 7 images belonging to 6 classes.
Epoch 1/20
4/4 [==============================] - ETA: 0s - loss: 7.3450 - accuracy: 0.2500C:\Users\tom.zbc\PycharmProjects\fungis_bacterias_project\.venv\lib\site-packages\keras\src\engine\training.py:3000: UserWarning: You are saving your model as an HDF5 file via `model.save()`. This file format is considered legacy. We recommend using instead the native Keras format, e.g. `model.save('my_model.keras')`.
  saving_api.save_model(
4/4 [==============================] - 3s 620ms/step - loss: 7.3450 - accuracy: 0.2500 - val_loss: 7.3077 - val_accuracy: 0.4000 - lr: 1.0000e-05
Epoch 2/20
4/4 [==============================] - 2s 551ms/step - loss: 7.3496 - accuracy: 0.1833 - val_loss: 7.2602 - val_accuracy: 0.4000 - lr: 1.0000e-05
Epoch 3/20
4/4 [==============================] - 2s 588ms/step - loss: 7.2499 - accuracy: 0.1833 - val_loss: 7.2190 - val_accuracy: 0.0000e+00 - lr: 1.0000e-05
Epoch 4/20
4/4 [==============================] - 2s 600ms/step - loss: 7.2603 - accuracy: 0.1333 - val_loss: 7.1823 - val_accuracy: 0.0000e+00 - lr: 1.0000e-05
Epoch 5/20
4/4 [==============================] - 2s 554ms/step - loss: 7.1768 - accuracy: 0.2500 - val_loss: 7.1449 - val_accuracy: 0.2000 - lr: 1.0000e-05
Epoch 6/20
4/4 [==============================] - 2s 548ms/step - loss: 7.1404 - accuracy: 0.2833 - val_loss: 7.1150 - val_accuracy: 0.2000 - lr: 1.0000e-05
Epoch 7/20
4/4 [==============================] - 2s 560ms/step - loss: 7.1205 - accuracy: 0.1333 - val_loss: 7.0813 - val_accuracy: 0.2000 - lr: 1.0000e-05
Epoch 8/20
4/4 [==============================] - 2s 575ms/step - loss: 7.0634 - accuracy: 0.2333 - val_loss: 7.0460 - val_accuracy: 0.2000 - lr: 1.0000e-05
Epoch 9/20
4/4 [==============================] - 2s 584ms/step - loss: 7.0058 - accuracy: 0.2667 - val_loss: 7.0135 - val_accuracy: 0.2000 - lr: 1.0000e-05
Epoch 10/20
4/4 [==============================] - 2s 565ms/step - loss: 7.0011 - accuracy: 0.2167 - val_loss: 6.9782 - val_accuracy: 0.2000 - lr: 1.0000e-05
Epoch 11/20
4/4 [==============================] - 2s 593ms/step - loss: 6.9752 - accuracy: 0.2667 - val_loss: 6.9425 - val_accuracy: 0.2000 - lr: 1.0000e-05
Epoch 12/20
4/4 [==============================] - 2s 553ms/step - loss: 6.9590 - accuracy: 0.1333 - val_loss: 6.9077 - val_accuracy: 0.2000 - lr: 1.0000e-05
Epoch 13/20
4/4 [==============================] - 2s 573ms/step - loss: 6.8866 - accuracy: 0.2500 - val_loss: 6.8742 - val_accuracy: 0.2000 - lr: 1.0000e-05
Epoch 14/20
4/4 [==============================] - 2s 583ms/step - loss: 6.8604 - accuracy: 0.2500 - val_loss: 6.8419 - val_accuracy: 0.2000 - lr: 1.0000e-05
Epoch 15/20
4/4 [==============================] - 2s 504ms/step - loss: 6.8349 - accuracy: 0.1833 - val_loss: 6.8093 - val_accuracy: 0.2000 - lr: 1.0000e-05
Epoch 16/20
4/4 [==============================] - 2s 552ms/step - loss: 6.8170 - accuracy: 0.1333 - val_loss: 6.7785 - val_accuracy: 0.2000 - lr: 1.0000e-05
Epoch 17/20
4/4 [==============================] - 2s 580ms/step - loss: 6.7468 - accuracy: 0.2000 - val_loss: 6.7453 - val_accuracy: 0.2000 - lr: 1.0000e-05
Epoch 18/20
4/4 [==============================] - 2s 595ms/step - loss: 6.7639 - accuracy: 0.2000 - val_loss: 6.7144 - val_accuracy: 0.2000 - lr: 1.0000e-05
Epoch 19/20
4/4 [==============================] - 2s 529ms/step - loss: 6.7220 - accuracy: 0.2000 - val_loss: 6.6846 - val_accuracy: 0.2000 - lr: 1.0000e-05
Epoch 20/20
4/4 [==============================] - 2s 556ms/step - loss: 6.7054 - accuracy: 0.1833 - val_loss: 6.6520 - val_accuracy: 0.2000 - lr: 1.0000e-05
1/1 [==============================] - 0s 115ms/step - loss: 6.6245 - accuracy: 0.2857
Found 60 images belonging to 6 classes.
Found 5 images belonging to 6 classes.
Found 7 images belonging to 6 classes.
Epoch 1/15
4/4 [==============================] - ETA: 0s - loss: 7.3515 - accuracy: 0.1667C:\Users\tom.zbc\PycharmProjects\fungis_bacterias_project\.venv\lib\site-packages\keras\src\engine\training.py:3000: UserWarning: You are saving your model as an HDF5 file via `model.save()`. This file format is considered legacy. We recommend using instead the native Keras format, e.g. `model.save('my_model.keras')`.
  saving_api.save_model(
4/4 [==============================] - 3s 581ms/step - loss: 7.3515 - accuracy: 0.1667 - val_loss: 7.3514 - val_accuracy: 0.6000 - lr: 1.0000e-05
Epoch 2/15
4/4 [==============================] - 2s 523ms/step - loss: 7.3180 - accuracy: 0.1667 - val_loss: 7.2948 - val_accuracy: 0.6000 - lr: 1.0000e-05
Epoch 3/15
4/4 [==============================] - 2s 547ms/step - loss: 7.2744 - accuracy: 0.1500 - val_loss: 7.2402 - val_accuracy: 0.4000 - lr: 1.0000e-05
Epoch 4/15
4/4 [==============================] - 2s 489ms/step - loss: 7.2221 - accuracy: 0.1667 - val_loss: 7.1933 - val_accuracy: 0.4000 - lr: 1.0000e-05
Epoch 5/15
4/4 [==============================] - 2s 513ms/step - loss: 7.1973 - accuracy: 0.1500 - val_loss: 7.1447 - val_accuracy: 0.4000 - lr: 1.0000e-05
Epoch 6/15
4/4 [==============================] - 2s 513ms/step - loss: 7.2040 - accuracy: 0.2333 - val_loss: 7.1009 - val_accuracy: 0.4000 - lr: 1.0000e-05
Epoch 7/15
4/4 [==============================] - 2s 427ms/step - loss: 7.1850 - accuracy: 0.1833 - val_loss: 7.0669 - val_accuracy: 0.4000 - lr: 1.0000e-05
Epoch 8/15
4/4 [==============================] - 2s 499ms/step - loss: 7.1327 - accuracy: 0.1833 - val_loss: 7.0282 - val_accuracy: 0.4000 - lr: 1.0000e-05
Epoch 9/15
4/4 [==============================] - 2s 479ms/step - loss: 7.1063 - accuracy: 0.1667 - val_loss: 6.9984 - val_accuracy: 0.4000 - lr: 1.0000e-05
Epoch 10/15
4/4 [==============================] - 2s 475ms/step - loss: 7.0751 - accuracy: 0.0833 - val_loss: 6.9762 - val_accuracy: 0.4000 - lr: 1.0000e-05
Epoch 11/15
4/4 [==============================] - 2s 447ms/step - loss: 7.0456 - accuracy: 0.1000 - val_loss: 6.9442 - val_accuracy: 0.4000 - lr: 1.0000e-05
Epoch 12/15
4/4 [==============================] - 2s 433ms/step - loss: 7.0038 - accuracy: 0.1500 - val_loss: 6.9138 - val_accuracy: 0.2000 - lr: 1.0000e-05
Epoch 13/15
4/4 [==============================] - 2s 466ms/step - loss: 6.9563 - accuracy: 0.1333 - val_loss: 6.8855 - val_accuracy: 0.2000 - lr: 1.0000e-05
Epoch 14/15
4/4 [==============================] - 2s 433ms/step - loss: 6.9767 - accuracy: 0.1333 - val_loss: 6.8565 - val_accuracy: 0.2000 - lr: 1.0000e-05
Epoch 15/15
4/4 [==============================] - 2s 423ms/step - loss: 6.9141 - accuracy: 0.2333 - val_loss: 6.8246 - val_accuracy: 0.2000 - lr: 1.0000e-05
1/1 [==============================] - 0s 96ms/step - loss: 6.7881 - accuracy: 0.2857
Found 60 images belonging to 6 classes.
Found 5 images belonging to 6 classes.
Found 7 images belonging to 6 classes.
Epoch 1/20
4/4 [==============================] - ETA: 0s - loss: 7.3872 - accuracy: 0.1000C:\Users\tom.zbc\PycharmProjects\fungis_bacterias_project\.venv\lib\site-packages\keras\src\engine\training.py:3000: UserWarning: You are saving your model as an HDF5 file via `model.save()`. This file format is considered legacy. We recommend using instead the native Keras format, e.g. `model.save('my_model.keras')`.
  saving_api.save_model(
4/4 [==============================] - 2s 454ms/step - loss: 7.3872 - accuracy: 0.1000 - val_loss: 7.2827 - val_accuracy: 0.6000 - lr: 1.0000e-05
Epoch 2/20
4/4 [==============================] - 2s 426ms/step - loss: 7.3259 - accuracy: 0.1333 - val_loss: 7.2339 - val_accuracy: 0.6000 - lr: 1.0000e-05
Epoch 3/20
4/4 [==============================] - 2s 411ms/step - loss: 7.2719 - accuracy: 0.1667 - val_loss: 7.1920 - val_accuracy: 0.6000 - lr: 1.0000e-05
Epoch 4/20
4/4 [==============================] - 2s 406ms/step - loss: 7.2376 - accuracy: 0.2167 - val_loss: 7.1564 - val_accuracy: 0.4000 - lr: 1.0000e-05
Epoch 5/20
4/4 [==============================] - 2s 408ms/step - loss: 7.2237 - accuracy: 0.1667 - val_loss: 7.1192 - val_accuracy: 0.4000 - lr: 1.0000e-05
Epoch 6/20
4/4 [==============================] - 1s 387ms/step - loss: 7.1831 - accuracy: 0.2000 - val_loss: 7.0823 - val_accuracy: 0.4000 - lr: 1.0000e-05
Epoch 7/20
4/4 [==============================] - 1s 381ms/step - loss: 7.1205 - accuracy: 0.2500 - val_loss: 7.0471 - val_accuracy: 0.2000 - lr: 1.0000e-05
Epoch 8/20
4/4 [==============================] - 1s 389ms/step - loss: 7.1219 - accuracy: 0.1500 - val_loss: 7.0077 - val_accuracy: 0.2000 - lr: 1.0000e-05
Epoch 9/20
4/4 [==============================] - 1s 390ms/step - loss: 7.0665 - accuracy: 0.1833 - val_loss: 6.9731 - val_accuracy: 0.2000 - lr: 1.0000e-05
Epoch 10/20
4/4 [==============================] - 1s 379ms/step - loss: 7.0616 - accuracy: 0.1667 - val_loss: 6.9508 - val_accuracy: 0.2000 - lr: 1.0000e-05
Epoch 11/20
4/4 [==============================] - 1s 352ms/step - loss: 7.0225 - accuracy: 0.2167 - val_loss: 6.9295 - val_accuracy: 0.2000 - lr: 1.0000e-05
Epoch 12/20
4/4 [==============================] - 1s 391ms/step - loss: 6.9609 - accuracy: 0.2333 - val_loss: 6.9026 - val_accuracy: 0.2000 - lr: 1.0000e-05
Epoch 13/20
4/4 [==============================] - 1s 362ms/step - loss: 6.9420 - accuracy: 0.2000 - val_loss: 6.8760 - val_accuracy: 0.2000 - lr: 1.0000e-05
Epoch 14/20
4/4 [==============================] - 1s 367ms/step - loss: 6.9620 - accuracy: 0.1667 - val_loss: 6.8494 - val_accuracy: 0.2000 - lr: 1.0000e-05
Epoch 15/20
4/4 [==============================] - 1s 356ms/step - loss: 6.9147 - accuracy: 0.2833 - val_loss: 6.8237 - val_accuracy: 0.4000 - lr: 1.0000e-05
Epoch 16/20
4/4 [==============================] - 1s 377ms/step - loss: 6.9012 - accuracy: 0.1667 - val_loss: 6.8089 - val_accuracy: 0.4000 - lr: 1.0000e-05
Epoch 17/20
4/4 [==============================] - 1s 376ms/step - loss: 6.8484 - accuracy: 0.2000 - val_loss: 6.7933 - val_accuracy: 0.4000 - lr: 1.0000e-05
Epoch 18/20
4/4 [==============================] - 1s 345ms/step - loss: 6.8315 - accuracy: 0.1833 - val_loss: 6.7728 - val_accuracy: 0.2000 - lr: 1.0000e-05
Epoch 19/20
4/4 [==============================] - 1s 346ms/step - loss: 6.7764 - accuracy: 0.2167 - val_loss: 6.7506 - val_accuracy: 0.2000 - lr: 1.0000e-05
Epoch 20/20
4/4 [==============================] - 1s 343ms/step - loss: 6.7860 - accuracy: 0.1333 - val_loss: 6.7257 - val_accuracy: 0.4000 - lr: 1.0000e-05
1/1 [==============================] - 0s 88ms/step - loss: 6.7142 - accuracy: 0.2857
Found 60 images belonging to 6 classes.
Found 5 images belonging to 6 classes.
Found 7 images belonging to 6 classes.
Epoch 1/15
4/4 [==============================] - ETA: 0s - loss: 7.7943 - accuracy: 0.1833C:\Users\tom.zbc\PycharmProjects\fungis_bacterias_project\.venv\lib\site-packages\keras\src\engine\training.py:3000: UserWarning: You are saving your model as an HDF5 file via `model.save()`. This file format is considered legacy. We recommend using instead the native Keras format, e.g. `model.save('my_model.keras')`.
  saving_api.save_model(
4/4 [==============================] - 3s 589ms/step - loss: 7.7943 - accuracy: 0.1833 - val_loss: 7.7993 - val_accuracy: 0.0000e+00 - lr: 1.0000e-05
Epoch 2/15
4/4 [==============================] - 2s 544ms/step - loss: 7.7175 - accuracy: 0.1667 - val_loss: 7.7776 - val_accuracy: 0.0000e+00 - lr: 1.0000e-05
Epoch 3/15
4/4 [==============================] - 2s 576ms/step - loss: 7.6649 - accuracy: 0.2333 - val_loss: 7.7493 - val_accuracy: 0.0000e+00 - lr: 1.0000e-05
Epoch 4/15
4/4 [==============================] - 2s 535ms/step - loss: 7.6406 - accuracy: 0.0833 - val_loss: 7.6945 - val_accuracy: 0.0000e+00 - lr: 1.0000e-05
Epoch 5/15
4/4 [==============================] - 2s 528ms/step - loss: 7.5803 - accuracy: 0.1833 - val_loss: 7.6390 - val_accuracy: 0.0000e+00 - lr: 1.0000e-05
Epoch 6/15
4/4 [==============================] - 2s 549ms/step - loss: 7.5134 - accuracy: 0.2667 - val_loss: 7.5786 - val_accuracy: 0.0000e+00 - lr: 1.0000e-05
Epoch 7/15
4/4 [==============================] - 2s 526ms/step - loss: 7.4729 - accuracy: 0.2000 - val_loss: 7.5290 - val_accuracy: 0.0000e+00 - lr: 1.0000e-05
Epoch 8/15
4/4 [==============================] - 2s 546ms/step - loss: 7.4565 - accuracy: 0.1167 - val_loss: 7.4747 - val_accuracy: 0.0000e+00 - lr: 1.0000e-05
Epoch 9/15
4/4 [==============================] - 2s 559ms/step - loss: 7.4130 - accuracy: 0.2167 - val_loss: 7.4177 - val_accuracy: 0.4000 - lr: 1.0000e-05
Epoch 10/15
4/4 [==============================] - 2s 532ms/step - loss: 7.3549 - accuracy: 0.2833 - val_loss: 7.3602 - val_accuracy: 0.4000 - lr: 1.0000e-05
Epoch 11/15
4/4 [==============================] - 2s 540ms/step - loss: 7.3140 - accuracy: 0.2167 - val_loss: 7.3120 - val_accuracy: 0.4000 - lr: 1.0000e-05
Epoch 12/15
4/4 [==============================] - 2s 523ms/step - loss: 7.2559 - accuracy: 0.2333 - val_loss: 7.2640 - val_accuracy: 0.4000 - lr: 1.0000e-05
Epoch 13/15
4/4 [==============================] - 2s 570ms/step - loss: 7.2531 - accuracy: 0.2167 - val_loss: 7.2338 - val_accuracy: 0.4000 - lr: 1.0000e-05
Epoch 14/15
4/4 [==============================] - 2s 546ms/step - loss: 7.1834 - accuracy: 0.0833 - val_loss: 7.2077 - val_accuracy: 0.2000 - lr: 1.0000e-05
Epoch 15/15
4/4 [==============================] - 2s 565ms/step - loss: 7.1821 - accuracy: 0.1333 - val_loss: 7.1757 - val_accuracy: 0.2000 - lr: 1.0000e-05
1/1 [==============================] - 0s 100ms/step - loss: 7.1572 - accuracy: 0.1429
Found 60 images belonging to 6 classes.
Found 5 images belonging to 6 classes.
Found 7 images belonging to 6 classes.
Epoch 1/20
4/4 [==============================] - ETA: 0s - loss: 7.7970 - accuracy: 0.1500C:\Users\tom.zbc\PycharmProjects\fungis_bacterias_project\.venv\lib\site-packages\keras\src\engine\training.py:3000: UserWarning: You are saving your model as an HDF5 file via `model.save()`. This file format is considered legacy. We recommend using instead the native Keras format, e.g. `model.save('my_model.keras')`.
  saving_api.save_model(
4/4 [==============================] - 3s 602ms/step - loss: 7.7970 - accuracy: 0.1500 - val_loss: 7.7325 - val_accuracy: 0.0000e+00 - lr: 1.0000e-05
Epoch 2/20
4/4 [==============================] - 2s 537ms/step - loss: 7.7185 - accuracy: 0.2000 - val_loss: 7.6837 - val_accuracy: 0.2000 - lr: 1.0000e-05
Epoch 3/20
4/4 [==============================] - 2s 556ms/step - loss: 7.7266 - accuracy: 0.1333 - val_loss: 7.6464 - val_accuracy: 0.2000 - lr: 1.0000e-05
Epoch 4/20
4/4 [==============================] - 2s 547ms/step - loss: 7.6281 - accuracy: 0.2333 - val_loss: 7.5977 - val_accuracy: 0.4000 - lr: 1.0000e-05
Epoch 5/20
4/4 [==============================] - 2s 530ms/step - loss: 7.6009 - accuracy: 0.1167 - val_loss: 7.5695 - val_accuracy: 0.4000 - lr: 1.0000e-05
Epoch 6/20
4/4 [==============================] - 2s 562ms/step - loss: 7.5160 - accuracy: 0.3167 - val_loss: 7.5463 - val_accuracy: 0.4000 - lr: 1.0000e-05
Epoch 7/20
4/4 [==============================] - 2s 546ms/step - loss: 7.5088 - accuracy: 0.1833 - val_loss: 7.5166 - val_accuracy: 0.4000 - lr: 1.0000e-05
Epoch 8/20
4/4 [==============================] - 2s 546ms/step - loss: 7.4606 - accuracy: 0.1667 - val_loss: 7.4786 - val_accuracy: 0.4000 - lr: 1.0000e-05
Epoch 9/20
4/4 [==============================] - 2s 530ms/step - loss: 7.4008 - accuracy: 0.2167 - val_loss: 7.4321 - val_accuracy: 0.4000 - lr: 1.0000e-05
Epoch 10/20
4/4 [==============================] - 2s 537ms/step - loss: 7.3554 - accuracy: 0.1667 - val_loss: 7.3901 - val_accuracy: 0.4000 - lr: 1.0000e-05
Epoch 11/20
4/4 [==============================] - 2s 537ms/step - loss: 7.3367 - accuracy: 0.1667 - val_loss: 7.3445 - val_accuracy: 0.4000 - lr: 1.0000e-05
Epoch 12/20
4/4 [==============================] - 2s 535ms/step - loss: 7.3378 - accuracy: 0.1833 - val_loss: 7.3102 - val_accuracy: 0.4000 - lr: 1.0000e-05
Epoch 13/20
4/4 [==============================] - 2s 550ms/step - loss: 7.2447 - accuracy: 0.3167 - val_loss: 7.2769 - val_accuracy: 0.4000 - lr: 1.0000e-05
Epoch 14/20
4/4 [==============================] - 2s 549ms/step - loss: 7.2236 - accuracy: 0.1667 - val_loss: 7.2309 - val_accuracy: 0.4000 - lr: 1.0000e-05
Epoch 15/20
4/4 [==============================] - 2s 531ms/step - loss: 7.1507 - accuracy: 0.3667 - val_loss: 7.1899 - val_accuracy: 0.4000 - lr: 1.0000e-05
Epoch 16/20
4/4 [==============================] - 2s 539ms/step - loss: 7.1557 - accuracy: 0.2000 - val_loss: 7.1474 - val_accuracy: 0.0000e+00 - lr: 1.0000e-05
Epoch 17/20
4/4 [==============================] - 2s 538ms/step - loss: 7.0927 - accuracy: 0.2167 - val_loss: 7.1078 - val_accuracy: 0.0000e+00 - lr: 1.0000e-05
Epoch 18/20
4/4 [==============================] - 2s 543ms/step - loss: 7.1083 - accuracy: 0.1667 - val_loss: 7.0613 - val_accuracy: 0.2000 - lr: 1.0000e-05
Epoch 19/20
4/4 [==============================] - 2s 542ms/step - loss: 7.0490 - accuracy: 0.2167 - val_loss: 7.0190 - val_accuracy: 0.2000 - lr: 1.0000e-05
Epoch 20/20
4/4 [==============================] - 2s 544ms/step - loss: 7.0137 - accuracy: 0.2000 - val_loss: 6.9986 - val_accuracy: 0.4000 - lr: 1.0000e-05
1/1 [==============================] - 0s 102ms/step - loss: 7.0019 - accuracy: 0.1429
Found 60 images belonging to 6 classes.
Found 5 images belonging to 6 classes.
Found 7 images belonging to 6 classes.
Epoch 1/15
4/4 [==============================] - ETA: 0s - loss: 7.7965 - accuracy: 0.2000C:\Users\tom.zbc\PycharmProjects\fungis_bacterias_project\.venv\lib\site-packages\keras\src\engine\training.py:3000: UserWarning: You are saving your model as an HDF5 file via `model.save()`. This file format is considered legacy. We recommend using instead the native Keras format, e.g. `model.save('my_model.keras')`.
  saving_api.save_model(
4/4 [==============================] - 3s 590ms/step - loss: 7.7965 - accuracy: 0.2000 - val_loss: 7.8161 - val_accuracy: 0.0000e+00 - lr: 1.0000e-05
Epoch 2/15
4/4 [==============================] - 2s 543ms/step - loss: 7.7407 - accuracy: 0.2167 - val_loss: 7.7558 - val_accuracy: 0.0000e+00 - lr: 1.0000e-05
Epoch 3/15
4/4 [==============================] - 2s 541ms/step - loss: 7.6843 - accuracy: 0.2500 - val_loss: 7.6946 - val_accuracy: 0.0000e+00 - lr: 1.0000e-05
Epoch 4/15
4/4 [==============================] - 2s 546ms/step - loss: 7.6056 - accuracy: 0.2333 - val_loss: 7.6397 - val_accuracy: 0.2000 - lr: 1.0000e-05
Epoch 5/15
4/4 [==============================] - 2s 534ms/step - loss: 7.6161 - accuracy: 0.2000 - val_loss: 7.5797 - val_accuracy: 0.2000 - lr: 1.0000e-05
Epoch 6/15
4/4 [==============================] - 2s 552ms/step - loss: 7.5412 - accuracy: 0.1833 - val_loss: 7.5251 - val_accuracy: 0.2000 - lr: 1.0000e-05
Epoch 7/15
4/4 [==============================] - 2s 571ms/step - loss: 7.5020 - accuracy: 0.1667 - val_loss: 7.4815 - val_accuracy: 0.2000 - lr: 1.0000e-05
Epoch 8/15
4/4 [==============================] - 2s 571ms/step - loss: 7.4662 - accuracy: 0.1500 - val_loss: 7.4294 - val_accuracy: 0.2000 - lr: 1.0000e-05
Epoch 9/15
4/4 [==============================] - 2s 580ms/step - loss: 7.3875 - accuracy: 0.3167 - val_loss: 7.3953 - val_accuracy: 0.2000 - lr: 1.0000e-05
Epoch 10/15
4/4 [==============================] - 2s 582ms/step - loss: 7.4279 - accuracy: 0.1833 - val_loss: 7.3603 - val_accuracy: 0.2000 - lr: 1.0000e-05
Epoch 11/15
4/4 [==============================] - 2s 547ms/step - loss: 7.3306 - accuracy: 0.1833 - val_loss: 7.3172 - val_accuracy: 0.2000 - lr: 1.0000e-05
Epoch 12/15
4/4 [==============================] - 2s 584ms/step - loss: 7.2904 - accuracy: 0.2000 - val_loss: 7.2719 - val_accuracy: 0.2000 - lr: 1.0000e-05
Epoch 13/15
4/4 [==============================] - 2s 548ms/step - loss: 7.2539 - accuracy: 0.2333 - val_loss: 7.2325 - val_accuracy: 0.2000 - lr: 1.0000e-05
Epoch 14/15
4/4 [==============================] - 2s 541ms/step - loss: 7.2547 - accuracy: 0.2000 - val_loss: 7.2007 - val_accuracy: 0.2000 - lr: 1.0000e-05
Epoch 15/15
4/4 [==============================] - 2s 541ms/step - loss: 7.2007 - accuracy: 0.2500 - val_loss: 7.1578 - val_accuracy: 0.2000 - lr: 1.0000e-05
1/1 [==============================] - 0s 96ms/step - loss: 7.1394 - accuracy: 0.2857
Found 60 images belonging to 6 classes.
Found 5 images belonging to 6 classes.
Found 7 images belonging to 6 classes.
Epoch 1/20
4/4 [==============================] - ETA: 0s - loss: 7.7979 - accuracy: 0.2333C:\Users\tom.zbc\PycharmProjects\fungis_bacterias_project\.venv\lib\site-packages\keras\src\engine\training.py:3000: UserWarning: You are saving your model as an HDF5 file via `model.save()`. This file format is considered legacy. We recommend using instead the native Keras format, e.g. `model.save('my_model.keras')`.
  saving_api.save_model(
4/4 [==============================] - 3s 601ms/step - loss: 7.7979 - accuracy: 0.2333 - val_loss: 7.7240 - val_accuracy: 0.2000 - lr: 1.0000e-05
Epoch 2/20
4/4 [==============================] - 2s 543ms/step - loss: 7.7198 - accuracy: 0.2000 - val_loss: 7.6545 - val_accuracy: 0.2000 - lr: 1.0000e-05
Epoch 3/20
4/4 [==============================] - 2s 572ms/step - loss: 7.6668 - accuracy: 0.1667 - val_loss: 7.5893 - val_accuracy: 0.2000 - lr: 1.0000e-05
Epoch 4/20
4/4 [==============================] - 2s 577ms/step - loss: 7.6407 - accuracy: 0.1833 - val_loss: 7.5313 - val_accuracy: 0.2000 - lr: 1.0000e-05
Epoch 5/20
4/4 [==============================] - 2s 564ms/step - loss: 7.5738 - accuracy: 0.1500 - val_loss: 7.4844 - val_accuracy: 0.2000 - lr: 1.0000e-05
Epoch 6/20
4/4 [==============================] - 2s 584ms/step - loss: 7.5136 - accuracy: 0.1833 - val_loss: 7.4302 - val_accuracy: 0.2000 - lr: 1.0000e-05
Epoch 7/20
4/4 [==============================] - 2s 566ms/step - loss: 7.4880 - accuracy: 0.1833 - val_loss: 7.3821 - val_accuracy: 0.2000 - lr: 1.0000e-05
Epoch 8/20
4/4 [==============================] - 2s 575ms/step - loss: 7.4519 - accuracy: 0.2000 - val_loss: 7.3511 - val_accuracy: 0.2000 - lr: 1.0000e-05
Epoch 9/20
4/4 [==============================] - 2s 575ms/step - loss: 7.3821 - accuracy: 0.1833 - val_loss: 7.3172 - val_accuracy: 0.2000 - lr: 1.0000e-05
Epoch 10/20
4/4 [==============================] - 2s 607ms/step - loss: 7.3435 - accuracy: 0.2833 - val_loss: 7.2823 - val_accuracy: 0.2000 - lr: 1.0000e-05
Epoch 11/20
4/4 [==============================] - 2s 587ms/step - loss: 7.3367 - accuracy: 0.2000 - val_loss: 7.2449 - val_accuracy: 0.2000 - lr: 1.0000e-05
Epoch 12/20
4/4 [==============================] - 3s 773ms/step - loss: 7.2448 - accuracy: 0.2000 - val_loss: 7.2083 - val_accuracy: 0.2000 - lr: 1.0000e-05
Epoch 13/20
4/4 [==============================] - 3s 769ms/step - loss: 7.2354 - accuracy: 0.2333 - val_loss: 7.1669 - val_accuracy: 0.2000 - lr: 1.0000e-05
Epoch 14/20
4/4 [==============================] - 2s 601ms/step - loss: 7.2138 - accuracy: 0.1833 - val_loss: 7.1217 - val_accuracy: 0.2000 - lr: 1.0000e-05
Epoch 15/20
4/4 [==============================] - 3s 882ms/step - loss: 7.1556 - accuracy: 0.1667 - val_loss: 7.0672 - val_accuracy: 0.2000 - lr: 1.0000e-05
Epoch 16/20
4/4 [==============================] - 3s 917ms/step - loss: 7.1171 - accuracy: 0.2333 - val_loss: 7.0268 - val_accuracy: 0.2000 - lr: 1.0000e-05
Epoch 17/20
4/4 [==============================] - 3s 806ms/step - loss: 7.0605 - accuracy: 0.2667 - val_loss: 6.9866 - val_accuracy: 0.4000 - lr: 1.0000e-05
Epoch 18/20
4/4 [==============================] - 3s 885ms/step - loss: 7.0029 - accuracy: 0.3000 - val_loss: 6.9372 - val_accuracy: 0.4000 - lr: 1.0000e-05
Epoch 19/20
4/4 [==============================] - 3s 776ms/step - loss: 7.0128 - accuracy: 0.1667 - val_loss: 6.8993 - val_accuracy: 0.4000 - lr: 1.0000e-05
Epoch 20/20
4/4 [==============================] - 3s 736ms/step - loss: 6.9427 - accuracy: 0.3167 - val_loss: 6.8502 - val_accuracy: 0.4000 - lr: 1.0000e-05
1/1 [==============================] - 0s 129ms/step - loss: 6.8965 - accuracy: 0.1429
Found 60 images belonging to 6 classes.
Found 5 images belonging to 6 classes.
Found 7 images belonging to 6 classes.
Epoch 1/15
4/4 [==============================] - ETA: 0s - loss: 7.7876 - accuracy: 0.1667C:\Users\tom.zbc\PycharmProjects\fungis_bacterias_project\.venv\lib\site-packages\keras\src\engine\training.py:3000: UserWarning: You are saving your model as an HDF5 file via `model.save()`. This file format is considered legacy. We recommend using instead the native Keras format, e.g. `model.save('my_model.keras')`.
  saving_api.save_model(
4/4 [==============================] - 5s 1s/step - loss: 7.7876 - accuracy: 0.1667 - val_loss: 7.7392 - val_accuracy: 0.2000 - lr: 1.0000e-05
Epoch 2/15
4/4 [==============================] - 3s 913ms/step - loss: 7.7283 - accuracy: 0.1667 - val_loss: 7.6774 - val_accuracy: 0.2000 - lr: 1.0000e-05
Epoch 3/15
4/4 [==============================] - 3s 901ms/step - loss: 7.6727 - accuracy: 0.2000 - val_loss: 7.6099 - val_accuracy: 0.4000 - lr: 1.0000e-05
Epoch 4/15
4/4 [==============================] - 3s 941ms/step - loss: 7.6113 - accuracy: 0.1167 - val_loss: 7.5515 - val_accuracy: 0.4000 - lr: 1.0000e-05
Epoch 5/15
4/4 [==============================] - 3s 909ms/step - loss: 7.5628 - accuracy: 0.2667 - val_loss: 7.4986 - val_accuracy: 0.2000 - lr: 1.0000e-05
Epoch 6/15
4/4 [==============================] - 3s 870ms/step - loss: 7.4964 - accuracy: 0.2333 - val_loss: 7.4464 - val_accuracy: 0.2000 - lr: 1.0000e-05
Epoch 7/15
4/4 [==============================] - 2s 663ms/step - loss: 7.4652 - accuracy: 0.2833 - val_loss: 7.4034 - val_accuracy: 0.2000 - lr: 1.0000e-05
Epoch 8/15
4/4 [==============================] - 3s 791ms/step - loss: 7.4065 - accuracy: 0.2000 - val_loss: 7.3546 - val_accuracy: 0.2000 - lr: 1.0000e-05
Epoch 9/15
4/4 [==============================] - 2s 546ms/step - loss: 7.4131 - accuracy: 0.1333 - val_loss: 7.3134 - val_accuracy: 0.2000 - lr: 1.0000e-05
Epoch 10/15
4/4 [==============================] - 3s 710ms/step - loss: 7.3343 - accuracy: 0.2000 - val_loss: 7.2695 - val_accuracy: 0.2000 - lr: 1.0000e-05
Epoch 11/15
4/4 [==============================] - 2s 540ms/step - loss: 7.2933 - accuracy: 0.2333 - val_loss: 7.2313 - val_accuracy: 0.2000 - lr: 1.0000e-05
Epoch 12/15
4/4 [==============================] - 2s 596ms/step - loss: 7.2534 - accuracy: 0.1667 - val_loss: 7.1918 - val_accuracy: 0.2000 - lr: 1.0000e-05
Epoch 13/15
4/4 [==============================] - 2s 653ms/step - loss: 7.2507 - accuracy: 0.1333 - val_loss: 7.1453 - val_accuracy: 0.0000e+00 - lr: 1.0000e-05
Epoch 14/15
4/4 [==============================] - 2s 650ms/step - loss: 7.1357 - accuracy: 0.1667 - val_loss: 7.1019 - val_accuracy: 0.2000 - lr: 1.0000e-05
Epoch 15/15
4/4 [==============================] - 2s 629ms/step - loss: 7.1137 - accuracy: 0.2000 - val_loss: 7.0459 - val_accuracy: 0.2000 - lr: 1.0000e-05
1/1 [==============================] - 0s 106ms/step - loss: 7.0114 - accuracy: 0.1429
Found 60 images belonging to 6 classes.
Found 5 images belonging to 6 classes.
Found 7 images belonging to 6 classes.
Epoch 1/20
4/4 [==============================] - ETA: 0s - loss: 7.8065 - accuracy: 0.1167C:\Users\tom.zbc\PycharmProjects\fungis_bacterias_project\.venv\lib\site-packages\keras\src\engine\training.py:3000: UserWarning: You are saving your model as an HDF5 file via `model.save()`. This file format is considered legacy. We recommend using instead the native Keras format, e.g. `model.save('my_model.keras')`.
  saving_api.save_model(
4/4 [==============================] - 3s 641ms/step - loss: 7.8065 - accuracy: 0.1167 - val_loss: 7.7129 - val_accuracy: 0.4000 - lr: 1.0000e-05
Epoch 2/20
4/4 [==============================] - 2s 631ms/step - loss: 7.6997 - accuracy: 0.2333 - val_loss: 7.6389 - val_accuracy: 0.4000 - lr: 1.0000e-05
Epoch 3/20
4/4 [==============================] - 2s 593ms/step - loss: 7.6808 - accuracy: 0.1167 - val_loss: 7.5980 - val_accuracy: 0.2000 - lr: 1.0000e-05
Epoch 4/20
4/4 [==============================] - 2s 593ms/step - loss: 7.6121 - accuracy: 0.1667 - val_loss: 7.5463 - val_accuracy: 0.4000 - lr: 1.0000e-05
Epoch 5/20
4/4 [==============================] - 2s 580ms/step - loss: 7.5594 - accuracy: 0.1667 - val_loss: 7.4956 - val_accuracy: 0.4000 - lr: 1.0000e-05
Epoch 6/20
4/4 [==============================] - 2s 597ms/step - loss: 7.5039 - accuracy: 0.2333 - val_loss: 7.4512 - val_accuracy: 0.2000 - lr: 1.0000e-05
Epoch 7/20
4/4 [==============================] - 2s 566ms/step - loss: 7.5011 - accuracy: 0.1167 - val_loss: 7.4079 - val_accuracy: 0.2000 - lr: 1.0000e-05
Epoch 8/20
4/4 [==============================] - 2s 561ms/step - loss: 7.4307 - accuracy: 0.2000 - val_loss: 7.3658 - val_accuracy: 0.2000 - lr: 1.0000e-05
Epoch 9/20
4/4 [==============================] - 2s 573ms/step - loss: 7.3684 - accuracy: 0.2000 - val_loss: 7.3193 - val_accuracy: 0.2000 - lr: 1.0000e-05
Epoch 10/20
4/4 [==============================] - 2s 566ms/step - loss: 7.3351 - accuracy: 0.2667 - val_loss: 7.2815 - val_accuracy: 0.2000 - lr: 1.0000e-05
Epoch 11/20
4/4 [==============================] - 2s 546ms/step - loss: 7.2765 - accuracy: 0.2333 - val_loss: 7.2413 - val_accuracy: 0.2000 - lr: 1.0000e-05
Epoch 12/20
4/4 [==============================] - 2s 561ms/step - loss: 7.2278 - accuracy: 0.2500 - val_loss: 7.1931 - val_accuracy: 0.2000 - lr: 1.0000e-05
Epoch 13/20
4/4 [==============================] - 2s 552ms/step - loss: 7.2048 - accuracy: 0.2000 - val_loss: 7.1399 - val_accuracy: 0.2000 - lr: 1.0000e-05
Epoch 14/20
4/4 [==============================] - 2s 580ms/step - loss: 7.1463 - accuracy: 0.2167 - val_loss: 7.0884 - val_accuracy: 0.4000 - lr: 1.0000e-05
Epoch 15/20
4/4 [==============================] - 2s 548ms/step - loss: 7.0583 - accuracy: 0.3833 - val_loss: 7.0386 - val_accuracy: 0.4000 - lr: 1.0000e-05
Epoch 16/20
4/4 [==============================] - 2s 544ms/step - loss: 7.0403 - accuracy: 0.2667 - val_loss: 6.9885 - val_accuracy: 0.4000 - lr: 1.0000e-05
Epoch 17/20
4/4 [==============================] - 2s 550ms/step - loss: 7.0431 - accuracy: 0.2500 - val_loss: 6.9433 - val_accuracy: 0.4000 - lr: 1.0000e-05
Epoch 18/20
4/4 [==============================] - 2s 553ms/step - loss: 6.9990 - accuracy: 0.2167 - val_loss: 6.9042 - val_accuracy: 0.4000 - lr: 1.0000e-05
Epoch 19/20
4/4 [==============================] - 2s 547ms/step - loss: 6.9654 - accuracy: 0.3000 - val_loss: 6.8592 - val_accuracy: 0.4000 - lr: 1.0000e-05
Epoch 20/20
4/4 [==============================] - 2s 573ms/step - loss: 6.9399 - accuracy: 0.1667 - val_loss: 6.8201 - val_accuracy: 0.4000 - lr: 1.0000e-05
1/1 [==============================] - 0s 121ms/step - loss: 6.9072 - accuracy: 0.2857
Found 60 images belonging to 6 classes.
Found 5 images belonging to 6 classes.
Found 7 images belonging to 6 classes.
Epoch 1/15
4/4 [==============================] - ETA: 0s - loss: 7.8423 - accuracy: 0.0333C:\Users\tom.zbc\PycharmProjects\fungis_bacterias_project\.venv\lib\site-packages\keras\src\engine\training.py:3000: UserWarning: You are saving your model as an HDF5 file via `model.save()`. This file format is considered legacy. We recommend using instead the native Keras format, e.g. `model.save('my_model.keras')`.
  saving_api.save_model(
4/4 [==============================] - 3s 591ms/step - loss: 7.8423 - accuracy: 0.0333 - val_loss: 7.6762 - val_accuracy: 0.2000 - lr: 1.0000e-05
Epoch 2/15
4/4 [==============================] - 2s 565ms/step - loss: 7.7441 - accuracy: 0.1833 - val_loss: 7.6410 - val_accuracy: 0.2000 - lr: 1.0000e-05
Epoch 3/15
4/4 [==============================] - 2s 552ms/step - loss: 7.6982 - accuracy: 0.2000 - val_loss: 7.5790 - val_accuracy: 0.2000 - lr: 1.0000e-05
Epoch 4/15
4/4 [==============================] - 2s 549ms/step - loss: 7.6285 - accuracy: 0.1500 - val_loss: 7.5233 - val_accuracy: 0.2000 - lr: 1.0000e-05
Epoch 5/15
4/4 [==============================] - 2s 538ms/step - loss: 7.5938 - accuracy: 0.2333 - val_loss: 7.4690 - val_accuracy: 0.2000 - lr: 1.0000e-05
Epoch 6/15
4/4 [==============================] - 2s 544ms/step - loss: 7.5237 - accuracy: 0.1667 - val_loss: 7.4061 - val_accuracy: 0.2000 - lr: 1.0000e-05
Epoch 7/15
4/4 [==============================] - 2s 567ms/step - loss: 7.5327 - accuracy: 0.1667 - val_loss: 7.3465 - val_accuracy: 0.2000 - lr: 1.0000e-05
Epoch 8/15
4/4 [==============================] - 2s 579ms/step - loss: 7.4559 - accuracy: 0.2000 - val_loss: 7.2967 - val_accuracy: 0.4000 - lr: 1.0000e-05
Epoch 9/15
4/4 [==============================] - 2s 546ms/step - loss: 7.3852 - accuracy: 0.2000 - val_loss: 7.2614 - val_accuracy: 0.4000 - lr: 1.0000e-05
Epoch 10/15
4/4 [==============================] - 2s 551ms/step - loss: 7.3682 - accuracy: 0.2333 - val_loss: 7.2194 - val_accuracy: 0.2000 - lr: 1.0000e-05
Epoch 11/15
4/4 [==============================] - 2s 558ms/step - loss: 7.3422 - accuracy: 0.2000 - val_loss: 7.1825 - val_accuracy: 0.2000 - lr: 1.0000e-05
Epoch 12/15
4/4 [==============================] - 2s 547ms/step - loss: 7.3184 - accuracy: 0.1500 - val_loss: 7.1489 - val_accuracy: 0.4000 - lr: 1.0000e-05
Epoch 13/15
4/4 [==============================] - 2s 531ms/step - loss: 7.2607 - accuracy: 0.1667 - val_loss: 7.1151 - val_accuracy: 0.4000 - lr: 1.0000e-05
Epoch 14/15
4/4 [==============================] - 2s 586ms/step - loss: 7.2278 - accuracy: 0.1833 - val_loss: 7.0895 - val_accuracy: 0.4000 - lr: 1.0000e-05
Epoch 15/15
4/4 [==============================] - 2s 576ms/step - loss: 7.1998 - accuracy: 0.2000 - val_loss: 7.0634 - val_accuracy: 0.4000 - lr: 1.0000e-05
1/1 [==============================] - 0s 100ms/step - loss: 7.0872 - accuracy: 0.4286
Found 60 images belonging to 6 classes.
Found 5 images belonging to 6 classes.
Found 7 images belonging to 6 classes.
Epoch 1/20
4/4 [==============================] - ETA: 0s - loss: 7.7909 - accuracy: 0.1667C:\Users\tom.zbc\PycharmProjects\fungis_bacterias_project\.venv\lib\site-packages\keras\src\engine\training.py:3000: UserWarning: You are saving your model as an HDF5 file via `model.save()`. This file format is considered legacy. We recommend using instead the native Keras format, e.g. `model.save('my_model.keras')`.
  saving_api.save_model(
4/4 [==============================] - 3s 594ms/step - loss: 7.7909 - accuracy: 0.1667 - val_loss: 7.7184 - val_accuracy: 0.4000 - lr: 1.0000e-05
Epoch 2/20
4/4 [==============================] - 2s 554ms/step - loss: 7.7338 - accuracy: 0.1500 - val_loss: 7.6343 - val_accuracy: 0.6000 - lr: 1.0000e-05
Epoch 3/20
4/4 [==============================] - 2s 545ms/step - loss: 7.6991 - accuracy: 0.1667 - val_loss: 7.5803 - val_accuracy: 0.4000 - lr: 1.0000e-05
Epoch 4/20
4/4 [==============================] - 2s 557ms/step - loss: 7.6562 - accuracy: 0.1167 - val_loss: 7.5400 - val_accuracy: 0.4000 - lr: 1.0000e-05
Epoch 5/20
4/4 [==============================] - 2s 530ms/step - loss: 7.5615 - accuracy: 0.1333 - val_loss: 7.4985 - val_accuracy: 0.4000 - lr: 1.0000e-05
Epoch 6/20
4/4 [==============================] - 2s 554ms/step - loss: 7.5276 - accuracy: 0.2167 - val_loss: 7.4662 - val_accuracy: 0.4000 - lr: 1.0000e-05
Epoch 7/20
4/4 [==============================] - 2s 541ms/step - loss: 7.4687 - accuracy: 0.1833 - val_loss: 7.4286 - val_accuracy: 0.2000 - lr: 1.0000e-05
Epoch 8/20
4/4 [==============================] - 2s 556ms/step - loss: 7.4269 - accuracy: 0.2500 - val_loss: 7.3803 - val_accuracy: 0.0000e+00 - lr: 1.0000e-05
Epoch 9/20
4/4 [==============================] - 2s 538ms/step - loss: 7.4031 - accuracy: 0.1833 - val_loss: 7.3373 - val_accuracy: 0.2000 - lr: 1.0000e-05
Epoch 10/20
4/4 [==============================] - 2s 578ms/step - loss: 7.3549 - accuracy: 0.1167 - val_loss: 7.2831 - val_accuracy: 0.0000e+00 - lr: 1.0000e-05
Epoch 11/20
4/4 [==============================] - 2s 546ms/step - loss: 7.3162 - accuracy: 0.1833 - val_loss: 7.2327 - val_accuracy: 0.2000 - lr: 1.0000e-05
Epoch 12/20
4/4 [==============================] - 2s 536ms/step - loss: 7.2476 - accuracy: 0.2333 - val_loss: 7.1880 - val_accuracy: 0.2000 - lr: 1.0000e-05
Epoch 13/20
4/4 [==============================] - 2s 528ms/step - loss: 7.2345 - accuracy: 0.1500 - val_loss: 7.1512 - val_accuracy: 0.2000 - lr: 1.0000e-05
Epoch 14/20
4/4 [==============================] - 2s 546ms/step - loss: 7.2031 - accuracy: 0.2333 - val_loss: 7.1090 - val_accuracy: 0.2000 - lr: 1.0000e-05
Epoch 15/20
4/4 [==============================] - 2s 550ms/step - loss: 7.1771 - accuracy: 0.2333 - val_loss: 7.0687 - val_accuracy: 0.2000 - lr: 1.0000e-05
Epoch 16/20
4/4 [==============================] - 2s 576ms/step - loss: 7.0784 - accuracy: 0.2333 - val_loss: 7.0272 - val_accuracy: 0.2000 - lr: 1.0000e-05
Epoch 17/20
4/4 [==============================] - 2s 567ms/step - loss: 7.0698 - accuracy: 0.1333 - val_loss: 6.9919 - val_accuracy: 0.2000 - lr: 1.0000e-05
Epoch 18/20
4/4 [==============================] - 2s 553ms/step - loss: 7.0512 - accuracy: 0.1833 - val_loss: 6.9556 - val_accuracy: 0.4000 - lr: 1.0000e-05
Epoch 19/20
4/4 [==============================] - 2s 548ms/step - loss: 6.9958 - accuracy: 0.1833 - val_loss: 6.9157 - val_accuracy: 0.4000 - lr: 1.0000e-05
Epoch 20/20
4/4 [==============================] - 2s 541ms/step - loss: 6.9133 - accuracy: 0.4000 - val_loss: 6.8734 - val_accuracy: 0.4000 - lr: 1.0000e-05
1/1 [==============================] - 0s 105ms/step - loss: 6.8909 - accuracy: 0.2857
Found 60 images belonging to 6 classes.
Found 5 images belonging to 6 classes.
Found 7 images belonging to 6 classes.
Epoch 1/15
4/4 [==============================] - ETA: 0s - loss: 7.3517 - accuracy: 0.2000C:\Users\tom.zbc\PycharmProjects\fungis_bacterias_project\.venv\lib\site-packages\keras\src\engine\training.py:3000: UserWarning: You are saving your model as an HDF5 file via `model.save()`. This file format is considered legacy. We recommend using instead the native Keras format, e.g. `model.save('my_model.keras')`.
  saving_api.save_model(
4/4 [==============================] - 2s 384ms/step - loss: 7.3517 - accuracy: 0.2000 - val_loss: 7.3434 - val_accuracy: 0.0000e+00 - lr: 1.0000e-05
Epoch 2/15
4/4 [==============================] - 1s 341ms/step - loss: 7.3156 - accuracy: 0.2167 - val_loss: 7.2986 - val_accuracy: 0.0000e+00 - lr: 1.0000e-05
Epoch 3/15
4/4 [==============================] - 1s 349ms/step - loss: 7.2625 - accuracy: 0.2167 - val_loss: 7.2589 - val_accuracy: 0.0000e+00 - lr: 1.0000e-05
Epoch 4/15
4/4 [==============================] - 1s 375ms/step - loss: 7.2113 - accuracy: 0.2333 - val_loss: 7.2203 - val_accuracy: 0.0000e+00 - lr: 1.0000e-05
Epoch 5/15
4/4 [==============================] - 1s 357ms/step - loss: 7.1812 - accuracy: 0.2000 - val_loss: 7.1835 - val_accuracy: 0.0000e+00 - lr: 1.0000e-05
Epoch 6/15
4/4 [==============================] - 1s 351ms/step - loss: 7.1355 - accuracy: 0.1667 - val_loss: 7.1442 - val_accuracy: 0.2000 - lr: 1.0000e-05
Epoch 7/15
4/4 [==============================] - 1s 355ms/step - loss: 7.1131 - accuracy: 0.2333 - val_loss: 7.1053 - val_accuracy: 0.2000 - lr: 1.0000e-05
Epoch 8/15
4/4 [==============================] - 1s 344ms/step - loss: 7.0924 - accuracy: 0.0833 - val_loss: 7.0669 - val_accuracy: 0.2000 - lr: 1.0000e-05
Epoch 9/15
4/4 [==============================] - 1s 344ms/step - loss: 7.0544 - accuracy: 0.1667 - val_loss: 7.0317 - val_accuracy: 0.2000 - lr: 1.0000e-05
Epoch 10/15
4/4 [==============================] - 1s 346ms/step - loss: 7.0141 - accuracy: 0.2500 - val_loss: 7.0008 - val_accuracy: 0.2000 - lr: 1.0000e-05
Epoch 11/15
4/4 [==============================] - 1s 358ms/step - loss: 6.9696 - accuracy: 0.2333 - val_loss: 6.9678 - val_accuracy: 0.2000 - lr: 1.0000e-05
Epoch 12/15
4/4 [==============================] - 1s 343ms/step - loss: 6.9392 - accuracy: 0.1333 - val_loss: 6.9321 - val_accuracy: 0.2000 - lr: 1.0000e-05
Epoch 13/15
4/4 [==============================] - 1s 342ms/step - loss: 6.8994 - accuracy: 0.1667 - val_loss: 6.8993 - val_accuracy: 0.2000 - lr: 1.0000e-05
Epoch 14/15
4/4 [==============================] - 1s 362ms/step - loss: 6.8671 - accuracy: 0.2000 - val_loss: 6.8653 - val_accuracy: 0.2000 - lr: 1.0000e-05
Epoch 15/15
4/4 [==============================] - 1s 342ms/step - loss: 6.8397 - accuracy: 0.2167 - val_loss: 6.8343 - val_accuracy: 0.2000 - lr: 1.0000e-05
1/1 [==============================] - 0s 88ms/step - loss: 6.7639 - accuracy: 0.1429
Found 60 images belonging to 6 classes.
Found 5 images belonging to 6 classes.
Found 7 images belonging to 6 classes.
Epoch 1/20
4/4 [==============================] - ETA: 0s - loss: 7.3634 - accuracy: 0.2000C:\Users\tom.zbc\PycharmProjects\fungis_bacterias_project\.venv\lib\site-packages\keras\src\engine\training.py:3000: UserWarning: You are saving your model as an HDF5 file via `model.save()`. This file format is considered legacy. We recommend using instead the native Keras format, e.g. `model.save('my_model.keras')`.
  saving_api.save_model(
4/4 [==============================] - 2s 397ms/step - loss: 7.3634 - accuracy: 0.2000 - val_loss: 7.3332 - val_accuracy: 0.4000 - lr: 1.0000e-05
Epoch 2/20
4/4 [==============================] - 1s 343ms/step - loss: 7.3095 - accuracy: 0.2167 - val_loss: 7.2854 - val_accuracy: 0.4000 - lr: 1.0000e-05
Epoch 3/20
4/4 [==============================] - 1s 341ms/step - loss: 7.3123 - accuracy: 0.1333 - val_loss: 7.2491 - val_accuracy: 0.2000 - lr: 1.0000e-05
Epoch 4/20
4/4 [==============================] - 1s 340ms/step - loss: 7.2528 - accuracy: 0.1000 - val_loss: 7.2140 - val_accuracy: 0.2000 - lr: 1.0000e-05
Epoch 5/20
4/4 [==============================] - 1s 348ms/step - loss: 7.2216 - accuracy: 0.1000 - val_loss: 7.1776 - val_accuracy: 0.2000 - lr: 1.0000e-05
Epoch 6/20
4/4 [==============================] - 1s 338ms/step - loss: 7.2209 - accuracy: 0.1500 - val_loss: 7.1362 - val_accuracy: 0.2000 - lr: 1.0000e-05
Epoch 7/20
4/4 [==============================] - 1s 348ms/step - loss: 7.0957 - accuracy: 0.2000 - val_loss: 7.0968 - val_accuracy: 0.2000 - lr: 1.0000e-05
Epoch 8/20
4/4 [==============================] - 1s 341ms/step - loss: 7.1043 - accuracy: 0.2000 - val_loss: 7.0576 - val_accuracy: 0.2000 - lr: 1.0000e-05
Epoch 9/20
4/4 [==============================] - 1s 341ms/step - loss: 7.0851 - accuracy: 0.1833 - val_loss: 7.0196 - val_accuracy: 0.2000 - lr: 1.0000e-05
Epoch 10/20
4/4 [==============================] - 1s 344ms/step - loss: 7.0495 - accuracy: 0.2333 - val_loss: 6.9846 - val_accuracy: 0.2000 - lr: 1.0000e-05
Epoch 11/20
4/4 [==============================] - 1s 375ms/step - loss: 7.0247 - accuracy: 0.2000 - val_loss: 6.9460 - val_accuracy: 0.2000 - lr: 1.0000e-05
Epoch 12/20
4/4 [==============================] - 2s 479ms/step - loss: 6.9968 - accuracy: 0.1667 - val_loss: 6.9071 - val_accuracy: 0.2000 - lr: 1.0000e-05
Epoch 13/20
4/4 [==============================] - 2s 483ms/step - loss: 6.9461 - accuracy: 0.2000 - val_loss: 6.8730 - val_accuracy: 0.2000 - lr: 1.0000e-05
Epoch 14/20
4/4 [==============================] - 2s 488ms/step - loss: 6.9223 - accuracy: 0.1833 - val_loss: 6.8453 - val_accuracy: 0.2000 - lr: 1.0000e-05
Epoch 15/20
4/4 [==============================] - 2s 518ms/step - loss: 6.8935 - accuracy: 0.2333 - val_loss: 6.8180 - val_accuracy: 0.2000 - lr: 1.0000e-05
Epoch 16/20
4/4 [==============================] - 2s 512ms/step - loss: 6.8774 - accuracy: 0.1667 - val_loss: 6.7926 - val_accuracy: 0.2000 - lr: 1.0000e-05
Epoch 17/20
4/4 [==============================] - 2s 532ms/step - loss: 6.8182 - accuracy: 0.2833 - val_loss: 6.7665 - val_accuracy: 0.2000 - lr: 1.0000e-05
Epoch 18/20
4/4 [==============================] - 2s 538ms/step - loss: 6.8173 - accuracy: 0.2167 - val_loss: 6.7425 - val_accuracy: 0.2000 - lr: 1.0000e-05
Epoch 19/20
4/4 [==============================] - 2s 536ms/step - loss: 6.7670 - accuracy: 0.2000 - val_loss: 6.7184 - val_accuracy: 0.4000 - lr: 1.0000e-05
Epoch 20/20
4/4 [==============================] - 2s 525ms/step - loss: 6.7461 - accuracy: 0.1833 - val_loss: 6.6953 - val_accuracy: 0.4000 - lr: 1.0000e-05
1/1 [==============================] - 0s 115ms/step - loss: 6.6481 - accuracy: 0.4286
Found 60 images belonging to 6 classes.
Found 5 images belonging to 6 classes.
Found 7 images belonging to 6 classes.
Epoch 1/15
4/4 [==============================] - ETA: 0s - loss: 7.3397 - accuracy: 0.1333C:\Users\tom.zbc\PycharmProjects\fungis_bacterias_project\.venv\lib\site-packages\keras\src\engine\training.py:3000: UserWarning: You are saving your model as an HDF5 file via `model.save()`. This file format is considered legacy. We recommend using instead the native Keras format, e.g. `model.save('my_model.keras')`.
  saving_api.save_model(
4/4 [==============================] - 3s 613ms/step - loss: 7.3397 - accuracy: 0.1333 - val_loss: 7.3039 - val_accuracy: 0.2000 - lr: 1.0000e-05
Epoch 2/15
4/4 [==============================] - 2s 491ms/step - loss: 7.3114 - accuracy: 0.1333 - val_loss: 7.2542 - val_accuracy: 0.4000 - lr: 1.0000e-05
Epoch 3/15
4/4 [==============================] - 2s 549ms/step - loss: 7.2872 - accuracy: 0.1833 - val_loss: 7.2144 - val_accuracy: 0.4000 - lr: 1.0000e-05
Epoch 4/15
4/4 [==============================] - 2s 553ms/step - loss: 7.2574 - accuracy: 0.1333 - val_loss: 7.1754 - val_accuracy: 0.4000 - lr: 1.0000e-05
Epoch 5/15
4/4 [==============================] - 2s 530ms/step - loss: 7.2121 - accuracy: 0.2000 - val_loss: 7.1365 - val_accuracy: 0.4000 - lr: 1.0000e-05
Epoch 6/15
4/4 [==============================] - 2s 499ms/step - loss: 7.1413 - accuracy: 0.2000 - val_loss: 7.1051 - val_accuracy: 0.4000 - lr: 1.0000e-05
Epoch 7/15
4/4 [==============================] - 2s 527ms/step - loss: 7.1672 - accuracy: 0.1500 - val_loss: 7.0788 - val_accuracy: 0.4000 - lr: 1.0000e-05
Epoch 8/15
4/4 [==============================] - 2s 527ms/step - loss: 7.1093 - accuracy: 0.1667 - val_loss: 7.0546 - val_accuracy: 0.4000 - lr: 1.0000e-05
Epoch 9/15
4/4 [==============================] - 2s 540ms/step - loss: 7.1183 - accuracy: 0.1667 - val_loss: 7.0284 - val_accuracy: 0.4000 - lr: 1.0000e-05
Epoch 10/15
4/4 [==============================] - 2s 529ms/step - loss: 7.0295 - accuracy: 0.2500 - val_loss: 6.9998 - val_accuracy: 0.4000 - lr: 1.0000e-05
Epoch 11/15
4/4 [==============================] - 2s 517ms/step - loss: 7.0414 - accuracy: 0.1167 - val_loss: 6.9715 - val_accuracy: 0.4000 - lr: 1.0000e-05
Epoch 12/15
4/4 [==============================] - 2s 464ms/step - loss: 6.9926 - accuracy: 0.1833 - val_loss: 6.9438 - val_accuracy: 0.4000 - lr: 1.0000e-05
Epoch 13/15
4/4 [==============================] - 2s 523ms/step - loss: 6.9915 - accuracy: 0.2167 - val_loss: 6.9188 - val_accuracy: 0.4000 - lr: 1.0000e-05
Epoch 14/15
4/4 [==============================] - 2s 520ms/step - loss: 6.9261 - accuracy: 0.2500 - val_loss: 6.8912 - val_accuracy: 0.4000 - lr: 1.0000e-05
Epoch 15/15
4/4 [==============================] - 2s 463ms/step - loss: 6.9336 - accuracy: 0.1833 - val_loss: 6.8650 - val_accuracy: 0.4000 - lr: 1.0000e-05
1/1 [==============================] - 0s 105ms/step - loss: 6.8875 - accuracy: 0.1429
Found 60 images belonging to 6 classes.
Found 5 images belonging to 6 classes.
Found 7 images belonging to 6 classes.
Epoch 1/20
4/4 [==============================] - ETA: 0s - loss: 7.3653 - accuracy: 0.2333C:\Users\tom.zbc\PycharmProjects\fungis_bacterias_project\.venv\lib\site-packages\keras\src\engine\training.py:3000: UserWarning: You are saving your model as an HDF5 file via `model.save()`. This file format is considered legacy. We recommend using instead the native Keras format, e.g. `model.save('my_model.keras')`.
  saving_api.save_model(
4/4 [==============================] - 2s 540ms/step - loss: 7.3653 - accuracy: 0.2333 - val_loss: 7.3355 - val_accuracy: 0.2000 - lr: 1.0000e-05
Epoch 2/20
4/4 [==============================] - 1s 400ms/step - loss: 7.3153 - accuracy: 0.1333 - val_loss: 7.2926 - val_accuracy: 0.2000 - lr: 1.0000e-05
Epoch 3/20
4/4 [==============================] - 1s 360ms/step - loss: 7.3006 - accuracy: 0.1167 - val_loss: 7.2405 - val_accuracy: 0.2000 - lr: 1.0000e-05
Epoch 4/20
4/4 [==============================] - 1s 342ms/step - loss: 7.2656 - accuracy: 0.1500 - val_loss: 7.1915 - val_accuracy: 0.2000 - lr: 1.0000e-05
Epoch 5/20
4/4 [==============================] - 2s 429ms/step - loss: 7.2229 - accuracy: 0.1500 - val_loss: 7.1497 - val_accuracy: 0.2000 - lr: 1.0000e-05
Epoch 6/20
4/4 [==============================] - 2s 412ms/step - loss: 7.1739 - accuracy: 0.1833 - val_loss: 7.1157 - val_accuracy: 0.2000 - lr: 1.0000e-05
Epoch 7/20
4/4 [==============================] - 2s 417ms/step - loss: 7.1701 - accuracy: 0.1333 - val_loss: 7.0861 - val_accuracy: 0.2000 - lr: 1.0000e-05
Epoch 8/20
4/4 [==============================] - 1s 332ms/step - loss: 7.1191 - accuracy: 0.1667 - val_loss: 7.0591 - val_accuracy: 0.4000 - lr: 1.0000e-05
Epoch 9/20
4/4 [==============================] - 2s 400ms/step - loss: 7.0851 - accuracy: 0.1667 - val_loss: 7.0317 - val_accuracy: 0.2000 - lr: 1.0000e-05
Epoch 10/20
4/4 [==============================] - 2s 425ms/step - loss: 7.0507 - accuracy: 0.2167 - val_loss: 7.0037 - val_accuracy: 0.2000 - lr: 1.0000e-05
Epoch 11/20
4/4 [==============================] - 1s 409ms/step - loss: 7.0092 - accuracy: 0.2167 - val_loss: 6.9762 - val_accuracy: 0.2000 - lr: 1.0000e-05
Epoch 12/20
4/4 [==============================] - 1s 400ms/step - loss: 7.0150 - accuracy: 0.1000 - val_loss: 6.9520 - val_accuracy: 0.2000 - lr: 1.0000e-05
Epoch 13/20
4/4 [==============================] - 1s 379ms/step - loss: 6.9619 - accuracy: 0.2333 - val_loss: 6.9284 - val_accuracy: 0.2000 - lr: 1.0000e-05
Epoch 14/20
4/4 [==============================] - 1s 401ms/step - loss: 6.9594 - accuracy: 0.1333 - val_loss: 6.9057 - val_accuracy: 0.2000 - lr: 1.0000e-05
Epoch 15/20
4/4 [==============================] - 1s 377ms/step - loss: 6.9241 - accuracy: 0.1000 - val_loss: 6.8775 - val_accuracy: 0.0000e+00 - lr: 1.0000e-05
Epoch 16/20
4/4 [==============================] - 1s 376ms/step - loss: 6.8680 - accuracy: 0.2000 - val_loss: 6.8480 - val_accuracy: 0.0000e+00 - lr: 1.0000e-05
Epoch 17/20
4/4 [==============================] - 1s 376ms/step - loss: 6.8403 - accuracy: 0.2667 - val_loss: 6.8210 - val_accuracy: 0.0000e+00 - lr: 1.0000e-05
Epoch 18/20
4/4 [==============================] - 1s 331ms/step - loss: 6.8047 - accuracy: 0.2000 - val_loss: 6.7933 - val_accuracy: 0.0000e+00 - lr: 1.0000e-05
Epoch 19/20
4/4 [==============================] - 1s 335ms/step - loss: 6.7956 - accuracy: 0.1333 - val_loss: 6.7689 - val_accuracy: 0.0000e+00 - lr: 1.0000e-05
Epoch 20/20
4/4 [==============================] - 1s 356ms/step - loss: 6.7749 - accuracy: 0.2167 - val_loss: 6.7388 - val_accuracy: 0.0000e+00 - lr: 1.0000e-05
1/1 [==============================] - 0s 86ms/step - loss: 6.7097 - accuracy: 0.2857
Found 60 images belonging to 6 classes.
Found 5 images belonging to 6 classes.
Found 7 images belonging to 6 classes.
Epoch 1/15
4/4 [==============================] - ETA: 0s - loss: 7.4078 - accuracy: 0.1333C:\Users\tom.zbc\PycharmProjects\fungis_bacterias_project\.venv\lib\site-packages\keras\src\engine\training.py:3000: UserWarning: You are saving your model as an HDF5 file via `model.save()`. This file format is considered legacy. We recommend using instead the native Keras format, e.g. `model.save('my_model.keras')`.
  saving_api.save_model(
4/4 [==============================] - 2s 396ms/step - loss: 7.4078 - accuracy: 0.1333 - val_loss: 7.3168 - val_accuracy: 0.2000 - lr: 1.0000e-05
Epoch 2/15
4/4 [==============================] - 1s 365ms/step - loss: 7.3119 - accuracy: 0.1500 - val_loss: 7.2627 - val_accuracy: 0.2000 - lr: 1.0000e-05
Epoch 3/15
4/4 [==============================] - 1s 357ms/step - loss: 7.3070 - accuracy: 0.0833 - val_loss: 7.2199 - val_accuracy: 0.4000 - lr: 1.0000e-05
Epoch 4/15
4/4 [==============================] - 1s 362ms/step - loss: 7.2676 - accuracy: 0.1500 - val_loss: 7.1785 - val_accuracy: 0.4000 - lr: 1.0000e-05
Epoch 5/15
4/4 [==============================] - 1s 349ms/step - loss: 7.2284 - accuracy: 0.2167 - val_loss: 7.1433 - val_accuracy: 0.2000 - lr: 1.0000e-05
Epoch 6/15
4/4 [==============================] - 1s 345ms/step - loss: 7.2069 - accuracy: 0.2333 - val_loss: 7.1080 - val_accuracy: 0.2000 - lr: 1.0000e-05
Epoch 7/15
4/4 [==============================] - 1s 340ms/step - loss: 7.1622 - accuracy: 0.2167 - val_loss: 7.0757 - val_accuracy: 0.2000 - lr: 1.0000e-05
Epoch 8/15
4/4 [==============================] - 1s 348ms/step - loss: 7.1481 - accuracy: 0.1833 - val_loss: 7.0499 - val_accuracy: 0.2000 - lr: 1.0000e-05
Epoch 9/15
4/4 [==============================] - 1s 358ms/step - loss: 7.0750 - accuracy: 0.2833 - val_loss: 7.0221 - val_accuracy: 0.2000 - lr: 1.0000e-05
Epoch 10/15
4/4 [==============================] - 1s 343ms/step - loss: 7.0910 - accuracy: 0.1833 - val_loss: 6.9944 - val_accuracy: 0.2000 - lr: 1.0000e-05
Epoch 11/15
4/4 [==============================] - 1s 346ms/step - loss: 7.0505 - accuracy: 0.1833 - val_loss: 6.9683 - val_accuracy: 0.2000 - lr: 1.0000e-05
Epoch 12/15
4/4 [==============================] - 1s 362ms/step - loss: 7.0300 - accuracy: 0.1333 - val_loss: 6.9397 - val_accuracy: 0.2000 - lr: 1.0000e-05
Epoch 13/15
4/4 [==============================] - 1s 358ms/step - loss: 6.9848 - accuracy: 0.2667 - val_loss: 6.9139 - val_accuracy: 0.2000 - lr: 1.0000e-05
Epoch 14/15
4/4 [==============================] - 1s 337ms/step - loss: 7.0364 - accuracy: 0.1000 - val_loss: 6.8920 - val_accuracy: 0.2000 - lr: 1.0000e-05
Epoch 15/15
4/4 [==============================] - 1s 336ms/step - loss: 6.9562 - accuracy: 0.2500 - val_loss: 6.8730 - val_accuracy: 0.2000 - lr: 1.0000e-05
1/1 [==============================] - 0s 87ms/step - loss: 6.9150 - accuracy: 0.2857
Found 60 images belonging to 6 classes.
Found 5 images belonging to 6 classes.
Found 7 images belonging to 6 classes.
Epoch 1/20
4/4 [==============================] - ETA: 0s - loss: 7.3560 - accuracy: 0.2000C:\Users\tom.zbc\PycharmProjects\fungis_bacterias_project\.venv\lib\site-packages\keras\src\engine\training.py:3000: UserWarning: You are saving your model as an HDF5 file via `model.save()`. This file format is considered legacy. We recommend using instead the native Keras format, e.g. `model.save('my_model.keras')`.
  saving_api.save_model(
4/4 [==============================] - 2s 397ms/step - loss: 7.3560 - accuracy: 0.2000 - val_loss: 7.3233 - val_accuracy: 0.2000 - lr: 1.0000e-05
Epoch 2/20
4/4 [==============================] - 1s 374ms/step - loss: 7.3226 - accuracy: 0.2167 - val_loss: 7.2542 - val_accuracy: 0.2000 - lr: 1.0000e-05
Epoch 3/20
4/4 [==============================] - 1s 335ms/step - loss: 7.2869 - accuracy: 0.1333 - val_loss: 7.2074 - val_accuracy: 0.2000 - lr: 1.0000e-05
Epoch 4/20
4/4 [==============================] - 1s 335ms/step - loss: 7.2575 - accuracy: 0.1333 - val_loss: 7.1721 - val_accuracy: 0.4000 - lr: 1.0000e-05
Epoch 5/20
4/4 [==============================] - 1s 340ms/step - loss: 7.2092 - accuracy: 0.2167 - val_loss: 7.1381 - val_accuracy: 0.2000 - lr: 1.0000e-05
Epoch 6/20
4/4 [==============================] - 1s 348ms/step - loss: 7.1538 - accuracy: 0.2500 - val_loss: 7.1095 - val_accuracy: 0.0000e+00 - lr: 1.0000e-05
Epoch 7/20
4/4 [==============================] - 1s 366ms/step - loss: 7.1148 - accuracy: 0.1667 - val_loss: 7.0804 - val_accuracy: 0.0000e+00 - lr: 1.0000e-05
Epoch 8/20
4/4 [==============================] - 1s 360ms/step - loss: 7.1038 - accuracy: 0.2500 - val_loss: 7.0474 - val_accuracy: 0.0000e+00 - lr: 1.0000e-05
Epoch 9/20
4/4 [==============================] - 1s 346ms/step - loss: 7.0730 - accuracy: 0.1500 - val_loss: 7.0117 - val_accuracy: 0.2000 - lr: 1.0000e-05
Epoch 10/20
4/4 [==============================] - 1s 353ms/step - loss: 7.0371 - accuracy: 0.2500 - val_loss: 6.9768 - val_accuracy: 0.2000 - lr: 1.0000e-05
Epoch 11/20
4/4 [==============================] - 1s 338ms/step - loss: 6.9990 - accuracy: 0.2500 - val_loss: 6.9522 - val_accuracy: 0.2000 - lr: 1.0000e-05
Epoch 12/20
4/4 [==============================] - 1s 338ms/step - loss: 6.9773 - accuracy: 0.2167 - val_loss: 6.9283 - val_accuracy: 0.2000 - lr: 1.0000e-05
Epoch 13/20
4/4 [==============================] - 1s 364ms/step - loss: 6.9636 - accuracy: 0.2333 - val_loss: 6.9048 - val_accuracy: 0.2000 - lr: 1.0000e-05
Epoch 14/20
4/4 [==============================] - 1s 336ms/step - loss: 6.9552 - accuracy: 0.2000 - val_loss: 6.8812 - val_accuracy: 0.2000 - lr: 1.0000e-05
Epoch 15/20
4/4 [==============================] - 1s 346ms/step - loss: 6.9326 - accuracy: 0.1667 - val_loss: 6.8604 - val_accuracy: 0.2000 - lr: 1.0000e-05
Epoch 16/20
4/4 [==============================] - 1s 337ms/step - loss: 6.9430 - accuracy: 0.1333 - val_loss: 6.8349 - val_accuracy: 0.2000 - lr: 1.0000e-05
Epoch 17/20
4/4 [==============================] - 1s 340ms/step - loss: 6.8737 - accuracy: 0.2000 - val_loss: 6.8138 - val_accuracy: 0.0000e+00 - lr: 1.0000e-05
Epoch 18/20
4/4 [==============================] - 1s 367ms/step - loss: 6.8277 - accuracy: 0.1833 - val_loss: 6.7846 - val_accuracy: 0.0000e+00 - lr: 1.0000e-05
Epoch 19/20
4/4 [==============================] - 1s 341ms/step - loss: 6.8343 - accuracy: 0.1500 - val_loss: 6.7530 - val_accuracy: 0.0000e+00 - lr: 1.0000e-05
Epoch 20/20
4/4 [==============================] - 1s 340ms/step - loss: 6.7577 - accuracy: 0.1833 - val_loss: 6.7216 - val_accuracy: 0.2000 - lr: 1.0000e-05
1/1 [==============================] - 0s 87ms/step - loss: 6.7040 - accuracy: 0.2857
Found 60 images belonging to 6 classes.
Found 5 images belonging to 6 classes.
Found 7 images belonging to 6 classes.
Epoch 1/15
4/4 [==============================] - ETA: 0s - loss: 7.3865 - accuracy: 0.1500C:\Users\tom.zbc\PycharmProjects\fungis_bacterias_project\.venv\lib\site-packages\keras\src\engine\training.py:3000: UserWarning: You are saving your model as an HDF5 file via `model.save()`. This file format is considered legacy. We recommend using instead the native Keras format, e.g. `model.save('my_model.keras')`.
  saving_api.save_model(
4/4 [==============================] - 2s 403ms/step - loss: 7.3865 - accuracy: 0.1500 - val_loss: 7.3947 - val_accuracy: 0.0000e+00 - lr: 1.0000e-05
Epoch 2/15
4/4 [==============================] - 1s 351ms/step - loss: 7.3334 - accuracy: 0.1500 - val_loss: 7.3647 - val_accuracy: 0.0000e+00 - lr: 1.0000e-05
Epoch 3/15
4/4 [==============================] - 1s 344ms/step - loss: 7.3087 - accuracy: 0.1333 - val_loss: 7.3192 - val_accuracy: 0.0000e+00 - lr: 1.0000e-05
Epoch 4/15
4/4 [==============================] - 1s 341ms/step - loss: 7.2444 - accuracy: 0.2167 - val_loss: 7.2693 - val_accuracy: 0.2000 - lr: 1.0000e-05
Epoch 5/15
4/4 [==============================] - 1s 345ms/step - loss: 7.2180 - accuracy: 0.1000 - val_loss: 7.2155 - val_accuracy: 0.4000 - lr: 1.0000e-05
Epoch 6/15
4/4 [==============================] - 1s 369ms/step - loss: 7.2112 - accuracy: 0.1500 - val_loss: 7.1783 - val_accuracy: 0.4000 - lr: 1.0000e-05
Epoch 7/15
4/4 [==============================] - 1s 353ms/step - loss: 7.1354 - accuracy: 0.1333 - val_loss: 7.1447 - val_accuracy: 0.4000 - lr: 1.0000e-05
Epoch 8/15
4/4 [==============================] - 1s 349ms/step - loss: 7.1362 - accuracy: 0.1500 - val_loss: 7.1142 - val_accuracy: 0.4000 - lr: 1.0000e-05
Epoch 9/15
4/4 [==============================] - 1s 345ms/step - loss: 7.1273 - accuracy: 0.1500 - val_loss: 7.0926 - val_accuracy: 0.4000 - lr: 1.0000e-05
Epoch 10/15
4/4 [==============================] - 1s 345ms/step - loss: 7.1205 - accuracy: 0.0833 - val_loss: 7.0606 - val_accuracy: 0.4000 - lr: 1.0000e-05
Epoch 11/15
4/4 [==============================] - 1s 352ms/step - loss: 7.0440 - accuracy: 0.1833 - val_loss: 7.0269 - val_accuracy: 0.4000 - lr: 1.0000e-05
Epoch 12/15
4/4 [==============================] - 1s 337ms/step - loss: 6.9816 - accuracy: 0.3833 - val_loss: 6.9960 - val_accuracy: 0.4000 - lr: 1.0000e-05
Epoch 13/15
4/4 [==============================] - 1s 345ms/step - loss: 6.9936 - accuracy: 0.1500 - val_loss: 6.9663 - val_accuracy: 0.4000 - lr: 1.0000e-05
Epoch 14/15
4/4 [==============================] - 1s 343ms/step - loss: 6.9832 - accuracy: 0.1333 - val_loss: 6.9358 - val_accuracy: 0.4000 - lr: 1.0000e-05
Epoch 15/15
4/4 [==============================] - 1s 370ms/step - loss: 6.9475 - accuracy: 0.1500 - val_loss: 6.9053 - val_accuracy: 0.4000 - lr: 1.0000e-05
1/1 [==============================] - 0s 88ms/step - loss: 6.8630 - accuracy: 0.2857
Found 60 images belonging to 6 classes.
Found 5 images belonging to 6 classes.
Found 7 images belonging to 6 classes.
Epoch 1/20
4/4 [==============================] - ETA: 0s - loss: 7.3396 - accuracy: 0.2500C:\Users\tom.zbc\PycharmProjects\fungis_bacterias_project\.venv\lib\site-packages\keras\src\engine\training.py:3000: UserWarning: You are saving your model as an HDF5 file via `model.save()`. This file format is considered legacy. We recommend using instead the native Keras format, e.g. `model.save('my_model.keras')`.
  saving_api.save_model(
4/4 [==============================] - 2s 405ms/step - loss: 7.3396 - accuracy: 0.2500 - val_loss: 7.3492 - val_accuracy: 0.0000e+00 - lr: 1.0000e-05
Epoch 2/20
4/4 [==============================] - 1s 348ms/step - loss: 7.3056 - accuracy: 0.1167 - val_loss: 7.2980 - val_accuracy: 0.0000e+00 - lr: 1.0000e-05
Epoch 3/20
4/4 [==============================] - 1s 348ms/step - loss: 7.2633 - accuracy: 0.1500 - val_loss: 7.2577 - val_accuracy: 0.0000e+00 - lr: 1.0000e-05
Epoch 4/20
4/4 [==============================] - 1s 347ms/step - loss: 7.2188 - accuracy: 0.2167 - val_loss: 7.2215 - val_accuracy: 0.0000e+00 - lr: 1.0000e-05
Epoch 5/20
4/4 [==============================] - 1s 366ms/step - loss: 7.1471 - accuracy: 0.2000 - val_loss: 7.1882 - val_accuracy: 0.0000e+00 - lr: 1.0000e-05
Epoch 6/20
4/4 [==============================] - 1s 354ms/step - loss: 7.1399 - accuracy: 0.2000 - val_loss: 7.1563 - val_accuracy: 0.0000e+00 - lr: 1.0000e-05
Epoch 7/20
4/4 [==============================] - 1s 374ms/step - loss: 7.1062 - accuracy: 0.1500 - val_loss: 7.1223 - val_accuracy: 0.0000e+00 - lr: 1.0000e-05
Epoch 8/20
4/4 [==============================] - 1s 345ms/step - loss: 7.0835 - accuracy: 0.1167 - val_loss: 7.0844 - val_accuracy: 0.0000e+00 - lr: 1.0000e-05
Epoch 9/20
4/4 [==============================] - 1s 377ms/step - loss: 7.0452 - accuracy: 0.1833 - val_loss: 7.0454 - val_accuracy: 0.0000e+00 - lr: 1.0000e-05
Epoch 10/20
4/4 [==============================] - 1s 340ms/step - loss: 7.0088 - accuracy: 0.2000 - val_loss: 7.0085 - val_accuracy: 0.0000e+00 - lr: 1.0000e-05
Epoch 11/20
4/4 [==============================] - 1s 344ms/step - loss: 6.9601 - accuracy: 0.2333 - val_loss: 6.9726 - val_accuracy: 0.0000e+00 - lr: 1.0000e-05
Epoch 12/20
4/4 [==============================] - 1s 382ms/step - loss: 6.9227 - accuracy: 0.1667 - val_loss: 6.9404 - val_accuracy: 0.0000e+00 - lr: 1.0000e-05
Epoch 13/20
4/4 [==============================] - 1s 347ms/step - loss: 6.8907 - accuracy: 0.1500 - val_loss: 6.9052 - val_accuracy: 0.0000e+00 - lr: 1.0000e-05
Epoch 14/20
4/4 [==============================] - 1s 377ms/step - loss: 6.8702 - accuracy: 0.2167 - val_loss: 6.8736 - val_accuracy: 0.0000e+00 - lr: 1.0000e-05
Epoch 15/20
4/4 [==============================] - 1s 340ms/step - loss: 6.8467 - accuracy: 0.1167 - val_loss: 6.8432 - val_accuracy: 0.0000e+00 - lr: 1.0000e-05
Epoch 16/20
4/4 [==============================] - 1s 349ms/step - loss: 6.8144 - accuracy: 0.1500 - val_loss: 6.8110 - val_accuracy: 0.0000e+00 - lr: 1.0000e-05
Epoch 17/20
4/4 [==============================] - 1s 368ms/step - loss: 6.7691 - accuracy: 0.2000 - val_loss: 6.7777 - val_accuracy: 0.2000 - lr: 1.0000e-05
Epoch 18/20
4/4 [==============================] - 1s 360ms/step - loss: 6.7473 - accuracy: 0.2167 - val_loss: 6.7444 - val_accuracy: 0.0000e+00 - lr: 1.0000e-05
Epoch 19/20
4/4 [==============================] - 1s 345ms/step - loss: 6.7274 - accuracy: 0.1667 - val_loss: 6.7142 - val_accuracy: 0.0000e+00 - lr: 1.0000e-05
Epoch 20/20
4/4 [==============================] - 1s 341ms/step - loss: 6.6852 - accuracy: 0.1833 - val_loss: 6.6824 - val_accuracy: 0.2000 - lr: 1.0000e-05
1/1 [==============================] - 0s 87ms/step - loss: 6.6160 - accuracy: 0.2857
Found 60 images belonging to 6 classes.
Found 5 images belonging to 6 classes.
Found 7 images belonging to 6 classes.
Epoch 1/15
4/4 [==============================] - ETA: 0s - loss: 7.7913 - accuracy: 0.1667C:\Users\tom.zbc\PycharmProjects\fungis_bacterias_project\.venv\lib\site-packages\keras\src\engine\training.py:3000: UserWarning: You are saving your model as an HDF5 file via `model.save()`. This file format is considered legacy. We recommend using instead the native Keras format, e.g. `model.save('my_model.keras')`.
  saving_api.save_model(
4/4 [==============================] - 3s 613ms/step - loss: 7.7913 - accuracy: 0.1667 - val_loss: 7.7487 - val_accuracy: 0.4000 - lr: 1.0000e-05
Epoch 2/15
4/4 [==============================] - 2s 544ms/step - loss: 7.7191 - accuracy: 0.2000 - val_loss: 7.6699 - val_accuracy: 0.4000 - lr: 1.0000e-05
Epoch 3/15
4/4 [==============================] - 2s 522ms/step - loss: 7.6579 - accuracy: 0.2000 - val_loss: 7.6093 - val_accuracy: 0.4000 - lr: 1.0000e-05
Epoch 4/15
4/4 [==============================] - 2s 538ms/step - loss: 7.6226 - accuracy: 0.2167 - val_loss: 7.5516 - val_accuracy: 0.4000 - lr: 1.0000e-05
Epoch 5/15
4/4 [==============================] - 2s 536ms/step - loss: 7.6000 - accuracy: 0.1333 - val_loss: 7.4968 - val_accuracy: 0.4000 - lr: 1.0000e-05
Epoch 6/15
4/4 [==============================] - 2s 564ms/step - loss: 7.5642 - accuracy: 0.1167 - val_loss: 7.4458 - val_accuracy: 0.4000 - lr: 1.0000e-05
Epoch 7/15
4/4 [==============================] - 2s 532ms/step - loss: 7.4904 - accuracy: 0.2000 - val_loss: 7.4026 - val_accuracy: 0.4000 - lr: 1.0000e-05
Epoch 8/15
4/4 [==============================] - 2s 551ms/step - loss: 7.4581 - accuracy: 0.2333 - val_loss: 7.3644 - val_accuracy: 0.4000 - lr: 1.0000e-05
Epoch 9/15
4/4 [==============================] - 2s 555ms/step - loss: 7.3954 - accuracy: 0.2000 - val_loss: 7.3267 - val_accuracy: 0.2000 - lr: 1.0000e-05
Epoch 10/15
4/4 [==============================] - 2s 531ms/step - loss: 7.3736 - accuracy: 0.2333 - val_loss: 7.2827 - val_accuracy: 0.2000 - lr: 1.0000e-05
Epoch 11/15
4/4 [==============================] - 2s 562ms/step - loss: 7.3291 - accuracy: 0.2000 - val_loss: 7.2443 - val_accuracy: 0.2000 - lr: 1.0000e-05
Epoch 12/15
4/4 [==============================] - 2s 545ms/step - loss: 7.2909 - accuracy: 0.2000 - val_loss: 7.2103 - val_accuracy: 0.4000 - lr: 1.0000e-05
Epoch 13/15
4/4 [==============================] - 2s 568ms/step - loss: 7.2310 - accuracy: 0.1833 - val_loss: 7.1781 - val_accuracy: 0.2000 - lr: 1.0000e-05
Epoch 14/15
4/4 [==============================] - 2s 533ms/step - loss: 7.1873 - accuracy: 0.1833 - val_loss: 7.1505 - val_accuracy: 0.2000 - lr: 1.0000e-05
Epoch 15/15
4/4 [==============================] - 2s 548ms/step - loss: 7.1593 - accuracy: 0.1500 - val_loss: 7.1246 - val_accuracy: 0.2000 - lr: 1.0000e-05
1/1 [==============================] - 0s 101ms/step - loss: 7.1035 - accuracy: 0.2857
Found 60 images belonging to 6 classes.
Found 5 images belonging to 6 classes.
Found 7 images belonging to 6 classes.
Epoch 1/20
4/4 [==============================] - ETA: 0s - loss: 7.8217 - accuracy: 0.1833C:\Users\tom.zbc\PycharmProjects\fungis_bacterias_project\.venv\lib\site-packages\keras\src\engine\training.py:3000: UserWarning: You are saving your model as an HDF5 file via `model.save()`. This file format is considered legacy. We recommend using instead the native Keras format, e.g. `model.save('my_model.keras')`.
  saving_api.save_model(
4/4 [==============================] - 3s 584ms/step - loss: 7.8217 - accuracy: 0.1833 - val_loss: 7.7466 - val_accuracy: 0.2000 - lr: 1.0000e-05
Epoch 2/20
4/4 [==============================] - 2s 532ms/step - loss: 7.7165 - accuracy: 0.2167 - val_loss: 7.6842 - val_accuracy: 0.2000 - lr: 1.0000e-05
Epoch 3/20
4/4 [==============================] - 2s 570ms/step - loss: 7.7039 - accuracy: 0.1667 - val_loss: 7.6517 - val_accuracy: 0.2000 - lr: 1.0000e-05
Epoch 4/20
4/4 [==============================] - 2s 565ms/step - loss: 7.6614 - accuracy: 0.2333 - val_loss: 7.6010 - val_accuracy: 0.2000 - lr: 1.0000e-05
Epoch 5/20
4/4 [==============================] - 2s 568ms/step - loss: 7.5970 - accuracy: 0.1667 - val_loss: 7.5469 - val_accuracy: 0.4000 - lr: 1.0000e-05
Epoch 6/20
4/4 [==============================] - 2s 563ms/step - loss: 7.5837 - accuracy: 0.2167 - val_loss: 7.5014 - val_accuracy: 0.4000 - lr: 1.0000e-05
Epoch 7/20
4/4 [==============================] - 2s 535ms/step - loss: 7.5612 - accuracy: 0.2000 - val_loss: 7.4463 - val_accuracy: 0.2000 - lr: 1.0000e-05
Epoch 8/20
4/4 [==============================] - 2s 535ms/step - loss: 7.5204 - accuracy: 0.2000 - val_loss: 7.4132 - val_accuracy: 0.2000 - lr: 1.0000e-05
Epoch 9/20
4/4 [==============================] - 2s 532ms/step - loss: 7.4870 - accuracy: 0.1667 - val_loss: 7.3785 - val_accuracy: 0.4000 - lr: 1.0000e-05
Epoch 10/20
4/4 [==============================] - 2s 551ms/step - loss: 7.4120 - accuracy: 0.1833 - val_loss: 7.3489 - val_accuracy: 0.2000 - lr: 1.0000e-05
Epoch 11/20
4/4 [==============================] - 2s 549ms/step - loss: 7.3936 - accuracy: 0.1500 - val_loss: 7.3179 - val_accuracy: 0.2000 - lr: 1.0000e-05
Epoch 12/20
4/4 [==============================] - 2s 568ms/step - loss: 7.3235 - accuracy: 0.2167 - val_loss: 7.2953 - val_accuracy: 0.4000 - lr: 1.0000e-05
Epoch 13/20
4/4 [==============================] - 2s 589ms/step - loss: 7.3135 - accuracy: 0.2500 - val_loss: 7.2835 - val_accuracy: 0.4000 - lr: 1.0000e-05
Epoch 14/20
4/4 [==============================] - 2s 571ms/step - loss: 7.2835 - accuracy: 0.2500 - val_loss: 7.2564 - val_accuracy: 0.4000 - lr: 1.0000e-05
Epoch 15/20
4/4 [==============================] - 2s 569ms/step - loss: 7.2253 - accuracy: 0.2167 - val_loss: 7.2331 - val_accuracy: 0.4000 - lr: 1.0000e-05
Epoch 16/20
4/4 [==============================] - 2s 536ms/step - loss: 7.1533 - accuracy: 0.2667 - val_loss: 7.2074 - val_accuracy: 0.4000 - lr: 1.0000e-05
Epoch 17/20
4/4 [==============================] - 2s 549ms/step - loss: 7.2100 - accuracy: 0.2167 - val_loss: 7.1821 - val_accuracy: 0.4000 - lr: 1.0000e-05
Epoch 18/20
4/4 [==============================] - 2s 539ms/step - loss: 7.2054 - accuracy: 0.2167 - val_loss: 7.1580 - val_accuracy: 0.4000 - lr: 1.0000e-05
Epoch 19/20
4/4 [==============================] - 2s 554ms/step - loss: 7.1137 - accuracy: 0.1667 - val_loss: 7.1322 - val_accuracy: 0.4000 - lr: 1.0000e-05
Epoch 20/20
4/4 [==============================] - 2s 565ms/step - loss: 7.0964 - accuracy: 0.2500 - val_loss: 7.1033 - val_accuracy: 0.4000 - lr: 1.0000e-05
1/1 [==============================] - 0s 99ms/step - loss: 7.1602 - accuracy: 0.1429
Found 60 images belonging to 6 classes.
Found 5 images belonging to 6 classes.
Found 7 images belonging to 6 classes.
Epoch 1/15
4/4 [==============================] - ETA: 0s - loss: 7.8004 - accuracy: 0.1500C:\Users\tom.zbc\PycharmProjects\fungis_bacterias_project\.venv\lib\site-packages\keras\src\engine\training.py:3000: UserWarning: You are saving your model as an HDF5 file via `model.save()`. This file format is considered legacy. We recommend using instead the native Keras format, e.g. `model.save('my_model.keras')`.
  saving_api.save_model(
4/4 [==============================] - 3s 625ms/step - loss: 7.8004 - accuracy: 0.1500 - val_loss: 7.7441 - val_accuracy: 0.0000e+00 - lr: 1.0000e-05
Epoch 2/15
4/4 [==============================] - 2s 572ms/step - loss: 7.7419 - accuracy: 0.1500 - val_loss: 7.6756 - val_accuracy: 0.0000e+00 - lr: 1.0000e-05
Epoch 3/15
4/4 [==============================] - 2s 539ms/step - loss: 7.6600 - accuracy: 0.1833 - val_loss: 7.6206 - val_accuracy: 0.0000e+00 - lr: 1.0000e-05
Epoch 4/15
4/4 [==============================] - 2s 556ms/step - loss: 7.6236 - accuracy: 0.2000 - val_loss: 7.5740 - val_accuracy: 0.0000e+00 - lr: 1.0000e-05
Epoch 5/15
4/4 [==============================] - 2s 561ms/step - loss: 7.5626 - accuracy: 0.2667 - val_loss: 7.5294 - val_accuracy: 0.0000e+00 - lr: 1.0000e-05
Epoch 6/15
4/4 [==============================] - 2s 551ms/step - loss: 7.5280 - accuracy: 0.1500 - val_loss: 7.4827 - val_accuracy: 0.0000e+00 - lr: 1.0000e-05
Epoch 7/15
4/4 [==============================] - 2s 548ms/step - loss: 7.4907 - accuracy: 0.2000 - val_loss: 7.4404 - val_accuracy: 0.0000e+00 - lr: 1.0000e-05
Epoch 8/15
4/4 [==============================] - 2s 536ms/step - loss: 7.4442 - accuracy: 0.1833 - val_loss: 7.3991 - val_accuracy: 0.2000 - lr: 1.0000e-05
Epoch 9/15
4/4 [==============================] - 2s 564ms/step - loss: 7.3697 - accuracy: 0.2000 - val_loss: 7.3523 - val_accuracy: 0.2000 - lr: 1.0000e-05
Epoch 10/15
4/4 [==============================] - 2s 533ms/step - loss: 7.3726 - accuracy: 0.1667 - val_loss: 7.3103 - val_accuracy: 0.2000 - lr: 1.0000e-05
Epoch 11/15
4/4 [==============================] - 2s 551ms/step - loss: 7.3326 - accuracy: 0.1667 - val_loss: 7.2690 - val_accuracy: 0.2000 - lr: 1.0000e-05
Epoch 12/15
4/4 [==============================] - 2s 548ms/step - loss: 7.2617 - accuracy: 0.2167 - val_loss: 7.2305 - val_accuracy: 0.2000 - lr: 1.0000e-05
Epoch 13/15
4/4 [==============================] - 2s 558ms/step - loss: 7.2119 - accuracy: 0.2000 - val_loss: 7.1909 - val_accuracy: 0.2000 - lr: 1.0000e-05
Epoch 14/15
4/4 [==============================] - 2s 548ms/step - loss: 7.2080 - accuracy: 0.0500 - val_loss: 7.1551 - val_accuracy: 0.2000 - lr: 1.0000e-05
Epoch 15/15
4/4 [==============================] - 2s 585ms/step - loss: 7.1491 - accuracy: 0.1667 - val_loss: 7.1146 - val_accuracy: 0.2000 - lr: 1.0000e-05
1/1 [==============================] - 0s 115ms/step - loss: 7.0876 - accuracy: 0.1429
Found 60 images belonging to 6 classes.
Found 5 images belonging to 6 classes.
Found 7 images belonging to 6 classes.
Epoch 1/20
4/4 [==============================] - ETA: 0s - loss: 7.7984 - accuracy: 0.1667C:\Users\tom.zbc\PycharmProjects\fungis_bacterias_project\.venv\lib\site-packages\keras\src\engine\training.py:3000: UserWarning: You are saving your model as an HDF5 file via `model.save()`. This file format is considered legacy. We recommend using instead the native Keras format, e.g. `model.save('my_model.keras')`.
  saving_api.save_model(
4/4 [==============================] - 3s 624ms/step - loss: 7.7984 - accuracy: 0.1667 - val_loss: 7.7141 - val_accuracy: 0.2000 - lr: 1.0000e-05
Epoch 2/20
4/4 [==============================] - 2s 553ms/step - loss: 7.7024 - accuracy: 0.2167 - val_loss: 7.6665 - val_accuracy: 0.0000e+00 - lr: 1.0000e-05
Epoch 3/20
4/4 [==============================] - 2s 551ms/step - loss: 7.6411 - accuracy: 0.3000 - val_loss: 7.6180 - val_accuracy: 0.0000e+00 - lr: 1.0000e-05
Epoch 4/20
4/4 [==============================] - 2s 542ms/step - loss: 7.6232 - accuracy: 0.2500 - val_loss: 7.5650 - val_accuracy: 0.0000e+00 - lr: 1.0000e-05
Epoch 5/20
4/4 [==============================] - 2s 543ms/step - loss: 7.5223 - accuracy: 0.1833 - val_loss: 7.5078 - val_accuracy: 0.0000e+00 - lr: 1.0000e-05
Epoch 6/20
4/4 [==============================] - 2s 546ms/step - loss: 7.4842 - accuracy: 0.1500 - val_loss: 7.4526 - val_accuracy: 0.2000 - lr: 1.0000e-05
Epoch 7/20
4/4 [==============================] - 2s 564ms/step - loss: 7.4556 - accuracy: 0.1667 - val_loss: 7.4032 - val_accuracy: 0.2000 - lr: 1.0000e-05
Epoch 8/20
4/4 [==============================] - 2s 577ms/step - loss: 7.4329 - accuracy: 0.1833 - val_loss: 7.3434 - val_accuracy: 0.2000 - lr: 1.0000e-05
Epoch 9/20
4/4 [==============================] - 2s 575ms/step - loss: 7.3768 - accuracy: 0.1833 - val_loss: 7.2852 - val_accuracy: 0.2000 - lr: 1.0000e-05
Epoch 10/20
4/4 [==============================] - 2s 553ms/step - loss: 7.3348 - accuracy: 0.1500 - val_loss: 7.2355 - val_accuracy: 0.2000 - lr: 1.0000e-05
Epoch 11/20
4/4 [==============================] - 2s 567ms/step - loss: 7.2503 - accuracy: 0.2500 - val_loss: 7.1859 - val_accuracy: 0.2000 - lr: 1.0000e-05
Epoch 12/20
4/4 [==============================] - 2s 554ms/step - loss: 7.1969 - accuracy: 0.2667 - val_loss: 7.1391 - val_accuracy: 0.2000 - lr: 1.0000e-05
Epoch 13/20
4/4 [==============================] - 2s 546ms/step - loss: 7.1874 - accuracy: 0.2000 - val_loss: 7.0977 - val_accuracy: 0.2000 - lr: 1.0000e-05
Epoch 14/20
4/4 [==============================] - 2s 548ms/step - loss: 7.1259 - accuracy: 0.2000 - val_loss: 7.0634 - val_accuracy: 0.2000 - lr: 1.0000e-05
Epoch 15/20
4/4 [==============================] - 2s 569ms/step - loss: 7.1463 - accuracy: 0.2167 - val_loss: 7.0287 - val_accuracy: 0.2000 - lr: 1.0000e-05
Epoch 16/20
4/4 [==============================] - 2s 536ms/step - loss: 7.0539 - accuracy: 0.2167 - val_loss: 6.9941 - val_accuracy: 0.2000 - lr: 1.0000e-05
Epoch 17/20
4/4 [==============================] - 2s 553ms/step - loss: 7.0273 - accuracy: 0.2000 - val_loss: 6.9611 - val_accuracy: 0.2000 - lr: 1.0000e-05
Epoch 18/20
4/4 [==============================] - 2s 549ms/step - loss: 7.0328 - accuracy: 0.1667 - val_loss: 6.9256 - val_accuracy: 0.2000 - lr: 1.0000e-05
Epoch 19/20
4/4 [==============================] - 2s 568ms/step - loss: 7.0168 - accuracy: 0.1500 - val_loss: 6.8879 - val_accuracy: 0.2000 - lr: 1.0000e-05
Epoch 20/20
4/4 [==============================] - 2s 556ms/step - loss: 6.9619 - accuracy: 0.2000 - val_loss: 6.8592 - val_accuracy: 0.2000 - lr: 1.0000e-05
1/1 [==============================] - 0s 104ms/step - loss: 6.8996 - accuracy: 0.2857
Found 60 images belonging to 6 classes.
Found 5 images belonging to 6 classes.
Found 7 images belonging to 6 classes.
Epoch 1/15
4/4 [==============================] - ETA: 0s - loss: 7.7806 - accuracy: 0.2000C:\Users\tom.zbc\PycharmProjects\fungis_bacterias_project\.venv\lib\site-packages\keras\src\engine\training.py:3000: UserWarning: You are saving your model as an HDF5 file via `model.save()`. This file format is considered legacy. We recommend using instead the native Keras format, e.g. `model.save('my_model.keras')`.
  saving_api.save_model(
4/4 [==============================] - 3s 608ms/step - loss: 7.7806 - accuracy: 0.2000 - val_loss: 7.7751 - val_accuracy: 0.0000e+00 - lr: 1.0000e-05
Epoch 2/15
4/4 [==============================] - 2s 555ms/step - loss: 7.7183 - accuracy: 0.2333 - val_loss: 7.7071 - val_accuracy: 0.2000 - lr: 1.0000e-05
Epoch 3/15
4/4 [==============================] - 2s 573ms/step - loss: 7.6343 - accuracy: 0.2333 - val_loss: 7.6511 - val_accuracy: 0.2000 - lr: 1.0000e-05
Epoch 4/15
4/4 [==============================] - 2s 576ms/step - loss: 7.6129 - accuracy: 0.2333 - val_loss: 7.5921 - val_accuracy: 0.2000 - lr: 1.0000e-05
Epoch 5/15
4/4 [==============================] - 2s 580ms/step - loss: 7.5609 - accuracy: 0.2500 - val_loss: 7.5365 - val_accuracy: 0.2000 - lr: 1.0000e-05
Epoch 6/15
4/4 [==============================] - 2s 559ms/step - loss: 7.5527 - accuracy: 0.2333 - val_loss: 7.5014 - val_accuracy: 0.2000 - lr: 1.0000e-05
Epoch 7/15
4/4 [==============================] - 2s 550ms/step - loss: 7.5307 - accuracy: 0.2167 - val_loss: 7.4606 - val_accuracy: 0.2000 - lr: 1.0000e-05
Epoch 8/15
4/4 [==============================] - 2s 569ms/step - loss: 7.4670 - accuracy: 0.1333 - val_loss: 7.4316 - val_accuracy: 0.2000 - lr: 1.0000e-05
Epoch 9/15
4/4 [==============================] - 3s 810ms/step - loss: 7.4488 - accuracy: 0.1167 - val_loss: 7.3857 - val_accuracy: 0.2000 - lr: 1.0000e-05
Epoch 10/15
4/4 [==============================] - 3s 886ms/step - loss: 7.4226 - accuracy: 0.2167 - val_loss: 7.3461 - val_accuracy: 0.2000 - lr: 1.0000e-05
Epoch 11/15
4/4 [==============================] - 3s 820ms/step - loss: 7.3433 - accuracy: 0.2667 - val_loss: 7.3082 - val_accuracy: 0.0000e+00 - lr: 1.0000e-05
Epoch 12/15
4/4 [==============================] - 3s 874ms/step - loss: 7.2750 - accuracy: 0.2667 - val_loss: 7.2792 - val_accuracy: 0.0000e+00 - lr: 1.0000e-05
Epoch 13/15
4/4 [==============================] - 3s 804ms/step - loss: 7.2833 - accuracy: 0.2667 - val_loss: 7.2586 - val_accuracy: 0.0000e+00 - lr: 1.0000e-05
Epoch 14/15
4/4 [==============================] - 3s 783ms/step - loss: 7.2312 - accuracy: 0.2333 - val_loss: 7.2331 - val_accuracy: 0.0000e+00 - lr: 1.0000e-05
Epoch 15/15
4/4 [==============================] - 3s 900ms/step - loss: 7.2096 - accuracy: 0.1667 - val_loss: 7.1970 - val_accuracy: 0.2000 - lr: 1.0000e-05
1/1 [==============================] - 0s 129ms/step - loss: 7.2345 - accuracy: 0.1429
Found 60 images belonging to 6 classes.
Found 5 images belonging to 6 classes.
Found 7 images belonging to 6 classes.
Epoch 1/20
4/4 [==============================] - ETA: 0s - loss: 7.7927 - accuracy: 0.1500C:\Users\tom.zbc\PycharmProjects\fungis_bacterias_project\.venv\lib\site-packages\keras\src\engine\training.py:3000: UserWarning: You are saving your model as an HDF5 file via `model.save()`. This file format is considered legacy. We recommend using instead the native Keras format, e.g. `model.save('my_model.keras')`.
  saving_api.save_model(
4/4 [==============================] - 4s 1s/step - loss: 7.7927 - accuracy: 0.1500 - val_loss: 7.7148 - val_accuracy: 0.4000 - lr: 1.0000e-05
Epoch 2/20
4/4 [==============================] - 3s 949ms/step - loss: 7.7314 - accuracy: 0.1000 - val_loss: 7.6766 - val_accuracy: 0.2000 - lr: 1.0000e-05
Epoch 3/20
4/4 [==============================] - 3s 912ms/step - loss: 7.6941 - accuracy: 0.1167 - val_loss: 7.6445 - val_accuracy: 0.2000 - lr: 1.0000e-05
Epoch 4/20
4/4 [==============================] - 3s 959ms/step - loss: 7.6166 - accuracy: 0.2000 - val_loss: 7.6089 - val_accuracy: 0.4000 - lr: 1.0000e-05
Epoch 5/20
4/4 [==============================] - 3s 895ms/step - loss: 7.5489 - accuracy: 0.2333 - val_loss: 7.5642 - val_accuracy: 0.2000 - lr: 1.0000e-05
Epoch 6/20
4/4 [==============================] - 3s 790ms/step - loss: 7.5424 - accuracy: 0.1667 - val_loss: 7.5238 - val_accuracy: 0.0000e+00 - lr: 1.0000e-05
Epoch 7/20
4/4 [==============================] - 3s 875ms/step - loss: 7.4925 - accuracy: 0.1833 - val_loss: 7.4741 - val_accuracy: 0.2000 - lr: 1.0000e-05
Epoch 8/20
4/4 [==============================] - 3s 800ms/step - loss: 7.4365 - accuracy: 0.3000 - val_loss: 7.4289 - val_accuracy: 0.2000 - lr: 1.0000e-05
Epoch 9/20
4/4 [==============================] - 2s 581ms/step - loss: 7.4063 - accuracy: 0.2167 - val_loss: 7.3950 - val_accuracy: 0.2000 - lr: 1.0000e-05
Epoch 10/20
4/4 [==============================] - 3s 724ms/step - loss: 7.3288 - accuracy: 0.2167 - val_loss: 7.3502 - val_accuracy: 0.2000 - lr: 1.0000e-05
Epoch 11/20
4/4 [==============================] - 3s 709ms/step - loss: 7.3370 - accuracy: 0.1833 - val_loss: 7.3053 - val_accuracy: 0.4000 - lr: 1.0000e-05
Epoch 12/20
4/4 [==============================] - 3s 722ms/step - loss: 7.2891 - accuracy: 0.1667 - val_loss: 7.2704 - val_accuracy: 0.4000 - lr: 1.0000e-05
Epoch 13/20
4/4 [==============================] - 3s 679ms/step - loss: 7.2565 - accuracy: 0.1667 - val_loss: 7.2294 - val_accuracy: 0.4000 - lr: 1.0000e-05
Epoch 14/20
4/4 [==============================] - 3s 672ms/step - loss: 7.2090 - accuracy: 0.2000 - val_loss: 7.1928 - val_accuracy: 0.4000 - lr: 1.0000e-05
Epoch 15/20
4/4 [==============================] - 2s 647ms/step - loss: 7.1803 - accuracy: 0.1833 - val_loss: 7.1584 - val_accuracy: 0.2000 - lr: 1.0000e-05
Epoch 16/20
4/4 [==============================] - 2s 629ms/step - loss: 7.1731 - accuracy: 0.1667 - val_loss: 7.1286 - val_accuracy: 0.2000 - lr: 1.0000e-05
Epoch 17/20
4/4 [==============================] - 2s 624ms/step - loss: 7.0979 - accuracy: 0.2667 - val_loss: 7.0944 - val_accuracy: 0.2000 - lr: 1.0000e-05
Epoch 18/20
4/4 [==============================] - 2s 610ms/step - loss: 7.0679 - accuracy: 0.2500 - val_loss: 7.0681 - val_accuracy: 0.2000 - lr: 1.0000e-05
Epoch 19/20
4/4 [==============================] - 2s 614ms/step - loss: 7.0528 - accuracy: 0.1333 - val_loss: 7.0343 - val_accuracy: 0.2000 - lr: 1.0000e-05
Epoch 20/20
4/4 [==============================] - 2s 611ms/step - loss: 7.0258 - accuracy: 0.1000 - val_loss: 7.0021 - val_accuracy: 0.2000 - lr: 1.0000e-05
1/1 [==============================] - 0s 117ms/step - loss: 6.9890 - accuracy: 0.2857
Found 60 images belonging to 6 classes.
Found 5 images belonging to 6 classes.
Found 7 images belonging to 6 classes.
Epoch 1/15
4/4 [==============================] - ETA: 0s - loss: 7.7823 - accuracy: 0.1667C:\Users\tom.zbc\PycharmProjects\fungis_bacterias_project\.venv\lib\site-packages\keras\src\engine\training.py:3000: UserWarning: You are saving your model as an HDF5 file via `model.save()`. This file format is considered legacy. We recommend using instead the native Keras format, e.g. `model.save('my_model.keras')`.
  saving_api.save_model(
4/4 [==============================] - 3s 631ms/step - loss: 7.7823 - accuracy: 0.1667 - val_loss: 7.7683 - val_accuracy: 0.2000 - lr: 1.0000e-05
Epoch 2/15
4/4 [==============================] - 2s 576ms/step - loss: 7.7830 - accuracy: 0.1667 - val_loss: 7.7056 - val_accuracy: 0.0000e+00 - lr: 1.0000e-05
Epoch 3/15
4/4 [==============================] - 2s 577ms/step - loss: 7.6846 - accuracy: 0.2167 - val_loss: 7.6648 - val_accuracy: 0.0000e+00 - lr: 1.0000e-05
Epoch 4/15
4/4 [==============================] - 2s 613ms/step - loss: 7.6600 - accuracy: 0.0833 - val_loss: 7.6240 - val_accuracy: 0.0000e+00 - lr: 1.0000e-05
Epoch 5/15
4/4 [==============================] - 2s 594ms/step - loss: 7.6072 - accuracy: 0.1333 - val_loss: 7.5887 - val_accuracy: 0.0000e+00 - lr: 1.0000e-05
Epoch 6/15
4/4 [==============================] - 2s 569ms/step - loss: 7.5553 - accuracy: 0.1333 - val_loss: 7.5511 - val_accuracy: 0.0000e+00 - lr: 1.0000e-05
Epoch 7/15
4/4 [==============================] - 2s 561ms/step - loss: 7.5645 - accuracy: 0.1833 - val_loss: 7.5123 - val_accuracy: 0.0000e+00 - lr: 1.0000e-05
Epoch 8/15
4/4 [==============================] - 2s 549ms/step - loss: 7.5006 - accuracy: 0.1667 - val_loss: 7.4716 - val_accuracy: 0.0000e+00 - lr: 1.0000e-05
Epoch 9/15
4/4 [==============================] - 2s 537ms/step - loss: 7.4229 - accuracy: 0.1833 - val_loss: 7.4329 - val_accuracy: 0.0000e+00 - lr: 1.0000e-05
Epoch 10/15
4/4 [==============================] - 2s 562ms/step - loss: 7.3911 - accuracy: 0.2167 - val_loss: 7.3883 - val_accuracy: 0.2000 - lr: 1.0000e-05
Epoch 11/15
4/4 [==============================] - 2s 544ms/step - loss: 7.3781 - accuracy: 0.2500 - val_loss: 7.3482 - val_accuracy: 0.2000 - lr: 1.0000e-05
Epoch 12/15
4/4 [==============================] - 2s 560ms/step - loss: 7.3408 - accuracy: 0.2167 - val_loss: 7.3102 - val_accuracy: 0.2000 - lr: 1.0000e-05
Epoch 13/15
4/4 [==============================] - 2s 564ms/step - loss: 7.2960 - accuracy: 0.2667 - val_loss: 7.2735 - val_accuracy: 0.2000 - lr: 1.0000e-05
Epoch 14/15
4/4 [==============================] - 2s 544ms/step - loss: 7.3020 - accuracy: 0.1333 - val_loss: 7.2337 - val_accuracy: 0.2000 - lr: 1.0000e-05
Epoch 15/15
4/4 [==============================] - 2s 552ms/step - loss: 7.2478 - accuracy: 0.1833 - val_loss: 7.1907 - val_accuracy: 0.2000 - lr: 1.0000e-05
1/1 [==============================] - 0s 102ms/step - loss: 7.1991 - accuracy: 0.1429
Found 60 images belonging to 6 classes.
Found 5 images belonging to 6 classes.
Found 7 images belonging to 6 classes.
Epoch 1/20
4/4 [==============================] - ETA: 0s - loss: 7.7889 - accuracy: 0.1667C:\Users\tom.zbc\PycharmProjects\fungis_bacterias_project\.venv\lib\site-packages\keras\src\engine\training.py:3000: UserWarning: You are saving your model as an HDF5 file via `model.save()`. This file format is considered legacy. We recommend using instead the native Keras format, e.g. `model.save('my_model.keras')`.
  saving_api.save_model(
4/4 [==============================] - 3s 594ms/step - loss: 7.7889 - accuracy: 0.1667 - val_loss: 7.7850 - val_accuracy: 0.0000e+00 - lr: 1.0000e-05
Epoch 2/20
4/4 [==============================] - 2s 540ms/step - loss: 7.7458 - accuracy: 0.2000 - val_loss: 7.7433 - val_accuracy: 0.0000e+00 - lr: 1.0000e-05
Epoch 3/20
4/4 [==============================] - 2s 578ms/step - loss: 7.6748 - accuracy: 0.1500 - val_loss: 7.7003 - val_accuracy: 0.0000e+00 - lr: 1.0000e-05
Epoch 4/20
4/4 [==============================] - 2s 547ms/step - loss: 7.6917 - accuracy: 0.1667 - val_loss: 7.6567 - val_accuracy: 0.0000e+00 - lr: 1.0000e-05
Epoch 5/20
4/4 [==============================] - 2s 539ms/step - loss: 7.5961 - accuracy: 0.1667 - val_loss: 7.6096 - val_accuracy: 0.0000e+00 - lr: 1.0000e-05
Epoch 6/20
4/4 [==============================] - 2s 543ms/step - loss: 7.6148 - accuracy: 0.1000 - val_loss: 7.5564 - val_accuracy: 0.2000 - lr: 1.0000e-05
Epoch 7/20
4/4 [==============================] - 2s 540ms/step - loss: 7.5216 - accuracy: 0.1833 - val_loss: 7.4943 - val_accuracy: 0.2000 - lr: 1.0000e-05
Epoch 8/20
4/4 [==============================] - 2s 568ms/step - loss: 7.5024 - accuracy: 0.1333 - val_loss: 7.4424 - val_accuracy: 0.2000 - lr: 1.0000e-05
Epoch 9/20
4/4 [==============================] - 2s 582ms/step - loss: 7.4578 - accuracy: 0.2167 - val_loss: 7.4042 - val_accuracy: 0.2000 - lr: 1.0000e-05
Epoch 10/20
4/4 [==============================] - 2s 549ms/step - loss: 7.4207 - accuracy: 0.2500 - val_loss: 7.3632 - val_accuracy: 0.2000 - lr: 1.0000e-05
Epoch 11/20
4/4 [==============================] - 2s 572ms/step - loss: 7.3736 - accuracy: 0.2167 - val_loss: 7.3287 - val_accuracy: 0.2000 - lr: 1.0000e-05
Epoch 12/20
4/4 [==============================] - 2s 588ms/step - loss: 7.3628 - accuracy: 0.1333 - val_loss: 7.2899 - val_accuracy: 0.0000e+00 - lr: 1.0000e-05
Epoch 13/20
4/4 [==============================] - 2s 569ms/step - loss: 7.3225 - accuracy: 0.1500 - val_loss: 7.2499 - val_accuracy: 0.2000 - lr: 1.0000e-05
Epoch 14/20
4/4 [==============================] - 2s 544ms/step - loss: 7.2799 - accuracy: 0.2000 - val_loss: 7.2166 - val_accuracy: 0.2000 - lr: 1.0000e-05
Epoch 15/20
4/4 [==============================] - 2s 591ms/step - loss: 7.2550 - accuracy: 0.1833 - val_loss: 7.1712 - val_accuracy: 0.2000 - lr: 1.0000e-05
Epoch 16/20
4/4 [==============================] - 2s 537ms/step - loss: 7.2174 - accuracy: 0.2667 - val_loss: 7.1344 - val_accuracy: 0.2000 - lr: 1.0000e-05
Epoch 17/20
4/4 [==============================] - 2s 564ms/step - loss: 7.1743 - accuracy: 0.2500 - val_loss: 7.1019 - val_accuracy: 0.2000 - lr: 1.0000e-05
Epoch 18/20
4/4 [==============================] - 2s 539ms/step - loss: 7.1671 - accuracy: 0.2333 - val_loss: 7.0655 - val_accuracy: 0.2000 - lr: 1.0000e-05
Epoch 19/20
4/4 [==============================] - 2s 547ms/step - loss: 7.0930 - accuracy: 0.2667 - val_loss: 7.0302 - val_accuracy: 0.2000 - lr: 1.0000e-05
Epoch 20/20
4/4 [==============================] - 2s 546ms/step - loss: 7.0659 - accuracy: 0.2000 - val_loss: 6.9965 - val_accuracy: 0.2000 - lr: 1.0000e-05
1/1 [==============================] - 0s 99ms/step - loss: 7.0174 - accuracy: 0.2857

Process finished with exit code 0
