C:\Users\tom.zbc\PycharmProjects\fungis_bacterias_project\.venv\Scripts\python.exe C:\Users\tom.zbc\PycharmProjects\fungis_bacterias_project\3_model_training_and_evaluation_FNN_6_9pr.py
Class 'Aero' meets the sample requirement.
Class 'Bacillus' meets the sample requirement.
Class 'Bor' meets the sample requirement.
Class 'E' meets the sample requirement.
Class 'Morganella' meets the sample requirement.
Class 'stapholococcus' meets the sample requirement.
Data check passed for directory: 'C:/Users/tom.zbc/PycharmProjects/fungis_bacterias_project/data/train'
Class 'Aero' meets the sample requirement.
Warning: Class 'Bacillus' has only 0 samples, expected at least 2.
Warning: Class 'Bor' has only 1 samples, expected at least 2.
Warning: Class 'E' has only 0 samples, expected at least 2.
Warning: Class 'Morganella' has only 1 samples, expected at least 2.
Warning: Class 'stapholococcus' has only 1 samples, expected at least 2.
Data check passed for directory: 'C:/Users/tom.zbc/PycharmProjects/fungis_bacterias_project/data/validation'
Class 'Aero' meets the sample requirement.
Warning: Class 'Bacillus' has only 1 samples, expected at least 2.
Warning: Class 'Bor' has only 0 samples, expected at least 2.
Warning: Class 'E' has only 0 samples, expected at least 2.
Warning: Class 'Morganella' has only 1 samples, expected at least 2.
Class 'stapholococcus' meets the sample requirement.
Data check passed for directory: 'C:/Users/tom.zbc/PycharmProjects/fungis_bacterias_project/data/test'
Found 60 images belonging to 6 classes.
Found 5 images belonging to 6 classes.
Found 7 images belonging to 6 classes.
2024-09-24 22:48:55.153192: I tensorflow/core/platform/cpu_feature_guard.cc:182] This TensorFlow binary is optimized to use available CPU instructions in performance-critical operations.
To enable the following instructions: SSE SSE2 SSE3 SSE4.1 SSE4.2 AVX AVX2 AVX_VNNI FMA, in other operations, rebuild TensorFlow with the appropriate compiler flags.
Epoch 1/10
2/2 [==============================] - 2s 729ms/step - loss: 7.1423 - accuracy: 0.1167 - val_loss: 6.0804 - val_accuracy: 0.0000e+00 - lr: 0.0010
Epoch 2/10
2/2 [==============================] - 1s 520ms/step - loss: 5.6918 - accuracy: 0.2667 - val_loss: 5.1238 - val_accuracy: 0.2000 - lr: 0.0010
Epoch 3/10
2/2 [==============================] - 1s 561ms/step - loss: 5.1393 - accuracy: 0.1500 - val_loss: 4.4042 - val_accuracy: 0.4000 - lr: 0.0010
Epoch 4/10
2/2 [==============================] - 1s 531ms/step - loss: 4.4575 - accuracy: 0.2000 - val_loss: 3.9911 - val_accuracy: 0.4000 - lr: 0.0010
Epoch 5/10
2/2 [==============================] - 1s 497ms/step - loss: 4.0330 - accuracy: 0.3000 - val_loss: 3.7363 - val_accuracy: 0.4000 - lr: 0.0010
Epoch 6/10
2/2 [==============================] - 1s 573ms/step - loss: 3.7506 - accuracy: 0.2667 - val_loss: 3.5495 - val_accuracy: 0.2000 - lr: 0.0010
Epoch 7/10
2/2 [==============================] - 1s 545ms/step - loss: 3.5869 - accuracy: 0.1833 - val_loss: 3.4104 - val_accuracy: 0.2000 - lr: 0.0010
Epoch 8/10
2/2 [==============================] - 1s 525ms/step - loss: 3.4356 - accuracy: 0.2000 - val_loss: 3.2688 - val_accuracy: 0.2000 - lr: 0.0010
Epoch 9/10
2/2 [==============================] - 1s 513ms/step - loss: 3.3219 - accuracy: 0.1833 - val_loss: 3.1072 - val_accuracy: 0.2000 - lr: 0.0010
Epoch 10/10
2/2 [==============================] - 1s 496ms/step - loss: 3.1600 - accuracy: 0.2500 - val_loss: 2.9539 - val_accuracy: 0.2000 - lr: 0.0010
1/1 [==============================] - 0s 130ms/step - loss: 2.9416 - accuracy: 0.1429
Found 60 images belonging to 6 classes.
Found 5 images belonging to 6 classes.
Found 7 images belonging to 6 classes.
Epoch 1/20
2/2 [==============================] - 2s 673ms/step - loss: 7.3949 - accuracy: 0.1333 - val_loss: 6.8217 - val_accuracy: 0.2000 - lr: 0.0010
Epoch 2/20
2/2 [==============================] - 1s 502ms/step - loss: 6.0902 - accuracy: 0.2500 - val_loss: 6.1033 - val_accuracy: 0.2000 - lr: 0.0010
Epoch 3/20
2/2 [==============================] - 1s 616ms/step - loss: 5.5338 - accuracy: 0.2167 - val_loss: 4.8575 - val_accuracy: 0.2000 - lr: 0.0010
Epoch 4/20
2/2 [==============================] - 1s 557ms/step - loss: 4.5526 - accuracy: 0.2167 - val_loss: 4.2808 - val_accuracy: 0.2000 - lr: 0.0010
Epoch 5/20
2/2 [==============================] - 1s 562ms/step - loss: 4.1903 - accuracy: 0.2833 - val_loss: 3.8965 - val_accuracy: 0.4000 - lr: 0.0010
Epoch 6/20
2/2 [==============================] - 1s 500ms/step - loss: 4.0106 - accuracy: 0.1833 - val_loss: 3.6998 - val_accuracy: 0.2000 - lr: 0.0010
Epoch 7/20
2/2 [==============================] - 1s 491ms/step - loss: 3.7576 - accuracy: 0.1833 - val_loss: 3.6083 - val_accuracy: 0.2000 - lr: 0.0010
Epoch 8/20
2/2 [==============================] - 1s 522ms/step - loss: 3.6436 - accuracy: 0.2000 - val_loss: 3.5090 - val_accuracy: 0.2000 - lr: 0.0010
Epoch 9/20
2/2 [==============================] - 1s 559ms/step - loss: 3.5257 - accuracy: 0.2667 - val_loss: 3.4100 - val_accuracy: 0.2000 - lr: 0.0010
Epoch 10/20
2/2 [==============================] - 1s 570ms/step - loss: 3.3955 - accuracy: 0.3000 - val_loss: 3.3016 - val_accuracy: 0.2000 - lr: 0.0010
Epoch 11/20
2/2 [==============================] - 1s 547ms/step - loss: 3.2437 - accuracy: 0.2833 - val_loss: 3.1922 - val_accuracy: 0.4000 - lr: 0.0010
Epoch 12/20
2/2 [==============================] - 1s 512ms/step - loss: 3.0932 - accuracy: 0.3833 - val_loss: 3.0749 - val_accuracy: 0.4000 - lr: 0.0010
Epoch 13/20
2/2 [==============================] - 1s 587ms/step - loss: 2.9924 - accuracy: 0.3333 - val_loss: 2.9592 - val_accuracy: 0.4000 - lr: 0.0010
Epoch 14/20
2/2 [==============================] - 1s 537ms/step - loss: 2.8466 - accuracy: 0.3833 - val_loss: 2.8558 - val_accuracy: 0.4000 - lr: 0.0010
Epoch 15/20
2/2 [==============================] - 1s 485ms/step - loss: 2.7502 - accuracy: 0.4167 - val_loss: 2.7728 - val_accuracy: 0.2000 - lr: 0.0010
Epoch 16/20
2/2 [==============================] - 1s 493ms/step - loss: 2.7561 - accuracy: 0.3000 - val_loss: 2.6980 - val_accuracy: 0.2000 - lr: 0.0010
Epoch 17/20
2/2 [==============================] - 1s 582ms/step - loss: 2.6790 - accuracy: 0.2500 - val_loss: 2.6300 - val_accuracy: 0.2000 - lr: 0.0010
Epoch 18/20
2/2 [==============================] - 1s 490ms/step - loss: 2.5795 - accuracy: 0.2833 - val_loss: 2.5336 - val_accuracy: 0.2000 - lr: 0.0010
Epoch 19/20
2/2 [==============================] - 1s 541ms/step - loss: 2.4726 - accuracy: 0.3333 - val_loss: 2.4119 - val_accuracy: 0.2000 - lr: 0.0010
Epoch 20/20
2/2 [==============================] - 1s 566ms/step - loss: 2.3883 - accuracy: 0.3833 - val_loss: 2.3258 - val_accuracy: 0.2000 - lr: 0.0010
1/1 [==============================] - 0s 106ms/step - loss: 2.5601 - accuracy: 0.1429
Found 60 images belonging to 6 classes.
Found 5 images belonging to 6 classes.
Found 7 images belonging to 6 classes.
Epoch 1/10
2/2 [==============================] - 2s 764ms/step - loss: 7.5184 - accuracy: 0.1333 - val_loss: 6.1787 - val_accuracy: 0.4000 - lr: 0.0010
Epoch 2/10
2/2 [==============================] - 1s 561ms/step - loss: 6.3248 - accuracy: 0.1833 - val_loss: 5.9625 - val_accuracy: 0.2000 - lr: 0.0010
Epoch 3/10
2/2 [==============================] - 1s 518ms/step - loss: 5.5772 - accuracy: 0.1833 - val_loss: 5.1120 - val_accuracy: 0.2000 - lr: 0.0010
Epoch 4/10
2/2 [==============================] - 1s 561ms/step - loss: 4.7584 - accuracy: 0.2500 - val_loss: 4.4358 - val_accuracy: 0.2000 - lr: 0.0010
Epoch 5/10
2/2 [==============================] - 1s 589ms/step - loss: 4.2883 - accuracy: 0.1500 - val_loss: 4.0544 - val_accuracy: 0.2000 - lr: 0.0010
Epoch 6/10
2/2 [==============================] - 1s 584ms/step - loss: 4.0912 - accuracy: 0.2167 - val_loss: 3.8704 - val_accuracy: 0.2000 - lr: 0.0010
Epoch 7/10
2/2 [==============================] - 1s 517ms/step - loss: 3.9220 - accuracy: 0.1833 - val_loss: 3.7508 - val_accuracy: 0.2000 - lr: 0.0010
Epoch 8/10
2/2 [==============================] - 1s 550ms/step - loss: 3.7698 - accuracy: 0.3000 - val_loss: 3.6420 - val_accuracy: 0.4000 - lr: 0.0010
Epoch 9/10
2/2 [==============================] - 1s 598ms/step - loss: 3.6811 - accuracy: 0.2333 - val_loss: 3.5303 - val_accuracy: 0.4000 - lr: 0.0010
Epoch 10/10
2/2 [==============================] - 1s 507ms/step - loss: 3.5779 - accuracy: 0.2167 - val_loss: 3.4077 - val_accuracy: 0.4000 - lr: 0.0010
1/1 [==============================] - 0s 109ms/step - loss: 3.4580 - accuracy: 0.1429
Found 60 images belonging to 6 classes.
Found 5 images belonging to 6 classes.
Found 7 images belonging to 6 classes.
Epoch 1/20
2/2 [==============================] - 2s 692ms/step - loss: 7.5512 - accuracy: 0.1333 - val_loss: 6.8439 - val_accuracy: 0.4000 - lr: 0.0010
Epoch 2/20
2/2 [==============================] - 1s 553ms/step - loss: 6.7801 - accuracy: 0.2333 - val_loss: 6.5159 - val_accuracy: 0.0000e+00 - lr: 0.0010
Epoch 3/20
2/2 [==============================] - 1s 586ms/step - loss: 5.7639 - accuracy: 0.2000 - val_loss: 5.3393 - val_accuracy: 0.0000e+00 - lr: 0.0010
Epoch 4/20
2/2 [==============================] - 1s 517ms/step - loss: 5.1312 - accuracy: 0.2000 - val_loss: 4.6421 - val_accuracy: 0.2000 - lr: 0.0010
Epoch 5/20
2/2 [==============================] - 1s 495ms/step - loss: 4.6385 - accuracy: 0.2500 - val_loss: 4.3074 - val_accuracy: 0.2000 - lr: 0.0010
Epoch 6/20
2/2 [==============================] - 1s 530ms/step - loss: 4.3384 - accuracy: 0.1500 - val_loss: 4.1264 - val_accuracy: 0.2000 - lr: 0.0010
Epoch 7/20
2/2 [==============================] - 1s 491ms/step - loss: 4.1408 - accuracy: 0.2167 - val_loss: 3.9833 - val_accuracy: 0.2000 - lr: 0.0010
Epoch 8/20
2/2 [==============================] - 1s 497ms/step - loss: 3.9873 - accuracy: 0.2333 - val_loss: 3.8487 - val_accuracy: 0.2000 - lr: 0.0010
Epoch 9/20
2/2 [==============================] - 1s 504ms/step - loss: 3.8450 - accuracy: 0.2500 - val_loss: 3.7148 - val_accuracy: 0.2000 - lr: 0.0010
Epoch 10/20
2/2 [==============================] - 1s 525ms/step - loss: 3.6962 - accuracy: 0.1167 - val_loss: 3.5796 - val_accuracy: 0.2000 - lr: 0.0010
Epoch 11/20
2/2 [==============================] - 1s 530ms/step - loss: 3.5546 - accuracy: 0.2333 - val_loss: 3.4314 - val_accuracy: 0.2000 - lr: 0.0010
Epoch 12/20
2/2 [==============================] - 1s 482ms/step - loss: 3.4073 - accuracy: 0.2333 - val_loss: 3.2698 - val_accuracy: 0.4000 - lr: 0.0010
Epoch 13/20
2/2 [==============================] - 1s 554ms/step - loss: 3.2254 - accuracy: 0.2833 - val_loss: 3.1346 - val_accuracy: 0.4000 - lr: 0.0010
Epoch 14/20
2/2 [==============================] - 1s 571ms/step - loss: 3.0917 - accuracy: 0.2833 - val_loss: 3.0122 - val_accuracy: 0.4000 - lr: 0.0010
Epoch 15/20
2/2 [==============================] - 1s 544ms/step - loss: 2.9843 - accuracy: 0.2000 - val_loss: 2.8780 - val_accuracy: 0.2000 - lr: 0.0010
Epoch 16/20
2/2 [==============================] - 1s 523ms/step - loss: 2.8269 - accuracy: 0.3167 - val_loss: 2.7664 - val_accuracy: 0.4000 - lr: 0.0010
Epoch 17/20
2/2 [==============================] - 1s 522ms/step - loss: 2.7534 - accuracy: 0.2667 - val_loss: 2.6524 - val_accuracy: 0.4000 - lr: 0.0010
Epoch 18/20
2/2 [==============================] - 1s 548ms/step - loss: 2.7098 - accuracy: 0.1333 - val_loss: 2.5850 - val_accuracy: 0.4000 - lr: 0.0010
Epoch 19/20
2/2 [==============================] - 1s 497ms/step - loss: 2.6087 - accuracy: 0.2000 - val_loss: 2.5574 - val_accuracy: 0.2000 - lr: 0.0010
Epoch 20/20
2/2 [==============================] - 1s 542ms/step - loss: 2.5349 - accuracy: 0.3333 - val_loss: 2.5267 - val_accuracy: 0.2000 - lr: 0.0010
1/1 [==============================] - 0s 118ms/step - loss: 2.6029 - accuracy: 0.1429
Found 60 images belonging to 6 classes.
Found 5 images belonging to 6 classes.
Found 7 images belonging to 6 classes.
Epoch 1/10
2/2 [==============================] - 2s 854ms/step - loss: 6.9603 - accuracy: 0.1667 - val_loss: 6.1950 - val_accuracy: 0.2000 - lr: 0.0010
Epoch 2/10
2/2 [==============================] - 1s 514ms/step - loss: 5.9785 - accuracy: 0.1500 - val_loss: 4.8691 - val_accuracy: 0.4000 - lr: 0.0010
Epoch 3/10
2/2 [==============================] - 1s 541ms/step - loss: 4.9298 - accuracy: 0.2500 - val_loss: 4.1629 - val_accuracy: 0.4000 - lr: 0.0010
Epoch 4/10
2/2 [==============================] - 1s 496ms/step - loss: 4.2220 - accuracy: 0.2833 - val_loss: 3.8011 - val_accuracy: 0.2000 - lr: 0.0010
Epoch 5/10
2/2 [==============================] - 1s 543ms/step - loss: 3.8109 - accuracy: 0.2167 - val_loss: 3.5491 - val_accuracy: 0.4000 - lr: 0.0010
Epoch 6/10
2/2 [==============================] - 1s 566ms/step - loss: 3.5623 - accuracy: 0.1833 - val_loss: 3.3715 - val_accuracy: 0.2000 - lr: 0.0010
Epoch 7/10
2/2 [==============================] - 1s 587ms/step - loss: 3.3900 - accuracy: 0.2000 - val_loss: 3.2435 - val_accuracy: 0.2000 - lr: 0.0010
Epoch 8/10
2/2 [==============================] - 1s 486ms/step - loss: 3.2599 - accuracy: 0.2667 - val_loss: 3.1331 - val_accuracy: 0.2000 - lr: 0.0010
Epoch 9/10
2/2 [==============================] - 1s 610ms/step - loss: 3.1262 - accuracy: 0.2500 - val_loss: 3.0246 - val_accuracy: 0.4000 - lr: 0.0010
Epoch 10/10
2/2 [==============================] - 1s 576ms/step - loss: 3.0067 - accuracy: 0.2500 - val_loss: 2.9229 - val_accuracy: 0.4000 - lr: 0.0010
1/1 [==============================] - 0s 113ms/step - loss: 3.0339 - accuracy: 0.1429
Found 60 images belonging to 6 classes.
Found 5 images belonging to 6 classes.
Found 7 images belonging to 6 classes.
Epoch 1/20
2/2 [==============================] - 2s 782ms/step - loss: 7.5176 - accuracy: 0.1167 - val_loss: 5.7625 - val_accuracy: 0.0000e+00 - lr: 0.0010
Epoch 2/20
2/2 [==============================] - 1s 507ms/step - loss: 5.7443 - accuracy: 0.2167 - val_loss: 4.9314 - val_accuracy: 0.2000 - lr: 0.0010
Epoch 3/20
2/2 [==============================] - 1s 572ms/step - loss: 4.7389 - accuracy: 0.1833 - val_loss: 4.1745 - val_accuracy: 0.2000 - lr: 0.0010
Epoch 4/20
2/2 [==============================] - 1s 544ms/step - loss: 4.0297 - accuracy: 0.2333 - val_loss: 3.7034 - val_accuracy: 0.4000 - lr: 0.0010
Epoch 5/20
2/2 [==============================] - 1s 526ms/step - loss: 3.6365 - accuracy: 0.2667 - val_loss: 3.4376 - val_accuracy: 0.4000 - lr: 0.0010
Epoch 6/20
2/2 [==============================] - 1s 520ms/step - loss: 3.3769 - accuracy: 0.2667 - val_loss: 3.3062 - val_accuracy: 0.2000 - lr: 0.0010
Epoch 7/20
2/2 [==============================] - 1s 568ms/step - loss: 3.2758 - accuracy: 0.2167 - val_loss: 3.2217 - val_accuracy: 0.4000 - lr: 0.0010
Epoch 8/20
2/2 [==============================] - 1s 504ms/step - loss: 3.1520 - accuracy: 0.3167 - val_loss: 3.1465 - val_accuracy: 0.2000 - lr: 0.0010
Epoch 9/20
2/2 [==============================] - 1s 499ms/step - loss: 3.1179 - accuracy: 0.1667 - val_loss: 3.0598 - val_accuracy: 0.2000 - lr: 0.0010
Epoch 10/20
2/2 [==============================] - 1s 576ms/step - loss: 3.0271 - accuracy: 0.2333 - val_loss: 2.9567 - val_accuracy: 0.4000 - lr: 0.0010
Epoch 11/20
2/2 [==============================] - 1s 586ms/step - loss: 2.9472 - accuracy: 0.2500 - val_loss: 2.8429 - val_accuracy: 0.4000 - lr: 0.0010
Epoch 12/20
2/2 [==============================] - 1s 574ms/step - loss: 2.8223 - accuracy: 0.2667 - val_loss: 2.7074 - val_accuracy: 0.4000 - lr: 0.0010
Epoch 13/20
2/2 [==============================] - 1s 524ms/step - loss: 2.7466 - accuracy: 0.2500 - val_loss: 2.5848 - val_accuracy: 0.6000 - lr: 0.0010
Epoch 14/20
2/2 [==============================] - 1s 637ms/step - loss: 2.6451 - accuracy: 0.2167 - val_loss: 2.5016 - val_accuracy: 0.4000 - lr: 0.0010
Epoch 15/20
2/2 [==============================] - 1s 556ms/step - loss: 2.5437 - accuracy: 0.2167 - val_loss: 2.4107 - val_accuracy: 0.4000 - lr: 0.0010
Epoch 16/20
2/2 [==============================] - 1s 600ms/step - loss: 2.4647 - accuracy: 0.2833 - val_loss: 2.3320 - val_accuracy: 0.4000 - lr: 0.0010
Epoch 17/20
2/2 [==============================] - 1s 544ms/step - loss: 2.3448 - accuracy: 0.3167 - val_loss: 2.2449 - val_accuracy: 0.4000 - lr: 0.0010
Epoch 18/20
2/2 [==============================] - 1s 519ms/step - loss: 2.2978 - accuracy: 0.3333 - val_loss: 2.1627 - val_accuracy: 0.4000 - lr: 0.0010
Epoch 19/20
2/2 [==============================] - 1s 565ms/step - loss: 2.2271 - accuracy: 0.3333 - val_loss: 2.0786 - val_accuracy: 0.4000 - lr: 0.0010
Epoch 20/20
2/2 [==============================] - 1s 494ms/step - loss: 2.1992 - accuracy: 0.3333 - val_loss: 2.0398 - val_accuracy: 0.4000 - lr: 0.0010
1/1 [==============================] - 0s 138ms/step - loss: 2.2613 - accuracy: 0.1429
Found 60 images belonging to 6 classes.
Found 5 images belonging to 6 classes.
Found 7 images belonging to 6 classes.
Epoch 1/10
2/2 [==============================] - 2s 688ms/step - loss: 7.3010 - accuracy: 0.0500 - val_loss: 5.4757 - val_accuracy: 0.4000 - lr: 0.0010
Epoch 2/10
2/2 [==============================] - 1s 554ms/step - loss: 5.8858 - accuracy: 0.1667 - val_loss: 4.7239 - val_accuracy: 0.4000 - lr: 0.0010
Epoch 3/10
2/2 [==============================] - 1s 592ms/step - loss: 4.9772 - accuracy: 0.1500 - val_loss: 4.2398 - val_accuracy: 0.4000 - lr: 0.0010
Epoch 4/10
2/2 [==============================] - 1s 548ms/step - loss: 4.2247 - accuracy: 0.2167 - val_loss: 3.8713 - val_accuracy: 0.2000 - lr: 0.0010
Epoch 5/10
2/2 [==============================] - 1s 498ms/step - loss: 3.8872 - accuracy: 0.1667 - val_loss: 3.5974 - val_accuracy: 0.2000 - lr: 0.0010
Epoch 6/10
2/2 [==============================] - 1s 570ms/step - loss: 3.5229 - accuracy: 0.1667 - val_loss: 3.4033 - val_accuracy: 0.2000 - lr: 0.0010
Epoch 7/10
2/2 [==============================] - 1s 548ms/step - loss: 3.3815 - accuracy: 0.2500 - val_loss: 3.2602 - val_accuracy: 0.4000 - lr: 0.0010
Epoch 8/10
2/2 [==============================] - 1s 495ms/step - loss: 3.2726 - accuracy: 0.2000 - val_loss: 3.1408 - val_accuracy: 0.2000 - lr: 0.0010
Epoch 9/10
2/2 [==============================] - 1s 591ms/step - loss: 3.1232 - accuracy: 0.2333 - val_loss: 3.0295 - val_accuracy: 0.2000 - lr: 0.0010
Epoch 10/10
2/2 [==============================] - 1s 571ms/step - loss: 3.0282 - accuracy: 0.1667 - val_loss: 2.9122 - val_accuracy: 0.4000 - lr: 0.0010
1/1 [==============================] - 0s 114ms/step - loss: 2.9075 - accuracy: 0.4286
Found 60 images belonging to 6 classes.
Found 5 images belonging to 6 classes.
Found 7 images belonging to 6 classes.
Epoch 1/20
2/2 [==============================] - 2s 757ms/step - loss: 6.9129 - accuracy: 0.0833 - val_loss: 6.6253 - val_accuracy: 0.0000e+00 - lr: 0.0010
Epoch 2/20
2/2 [==============================] - 1s 531ms/step - loss: 5.9356 - accuracy: 0.0833 - val_loss: 5.1593 - val_accuracy: 0.0000e+00 - lr: 0.0010
Epoch 3/20
2/2 [==============================] - 1s 581ms/step - loss: 4.8040 - accuracy: 0.1167 - val_loss: 4.2707 - val_accuracy: 0.2000 - lr: 0.0010
Epoch 4/20
2/2 [==============================] - 1s 572ms/step - loss: 4.0487 - accuracy: 0.1667 - val_loss: 3.7085 - val_accuracy: 0.2000 - lr: 0.0010
Epoch 5/20
2/2 [==============================] - 1s 555ms/step - loss: 3.6237 - accuracy: 0.2000 - val_loss: 3.4098 - val_accuracy: 0.2000 - lr: 0.0010
Epoch 6/20
2/2 [==============================] - 1s 553ms/step - loss: 3.3709 - accuracy: 0.2167 - val_loss: 3.2246 - val_accuracy: 0.0000e+00 - lr: 0.0010
Epoch 7/20
2/2 [==============================] - 1s 593ms/step - loss: 3.1813 - accuracy: 0.2333 - val_loss: 3.0873 - val_accuracy: 0.0000e+00 - lr: 0.0010
Epoch 8/20
2/2 [==============================] - 1s 589ms/step - loss: 3.1042 - accuracy: 0.2667 - val_loss: 3.0062 - val_accuracy: 0.2000 - lr: 0.0010
Epoch 9/20
2/2 [==============================] - 1s 574ms/step - loss: 3.0043 - accuracy: 0.2500 - val_loss: 2.9428 - val_accuracy: 0.2000 - lr: 0.0010
Epoch 10/20
2/2 [==============================] - 1s 597ms/step - loss: 2.8646 - accuracy: 0.3167 - val_loss: 2.8455 - val_accuracy: 0.2000 - lr: 0.0010
Epoch 11/20
2/2 [==============================] - 1s 617ms/step - loss: 2.8225 - accuracy: 0.1667 - val_loss: 2.7460 - val_accuracy: 0.2000 - lr: 0.0010
Epoch 12/20
2/2 [==============================] - 1s 587ms/step - loss: 2.7485 - accuracy: 0.1833 - val_loss: 2.6078 - val_accuracy: 0.2000 - lr: 0.0010
Epoch 13/20
2/2 [==============================] - 1s 580ms/step - loss: 2.5529 - accuracy: 0.3167 - val_loss: 2.4696 - val_accuracy: 0.2000 - lr: 0.0010
Epoch 14/20
2/2 [==============================] - 1s 618ms/step - loss: 2.5157 - accuracy: 0.2333 - val_loss: 2.4146 - val_accuracy: 0.2000 - lr: 0.0010
Epoch 15/20
2/2 [==============================] - 1s 578ms/step - loss: 2.4929 - accuracy: 0.2667 - val_loss: 2.3442 - val_accuracy: 0.4000 - lr: 0.0010
Epoch 16/20
2/2 [==============================] - 1s 580ms/step - loss: 2.4051 - accuracy: 0.2333 - val_loss: 2.2947 - val_accuracy: 0.2000 - lr: 0.0010
Epoch 17/20
2/2 [==============================] - 1s 518ms/step - loss: 2.2457 - accuracy: 0.4000 - val_loss: 2.2501 - val_accuracy: 0.2000 - lr: 0.0010
Epoch 18/20
2/2 [==============================] - 1s 527ms/step - loss: 2.2657 - accuracy: 0.2500 - val_loss: 2.2271 - val_accuracy: 0.4000 - lr: 0.0010
Epoch 19/20
2/2 [==============================] - 1s 544ms/step - loss: 2.2507 - accuracy: 0.2833 - val_loss: 2.2263 - val_accuracy: 0.4000 - lr: 0.0010
Epoch 20/20
2/2 [==============================] - 1s 518ms/step - loss: 2.2575 - accuracy: 0.2167 - val_loss: 2.2592 - val_accuracy: 0.4000 - lr: 0.0010
1/1 [==============================] - 0s 111ms/step - loss: 2.5685 - accuracy: 0.1429
Found 60 images belonging to 6 classes.
Found 5 images belonging to 6 classes.
Found 7 images belonging to 6 classes.
Epoch 1/10
2/2 [==============================] - 2s 838ms/step - loss: 7.6165 - accuracy: 0.1667 - val_loss: 5.7198 - val_accuracy: 0.2000 - lr: 0.0010
Epoch 2/10
2/2 [==============================] - 1s 675ms/step - loss: 5.8615 - accuracy: 0.0833 - val_loss: 4.6893 - val_accuracy: 0.4000 - lr: 0.0010
Epoch 3/10
2/2 [==============================] - 1s 604ms/step - loss: 4.7535 - accuracy: 0.1833 - val_loss: 4.3600 - val_accuracy: 0.0000e+00 - lr: 0.0010
Epoch 4/10
2/2 [==============================] - 1s 602ms/step - loss: 4.1601 - accuracy: 0.1833 - val_loss: 4.0944 - val_accuracy: 0.0000e+00 - lr: 0.0010
Epoch 5/10
2/2 [==============================] - 1s 572ms/step - loss: 3.8898 - accuracy: 0.1500 - val_loss: 3.8787 - val_accuracy: 0.0000e+00 - lr: 0.0010
Epoch 6/10
2/2 [==============================] - 1s 646ms/step - loss: 3.7183 - accuracy: 0.2167 - val_loss: 3.7116 - val_accuracy: 0.0000e+00 - lr: 0.0010
Epoch 7/10
2/2 [==============================] - 1s 751ms/step - loss: 3.6115 - accuracy: 0.1667 - val_loss: 3.5394 - val_accuracy: 0.0000e+00 - lr: 0.0010
Epoch 8/10
2/2 [==============================] - 1s 693ms/step - loss: 3.4523 - accuracy: 0.2667 - val_loss: 3.3558 - val_accuracy: 0.0000e+00 - lr: 0.0010
Epoch 9/10
2/2 [==============================] - 1s 636ms/step - loss: 3.2994 - accuracy: 0.2167 - val_loss: 3.1633 - val_accuracy: 0.0000e+00 - lr: 0.0010
Epoch 10/10
2/2 [==============================] - 1s 764ms/step - loss: 3.0966 - accuracy: 0.2500 - val_loss: 2.9846 - val_accuracy: 0.2000 - lr: 0.0010
1/1 [==============================] - 0s 128ms/step - loss: 2.9911 - accuracy: 0.0000e+00
Found 60 images belonging to 6 classes.
Found 5 images belonging to 6 classes.
Found 7 images belonging to 6 classes.
Epoch 1/20
2/2 [==============================] - 2s 888ms/step - loss: 7.5979 - accuracy: 0.2167 - val_loss: 5.8280 - val_accuracy: 0.2000 - lr: 0.0010
Epoch 2/20
2/2 [==============================] - 1s 573ms/step - loss: 6.1754 - accuracy: 0.1167 - val_loss: 4.8599 - val_accuracy: 0.2000 - lr: 0.0010
Epoch 3/20
2/2 [==============================] - 1s 607ms/step - loss: 5.0466 - accuracy: 0.1667 - val_loss: 4.3196 - val_accuracy: 0.2000 - lr: 0.0010
Epoch 4/20
2/2 [==============================] - 1s 675ms/step - loss: 4.4183 - accuracy: 0.1667 - val_loss: 4.1062 - val_accuracy: 0.2000 - lr: 0.0010
Epoch 5/20
2/2 [==============================] - 1s 629ms/step - loss: 4.1383 - accuracy: 0.2500 - val_loss: 4.0181 - val_accuracy: 0.4000 - lr: 0.0010
Epoch 6/20
2/2 [==============================] - 1s 606ms/step - loss: 4.0120 - accuracy: 0.2667 - val_loss: 3.8958 - val_accuracy: 0.4000 - lr: 0.0010
Epoch 7/20
2/2 [==============================] - 1s 685ms/step - loss: 3.8737 - accuracy: 0.1667 - val_loss: 3.7392 - val_accuracy: 0.2000 - lr: 0.0010
Epoch 8/20
2/2 [==============================] - 1s 652ms/step - loss: 3.7124 - accuracy: 0.2333 - val_loss: 3.5486 - val_accuracy: 0.4000 - lr: 0.0010
Epoch 9/20
2/2 [==============================] - 1s 622ms/step - loss: 3.5157 - accuracy: 0.2167 - val_loss: 3.3376 - val_accuracy: 0.6000 - lr: 0.0010
Epoch 10/20
2/2 [==============================] - 1s 632ms/step - loss: 3.3254 - accuracy: 0.1667 - val_loss: 3.1389 - val_accuracy: 0.4000 - lr: 0.0010
Epoch 11/20
2/2 [==============================] - 1s 716ms/step - loss: 3.0848 - accuracy: 0.2667 - val_loss: 2.9704 - val_accuracy: 0.4000 - lr: 0.0010
Epoch 12/20
2/2 [==============================] - 1s 583ms/step - loss: 2.9403 - accuracy: 0.2833 - val_loss: 2.8194 - val_accuracy: 0.4000 - lr: 0.0010
Epoch 13/20
2/2 [==============================] - 1s 601ms/step - loss: 2.8385 - accuracy: 0.1500 - val_loss: 2.6802 - val_accuracy: 0.6000 - lr: 0.0010
Epoch 14/20
2/2 [==============================] - 1s 578ms/step - loss: 2.6729 - accuracy: 0.2667 - val_loss: 2.5977 - val_accuracy: 0.4000 - lr: 0.0010
Epoch 15/20
2/2 [==============================] - 1s 581ms/step - loss: 2.6288 - accuracy: 0.1667 - val_loss: 2.4998 - val_accuracy: 0.2000 - lr: 0.0010
Epoch 16/20
2/2 [==============================] - 1s 579ms/step - loss: 2.5020 - accuracy: 0.3167 - val_loss: 2.4240 - val_accuracy: 0.2000 - lr: 0.0010
Epoch 17/20
2/2 [==============================] - 1s 637ms/step - loss: 2.3666 - accuracy: 0.3500 - val_loss: 2.3357 - val_accuracy: 0.2000 - lr: 0.0010
Epoch 18/20
2/2 [==============================] - 1s 711ms/step - loss: 2.3913 - accuracy: 0.3000 - val_loss: 2.1975 - val_accuracy: 0.2000 - lr: 0.0010
Epoch 19/20
2/2 [==============================] - 1s 656ms/step - loss: 2.2959 - accuracy: 0.3333 - val_loss: 2.1119 - val_accuracy: 0.4000 - lr: 0.0010
Epoch 20/20
2/2 [==============================] - 1s 665ms/step - loss: 2.2408 - accuracy: 0.3833 - val_loss: 1.9997 - val_accuracy: 0.2000 - lr: 0.0010
1/1 [==============================] - 0s 149ms/step - loss: 2.2694 - accuracy: 0.1429
Found 60 images belonging to 6 classes.
Found 5 images belonging to 6 classes.
Found 7 images belonging to 6 classes.
Epoch 1/10
2/2 [==============================] - 2s 782ms/step - loss: 7.9158 - accuracy: 0.1667 - val_loss: 6.9696 - val_accuracy: 0.2000 - lr: 0.0010
Epoch 2/10
2/2 [==============================] - 1s 667ms/step - loss: 6.7988 - accuracy: 0.1500 - val_loss: 5.6802 - val_accuracy: 0.2000 - lr: 0.0010
Epoch 3/10
2/2 [==============================] - 1s 676ms/step - loss: 5.1686 - accuracy: 0.1833 - val_loss: 4.8846 - val_accuracy: 0.2000 - lr: 0.0010
Epoch 4/10
2/2 [==============================] - 1s 575ms/step - loss: 4.4865 - accuracy: 0.3000 - val_loss: 4.2775 - val_accuracy: 0.2000 - lr: 0.0010
Epoch 5/10
2/2 [==============================] - 1s 584ms/step - loss: 4.1960 - accuracy: 0.2000 - val_loss: 4.1009 - val_accuracy: 0.2000 - lr: 0.0010
Epoch 6/10
2/2 [==============================] - 1s 711ms/step - loss: 4.1009 - accuracy: 0.1667 - val_loss: 3.9977 - val_accuracy: 0.2000 - lr: 0.0010
Epoch 7/10
2/2 [==============================] - 1s 606ms/step - loss: 4.0084 - accuracy: 0.1500 - val_loss: 3.8754 - val_accuracy: 0.4000 - lr: 0.0010
Epoch 8/10
2/2 [==============================] - 1s 589ms/step - loss: 3.8813 - accuracy: 0.1500 - val_loss: 3.7256 - val_accuracy: 0.2000 - lr: 0.0010
Epoch 9/10
2/2 [==============================] - 1s 644ms/step - loss: 3.7349 - accuracy: 0.2500 - val_loss: 3.5658 - val_accuracy: 0.2000 - lr: 0.0010
Epoch 10/10
2/2 [==============================] - 1s 650ms/step - loss: 3.5223 - accuracy: 0.1667 - val_loss: 3.3905 - val_accuracy: 0.2000 - lr: 0.0010
1/1 [==============================] - 0s 126ms/step - loss: 3.3893 - accuracy: 0.2857
Found 60 images belonging to 6 classes.
Found 5 images belonging to 6 classes.
Found 7 images belonging to 6 classes.
Epoch 1/20
2/2 [==============================] - 2s 893ms/step - loss: 7.1758 - accuracy: 0.1167 - val_loss: 5.6305 - val_accuracy: 0.4000 - lr: 0.0010
Epoch 2/20
2/2 [==============================] - 1s 691ms/step - loss: 5.5794 - accuracy: 0.1667 - val_loss: 4.7918 - val_accuracy: 0.2000 - lr: 0.0010
Epoch 3/20
2/2 [==============================] - 1s 588ms/step - loss: 4.6621 - accuracy: 0.1500 - val_loss: 4.0828 - val_accuracy: 0.2000 - lr: 0.0010
Epoch 4/20
2/2 [==============================] - 1s 671ms/step - loss: 4.0552 - accuracy: 0.2667 - val_loss: 3.8372 - val_accuracy: 0.4000 - lr: 0.0010
Epoch 5/20
2/2 [==============================] - 1s 627ms/step - loss: 3.8178 - accuracy: 0.2667 - val_loss: 3.7040 - val_accuracy: 0.2000 - lr: 0.0010
Epoch 6/20
2/2 [==============================] - 1s 689ms/step - loss: 3.7022 - accuracy: 0.2500 - val_loss: 3.5975 - val_accuracy: 0.2000 - lr: 0.0010
Epoch 7/20
2/2 [==============================] - 1s 631ms/step - loss: 3.6030 - accuracy: 0.2000 - val_loss: 3.4664 - val_accuracy: 0.4000 - lr: 0.0010
Epoch 8/20
2/2 [==============================] - 1s 653ms/step - loss: 3.4563 - accuracy: 0.1833 - val_loss: 3.3036 - val_accuracy: 0.4000 - lr: 0.0010
Epoch 9/20
2/2 [==============================] - 1s 585ms/step - loss: 3.2864 - accuracy: 0.2167 - val_loss: 3.1237 - val_accuracy: 0.4000 - lr: 0.0010
Epoch 10/20
2/2 [==============================] - 1s 686ms/step - loss: 3.1004 - accuracy: 0.1500 - val_loss: 2.9435 - val_accuracy: 0.4000 - lr: 0.0010
Epoch 11/20
2/2 [==============================] - 1s 580ms/step - loss: 2.9253 - accuracy: 0.2667 - val_loss: 2.7770 - val_accuracy: 0.4000 - lr: 0.0010
Epoch 12/20
2/2 [==============================] - 1s 590ms/step - loss: 2.7660 - accuracy: 0.3000 - val_loss: 2.6524 - val_accuracy: 0.4000 - lr: 0.0010
Epoch 13/20
2/2 [==============================] - 1s 670ms/step - loss: 2.6494 - accuracy: 0.2333 - val_loss: 2.5440 - val_accuracy: 0.2000 - lr: 0.0010
Epoch 14/20
2/2 [==============================] - 1s 665ms/step - loss: 2.5760 - accuracy: 0.2000 - val_loss: 2.4519 - val_accuracy: 0.2000 - lr: 0.0010
Epoch 15/20
2/2 [==============================] - 1s 606ms/step - loss: 2.5142 - accuracy: 0.2500 - val_loss: 2.3713 - val_accuracy: 0.2000 - lr: 0.0010
Epoch 16/20
2/2 [==============================] - 1s 570ms/step - loss: 2.4488 - accuracy: 0.2500 - val_loss: 2.2913 - val_accuracy: 0.4000 - lr: 0.0010
Epoch 17/20
2/2 [==============================] - 1s 714ms/step - loss: 2.3053 - accuracy: 0.3000 - val_loss: 2.2573 - val_accuracy: 0.4000 - lr: 0.0010
Epoch 18/20
2/2 [==============================] - 1s 683ms/step - loss: 2.3831 - accuracy: 0.2500 - val_loss: 2.2792 - val_accuracy: 0.2000 - lr: 0.0010
1/1 [==============================] - 0s 131ms/step - loss: 2.5061 - accuracy: 0.1429
Found 60 images belonging to 6 classes.
Found 5 images belonging to 6 classes.
Found 7 images belonging to 6 classes.
Epoch 1/10
2/2 [==============================] - 2s 796ms/step - loss: 7.6811 - accuracy: 0.1333 - val_loss: 7.2121 - val_accuracy: 0.2000 - lr: 0.0010
Epoch 2/10
2/2 [==============================] - 1s 707ms/step - loss: 6.2239 - accuracy: 0.2333 - val_loss: 5.1563 - val_accuracy: 0.2000 - lr: 0.0010
Epoch 3/10
2/2 [==============================] - 1s 724ms/step - loss: 5.2377 - accuracy: 0.2500 - val_loss: 4.5020 - val_accuracy: 0.4000 - lr: 0.0010
Epoch 4/10
2/2 [==============================] - 1s 673ms/step - loss: 4.6993 - accuracy: 0.2667 - val_loss: 4.3356 - val_accuracy: 0.2000 - lr: 0.0010
Epoch 5/10
2/2 [==============================] - 1s 571ms/step - loss: 4.4095 - accuracy: 0.1833 - val_loss: 4.2413 - val_accuracy: 0.4000 - lr: 0.0010
Epoch 6/10
2/2 [==============================] - 1s 685ms/step - loss: 4.2286 - accuracy: 0.1667 - val_loss: 4.1175 - val_accuracy: 0.4000 - lr: 0.0010
Epoch 7/10
2/2 [==============================] - 1s 569ms/step - loss: 4.0813 - accuracy: 0.2000 - val_loss: 3.9462 - val_accuracy: 0.2000 - lr: 0.0010
Epoch 8/10
2/2 [==============================] - 1s 569ms/step - loss: 3.8989 - accuracy: 0.1667 - val_loss: 3.7480 - val_accuracy: 0.2000 - lr: 0.0010
Epoch 9/10
2/2 [==============================] - 1s 569ms/step - loss: 3.6943 - accuracy: 0.1167 - val_loss: 3.5333 - val_accuracy: 0.2000 - lr: 0.0010
Epoch 10/10
2/2 [==============================] - 1s 594ms/step - loss: 3.4761 - accuracy: 0.1833 - val_loss: 3.3242 - val_accuracy: 0.2000 - lr: 0.0010
1/1 [==============================] - 0s 115ms/step - loss: 3.3380 - accuracy: 0.0000e+00
Found 60 images belonging to 6 classes.
Found 5 images belonging to 6 classes.
Found 7 images belonging to 6 classes.
Epoch 1/20
2/2 [==============================] - 2s 957ms/step - loss: 8.1969 - accuracy: 0.1333 - val_loss: 6.8350 - val_accuracy: 0.2000 - lr: 0.0010
Epoch 2/20
2/2 [==============================] - 1s 570ms/step - loss: 6.3956 - accuracy: 0.1167 - val_loss: 4.6542 - val_accuracy: 0.2000 - lr: 0.0010
Epoch 3/20
2/2 [==============================] - 1s 671ms/step - loss: 5.4160 - accuracy: 0.1833 - val_loss: 4.5361 - val_accuracy: 0.4000 - lr: 0.0010
Epoch 4/20
2/2 [==============================] - 1s 686ms/step - loss: 4.6782 - accuracy: 0.3000 - val_loss: 4.4910 - val_accuracy: 0.2000 - lr: 0.0010
Epoch 5/20
2/2 [==============================] - 1s 559ms/step - loss: 4.5104 - accuracy: 0.2500 - val_loss: 4.4300 - val_accuracy: 0.2000 - lr: 0.0010
Epoch 6/20
2/2 [==============================] - 1s 562ms/step - loss: 4.4283 - accuracy: 0.1833 - val_loss: 4.3426 - val_accuracy: 0.2000 - lr: 0.0010
Epoch 7/20
2/2 [==============================] - 1s 575ms/step - loss: 4.3118 - accuracy: 0.2833 - val_loss: 4.2013 - val_accuracy: 0.2000 - lr: 0.0010
Epoch 8/20
2/2 [==============================] - 1s 695ms/step - loss: 4.1607 - accuracy: 0.2000 - val_loss: 4.0202 - val_accuracy: 0.2000 - lr: 0.0010
Epoch 9/20
2/2 [==============================] - 1s 591ms/step - loss: 3.9725 - accuracy: 0.2000 - val_loss: 3.8153 - val_accuracy: 0.2000 - lr: 0.0010
Epoch 10/20
2/2 [==============================] - 1s 653ms/step - loss: 3.7466 - accuracy: 0.2500 - val_loss: 3.6196 - val_accuracy: 0.2000 - lr: 0.0010
Epoch 11/20
2/2 [==============================] - 1s 568ms/step - loss: 3.5340 - accuracy: 0.2667 - val_loss: 3.4435 - val_accuracy: 0.2000 - lr: 0.0010
Epoch 12/20
2/2 [==============================] - 1s 681ms/step - loss: 3.3750 - accuracy: 0.3500 - val_loss: 3.2579 - val_accuracy: 0.2000 - lr: 0.0010
Epoch 13/20
2/2 [==============================] - 1s 575ms/step - loss: 3.2365 - accuracy: 0.2167 - val_loss: 3.0470 - val_accuracy: 0.4000 - lr: 0.0010
Epoch 14/20
2/2 [==============================] - 1s 656ms/step - loss: 3.1034 - accuracy: 0.1833 - val_loss: 2.8876 - val_accuracy: 0.4000 - lr: 0.0010
Epoch 15/20
2/2 [==============================] - 1s 579ms/step - loss: 2.9761 - accuracy: 0.2500 - val_loss: 2.7843 - val_accuracy: 0.4000 - lr: 0.0010
Epoch 16/20
2/2 [==============================] - 1s 676ms/step - loss: 2.8826 - accuracy: 0.2500 - val_loss: 2.7053 - val_accuracy: 0.4000 - lr: 0.0010
Epoch 17/20
2/2 [==============================] - 1s 646ms/step - loss: 2.7785 - accuracy: 0.2667 - val_loss: 2.6332 - val_accuracy: 0.4000 - lr: 0.0010
Epoch 18/20
2/2 [==============================] - 1s 687ms/step - loss: 2.6702 - accuracy: 0.2333 - val_loss: 2.5898 - val_accuracy: 0.2000 - lr: 0.0010
Epoch 19/20
2/2 [==============================] - 1s 661ms/step - loss: 2.5839 - accuracy: 0.3000 - val_loss: 2.5369 - val_accuracy: 0.2000 - lr: 0.0010
Epoch 20/20
2/2 [==============================] - 1s 560ms/step - loss: 2.5478 - accuracy: 0.2667 - val_loss: 2.4885 - val_accuracy: 0.2000 - lr: 0.0010
1/1 [==============================] - 0s 137ms/step - loss: 2.8679 - accuracy: 0.0000e+00
Found 60 images belonging to 6 classes.
Found 5 images belonging to 6 classes.
Found 7 images belonging to 6 classes.
Epoch 1/10
2/2 [==============================] - 2s 793ms/step - loss: 8.1994 - accuracy: 0.1167 - val_loss: 6.5032 - val_accuracy: 0.2000 - lr: 0.0010
Epoch 2/10
2/2 [==============================] - 1s 821ms/step - loss: 6.8817 - accuracy: 0.1833 - val_loss: 5.2819 - val_accuracy: 0.4000 - lr: 0.0010
Epoch 3/10
2/2 [==============================] - 1s 612ms/step - loss: 5.5625 - accuracy: 0.2000 - val_loss: 4.7710 - val_accuracy: 0.4000 - lr: 0.0010
Epoch 4/10
2/2 [==============================] - 1s 583ms/step - loss: 4.9852 - accuracy: 0.2167 - val_loss: 4.7095 - val_accuracy: 0.2000 - lr: 0.0010
Epoch 5/10
2/2 [==============================] - 1s 710ms/step - loss: 4.7762 - accuracy: 0.2500 - val_loss: 4.6384 - val_accuracy: 0.2000 - lr: 0.0010
Epoch 6/10
2/2 [==============================] - 1s 598ms/step - loss: 4.6217 - accuracy: 0.1667 - val_loss: 4.5035 - val_accuracy: 0.2000 - lr: 0.0010
Epoch 7/10
2/2 [==============================] - 1s 701ms/step - loss: 4.4415 - accuracy: 0.2833 - val_loss: 4.3216 - val_accuracy: 0.2000 - lr: 0.0010
Epoch 8/10
2/2 [==============================] - 1s 723ms/step - loss: 4.2593 - accuracy: 0.2000 - val_loss: 4.0994 - val_accuracy: 0.2000 - lr: 0.0010
Epoch 9/10
2/2 [==============================] - 1s 718ms/step - loss: 4.0212 - accuracy: 0.2667 - val_loss: 3.8566 - val_accuracy: 0.2000 - lr: 0.0010
Epoch 10/10
2/2 [==============================] - 1s 597ms/step - loss: 3.7876 - accuracy: 0.2333 - val_loss: 3.6076 - val_accuracy: 0.4000 - lr: 0.0010
1/1 [==============================] - 0s 126ms/step - loss: 3.6673 - accuracy: 0.1429
Found 60 images belonging to 6 classes.
Found 5 images belonging to 6 classes.
Found 7 images belonging to 6 classes.
Epoch 1/20
2/2 [==============================] - 2s 895ms/step - loss: 7.5173 - accuracy: 0.1000 - val_loss: 6.5959 - val_accuracy: 0.2000 - lr: 0.0010
Epoch 2/20
2/2 [==============================] - 1s 701ms/step - loss: 6.0399 - accuracy: 0.2167 - val_loss: 4.8058 - val_accuracy: 0.2000 - lr: 0.0010
Epoch 3/20
2/2 [==============================] - 1s 705ms/step - loss: 4.9571 - accuracy: 0.1500 - val_loss: 4.3429 - val_accuracy: 0.2000 - lr: 0.0010
Epoch 4/20
2/2 [==============================] - 1s 593ms/step - loss: 4.4615 - accuracy: 0.1833 - val_loss: 4.1323 - val_accuracy: 0.4000 - lr: 0.0010
Epoch 5/20
2/2 [==============================] - 1s 617ms/step - loss: 4.1828 - accuracy: 0.1667 - val_loss: 4.0167 - val_accuracy: 0.4000 - lr: 0.0010
Epoch 6/20
2/2 [==============================] - 1s 686ms/step - loss: 4.0328 - accuracy: 0.1667 - val_loss: 3.9006 - val_accuracy: 0.4000 - lr: 0.0010
Epoch 7/20
2/2 [==============================] - 1s 685ms/step - loss: 3.8746 - accuracy: 0.1667 - val_loss: 3.7479 - val_accuracy: 0.4000 - lr: 0.0010
Epoch 8/20
2/2 [==============================] - 1s 681ms/step - loss: 3.7108 - accuracy: 0.1667 - val_loss: 3.5626 - val_accuracy: 0.6000 - lr: 0.0010
Epoch 9/20
2/2 [==============================] - 1s 592ms/step - loss: 3.5242 - accuracy: 0.2333 - val_loss: 3.3637 - val_accuracy: 0.6000 - lr: 0.0010
Epoch 10/20
2/2 [==============================] - 1s 744ms/step - loss: 3.3192 - accuracy: 0.2167 - val_loss: 3.1707 - val_accuracy: 0.4000 - lr: 0.0010
Epoch 11/20
2/2 [==============================] - 1s 637ms/step - loss: 3.1347 - accuracy: 0.2167 - val_loss: 2.9989 - val_accuracy: 0.4000 - lr: 0.0010
Epoch 12/20
2/2 [==============================] - 1s 752ms/step - loss: 2.9647 - accuracy: 0.2167 - val_loss: 2.8533 - val_accuracy: 0.2000 - lr: 0.0010
Epoch 13/20
2/2 [==============================] - 1s 701ms/step - loss: 2.8192 - accuracy: 0.1833 - val_loss: 2.7333 - val_accuracy: 0.0000e+00 - lr: 0.0010
Epoch 14/20
2/2 [==============================] - 1s 604ms/step - loss: 2.7214 - accuracy: 0.1333 - val_loss: 2.6044 - val_accuracy: 0.2000 - lr: 0.0010
Epoch 15/20
2/2 [==============================] - 1s 706ms/step - loss: 2.6298 - accuracy: 0.1667 - val_loss: 2.4986 - val_accuracy: 0.4000 - lr: 0.0010
Epoch 16/20
2/2 [==============================] - 1s 687ms/step - loss: 2.5637 - accuracy: 0.1667 - val_loss: 2.4426 - val_accuracy: 0.0000e+00 - lr: 0.0010
Epoch 17/20
2/2 [==============================] - 1s 700ms/step - loss: 2.4869 - accuracy: 0.1500 - val_loss: 2.4254 - val_accuracy: 0.2000 - lr: 0.0010
Epoch 18/20
2/2 [==============================] - 1s 720ms/step - loss: 2.4283 - accuracy: 0.2000 - val_loss: 2.3635 - val_accuracy: 0.2000 - lr: 0.0010
Epoch 19/20
2/2 [==============================] - 1s 618ms/step - loss: 2.3513 - accuracy: 0.2833 - val_loss: 2.2969 - val_accuracy: 0.0000e+00 - lr: 0.0010
Epoch 20/20
2/2 [==============================] - 1s 590ms/step - loss: 2.3233 - accuracy: 0.1833 - val_loss: 2.2298 - val_accuracy: 0.4000 - lr: 0.0010
1/1 [==============================] - 0s 130ms/step - loss: 2.2625 - accuracy: 0.1429
Found 60 images belonging to 6 classes.
Found 5 images belonging to 6 classes.
Found 7 images belonging to 6 classes.
Epoch 1/10
2/2 [==============================] - 2s 785ms/step - loss: 6.8372 - accuracy: 0.1167 - val_loss: 5.6607 - val_accuracy: 0.2000 - lr: 0.0010
Epoch 2/10
2/2 [==============================] - 1s 537ms/step - loss: 5.6673 - accuracy: 0.3333 - val_loss: 4.6196 - val_accuracy: 0.4000 - lr: 0.0010
Epoch 3/10
2/2 [==============================] - 1s 651ms/step - loss: 4.9532 - accuracy: 0.1000 - val_loss: 4.0654 - val_accuracy: 0.4000 - lr: 0.0010
Epoch 4/10
2/2 [==============================] - 1s 590ms/step - loss: 4.3126 - accuracy: 0.2000 - val_loss: 3.8015 - val_accuracy: 0.6000 - lr: 0.0010
Epoch 5/10
2/2 [==============================] - 1s 549ms/step - loss: 3.9626 - accuracy: 0.2333 - val_loss: 3.6548 - val_accuracy: 0.6000 - lr: 0.0010
Epoch 6/10
2/2 [==============================] - 1s 582ms/step - loss: 3.7385 - accuracy: 0.2000 - val_loss: 3.5560 - val_accuracy: 0.4000 - lr: 0.0010
Epoch 7/10
2/2 [==============================] - 1s 599ms/step - loss: 3.6047 - accuracy: 0.2167 - val_loss: 3.4763 - val_accuracy: 0.4000 - lr: 0.0010
Epoch 8/10
2/2 [==============================] - 1s 609ms/step - loss: 3.5096 - accuracy: 0.2167 - val_loss: 3.3685 - val_accuracy: 0.4000 - lr: 0.0010
Epoch 9/10
2/2 [==============================] - 1s 521ms/step - loss: 3.3741 - accuracy: 0.2833 - val_loss: 3.2465 - val_accuracy: 0.2000 - lr: 0.0010
Epoch 10/10
2/2 [==============================] - 1s 494ms/step - loss: 3.2549 - accuracy: 0.2500 - val_loss: 3.1185 - val_accuracy: 0.2000 - lr: 0.0010
1/1 [==============================] - 0s 117ms/step - loss: 3.0688 - accuracy: 0.1429
Found 60 images belonging to 6 classes.
Found 5 images belonging to 6 classes.
Found 7 images belonging to 6 classes.
Epoch 1/20
2/2 [==============================] - 2s 770ms/step - loss: 7.2203 - accuracy: 0.1500 - val_loss: 6.0648 - val_accuracy: 0.2000 - lr: 0.0010
Epoch 2/20
2/2 [==============================] - 1s 589ms/step - loss: 6.4361 - accuracy: 0.1333 - val_loss: 5.0281 - val_accuracy: 0.4000 - lr: 0.0010
Epoch 3/20
2/2 [==============================] - 1s 519ms/step - loss: 5.3293 - accuracy: 0.1500 - val_loss: 4.6947 - val_accuracy: 0.4000 - lr: 0.0010
Epoch 4/20
2/2 [==============================] - 1s 526ms/step - loss: 4.8099 - accuracy: 0.2667 - val_loss: 4.3720 - val_accuracy: 0.4000 - lr: 0.0010
Epoch 5/20
2/2 [==============================] - 1s 615ms/step - loss: 4.3682 - accuracy: 0.1833 - val_loss: 4.2088 - val_accuracy: 0.4000 - lr: 0.0010
Epoch 6/20
2/2 [==============================] - 1s 620ms/step - loss: 4.2610 - accuracy: 0.1500 - val_loss: 4.1299 - val_accuracy: 0.4000 - lr: 0.0010
Epoch 7/20
2/2 [==============================] - 1s 487ms/step - loss: 4.1411 - accuracy: 0.0833 - val_loss: 4.0722 - val_accuracy: 0.2000 - lr: 0.0010
Epoch 8/20
2/2 [==============================] - 1s 482ms/step - loss: 4.0647 - accuracy: 0.2167 - val_loss: 4.0037 - val_accuracy: 0.4000 - lr: 0.0010
Epoch 9/20
2/2 [==============================] - 1s 513ms/step - loss: 3.9942 - accuracy: 0.2167 - val_loss: 3.9047 - val_accuracy: 0.2000 - lr: 0.0010
Epoch 10/20
2/2 [==============================] - 1s 589ms/step - loss: 3.8837 - accuracy: 0.2667 - val_loss: 3.7843 - val_accuracy: 0.4000 - lr: 0.0010
Epoch 11/20
2/2 [==============================] - 1s 577ms/step - loss: 3.7781 - accuracy: 0.2500 - val_loss: 3.6596 - val_accuracy: 0.4000 - lr: 0.0010
Epoch 12/20
2/2 [==============================] - 1s 578ms/step - loss: 3.6461 - accuracy: 0.2833 - val_loss: 3.5452 - val_accuracy: 0.4000 - lr: 0.0010
Epoch 13/20
2/2 [==============================] - 1s 607ms/step - loss: 3.5055 - accuracy: 0.3500 - val_loss: 3.4615 - val_accuracy: 0.2000 - lr: 0.0010
Epoch 14/20
2/2 [==============================] - 1s 533ms/step - loss: 3.4173 - accuracy: 0.3000 - val_loss: 3.3860 - val_accuracy: 0.2000 - lr: 0.0010
Epoch 15/20
2/2 [==============================] - 1s 654ms/step - loss: 3.3071 - accuracy: 0.2167 - val_loss: 3.3128 - val_accuracy: 0.2000 - lr: 0.0010
Epoch 16/20
2/2 [==============================] - 1s 526ms/step - loss: 3.2350 - accuracy: 0.1833 - val_loss: 3.1844 - val_accuracy: 0.4000 - lr: 0.0010
Epoch 17/20
2/2 [==============================] - 1s 556ms/step - loss: 3.0564 - accuracy: 0.3833 - val_loss: 3.0702 - val_accuracy: 0.2000 - lr: 0.0010
Epoch 18/20
2/2 [==============================] - 1s 554ms/step - loss: 2.9921 - accuracy: 0.2500 - val_loss: 2.9564 - val_accuracy: 0.4000 - lr: 0.0010
Epoch 19/20
2/2 [==============================] - 1s 556ms/step - loss: 2.9249 - accuracy: 0.2833 - val_loss: 2.8823 - val_accuracy: 0.4000 - lr: 0.0010
Epoch 20/20
2/2 [==============================] - 1s 518ms/step - loss: 2.8240 - accuracy: 0.3000 - val_loss: 2.8510 - val_accuracy: 0.2000 - lr: 0.0010
1/1 [==============================] - 0s 115ms/step - loss: 2.9821 - accuracy: 0.0000e+00
Found 60 images belonging to 6 classes.
Found 5 images belonging to 6 classes.
Found 7 images belonging to 6 classes.
Epoch 1/10
2/2 [==============================] - 2s 727ms/step - loss: 7.0374 - accuracy: 0.1167 - val_loss: 6.4821 - val_accuracy: 0.2000 - lr: 0.0010
Epoch 2/10
2/2 [==============================] - 1s 501ms/step - loss: 5.7645 - accuracy: 0.2167 - val_loss: 5.4889 - val_accuracy: 0.2000 - lr: 0.0010
Epoch 3/10
2/2 [==============================] - 1s 542ms/step - loss: 4.7881 - accuracy: 0.2167 - val_loss: 4.5895 - val_accuracy: 0.2000 - lr: 0.0010
Epoch 4/10
2/2 [==============================] - 1s 585ms/step - loss: 4.3562 - accuracy: 0.1167 - val_loss: 4.0360 - val_accuracy: 0.4000 - lr: 0.0010
Epoch 5/10
2/2 [==============================] - 1s 573ms/step - loss: 3.8964 - accuracy: 0.1333 - val_loss: 3.7308 - val_accuracy: 0.0000e+00 - lr: 0.0010
Epoch 6/10
2/2 [==============================] - 1s 577ms/step - loss: 3.6731 - accuracy: 0.2500 - val_loss: 3.5713 - val_accuracy: 0.0000e+00 - lr: 0.0010
Epoch 7/10
2/2 [==============================] - 1s 492ms/step - loss: 3.5930 - accuracy: 0.2333 - val_loss: 3.4560 - val_accuracy: 0.0000e+00 - lr: 0.0010
Epoch 8/10
2/2 [==============================] - 1s 558ms/step - loss: 3.4531 - accuracy: 0.2333 - val_loss: 3.3740 - val_accuracy: 0.0000e+00 - lr: 0.0010
Epoch 9/10
2/2 [==============================] - 1s 579ms/step - loss: 3.4109 - accuracy: 0.1500 - val_loss: 3.2855 - val_accuracy: 0.0000e+00 - lr: 0.0010
Epoch 10/10
2/2 [==============================] - 1s 497ms/step - loss: 3.3006 - accuracy: 0.2000 - val_loss: 3.1864 - val_accuracy: 0.2000 - lr: 0.0010
1/1 [==============================] - 0s 126ms/step - loss: 3.1909 - accuracy: 0.2857
Found 60 images belonging to 6 classes.
Found 5 images belonging to 6 classes.
Found 7 images belonging to 6 classes.
Epoch 1/20
2/2 [==============================] - 2s 670ms/step - loss: 7.0226 - accuracy: 0.2333 - val_loss: 5.8669 - val_accuracy: 0.2000 - lr: 0.0010
Epoch 2/20
2/2 [==============================] - 1s 488ms/step - loss: 5.9370 - accuracy: 0.1667 - val_loss: 5.2410 - val_accuracy: 0.2000 - lr: 0.0010
Epoch 3/20
2/2 [==============================] - 1s 499ms/step - loss: 4.9353 - accuracy: 0.1667 - val_loss: 4.4863 - val_accuracy: 0.2000 - lr: 0.0010
Epoch 4/20
2/2 [==============================] - 1s 554ms/step - loss: 4.3327 - accuracy: 0.2833 - val_loss: 4.0659 - val_accuracy: 0.2000 - lr: 0.0010
Epoch 5/20
2/2 [==============================] - 1s 623ms/step - loss: 3.9947 - accuracy: 0.2500 - val_loss: 3.8289 - val_accuracy: 0.2000 - lr: 0.0010
Epoch 6/20
2/2 [==============================] - 1s 545ms/step - loss: 3.7746 - accuracy: 0.1833 - val_loss: 3.6802 - val_accuracy: 0.2000 - lr: 0.0010
Epoch 7/20
2/2 [==============================] - 1s 650ms/step - loss: 3.6599 - accuracy: 0.1333 - val_loss: 3.5691 - val_accuracy: 0.4000 - lr: 0.0010
Epoch 8/20
2/2 [==============================] - 1s 556ms/step - loss: 3.5309 - accuracy: 0.1833 - val_loss: 3.4711 - val_accuracy: 0.4000 - lr: 0.0010
Epoch 9/20
2/2 [==============================] - 1s 567ms/step - loss: 3.4281 - accuracy: 0.2333 - val_loss: 3.3776 - val_accuracy: 0.4000 - lr: 0.0010
Epoch 10/20
2/2 [==============================] - 1s 602ms/step - loss: 3.3255 - accuracy: 0.3167 - val_loss: 3.2671 - val_accuracy: 0.4000 - lr: 0.0010
Epoch 11/20
2/2 [==============================] - 1s 525ms/step - loss: 3.2367 - accuracy: 0.2667 - val_loss: 3.1443 - val_accuracy: 0.4000 - lr: 0.0010
Epoch 12/20
2/2 [==============================] - 1s 488ms/step - loss: 3.1582 - accuracy: 0.2000 - val_loss: 3.0412 - val_accuracy: 0.4000 - lr: 0.0010
Epoch 13/20
2/2 [==============================] - 1s 521ms/step - loss: 3.0005 - accuracy: 0.2833 - val_loss: 2.9352 - val_accuracy: 0.2000 - lr: 0.0010
Epoch 14/20
2/2 [==============================] - 1s 536ms/step - loss: 2.9165 - accuracy: 0.2000 - val_loss: 2.8289 - val_accuracy: 0.2000 - lr: 0.0010
Epoch 15/20
2/2 [==============================] - 1s 592ms/step - loss: 2.8181 - accuracy: 0.2333 - val_loss: 2.7402 - val_accuracy: 0.2000 - lr: 0.0010
Epoch 16/20
2/2 [==============================] - 1s 525ms/step - loss: 2.7010 - accuracy: 0.3167 - val_loss: 2.6762 - val_accuracy: 0.4000 - lr: 0.0010
Epoch 17/20
2/2 [==============================] - 1s 608ms/step - loss: 2.6113 - accuracy: 0.3167 - val_loss: 2.6156 - val_accuracy: 0.4000 - lr: 0.0010
Epoch 18/20
2/2 [==============================] - 1s 511ms/step - loss: 2.5910 - accuracy: 0.3000 - val_loss: 2.5677 - val_accuracy: 0.4000 - lr: 0.0010
Epoch 19/20
2/2 [==============================] - 1s 583ms/step - loss: 2.5935 - accuracy: 0.3500 - val_loss: 2.5603 - val_accuracy: 0.2000 - lr: 0.0010
Epoch 20/20
2/2 [==============================] - 1s 590ms/step - loss: 2.4782 - accuracy: 0.3333 - val_loss: 2.4871 - val_accuracy: 0.2000 - lr: 0.0010
1/1 [==============================] - 0s 123ms/step - loss: 2.7578 - accuracy: 0.0000e+00
Found 60 images belonging to 6 classes.
Found 5 images belonging to 6 classes.
Found 7 images belonging to 6 classes.
Epoch 1/10
2/2 [==============================] - 2s 804ms/step - loss: 6.8716 - accuracy: 0.2000 - val_loss: 5.9835 - val_accuracy: 0.2000 - lr: 0.0010
Epoch 2/10
2/2 [==============================] - 1s 545ms/step - loss: 5.9081 - accuracy: 0.2167 - val_loss: 5.1609 - val_accuracy: 0.0000e+00 - lr: 0.0010
Epoch 3/10
2/2 [==============================] - 1s 506ms/step - loss: 5.0616 - accuracy: 0.1333 - val_loss: 4.5540 - val_accuracy: 0.0000e+00 - lr: 0.0010
Epoch 4/10
2/2 [==============================] - 1s 530ms/step - loss: 4.5366 - accuracy: 0.1333 - val_loss: 4.1740 - val_accuracy: 0.2000 - lr: 0.0010
Epoch 5/10
2/2 [==============================] - 1s 517ms/step - loss: 4.1182 - accuracy: 0.1500 - val_loss: 3.9232 - val_accuracy: 0.2000 - lr: 0.0010
Epoch 6/10
2/2 [==============================] - 1s 584ms/step - loss: 3.8966 - accuracy: 0.1833 - val_loss: 3.7685 - val_accuracy: 0.2000 - lr: 0.0010
Epoch 7/10
2/2 [==============================] - 1s 520ms/step - loss: 3.7452 - accuracy: 0.2333 - val_loss: 3.6461 - val_accuracy: 0.2000 - lr: 0.0010
Epoch 8/10
2/2 [==============================] - 1s 555ms/step - loss: 3.6068 - accuracy: 0.2167 - val_loss: 3.5310 - val_accuracy: 0.2000 - lr: 0.0010
Epoch 9/10
2/2 [==============================] - 1s 504ms/step - loss: 3.5051 - accuracy: 0.2667 - val_loss: 3.4152 - val_accuracy: 0.4000 - lr: 0.0010
Epoch 10/10
2/2 [==============================] - 1s 562ms/step - loss: 3.3835 - accuracy: 0.2500 - val_loss: 3.2831 - val_accuracy: 0.2000 - lr: 0.0010
1/1 [==============================] - 0s 130ms/step - loss: 3.2665 - accuracy: 0.4286
Found 60 images belonging to 6 classes.
Found 5 images belonging to 6 classes.
Found 7 images belonging to 6 classes.
Epoch 1/20
2/2 [==============================] - 2s 1s/step - loss: 6.9641 - accuracy: 0.1500 - val_loss: 5.8680 - val_accuracy: 0.4000 - lr: 0.0010
Epoch 2/20
2/2 [==============================] - 1s 524ms/step - loss: 5.9019 - accuracy: 0.1500 - val_loss: 5.0148 - val_accuracy: 0.4000 - lr: 0.0010
Epoch 3/20
2/2 [==============================] - 1s 576ms/step - loss: 5.0245 - accuracy: 0.1667 - val_loss: 4.5449 - val_accuracy: 0.2000 - lr: 0.0010
Epoch 4/20
2/2 [==============================] - 1s 512ms/step - loss: 4.4857 - accuracy: 0.2833 - val_loss: 4.1088 - val_accuracy: 0.2000 - lr: 0.0010
Epoch 5/20
2/2 [==============================] - 1s 514ms/step - loss: 4.2101 - accuracy: 0.1167 - val_loss: 3.8498 - val_accuracy: 0.4000 - lr: 0.0010
Epoch 6/20
2/2 [==============================] - 1s 641ms/step - loss: 3.8831 - accuracy: 0.2167 - val_loss: 3.7102 - val_accuracy: 0.6000 - lr: 0.0010
Epoch 7/20
2/2 [==============================] - 1s 606ms/step - loss: 3.7325 - accuracy: 0.2667 - val_loss: 3.6089 - val_accuracy: 0.4000 - lr: 0.0010
Epoch 8/20
2/2 [==============================] - 1s 566ms/step - loss: 3.6620 - accuracy: 0.2333 - val_loss: 3.5129 - val_accuracy: 0.4000 - lr: 0.0010
Epoch 9/20
2/2 [==============================] - 1s 586ms/step - loss: 3.5292 - accuracy: 0.3000 - val_loss: 3.4039 - val_accuracy: 0.4000 - lr: 0.0010
Epoch 10/20
2/2 [==============================] - 1s 587ms/step - loss: 3.4294 - accuracy: 0.1500 - val_loss: 3.2739 - val_accuracy: 0.4000 - lr: 0.0010
Epoch 11/20
2/2 [==============================] - 1s 589ms/step - loss: 3.2909 - accuracy: 0.2667 - val_loss: 3.1378 - val_accuracy: 0.2000 - lr: 0.0010
Epoch 12/20
2/2 [==============================] - 1s 502ms/step - loss: 3.1958 - accuracy: 0.2000 - val_loss: 3.0030 - val_accuracy: 0.4000 - lr: 0.0010
Epoch 13/20
2/2 [==============================] - 1s 574ms/step - loss: 3.0865 - accuracy: 0.2000 - val_loss: 2.8933 - val_accuracy: 0.4000 - lr: 0.0010
Epoch 14/20
2/2 [==============================] - 1s 564ms/step - loss: 2.9444 - accuracy: 0.2667 - val_loss: 2.8091 - val_accuracy: 0.4000 - lr: 0.0010
Epoch 15/20
2/2 [==============================] - 1s 514ms/step - loss: 2.8558 - accuracy: 0.3333 - val_loss: 2.7248 - val_accuracy: 0.4000 - lr: 0.0010
Epoch 16/20
2/2 [==============================] - 1s 535ms/step - loss: 2.8182 - accuracy: 0.1833 - val_loss: 2.6674 - val_accuracy: 0.4000 - lr: 0.0010
Epoch 17/20
2/2 [==============================] - 1s 625ms/step - loss: 2.6842 - accuracy: 0.2667 - val_loss: 2.6102 - val_accuracy: 0.4000 - lr: 0.0010
Epoch 18/20
2/2 [==============================] - 1s 495ms/step - loss: 2.6522 - accuracy: 0.2833 - val_loss: 2.5247 - val_accuracy: 0.4000 - lr: 0.0010
Epoch 19/20
2/2 [==============================] - 1s 602ms/step - loss: 2.5590 - accuracy: 0.2500 - val_loss: 2.4113 - val_accuracy: 0.6000 - lr: 0.0010
Epoch 20/20
2/2 [==============================] - 1s 504ms/step - loss: 2.4986 - accuracy: 0.3000 - val_loss: 2.3250 - val_accuracy: 0.6000 - lr: 0.0010
1/1 [==============================] - 0s 136ms/step - loss: 2.5018 - accuracy: 0.2857
Found 60 images belonging to 6 classes.
Found 5 images belonging to 6 classes.
Found 7 images belonging to 6 classes.
Epoch 1/10
2/2 [==============================] - 2s 703ms/step - loss: 7.0569 - accuracy: 0.1167 - val_loss: 5.9002 - val_accuracy: 0.2000 - lr: 0.0010
Epoch 2/10
2/2 [==============================] - 1s 490ms/step - loss: 6.2783 - accuracy: 0.1333 - val_loss: 5.1034 - val_accuracy: 0.2000 - lr: 0.0010
Epoch 3/10
2/2 [==============================] - 1s 556ms/step - loss: 5.2903 - accuracy: 0.1667 - val_loss: 4.7120 - val_accuracy: 0.2000 - lr: 0.0010
Epoch 4/10
2/2 [==============================] - 1s 518ms/step - loss: 4.7829 - accuracy: 0.1667 - val_loss: 4.4431 - val_accuracy: 0.2000 - lr: 0.0010
Epoch 5/10
2/2 [==============================] - 1s 617ms/step - loss: 4.4112 - accuracy: 0.1333 - val_loss: 4.2516 - val_accuracy: 0.0000e+00 - lr: 0.0010
Epoch 6/10
2/2 [==============================] - 1s 574ms/step - loss: 4.1393 - accuracy: 0.2333 - val_loss: 4.1122 - val_accuracy: 0.0000e+00 - lr: 0.0010
Epoch 7/10
2/2 [==============================] - 1s 518ms/step - loss: 4.0015 - accuracy: 0.1333 - val_loss: 3.9892 - val_accuracy: 0.0000e+00 - lr: 0.0010
Epoch 8/10
2/2 [==============================] - 1s 548ms/step - loss: 3.9095 - accuracy: 0.2000 - val_loss: 3.8726 - val_accuracy: 0.2000 - lr: 0.0010
Epoch 9/10
2/2 [==============================] - 1s 507ms/step - loss: 3.8181 - accuracy: 0.1667 - val_loss: 3.7508 - val_accuracy: 0.2000 - lr: 0.0010
Epoch 10/10
2/2 [==============================] - 1s 562ms/step - loss: 3.6912 - accuracy: 0.2833 - val_loss: 3.6251 - val_accuracy: 0.2000 - lr: 0.0010
1/1 [==============================] - 0s 123ms/step - loss: 3.6519 - accuracy: 0.0000e+00
Found 60 images belonging to 6 classes.
Found 5 images belonging to 6 classes.
Found 7 images belonging to 6 classes.
Epoch 1/20
2/2 [==============================] - 2s 756ms/step - loss: 7.3509 - accuracy: 0.1833 - val_loss: 6.6292 - val_accuracy: 0.4000 - lr: 0.0010
Epoch 2/20
2/2 [==============================] - 1s 494ms/step - loss: 6.5525 - accuracy: 0.1500 - val_loss: 5.5379 - val_accuracy: 0.2000 - lr: 0.0010
Epoch 3/20
2/2 [==============================] - 1s 569ms/step - loss: 5.6107 - accuracy: 0.2000 - val_loss: 4.8764 - val_accuracy: 0.2000 - lr: 0.0010
Epoch 4/20
2/2 [==============================] - 1s 648ms/step - loss: 4.9955 - accuracy: 0.1833 - val_loss: 4.6096 - val_accuracy: 0.2000 - lr: 0.0010
Epoch 5/20
2/2 [==============================] - 1s 569ms/step - loss: 4.6032 - accuracy: 0.1833 - val_loss: 4.4404 - val_accuracy: 0.2000 - lr: 0.0010
Epoch 6/20
2/2 [==============================] - 1s 672ms/step - loss: 4.4157 - accuracy: 0.1667 - val_loss: 4.2924 - val_accuracy: 0.2000 - lr: 0.0010
Epoch 7/20
2/2 [==============================] - 1s 714ms/step - loss: 4.2636 - accuracy: 0.1833 - val_loss: 4.1653 - val_accuracy: 0.2000 - lr: 0.0010
Epoch 8/20
2/2 [==============================] - 1s 524ms/step - loss: 4.1490 - accuracy: 0.1833 - val_loss: 4.0485 - val_accuracy: 0.2000 - lr: 0.0010
Epoch 9/20
2/2 [==============================] - 1s 522ms/step - loss: 4.0311 - accuracy: 0.1333 - val_loss: 3.9253 - val_accuracy: 0.4000 - lr: 0.0010
Epoch 10/20
2/2 [==============================] - 1s 499ms/step - loss: 3.9014 - accuracy: 0.1833 - val_loss: 3.7952 - val_accuracy: 0.2000 - lr: 0.0010
Epoch 11/20
2/2 [==============================] - 1s 526ms/step - loss: 3.7652 - accuracy: 0.2000 - val_loss: 3.6599 - val_accuracy: 0.2000 - lr: 0.0010
Epoch 12/20
2/2 [==============================] - 1s 603ms/step - loss: 3.6274 - accuracy: 0.1667 - val_loss: 3.5219 - val_accuracy: 0.4000 - lr: 0.0010
Epoch 13/20
2/2 [==============================] - 1s 543ms/step - loss: 3.5109 - accuracy: 0.1667 - val_loss: 3.3910 - val_accuracy: 0.2000 - lr: 0.0010
Epoch 14/20
2/2 [==============================] - 1s 590ms/step - loss: 3.3613 - accuracy: 0.2167 - val_loss: 3.2694 - val_accuracy: 0.2000 - lr: 0.0010
Epoch 15/20
2/2 [==============================] - 1s 520ms/step - loss: 3.2463 - accuracy: 0.2500 - val_loss: 3.1599 - val_accuracy: 0.4000 - lr: 0.0010
Epoch 16/20
2/2 [==============================] - 1s 576ms/step - loss: 3.1343 - accuracy: 0.2333 - val_loss: 3.0634 - val_accuracy: 0.4000 - lr: 0.0010
Epoch 17/20
2/2 [==============================] - 1s 595ms/step - loss: 3.0414 - accuracy: 0.2000 - val_loss: 2.9740 - val_accuracy: 0.4000 - lr: 0.0010
Epoch 18/20
2/2 [==============================] - 1s 503ms/step - loss: 2.9593 - accuracy: 0.3167 - val_loss: 2.8963 - val_accuracy: 0.2000 - lr: 0.0010
Epoch 19/20
2/2 [==============================] - 1s 563ms/step - loss: 2.8889 - accuracy: 0.2333 - val_loss: 2.8280 - val_accuracy: 0.0000e+00 - lr: 0.0010
Epoch 20/20
2/2 [==============================] - 1s 540ms/step - loss: 2.8023 - accuracy: 0.2000 - val_loss: 2.7606 - val_accuracy: 0.2000 - lr: 0.0010
1/1 [==============================] - 0s 117ms/step - loss: 2.7705 - accuracy: 0.2857
Found 60 images belonging to 6 classes.
Found 5 images belonging to 6 classes.
Found 7 images belonging to 6 classes.
Epoch 1/10
2/2 [==============================] - 2s 763ms/step - loss: 6.9308 - accuracy: 0.1833 - val_loss: 5.6528 - val_accuracy: 0.4000 - lr: 0.0010
Epoch 2/10
2/2 [==============================] - 1s 669ms/step - loss: 5.4201 - accuracy: 0.2167 - val_loss: 4.5618 - val_accuracy: 0.2000 - lr: 0.0010
Epoch 3/10
2/2 [==============================] - 1s 625ms/step - loss: 4.4740 - accuracy: 0.2000 - val_loss: 4.1166 - val_accuracy: 0.2000 - lr: 0.0010
Epoch 4/10
2/2 [==============================] - 1s 791ms/step - loss: 4.0868 - accuracy: 0.1833 - val_loss: 3.8940 - val_accuracy: 0.2000 - lr: 0.0010
Epoch 5/10
2/2 [==============================] - 1s 674ms/step - loss: 3.8989 - accuracy: 0.2000 - val_loss: 3.7901 - val_accuracy: 0.0000e+00 - lr: 0.0010
Epoch 6/10
2/2 [==============================] - 1s 620ms/step - loss: 3.7944 - accuracy: 0.2500 - val_loss: 3.7032 - val_accuracy: 0.0000e+00 - lr: 0.0010
Epoch 7/10
2/2 [==============================] - 1s 689ms/step - loss: 3.6783 - accuracy: 0.3000 - val_loss: 3.5929 - val_accuracy: 0.0000e+00 - lr: 0.0010
Epoch 8/10
2/2 [==============================] - 1s 684ms/step - loss: 3.5857 - accuracy: 0.2000 - val_loss: 3.4702 - val_accuracy: 0.2000 - lr: 0.0010
Epoch 9/10
2/2 [==============================] - 1s 706ms/step - loss: 3.3985 - accuracy: 0.2500 - val_loss: 3.2275 - val_accuracy: 0.4000 - lr: 0.0010
Epoch 10/10
2/2 [==============================] - 1s 691ms/step - loss: 3.2340 - accuracy: 0.2667 - val_loss: 3.0343 - val_accuracy: 0.2000 - lr: 0.0010
1/1 [==============================] - 0s 118ms/step - loss: 3.1267 - accuracy: 0.1429
Found 60 images belonging to 6 classes.
Found 5 images belonging to 6 classes.
Found 7 images belonging to 6 classes.
Epoch 1/20
2/2 [==============================] - 2s 874ms/step - loss: 7.8486 - accuracy: 0.1000 - val_loss: 6.8824 - val_accuracy: 0.0000e+00 - lr: 0.0010
Epoch 2/20
2/2 [==============================] - 1s 702ms/step - loss: 6.9461 - accuracy: 0.0833 - val_loss: 5.4459 - val_accuracy: 0.4000 - lr: 0.0010
Epoch 3/20
2/2 [==============================] - 1s 750ms/step - loss: 5.3296 - accuracy: 0.1667 - val_loss: 5.0353 - val_accuracy: 0.2000 - lr: 0.0010
Epoch 4/20
2/2 [==============================] - 1s 659ms/step - loss: 4.8406 - accuracy: 0.2333 - val_loss: 4.8975 - val_accuracy: 0.2000 - lr: 0.0010
Epoch 5/20
2/2 [==============================] - 1s 586ms/step - loss: 4.7040 - accuracy: 0.2833 - val_loss: 4.7686 - val_accuracy: 0.0000e+00 - lr: 0.0010
Epoch 6/20
2/2 [==============================] - 1s 664ms/step - loss: 4.6553 - accuracy: 0.2000 - val_loss: 4.6477 - val_accuracy: 0.2000 - lr: 0.0010
Epoch 7/20
2/2 [==============================] - 1s 564ms/step - loss: 4.5629 - accuracy: 0.2333 - val_loss: 4.5104 - val_accuracy: 0.2000 - lr: 0.0010
Epoch 8/20
2/2 [==============================] - 1s 576ms/step - loss: 4.4349 - accuracy: 0.2333 - val_loss: 4.3384 - val_accuracy: 0.2000 - lr: 0.0010
Epoch 9/20
2/2 [==============================] - 1s 569ms/step - loss: 4.2673 - accuracy: 0.2333 - val_loss: 4.1436 - val_accuracy: 0.2000 - lr: 0.0010
Epoch 10/20
2/2 [==============================] - 1s 601ms/step - loss: 4.0724 - accuracy: 0.2667 - val_loss: 3.9471 - val_accuracy: 0.2000 - lr: 0.0010
Epoch 11/20
2/2 [==============================] - 1s 758ms/step - loss: 3.8736 - accuracy: 0.1833 - val_loss: 3.7623 - val_accuracy: 0.2000 - lr: 0.0010
Epoch 12/20
2/2 [==============================] - 1s 559ms/step - loss: 3.7004 - accuracy: 0.2000 - val_loss: 3.5986 - val_accuracy: 0.2000 - lr: 0.0010
Epoch 13/20
2/2 [==============================] - 1s 643ms/step - loss: 3.5109 - accuracy: 0.2500 - val_loss: 3.4552 - val_accuracy: 0.0000e+00 - lr: 0.0010
Epoch 14/20
2/2 [==============================] - 1s 630ms/step - loss: 3.3910 - accuracy: 0.2500 - val_loss: 3.3236 - val_accuracy: 0.2000 - lr: 0.0010
Epoch 15/20
2/2 [==============================] - 1s 657ms/step - loss: 3.2642 - accuracy: 0.2333 - val_loss: 3.1856 - val_accuracy: 0.4000 - lr: 0.0010
Epoch 16/20
2/2 [==============================] - 1s 643ms/step - loss: 3.1169 - accuracy: 0.2833 - val_loss: 3.0776 - val_accuracy: 0.4000 - lr: 0.0010
Epoch 17/20
2/2 [==============================] - 1s 726ms/step - loss: 3.0433 - accuracy: 0.2167 - val_loss: 2.9535 - val_accuracy: 0.2000 - lr: 0.0010
Epoch 18/20
2/2 [==============================] - 1s 680ms/step - loss: 2.8981 - accuracy: 0.2333 - val_loss: 2.8723 - val_accuracy: 0.0000e+00 - lr: 0.0010
Epoch 19/20
2/2 [==============================] - 1s 698ms/step - loss: 2.7981 - accuracy: 0.1667 - val_loss: 2.8249 - val_accuracy: 0.0000e+00 - lr: 0.0010
Epoch 20/20
2/2 [==============================] - 1s 663ms/step - loss: 2.7723 - accuracy: 0.2167 - val_loss: 2.7553 - val_accuracy: 0.2000 - lr: 0.0010
1/1 [==============================] - 0s 118ms/step - loss: 2.8153 - accuracy: 0.1429
Found 60 images belonging to 6 classes.
Found 5 images belonging to 6 classes.
Found 7 images belonging to 6 classes.
Epoch 1/10
2/2 [==============================] - 2s 842ms/step - loss: 7.3807 - accuracy: 0.2333 - val_loss: 6.7406 - val_accuracy: 0.0000e+00 - lr: 0.0010
Epoch 2/10
2/2 [==============================] - 1s 763ms/step - loss: 6.1923 - accuracy: 0.1167 - val_loss: 5.3486 - val_accuracy: 0.2000 - lr: 0.0010
Epoch 3/10
2/2 [==============================] - 1s 741ms/step - loss: 5.4777 - accuracy: 0.1167 - val_loss: 4.8523 - val_accuracy: 0.4000 - lr: 0.0010
Epoch 4/10
2/2 [==============================] - 1s 623ms/step - loss: 4.7269 - accuracy: 0.1667 - val_loss: 4.6964 - val_accuracy: 0.2000 - lr: 0.0010
Epoch 5/10
2/2 [==============================] - 1s 680ms/step - loss: 4.5529 - accuracy: 0.2000 - val_loss: 4.6426 - val_accuracy: 0.0000e+00 - lr: 0.0010
Epoch 6/10
2/2 [==============================] - 1s 685ms/step - loss: 4.5687 - accuracy: 0.2167 - val_loss: 4.5964 - val_accuracy: 0.0000e+00 - lr: 0.0010
Epoch 7/10
2/2 [==============================] - 1s 756ms/step - loss: 4.5531 - accuracy: 0.1333 - val_loss: 4.5159 - val_accuracy: 0.0000e+00 - lr: 0.0010
Epoch 8/10
2/2 [==============================] - 1s 750ms/step - loss: 4.4485 - accuracy: 0.1667 - val_loss: 4.3822 - val_accuracy: 0.0000e+00 - lr: 0.0010
Epoch 9/10
2/2 [==============================] - 1s 674ms/step - loss: 4.2996 - accuracy: 0.2000 - val_loss: 4.2132 - val_accuracy: 0.0000e+00 - lr: 0.0010
Epoch 10/10
2/2 [==============================] - 1s 627ms/step - loss: 4.1389 - accuracy: 0.1500 - val_loss: 4.0345 - val_accuracy: 0.0000e+00 - lr: 0.0010
1/1 [==============================] - 0s 131ms/step - loss: 4.0269 - accuracy: 0.0000e+00
Found 60 images belonging to 6 classes.
Found 5 images belonging to 6 classes.
Found 7 images belonging to 6 classes.
Epoch 1/20
2/2 [==============================] - 2s 857ms/step - loss: 7.5421 - accuracy: 0.1333 - val_loss: 6.0384 - val_accuracy: 0.2000 - lr: 0.0010
Epoch 2/20
2/2 [==============================] - 1s 621ms/step - loss: 5.7068 - accuracy: 0.1500 - val_loss: 5.2810 - val_accuracy: 0.0000e+00 - lr: 0.0010
Epoch 3/20
2/2 [==============================] - 1s 587ms/step - loss: 4.8776 - accuracy: 0.1000 - val_loss: 4.5020 - val_accuracy: 0.2000 - lr: 0.0010
Epoch 4/20
2/2 [==============================] - 1s 677ms/step - loss: 4.2689 - accuracy: 0.2000 - val_loss: 4.1980 - val_accuracy: 0.4000 - lr: 0.0010
Epoch 5/20
2/2 [==============================] - 1s 660ms/step - loss: 4.1189 - accuracy: 0.2333 - val_loss: 4.0814 - val_accuracy: 0.2000 - lr: 0.0010
Epoch 6/20
2/2 [==============================] - 1s 592ms/step - loss: 4.0576 - accuracy: 0.1833 - val_loss: 3.9890 - val_accuracy: 0.2000 - lr: 0.0010
Epoch 7/20
2/2 [==============================] - 1s 585ms/step - loss: 3.9529 - accuracy: 0.1833 - val_loss: 3.8605 - val_accuracy: 0.2000 - lr: 0.0010
Epoch 8/20
2/2 [==============================] - 1s 606ms/step - loss: 3.8169 - accuracy: 0.1833 - val_loss: 3.6879 - val_accuracy: 0.2000 - lr: 0.0010
Epoch 9/20
2/2 [==============================] - 1s 657ms/step - loss: 3.6324 - accuracy: 0.2000 - val_loss: 3.4918 - val_accuracy: 0.2000 - lr: 0.0010
Epoch 10/20
2/2 [==============================] - 1s 563ms/step - loss: 3.4407 - accuracy: 0.2000 - val_loss: 3.2960 - val_accuracy: 0.2000 - lr: 0.0010
Epoch 11/20
2/2 [==============================] - 1s 685ms/step - loss: 3.2458 - accuracy: 0.2167 - val_loss: 3.1164 - val_accuracy: 0.2000 - lr: 0.0010
Epoch 12/20
2/2 [==============================] - 1s 606ms/step - loss: 3.0855 - accuracy: 0.1833 - val_loss: 2.9712 - val_accuracy: 0.4000 - lr: 0.0010
Epoch 13/20
2/2 [==============================] - 1s 643ms/step - loss: 2.9473 - accuracy: 0.1500 - val_loss: 2.8568 - val_accuracy: 0.4000 - lr: 0.0010
Epoch 14/20
2/2 [==============================] - 1s 679ms/step - loss: 2.8276 - accuracy: 0.2667 - val_loss: 2.7584 - val_accuracy: 0.2000 - lr: 0.0010
Epoch 15/20
2/2 [==============================] - 1s 659ms/step - loss: 2.7305 - accuracy: 0.2333 - val_loss: 2.6680 - val_accuracy: 0.2000 - lr: 0.0010
Epoch 16/20
2/2 [==============================] - 1s 557ms/step - loss: 2.6443 - accuracy: 0.2833 - val_loss: 2.5850 - val_accuracy: 0.4000 - lr: 0.0010
Epoch 17/20
2/2 [==============================] - 1s 633ms/step - loss: 2.5588 - accuracy: 0.2333 - val_loss: 2.5049 - val_accuracy: 0.2000 - lr: 0.0010
Epoch 18/20
2/2 [==============================] - 1s 705ms/step - loss: 2.4722 - accuracy: 0.2167 - val_loss: 2.4343 - val_accuracy: 0.2000 - lr: 0.0010
Epoch 19/20
2/2 [==============================] - 1s 633ms/step - loss: 2.4095 - accuracy: 0.2333 - val_loss: 2.3774 - val_accuracy: 0.2000 - lr: 0.0010
Epoch 20/20
2/2 [==============================] - 1s 670ms/step - loss: 2.3373 - accuracy: 0.2833 - val_loss: 2.3104 - val_accuracy: 0.2000 - lr: 0.0010
1/1 [==============================] - 0s 128ms/step - loss: 2.3176 - accuracy: 0.1429
Found 60 images belonging to 6 classes.
Found 5 images belonging to 6 classes.
Found 7 images belonging to 6 classes.
Epoch 1/10
2/2 [==============================] - 2s 874ms/step - loss: 7.4712 - accuracy: 0.1167 - val_loss: 8.1126 - val_accuracy: 0.0000e+00 - lr: 0.0010
Epoch 2/10
2/2 [==============================] - 1s 568ms/step - loss: 6.1229 - accuracy: 0.1667 - val_loss: 5.6215 - val_accuracy: 0.4000 - lr: 0.0010
Epoch 3/10
2/2 [==============================] - 1s 695ms/step - loss: 5.6338 - accuracy: 0.2333 - val_loss: 4.8144 - val_accuracy: 0.2000 - lr: 0.0010
Epoch 4/10
2/2 [==============================] - 1s 592ms/step - loss: 4.8767 - accuracy: 0.2167 - val_loss: 4.5933 - val_accuracy: 0.4000 - lr: 0.0010
Epoch 5/10
2/2 [==============================] - 1s 647ms/step - loss: 4.6689 - accuracy: 0.1833 - val_loss: 4.5285 - val_accuracy: 0.4000 - lr: 0.0010
Epoch 6/10
2/2 [==============================] - 1s 579ms/step - loss: 4.6138 - accuracy: 0.2000 - val_loss: 4.4720 - val_accuracy: 0.4000 - lr: 0.0010
Epoch 7/10
2/2 [==============================] - 1s 661ms/step - loss: 4.5095 - accuracy: 0.2333 - val_loss: 4.3765 - val_accuracy: 0.4000 - lr: 0.0010
Epoch 8/10
2/2 [==============================] - 1s 658ms/step - loss: 4.3786 - accuracy: 0.1833 - val_loss: 4.2291 - val_accuracy: 0.4000 - lr: 0.0010
Epoch 9/10
2/2 [==============================] - 1s 649ms/step - loss: 4.2054 - accuracy: 0.2667 - val_loss: 4.0442 - val_accuracy: 0.4000 - lr: 0.0010
Epoch 10/10
2/2 [==============================] - 1s 690ms/step - loss: 4.0024 - accuracy: 0.2500 - val_loss: 3.8530 - val_accuracy: 0.4000 - lr: 0.0010
1/1 [==============================] - 0s 128ms/step - loss: 3.8685 - accuracy: 0.1429
Found 60 images belonging to 6 classes.
Found 5 images belonging to 6 classes.
Found 7 images belonging to 6 classes.
Epoch 1/20
2/2 [==============================] - 2s 813ms/step - loss: 7.5457 - accuracy: 0.1167 - val_loss: 6.6226 - val_accuracy: 0.2000 - lr: 0.0010
Epoch 2/20
2/2 [==============================] - 1s 636ms/step - loss: 6.1396 - accuracy: 0.1500 - val_loss: 5.0903 - val_accuracy: 0.2000 - lr: 0.0010
Epoch 3/20
2/2 [==============================] - 1s 651ms/step - loss: 5.0293 - accuracy: 0.2000 - val_loss: 4.5654 - val_accuracy: 0.6000 - lr: 0.0010
Epoch 4/20
2/2 [==============================] - 1s 618ms/step - loss: 4.7090 - accuracy: 0.1667 - val_loss: 4.4613 - val_accuracy: 0.4000 - lr: 0.0010
Epoch 5/20
2/2 [==============================] - 1s 628ms/step - loss: 4.5229 - accuracy: 0.2167 - val_loss: 4.4258 - val_accuracy: 0.4000 - lr: 0.0010
Epoch 6/20
2/2 [==============================] - 1s 612ms/step - loss: 4.4434 - accuracy: 0.2167 - val_loss: 4.3605 - val_accuracy: 0.2000 - lr: 0.0010
Epoch 7/20
2/2 [==============================] - 2s 695ms/step - loss: 4.3700 - accuracy: 0.1333 - val_loss: 4.2450 - val_accuracy: 0.2000 - lr: 0.0010
Epoch 8/20
2/2 [==============================] - 1s 738ms/step - loss: 4.2199 - accuracy: 0.1500 - val_loss: 4.0760 - val_accuracy: 0.2000 - lr: 0.0010
Epoch 9/20
2/2 [==============================] - 1s 719ms/step - loss: 4.0309 - accuracy: 0.2333 - val_loss: 3.8781 - val_accuracy: 0.2000 - lr: 0.0010
Epoch 10/20
2/2 [==============================] - 1s 631ms/step - loss: 3.8393 - accuracy: 0.1667 - val_loss: 3.6780 - val_accuracy: 0.2000 - lr: 0.0010
Epoch 11/20
2/2 [==============================] - 1s 734ms/step - loss: 3.6324 - accuracy: 0.1500 - val_loss: 3.4930 - val_accuracy: 0.2000 - lr: 0.0010
Epoch 12/20
2/2 [==============================] - 1s 690ms/step - loss: 3.4532 - accuracy: 0.2167 - val_loss: 3.3317 - val_accuracy: 0.2000 - lr: 0.0010
Epoch 13/20
2/2 [==============================] - 1s 711ms/step - loss: 3.2806 - accuracy: 0.2167 - val_loss: 3.1871 - val_accuracy: 0.4000 - lr: 0.0010
Epoch 14/20
2/2 [==============================] - 1s 631ms/step - loss: 3.1530 - accuracy: 0.2167 - val_loss: 3.0574 - val_accuracy: 0.4000 - lr: 0.0010
Epoch 15/20
2/2 [==============================] - 1s 729ms/step - loss: 3.0381 - accuracy: 0.1833 - val_loss: 2.9485 - val_accuracy: 0.4000 - lr: 0.0010
Epoch 16/20
2/2 [==============================] - 1s 687ms/step - loss: 2.9048 - accuracy: 0.2000 - val_loss: 2.8441 - val_accuracy: 0.2000 - lr: 0.0010
Epoch 17/20
2/2 [==============================] - 1s 628ms/step - loss: 2.8146 - accuracy: 0.2833 - val_loss: 2.7591 - val_accuracy: 0.0000e+00 - lr: 0.0010
Epoch 18/20
2/2 [==============================] - 1s 633ms/step - loss: 2.7483 - accuracy: 0.2167 - val_loss: 2.6701 - val_accuracy: 0.2000 - lr: 0.0010
Epoch 19/20
2/2 [==============================] - 2s 727ms/step - loss: 2.6691 - accuracy: 0.2500 - val_loss: 2.5772 - val_accuracy: 0.2000 - lr: 0.0010
Epoch 20/20
2/2 [==============================] - 1s 693ms/step - loss: 2.5840 - accuracy: 0.2500 - val_loss: 2.5399 - val_accuracy: 0.2000 - lr: 0.0010
1/1 [==============================] - 0s 120ms/step - loss: 2.7013 - accuracy: 0.0000e+00
Found 60 images belonging to 6 classes.
Found 5 images belonging to 6 classes.
Found 7 images belonging to 6 classes.
Epoch 1/10
2/2 [==============================] - 2s 916ms/step - loss: 7.4241 - accuracy: 0.1500 - val_loss: 7.0979 - val_accuracy: 0.0000e+00 - lr: 0.0010
Epoch 2/10
2/2 [==============================] - 1s 703ms/step - loss: 6.4361 - accuracy: 0.1667 - val_loss: 6.0190 - val_accuracy: 0.2000 - lr: 0.0010
Epoch 3/10
2/2 [==============================] - 1s 599ms/step - loss: 5.3967 - accuracy: 0.2500 - val_loss: 4.9862 - val_accuracy: 0.2000 - lr: 0.0010
Epoch 4/10
2/2 [==============================] - 1s 601ms/step - loss: 4.9289 - accuracy: 0.2167 - val_loss: 4.6518 - val_accuracy: 0.2000 - lr: 0.0010
Epoch 5/10
2/2 [==============================] - 1s 683ms/step - loss: 4.7245 - accuracy: 0.2000 - val_loss: 4.5975 - val_accuracy: 0.4000 - lr: 0.0010
Epoch 6/10
2/2 [==============================] - 1s 700ms/step - loss: 4.6283 - accuracy: 0.1500 - val_loss: 4.5230 - val_accuracy: 0.4000 - lr: 0.0010
Epoch 7/10
2/2 [==============================] - 1s 733ms/step - loss: 4.5063 - accuracy: 0.1667 - val_loss: 4.3884 - val_accuracy: 0.2000 - lr: 0.0010
Epoch 8/10
2/2 [==============================] - 1s 684ms/step - loss: 4.3690 - accuracy: 0.2333 - val_loss: 4.2175 - val_accuracy: 0.2000 - lr: 0.0010
Epoch 9/10
2/2 [==============================] - 1s 590ms/step - loss: 4.1716 - accuracy: 0.2333 - val_loss: 4.0082 - val_accuracy: 0.2000 - lr: 0.0010
Epoch 10/10
2/2 [==============================] - 1s 590ms/step - loss: 3.9657 - accuracy: 0.2167 - val_loss: 3.7887 - val_accuracy: 0.2000 - lr: 0.0010
1/1 [==============================] - 0s 129ms/step - loss: 3.8095 - accuracy: 0.1429
Found 60 images belonging to 6 classes.
Found 5 images belonging to 6 classes.
Found 7 images belonging to 6 classes.
Epoch 1/20
2/2 [==============================] - 2s 792ms/step - loss: 7.5826 - accuracy: 0.1833 - val_loss: 6.7283 - val_accuracy: 0.0000e+00 - lr: 0.0010
Epoch 2/20
2/2 [==============================] - 1s 692ms/step - loss: 6.3161 - accuracy: 0.1833 - val_loss: 5.7579 - val_accuracy: 0.2000 - lr: 0.0010
Epoch 3/20
2/2 [==============================] - 1s 594ms/step - loss: 5.5748 - accuracy: 0.2167 - val_loss: 5.1746 - val_accuracy: 0.0000e+00 - lr: 0.0010
Epoch 4/20
2/2 [==============================] - 1s 728ms/step - loss: 4.9860 - accuracy: 0.2500 - val_loss: 4.8999 - val_accuracy: 0.2000 - lr: 0.0010
Epoch 5/20
2/2 [==============================] - 1s 726ms/step - loss: 4.8152 - accuracy: 0.1667 - val_loss: 4.7714 - val_accuracy: 0.2000 - lr: 0.0010
Epoch 6/20
2/2 [==============================] - 1s 573ms/step - loss: 4.7553 - accuracy: 0.1333 - val_loss: 4.6809 - val_accuracy: 0.2000 - lr: 0.0010
Epoch 7/20
2/2 [==============================] - 1s 665ms/step - loss: 4.6567 - accuracy: 0.2000 - val_loss: 4.5530 - val_accuracy: 0.2000 - lr: 0.0010
Epoch 8/20
2/2 [==============================] - 1s 692ms/step - loss: 4.5171 - accuracy: 0.2167 - val_loss: 4.3773 - val_accuracy: 0.2000 - lr: 0.0010
Epoch 9/20
2/2 [==============================] - 1s 585ms/step - loss: 4.3403 - accuracy: 0.2667 - val_loss: 4.1712 - val_accuracy: 0.2000 - lr: 0.0010
Epoch 10/20
2/2 [==============================] - 1s 653ms/step - loss: 4.1376 - accuracy: 0.1833 - val_loss: 3.9468 - val_accuracy: 0.2000 - lr: 0.0010
Epoch 11/20
2/2 [==============================] - 1s 567ms/step - loss: 3.9604 - accuracy: 0.2167 - val_loss: 3.7284 - val_accuracy: 0.4000 - lr: 0.0010
Epoch 12/20
2/2 [==============================] - 1s 612ms/step - loss: 3.7791 - accuracy: 0.1833 - val_loss: 3.5787 - val_accuracy: 0.4000 - lr: 0.0010
Epoch 13/20
2/2 [==============================] - 1s 708ms/step - loss: 3.6084 - accuracy: 0.2333 - val_loss: 3.4542 - val_accuracy: 0.6000 - lr: 0.0010
Epoch 14/20
2/2 [==============================] - 1s 575ms/step - loss: 3.4358 - accuracy: 0.3000 - val_loss: 3.3203 - val_accuracy: 0.4000 - lr: 0.0010
Epoch 15/20
2/2 [==============================] - 1s 614ms/step - loss: 3.3387 - accuracy: 0.2333 - val_loss: 3.1997 - val_accuracy: 0.4000 - lr: 0.0010
Epoch 16/20
2/2 [==============================] - 1s 731ms/step - loss: 3.1943 - accuracy: 0.2833 - val_loss: 3.0850 - val_accuracy: 0.4000 - lr: 0.0010
Epoch 17/20
2/2 [==============================] - 1s 564ms/step - loss: 3.1507 - accuracy: 0.2167 - val_loss: 2.9807 - val_accuracy: 0.4000 - lr: 0.0010
Epoch 18/20
2/2 [==============================] - 1s 582ms/step - loss: 2.9897 - accuracy: 0.2833 - val_loss: 2.9014 - val_accuracy: 0.2000 - lr: 0.0010
Epoch 19/20
2/2 [==============================] - 1s 573ms/step - loss: 2.9126 - accuracy: 0.1500 - val_loss: 2.7856 - val_accuracy: 0.4000 - lr: 0.0010
Epoch 20/20
2/2 [==============================] - 1s 651ms/step - loss: 2.8289 - accuracy: 0.2167 - val_loss: 2.6888 - val_accuracy: 0.2000 - lr: 0.0010
1/1 [==============================] - 0s 135ms/step - loss: 2.7875 - accuracy: 0.1429
Found 60 images belonging to 6 classes.
Found 5 images belonging to 6 classes.
Found 7 images belonging to 6 classes.
Epoch 1/10
2/2 [==============================] - 2s 685ms/step - loss: 7.3289 - accuracy: 0.1333 - val_loss: 6.9978 - val_accuracy: 0.0000e+00 - lr: 5.0000e-04
Epoch 2/10
2/2 [==============================] - 1s 597ms/step - loss: 6.5629 - accuracy: 0.1833 - val_loss: 5.9752 - val_accuracy: 0.2000 - lr: 5.0000e-04
Epoch 3/10
2/2 [==============================] - 1s 571ms/step - loss: 5.9885 - accuracy: 0.1833 - val_loss: 5.3815 - val_accuracy: 0.4000 - lr: 5.0000e-04
Epoch 4/10
2/2 [==============================] - 1s 577ms/step - loss: 5.5158 - accuracy: 0.1500 - val_loss: 5.0179 - val_accuracy: 0.4000 - lr: 5.0000e-04
Epoch 5/10
2/2 [==============================] - 1s 516ms/step - loss: 5.1807 - accuracy: 0.2167 - val_loss: 4.7975 - val_accuracy: 0.2000 - lr: 5.0000e-04
Epoch 6/10
2/2 [==============================] - 1s 526ms/step - loss: 4.7451 - accuracy: 0.2333 - val_loss: 4.6065 - val_accuracy: 0.0000e+00 - lr: 5.0000e-04
Epoch 7/10
2/2 [==============================] - 1s 523ms/step - loss: 4.5221 - accuracy: 0.2000 - val_loss: 4.3866 - val_accuracy: 0.2000 - lr: 5.0000e-04
Epoch 8/10
2/2 [==============================] - 1s 578ms/step - loss: 4.2073 - accuracy: 0.2833 - val_loss: 4.1448 - val_accuracy: 0.2000 - lr: 5.0000e-04
Epoch 9/10
2/2 [==============================] - 1s 562ms/step - loss: 3.9223 - accuracy: 0.3000 - val_loss: 3.9363 - val_accuracy: 0.2000 - lr: 5.0000e-04
Epoch 10/10
2/2 [==============================] - 1s 549ms/step - loss: 3.8815 - accuracy: 0.2500 - val_loss: 3.7224 - val_accuracy: 0.2000 - lr: 5.0000e-04
1/1 [==============================] - 0s 115ms/step - loss: 3.5732 - accuracy: 0.2857
Found 60 images belonging to 6 classes.
Found 5 images belonging to 6 classes.
Found 7 images belonging to 6 classes.
Epoch 1/20
2/2 [==============================] - 2s 733ms/step - loss: 7.1410 - accuracy: 0.2167 - val_loss: 6.7144 - val_accuracy: 0.2000 - lr: 5.0000e-04
Epoch 2/20
2/2 [==============================] - 1s 517ms/step - loss: 6.7587 - accuracy: 0.1000 - val_loss: 5.6723 - val_accuracy: 0.2000 - lr: 5.0000e-04
Epoch 3/20
2/2 [==============================] - 1s 546ms/step - loss: 6.1111 - accuracy: 0.1667 - val_loss: 5.1963 - val_accuracy: 0.2000 - lr: 5.0000e-04
Epoch 4/20
2/2 [==============================] - 1s 633ms/step - loss: 5.3883 - accuracy: 0.2333 - val_loss: 4.8037 - val_accuracy: 0.4000 - lr: 5.0000e-04
Epoch 5/20
2/2 [==============================] - 1s 615ms/step - loss: 5.0408 - accuracy: 0.2000 - val_loss: 4.4909 - val_accuracy: 0.4000 - lr: 5.0000e-04
Epoch 6/20
2/2 [==============================] - 1s 514ms/step - loss: 4.7175 - accuracy: 0.1833 - val_loss: 4.2579 - val_accuracy: 0.4000 - lr: 5.0000e-04
Epoch 7/20
2/2 [==============================] - 1s 534ms/step - loss: 4.4559 - accuracy: 0.2167 - val_loss: 4.0487 - val_accuracy: 0.6000 - lr: 5.0000e-04
Epoch 8/20
2/2 [==============================] - 1s 566ms/step - loss: 4.2029 - accuracy: 0.2000 - val_loss: 3.8304 - val_accuracy: 0.6000 - lr: 5.0000e-04
Epoch 9/20
2/2 [==============================] - 1s 492ms/step - loss: 3.9145 - accuracy: 0.3667 - val_loss: 3.6849 - val_accuracy: 0.4000 - lr: 5.0000e-04
Epoch 10/20
2/2 [==============================] - 1s 633ms/step - loss: 3.7941 - accuracy: 0.2333 - val_loss: 3.5833 - val_accuracy: 0.4000 - lr: 5.0000e-04
Epoch 11/20
2/2 [==============================] - 1s 581ms/step - loss: 3.6196 - accuracy: 0.3000 - val_loss: 3.4884 - val_accuracy: 0.4000 - lr: 5.0000e-04
Epoch 12/20
2/2 [==============================] - 1s 517ms/step - loss: 3.5337 - accuracy: 0.3167 - val_loss: 3.3757 - val_accuracy: 0.6000 - lr: 5.0000e-04
Epoch 13/20
2/2 [==============================] - 1s 501ms/step - loss: 3.3956 - accuracy: 0.3333 - val_loss: 3.2814 - val_accuracy: 0.6000 - lr: 5.0000e-04
Epoch 14/20
2/2 [==============================] - 1s 540ms/step - loss: 3.3897 - accuracy: 0.2000 - val_loss: 3.1547 - val_accuracy: 0.4000 - lr: 5.0000e-04
Epoch 15/20
2/2 [==============================] - 1s 490ms/step - loss: 3.2751 - accuracy: 0.3333 - val_loss: 3.0483 - val_accuracy: 0.4000 - lr: 5.0000e-04
Epoch 16/20
2/2 [==============================] - 1s 528ms/step - loss: 3.2243 - accuracy: 0.2833 - val_loss: 2.9604 - val_accuracy: 0.4000 - lr: 5.0000e-04
Epoch 17/20
2/2 [==============================] - 1s 619ms/step - loss: 3.1928 - accuracy: 0.2667 - val_loss: 2.8526 - val_accuracy: 0.6000 - lr: 5.0000e-04
Epoch 18/20
2/2 [==============================] - 1s 535ms/step - loss: 3.0851 - accuracy: 0.2500 - val_loss: 2.7409 - val_accuracy: 0.8000 - lr: 5.0000e-04
Epoch 19/20
2/2 [==============================] - 1s 580ms/step - loss: 3.0206 - accuracy: 0.3000 - val_loss: 2.6284 - val_accuracy: 0.8000 - lr: 5.0000e-04
Epoch 20/20
2/2 [==============================] - 1s 624ms/step - loss: 2.9163 - accuracy: 0.3167 - val_loss: 2.5348 - val_accuracy: 0.8000 - lr: 5.0000e-04
1/1 [==============================] - 0s 123ms/step - loss: 2.8358 - accuracy: 0.2857
Found 60 images belonging to 6 classes.
Found 5 images belonging to 6 classes.
Found 7 images belonging to 6 classes.
Epoch 1/10
2/2 [==============================] - 2s 712ms/step - loss: 7.2603 - accuracy: 0.2000 - val_loss: 6.8737 - val_accuracy: 0.2000 - lr: 5.0000e-04
Epoch 2/10
2/2 [==============================] - 1s 515ms/step - loss: 6.6189 - accuracy: 0.2333 - val_loss: 6.5273 - val_accuracy: 0.2000 - lr: 5.0000e-04
Epoch 3/10
2/2 [==============================] - 1s 527ms/step - loss: 6.2017 - accuracy: 0.1667 - val_loss: 5.8787 - val_accuracy: 0.2000 - lr: 5.0000e-04
Epoch 4/10
2/2 [==============================] - 1s 591ms/step - loss: 5.6015 - accuracy: 0.1833 - val_loss: 5.1382 - val_accuracy: 0.4000 - lr: 5.0000e-04
Epoch 5/10
2/2 [==============================] - 1s 536ms/step - loss: 5.2860 - accuracy: 0.1500 - val_loss: 4.7308 - val_accuracy: 0.2000 - lr: 5.0000e-04
Epoch 6/10
2/2 [==============================] - 1s 515ms/step - loss: 4.7804 - accuracy: 0.2000 - val_loss: 4.4793 - val_accuracy: 0.2000 - lr: 5.0000e-04
Epoch 7/10
2/2 [==============================] - 1s 561ms/step - loss: 4.5545 - accuracy: 0.1833 - val_loss: 4.2786 - val_accuracy: 0.0000e+00 - lr: 5.0000e-04
Epoch 8/10
2/2 [==============================] - 1s 603ms/step - loss: 4.1636 - accuracy: 0.2167 - val_loss: 4.1090 - val_accuracy: 0.2000 - lr: 5.0000e-04
Epoch 9/10
2/2 [==============================] - 1s 581ms/step - loss: 3.9927 - accuracy: 0.2333 - val_loss: 3.9673 - val_accuracy: 0.2000 - lr: 5.0000e-04
Epoch 10/10
2/2 [==============================] - 1s 543ms/step - loss: 3.8197 - accuracy: 0.1833 - val_loss: 3.8436 - val_accuracy: 0.2000 - lr: 5.0000e-04
1/1 [==============================] - 0s 145ms/step - loss: 3.8893 - accuracy: 0.1429
Found 60 images belonging to 6 classes.
Found 5 images belonging to 6 classes.
Found 7 images belonging to 6 classes.
Epoch 1/20
2/2 [==============================] - 2s 752ms/step - loss: 7.1201 - accuracy: 0.1833 - val_loss: 6.8925 - val_accuracy: 0.2000 - lr: 5.0000e-04
Epoch 2/20
2/2 [==============================] - 1s 576ms/step - loss: 6.5810 - accuracy: 0.1833 - val_loss: 6.3237 - val_accuracy: 0.2000 - lr: 5.0000e-04
Epoch 3/20
2/2 [==============================] - 1s 676ms/step - loss: 5.8828 - accuracy: 0.1500 - val_loss: 5.6656 - val_accuracy: 0.2000 - lr: 5.0000e-04
Epoch 4/20
2/2 [==============================] - 1s 506ms/step - loss: 5.4064 - accuracy: 0.1667 - val_loss: 5.1281 - val_accuracy: 0.2000 - lr: 5.0000e-04
Epoch 5/20
2/2 [==============================] - 1s 499ms/step - loss: 4.8638 - accuracy: 0.3000 - val_loss: 4.6551 - val_accuracy: 0.2000 - lr: 5.0000e-04
Epoch 6/20
2/2 [==============================] - 1s 534ms/step - loss: 4.5389 - accuracy: 0.3167 - val_loss: 4.2487 - val_accuracy: 0.2000 - lr: 5.0000e-04
Epoch 7/20
2/2 [==============================] - 1s 560ms/step - loss: 4.2304 - accuracy: 0.2333 - val_loss: 3.9320 - val_accuracy: 0.6000 - lr: 5.0000e-04
Epoch 8/20
2/2 [==============================] - 1s 505ms/step - loss: 3.9775 - accuracy: 0.2833 - val_loss: 3.7053 - val_accuracy: 0.4000 - lr: 5.0000e-04
Epoch 9/20
2/2 [==============================] - 1s 560ms/step - loss: 3.7589 - accuracy: 0.2333 - val_loss: 3.5126 - val_accuracy: 0.2000 - lr: 5.0000e-04
Epoch 10/20
2/2 [==============================] - 1s 541ms/step - loss: 3.6123 - accuracy: 0.2667 - val_loss: 3.3511 - val_accuracy: 0.2000 - lr: 5.0000e-04
Epoch 11/20
2/2 [==============================] - 1s 560ms/step - loss: 3.4232 - accuracy: 0.2667 - val_loss: 3.1906 - val_accuracy: 0.4000 - lr: 5.0000e-04
Epoch 12/20
2/2 [==============================] - 1s 502ms/step - loss: 3.2843 - accuracy: 0.3167 - val_loss: 3.0578 - val_accuracy: 0.4000 - lr: 5.0000e-04
Epoch 13/20
2/2 [==============================] - 1s 520ms/step - loss: 3.1999 - accuracy: 0.2667 - val_loss: 2.9519 - val_accuracy: 0.4000 - lr: 5.0000e-04
Epoch 14/20
2/2 [==============================] - 1s 583ms/step - loss: 3.0485 - accuracy: 0.5000 - val_loss: 2.8573 - val_accuracy: 0.4000 - lr: 5.0000e-04
Epoch 15/20
2/2 [==============================] - 1s 495ms/step - loss: 2.9517 - accuracy: 0.3333 - val_loss: 2.7815 - val_accuracy: 0.4000 - lr: 5.0000e-04
Epoch 16/20
2/2 [==============================] - 1s 559ms/step - loss: 2.8637 - accuracy: 0.3167 - val_loss: 2.6901 - val_accuracy: 0.4000 - lr: 5.0000e-04
Epoch 17/20
2/2 [==============================] - 1s 594ms/step - loss: 2.8175 - accuracy: 0.2667 - val_loss: 2.5943 - val_accuracy: 0.4000 - lr: 5.0000e-04
Epoch 18/20
2/2 [==============================] - 1s 553ms/step - loss: 2.7445 - accuracy: 0.3000 - val_loss: 2.5059 - val_accuracy: 0.4000 - lr: 5.0000e-04
Epoch 19/20
2/2 [==============================] - 1s 521ms/step - loss: 2.6413 - accuracy: 0.3000 - val_loss: 2.4269 - val_accuracy: 0.4000 - lr: 5.0000e-04
Epoch 20/20
2/2 [==============================] - 1s 509ms/step - loss: 2.5835 - accuracy: 0.3500 - val_loss: 2.3530 - val_accuracy: 0.4000 - lr: 5.0000e-04
1/1 [==============================] - 0s 121ms/step - loss: 2.5714 - accuracy: 0.2857
Found 60 images belonging to 6 classes.
Found 5 images belonging to 6 classes.
Found 7 images belonging to 6 classes.
Epoch 1/10
2/2 [==============================] - 2s 733ms/step - loss: 6.9350 - accuracy: 0.1500 - val_loss: 6.4734 - val_accuracy: 0.2000 - lr: 5.0000e-04
Epoch 2/10
2/2 [==============================] - 1s 510ms/step - loss: 6.2555 - accuracy: 0.1833 - val_loss: 5.8141 - val_accuracy: 0.0000e+00 - lr: 5.0000e-04
Epoch 3/10
2/2 [==============================] - 1s 610ms/step - loss: 5.6092 - accuracy: 0.2333 - val_loss: 5.2567 - val_accuracy: 0.2000 - lr: 5.0000e-04
Epoch 4/10
2/2 [==============================] - 1s 539ms/step - loss: 5.0054 - accuracy: 0.2333 - val_loss: 4.7355 - val_accuracy: 0.2000 - lr: 5.0000e-04
Epoch 5/10
2/2 [==============================] - 1s 620ms/step - loss: 4.5020 - accuracy: 0.2833 - val_loss: 4.3046 - val_accuracy: 0.2000 - lr: 5.0000e-04
Epoch 6/10
2/2 [==============================] - 1s 509ms/step - loss: 4.1749 - accuracy: 0.2667 - val_loss: 3.9753 - val_accuracy: 0.2000 - lr: 5.0000e-04
Epoch 7/10
2/2 [==============================] - 1s 567ms/step - loss: 3.8283 - accuracy: 0.2500 - val_loss: 3.6760 - val_accuracy: 0.2000 - lr: 5.0000e-04
Epoch 8/10
2/2 [==============================] - 1s 557ms/step - loss: 3.5045 - accuracy: 0.3000 - val_loss: 3.4044 - val_accuracy: 0.4000 - lr: 5.0000e-04
Epoch 9/10
2/2 [==============================] - 1s 466ms/step - loss: 3.3146 - accuracy: 0.2500 - val_loss: 3.2138 - val_accuracy: 0.2000 - lr: 5.0000e-04
Epoch 10/10
2/2 [==============================] - 1s 541ms/step - loss: 3.1080 - accuracy: 0.3167 - val_loss: 3.0672 - val_accuracy: 0.4000 - lr: 5.0000e-04
1/1 [==============================] - 0s 119ms/step - loss: 3.0889 - accuracy: 0.2857
Found 60 images belonging to 6 classes.
Found 5 images belonging to 6 classes.
Found 7 images belonging to 6 classes.
Epoch 1/20
2/2 [==============================] - 2s 901ms/step - loss: 7.1226 - accuracy: 0.1333 - val_loss: 6.4244 - val_accuracy: 0.0000e+00 - lr: 5.0000e-04
Epoch 2/20
2/2 [==============================] - 1s 690ms/step - loss: 6.3139 - accuracy: 0.2167 - val_loss: 5.7955 - val_accuracy: 0.4000 - lr: 5.0000e-04
Epoch 3/20
2/2 [==============================] - 1s 554ms/step - loss: 5.8098 - accuracy: 0.1667 - val_loss: 5.2847 - val_accuracy: 0.4000 - lr: 5.0000e-04
Epoch 4/20
2/2 [==============================] - 1s 597ms/step - loss: 5.2867 - accuracy: 0.2000 - val_loss: 4.8102 - val_accuracy: 0.4000 - lr: 5.0000e-04
Epoch 5/20
2/2 [==============================] - 1s 509ms/step - loss: 4.7744 - accuracy: 0.3167 - val_loss: 4.4081 - val_accuracy: 0.4000 - lr: 5.0000e-04
Epoch 6/20
2/2 [==============================] - 1s 586ms/step - loss: 4.3693 - accuracy: 0.2667 - val_loss: 4.0228 - val_accuracy: 0.4000 - lr: 5.0000e-04
Epoch 7/20
2/2 [==============================] - 1s 590ms/step - loss: 4.0316 - accuracy: 0.3500 - val_loss: 3.7110 - val_accuracy: 0.6000 - lr: 5.0000e-04
Epoch 8/20
2/2 [==============================] - 1s 566ms/step - loss: 3.7406 - accuracy: 0.3167 - val_loss: 3.4773 - val_accuracy: 0.4000 - lr: 5.0000e-04
Epoch 9/20
2/2 [==============================] - 1s 600ms/step - loss: 3.5149 - accuracy: 0.3333 - val_loss: 3.3106 - val_accuracy: 0.4000 - lr: 5.0000e-04
Epoch 10/20
2/2 [==============================] - 1s 579ms/step - loss: 3.2784 - accuracy: 0.4167 - val_loss: 3.1651 - val_accuracy: 0.2000 - lr: 5.0000e-04
Epoch 11/20
2/2 [==============================] - 1s 601ms/step - loss: 3.1621 - accuracy: 0.3000 - val_loss: 3.0271 - val_accuracy: 0.2000 - lr: 5.0000e-04
Epoch 12/20
2/2 [==============================] - 1s 519ms/step - loss: 3.0460 - accuracy: 0.3667 - val_loss: 2.8289 - val_accuracy: 0.4000 - lr: 5.0000e-04
Epoch 13/20
2/2 [==============================] - 1s 542ms/step - loss: 2.8478 - accuracy: 0.4500 - val_loss: 2.5881 - val_accuracy: 0.6000 - lr: 5.0000e-04
Epoch 14/20
2/2 [==============================] - 1s 561ms/step - loss: 2.8002 - accuracy: 0.4000 - val_loss: 2.4090 - val_accuracy: 0.6000 - lr: 5.0000e-04
Epoch 15/20
2/2 [==============================] - 1s 544ms/step - loss: 2.6610 - accuracy: 0.4500 - val_loss: 2.2760 - val_accuracy: 0.6000 - lr: 5.0000e-04
Epoch 16/20
2/2 [==============================] - 1s 514ms/step - loss: 2.6198 - accuracy: 0.3167 - val_loss: 2.1605 - val_accuracy: 0.8000 - lr: 5.0000e-04
Epoch 17/20
2/2 [==============================] - 1s 627ms/step - loss: 2.4617 - accuracy: 0.4167 - val_loss: 2.1224 - val_accuracy: 0.8000 - lr: 5.0000e-04
Epoch 18/20
2/2 [==============================] - 1s 574ms/step - loss: 2.4724 - accuracy: 0.2667 - val_loss: 2.0962 - val_accuracy: 0.8000 - lr: 5.0000e-04
Epoch 19/20
2/2 [==============================] - 1s 525ms/step - loss: 2.3980 - accuracy: 0.3333 - val_loss: 2.1180 - val_accuracy: 0.8000 - lr: 5.0000e-04
1/1 [==============================] - 0s 133ms/step - loss: 2.3504 - accuracy: 0.4286
Found 60 images belonging to 6 classes.
Found 5 images belonging to 6 classes.
Found 7 images belonging to 6 classes.
Epoch 1/10
2/2 [==============================] - 2s 684ms/step - loss: 7.2753 - accuracy: 0.1000 - val_loss: 6.5498 - val_accuracy: 0.2000 - lr: 5.0000e-04
Epoch 2/10
2/2 [==============================] - 1s 528ms/step - loss: 6.5068 - accuracy: 0.2333 - val_loss: 6.0121 - val_accuracy: 0.0000e+00 - lr: 5.0000e-04
Epoch 3/10
2/2 [==============================] - 1s 526ms/step - loss: 5.9554 - accuracy: 0.1833 - val_loss: 5.6958 - val_accuracy: 0.0000e+00 - lr: 5.0000e-04
Epoch 4/10
2/2 [==============================] - 1s 539ms/step - loss: 5.5915 - accuracy: 0.1667 - val_loss: 5.3505 - val_accuracy: 0.0000e+00 - lr: 5.0000e-04
Epoch 5/10
2/2 [==============================] - 1s 508ms/step - loss: 5.0693 - accuracy: 0.1833 - val_loss: 4.8474 - val_accuracy: 0.0000e+00 - lr: 5.0000e-04
Epoch 6/10
2/2 [==============================] - 1s 578ms/step - loss: 4.6302 - accuracy: 0.1667 - val_loss: 4.4255 - val_accuracy: 0.4000 - lr: 5.0000e-04
Epoch 7/10
2/2 [==============================] - 1s 557ms/step - loss: 4.3206 - accuracy: 0.3000 - val_loss: 4.1194 - val_accuracy: 0.2000 - lr: 5.0000e-04
Epoch 8/10
2/2 [==============================] - 1s 502ms/step - loss: 4.0247 - accuracy: 0.3000 - val_loss: 3.8552 - val_accuracy: 0.4000 - lr: 5.0000e-04
Epoch 9/10
2/2 [==============================] - 1s 500ms/step - loss: 3.8274 - accuracy: 0.2500 - val_loss: 3.6132 - val_accuracy: 0.6000 - lr: 5.0000e-04
Epoch 10/10
2/2 [==============================] - 1s 593ms/step - loss: 3.6547 - accuracy: 0.2167 - val_loss: 3.4096 - val_accuracy: 0.4000 - lr: 5.0000e-04
1/1 [==============================] - 0s 111ms/step - loss: 3.4583 - accuracy: 0.4286
Found 60 images belonging to 6 classes.
Found 5 images belonging to 6 classes.
Found 7 images belonging to 6 classes.
Epoch 1/20
2/2 [==============================] - 2s 763ms/step - loss: 7.1537 - accuracy: 0.1500 - val_loss: 6.7521 - val_accuracy: 0.2000 - lr: 5.0000e-04
Epoch 2/20
2/2 [==============================] - 1s 583ms/step - loss: 6.8102 - accuracy: 0.2000 - val_loss: 5.9577 - val_accuracy: 0.2000 - lr: 5.0000e-04
Epoch 3/20
2/2 [==============================] - 1s 571ms/step - loss: 6.2915 - accuracy: 0.1500 - val_loss: 5.5996 - val_accuracy: 0.4000 - lr: 5.0000e-04
Epoch 4/20
2/2 [==============================] - 1s 583ms/step - loss: 5.8383 - accuracy: 0.1167 - val_loss: 5.2708 - val_accuracy: 0.6000 - lr: 5.0000e-04
Epoch 5/20
2/2 [==============================] - 1s 529ms/step - loss: 5.2844 - accuracy: 0.2333 - val_loss: 4.9578 - val_accuracy: 0.4000 - lr: 5.0000e-04
Epoch 6/20
2/2 [==============================] - 1s 502ms/step - loss: 4.9169 - accuracy: 0.1667 - val_loss: 4.6480 - val_accuracy: 0.4000 - lr: 5.0000e-04
Epoch 7/20
2/2 [==============================] - 1s 521ms/step - loss: 4.6338 - accuracy: 0.1167 - val_loss: 4.3418 - val_accuracy: 0.4000 - lr: 5.0000e-04
Epoch 8/20
2/2 [==============================] - 1s 603ms/step - loss: 4.3348 - accuracy: 0.2500 - val_loss: 4.0940 - val_accuracy: 0.4000 - lr: 5.0000e-04
Epoch 9/20
2/2 [==============================] - 1s 529ms/step - loss: 4.1200 - accuracy: 0.2500 - val_loss: 3.9121 - val_accuracy: 0.4000 - lr: 5.0000e-04
Epoch 10/20
2/2 [==============================] - 1s 504ms/step - loss: 3.9581 - accuracy: 0.1500 - val_loss: 3.7546 - val_accuracy: 0.4000 - lr: 5.0000e-04
Epoch 11/20
2/2 [==============================] - 1s 537ms/step - loss: 3.8077 - accuracy: 0.2333 - val_loss: 3.6281 - val_accuracy: 0.2000 - lr: 5.0000e-04
Epoch 12/20
2/2 [==============================] - 1s 519ms/step - loss: 3.6575 - accuracy: 0.2167 - val_loss: 3.5242 - val_accuracy: 0.2000 - lr: 5.0000e-04
Epoch 13/20
2/2 [==============================] - 1s 590ms/step - loss: 3.4976 - accuracy: 0.2667 - val_loss: 3.4168 - val_accuracy: 0.2000 - lr: 5.0000e-04
Epoch 14/20
2/2 [==============================] - 1s 507ms/step - loss: 3.4446 - accuracy: 0.3500 - val_loss: 3.3116 - val_accuracy: 0.2000 - lr: 5.0000e-04
Epoch 15/20
2/2 [==============================] - 1s 561ms/step - loss: 3.3073 - accuracy: 0.2833 - val_loss: 3.1943 - val_accuracy: 0.2000 - lr: 5.0000e-04
Epoch 16/20
2/2 [==============================] - 1s 515ms/step - loss: 3.1583 - accuracy: 0.3500 - val_loss: 3.0642 - val_accuracy: 0.4000 - lr: 5.0000e-04
Epoch 17/20
2/2 [==============================] - 1s 588ms/step - loss: 3.1085 - accuracy: 0.2667 - val_loss: 2.9419 - val_accuracy: 0.4000 - lr: 5.0000e-04
Epoch 18/20
2/2 [==============================] - 1s 579ms/step - loss: 3.0695 - accuracy: 0.3000 - val_loss: 2.8573 - val_accuracy: 0.4000 - lr: 5.0000e-04
Epoch 19/20
2/2 [==============================] - 1s 520ms/step - loss: 3.0453 - accuracy: 0.2833 - val_loss: 2.7950 - val_accuracy: 0.2000 - lr: 5.0000e-04
Epoch 20/20
2/2 [==============================] - 1s 589ms/step - loss: 2.8419 - accuracy: 0.3500 - val_loss: 2.7333 - val_accuracy: 0.2000 - lr: 5.0000e-04
1/1 [==============================] - 0s 122ms/step - loss: 2.9373 - accuracy: 0.0000e+00
Found 60 images belonging to 6 classes.
Found 5 images belonging to 6 classes.
Found 7 images belonging to 6 classes.
Epoch 1/10
2/2 [==============================] - 2s 936ms/step - loss: 7.5665 - accuracy: 0.0833 - val_loss: 7.1773 - val_accuracy: 0.2000 - lr: 5.0000e-04
Epoch 2/10
2/2 [==============================] - 1s 681ms/step - loss: 6.9899 - accuracy: 0.1333 - val_loss: 6.2592 - val_accuracy: 0.4000 - lr: 5.0000e-04
Epoch 3/10
2/2 [==============================] - 1s 571ms/step - loss: 5.9536 - accuracy: 0.2167 - val_loss: 5.4799 - val_accuracy: 0.2000 - lr: 5.0000e-04
Epoch 4/10
2/2 [==============================] - 1s 625ms/step - loss: 5.4281 - accuracy: 0.0833 - val_loss: 4.9862 - val_accuracy: 0.2000 - lr: 5.0000e-04
Epoch 5/10
2/2 [==============================] - 1s 610ms/step - loss: 4.8970 - accuracy: 0.1667 - val_loss: 4.6262 - val_accuracy: 0.2000 - lr: 5.0000e-04
Epoch 6/10
2/2 [==============================] - 1s 739ms/step - loss: 4.5670 - accuracy: 0.2667 - val_loss: 4.3494 - val_accuracy: 0.2000 - lr: 5.0000e-04
Epoch 7/10
2/2 [==============================] - 1s 717ms/step - loss: 4.2776 - accuracy: 0.2833 - val_loss: 4.1309 - val_accuracy: 0.2000 - lr: 5.0000e-04
Epoch 8/10
2/2 [==============================] - 1s 682ms/step - loss: 4.1061 - accuracy: 0.2500 - val_loss: 3.9536 - val_accuracy: 0.4000 - lr: 5.0000e-04
Epoch 9/10
2/2 [==============================] - 1s 658ms/step - loss: 3.9760 - accuracy: 0.1667 - val_loss: 3.7994 - val_accuracy: 0.4000 - lr: 5.0000e-04
Epoch 10/10
2/2 [==============================] - 1s 581ms/step - loss: 3.8273 - accuracy: 0.2167 - val_loss: 3.6547 - val_accuracy: 0.4000 - lr: 5.0000e-04
1/1 [==============================] - 0s 157ms/step - loss: 3.7043 - accuracy: 0.4286
Found 60 images belonging to 6 classes.
Found 5 images belonging to 6 classes.
Found 7 images belonging to 6 classes.
Epoch 1/20
2/2 [==============================] - 2s 965ms/step - loss: 7.1060 - accuracy: 0.1833 - val_loss: 6.6097 - val_accuracy: 0.2000 - lr: 5.0000e-04
Epoch 2/20
2/2 [==============================] - 1s 599ms/step - loss: 6.2200 - accuracy: 0.2333 - val_loss: 5.8133 - val_accuracy: 0.0000e+00 - lr: 5.0000e-04
Epoch 3/20
2/2 [==============================] - 1s 585ms/step - loss: 5.4364 - accuracy: 0.2500 - val_loss: 5.0888 - val_accuracy: 0.0000e+00 - lr: 5.0000e-04
Epoch 4/20
2/2 [==============================] - 1s 673ms/step - loss: 4.8429 - accuracy: 0.2333 - val_loss: 4.4929 - val_accuracy: 0.2000 - lr: 5.0000e-04
Epoch 5/20
2/2 [==============================] - 1s 603ms/step - loss: 4.3110 - accuracy: 0.2667 - val_loss: 4.0764 - val_accuracy: 0.2000 - lr: 5.0000e-04
Epoch 6/20
2/2 [==============================] - 1s 606ms/step - loss: 3.9286 - accuracy: 0.2000 - val_loss: 3.7551 - val_accuracy: 0.2000 - lr: 5.0000e-04
Epoch 7/20
2/2 [==============================] - 1s 753ms/step - loss: 3.6493 - accuracy: 0.2333 - val_loss: 3.5014 - val_accuracy: 0.2000 - lr: 5.0000e-04
Epoch 8/20
2/2 [==============================] - 1s 691ms/step - loss: 3.4351 - accuracy: 0.2667 - val_loss: 3.3378 - val_accuracy: 0.2000 - lr: 5.0000e-04
Epoch 9/20
2/2 [==============================] - 1s 767ms/step - loss: 3.2558 - accuracy: 0.3333 - val_loss: 3.2213 - val_accuracy: 0.2000 - lr: 5.0000e-04
Epoch 10/20
2/2 [==============================] - 1s 588ms/step - loss: 3.1644 - accuracy: 0.1833 - val_loss: 3.0988 - val_accuracy: 0.2000 - lr: 5.0000e-04
Epoch 11/20
2/2 [==============================] - 1s 637ms/step - loss: 2.9971 - accuracy: 0.3167 - val_loss: 3.0184 - val_accuracy: 0.2000 - lr: 5.0000e-04
Epoch 12/20
2/2 [==============================] - 1s 596ms/step - loss: 2.9236 - accuracy: 0.3000 - val_loss: 2.9087 - val_accuracy: 0.2000 - lr: 5.0000e-04
Epoch 13/20
2/2 [==============================] - 1s 579ms/step - loss: 2.8182 - accuracy: 0.3000 - val_loss: 2.8142 - val_accuracy: 0.2000 - lr: 5.0000e-04
Epoch 14/20
2/2 [==============================] - 1s 584ms/step - loss: 2.7749 - accuracy: 0.2000 - val_loss: 2.7532 - val_accuracy: 0.2000 - lr: 5.0000e-04
Epoch 15/20
2/2 [==============================] - 1s 613ms/step - loss: 2.6904 - accuracy: 0.3167 - val_loss: 2.6623 - val_accuracy: 0.2000 - lr: 5.0000e-04
Epoch 16/20
2/2 [==============================] - 1s 656ms/step - loss: 2.5913 - accuracy: 0.2500 - val_loss: 2.5305 - val_accuracy: 0.2000 - lr: 5.0000e-04
Epoch 17/20
2/2 [==============================] - 1s 704ms/step - loss: 2.5183 - accuracy: 0.3500 - val_loss: 2.3920 - val_accuracy: 0.4000 - lr: 5.0000e-04
Epoch 18/20
2/2 [==============================] - 1s 594ms/step - loss: 2.4801 - accuracy: 0.3333 - val_loss: 2.2492 - val_accuracy: 0.6000 - lr: 5.0000e-04
Epoch 19/20
2/2 [==============================] - 1s 704ms/step - loss: 2.3823 - accuracy: 0.2833 - val_loss: 2.1549 - val_accuracy: 0.6000 - lr: 5.0000e-04
Epoch 20/20
2/2 [==============================] - 1s 706ms/step - loss: 2.3895 - accuracy: 0.2500 - val_loss: 2.1040 - val_accuracy: 0.6000 - lr: 5.0000e-04
1/1 [==============================] - 0s 141ms/step - loss: 2.2671 - accuracy: 0.2857
Found 60 images belonging to 6 classes.
Found 5 images belonging to 6 classes.
Found 7 images belonging to 6 classes.
Epoch 1/10
2/2 [==============================] - 2s 796ms/step - loss: 7.3401 - accuracy: 0.1667 - val_loss: 6.5740 - val_accuracy: 0.2000 - lr: 5.0000e-04
Epoch 2/10
2/2 [==============================] - 1s 662ms/step - loss: 6.4053 - accuracy: 0.2000 - val_loss: 6.1527 - val_accuracy: 0.2000 - lr: 5.0000e-04
Epoch 3/10
2/2 [==============================] - 1s 587ms/step - loss: 5.6294 - accuracy: 0.2333 - val_loss: 5.5258 - val_accuracy: 0.2000 - lr: 5.0000e-04
Epoch 4/10
2/2 [==============================] - 1s 612ms/step - loss: 5.0341 - accuracy: 0.1333 - val_loss: 4.8449 - val_accuracy: 0.2000 - lr: 5.0000e-04
Epoch 5/10
2/2 [==============================] - 1s 714ms/step - loss: 4.4777 - accuracy: 0.1500 - val_loss: 4.2859 - val_accuracy: 0.2000 - lr: 5.0000e-04
Epoch 6/10
2/2 [==============================] - 1s 713ms/step - loss: 4.0497 - accuracy: 0.2500 - val_loss: 3.9052 - val_accuracy: 0.2000 - lr: 5.0000e-04
Epoch 7/10
2/2 [==============================] - 1s 732ms/step - loss: 3.7883 - accuracy: 0.3500 - val_loss: 3.6432 - val_accuracy: 0.2000 - lr: 5.0000e-04
Epoch 8/10
2/2 [==============================] - 1s 580ms/step - loss: 3.6063 - accuracy: 0.2333 - val_loss: 3.4500 - val_accuracy: 0.2000 - lr: 5.0000e-04
Epoch 9/10
2/2 [==============================] - 1s 623ms/step - loss: 3.4119 - accuracy: 0.2333 - val_loss: 3.2957 - val_accuracy: 0.4000 - lr: 5.0000e-04
Epoch 10/10
2/2 [==============================] - 1s 621ms/step - loss: 3.2969 - accuracy: 0.3500 - val_loss: 3.1690 - val_accuracy: 0.4000 - lr: 5.0000e-04
1/1 [==============================] - 0s 136ms/step - loss: 3.2294 - accuracy: 0.1429
Found 60 images belonging to 6 classes.
Found 5 images belonging to 6 classes.
Found 7 images belonging to 6 classes.
Epoch 1/20
2/2 [==============================] - 2s 929ms/step - loss: 7.5523 - accuracy: 0.1333 - val_loss: 6.5178 - val_accuracy: 0.2000 - lr: 5.0000e-04
Epoch 2/20
2/2 [==============================] - 1s 583ms/step - loss: 6.3007 - accuracy: 0.3000 - val_loss: 6.1966 - val_accuracy: 0.0000e+00 - lr: 5.0000e-04
Epoch 3/20
2/2 [==============================] - 1s 589ms/step - loss: 5.6137 - accuracy: 0.1667 - val_loss: 5.4803 - val_accuracy: 0.2000 - lr: 5.0000e-04
Epoch 4/20
2/2 [==============================] - 1s 703ms/step - loss: 4.9711 - accuracy: 0.2167 - val_loss: 4.6859 - val_accuracy: 0.2000 - lr: 5.0000e-04
Epoch 5/20
2/2 [==============================] - 1s 608ms/step - loss: 4.5212 - accuracy: 0.1667 - val_loss: 4.1228 - val_accuracy: 0.0000e+00 - lr: 5.0000e-04
Epoch 6/20
2/2 [==============================] - 1s 607ms/step - loss: 4.0225 - accuracy: 0.3000 - val_loss: 3.7739 - val_accuracy: 0.4000 - lr: 5.0000e-04
Epoch 7/20
2/2 [==============================] - 1s 591ms/step - loss: 3.8049 - accuracy: 0.2667 - val_loss: 3.5483 - val_accuracy: 0.4000 - lr: 5.0000e-04
Epoch 8/20
2/2 [==============================] - 1s 601ms/step - loss: 3.5907 - accuracy: 0.3333 - val_loss: 3.3949 - val_accuracy: 0.4000 - lr: 5.0000e-04
Epoch 9/20
2/2 [==============================] - 1s 681ms/step - loss: 3.4572 - accuracy: 0.1833 - val_loss: 3.2794 - val_accuracy: 0.2000 - lr: 5.0000e-04
Epoch 10/20
2/2 [==============================] - 1s 683ms/step - loss: 3.2914 - accuracy: 0.2667 - val_loss: 3.1779 - val_accuracy: 0.4000 - lr: 5.0000e-04
Epoch 11/20
2/2 [==============================] - 1s 669ms/step - loss: 3.1977 - accuracy: 0.2833 - val_loss: 3.0938 - val_accuracy: 0.2000 - lr: 5.0000e-04
Epoch 12/20
2/2 [==============================] - 1s 722ms/step - loss: 3.0771 - accuracy: 0.3167 - val_loss: 3.0108 - val_accuracy: 0.2000 - lr: 5.0000e-04
Epoch 13/20
2/2 [==============================] - 1s 592ms/step - loss: 3.0249 - accuracy: 0.3000 - val_loss: 2.9263 - val_accuracy: 0.2000 - lr: 5.0000e-04
Epoch 14/20
2/2 [==============================] - 1s 650ms/step - loss: 2.9191 - accuracy: 0.2833 - val_loss: 2.8550 - val_accuracy: 0.2000 - lr: 5.0000e-04
Epoch 15/20
2/2 [==============================] - 1s 684ms/step - loss: 2.8664 - accuracy: 0.4000 - val_loss: 2.7859 - val_accuracy: 0.2000 - lr: 5.0000e-04
Epoch 16/20
2/2 [==============================] - 1s 659ms/step - loss: 2.7168 - accuracy: 0.4333 - val_loss: 2.7043 - val_accuracy: 0.4000 - lr: 5.0000e-04
Epoch 17/20
2/2 [==============================] - 1s 619ms/step - loss: 2.6997 - accuracy: 0.2000 - val_loss: 2.6195 - val_accuracy: 0.4000 - lr: 5.0000e-04
Epoch 18/20
2/2 [==============================] - 1s 657ms/step - loss: 2.5845 - accuracy: 0.2667 - val_loss: 2.4839 - val_accuracy: 0.4000 - lr: 5.0000e-04
Epoch 19/20
2/2 [==============================] - 1s 704ms/step - loss: 2.4934 - accuracy: 0.3667 - val_loss: 2.3527 - val_accuracy: 0.4000 - lr: 5.0000e-04
Epoch 20/20
2/2 [==============================] - 1s 705ms/step - loss: 2.4565 - accuracy: 0.4167 - val_loss: 2.2607 - val_accuracy: 0.4000 - lr: 5.0000e-04
1/1 [==============================] - 0s 125ms/step - loss: 2.5105 - accuracy: 0.1429
Found 60 images belonging to 6 classes.
Found 5 images belonging to 6 classes.
Found 7 images belonging to 6 classes.
Epoch 1/10
2/2 [==============================] - 2s 787ms/step - loss: 7.5545 - accuracy: 0.1167 - val_loss: 6.8147 - val_accuracy: 0.2000 - lr: 5.0000e-04
Epoch 2/10
2/2 [==============================] - 1s 690ms/step - loss: 6.5072 - accuracy: 0.1667 - val_loss: 5.7963 - val_accuracy: 0.4000 - lr: 5.0000e-04
Epoch 3/10
2/2 [==============================] - 1s 599ms/step - loss: 5.8522 - accuracy: 0.0833 - val_loss: 5.0543 - val_accuracy: 0.4000 - lr: 5.0000e-04
Epoch 4/10
2/2 [==============================] - 1s 643ms/step - loss: 4.9718 - accuracy: 0.2833 - val_loss: 4.5478 - val_accuracy: 0.4000 - lr: 5.0000e-04
Epoch 5/10
2/2 [==============================] - 1s 632ms/step - loss: 4.5478 - accuracy: 0.2167 - val_loss: 4.1671 - val_accuracy: 0.4000 - lr: 5.0000e-04
Epoch 6/10
2/2 [==============================] - 1s 581ms/step - loss: 4.1847 - accuracy: 0.1833 - val_loss: 3.8800 - val_accuracy: 0.2000 - lr: 5.0000e-04
Epoch 7/10
2/2 [==============================] - 1s 650ms/step - loss: 3.8642 - accuracy: 0.2500 - val_loss: 3.6559 - val_accuracy: 0.2000 - lr: 5.0000e-04
Epoch 8/10
2/2 [==============================] - 1s 667ms/step - loss: 3.6577 - accuracy: 0.2500 - val_loss: 3.4791 - val_accuracy: 0.4000 - lr: 5.0000e-04
Epoch 9/10
2/2 [==============================] - 1s 581ms/step - loss: 3.4744 - accuracy: 0.2500 - val_loss: 3.3426 - val_accuracy: 0.4000 - lr: 5.0000e-04
Epoch 10/10
2/2 [==============================] - 1s 647ms/step - loss: 3.3647 - accuracy: 0.2167 - val_loss: 3.2334 - val_accuracy: 0.4000 - lr: 5.0000e-04
1/1 [==============================] - 0s 136ms/step - loss: 3.2471 - accuracy: 0.2857
Found 60 images belonging to 6 classes.
Found 5 images belonging to 6 classes.
Found 7 images belonging to 6 classes.
Epoch 1/20
2/2 [==============================] - 2s 870ms/step - loss: 7.6445 - accuracy: 0.1000 - val_loss: 7.3082 - val_accuracy: 0.0000e+00 - lr: 5.0000e-04
Epoch 2/20
2/2 [==============================] - 1s 647ms/step - loss: 6.5433 - accuracy: 0.2167 - val_loss: 6.0458 - val_accuracy: 0.2000 - lr: 5.0000e-04
Epoch 3/20
2/2 [==============================] - 1s 637ms/step - loss: 5.6576 - accuracy: 0.1667 - val_loss: 5.1413 - val_accuracy: 0.2000 - lr: 5.0000e-04
Epoch 4/20
2/2 [==============================] - 1s 618ms/step - loss: 5.1080 - accuracy: 0.1833 - val_loss: 4.5923 - val_accuracy: 0.2000 - lr: 5.0000e-04
Epoch 5/20
2/2 [==============================] - 1s 694ms/step - loss: 4.6312 - accuracy: 0.1667 - val_loss: 4.2253 - val_accuracy: 0.4000 - lr: 5.0000e-04
Epoch 6/20
2/2 [==============================] - 1s 621ms/step - loss: 4.2924 - accuracy: 0.2000 - val_loss: 3.9548 - val_accuracy: 0.4000 - lr: 5.0000e-04
Epoch 7/20
2/2 [==============================] - 1s 712ms/step - loss: 3.9563 - accuracy: 0.2333 - val_loss: 3.7577 - val_accuracy: 0.4000 - lr: 5.0000e-04
Epoch 8/20
2/2 [==============================] - 1s 624ms/step - loss: 3.7681 - accuracy: 0.1667 - val_loss: 3.6047 - val_accuracy: 0.2000 - lr: 5.0000e-04
Epoch 9/20
2/2 [==============================] - 1s 706ms/step - loss: 3.5930 - accuracy: 0.2667 - val_loss: 3.4752 - val_accuracy: 0.2000 - lr: 5.0000e-04
Epoch 10/20
2/2 [==============================] - 1s 705ms/step - loss: 3.4672 - accuracy: 0.2167 - val_loss: 3.3645 - val_accuracy: 0.2000 - lr: 5.0000e-04
Epoch 11/20
2/2 [==============================] - 1s 608ms/step - loss: 3.3523 - accuracy: 0.2500 - val_loss: 3.2666 - val_accuracy: 0.2000 - lr: 5.0000e-04
Epoch 12/20
2/2 [==============================] - 1s 717ms/step - loss: 3.2418 - accuracy: 0.2667 - val_loss: 3.1692 - val_accuracy: 0.4000 - lr: 5.0000e-04
Epoch 13/20
2/2 [==============================] - 1s 715ms/step - loss: 3.1089 - accuracy: 0.3333 - val_loss: 3.0746 - val_accuracy: 0.4000 - lr: 5.0000e-04
Epoch 14/20
2/2 [==============================] - 1s 646ms/step - loss: 3.0253 - accuracy: 0.2333 - val_loss: 2.9799 - val_accuracy: 0.4000 - lr: 5.0000e-04
Epoch 15/20
2/2 [==============================] - 1s 596ms/step - loss: 2.9403 - accuracy: 0.3000 - val_loss: 2.8868 - val_accuracy: 0.4000 - lr: 5.0000e-04
Epoch 16/20
2/2 [==============================] - 1s 733ms/step - loss: 2.8320 - accuracy: 0.3167 - val_loss: 2.8003 - val_accuracy: 0.4000 - lr: 5.0000e-04
Epoch 17/20
2/2 [==============================] - 1s 768ms/step - loss: 2.7122 - accuracy: 0.3000 - val_loss: 2.7075 - val_accuracy: 0.4000 - lr: 5.0000e-04
Epoch 18/20
2/2 [==============================] - 1s 627ms/step - loss: 2.6827 - accuracy: 0.2333 - val_loss: 2.6295 - val_accuracy: 0.4000 - lr: 5.0000e-04
Epoch 19/20
2/2 [==============================] - 1s 605ms/step - loss: 2.6022 - accuracy: 0.2667 - val_loss: 2.5814 - val_accuracy: 0.2000 - lr: 5.0000e-04
Epoch 20/20
2/2 [==============================] - 1s 711ms/step - loss: 2.5153 - accuracy: 0.3667 - val_loss: 2.5495 - val_accuracy: 0.2000 - lr: 5.0000e-04
1/1 [==============================] - 0s 118ms/step - loss: 2.6724 - accuracy: 0.2857
Found 60 images belonging to 6 classes.
Found 5 images belonging to 6 classes.
Found 7 images belonging to 6 classes.
Epoch 1/10
2/2 [==============================] - 2s 963ms/step - loss: 7.3637 - accuracy: 0.2000 - val_loss: 6.5032 - val_accuracy: 0.2000 - lr: 5.0000e-04
Epoch 2/10
2/2 [==============================] - 1s 607ms/step - loss: 6.4729 - accuracy: 0.1833 - val_loss: 5.7041 - val_accuracy: 0.2000 - lr: 5.0000e-04
Epoch 3/10
2/2 [==============================] - 1s 588ms/step - loss: 5.9121 - accuracy: 0.1500 - val_loss: 5.0127 - val_accuracy: 0.4000 - lr: 5.0000e-04
Epoch 4/10
2/2 [==============================] - 1s 688ms/step - loss: 5.1019 - accuracy: 0.2167 - val_loss: 4.6048 - val_accuracy: 0.4000 - lr: 5.0000e-04
Epoch 5/10
2/2 [==============================] - 1s 705ms/step - loss: 4.6400 - accuracy: 0.2000 - val_loss: 4.2946 - val_accuracy: 0.4000 - lr: 5.0000e-04
Epoch 6/10
2/2 [==============================] - 1s 702ms/step - loss: 4.2699 - accuracy: 0.1833 - val_loss: 4.0295 - val_accuracy: 0.2000 - lr: 5.0000e-04
Epoch 7/10
2/2 [==============================] - 1s 599ms/step - loss: 3.9858 - accuracy: 0.2333 - val_loss: 3.8153 - val_accuracy: 0.0000e+00 - lr: 5.0000e-04
Epoch 8/10
2/2 [==============================] - 1s 580ms/step - loss: 3.7702 - accuracy: 0.2500 - val_loss: 3.6466 - val_accuracy: 0.0000e+00 - lr: 5.0000e-04
Epoch 9/10
2/2 [==============================] - 1s 703ms/step - loss: 3.5991 - accuracy: 0.2000 - val_loss: 3.5130 - val_accuracy: 0.2000 - lr: 5.0000e-04
Epoch 10/10
2/2 [==============================] - 1s 710ms/step - loss: 3.4639 - accuracy: 0.2333 - val_loss: 3.4064 - val_accuracy: 0.2000 - lr: 5.0000e-04
1/1 [==============================] - 0s 128ms/step - loss: 3.3797 - accuracy: 0.1429
Found 60 images belonging to 6 classes.
Found 5 images belonging to 6 classes.
Found 7 images belonging to 6 classes.
Epoch 1/20
2/2 [==============================] - 2s 865ms/step - loss: 7.6470 - accuracy: 0.2000 - val_loss: 7.2734 - val_accuracy: 0.0000e+00 - lr: 5.0000e-04
Epoch 2/20
2/2 [==============================] - 1s 653ms/step - loss: 6.5852 - accuracy: 0.2333 - val_loss: 6.0121 - val_accuracy: 0.6000 - lr: 5.0000e-04
Epoch 3/20
2/2 [==============================] - 1s 641ms/step - loss: 5.7684 - accuracy: 0.2000 - val_loss: 5.3716 - val_accuracy: 0.2000 - lr: 5.0000e-04
Epoch 4/20
2/2 [==============================] - 1s 605ms/step - loss: 5.2088 - accuracy: 0.2167 - val_loss: 4.9118 - val_accuracy: 0.2000 - lr: 5.0000e-04
Epoch 5/20
2/2 [==============================] - 1s 613ms/step - loss: 4.7565 - accuracy: 0.1667 - val_loss: 4.4860 - val_accuracy: 0.2000 - lr: 5.0000e-04
Epoch 6/20
2/2 [==============================] - 1s 696ms/step - loss: 4.3794 - accuracy: 0.2000 - val_loss: 4.2090 - val_accuracy: 0.2000 - lr: 5.0000e-04
Epoch 7/20
2/2 [==============================] - 1s 636ms/step - loss: 4.0983 - accuracy: 0.2667 - val_loss: 4.0122 - val_accuracy: 0.0000e+00 - lr: 5.0000e-04
Epoch 8/20
2/2 [==============================] - 1s 589ms/step - loss: 3.9103 - accuracy: 0.2000 - val_loss: 3.8467 - val_accuracy: 0.0000e+00 - lr: 5.0000e-04
Epoch 9/20
2/2 [==============================] - 1s 628ms/step - loss: 3.7690 - accuracy: 0.1667 - val_loss: 3.7186 - val_accuracy: 0.0000e+00 - lr: 5.0000e-04
Epoch 10/20
2/2 [==============================] - 2s 680ms/step - loss: 3.6286 - accuracy: 0.2333 - val_loss: 3.6062 - val_accuracy: 0.0000e+00 - lr: 5.0000e-04
Epoch 11/20
2/2 [==============================] - 2s 761ms/step - loss: 3.5274 - accuracy: 0.2167 - val_loss: 3.5016 - val_accuracy: 0.0000e+00 - lr: 5.0000e-04
Epoch 12/20
2/2 [==============================] - 1s 618ms/step - loss: 3.4466 - accuracy: 0.1167 - val_loss: 3.4003 - val_accuracy: 0.0000e+00 - lr: 5.0000e-04
Epoch 13/20
2/2 [==============================] - 1s 608ms/step - loss: 3.3272 - accuracy: 0.2667 - val_loss: 3.3043 - val_accuracy: 0.0000e+00 - lr: 5.0000e-04
Epoch 14/20
2/2 [==============================] - 1s 690ms/step - loss: 3.2255 - accuracy: 0.2167 - val_loss: 3.2137 - val_accuracy: 0.0000e+00 - lr: 5.0000e-04
Epoch 15/20
2/2 [==============================] - 1s 583ms/step - loss: 3.1309 - accuracy: 0.2167 - val_loss: 3.1082 - val_accuracy: 0.0000e+00 - lr: 5.0000e-04
Epoch 16/20
2/2 [==============================] - 1s 759ms/step - loss: 3.0494 - accuracy: 0.3000 - val_loss: 3.0010 - val_accuracy: 0.0000e+00 - lr: 5.0000e-04
Epoch 17/20
2/2 [==============================] - 2s 659ms/step - loss: 3.0296 - accuracy: 0.1333 - val_loss: 2.8996 - val_accuracy: 0.2000 - lr: 5.0000e-04
Epoch 18/20
2/2 [==============================] - 1s 677ms/step - loss: 2.8602 - accuracy: 0.2833 - val_loss: 2.8089 - val_accuracy: 0.2000 - lr: 5.0000e-04
Epoch 19/20
2/2 [==============================] - 1s 746ms/step - loss: 2.7826 - accuracy: 0.3167 - val_loss: 2.7258 - val_accuracy: 0.2000 - lr: 5.0000e-04
Epoch 20/20
2/2 [==============================] - 2s 741ms/step - loss: 2.7484 - accuracy: 0.2500 - val_loss: 2.6361 - val_accuracy: 0.2000 - lr: 5.0000e-04
1/1 [==============================] - 0s 163ms/step - loss: 2.7371 - accuracy: 0.0000e+00
Found 60 images belonging to 6 classes.
Found 5 images belonging to 6 classes.
Found 7 images belonging to 6 classes.
Epoch 1/10
2/2 [==============================] - 2s 809ms/step - loss: 7.0196 - accuracy: 0.1500 - val_loss: 6.2909 - val_accuracy: 0.6000 - lr: 5.0000e-04
Epoch 2/10
2/2 [==============================] - 1s 623ms/step - loss: 6.4679 - accuracy: 0.1167 - val_loss: 5.7418 - val_accuracy: 0.2000 - lr: 5.0000e-04
Epoch 3/10
2/2 [==============================] - 1s 571ms/step - loss: 5.9431 - accuracy: 0.1833 - val_loss: 5.2512 - val_accuracy: 0.2000 - lr: 5.0000e-04
Epoch 4/10
2/2 [==============================] - 1s 509ms/step - loss: 5.4812 - accuracy: 0.1833 - val_loss: 4.9252 - val_accuracy: 0.2000 - lr: 5.0000e-04
Epoch 5/10
2/2 [==============================] - 1s 566ms/step - loss: 5.0278 - accuracy: 0.1667 - val_loss: 4.6335 - val_accuracy: 0.2000 - lr: 5.0000e-04
Epoch 6/10
2/2 [==============================] - 1s 634ms/step - loss: 4.6774 - accuracy: 0.1500 - val_loss: 4.3704 - val_accuracy: 0.4000 - lr: 5.0000e-04
Epoch 7/10
2/2 [==============================] - 1s 578ms/step - loss: 4.3507 - accuracy: 0.3000 - val_loss: 4.1212 - val_accuracy: 0.4000 - lr: 5.0000e-04
Epoch 8/10
2/2 [==============================] - 1s 566ms/step - loss: 4.0975 - accuracy: 0.3000 - val_loss: 3.9046 - val_accuracy: 0.4000 - lr: 5.0000e-04
Epoch 9/10
2/2 [==============================] - 1s 529ms/step - loss: 3.8965 - accuracy: 0.2000 - val_loss: 3.7162 - val_accuracy: 0.4000 - lr: 5.0000e-04
Epoch 10/10
2/2 [==============================] - 1s 589ms/step - loss: 3.7110 - accuracy: 0.1500 - val_loss: 3.5532 - val_accuracy: 0.4000 - lr: 5.0000e-04
1/1 [==============================] - 0s 128ms/step - loss: 3.5972 - accuracy: 0.2857
Found 60 images belonging to 6 classes.
Found 5 images belonging to 6 classes.
Found 7 images belonging to 6 classes.
Epoch 1/20
2/2 [==============================] - 2s 775ms/step - loss: 7.0285 - accuracy: 0.2000 - val_loss: 6.3433 - val_accuracy: 0.4000 - lr: 5.0000e-04
Epoch 2/20
2/2 [==============================] - 1s 508ms/step - loss: 6.2493 - accuracy: 0.1667 - val_loss: 6.0168 - val_accuracy: 0.0000e+00 - lr: 5.0000e-04
Epoch 3/20
2/2 [==============================] - 1s 557ms/step - loss: 5.6966 - accuracy: 0.2000 - val_loss: 5.4320 - val_accuracy: 0.0000e+00 - lr: 5.0000e-04
Epoch 4/20
2/2 [==============================] - 1s 535ms/step - loss: 5.2044 - accuracy: 0.2333 - val_loss: 4.9267 - val_accuracy: 0.2000 - lr: 5.0000e-04
Epoch 5/20
2/2 [==============================] - 1s 528ms/step - loss: 4.8091 - accuracy: 0.2000 - val_loss: 4.4741 - val_accuracy: 0.4000 - lr: 5.0000e-04
Epoch 6/20
2/2 [==============================] - 1s 575ms/step - loss: 4.4396 - accuracy: 0.2167 - val_loss: 4.1070 - val_accuracy: 0.6000 - lr: 5.0000e-04
Epoch 7/20
2/2 [==============================] - 1s 503ms/step - loss: 4.1469 - accuracy: 0.1667 - val_loss: 3.8265 - val_accuracy: 0.4000 - lr: 5.0000e-04
Epoch 8/20
2/2 [==============================] - 1s 492ms/step - loss: 3.8953 - accuracy: 0.1667 - val_loss: 3.6268 - val_accuracy: 0.2000 - lr: 5.0000e-04
Epoch 9/20
2/2 [==============================] - 1s 508ms/step - loss: 3.7211 - accuracy: 0.2167 - val_loss: 3.4801 - val_accuracy: 0.2000 - lr: 5.0000e-04
Epoch 10/20
2/2 [==============================] - 1s 612ms/step - loss: 3.5166 - accuracy: 0.1667 - val_loss: 3.3438 - val_accuracy: 0.2000 - lr: 5.0000e-04
Epoch 11/20
2/2 [==============================] - 1s 581ms/step - loss: 3.3613 - accuracy: 0.3000 - val_loss: 3.2140 - val_accuracy: 0.4000 - lr: 5.0000e-04
Epoch 12/20
2/2 [==============================] - 1s 620ms/step - loss: 3.2344 - accuracy: 0.3333 - val_loss: 3.0992 - val_accuracy: 0.4000 - lr: 5.0000e-04
Epoch 13/20
2/2 [==============================] - 1s 511ms/step - loss: 3.1237 - accuracy: 0.3667 - val_loss: 3.0005 - val_accuracy: 0.6000 - lr: 5.0000e-04
Epoch 14/20
2/2 [==============================] - 1s 492ms/step - loss: 3.0682 - accuracy: 0.3333 - val_loss: 2.9659 - val_accuracy: 0.2000 - lr: 5.0000e-04
Epoch 15/20
2/2 [==============================] - 1s 596ms/step - loss: 2.9893 - accuracy: 0.3333 - val_loss: 2.9350 - val_accuracy: 0.2000 - lr: 5.0000e-04
Epoch 16/20
2/2 [==============================] - 1s 602ms/step - loss: 2.9386 - accuracy: 0.2167 - val_loss: 2.8149 - val_accuracy: 0.4000 - lr: 5.0000e-04
Epoch 17/20
2/2 [==============================] - 1s 593ms/step - loss: 2.8931 - accuracy: 0.2667 - val_loss: 2.7009 - val_accuracy: 0.4000 - lr: 5.0000e-04
Epoch 18/20
2/2 [==============================] - 1s 511ms/step - loss: 2.7535 - accuracy: 0.4167 - val_loss: 2.7030 - val_accuracy: 0.4000 - lr: 5.0000e-04
1/1 [==============================] - 0s 119ms/step - loss: 2.8327 - accuracy: 0.2857
Found 60 images belonging to 6 classes.
Found 5 images belonging to 6 classes.
Found 7 images belonging to 6 classes.
Epoch 1/10
2/2 [==============================] - 2s 681ms/step - loss: 7.2095 - accuracy: 0.1500 - val_loss: 6.3011 - val_accuracy: 0.4000 - lr: 5.0000e-04
Epoch 2/10
2/2 [==============================] - 1s 555ms/step - loss: 6.7129 - accuracy: 0.1500 - val_loss: 5.9940 - val_accuracy: 0.2000 - lr: 5.0000e-04
Epoch 3/10
2/2 [==============================] - 1s 628ms/step - loss: 6.2321 - accuracy: 0.2833 - val_loss: 5.8136 - val_accuracy: 0.4000 - lr: 5.0000e-04
Epoch 4/10
2/2 [==============================] - 1s 569ms/step - loss: 5.8811 - accuracy: 0.2667 - val_loss: 5.3746 - val_accuracy: 0.2000 - lr: 5.0000e-04
Epoch 5/10
2/2 [==============================] - 1s 564ms/step - loss: 5.6755 - accuracy: 0.1500 - val_loss: 5.1195 - val_accuracy: 0.2000 - lr: 5.0000e-04
Epoch 6/10
2/2 [==============================] - 1s 580ms/step - loss: 5.1153 - accuracy: 0.3333 - val_loss: 4.9467 - val_accuracy: 0.2000 - lr: 5.0000e-04
Epoch 7/10
2/2 [==============================] - 1s 508ms/step - loss: 4.9992 - accuracy: 0.1333 - val_loss: 4.7942 - val_accuracy: 0.2000 - lr: 5.0000e-04
Epoch 8/10
2/2 [==============================] - 1s 501ms/step - loss: 4.7060 - accuracy: 0.2167 - val_loss: 4.6516 - val_accuracy: 0.2000 - lr: 5.0000e-04
Epoch 9/10
2/2 [==============================] - 1s 512ms/step - loss: 4.5311 - accuracy: 0.3167 - val_loss: 4.5289 - val_accuracy: 0.4000 - lr: 5.0000e-04
Epoch 10/10
2/2 [==============================] - 1s 512ms/step - loss: 4.3786 - accuracy: 0.2500 - val_loss: 4.3953 - val_accuracy: 0.4000 - lr: 5.0000e-04
1/1 [==============================] - 0s 132ms/step - loss: 4.4138 - accuracy: 0.1429
Found 60 images belonging to 6 classes.
Found 5 images belonging to 6 classes.
Found 7 images belonging to 6 classes.
Epoch 1/20
2/2 [==============================] - 2s 677ms/step - loss: 7.0653 - accuracy: 0.1167 - val_loss: 6.3624 - val_accuracy: 0.4000 - lr: 5.0000e-04
Epoch 2/20
2/2 [==============================] - 1s 488ms/step - loss: 6.3606 - accuracy: 0.1667 - val_loss: 5.7021 - val_accuracy: 0.2000 - lr: 5.0000e-04
Epoch 3/20
2/2 [==============================] - 1s 486ms/step - loss: 5.8063 - accuracy: 0.1667 - val_loss: 5.2646 - val_accuracy: 0.2000 - lr: 5.0000e-04
Epoch 4/20
2/2 [==============================] - 1s 584ms/step - loss: 5.2202 - accuracy: 0.2333 - val_loss: 4.8647 - val_accuracy: 0.2000 - lr: 5.0000e-04
Epoch 5/20
2/2 [==============================] - 1s 620ms/step - loss: 4.8198 - accuracy: 0.1500 - val_loss: 4.5259 - val_accuracy: 0.0000e+00 - lr: 5.0000e-04
Epoch 6/20
2/2 [==============================] - 1s 509ms/step - loss: 4.4586 - accuracy: 0.2000 - val_loss: 4.1889 - val_accuracy: 0.2000 - lr: 5.0000e-04
Epoch 7/20
2/2 [==============================] - 1s 537ms/step - loss: 4.1818 - accuracy: 0.1667 - val_loss: 3.8854 - val_accuracy: 0.4000 - lr: 5.0000e-04
Epoch 8/20
2/2 [==============================] - 1s 512ms/step - loss: 3.9008 - accuracy: 0.2500 - val_loss: 3.6334 - val_accuracy: 0.4000 - lr: 5.0000e-04
Epoch 9/20
2/2 [==============================] - 1s 617ms/step - loss: 3.7079 - accuracy: 0.2000 - val_loss: 3.4263 - val_accuracy: 0.6000 - lr: 5.0000e-04
Epoch 10/20
2/2 [==============================] - 1s 523ms/step - loss: 3.5531 - accuracy: 0.2500 - val_loss: 3.2885 - val_accuracy: 0.6000 - lr: 5.0000e-04
Epoch 11/20
2/2 [==============================] - 1s 596ms/step - loss: 3.3688 - accuracy: 0.2667 - val_loss: 3.1651 - val_accuracy: 0.4000 - lr: 5.0000e-04
Epoch 12/20
2/2 [==============================] - 1s 600ms/step - loss: 3.2934 - accuracy: 0.1833 - val_loss: 3.0748 - val_accuracy: 0.4000 - lr: 5.0000e-04
Epoch 13/20
2/2 [==============================] - 1s 571ms/step - loss: 3.1541 - accuracy: 0.2833 - val_loss: 2.9914 - val_accuracy: 0.4000 - lr: 5.0000e-04
Epoch 14/20
2/2 [==============================] - 1s 557ms/step - loss: 3.0498 - accuracy: 0.3167 - val_loss: 2.9058 - val_accuracy: 0.4000 - lr: 5.0000e-04
Epoch 15/20
2/2 [==============================] - 1s 559ms/step - loss: 2.9972 - accuracy: 0.2833 - val_loss: 2.8032 - val_accuracy: 0.4000 - lr: 5.0000e-04
Epoch 16/20
2/2 [==============================] - 1s 515ms/step - loss: 2.8980 - accuracy: 0.3333 - val_loss: 2.7252 - val_accuracy: 0.2000 - lr: 5.0000e-04
Epoch 17/20
2/2 [==============================] - 1s 531ms/step - loss: 2.8228 - accuracy: 0.2333 - val_loss: 2.6541 - val_accuracy: 0.2000 - lr: 5.0000e-04
Epoch 18/20
2/2 [==============================] - 1s 590ms/step - loss: 2.7463 - accuracy: 0.3667 - val_loss: 2.5669 - val_accuracy: 0.2000 - lr: 5.0000e-04
Epoch 19/20
2/2 [==============================] - 1s 563ms/step - loss: 2.6386 - accuracy: 0.3833 - val_loss: 2.4793 - val_accuracy: 0.4000 - lr: 5.0000e-04
Epoch 20/20
2/2 [==============================] - 1s 533ms/step - loss: 2.6230 - accuracy: 0.3333 - val_loss: 2.4088 - val_accuracy: 0.2000 - lr: 5.0000e-04
1/1 [==============================] - 0s 150ms/step - loss: 2.4502 - accuracy: 0.4286
Found 60 images belonging to 6 classes.
Found 5 images belonging to 6 classes.
Found 7 images belonging to 6 classes.
Epoch 1/10
2/2 [==============================] - 2s 757ms/step - loss: 6.9792 - accuracy: 0.2167 - val_loss: 6.2710 - val_accuracy: 0.4000 - lr: 5.0000e-04
Epoch 2/10
2/2 [==============================] - 1s 651ms/step - loss: 6.2514 - accuracy: 0.2167 - val_loss: 5.8958 - val_accuracy: 0.0000e+00 - lr: 5.0000e-04
Epoch 3/10
2/2 [==============================] - 1s 535ms/step - loss: 5.6569 - accuracy: 0.1333 - val_loss: 5.4476 - val_accuracy: 0.0000e+00 - lr: 5.0000e-04
Epoch 4/10
2/2 [==============================] - 1s 497ms/step - loss: 5.0790 - accuracy: 0.2333 - val_loss: 4.9210 - val_accuracy: 0.0000e+00 - lr: 5.0000e-04
Epoch 5/10
2/2 [==============================] - 1s 578ms/step - loss: 4.7366 - accuracy: 0.1667 - val_loss: 4.4602 - val_accuracy: 0.0000e+00 - lr: 5.0000e-04
Epoch 6/10
2/2 [==============================] - 1s 515ms/step - loss: 4.3944 - accuracy: 0.2167 - val_loss: 4.0946 - val_accuracy: 0.0000e+00 - lr: 5.0000e-04
Epoch 7/10
2/2 [==============================] - 1s 579ms/step - loss: 4.0328 - accuracy: 0.2833 - val_loss: 3.8293 - val_accuracy: 0.2000 - lr: 5.0000e-04
Epoch 8/10
2/2 [==============================] - 1s 586ms/step - loss: 3.7832 - accuracy: 0.2333 - val_loss: 3.6038 - val_accuracy: 0.4000 - lr: 5.0000e-04
Epoch 9/10
2/2 [==============================] - 1s 637ms/step - loss: 3.5929 - accuracy: 0.3000 - val_loss: 3.4239 - val_accuracy: 0.4000 - lr: 5.0000e-04
Epoch 10/10
2/2 [==============================] - 1s 507ms/step - loss: 3.4481 - accuracy: 0.2000 - val_loss: 3.2832 - val_accuracy: 0.4000 - lr: 5.0000e-04
1/1 [==============================] - 0s 115ms/step - loss: 3.3156 - accuracy: 0.2857
Found 60 images belonging to 6 classes.
Found 5 images belonging to 6 classes.
Found 7 images belonging to 6 classes.
Epoch 1/20
2/2 [==============================] - 2s 707ms/step - loss: 7.0128 - accuracy: 0.2000 - val_loss: 6.4265 - val_accuracy: 0.4000 - lr: 5.0000e-04
Epoch 2/20
2/2 [==============================] - 1s 531ms/step - loss: 6.5439 - accuracy: 0.2333 - val_loss: 5.9832 - val_accuracy: 0.2000 - lr: 5.0000e-04
Epoch 3/20
2/2 [==============================] - 1s 586ms/step - loss: 5.9129 - accuracy: 0.2000 - val_loss: 5.6154 - val_accuracy: 0.2000 - lr: 5.0000e-04
Epoch 4/20
2/2 [==============================] - 1s 624ms/step - loss: 5.4712 - accuracy: 0.2000 - val_loss: 5.0724 - val_accuracy: 0.2000 - lr: 5.0000e-04
Epoch 5/20
2/2 [==============================] - 1s 614ms/step - loss: 5.0340 - accuracy: 0.1000 - val_loss: 4.6604 - val_accuracy: 0.2000 - lr: 5.0000e-04
Epoch 6/20
2/2 [==============================] - 1s 594ms/step - loss: 4.6692 - accuracy: 0.1833 - val_loss: 4.3506 - val_accuracy: 0.0000e+00 - lr: 5.0000e-04
Epoch 7/20
2/2 [==============================] - 1s 541ms/step - loss: 4.3180 - accuracy: 0.2000 - val_loss: 4.1174 - val_accuracy: 0.2000 - lr: 5.0000e-04
Epoch 8/20
2/2 [==============================] - 1s 588ms/step - loss: 4.1976 - accuracy: 0.2333 - val_loss: 3.9211 - val_accuracy: 0.2000 - lr: 5.0000e-04
Epoch 9/20
2/2 [==============================] - 1s 509ms/step - loss: 3.9956 - accuracy: 0.2000 - val_loss: 3.7621 - val_accuracy: 0.2000 - lr: 5.0000e-04
Epoch 10/20
2/2 [==============================] - 1s 599ms/step - loss: 3.8071 - accuracy: 0.1833 - val_loss: 3.6406 - val_accuracy: 0.2000 - lr: 5.0000e-04
Epoch 11/20
2/2 [==============================] - 1s 584ms/step - loss: 3.6639 - accuracy: 0.3333 - val_loss: 3.5398 - val_accuracy: 0.4000 - lr: 5.0000e-04
Epoch 12/20
2/2 [==============================] - 1s 616ms/step - loss: 3.5305 - accuracy: 0.2833 - val_loss: 3.4630 - val_accuracy: 0.2000 - lr: 5.0000e-04
Epoch 13/20
2/2 [==============================] - 1s 522ms/step - loss: 3.4474 - accuracy: 0.3000 - val_loss: 3.3976 - val_accuracy: 0.2000 - lr: 5.0000e-04
Epoch 14/20
2/2 [==============================] - 1s 537ms/step - loss: 3.3609 - accuracy: 0.2500 - val_loss: 3.3506 - val_accuracy: 0.2000 - lr: 5.0000e-04
Epoch 15/20
2/2 [==============================] - 1s 580ms/step - loss: 3.3038 - accuracy: 0.2667 - val_loss: 3.2842 - val_accuracy: 0.4000 - lr: 5.0000e-04
Epoch 16/20
2/2 [==============================] - 1s 566ms/step - loss: 3.2037 - accuracy: 0.2000 - val_loss: 3.2033 - val_accuracy: 0.4000 - lr: 5.0000e-04
Epoch 17/20
2/2 [==============================] - 1s 511ms/step - loss: 3.1348 - accuracy: 0.3000 - val_loss: 3.1204 - val_accuracy: 0.2000 - lr: 5.0000e-04
Epoch 18/20
2/2 [==============================] - 1s 498ms/step - loss: 3.0579 - accuracy: 0.2667 - val_loss: 3.0487 - val_accuracy: 0.2000 - lr: 5.0000e-04
Epoch 19/20
2/2 [==============================] - 1s 610ms/step - loss: 2.9107 - accuracy: 0.4000 - val_loss: 2.9808 - val_accuracy: 0.2000 - lr: 5.0000e-04
Epoch 20/20
2/2 [==============================] - 1s 555ms/step - loss: 2.9356 - accuracy: 0.3500 - val_loss: 2.8932 - val_accuracy: 0.2000 - lr: 5.0000e-04
1/1 [==============================] - 0s 121ms/step - loss: 3.0090 - accuracy: 0.1429
Found 60 images belonging to 6 classes.
Found 5 images belonging to 6 classes.
Found 7 images belonging to 6 classes.
Epoch 1/10
2/2 [==============================] - 2s 697ms/step - loss: 6.9843 - accuracy: 0.0667 - val_loss: 6.8442 - val_accuracy: 0.0000e+00 - lr: 5.0000e-04
Epoch 2/10
2/2 [==============================] - 1s 580ms/step - loss: 6.3338 - accuracy: 0.1833 - val_loss: 6.2251 - val_accuracy: 0.0000e+00 - lr: 5.0000e-04
Epoch 3/10
2/2 [==============================] - 1s 494ms/step - loss: 5.7388 - accuracy: 0.2500 - val_loss: 5.5719 - val_accuracy: 0.0000e+00 - lr: 5.0000e-04
Epoch 4/10
2/2 [==============================] - 1s 522ms/step - loss: 5.2941 - accuracy: 0.1833 - val_loss: 5.0086 - val_accuracy: 0.2000 - lr: 5.0000e-04
Epoch 5/10
2/2 [==============================] - 1s 560ms/step - loss: 4.8814 - accuracy: 0.1833 - val_loss: 4.5796 - val_accuracy: 0.2000 - lr: 5.0000e-04
Epoch 6/10
2/2 [==============================] - 1s 597ms/step - loss: 4.5117 - accuracy: 0.2000 - val_loss: 4.2838 - val_accuracy: 0.4000 - lr: 5.0000e-04
Epoch 7/10
2/2 [==============================] - 1s 494ms/step - loss: 4.1894 - accuracy: 0.3000 - val_loss: 4.0182 - val_accuracy: 0.6000 - lr: 5.0000e-04
Epoch 8/10
2/2 [==============================] - 1s 592ms/step - loss: 3.9143 - accuracy: 0.2833 - val_loss: 3.7992 - val_accuracy: 0.4000 - lr: 5.0000e-04
Epoch 9/10
2/2 [==============================] - 1s 492ms/step - loss: 3.7434 - accuracy: 0.2500 - val_loss: 3.6099 - val_accuracy: 0.4000 - lr: 5.0000e-04
Epoch 10/10
2/2 [==============================] - 1s 533ms/step - loss: 3.5866 - accuracy: 0.2667 - val_loss: 3.4497 - val_accuracy: 0.4000 - lr: 5.0000e-04
1/1 [==============================] - 0s 126ms/step - loss: 3.4701 - accuracy: 0.1429
Found 60 images belonging to 6 classes.
Found 5 images belonging to 6 classes.
Found 7 images belonging to 6 classes.
Epoch 1/20
2/2 [==============================] - 2s 773ms/step - loss: 6.9959 - accuracy: 0.0833 - val_loss: 6.2439 - val_accuracy: 0.4000 - lr: 5.0000e-04
Epoch 2/20
2/2 [==============================] - 1s 561ms/step - loss: 6.2647 - accuracy: 0.2167 - val_loss: 5.6226 - val_accuracy: 0.2000 - lr: 5.0000e-04
Epoch 3/20
2/2 [==============================] - 1s 512ms/step - loss: 5.6943 - accuracy: 0.2000 - val_loss: 5.2345 - val_accuracy: 0.2000 - lr: 5.0000e-04
Epoch 4/20
2/2 [==============================] - 1s 527ms/step - loss: 5.2097 - accuracy: 0.2667 - val_loss: 4.9547 - val_accuracy: 0.0000e+00 - lr: 5.0000e-04
Epoch 5/20
2/2 [==============================] - 1s 615ms/step - loss: 4.8512 - accuracy: 0.2167 - val_loss: 4.6541 - val_accuracy: 0.0000e+00 - lr: 5.0000e-04
Epoch 6/20
2/2 [==============================] - 1s 510ms/step - loss: 4.5249 - accuracy: 0.1833 - val_loss: 4.3177 - val_accuracy: 0.0000e+00 - lr: 5.0000e-04
Epoch 7/20
2/2 [==============================] - 1s 581ms/step - loss: 4.1385 - accuracy: 0.2833 - val_loss: 4.0291 - val_accuracy: 0.0000e+00 - lr: 5.0000e-04
Epoch 8/20
2/2 [==============================] - 1s 579ms/step - loss: 3.9589 - accuracy: 0.1833 - val_loss: 3.7612 - val_accuracy: 0.2000 - lr: 5.0000e-04
Epoch 9/20
2/2 [==============================] - 1s 564ms/step - loss: 3.7321 - accuracy: 0.2667 - val_loss: 3.5476 - val_accuracy: 0.2000 - lr: 5.0000e-04
Epoch 10/20
2/2 [==============================] - 1s 504ms/step - loss: 3.5512 - accuracy: 0.2667 - val_loss: 3.3983 - val_accuracy: 0.2000 - lr: 5.0000e-04
Epoch 11/20
2/2 [==============================] - 1s 522ms/step - loss: 3.4776 - accuracy: 0.2333 - val_loss: 3.2975 - val_accuracy: 0.2000 - lr: 5.0000e-04
Epoch 12/20
2/2 [==============================] - 1s 577ms/step - loss: 3.2990 - accuracy: 0.2667 - val_loss: 3.1958 - val_accuracy: 0.2000 - lr: 5.0000e-04
Epoch 13/20
2/2 [==============================] - 1s 520ms/step - loss: 3.2301 - accuracy: 0.2500 - val_loss: 3.1071 - val_accuracy: 0.2000 - lr: 5.0000e-04
Epoch 14/20
2/2 [==============================] - 1s 560ms/step - loss: 3.1120 - accuracy: 0.2000 - val_loss: 3.0228 - val_accuracy: 0.2000 - lr: 5.0000e-04
Epoch 15/20
2/2 [==============================] - 1s 489ms/step - loss: 3.0752 - accuracy: 0.2500 - val_loss: 2.9481 - val_accuracy: 0.2000 - lr: 5.0000e-04
Epoch 16/20
2/2 [==============================] - 1s 584ms/step - loss: 2.9870 - accuracy: 0.2167 - val_loss: 2.8652 - val_accuracy: 0.2000 - lr: 5.0000e-04
Epoch 17/20
2/2 [==============================] - 1s 581ms/step - loss: 2.8249 - accuracy: 0.4833 - val_loss: 2.7795 - val_accuracy: 0.4000 - lr: 5.0000e-04
Epoch 18/20
2/2 [==============================] - 1s 572ms/step - loss: 2.8202 - accuracy: 0.3000 - val_loss: 2.6911 - val_accuracy: 0.4000 - lr: 5.0000e-04
Epoch 19/20
2/2 [==============================] - 1s 494ms/step - loss: 2.7978 - accuracy: 0.2667 - val_loss: 2.6455 - val_accuracy: 0.4000 - lr: 5.0000e-04
Epoch 20/20
2/2 [==============================] - 1s 533ms/step - loss: 2.7535 - accuracy: 0.2667 - val_loss: 2.5854 - val_accuracy: 0.4000 - lr: 5.0000e-04
1/1 [==============================] - 0s 110ms/step - loss: 2.7108 - accuracy: 0.0000e+00
Found 60 images belonging to 6 classes.
Found 5 images belonging to 6 classes.
Found 7 images belonging to 6 classes.
Epoch 1/10
2/2 [==============================] - 2s 796ms/step - loss: 7.4821 - accuracy: 0.1167 - val_loss: 6.8872 - val_accuracy: 0.2000 - lr: 5.0000e-04
Epoch 2/10
2/2 [==============================] - 1s 595ms/step - loss: 6.6308 - accuracy: 0.2500 - val_loss: 6.4374 - val_accuracy: 0.2000 - lr: 5.0000e-04
Epoch 3/10
2/2 [==============================] - 1s 628ms/step - loss: 6.0669 - accuracy: 0.2000 - val_loss: 5.7111 - val_accuracy: 0.4000 - lr: 5.0000e-04
Epoch 4/10
2/2 [==============================] - 1s 690ms/step - loss: 5.4622 - accuracy: 0.2167 - val_loss: 5.0821 - val_accuracy: 0.2000 - lr: 5.0000e-04
Epoch 5/10
2/2 [==============================] - 1s 734ms/step - loss: 4.9504 - accuracy: 0.1167 - val_loss: 4.6096 - val_accuracy: 0.2000 - lr: 5.0000e-04
Epoch 6/10
2/2 [==============================] - 1s 613ms/step - loss: 4.5801 - accuracy: 0.2333 - val_loss: 4.2988 - val_accuracy: 0.4000 - lr: 5.0000e-04
Epoch 7/10
2/2 [==============================] - 1s 636ms/step - loss: 4.3616 - accuracy: 0.1667 - val_loss: 4.0680 - val_accuracy: 0.4000 - lr: 5.0000e-04
Epoch 8/10
2/2 [==============================] - 1s 678ms/step - loss: 4.1407 - accuracy: 0.2500 - val_loss: 3.8887 - val_accuracy: 0.4000 - lr: 5.0000e-04
Epoch 9/10
2/2 [==============================] - 1s 672ms/step - loss: 3.9637 - accuracy: 0.2500 - val_loss: 3.7558 - val_accuracy: 0.4000 - lr: 5.0000e-04
Epoch 10/10
2/2 [==============================] - 1s 729ms/step - loss: 3.8671 - accuracy: 0.1667 - val_loss: 3.6495 - val_accuracy: 0.4000 - lr: 5.0000e-04
1/1 [==============================] - 0s 122ms/step - loss: 3.7229 - accuracy: 0.2857
Found 60 images belonging to 6 classes.
Found 5 images belonging to 6 classes.
Found 7 images belonging to 6 classes.
Epoch 1/20
2/2 [==============================] - 2s 791ms/step - loss: 7.3513 - accuracy: 0.1000 - val_loss: 6.8831 - val_accuracy: 0.2000 - lr: 5.0000e-04
Epoch 2/20
2/2 [==============================] - 1s 682ms/step - loss: 6.3743 - accuracy: 0.1833 - val_loss: 5.6697 - val_accuracy: 0.4000 - lr: 5.0000e-04
Epoch 3/20
2/2 [==============================] - 1s 693ms/step - loss: 5.6485 - accuracy: 0.2833 - val_loss: 5.0357 - val_accuracy: 0.2000 - lr: 5.0000e-04
Epoch 4/20
2/2 [==============================] - 1s 676ms/step - loss: 5.0852 - accuracy: 0.1333 - val_loss: 4.6389 - val_accuracy: 0.2000 - lr: 5.0000e-04
Epoch 5/20
2/2 [==============================] - 1s 674ms/step - loss: 4.5377 - accuracy: 0.2500 - val_loss: 4.3217 - val_accuracy: 0.0000e+00 - lr: 5.0000e-04
Epoch 6/20
2/2 [==============================] - 1s 681ms/step - loss: 4.2370 - accuracy: 0.1833 - val_loss: 4.0692 - val_accuracy: 0.0000e+00 - lr: 5.0000e-04
Epoch 7/20
2/2 [==============================] - 1s 640ms/step - loss: 3.9870 - accuracy: 0.2167 - val_loss: 3.8789 - val_accuracy: 0.0000e+00 - lr: 5.0000e-04
Epoch 8/20
2/2 [==============================] - 1s 717ms/step - loss: 3.8272 - accuracy: 0.1000 - val_loss: 3.7282 - val_accuracy: 0.0000e+00 - lr: 5.0000e-04
Epoch 9/20
2/2 [==============================] - 1s 669ms/step - loss: 3.6663 - accuracy: 0.2333 - val_loss: 3.6095 - val_accuracy: 0.0000e+00 - lr: 5.0000e-04
Epoch 10/20
2/2 [==============================] - 1s 555ms/step - loss: 3.5592 - accuracy: 0.1833 - val_loss: 3.5019 - val_accuracy: 0.2000 - lr: 5.0000e-04
Epoch 11/20
2/2 [==============================] - 1s 587ms/step - loss: 3.4517 - accuracy: 0.1667 - val_loss: 3.4031 - val_accuracy: 0.2000 - lr: 5.0000e-04
Epoch 12/20
2/2 [==============================] - 1s 702ms/step - loss: 3.3470 - accuracy: 0.1833 - val_loss: 3.3081 - val_accuracy: 0.2000 - lr: 5.0000e-04
Epoch 13/20
2/2 [==============================] - 1s 723ms/step - loss: 3.2522 - accuracy: 0.2500 - val_loss: 3.2167 - val_accuracy: 0.2000 - lr: 5.0000e-04
Epoch 14/20
2/2 [==============================] - 1s 635ms/step - loss: 3.1727 - accuracy: 0.2667 - val_loss: 3.1265 - val_accuracy: 0.2000 - lr: 5.0000e-04
Epoch 15/20
2/2 [==============================] - 1s 684ms/step - loss: 3.0799 - accuracy: 0.2833 - val_loss: 3.0333 - val_accuracy: 0.2000 - lr: 5.0000e-04
Epoch 16/20
2/2 [==============================] - 1s 617ms/step - loss: 2.9854 - accuracy: 0.2000 - val_loss: 2.9446 - val_accuracy: 0.2000 - lr: 5.0000e-04
Epoch 17/20
2/2 [==============================] - 1s 598ms/step - loss: 2.8558 - accuracy: 0.3667 - val_loss: 2.8478 - val_accuracy: 0.2000 - lr: 5.0000e-04
Epoch 18/20
2/2 [==============================] - 1s 607ms/step - loss: 2.7986 - accuracy: 0.2667 - val_loss: 2.7635 - val_accuracy: 0.2000 - lr: 5.0000e-04
Epoch 19/20
2/2 [==============================] - 1s 615ms/step - loss: 2.7937 - accuracy: 0.3333 - val_loss: 2.6910 - val_accuracy: 0.0000e+00 - lr: 5.0000e-04
Epoch 20/20
2/2 [==============================] - 1s 714ms/step - loss: 2.6837 - accuracy: 0.3000 - val_loss: 2.6602 - val_accuracy: 0.4000 - lr: 5.0000e-04
1/1 [==============================] - 0s 122ms/step - loss: 2.6775 - accuracy: 0.2857
Found 60 images belonging to 6 classes.
Found 5 images belonging to 6 classes.
Found 7 images belonging to 6 classes.
Epoch 1/10
2/2 [==============================] - 2s 902ms/step - loss: 7.2468 - accuracy: 0.1500 - val_loss: 6.8436 - val_accuracy: 0.2000 - lr: 5.0000e-04
Epoch 2/10
2/2 [==============================] - 1s 597ms/step - loss: 6.5848 - accuracy: 0.1500 - val_loss: 6.0664 - val_accuracy: 0.0000e+00 - lr: 5.0000e-04
Epoch 3/10
2/2 [==============================] - 1s 611ms/step - loss: 5.8144 - accuracy: 0.1833 - val_loss: 5.6092 - val_accuracy: 0.0000e+00 - lr: 5.0000e-04
Epoch 4/10
2/2 [==============================] - 1s 568ms/step - loss: 5.3167 - accuracy: 0.1500 - val_loss: 5.0514 - val_accuracy: 0.0000e+00 - lr: 5.0000e-04
Epoch 5/10
2/2 [==============================] - 1s 720ms/step - loss: 4.8501 - accuracy: 0.1500 - val_loss: 4.6872 - val_accuracy: 0.2000 - lr: 5.0000e-04
Epoch 6/10
2/2 [==============================] - 1s 578ms/step - loss: 4.5028 - accuracy: 0.3000 - val_loss: 4.4189 - val_accuracy: 0.2000 - lr: 5.0000e-04
Epoch 7/10
2/2 [==============================] - 1s 720ms/step - loss: 4.3005 - accuracy: 0.2167 - val_loss: 4.2184 - val_accuracy: 0.2000 - lr: 5.0000e-04
Epoch 8/10
2/2 [==============================] - 1s 687ms/step - loss: 4.1372 - accuracy: 0.2167 - val_loss: 4.0679 - val_accuracy: 0.2000 - lr: 5.0000e-04
Epoch 9/10
2/2 [==============================] - 1s 700ms/step - loss: 3.9978 - accuracy: 0.2833 - val_loss: 3.9445 - val_accuracy: 0.2000 - lr: 5.0000e-04
Epoch 10/10
2/2 [==============================] - 1s 624ms/step - loss: 3.8981 - accuracy: 0.2167 - val_loss: 3.8355 - val_accuracy: 0.2000 - lr: 5.0000e-04
1/1 [==============================] - 0s 121ms/step - loss: 3.8214 - accuracy: 0.2857
Found 60 images belonging to 6 classes.
Found 5 images belonging to 6 classes.
Found 7 images belonging to 6 classes.
Epoch 1/20
2/2 [==============================] - 2s 886ms/step - loss: 7.2970 - accuracy: 0.1333 - val_loss: 6.4664 - val_accuracy: 0.4000 - lr: 5.0000e-04
Epoch 2/20
2/2 [==============================] - 1s 680ms/step - loss: 6.3794 - accuracy: 0.2000 - val_loss: 5.7794 - val_accuracy: 0.2000 - lr: 5.0000e-04
Epoch 3/20
2/2 [==============================] - 1s 682ms/step - loss: 5.5441 - accuracy: 0.1833 - val_loss: 5.0798 - val_accuracy: 0.2000 - lr: 5.0000e-04
Epoch 4/20
2/2 [==============================] - 1s 643ms/step - loss: 5.0110 - accuracy: 0.1833 - val_loss: 4.6327 - val_accuracy: 0.2000 - lr: 5.0000e-04
Epoch 5/20
2/2 [==============================] - 1s 690ms/step - loss: 4.5292 - accuracy: 0.1667 - val_loss: 4.3058 - val_accuracy: 0.2000 - lr: 5.0000e-04
Epoch 6/20
2/2 [==============================] - 1s 557ms/step - loss: 4.2504 - accuracy: 0.2667 - val_loss: 4.0509 - val_accuracy: 0.2000 - lr: 5.0000e-04
Epoch 7/20
2/2 [==============================] - 1s 593ms/step - loss: 4.0018 - accuracy: 0.2333 - val_loss: 3.8715 - val_accuracy: 0.2000 - lr: 5.0000e-04
Epoch 8/20
2/2 [==============================] - 1s 697ms/step - loss: 3.8562 - accuracy: 0.1500 - val_loss: 3.7282 - val_accuracy: 0.2000 - lr: 5.0000e-04
Epoch 9/20
2/2 [==============================] - 1s 601ms/step - loss: 3.6814 - accuracy: 0.2333 - val_loss: 3.6092 - val_accuracy: 0.2000 - lr: 5.0000e-04
Epoch 10/20
2/2 [==============================] - 1s 698ms/step - loss: 3.6137 - accuracy: 0.1500 - val_loss: 3.5086 - val_accuracy: 0.2000 - lr: 5.0000e-04
Epoch 11/20
2/2 [==============================] - 1s 744ms/step - loss: 3.5220 - accuracy: 0.2167 - val_loss: 3.4189 - val_accuracy: 0.4000 - lr: 5.0000e-04
Epoch 12/20
2/2 [==============================] - 1s 681ms/step - loss: 3.4125 - accuracy: 0.2333 - val_loss: 3.3240 - val_accuracy: 0.4000 - lr: 5.0000e-04
Epoch 13/20
2/2 [==============================] - 1s 588ms/step - loss: 3.3277 - accuracy: 0.2500 - val_loss: 3.2316 - val_accuracy: 0.4000 - lr: 5.0000e-04
Epoch 14/20
2/2 [==============================] - 1s 670ms/step - loss: 3.2482 - accuracy: 0.2167 - val_loss: 3.1416 - val_accuracy: 0.4000 - lr: 5.0000e-04
Epoch 15/20
2/2 [==============================] - 1s 589ms/step - loss: 3.1496 - accuracy: 0.2833 - val_loss: 3.0501 - val_accuracy: 0.4000 - lr: 5.0000e-04
Epoch 16/20
2/2 [==============================] - 1s 633ms/step - loss: 3.0647 - accuracy: 0.1667 - val_loss: 2.9653 - val_accuracy: 0.4000 - lr: 5.0000e-04
Epoch 17/20
2/2 [==============================] - 1s 689ms/step - loss: 2.9892 - accuracy: 0.2500 - val_loss: 2.8835 - val_accuracy: 0.4000 - lr: 5.0000e-04
Epoch 18/20
2/2 [==============================] - 1s 598ms/step - loss: 2.9039 - accuracy: 0.2000 - val_loss: 2.8066 - val_accuracy: 0.4000 - lr: 5.0000e-04
Epoch 19/20
2/2 [==============================] - 1s 664ms/step - loss: 2.8314 - accuracy: 0.2500 - val_loss: 2.7195 - val_accuracy: 0.4000 - lr: 5.0000e-04
Epoch 20/20
2/2 [==============================] - 1s 597ms/step - loss: 2.7524 - accuracy: 0.2833 - val_loss: 2.6438 - val_accuracy: 0.4000 - lr: 5.0000e-04
1/1 [==============================] - 0s 117ms/step - loss: 2.7759 - accuracy: 0.1429
Found 60 images belonging to 6 classes.
Found 5 images belonging to 6 classes.
Found 7 images belonging to 6 classes.
Epoch 1/10
2/2 [==============================] - 2s 744ms/step - loss: 7.2601 - accuracy: 0.0667 - val_loss: 6.3943 - val_accuracy: 0.2000 - lr: 5.0000e-04
Epoch 2/10
2/2 [==============================] - 1s 671ms/step - loss: 6.3147 - accuracy: 0.1333 - val_loss: 5.5816 - val_accuracy: 0.4000 - lr: 5.0000e-04
Epoch 3/10
2/2 [==============================] - 1s 682ms/step - loss: 5.6022 - accuracy: 0.2333 - val_loss: 5.1381 - val_accuracy: 0.2000 - lr: 5.0000e-04
Epoch 4/10
2/2 [==============================] - 1s 589ms/step - loss: 5.0300 - accuracy: 0.2667 - val_loss: 4.7300 - val_accuracy: 0.2000 - lr: 5.0000e-04
Epoch 5/10
2/2 [==============================] - 1s 682ms/step - loss: 4.5591 - accuracy: 0.1833 - val_loss: 4.3956 - val_accuracy: 0.0000e+00 - lr: 5.0000e-04
Epoch 6/10
2/2 [==============================] - 1s 707ms/step - loss: 4.2522 - accuracy: 0.1667 - val_loss: 4.1266 - val_accuracy: 0.2000 - lr: 5.0000e-04
Epoch 7/10
2/2 [==============================] - 1s 603ms/step - loss: 3.9877 - accuracy: 0.2333 - val_loss: 3.9154 - val_accuracy: 0.2000 - lr: 5.0000e-04
Epoch 8/10
2/2 [==============================] - 1s 668ms/step - loss: 3.8224 - accuracy: 0.2000 - val_loss: 3.7433 - val_accuracy: 0.2000 - lr: 5.0000e-04
Epoch 9/10
2/2 [==============================] - 1s 585ms/step - loss: 3.6953 - accuracy: 0.2167 - val_loss: 3.6142 - val_accuracy: 0.0000e+00 - lr: 5.0000e-04
Epoch 10/10
2/2 [==============================] - 1s 664ms/step - loss: 3.5409 - accuracy: 0.3000 - val_loss: 3.4968 - val_accuracy: 0.0000e+00 - lr: 5.0000e-04
1/1 [==============================] - 0s 128ms/step - loss: 3.5359 - accuracy: 0.0000e+00
Found 60 images belonging to 6 classes.
Found 5 images belonging to 6 classes.
Found 7 images belonging to 6 classes.
Epoch 1/20
2/2 [==============================] - 2s 755ms/step - loss: 7.0848 - accuracy: 0.2333 - val_loss: 6.3589 - val_accuracy: 0.2000 - lr: 5.0000e-04
Epoch 2/20
2/2 [==============================] - 1s 619ms/step - loss: 6.2037 - accuracy: 0.1667 - val_loss: 5.6264 - val_accuracy: 0.0000e+00 - lr: 5.0000e-04
Epoch 3/20
2/2 [==============================] - 1s 568ms/step - loss: 5.2992 - accuracy: 0.1667 - val_loss: 4.9614 - val_accuracy: 0.0000e+00 - lr: 5.0000e-04
Epoch 4/20
2/2 [==============================] - 1s 684ms/step - loss: 4.5302 - accuracy: 0.2667 - val_loss: 4.2544 - val_accuracy: 0.2000 - lr: 5.0000e-04
Epoch 5/20
2/2 [==============================] - 1s 583ms/step - loss: 4.1440 - accuracy: 0.1833 - val_loss: 3.7685 - val_accuracy: 0.4000 - lr: 5.0000e-04
Epoch 6/20
2/2 [==============================] - 1s 617ms/step - loss: 3.7724 - accuracy: 0.3167 - val_loss: 3.4765 - val_accuracy: 0.4000 - lr: 5.0000e-04
Epoch 7/20
2/2 [==============================] - 1s 574ms/step - loss: 3.5534 - accuracy: 0.2000 - val_loss: 3.3009 - val_accuracy: 0.6000 - lr: 5.0000e-04
Epoch 8/20
2/2 [==============================] - 1s 589ms/step - loss: 3.4360 - accuracy: 0.2333 - val_loss: 3.2086 - val_accuracy: 0.4000 - lr: 5.0000e-04
Epoch 9/20
2/2 [==============================] - 1s 714ms/step - loss: 3.3202 - accuracy: 0.2167 - val_loss: 3.1271 - val_accuracy: 0.4000 - lr: 5.0000e-04
Epoch 10/20
2/2 [==============================] - 1s 732ms/step - loss: 3.2426 - accuracy: 0.2500 - val_loss: 3.0680 - val_accuracy: 0.4000 - lr: 5.0000e-04
Epoch 11/20
2/2 [==============================] - 1s 580ms/step - loss: 3.1162 - accuracy: 0.3500 - val_loss: 3.0225 - val_accuracy: 0.2000 - lr: 5.0000e-04
Epoch 12/20
2/2 [==============================] - 1s 582ms/step - loss: 3.0795 - accuracy: 0.2667 - val_loss: 2.9632 - val_accuracy: 0.2000 - lr: 5.0000e-04
Epoch 13/20
2/2 [==============================] - 1s 593ms/step - loss: 3.0308 - accuracy: 0.2833 - val_loss: 2.8891 - val_accuracy: 0.4000 - lr: 5.0000e-04
Epoch 14/20
2/2 [==============================] - 1s 609ms/step - loss: 2.9492 - accuracy: 0.2667 - val_loss: 2.8203 - val_accuracy: 0.4000 - lr: 5.0000e-04
Epoch 15/20
2/2 [==============================] - 1s 674ms/step - loss: 2.8997 - accuracy: 0.2167 - val_loss: 2.7419 - val_accuracy: 0.4000 - lr: 5.0000e-04
Epoch 16/20
2/2 [==============================] - 1s 666ms/step - loss: 2.8307 - accuracy: 0.2833 - val_loss: 2.6646 - val_accuracy: 0.4000 - lr: 5.0000e-04
Epoch 17/20
2/2 [==============================] - 1s 595ms/step - loss: 2.7946 - accuracy: 0.2667 - val_loss: 2.6072 - val_accuracy: 0.4000 - lr: 5.0000e-04
Epoch 18/20
2/2 [==============================] - 1s 611ms/step - loss: 2.6214 - accuracy: 0.3667 - val_loss: 2.5880 - val_accuracy: 0.4000 - lr: 5.0000e-04
Epoch 19/20
2/2 [==============================] - 1s 680ms/step - loss: 2.6387 - accuracy: 0.2333 - val_loss: 2.5159 - val_accuracy: 0.4000 - lr: 5.0000e-04
Epoch 20/20
2/2 [==============================] - 1s 657ms/step - loss: 2.5866 - accuracy: 0.2833 - val_loss: 2.4165 - val_accuracy: 0.4000 - lr: 5.0000e-04
1/1 [==============================] - 0s 119ms/step - loss: 2.6061 - accuracy: 0.0000e+00
Found 60 images belonging to 6 classes.
Found 5 images belonging to 6 classes.
Found 7 images belonging to 6 classes.
Epoch 1/10
2/2 [==============================] - 3s 961ms/step - loss: 7.6746 - accuracy: 0.1500 - val_loss: 6.7663 - val_accuracy: 0.2000 - lr: 5.0000e-04
Epoch 2/10
2/2 [==============================] - 2s 728ms/step - loss: 6.6855 - accuracy: 0.1833 - val_loss: 6.1883 - val_accuracy: 0.4000 - lr: 5.0000e-04
Epoch 3/10
2/2 [==============================] - 1s 655ms/step - loss: 5.8868 - accuracy: 0.2500 - val_loss: 5.4674 - val_accuracy: 0.4000 - lr: 5.0000e-04
Epoch 4/10
2/2 [==============================] - 1s 767ms/step - loss: 5.3769 - accuracy: 0.2833 - val_loss: 4.9994 - val_accuracy: 0.4000 - lr: 5.0000e-04
Epoch 5/10
2/2 [==============================] - 1s 715ms/step - loss: 5.0882 - accuracy: 0.1833 - val_loss: 4.6606 - val_accuracy: 0.2000 - lr: 5.0000e-04
Epoch 6/10
2/2 [==============================] - 1s 654ms/step - loss: 4.8125 - accuracy: 0.1667 - val_loss: 4.4426 - val_accuracy: 0.4000 - lr: 5.0000e-04
Epoch 7/10
2/2 [==============================] - 1s 630ms/step - loss: 4.5195 - accuracy: 0.1667 - val_loss: 4.2958 - val_accuracy: 0.2000 - lr: 5.0000e-04
Epoch 8/10
2/2 [==============================] - 1s 760ms/step - loss: 4.3256 - accuracy: 0.1833 - val_loss: 4.1559 - val_accuracy: 0.2000 - lr: 5.0000e-04
Epoch 9/10
2/2 [==============================] - 1s 722ms/step - loss: 4.1671 - accuracy: 0.3000 - val_loss: 4.0392 - val_accuracy: 0.0000e+00 - lr: 5.0000e-04
Epoch 10/10
2/2 [==============================] - 1s 621ms/step - loss: 4.0679 - accuracy: 0.2333 - val_loss: 3.9336 - val_accuracy: 0.2000 - lr: 5.0000e-04
1/1 [==============================] - 0s 143ms/step - loss: 3.9763 - accuracy: 0.2857
Found 60 images belonging to 6 classes.
Found 5 images belonging to 6 classes.
Found 7 images belonging to 6 classes.
Epoch 1/20
2/2 [==============================] - 2s 944ms/step - loss: 7.2603 - accuracy: 0.1333 - val_loss: 6.4510 - val_accuracy: 0.0000e+00 - lr: 5.0000e-04
Epoch 2/20
2/2 [==============================] - 1s 730ms/step - loss: 6.5587 - accuracy: 0.1833 - val_loss: 5.9020 - val_accuracy: 0.2000 - lr: 5.0000e-04
Epoch 3/20
2/2 [==============================] - 1s 636ms/step - loss: 5.7161 - accuracy: 0.2167 - val_loss: 5.2361 - val_accuracy: 0.2000 - lr: 5.0000e-04
Epoch 4/20
2/2 [==============================] - 1s 589ms/step - loss: 5.0953 - accuracy: 0.3000 - val_loss: 4.7796 - val_accuracy: 0.6000 - lr: 5.0000e-04
Epoch 5/20
2/2 [==============================] - 1s 600ms/step - loss: 4.8523 - accuracy: 0.1833 - val_loss: 4.4327 - val_accuracy: 0.4000 - lr: 5.0000e-04
Epoch 6/20
2/2 [==============================] - 1s 620ms/step - loss: 4.4617 - accuracy: 0.2167 - val_loss: 4.1540 - val_accuracy: 0.4000 - lr: 5.0000e-04
Epoch 7/20
2/2 [==============================] - 1s 699ms/step - loss: 4.1942 - accuracy: 0.2333 - val_loss: 3.9501 - val_accuracy: 0.4000 - lr: 5.0000e-04
Epoch 8/20
2/2 [==============================] - 1s 724ms/step - loss: 4.0125 - accuracy: 0.1000 - val_loss: 3.7927 - val_accuracy: 0.4000 - lr: 5.0000e-04
Epoch 9/20
2/2 [==============================] - 1s 615ms/step - loss: 3.8322 - accuracy: 0.3333 - val_loss: 3.6677 - val_accuracy: 0.4000 - lr: 5.0000e-04
Epoch 10/20
2/2 [==============================] - 1s 623ms/step - loss: 3.7100 - accuracy: 0.2167 - val_loss: 3.5478 - val_accuracy: 0.2000 - lr: 5.0000e-04
Epoch 11/20
2/2 [==============================] - 1s 606ms/step - loss: 3.6023 - accuracy: 0.2833 - val_loss: 3.4279 - val_accuracy: 0.6000 - lr: 5.0000e-04
Epoch 12/20
2/2 [==============================] - 1s 720ms/step - loss: 3.4864 - accuracy: 0.2000 - val_loss: 3.3215 - val_accuracy: 0.6000 - lr: 5.0000e-04
Epoch 13/20
2/2 [==============================] - 1s 620ms/step - loss: 3.3606 - accuracy: 0.3500 - val_loss: 3.2067 - val_accuracy: 0.6000 - lr: 5.0000e-04
Epoch 14/20
2/2 [==============================] - 1s 720ms/step - loss: 3.3136 - accuracy: 0.2500 - val_loss: 3.0724 - val_accuracy: 0.6000 - lr: 5.0000e-04
Epoch 15/20
2/2 [==============================] - 1s 713ms/step - loss: 3.1892 - accuracy: 0.3167 - val_loss: 2.9762 - val_accuracy: 0.6000 - lr: 5.0000e-04
Epoch 16/20
2/2 [==============================] - 1s 611ms/step - loss: 3.1131 - accuracy: 0.3000 - val_loss: 2.9047 - val_accuracy: 0.6000 - lr: 5.0000e-04
Epoch 17/20
2/2 [==============================] - 1s 727ms/step - loss: 2.9473 - accuracy: 0.3333 - val_loss: 2.7855 - val_accuracy: 0.6000 - lr: 5.0000e-04
Epoch 18/20
2/2 [==============================] - 1s 739ms/step - loss: 2.9489 - accuracy: 0.3667 - val_loss: 2.7034 - val_accuracy: 0.4000 - lr: 5.0000e-04
Epoch 19/20
2/2 [==============================] - 1s 724ms/step - loss: 2.9410 - accuracy: 0.2167 - val_loss: 2.7074 - val_accuracy: 0.4000 - lr: 5.0000e-04
1/1 [==============================] - 0s 117ms/step - loss: 2.8916 - accuracy: 0.2857
Found 60 images belonging to 6 classes.
Found 5 images belonging to 6 classes.
Found 7 images belonging to 6 classes.
Epoch 1/10
2/2 [==============================] - 2s 743ms/step - loss: 7.1519 - accuracy: 0.1167 - val_loss: 7.0842 - val_accuracy: 0.0000e+00 - lr: 1.0000e-04
Epoch 2/10
2/2 [==============================] - 1s 518ms/step - loss: 6.9501 - accuracy: 0.1500 - val_loss: 6.9397 - val_accuracy: 0.2000 - lr: 1.0000e-04
Epoch 3/10
2/2 [==============================] - 1s 553ms/step - loss: 6.8010 - accuracy: 0.2167 - val_loss: 6.7754 - val_accuracy: 0.2000 - lr: 1.0000e-04
Epoch 4/10
2/2 [==============================] - 1s 561ms/step - loss: 6.7082 - accuracy: 0.1500 - val_loss: 6.6247 - val_accuracy: 0.4000 - lr: 1.0000e-04
Epoch 5/10
2/2 [==============================] - 1s 498ms/step - loss: 6.5332 - accuracy: 0.1833 - val_loss: 6.5190 - val_accuracy: 0.4000 - lr: 1.0000e-04
Epoch 6/10
2/2 [==============================] - 1s 582ms/step - loss: 6.4420 - accuracy: 0.2333 - val_loss: 6.3930 - val_accuracy: 0.4000 - lr: 1.0000e-04
Epoch 7/10
2/2 [==============================] - 1s 579ms/step - loss: 6.3048 - accuracy: 0.2167 - val_loss: 6.2709 - val_accuracy: 0.2000 - lr: 1.0000e-04
Epoch 8/10
2/2 [==============================] - 1s 559ms/step - loss: 6.1301 - accuracy: 0.3333 - val_loss: 6.1623 - val_accuracy: 0.2000 - lr: 1.0000e-04
Epoch 9/10
2/2 [==============================] - 1s 568ms/step - loss: 6.1265 - accuracy: 0.1500 - val_loss: 6.0469 - val_accuracy: 0.2000 - lr: 1.0000e-04
Epoch 10/10
2/2 [==============================] - 1s 585ms/step - loss: 5.9663 - accuracy: 0.2833 - val_loss: 5.9220 - val_accuracy: 0.2000 - lr: 1.0000e-04
1/1 [==============================] - 0s 113ms/step - loss: 6.1305 - accuracy: 0.0000e+00
Found 60 images belonging to 6 classes.
Found 5 images belonging to 6 classes.
Found 7 images belonging to 6 classes.
Epoch 1/20
2/2 [==============================] - 2s 714ms/step - loss: 7.1487 - accuracy: 0.1500 - val_loss: 6.9186 - val_accuracy: 0.2000 - lr: 1.0000e-04
Epoch 2/20
2/2 [==============================] - 1s 649ms/step - loss: 6.9873 - accuracy: 0.1667 - val_loss: 6.7913 - val_accuracy: 0.2000 - lr: 1.0000e-04
Epoch 3/20
2/2 [==============================] - 1s 546ms/step - loss: 6.8879 - accuracy: 0.1333 - val_loss: 6.6597 - val_accuracy: 0.2000 - lr: 1.0000e-04
Epoch 4/20
2/2 [==============================] - 1s 515ms/step - loss: 6.7610 - accuracy: 0.1667 - val_loss: 6.5457 - val_accuracy: 0.2000 - lr: 1.0000e-04
Epoch 5/20
2/2 [==============================] - 1s 519ms/step - loss: 6.5592 - accuracy: 0.2500 - val_loss: 6.4162 - val_accuracy: 0.4000 - lr: 1.0000e-04
Epoch 6/20
2/2 [==============================] - 1s 516ms/step - loss: 6.4456 - accuracy: 0.2333 - val_loss: 6.2542 - val_accuracy: 0.4000 - lr: 1.0000e-04
Epoch 7/20
2/2 [==============================] - 1s 514ms/step - loss: 6.3777 - accuracy: 0.2167 - val_loss: 6.1088 - val_accuracy: 0.6000 - lr: 1.0000e-04
Epoch 8/20
2/2 [==============================] - 1s 597ms/step - loss: 6.2181 - accuracy: 0.2000 - val_loss: 5.9558 - val_accuracy: 1.0000 - lr: 1.0000e-04
Epoch 9/20
2/2 [==============================] - 1s 515ms/step - loss: 6.1078 - accuracy: 0.3167 - val_loss: 5.7910 - val_accuracy: 0.6000 - lr: 1.0000e-04
Epoch 10/20
2/2 [==============================] - 1s 598ms/step - loss: 6.0037 - accuracy: 0.2500 - val_loss: 5.6411 - val_accuracy: 0.6000 - lr: 1.0000e-04
Epoch 11/20
2/2 [==============================] - 1s 611ms/step - loss: 5.9238 - accuracy: 0.2500 - val_loss: 5.5023 - val_accuracy: 0.8000 - lr: 1.0000e-04
Epoch 12/20
2/2 [==============================] - 1s 536ms/step - loss: 5.8289 - accuracy: 0.1000 - val_loss: 5.4168 - val_accuracy: 0.6000 - lr: 1.0000e-04
Epoch 13/20
2/2 [==============================] - 1s 511ms/step - loss: 5.6563 - accuracy: 0.3667 - val_loss: 5.3407 - val_accuracy: 0.6000 - lr: 1.0000e-04
Epoch 14/20
2/2 [==============================] - 1s 581ms/step - loss: 5.6108 - accuracy: 0.1833 - val_loss: 5.2849 - val_accuracy: 0.6000 - lr: 1.0000e-04
Epoch 15/20
2/2 [==============================] - 1s 578ms/step - loss: 5.4692 - accuracy: 0.2500 - val_loss: 5.2360 - val_accuracy: 0.6000 - lr: 1.0000e-04
Epoch 16/20
2/2 [==============================] - 1s 501ms/step - loss: 5.3696 - accuracy: 0.3000 - val_loss: 5.1976 - val_accuracy: 0.4000 - lr: 1.0000e-04
Epoch 17/20
2/2 [==============================] - 1s 541ms/step - loss: 5.3030 - accuracy: 0.2333 - val_loss: 5.1551 - val_accuracy: 0.2000 - lr: 1.0000e-04
Epoch 18/20
2/2 [==============================] - 1s 586ms/step - loss: 5.1895 - accuracy: 0.2833 - val_loss: 5.0892 - val_accuracy: 0.2000 - lr: 1.0000e-04
Epoch 19/20
2/2 [==============================] - 1s 577ms/step - loss: 5.1082 - accuracy: 0.2667 - val_loss: 5.0143 - val_accuracy: 0.2000 - lr: 1.0000e-04
Epoch 20/20
2/2 [==============================] - 1s 533ms/step - loss: 5.0651 - accuracy: 0.2500 - val_loss: 4.9446 - val_accuracy: 0.2000 - lr: 1.0000e-04
1/1 [==============================] - 0s 125ms/step - loss: 4.9959 - accuracy: 0.1429
Found 60 images belonging to 6 classes.
Found 5 images belonging to 6 classes.
Found 7 images belonging to 6 classes.
Epoch 1/10
2/2 [==============================] - 2s 743ms/step - loss: 7.1863 - accuracy: 0.1667 - val_loss: 6.9333 - val_accuracy: 0.6000 - lr: 1.0000e-04
Epoch 2/10
2/2 [==============================] - 1s 518ms/step - loss: 7.1057 - accuracy: 0.2167 - val_loss: 6.9859 - val_accuracy: 0.4000 - lr: 1.0000e-04
1/1 [==============================] - 0s 114ms/step - loss: 7.1167 - accuracy: 0.2857
Found 60 images belonging to 6 classes.
Found 5 images belonging to 6 classes.
Found 7 images belonging to 6 classes.
Epoch 1/20
2/2 [==============================] - 2s 708ms/step - loss: 7.1361 - accuracy: 0.1000 - val_loss: 7.0257 - val_accuracy: 0.2000 - lr: 1.0000e-04
Epoch 2/20
2/2 [==============================] - 1s 513ms/step - loss: 6.9779 - accuracy: 0.1167 - val_loss: 6.8752 - val_accuracy: 0.2000 - lr: 1.0000e-04
Epoch 3/20
2/2 [==============================] - 1s 583ms/step - loss: 6.8420 - accuracy: 0.1667 - val_loss: 6.7022 - val_accuracy: 0.2000 - lr: 1.0000e-04
Epoch 4/20
2/2 [==============================] - 1s 528ms/step - loss: 6.7236 - accuracy: 0.1500 - val_loss: 6.5480 - val_accuracy: 0.2000 - lr: 1.0000e-04
Epoch 5/20
2/2 [==============================] - 1s 555ms/step - loss: 6.6062 - accuracy: 0.1667 - val_loss: 6.3927 - val_accuracy: 0.4000 - lr: 1.0000e-04
Epoch 6/20
2/2 [==============================] - 1s 558ms/step - loss: 6.4201 - accuracy: 0.3167 - val_loss: 6.2265 - val_accuracy: 0.6000 - lr: 1.0000e-04
Epoch 7/20
2/2 [==============================] - 1s 577ms/step - loss: 6.3387 - accuracy: 0.2333 - val_loss: 6.1048 - val_accuracy: 0.6000 - lr: 1.0000e-04
Epoch 8/20
2/2 [==============================] - 1s 480ms/step - loss: 6.1711 - accuracy: 0.3500 - val_loss: 5.9956 - val_accuracy: 0.4000 - lr: 1.0000e-04
Epoch 9/20
2/2 [==============================] - 1s 605ms/step - loss: 6.1442 - accuracy: 0.2167 - val_loss: 5.9072 - val_accuracy: 0.4000 - lr: 1.0000e-04
Epoch 10/20
2/2 [==============================] - 1s 518ms/step - loss: 5.9765 - accuracy: 0.2167 - val_loss: 5.8158 - val_accuracy: 0.4000 - lr: 1.0000e-04
Epoch 11/20
2/2 [==============================] - 1s 561ms/step - loss: 5.9025 - accuracy: 0.2500 - val_loss: 5.7045 - val_accuracy: 0.4000 - lr: 1.0000e-04
Epoch 12/20
2/2 [==============================] - 1s 505ms/step - loss: 5.7400 - accuracy: 0.2667 - val_loss: 5.5832 - val_accuracy: 0.4000 - lr: 1.0000e-04
Epoch 13/20
2/2 [==============================] - 1s 493ms/step - loss: 5.6496 - accuracy: 0.2333 - val_loss: 5.4619 - val_accuracy: 0.4000 - lr: 1.0000e-04
Epoch 14/20
2/2 [==============================] - 1s 528ms/step - loss: 5.5722 - accuracy: 0.2167 - val_loss: 5.3381 - val_accuracy: 0.4000 - lr: 1.0000e-04
Epoch 15/20
2/2 [==============================] - 1s 513ms/step - loss: 5.4557 - accuracy: 0.3167 - val_loss: 5.2231 - val_accuracy: 0.4000 - lr: 1.0000e-04
Epoch 16/20
2/2 [==============================] - 1s 597ms/step - loss: 5.3110 - accuracy: 0.3000 - val_loss: 5.1134 - val_accuracy: 0.4000 - lr: 1.0000e-04
Epoch 17/20
2/2 [==============================] - 1s 558ms/step - loss: 5.2786 - accuracy: 0.2667 - val_loss: 5.0158 - val_accuracy: 0.4000 - lr: 1.0000e-04
Epoch 18/20
2/2 [==============================] - 1s 491ms/step - loss: 5.1487 - accuracy: 0.3167 - val_loss: 4.9180 - val_accuracy: 0.4000 - lr: 1.0000e-04
Epoch 19/20
2/2 [==============================] - 1s 492ms/step - loss: 5.0292 - accuracy: 0.3333 - val_loss: 4.8104 - val_accuracy: 0.4000 - lr: 1.0000e-04
Epoch 20/20
2/2 [==============================] - 1s 510ms/step - loss: 4.9878 - accuracy: 0.2500 - val_loss: 4.7142 - val_accuracy: 0.2000 - lr: 1.0000e-04
1/1 [==============================] - 0s 109ms/step - loss: 4.8635 - accuracy: 0.2857
Found 60 images belonging to 6 classes.
Found 5 images belonging to 6 classes.
Found 7 images belonging to 6 classes.
Epoch 1/10
2/2 [==============================] - 2s 773ms/step - loss: 7.1019 - accuracy: 0.1500 - val_loss: 6.9242 - val_accuracy: 0.2000 - lr: 1.0000e-04
Epoch 2/10
2/2 [==============================] - 1s 556ms/step - loss: 6.9698 - accuracy: 0.1833 - val_loss: 6.7035 - val_accuracy: 0.2000 - lr: 1.0000e-04
Epoch 3/10
2/2 [==============================] - 1s 563ms/step - loss: 6.8942 - accuracy: 0.1333 - val_loss: 6.6249 - val_accuracy: 0.2000 - lr: 1.0000e-04
Epoch 4/10
2/2 [==============================] - 1s 586ms/step - loss: 6.6857 - accuracy: 0.1167 - val_loss: 6.5935 - val_accuracy: 0.0000e+00 - lr: 1.0000e-04
Epoch 5/10
2/2 [==============================] - 1s 550ms/step - loss: 6.5861 - accuracy: 0.1667 - val_loss: 6.5624 - val_accuracy: 0.0000e+00 - lr: 1.0000e-04
Epoch 6/10
2/2 [==============================] - 1s 516ms/step - loss: 6.4876 - accuracy: 0.2500 - val_loss: 6.4533 - val_accuracy: 0.0000e+00 - lr: 1.0000e-04
Epoch 7/10
2/2 [==============================] - 1s 607ms/step - loss: 6.3297 - accuracy: 0.2167 - val_loss: 6.3689 - val_accuracy: 0.0000e+00 - lr: 1.0000e-04
Epoch 8/10
2/2 [==============================] - 1s 506ms/step - loss: 6.2245 - accuracy: 0.2333 - val_loss: 6.2484 - val_accuracy: 0.0000e+00 - lr: 1.0000e-04
Epoch 9/10
2/2 [==============================] - 1s 569ms/step - loss: 6.0523 - accuracy: 0.2833 - val_loss: 6.0995 - val_accuracy: 0.2000 - lr: 1.0000e-04
Epoch 10/10
2/2 [==============================] - 1s 512ms/step - loss: 5.9776 - accuracy: 0.2500 - val_loss: 5.9486 - val_accuracy: 0.4000 - lr: 1.0000e-04
1/1 [==============================] - 0s 111ms/step - loss: 6.0495 - accuracy: 0.1429
Found 60 images belonging to 6 classes.
Found 5 images belonging to 6 classes.
Found 7 images belonging to 6 classes.
Epoch 1/20
2/2 [==============================] - 2s 746ms/step - loss: 7.1222 - accuracy: 0.1167 - val_loss: 7.0297 - val_accuracy: 0.0000e+00 - lr: 1.0000e-04
Epoch 2/20
2/2 [==============================] - 1s 542ms/step - loss: 6.9609 - accuracy: 0.1667 - val_loss: 6.8687 - val_accuracy: 0.2000 - lr: 1.0000e-04
Epoch 3/20
2/2 [==============================] - 1s 541ms/step - loss: 6.7880 - accuracy: 0.2667 - val_loss: 6.6758 - val_accuracy: 0.4000 - lr: 1.0000e-04
Epoch 4/20
2/2 [==============================] - 1s 565ms/step - loss: 6.6245 - accuracy: 0.1500 - val_loss: 6.4655 - val_accuracy: 0.4000 - lr: 1.0000e-04
Epoch 5/20
2/2 [==============================] - 1s 498ms/step - loss: 6.4861 - accuracy: 0.1667 - val_loss: 6.2882 - val_accuracy: 0.4000 - lr: 1.0000e-04
Epoch 6/20
2/2 [==============================] - 1s 553ms/step - loss: 6.3762 - accuracy: 0.2000 - val_loss: 6.1156 - val_accuracy: 0.4000 - lr: 1.0000e-04
Epoch 7/20
2/2 [==============================] - 1s 576ms/step - loss: 6.1921 - accuracy: 0.2000 - val_loss: 5.9472 - val_accuracy: 0.2000 - lr: 1.0000e-04
Epoch 8/20
2/2 [==============================] - 1s 525ms/step - loss: 6.0495 - accuracy: 0.2000 - val_loss: 5.8039 - val_accuracy: 0.2000 - lr: 1.0000e-04
Epoch 9/20
2/2 [==============================] - 1s 601ms/step - loss: 5.9184 - accuracy: 0.2500 - val_loss: 5.6751 - val_accuracy: 0.2000 - lr: 1.0000e-04
Epoch 10/20
2/2 [==============================] - 1s 564ms/step - loss: 5.7903 - accuracy: 0.2333 - val_loss: 5.5483 - val_accuracy: 0.2000 - lr: 1.0000e-04
Epoch 11/20
2/2 [==============================] - 1s 534ms/step - loss: 5.7137 - accuracy: 0.2000 - val_loss: 5.4309 - val_accuracy: 0.4000 - lr: 1.0000e-04
Epoch 12/20
2/2 [==============================] - 1s 515ms/step - loss: 5.5835 - accuracy: 0.2000 - val_loss: 5.3256 - val_accuracy: 0.2000 - lr: 1.0000e-04
Epoch 13/20
2/2 [==============================] - 1s 558ms/step - loss: 5.4222 - accuracy: 0.2833 - val_loss: 5.2206 - val_accuracy: 0.6000 - lr: 1.0000e-04
Epoch 14/20
2/2 [==============================] - 1s 561ms/step - loss: 5.3554 - accuracy: 0.2167 - val_loss: 5.1113 - val_accuracy: 0.4000 - lr: 1.0000e-04
Epoch 15/20
2/2 [==============================] - 1s 490ms/step - loss: 5.2452 - accuracy: 0.2000 - val_loss: 5.0167 - val_accuracy: 0.4000 - lr: 1.0000e-04
Epoch 16/20
2/2 [==============================] - 1s 500ms/step - loss: 5.1275 - accuracy: 0.1833 - val_loss: 4.9371 - val_accuracy: 0.4000 - lr: 1.0000e-04
Epoch 17/20
2/2 [==============================] - 1s 521ms/step - loss: 5.0595 - accuracy: 0.1500 - val_loss: 4.8659 - val_accuracy: 0.4000 - lr: 1.0000e-04
Epoch 18/20
2/2 [==============================] - 1s 526ms/step - loss: 4.9145 - accuracy: 0.3500 - val_loss: 4.7899 - val_accuracy: 0.4000 - lr: 1.0000e-04
Epoch 19/20
2/2 [==============================] - 1s 506ms/step - loss: 4.8336 - accuracy: 0.2667 - val_loss: 4.7116 - val_accuracy: 0.4000 - lr: 1.0000e-04
Epoch 20/20
2/2 [==============================] - 1s 548ms/step - loss: 4.7229 - accuracy: 0.3000 - val_loss: 4.6311 - val_accuracy: 0.4000 - lr: 1.0000e-04
1/1 [==============================] - 0s 107ms/step - loss: 4.6300 - accuracy: 0.1429
Found 60 images belonging to 6 classes.
Found 5 images belonging to 6 classes.
Found 7 images belonging to 6 classes.
Epoch 1/10
2/2 [==============================] - 2s 692ms/step - loss: 7.1585 - accuracy: 0.1333 - val_loss: 6.9816 - val_accuracy: 0.2000 - lr: 1.0000e-04
Epoch 2/10
2/2 [==============================] - 1s 520ms/step - loss: 7.0289 - accuracy: 0.1500 - val_loss: 6.7160 - val_accuracy: 0.2000 - lr: 1.0000e-04
Epoch 3/10
2/2 [==============================] - 1s 505ms/step - loss: 6.9143 - accuracy: 0.1667 - val_loss: 6.6799 - val_accuracy: 0.2000 - lr: 1.0000e-04
Epoch 4/10
2/2 [==============================] - 1s 563ms/step - loss: 6.7327 - accuracy: 0.2667 - val_loss: 6.6576 - val_accuracy: 0.4000 - lr: 1.0000e-04
Epoch 5/10
2/2 [==============================] - 1s 514ms/step - loss: 6.6460 - accuracy: 0.2333 - val_loss: 6.5533 - val_accuracy: 0.4000 - lr: 1.0000e-04
Epoch 6/10
2/2 [==============================] - 1s 498ms/step - loss: 6.6263 - accuracy: 0.2333 - val_loss: 6.4659 - val_accuracy: 0.4000 - lr: 1.0000e-04
Epoch 7/10
2/2 [==============================] - 1s 499ms/step - loss: 6.4308 - accuracy: 0.3167 - val_loss: 6.3077 - val_accuracy: 0.4000 - lr: 1.0000e-04
Epoch 8/10
2/2 [==============================] - 1s 506ms/step - loss: 6.3227 - accuracy: 0.2333 - val_loss: 6.1878 - val_accuracy: 0.4000 - lr: 1.0000e-04
Epoch 9/10
2/2 [==============================] - 1s 500ms/step - loss: 6.2857 - accuracy: 0.1833 - val_loss: 6.0910 - val_accuracy: 0.4000 - lr: 1.0000e-04
Epoch 10/10
2/2 [==============================] - 1s 495ms/step - loss: 6.1515 - accuracy: 0.2167 - val_loss: 5.9959 - val_accuracy: 0.4000 - lr: 1.0000e-04
1/1 [==============================] - 0s 109ms/step - loss: 6.1021 - accuracy: 0.1429
Found 60 images belonging to 6 classes.
Found 5 images belonging to 6 classes.
Found 7 images belonging to 6 classes.
Epoch 1/20
2/2 [==============================] - 2s 1s/step - loss: 7.1371 - accuracy: 0.2000 - val_loss: 7.1021 - val_accuracy: 0.0000e+00 - lr: 1.0000e-04
Epoch 2/20
2/2 [==============================] - 1s 507ms/step - loss: 7.0237 - accuracy: 0.1667 - val_loss: 6.8795 - val_accuracy: 0.0000e+00 - lr: 1.0000e-04
Epoch 3/20
2/2 [==============================] - 1s 579ms/step - loss: 6.8443 - accuracy: 0.2667 - val_loss: 6.7660 - val_accuracy: 0.2000 - lr: 1.0000e-04
Epoch 4/20
2/2 [==============================] - 1s 521ms/step - loss: 6.7480 - accuracy: 0.2333 - val_loss: 6.6645 - val_accuracy: 0.0000e+00 - lr: 1.0000e-04
Epoch 5/20
2/2 [==============================] - 1s 569ms/step - loss: 6.7130 - accuracy: 0.1500 - val_loss: 6.5722 - val_accuracy: 0.2000 - lr: 1.0000e-04
Epoch 6/20
2/2 [==============================] - 1s 583ms/step - loss: 6.5030 - accuracy: 0.2000 - val_loss: 6.4851 - val_accuracy: 0.0000e+00 - lr: 1.0000e-04
Epoch 7/20
2/2 [==============================] - 1s 597ms/step - loss: 6.3884 - accuracy: 0.2167 - val_loss: 6.3815 - val_accuracy: 0.0000e+00 - lr: 1.0000e-04
Epoch 8/20
2/2 [==============================] - 1s 500ms/step - loss: 6.3101 - accuracy: 0.1833 - val_loss: 6.2501 - val_accuracy: 0.0000e+00 - lr: 1.0000e-04
Epoch 9/20
2/2 [==============================] - 1s 532ms/step - loss: 6.1874 - accuracy: 0.2333 - val_loss: 6.1487 - val_accuracy: 0.0000e+00 - lr: 1.0000e-04
Epoch 10/20
2/2 [==============================] - 1s 544ms/step - loss: 6.0711 - accuracy: 0.2667 - val_loss: 6.0518 - val_accuracy: 0.0000e+00 - lr: 1.0000e-04
Epoch 11/20
2/2 [==============================] - 1s 517ms/step - loss: 5.9353 - accuracy: 0.1667 - val_loss: 5.9406 - val_accuracy: 0.2000 - lr: 1.0000e-04
Epoch 12/20
2/2 [==============================] - 1s 514ms/step - loss: 5.8852 - accuracy: 0.2000 - val_loss: 5.8255 - val_accuracy: 0.4000 - lr: 1.0000e-04
Epoch 13/20
2/2 [==============================] - 1s 582ms/step - loss: 5.7559 - accuracy: 0.2500 - val_loss: 5.7210 - val_accuracy: 0.4000 - lr: 1.0000e-04
Epoch 14/20
2/2 [==============================] - 1s 511ms/step - loss: 5.6303 - accuracy: 0.2667 - val_loss: 5.6345 - val_accuracy: 0.4000 - lr: 1.0000e-04
Epoch 15/20
2/2 [==============================] - 1s 516ms/step - loss: 5.5332 - accuracy: 0.2667 - val_loss: 5.5437 - val_accuracy: 0.4000 - lr: 1.0000e-04
Epoch 16/20
2/2 [==============================] - 1s 499ms/step - loss: 5.5011 - accuracy: 0.1833 - val_loss: 5.4337 - val_accuracy: 0.4000 - lr: 1.0000e-04
Epoch 17/20
2/2 [==============================] - 1s 582ms/step - loss: 5.3358 - accuracy: 0.3000 - val_loss: 5.3364 - val_accuracy: 0.4000 - lr: 1.0000e-04
Epoch 18/20
2/2 [==============================] - 1s 570ms/step - loss: 5.3795 - accuracy: 0.1333 - val_loss: 5.2664 - val_accuracy: 0.4000 - lr: 1.0000e-04
Epoch 19/20
2/2 [==============================] - 1s 567ms/step - loss: 5.2954 - accuracy: 0.1667 - val_loss: 5.1959 - val_accuracy: 0.2000 - lr: 1.0000e-04
Epoch 20/20
2/2 [==============================] - 1s 586ms/step - loss: 5.1321 - accuracy: 0.3000 - val_loss: 5.1126 - val_accuracy: 0.2000 - lr: 1.0000e-04
1/1 [==============================] - 0s 113ms/step - loss: 5.2106 - accuracy: 0.1429
Found 60 images belonging to 6 classes.
Found 5 images belonging to 6 classes.
Found 7 images belonging to 6 classes.
Epoch 1/10
2/2 [==============================] - 2s 908ms/step - loss: 7.3830 - accuracy: 0.1500 - val_loss: 7.2121 - val_accuracy: 0.2000 - lr: 1.0000e-04
Epoch 2/10
2/2 [==============================] - 1s 725ms/step - loss: 7.1443 - accuracy: 0.2000 - val_loss: 6.9354 - val_accuracy: 0.4000 - lr: 1.0000e-04
Epoch 3/10
2/2 [==============================] - 1s 624ms/step - loss: 6.9573 - accuracy: 0.1667 - val_loss: 6.7138 - val_accuracy: 0.2000 - lr: 1.0000e-04
Epoch 4/10
2/2 [==============================] - 1s 708ms/step - loss: 6.7459 - accuracy: 0.1167 - val_loss: 6.5273 - val_accuracy: 0.2000 - lr: 1.0000e-04
Epoch 5/10
2/2 [==============================] - 1s 703ms/step - loss: 6.5361 - accuracy: 0.1667 - val_loss: 6.3301 - val_accuracy: 0.0000e+00 - lr: 1.0000e-04
Epoch 6/10
2/2 [==============================] - 1s 706ms/step - loss: 6.3843 - accuracy: 0.1500 - val_loss: 6.1456 - val_accuracy: 0.0000e+00 - lr: 1.0000e-04
Epoch 7/10
2/2 [==============================] - 1s 595ms/step - loss: 6.1537 - accuracy: 0.2667 - val_loss: 5.9859 - val_accuracy: 0.4000 - lr: 1.0000e-04
Epoch 8/10
2/2 [==============================] - 1s 631ms/step - loss: 6.0103 - accuracy: 0.1833 - val_loss: 5.8667 - val_accuracy: 0.2000 - lr: 1.0000e-04
Epoch 9/10
2/2 [==============================] - 1s 672ms/step - loss: 5.8231 - accuracy: 0.2000 - val_loss: 5.7534 - val_accuracy: 0.2000 - lr: 1.0000e-04
Epoch 10/10
2/2 [==============================] - 1s 724ms/step - loss: 5.7167 - accuracy: 0.2500 - val_loss: 5.6100 - val_accuracy: 0.2000 - lr: 1.0000e-04
1/1 [==============================] - 0s 129ms/step - loss: 5.4924 - accuracy: 0.1429
Found 60 images belonging to 6 classes.
Found 5 images belonging to 6 classes.
Found 7 images belonging to 6 classes.
Epoch 1/20
2/2 [==============================] - 2s 801ms/step - loss: 7.3382 - accuracy: 0.1667 - val_loss: 7.1786 - val_accuracy: 0.0000e+00 - lr: 1.0000e-04
Epoch 2/20
2/2 [==============================] - 1s 596ms/step - loss: 7.1705 - accuracy: 0.1667 - val_loss: 7.0560 - val_accuracy: 0.0000e+00 - lr: 1.0000e-04
Epoch 3/20
2/2 [==============================] - 1s 611ms/step - loss: 6.9950 - accuracy: 0.1333 - val_loss: 6.8226 - val_accuracy: 0.0000e+00 - lr: 1.0000e-04
Epoch 4/20
2/2 [==============================] - 1s 632ms/step - loss: 6.7262 - accuracy: 0.1333 - val_loss: 6.6583 - val_accuracy: 0.2000 - lr: 1.0000e-04
Epoch 5/20
2/2 [==============================] - 1s 719ms/step - loss: 6.5498 - accuracy: 0.2167 - val_loss: 6.5027 - val_accuracy: 0.0000e+00 - lr: 1.0000e-04
Epoch 6/20
2/2 [==============================] - 1s 623ms/step - loss: 6.3664 - accuracy: 0.1833 - val_loss: 6.3348 - val_accuracy: 0.0000e+00 - lr: 1.0000e-04
Epoch 7/20
2/2 [==============================] - 1s 714ms/step - loss: 6.2512 - accuracy: 0.2000 - val_loss: 6.1372 - val_accuracy: 0.0000e+00 - lr: 1.0000e-04
Epoch 8/20
2/2 [==============================] - 1s 608ms/step - loss: 6.0707 - accuracy: 0.2167 - val_loss: 5.9603 - val_accuracy: 0.2000 - lr: 1.0000e-04
Epoch 9/20
2/2 [==============================] - 1s 601ms/step - loss: 5.8231 - accuracy: 0.3167 - val_loss: 5.8303 - val_accuracy: 0.2000 - lr: 1.0000e-04
Epoch 10/20
2/2 [==============================] - 1s 697ms/step - loss: 5.7003 - accuracy: 0.2333 - val_loss: 5.7115 - val_accuracy: 0.2000 - lr: 1.0000e-04
Epoch 11/20
2/2 [==============================] - 1s 712ms/step - loss: 5.5901 - accuracy: 0.1833 - val_loss: 5.5544 - val_accuracy: 0.2000 - lr: 1.0000e-04
Epoch 12/20
2/2 [==============================] - 1s 626ms/step - loss: 5.3854 - accuracy: 0.3167 - val_loss: 5.4004 - val_accuracy: 0.2000 - lr: 1.0000e-04
Epoch 13/20
2/2 [==============================] - 1s 610ms/step - loss: 5.3602 - accuracy: 0.1667 - val_loss: 5.2410 - val_accuracy: 0.2000 - lr: 1.0000e-04
Epoch 14/20
2/2 [==============================] - 1s 693ms/step - loss: 5.1790 - accuracy: 0.2500 - val_loss: 5.1009 - val_accuracy: 0.2000 - lr: 1.0000e-04
Epoch 15/20
2/2 [==============================] - 1s 594ms/step - loss: 5.1165 - accuracy: 0.2333 - val_loss: 4.9755 - val_accuracy: 0.4000 - lr: 1.0000e-04
Epoch 16/20
2/2 [==============================] - 1s 721ms/step - loss: 4.9218 - accuracy: 0.3000 - val_loss: 4.8750 - val_accuracy: 0.2000 - lr: 1.0000e-04
Epoch 17/20
2/2 [==============================] - 1s 618ms/step - loss: 4.8578 - accuracy: 0.2500 - val_loss: 4.7786 - val_accuracy: 0.2000 - lr: 1.0000e-04
Epoch 18/20
2/2 [==============================] - 1s 703ms/step - loss: 4.7910 - accuracy: 0.1500 - val_loss: 4.6758 - val_accuracy: 0.2000 - lr: 1.0000e-04
Epoch 19/20
2/2 [==============================] - 1s 732ms/step - loss: 4.6074 - accuracy: 0.2833 - val_loss: 4.5784 - val_accuracy: 0.2000 - lr: 1.0000e-04
Epoch 20/20
2/2 [==============================] - 1s 604ms/step - loss: 4.5463 - accuracy: 0.2500 - val_loss: 4.4655 - val_accuracy: 0.2000 - lr: 1.0000e-04
1/1 [==============================] - 0s 118ms/step - loss: 4.3800 - accuracy: 0.4286
Found 60 images belonging to 6 classes.
Found 5 images belonging to 6 classes.
Found 7 images belonging to 6 classes.
Epoch 1/10
2/2 [==============================] - 2s 793ms/step - loss: 7.3282 - accuracy: 0.1333 - val_loss: 7.0362 - val_accuracy: 0.2000 - lr: 1.0000e-04
Epoch 2/10
2/2 [==============================] - 1s 595ms/step - loss: 7.1238 - accuracy: 0.2333 - val_loss: 6.8442 - val_accuracy: 0.2000 - lr: 1.0000e-04
Epoch 3/10
2/2 [==============================] - 1s 706ms/step - loss: 6.9014 - accuracy: 0.2333 - val_loss: 6.7684 - val_accuracy: 0.0000e+00 - lr: 1.0000e-04
Epoch 4/10
2/2 [==============================] - 1s 602ms/step - loss: 6.7572 - accuracy: 0.1833 - val_loss: 6.6078 - val_accuracy: 0.0000e+00 - lr: 1.0000e-04
Epoch 5/10
2/2 [==============================] - 1s 689ms/step - loss: 6.5133 - accuracy: 0.2333 - val_loss: 6.3785 - val_accuracy: 0.4000 - lr: 1.0000e-04
Epoch 6/10
2/2 [==============================] - 1s 711ms/step - loss: 6.3782 - accuracy: 0.2167 - val_loss: 6.2074 - val_accuracy: 0.2000 - lr: 1.0000e-04
Epoch 7/10
2/2 [==============================] - 1s 706ms/step - loss: 6.3118 - accuracy: 0.1667 - val_loss: 5.9579 - val_accuracy: 0.2000 - lr: 1.0000e-04
Epoch 8/10
2/2 [==============================] - 1s 619ms/step - loss: 6.0415 - accuracy: 0.2333 - val_loss: 5.7293 - val_accuracy: 0.4000 - lr: 1.0000e-04
Epoch 9/10
2/2 [==============================] - 1s 687ms/step - loss: 5.8973 - accuracy: 0.3000 - val_loss: 5.5527 - val_accuracy: 0.6000 - lr: 1.0000e-04
Epoch 10/10
2/2 [==============================] - 1s 614ms/step - loss: 5.7378 - accuracy: 0.2167 - val_loss: 5.3918 - val_accuracy: 0.4000 - lr: 1.0000e-04
1/1 [==============================] - 0s 121ms/step - loss: 5.6734 - accuracy: 0.0000e+00
Found 60 images belonging to 6 classes.
Found 5 images belonging to 6 classes.
Found 7 images belonging to 6 classes.
Epoch 1/20
2/2 [==============================] - 2s 799ms/step - loss: 7.3289 - accuracy: 0.1333 - val_loss: 7.1347 - val_accuracy: 0.2000 - lr: 1.0000e-04
Epoch 2/20
2/2 [==============================] - 1s 569ms/step - loss: 7.1481 - accuracy: 0.1833 - val_loss: 6.9531 - val_accuracy: 0.2000 - lr: 1.0000e-04
Epoch 3/20
2/2 [==============================] - 1s 599ms/step - loss: 6.9048 - accuracy: 0.2167 - val_loss: 6.8442 - val_accuracy: 0.2000 - lr: 1.0000e-04
Epoch 4/20
2/2 [==============================] - 1s 618ms/step - loss: 6.6583 - accuracy: 0.2833 - val_loss: 6.6919 - val_accuracy: 0.2000 - lr: 1.0000e-04
Epoch 5/20
2/2 [==============================] - 1s 606ms/step - loss: 6.5402 - accuracy: 0.2333 - val_loss: 6.4715 - val_accuracy: 0.2000 - lr: 1.0000e-04
Epoch 6/20
2/2 [==============================] - 1s 697ms/step - loss: 6.3016 - accuracy: 0.2833 - val_loss: 6.2458 - val_accuracy: 0.2000 - lr: 1.0000e-04
Epoch 7/20
2/2 [==============================] - 1s 724ms/step - loss: 6.1751 - accuracy: 0.3000 - val_loss: 6.0081 - val_accuracy: 0.2000 - lr: 1.0000e-04
Epoch 8/20
2/2 [==============================] - 1s 699ms/step - loss: 5.9665 - accuracy: 0.2500 - val_loss: 5.7890 - val_accuracy: 0.4000 - lr: 1.0000e-04
Epoch 9/20
2/2 [==============================] - 1s 714ms/step - loss: 5.7648 - accuracy: 0.2333 - val_loss: 5.5961 - val_accuracy: 0.4000 - lr: 1.0000e-04
Epoch 10/20
2/2 [==============================] - 1s 612ms/step - loss: 5.7110 - accuracy: 0.2000 - val_loss: 5.4298 - val_accuracy: 0.4000 - lr: 1.0000e-04
Epoch 11/20
2/2 [==============================] - 1s 608ms/step - loss: 5.5646 - accuracy: 0.1667 - val_loss: 5.2672 - val_accuracy: 0.4000 - lr: 1.0000e-04
Epoch 12/20
2/2 [==============================] - 1s 573ms/step - loss: 5.3847 - accuracy: 0.2000 - val_loss: 5.1257 - val_accuracy: 0.4000 - lr: 1.0000e-04
Epoch 13/20
2/2 [==============================] - 1s 590ms/step - loss: 5.2226 - accuracy: 0.2500 - val_loss: 4.9883 - val_accuracy: 0.4000 - lr: 1.0000e-04
Epoch 14/20
2/2 [==============================] - 1s 756ms/step - loss: 5.1071 - accuracy: 0.2333 - val_loss: 4.8627 - val_accuracy: 0.4000 - lr: 1.0000e-04
Epoch 15/20
2/2 [==============================] - 1s 680ms/step - loss: 4.9932 - accuracy: 0.2000 - val_loss: 4.7372 - val_accuracy: 0.6000 - lr: 1.0000e-04
Epoch 16/20
2/2 [==============================] - 1s 621ms/step - loss: 4.8373 - accuracy: 0.2833 - val_loss: 4.6242 - val_accuracy: 0.4000 - lr: 1.0000e-04
Epoch 17/20
2/2 [==============================] - 1s 681ms/step - loss: 4.7129 - accuracy: 0.3333 - val_loss: 4.5156 - val_accuracy: 0.4000 - lr: 1.0000e-04
Epoch 18/20
2/2 [==============================] - 1s 584ms/step - loss: 4.6010 - accuracy: 0.2333 - val_loss: 4.4034 - val_accuracy: 0.4000 - lr: 1.0000e-04
Epoch 19/20
2/2 [==============================] - 1s 610ms/step - loss: 4.5447 - accuracy: 0.1833 - val_loss: 4.2958 - val_accuracy: 0.2000 - lr: 1.0000e-04
Epoch 20/20
2/2 [==============================] - 1s 703ms/step - loss: 4.4339 - accuracy: 0.3167 - val_loss: 4.1819 - val_accuracy: 0.4000 - lr: 1.0000e-04
1/1 [==============================] - 0s 125ms/step - loss: 4.2286 - accuracy: 0.4286
Found 60 images belonging to 6 classes.
Found 5 images belonging to 6 classes.
Found 7 images belonging to 6 classes.
Epoch 1/10
2/2 [==============================] - 2s 767ms/step - loss: 7.3930 - accuracy: 0.1833 - val_loss: 7.4019 - val_accuracy: 0.0000e+00 - lr: 1.0000e-04
Epoch 2/10
2/2 [==============================] - 1s 601ms/step - loss: 7.2749 - accuracy: 0.1500 - val_loss: 7.1128 - val_accuracy: 0.0000e+00 - lr: 1.0000e-04
Epoch 3/10
2/2 [==============================] - 1s 751ms/step - loss: 7.0622 - accuracy: 0.2500 - val_loss: 6.9114 - val_accuracy: 0.2000 - lr: 1.0000e-04
Epoch 4/10
2/2 [==============================] - 1s 581ms/step - loss: 6.9078 - accuracy: 0.1667 - val_loss: 6.7255 - val_accuracy: 0.2000 - lr: 1.0000e-04
Epoch 5/10
2/2 [==============================] - 1s 716ms/step - loss: 6.6397 - accuracy: 0.2500 - val_loss: 6.5551 - val_accuracy: 0.2000 - lr: 1.0000e-04
Epoch 6/10
2/2 [==============================] - 1s 683ms/step - loss: 6.5447 - accuracy: 0.2167 - val_loss: 6.3848 - val_accuracy: 0.4000 - lr: 1.0000e-04
Epoch 7/10
2/2 [==============================] - 1s 594ms/step - loss: 6.3373 - accuracy: 0.1833 - val_loss: 6.2428 - val_accuracy: 0.4000 - lr: 1.0000e-04
Epoch 8/10
2/2 [==============================] - 1s 707ms/step - loss: 6.2142 - accuracy: 0.2500 - val_loss: 6.0751 - val_accuracy: 0.4000 - lr: 1.0000e-04
Epoch 9/10
2/2 [==============================] - 1s 584ms/step - loss: 6.0318 - accuracy: 0.2500 - val_loss: 5.8839 - val_accuracy: 0.4000 - lr: 1.0000e-04
Epoch 10/10
2/2 [==============================] - 1s 612ms/step - loss: 5.9791 - accuracy: 0.2333 - val_loss: 5.6970 - val_accuracy: 0.6000 - lr: 1.0000e-04
1/1 [==============================] - 0s 131ms/step - loss: 5.8690 - accuracy: 0.1429
Found 60 images belonging to 6 classes.
Found 5 images belonging to 6 classes.
Found 7 images belonging to 6 classes.
Epoch 1/20
2/2 [==============================] - 2s 890ms/step - loss: 7.3885 - accuracy: 0.1833 - val_loss: 7.4618 - val_accuracy: 0.0000e+00 - lr: 1.0000e-04
Epoch 2/20
2/2 [==============================] - 1s 707ms/step - loss: 7.2621 - accuracy: 0.1167 - val_loss: 7.0056 - val_accuracy: 0.2000 - lr: 1.0000e-04
Epoch 3/20
2/2 [==============================] - 1s 575ms/step - loss: 6.9640 - accuracy: 0.2500 - val_loss: 6.7836 - val_accuracy: 0.4000 - lr: 1.0000e-04
Epoch 4/20
2/2 [==============================] - 1s 592ms/step - loss: 6.9501 - accuracy: 0.2333 - val_loss: 6.5640 - val_accuracy: 0.4000 - lr: 1.0000e-04
Epoch 5/20
2/2 [==============================] - 1s 683ms/step - loss: 6.6453 - accuracy: 0.1833 - val_loss: 6.3869 - val_accuracy: 0.4000 - lr: 1.0000e-04
Epoch 6/20
2/2 [==============================] - 1s 673ms/step - loss: 6.4441 - accuracy: 0.2667 - val_loss: 6.1885 - val_accuracy: 0.4000 - lr: 1.0000e-04
Epoch 7/20
2/2 [==============================] - 1s 712ms/step - loss: 6.3846 - accuracy: 0.1333 - val_loss: 6.0482 - val_accuracy: 0.4000 - lr: 1.0000e-04
Epoch 8/20
2/2 [==============================] - 1s 602ms/step - loss: 6.1789 - accuracy: 0.3000 - val_loss: 5.8969 - val_accuracy: 0.4000 - lr: 1.0000e-04
Epoch 9/20
2/2 [==============================] - 1s 608ms/step - loss: 6.0465 - accuracy: 0.2333 - val_loss: 5.7426 - val_accuracy: 0.4000 - lr: 1.0000e-04
Epoch 10/20
2/2 [==============================] - 1s 720ms/step - loss: 5.9252 - accuracy: 0.2167 - val_loss: 5.6146 - val_accuracy: 0.4000 - lr: 1.0000e-04
Epoch 11/20
2/2 [==============================] - 1s 579ms/step - loss: 5.7369 - accuracy: 0.3500 - val_loss: 5.4917 - val_accuracy: 0.4000 - lr: 1.0000e-04
Epoch 12/20
2/2 [==============================] - 1s 687ms/step - loss: 5.6278 - accuracy: 0.2333 - val_loss: 5.4051 - val_accuracy: 0.4000 - lr: 1.0000e-04
Epoch 13/20
2/2 [==============================] - 1s 686ms/step - loss: 5.5245 - accuracy: 0.3500 - val_loss: 5.3200 - val_accuracy: 0.2000 - lr: 1.0000e-04
Epoch 14/20
2/2 [==============================] - 1s 661ms/step - loss: 5.4811 - accuracy: 0.1333 - val_loss: 5.2292 - val_accuracy: 0.2000 - lr: 1.0000e-04
Epoch 15/20
2/2 [==============================] - 1s 605ms/step - loss: 5.3058 - accuracy: 0.2667 - val_loss: 5.1463 - val_accuracy: 0.2000 - lr: 1.0000e-04
Epoch 16/20
2/2 [==============================] - 1s 613ms/step - loss: 5.1912 - accuracy: 0.2833 - val_loss: 5.0698 - val_accuracy: 0.4000 - lr: 1.0000e-04
Epoch 17/20
2/2 [==============================] - 1s 678ms/step - loss: 5.0580 - accuracy: 0.2667 - val_loss: 4.9747 - val_accuracy: 0.4000 - lr: 1.0000e-04
Epoch 18/20
2/2 [==============================] - 1s 676ms/step - loss: 5.0198 - accuracy: 0.2667 - val_loss: 4.8779 - val_accuracy: 0.4000 - lr: 1.0000e-04
Epoch 19/20
2/2 [==============================] - 1s 678ms/step - loss: 4.9720 - accuracy: 0.3167 - val_loss: 4.7869 - val_accuracy: 0.4000 - lr: 1.0000e-04
Epoch 20/20
2/2 [==============================] - 1s 699ms/step - loss: 4.7923 - accuracy: 0.2500 - val_loss: 4.6912 - val_accuracy: 0.4000 - lr: 1.0000e-04
1/1 [==============================] - 0s 131ms/step - loss: 4.6866 - accuracy: 0.2857
Found 60 images belonging to 6 classes.
Found 5 images belonging to 6 classes.
Found 7 images belonging to 6 classes.
Epoch 1/10
2/2 [==============================] - 2s 886ms/step - loss: 7.3567 - accuracy: 0.1667 - val_loss: 7.1017 - val_accuracy: 0.2000 - lr: 1.0000e-04
Epoch 2/10
2/2 [==============================] - 1s 624ms/step - loss: 7.1402 - accuracy: 0.1500 - val_loss: 6.9497 - val_accuracy: 0.2000 - lr: 1.0000e-04
Epoch 3/10
2/2 [==============================] - 1s 676ms/step - loss: 6.8850 - accuracy: 0.2500 - val_loss: 6.7573 - val_accuracy: 0.0000e+00 - lr: 1.0000e-04
Epoch 4/10
2/2 [==============================] - 1s 606ms/step - loss: 6.8200 - accuracy: 0.1000 - val_loss: 6.5337 - val_accuracy: 0.2000 - lr: 1.0000e-04
Epoch 5/10
2/2 [==============================] - 1s 631ms/step - loss: 6.5454 - accuracy: 0.2333 - val_loss: 6.3627 - val_accuracy: 0.2000 - lr: 1.0000e-04
Epoch 6/10
2/2 [==============================] - 1s 590ms/step - loss: 6.4214 - accuracy: 0.1833 - val_loss: 6.2053 - val_accuracy: 0.2000 - lr: 1.0000e-04
Epoch 7/10
2/2 [==============================] - 1s 677ms/step - loss: 6.2056 - accuracy: 0.1833 - val_loss: 6.0534 - val_accuracy: 0.0000e+00 - lr: 1.0000e-04
Epoch 8/10
2/2 [==============================] - 1s 742ms/step - loss: 6.0679 - accuracy: 0.1667 - val_loss: 5.9352 - val_accuracy: 0.0000e+00 - lr: 1.0000e-04
Epoch 9/10
2/2 [==============================] - 1s 671ms/step - loss: 5.8766 - accuracy: 0.2667 - val_loss: 5.8193 - val_accuracy: 0.0000e+00 - lr: 1.0000e-04
Epoch 10/10
2/2 [==============================] - 1s 656ms/step - loss: 5.6890 - accuracy: 0.3167 - val_loss: 5.7086 - val_accuracy: 0.2000 - lr: 1.0000e-04
1/1 [==============================] - 0s 121ms/step - loss: 5.6952 - accuracy: 0.2857
Found 60 images belonging to 6 classes.
Found 5 images belonging to 6 classes.
Found 7 images belonging to 6 classes.
Epoch 1/20
2/2 [==============================] - 2s 757ms/step - loss: 7.3469 - accuracy: 0.1667 - val_loss: 7.0325 - val_accuracy: 0.2000 - lr: 1.0000e-04
Epoch 2/20
2/2 [==============================] - 1s 685ms/step - loss: 7.1763 - accuracy: 0.1833 - val_loss: 6.8416 - val_accuracy: 0.2000 - lr: 1.0000e-04
Epoch 3/20
2/2 [==============================] - 1s 574ms/step - loss: 6.9811 - accuracy: 0.1833 - val_loss: 6.6503 - val_accuracy: 0.2000 - lr: 1.0000e-04
Epoch 4/20
2/2 [==============================] - 1s 703ms/step - loss: 6.8232 - accuracy: 0.1500 - val_loss: 6.5252 - val_accuracy: 0.2000 - lr: 1.0000e-04
Epoch 5/20
2/2 [==============================] - 1s 579ms/step - loss: 6.6701 - accuracy: 0.1500 - val_loss: 6.3572 - val_accuracy: 0.2000 - lr: 1.0000e-04
Epoch 6/20
2/2 [==============================] - 1s 625ms/step - loss: 6.3965 - accuracy: 0.2167 - val_loss: 6.1816 - val_accuracy: 0.2000 - lr: 1.0000e-04
Epoch 7/20
2/2 [==============================] - 1s 597ms/step - loss: 6.2451 - accuracy: 0.2833 - val_loss: 6.0214 - val_accuracy: 0.4000 - lr: 1.0000e-04
Epoch 8/20
2/2 [==============================] - 1s 598ms/step - loss: 6.0928 - accuracy: 0.3167 - val_loss: 5.8623 - val_accuracy: 0.4000 - lr: 1.0000e-04
Epoch 9/20
2/2 [==============================] - 1s 588ms/step - loss: 6.0145 - accuracy: 0.2000 - val_loss: 5.7360 - val_accuracy: 0.4000 - lr: 1.0000e-04
Epoch 10/20
2/2 [==============================] - 1s 705ms/step - loss: 5.8565 - accuracy: 0.2667 - val_loss: 5.6310 - val_accuracy: 0.2000 - lr: 1.0000e-04
Epoch 11/20
2/2 [==============================] - 1s 728ms/step - loss: 5.7677 - accuracy: 0.1667 - val_loss: 5.4883 - val_accuracy: 0.2000 - lr: 1.0000e-04
Epoch 12/20
2/2 [==============================] - 1s 611ms/step - loss: 5.5724 - accuracy: 0.2833 - val_loss: 5.3480 - val_accuracy: 0.4000 - lr: 1.0000e-04
Epoch 13/20
2/2 [==============================] - 1s 666ms/step - loss: 5.4099 - accuracy: 0.2833 - val_loss: 5.1954 - val_accuracy: 0.4000 - lr: 1.0000e-04
Epoch 14/20
2/2 [==============================] - 1s 639ms/step - loss: 5.2707 - accuracy: 0.2667 - val_loss: 5.0656 - val_accuracy: 0.4000 - lr: 1.0000e-04
Epoch 15/20
2/2 [==============================] - 1s 686ms/step - loss: 5.1615 - accuracy: 0.3333 - val_loss: 4.9448 - val_accuracy: 0.4000 - lr: 1.0000e-04
Epoch 16/20
2/2 [==============================] - 1s 695ms/step - loss: 5.0695 - accuracy: 0.2667 - val_loss: 4.8449 - val_accuracy: 0.6000 - lr: 1.0000e-04
Epoch 17/20
2/2 [==============================] - 1s 647ms/step - loss: 4.9674 - accuracy: 0.2667 - val_loss: 4.7598 - val_accuracy: 0.4000 - lr: 1.0000e-04
Epoch 18/20
2/2 [==============================] - 1s 636ms/step - loss: 4.8933 - accuracy: 0.2667 - val_loss: 4.6968 - val_accuracy: 0.4000 - lr: 1.0000e-04
Epoch 19/20
2/2 [==============================] - 1s 576ms/step - loss: 4.7706 - accuracy: 0.3500 - val_loss: 4.6262 - val_accuracy: 0.4000 - lr: 1.0000e-04
Epoch 20/20
2/2 [==============================] - 1s 565ms/step - loss: 4.7984 - accuracy: 0.1833 - val_loss: 4.5226 - val_accuracy: 0.4000 - lr: 1.0000e-04
1/1 [==============================] - 0s 129ms/step - loss: 4.8124 - accuracy: 0.1429
Found 60 images belonging to 6 classes.
Found 5 images belonging to 6 classes.
Found 7 images belonging to 6 classes.
Epoch 1/10
2/2 [==============================] - 2s 752ms/step - loss: 7.1534 - accuracy: 0.1167 - val_loss: 6.9920 - val_accuracy: 0.2000 - lr: 1.0000e-04
Epoch 2/10
2/2 [==============================] - 1s 594ms/step - loss: 6.9753 - accuracy: 0.2000 - val_loss: 6.8999 - val_accuracy: 0.2000 - lr: 1.0000e-04
Epoch 3/10
2/2 [==============================] - 1s 575ms/step - loss: 6.8717 - accuracy: 0.1667 - val_loss: 6.8206 - val_accuracy: 0.2000 - lr: 1.0000e-04
Epoch 4/10
2/2 [==============================] - 1s 577ms/step - loss: 6.7075 - accuracy: 0.2167 - val_loss: 6.7199 - val_accuracy: 0.2000 - lr: 1.0000e-04
Epoch 5/10
2/2 [==============================] - 1s 544ms/step - loss: 6.6664 - accuracy: 0.1667 - val_loss: 6.5828 - val_accuracy: 0.2000 - lr: 1.0000e-04
Epoch 6/10
2/2 [==============================] - 1s 494ms/step - loss: 6.4768 - accuracy: 0.2667 - val_loss: 6.4253 - val_accuracy: 0.2000 - lr: 1.0000e-04
Epoch 7/10
2/2 [==============================] - 1s 527ms/step - loss: 6.3776 - accuracy: 0.1667 - val_loss: 6.2586 - val_accuracy: 0.4000 - lr: 1.0000e-04
Epoch 8/10
2/2 [==============================] - 1s 534ms/step - loss: 6.2771 - accuracy: 0.2500 - val_loss: 6.1076 - val_accuracy: 0.4000 - lr: 1.0000e-04
Epoch 9/10
2/2 [==============================] - 1s 574ms/step - loss: 6.1588 - accuracy: 0.1833 - val_loss: 5.9769 - val_accuracy: 0.4000 - lr: 1.0000e-04
Epoch 10/10
2/2 [==============================] - 1s 600ms/step - loss: 6.0862 - accuracy: 0.1833 - val_loss: 5.8560 - val_accuracy: 0.4000 - lr: 1.0000e-04
1/1 [==============================] - 0s 109ms/step - loss: 5.9103 - accuracy: 0.2857
Found 60 images belonging to 6 classes.
Found 5 images belonging to 6 classes.
Found 7 images belonging to 6 classes.
Epoch 1/20
2/2 [==============================] - 2s 800ms/step - loss: 7.1695 - accuracy: 0.1167 - val_loss: 7.0589 - val_accuracy: 0.2000 - lr: 1.0000e-04
Epoch 2/20
2/2 [==============================] - 1s 554ms/step - loss: 6.9804 - accuracy: 0.2000 - val_loss: 6.8825 - val_accuracy: 0.2000 - lr: 1.0000e-04
Epoch 3/20
2/2 [==============================] - 1s 539ms/step - loss: 6.8398 - accuracy: 0.1167 - val_loss: 6.6987 - val_accuracy: 0.4000 - lr: 1.0000e-04
Epoch 4/20
2/2 [==============================] - 1s 504ms/step - loss: 6.7852 - accuracy: 0.1833 - val_loss: 6.4911 - val_accuracy: 0.4000 - lr: 1.0000e-04
Epoch 5/20
2/2 [==============================] - 1s 621ms/step - loss: 6.6531 - accuracy: 0.1667 - val_loss: 6.3291 - val_accuracy: 0.6000 - lr: 1.0000e-04
Epoch 6/20
2/2 [==============================] - 1s 499ms/step - loss: 6.4883 - accuracy: 0.2000 - val_loss: 6.1801 - val_accuracy: 0.8000 - lr: 1.0000e-04
Epoch 7/20
2/2 [==============================] - 1s 490ms/step - loss: 6.4499 - accuracy: 0.1833 - val_loss: 6.0596 - val_accuracy: 0.6000 - lr: 1.0000e-04
Epoch 8/20
2/2 [==============================] - 1s 601ms/step - loss: 6.2664 - accuracy: 0.2667 - val_loss: 5.9568 - val_accuracy: 0.6000 - lr: 1.0000e-04
Epoch 9/20
2/2 [==============================] - 1s 495ms/step - loss: 6.2713 - accuracy: 0.1167 - val_loss: 5.8642 - val_accuracy: 0.6000 - lr: 1.0000e-04
Epoch 10/20
2/2 [==============================] - 1s 496ms/step - loss: 6.0730 - accuracy: 0.2667 - val_loss: 5.7944 - val_accuracy: 0.4000 - lr: 1.0000e-04
Epoch 11/20
2/2 [==============================] - 1s 592ms/step - loss: 5.9380 - accuracy: 0.2500 - val_loss: 5.7426 - val_accuracy: 0.2000 - lr: 1.0000e-04
Epoch 12/20
2/2 [==============================] - 1s 600ms/step - loss: 5.8811 - accuracy: 0.2667 - val_loss: 5.6842 - val_accuracy: 0.2000 - lr: 1.0000e-04
Epoch 13/20
2/2 [==============================] - 1s 527ms/step - loss: 5.7958 - accuracy: 0.3167 - val_loss: 5.6158 - val_accuracy: 0.2000 - lr: 1.0000e-04
Epoch 14/20
2/2 [==============================] - 1s 533ms/step - loss: 5.6605 - accuracy: 0.2667 - val_loss: 5.5241 - val_accuracy: 0.2000 - lr: 1.0000e-04
Epoch 15/20
2/2 [==============================] - 1s 518ms/step - loss: 5.5594 - accuracy: 0.2667 - val_loss: 5.4233 - val_accuracy: 0.2000 - lr: 1.0000e-04
Epoch 16/20
2/2 [==============================] - 1s 505ms/step - loss: 5.4966 - accuracy: 0.3667 - val_loss: 5.3208 - val_accuracy: 0.2000 - lr: 1.0000e-04
Epoch 17/20
2/2 [==============================] - 1s 575ms/step - loss: 5.5721 - accuracy: 0.1500 - val_loss: 5.2257 - val_accuracy: 0.2000 - lr: 1.0000e-04
Epoch 18/20
2/2 [==============================] - 1s 527ms/step - loss: 5.4728 - accuracy: 0.1667 - val_loss: 5.1577 - val_accuracy: 0.4000 - lr: 1.0000e-04
Epoch 19/20
2/2 [==============================] - 1s 566ms/step - loss: 5.3460 - accuracy: 0.2333 - val_loss: 5.0935 - val_accuracy: 0.4000 - lr: 1.0000e-04
Epoch 20/20
2/2 [==============================] - 1s 524ms/step - loss: 5.2011 - accuracy: 0.3167 - val_loss: 5.0223 - val_accuracy: 0.4000 - lr: 1.0000e-04
1/1 [==============================] - 0s 115ms/step - loss: 5.2507 - accuracy: 0.1429
Found 60 images belonging to 6 classes.
Found 5 images belonging to 6 classes.
Found 7 images belonging to 6 classes.
Epoch 1/10
2/2 [==============================] - 2s 709ms/step - loss: 7.1225 - accuracy: 0.1833 - val_loss: 6.9272 - val_accuracy: 0.2000 - lr: 1.0000e-04
Epoch 2/10
2/2 [==============================] - 1s 515ms/step - loss: 6.9433 - accuracy: 0.1667 - val_loss: 6.7163 - val_accuracy: 0.2000 - lr: 1.0000e-04
Epoch 3/10
2/2 [==============================] - 1s 528ms/step - loss: 6.8277 - accuracy: 0.2333 - val_loss: 6.5410 - val_accuracy: 0.2000 - lr: 1.0000e-04
Epoch 4/10
2/2 [==============================] - 1s 541ms/step - loss: 6.7104 - accuracy: 0.0833 - val_loss: 6.4084 - val_accuracy: 0.2000 - lr: 1.0000e-04
Epoch 5/10
2/2 [==============================] - 1s 581ms/step - loss: 6.5973 - accuracy: 0.1667 - val_loss: 6.2997 - val_accuracy: 0.2000 - lr: 1.0000e-04
Epoch 6/10
2/2 [==============================] - 1s 578ms/step - loss: 6.3917 - accuracy: 0.1833 - val_loss: 6.1962 - val_accuracy: 0.2000 - lr: 1.0000e-04
Epoch 7/10
2/2 [==============================] - 1s 525ms/step - loss: 6.2543 - accuracy: 0.2667 - val_loss: 6.0915 - val_accuracy: 0.2000 - lr: 1.0000e-04
Epoch 8/10
2/2 [==============================] - 1s 529ms/step - loss: 6.1520 - accuracy: 0.2167 - val_loss: 5.9976 - val_accuracy: 0.4000 - lr: 1.0000e-04
Epoch 9/10
2/2 [==============================] - 1s 615ms/step - loss: 6.0656 - accuracy: 0.2333 - val_loss: 5.8896 - val_accuracy: 0.4000 - lr: 1.0000e-04
Epoch 10/10
2/2 [==============================] - 1s 570ms/step - loss: 5.9414 - accuracy: 0.1667 - val_loss: 5.7825 - val_accuracy: 0.6000 - lr: 1.0000e-04
1/1 [==============================] - 0s 119ms/step - loss: 5.7838 - accuracy: 0.4286
Found 60 images belonging to 6 classes.
Found 5 images belonging to 6 classes.
Found 7 images belonging to 6 classes.
Epoch 1/20
2/2 [==============================] - 2s 726ms/step - loss: 7.1537 - accuracy: 0.0833 - val_loss: 6.9014 - val_accuracy: 0.2000 - lr: 1.0000e-04
Epoch 2/20
2/2 [==============================] - 1s 567ms/step - loss: 6.9429 - accuracy: 0.1500 - val_loss: 6.6968 - val_accuracy: 0.4000 - lr: 1.0000e-04
Epoch 3/20
2/2 [==============================] - 1s 548ms/step - loss: 6.7859 - accuracy: 0.1833 - val_loss: 6.5626 - val_accuracy: 0.4000 - lr: 1.0000e-04
Epoch 4/20
2/2 [==============================] - 1s 495ms/step - loss: 6.6426 - accuracy: 0.2500 - val_loss: 6.4562 - val_accuracy: 0.4000 - lr: 1.0000e-04
Epoch 5/20
2/2 [==============================] - 1s 558ms/step - loss: 6.5981 - accuracy: 0.1833 - val_loss: 6.3501 - val_accuracy: 0.2000 - lr: 1.0000e-04
Epoch 6/20
2/2 [==============================] - 1s 592ms/step - loss: 6.4845 - accuracy: 0.1833 - val_loss: 6.2835 - val_accuracy: 0.2000 - lr: 1.0000e-04
Epoch 7/20
2/2 [==============================] - 1s 519ms/step - loss: 6.2546 - accuracy: 0.2167 - val_loss: 6.1979 - val_accuracy: 0.0000e+00 - lr: 1.0000e-04
Epoch 8/20
2/2 [==============================] - 1s 592ms/step - loss: 6.1274 - accuracy: 0.2667 - val_loss: 6.0872 - val_accuracy: 0.2000 - lr: 1.0000e-04
Epoch 9/20
2/2 [==============================] - 1s 561ms/step - loss: 6.0299 - accuracy: 0.2667 - val_loss: 5.9634 - val_accuracy: 0.2000 - lr: 1.0000e-04
Epoch 10/20
2/2 [==============================] - 1s 607ms/step - loss: 6.0668 - accuracy: 0.1667 - val_loss: 5.8204 - val_accuracy: 0.2000 - lr: 1.0000e-04
Epoch 11/20
2/2 [==============================] - 1s 593ms/step - loss: 5.8799 - accuracy: 0.2167 - val_loss: 5.7238 - val_accuracy: 0.2000 - lr: 1.0000e-04
Epoch 12/20
2/2 [==============================] - 1s 636ms/step - loss: 5.7056 - accuracy: 0.2833 - val_loss: 5.6450 - val_accuracy: 0.4000 - lr: 1.0000e-04
Epoch 13/20
2/2 [==============================] - 1s 524ms/step - loss: 5.6197 - accuracy: 0.2500 - val_loss: 5.5774 - val_accuracy: 0.4000 - lr: 1.0000e-04
Epoch 14/20
2/2 [==============================] - 1s 551ms/step - loss: 5.6308 - accuracy: 0.1833 - val_loss: 5.4883 - val_accuracy: 0.4000 - lr: 1.0000e-04
Epoch 15/20
2/2 [==============================] - 1s 544ms/step - loss: 5.5195 - accuracy: 0.2000 - val_loss: 5.3925 - val_accuracy: 0.2000 - lr: 1.0000e-04
Epoch 16/20
2/2 [==============================] - 1s 507ms/step - loss: 5.4310 - accuracy: 0.2167 - val_loss: 5.2948 - val_accuracy: 0.2000 - lr: 1.0000e-04
Epoch 17/20
2/2 [==============================] - 1s 508ms/step - loss: 5.1310 - accuracy: 0.3667 - val_loss: 5.1964 - val_accuracy: 0.2000 - lr: 1.0000e-04
Epoch 18/20
2/2 [==============================] - 1s 573ms/step - loss: 5.2090 - accuracy: 0.2167 - val_loss: 5.0897 - val_accuracy: 0.2000 - lr: 1.0000e-04
Epoch 19/20
2/2 [==============================] - 1s 551ms/step - loss: 5.1637 - accuracy: 0.2167 - val_loss: 5.0059 - val_accuracy: 0.2000 - lr: 1.0000e-04
Epoch 20/20
2/2 [==============================] - 1s 558ms/step - loss: 5.0341 - accuracy: 0.2333 - val_loss: 4.9185 - val_accuracy: 0.2000 - lr: 1.0000e-04
1/1 [==============================] - 0s 115ms/step - loss: 5.0245 - accuracy: 0.0000e+00
Found 60 images belonging to 6 classes.
Found 5 images belonging to 6 classes.
Found 7 images belonging to 6 classes.
Epoch 1/10
2/2 [==============================] - 2s 756ms/step - loss: 7.1749 - accuracy: 0.1000 - val_loss: 6.9405 - val_accuracy: 0.2000 - lr: 1.0000e-04
Epoch 2/10
2/2 [==============================] - 1s 592ms/step - loss: 7.0605 - accuracy: 0.1500 - val_loss: 6.8655 - val_accuracy: 0.4000 - lr: 1.0000e-04
Epoch 3/10
2/2 [==============================] - 1s 505ms/step - loss: 6.8934 - accuracy: 0.2500 - val_loss: 6.7515 - val_accuracy: 0.2000 - lr: 1.0000e-04
Epoch 4/10
2/2 [==============================] - 1s 574ms/step - loss: 6.8092 - accuracy: 0.2333 - val_loss: 6.6460 - val_accuracy: 0.2000 - lr: 1.0000e-04
Epoch 5/10
2/2 [==============================] - 1s 553ms/step - loss: 6.7313 - accuracy: 0.1833 - val_loss: 6.5749 - val_accuracy: 0.2000 - lr: 1.0000e-04
Epoch 6/10
2/2 [==============================] - 1s 567ms/step - loss: 6.5919 - accuracy: 0.2167 - val_loss: 6.4775 - val_accuracy: 0.2000 - lr: 1.0000e-04
Epoch 7/10
2/2 [==============================] - 1s 543ms/step - loss: 6.5284 - accuracy: 0.1667 - val_loss: 6.3965 - val_accuracy: 0.2000 - lr: 1.0000e-04
Epoch 8/10
2/2 [==============================] - 1s 592ms/step - loss: 6.3544 - accuracy: 0.1833 - val_loss: 6.3332 - val_accuracy: 0.2000 - lr: 1.0000e-04
Epoch 9/10
2/2 [==============================] - 1s 500ms/step - loss: 6.3796 - accuracy: 0.1500 - val_loss: 6.2442 - val_accuracy: 0.4000 - lr: 1.0000e-04
Epoch 10/10
2/2 [==============================] - 1s 576ms/step - loss: 6.2617 - accuracy: 0.1833 - val_loss: 6.1392 - val_accuracy: 0.2000 - lr: 1.0000e-04
1/1 [==============================] - 0s 112ms/step - loss: 6.1336 - accuracy: 0.1429
Found 60 images belonging to 6 classes.
Found 5 images belonging to 6 classes.
Found 7 images belonging to 6 classes.
Epoch 1/20
2/2 [==============================] - 2s 738ms/step - loss: 7.1355 - accuracy: 0.1000 - val_loss: 6.9645 - val_accuracy: 0.2000 - lr: 1.0000e-04
Epoch 2/20
2/2 [==============================] - 1s 550ms/step - loss: 6.9508 - accuracy: 0.3000 - val_loss: 6.8426 - val_accuracy: 0.2000 - lr: 1.0000e-04
Epoch 3/20
2/2 [==============================] - 1s 564ms/step - loss: 6.8472 - accuracy: 0.1833 - val_loss: 6.6808 - val_accuracy: 0.2000 - lr: 1.0000e-04
Epoch 4/20
2/2 [==============================] - 1s 556ms/step - loss: 6.7143 - accuracy: 0.1833 - val_loss: 6.5409 - val_accuracy: 0.2000 - lr: 1.0000e-04
Epoch 5/20
2/2 [==============================] - 1s 613ms/step - loss: 6.6388 - accuracy: 0.1167 - val_loss: 6.4402 - val_accuracy: 0.2000 - lr: 1.0000e-04
Epoch 6/20
2/2 [==============================] - 1s 509ms/step - loss: 6.4935 - accuracy: 0.1333 - val_loss: 6.2974 - val_accuracy: 0.2000 - lr: 1.0000e-04
Epoch 7/20
2/2 [==============================] - 1s 554ms/step - loss: 6.3333 - accuracy: 0.2333 - val_loss: 6.1527 - val_accuracy: 0.2000 - lr: 1.0000e-04
Epoch 8/20
2/2 [==============================] - 1s 565ms/step - loss: 6.2451 - accuracy: 0.2000 - val_loss: 6.0294 - val_accuracy: 0.2000 - lr: 1.0000e-04
Epoch 9/20
2/2 [==============================] - 1s 552ms/step - loss: 6.0893 - accuracy: 0.2500 - val_loss: 5.9223 - val_accuracy: 0.2000 - lr: 1.0000e-04
Epoch 10/20
2/2 [==============================] - 1s 577ms/step - loss: 6.0065 - accuracy: 0.1833 - val_loss: 5.8183 - val_accuracy: 0.4000 - lr: 1.0000e-04
Epoch 11/20
2/2 [==============================] - 1s 495ms/step - loss: 5.9179 - accuracy: 0.2000 - val_loss: 5.7078 - val_accuracy: 0.4000 - lr: 1.0000e-04
Epoch 12/20
2/2 [==============================] - 1s 491ms/step - loss: 5.8046 - accuracy: 0.2167 - val_loss: 5.6209 - val_accuracy: 0.4000 - lr: 1.0000e-04
Epoch 13/20
2/2 [==============================] - 1s 599ms/step - loss: 5.7430 - accuracy: 0.2667 - val_loss: 5.5589 - val_accuracy: 0.2000 - lr: 1.0000e-04
Epoch 14/20
2/2 [==============================] - 1s 504ms/step - loss: 5.6235 - accuracy: 0.2167 - val_loss: 5.4902 - val_accuracy: 0.2000 - lr: 1.0000e-04
Epoch 15/20
2/2 [==============================] - 1s 524ms/step - loss: 5.4836 - accuracy: 0.3167 - val_loss: 5.4180 - val_accuracy: 0.2000 - lr: 1.0000e-04
Epoch 16/20
2/2 [==============================] - 1s 580ms/step - loss: 5.3967 - accuracy: 0.2667 - val_loss: 5.3577 - val_accuracy: 0.2000 - lr: 1.0000e-04
Epoch 17/20
2/2 [==============================] - 1s 573ms/step - loss: 5.3213 - accuracy: 0.2333 - val_loss: 5.2934 - val_accuracy: 0.2000 - lr: 1.0000e-04
Epoch 18/20
2/2 [==============================] - 1s 553ms/step - loss: 5.2490 - accuracy: 0.2667 - val_loss: 5.2204 - val_accuracy: 0.2000 - lr: 1.0000e-04
Epoch 19/20
2/2 [==============================] - 1s 510ms/step - loss: 5.1908 - accuracy: 0.2333 - val_loss: 5.1386 - val_accuracy: 0.2000 - lr: 1.0000e-04
Epoch 20/20
2/2 [==============================] - 1s 524ms/step - loss: 5.0671 - accuracy: 0.2333 - val_loss: 5.0618 - val_accuracy: 0.2000 - lr: 1.0000e-04
1/1 [==============================] - 0s 111ms/step - loss: 5.1172 - accuracy: 0.0000e+00
Found 60 images belonging to 6 classes.
Found 5 images belonging to 6 classes.
Found 7 images belonging to 6 classes.
Epoch 1/10
2/2 [==============================] - 2s 709ms/step - loss: 7.0771 - accuracy: 0.2833 - val_loss: 6.9797 - val_accuracy: 0.0000e+00 - lr: 1.0000e-04
Epoch 2/10
2/2 [==============================] - 1s 529ms/step - loss: 7.0216 - accuracy: 0.1833 - val_loss: 6.9302 - val_accuracy: 0.0000e+00 - lr: 1.0000e-04
Epoch 3/10
2/2 [==============================] - 1s 538ms/step - loss: 6.8014 - accuracy: 0.2833 - val_loss: 6.8975 - val_accuracy: 0.0000e+00 - lr: 1.0000e-04
Epoch 4/10
2/2 [==============================] - 1s 590ms/step - loss: 6.7224 - accuracy: 0.2167 - val_loss: 6.8159 - val_accuracy: 0.2000 - lr: 1.0000e-04
Epoch 5/10
2/2 [==============================] - 1s 564ms/step - loss: 6.6755 - accuracy: 0.1833 - val_loss: 6.6616 - val_accuracy: 0.0000e+00 - lr: 1.0000e-04
Epoch 6/10
2/2 [==============================] - 1s 567ms/step - loss: 6.6367 - accuracy: 0.1500 - val_loss: 6.4924 - val_accuracy: 0.0000e+00 - lr: 1.0000e-04
Epoch 7/10
2/2 [==============================] - 1s 575ms/step - loss: 6.5515 - accuracy: 0.2000 - val_loss: 6.3495 - val_accuracy: 0.0000e+00 - lr: 1.0000e-04
Epoch 8/10
2/2 [==============================] - 1s 517ms/step - loss: 6.3540 - accuracy: 0.1500 - val_loss: 6.2101 - val_accuracy: 0.4000 - lr: 1.0000e-04
Epoch 9/10
2/2 [==============================] - 1s 583ms/step - loss: 6.2626 - accuracy: 0.2333 - val_loss: 6.0892 - val_accuracy: 0.4000 - lr: 1.0000e-04
Epoch 10/10
2/2 [==============================] - 1s 558ms/step - loss: 6.2754 - accuracy: 0.1833 - val_loss: 5.9685 - val_accuracy: 0.4000 - lr: 1.0000e-04
1/1 [==============================] - 0s 120ms/step - loss: 6.1581 - accuracy: 0.1429
Found 60 images belonging to 6 classes.
Found 5 images belonging to 6 classes.
Found 7 images belonging to 6 classes.
Epoch 1/20
2/2 [==============================] - 2s 748ms/step - loss: 7.1246 - accuracy: 0.1833 - val_loss: 6.8932 - val_accuracy: 0.0000e+00 - lr: 1.0000e-04
Epoch 2/20
2/2 [==============================] - 1s 582ms/step - loss: 6.9434 - accuracy: 0.2000 - val_loss: 6.7461 - val_accuracy: 0.2000 - lr: 1.0000e-04
Epoch 3/20
2/2 [==============================] - 1s 576ms/step - loss: 6.8044 - accuracy: 0.1500 - val_loss: 6.5902 - val_accuracy: 0.2000 - lr: 1.0000e-04
Epoch 4/20
2/2 [==============================] - 1s 497ms/step - loss: 6.6427 - accuracy: 0.1667 - val_loss: 6.4407 - val_accuracy: 0.2000 - lr: 1.0000e-04
Epoch 5/20
2/2 [==============================] - 1s 604ms/step - loss: 6.4678 - accuracy: 0.1500 - val_loss: 6.2824 - val_accuracy: 0.0000e+00 - lr: 1.0000e-04
Epoch 6/20
2/2 [==============================] - 1s 502ms/step - loss: 6.3500 - accuracy: 0.1833 - val_loss: 6.1395 - val_accuracy: 0.2000 - lr: 1.0000e-04
Epoch 7/20
2/2 [==============================] - 1s 557ms/step - loss: 6.1891 - accuracy: 0.1500 - val_loss: 6.0003 - val_accuracy: 0.2000 - lr: 1.0000e-04
Epoch 8/20
2/2 [==============================] - 1s 511ms/step - loss: 6.1554 - accuracy: 0.1667 - val_loss: 5.8728 - val_accuracy: 0.4000 - lr: 1.0000e-04
Epoch 9/20
2/2 [==============================] - 1s 513ms/step - loss: 5.9847 - accuracy: 0.2500 - val_loss: 5.7403 - val_accuracy: 0.4000 - lr: 1.0000e-04
Epoch 10/20
2/2 [==============================] - 1s 570ms/step - loss: 5.8662 - accuracy: 0.2167 - val_loss: 5.6237 - val_accuracy: 0.4000 - lr: 1.0000e-04
Epoch 11/20
2/2 [==============================] - 1s 522ms/step - loss: 5.7132 - accuracy: 0.2333 - val_loss: 5.5173 - val_accuracy: 0.4000 - lr: 1.0000e-04
Epoch 12/20
2/2 [==============================] - 1s 584ms/step - loss: 5.6463 - accuracy: 0.2167 - val_loss: 5.4149 - val_accuracy: 0.4000 - lr: 1.0000e-04
Epoch 13/20
2/2 [==============================] - 1s 501ms/step - loss: 5.4950 - accuracy: 0.2333 - val_loss: 5.3214 - val_accuracy: 0.4000 - lr: 1.0000e-04
Epoch 14/20
2/2 [==============================] - 1s 587ms/step - loss: 5.4151 - accuracy: 0.2500 - val_loss: 5.2285 - val_accuracy: 0.4000 - lr: 1.0000e-04
Epoch 15/20
2/2 [==============================] - 1s 502ms/step - loss: 5.3234 - accuracy: 0.2500 - val_loss: 5.1474 - val_accuracy: 0.4000 - lr: 1.0000e-04
Epoch 16/20
2/2 [==============================] - 1s 606ms/step - loss: 5.2286 - accuracy: 0.2500 - val_loss: 5.0725 - val_accuracy: 0.2000 - lr: 1.0000e-04
Epoch 17/20
2/2 [==============================] - 1s 504ms/step - loss: 5.0868 - accuracy: 0.2667 - val_loss: 4.9953 - val_accuracy: 0.2000 - lr: 1.0000e-04
Epoch 18/20
2/2 [==============================] - 1s 514ms/step - loss: 5.0627 - accuracy: 0.2333 - val_loss: 4.9179 - val_accuracy: 0.2000 - lr: 1.0000e-04
Epoch 19/20
2/2 [==============================] - 1s 485ms/step - loss: 4.9520 - accuracy: 0.2500 - val_loss: 4.8449 - val_accuracy: 0.2000 - lr: 1.0000e-04
Epoch 20/20
2/2 [==============================] - 1s 549ms/step - loss: 4.9129 - accuracy: 0.2667 - val_loss: 4.7690 - val_accuracy: 0.2000 - lr: 1.0000e-04
1/1 [==============================] - 0s 112ms/step - loss: 4.8418 - accuracy: 0.1429
Found 60 images belonging to 6 classes.
Found 5 images belonging to 6 classes.
Found 7 images belonging to 6 classes.
Epoch 1/10
2/2 [==============================] - 2s 928ms/step - loss: 7.3638 - accuracy: 0.1333 - val_loss: 7.2681 - val_accuracy: 0.0000e+00 - lr: 1.0000e-04
Epoch 2/10
2/2 [==============================] - 1s 638ms/step - loss: 7.1800 - accuracy: 0.1333 - val_loss: 6.9701 - val_accuracy: 0.2000 - lr: 1.0000e-04
Epoch 3/10
2/2 [==============================] - 1s 561ms/step - loss: 6.9372 - accuracy: 0.1667 - val_loss: 6.7124 - val_accuracy: 0.2000 - lr: 1.0000e-04
Epoch 4/10
2/2 [==============================] - 1s 686ms/step - loss: 6.8055 - accuracy: 0.1167 - val_loss: 6.4953 - val_accuracy: 0.4000 - lr: 1.0000e-04
Epoch 5/10
2/2 [==============================] - 1s 602ms/step - loss: 6.5896 - accuracy: 0.1667 - val_loss: 6.2702 - val_accuracy: 0.6000 - lr: 1.0000e-04
Epoch 6/10
2/2 [==============================] - 1s 630ms/step - loss: 6.4466 - accuracy: 0.1667 - val_loss: 6.0460 - val_accuracy: 0.6000 - lr: 1.0000e-04
Epoch 7/10
2/2 [==============================] - 1s 694ms/step - loss: 6.2363 - accuracy: 0.2000 - val_loss: 5.8498 - val_accuracy: 0.6000 - lr: 1.0000e-04
Epoch 8/10
2/2 [==============================] - 1s 651ms/step - loss: 6.1174 - accuracy: 0.1500 - val_loss: 5.6755 - val_accuracy: 0.6000 - lr: 1.0000e-04
Epoch 9/10
2/2 [==============================] - 1s 593ms/step - loss: 5.9615 - accuracy: 0.2833 - val_loss: 5.5237 - val_accuracy: 0.8000 - lr: 1.0000e-04
Epoch 10/10
2/2 [==============================] - 1s 617ms/step - loss: 5.8345 - accuracy: 0.2667 - val_loss: 5.3864 - val_accuracy: 0.6000 - lr: 1.0000e-04
1/1 [==============================] - 0s 114ms/step - loss: 5.4711 - accuracy: 0.4286
Found 60 images belonging to 6 classes.
Found 5 images belonging to 6 classes.
Found 7 images belonging to 6 classes.
Epoch 1/20
2/2 [==============================] - 2s 781ms/step - loss: 7.3784 - accuracy: 0.1667 - val_loss: 7.1818 - val_accuracy: 0.2000 - lr: 1.0000e-04
Epoch 2/20
2/2 [==============================] - 1s 557ms/step - loss: 7.1884 - accuracy: 0.1500 - val_loss: 6.9948 - val_accuracy: 0.2000 - lr: 1.0000e-04
Epoch 3/20
2/2 [==============================] - 1s 639ms/step - loss: 7.0056 - accuracy: 0.2667 - val_loss: 6.8754 - val_accuracy: 0.2000 - lr: 1.0000e-04
Epoch 4/20
2/2 [==============================] - 1s 599ms/step - loss: 6.9261 - accuracy: 0.1833 - val_loss: 6.7720 - val_accuracy: 0.2000 - lr: 1.0000e-04
Epoch 5/20
2/2 [==============================] - 1s 568ms/step - loss: 6.6924 - accuracy: 0.1667 - val_loss: 6.6359 - val_accuracy: 0.2000 - lr: 1.0000e-04
Epoch 6/20
2/2 [==============================] - 1s 671ms/step - loss: 6.5343 - accuracy: 0.2167 - val_loss: 6.5071 - val_accuracy: 0.0000e+00 - lr: 1.0000e-04
Epoch 7/20
2/2 [==============================] - 1s 651ms/step - loss: 6.3243 - accuracy: 0.2333 - val_loss: 6.3138 - val_accuracy: 0.2000 - lr: 1.0000e-04
Epoch 8/20
2/2 [==============================] - 1s 593ms/step - loss: 6.3531 - accuracy: 0.1333 - val_loss: 6.0861 - val_accuracy: 0.2000 - lr: 1.0000e-04
Epoch 9/20
2/2 [==============================] - 1s 682ms/step - loss: 6.0614 - accuracy: 0.2833 - val_loss: 5.8658 - val_accuracy: 0.2000 - lr: 1.0000e-04
Epoch 10/20
2/2 [==============================] - 1s 592ms/step - loss: 5.9732 - accuracy: 0.2833 - val_loss: 5.6867 - val_accuracy: 0.2000 - lr: 1.0000e-04
Epoch 11/20
2/2 [==============================] - 1s 721ms/step - loss: 5.9361 - accuracy: 0.1167 - val_loss: 5.5425 - val_accuracy: 0.4000 - lr: 1.0000e-04
Epoch 12/20
2/2 [==============================] - 1s 599ms/step - loss: 5.7216 - accuracy: 0.2333 - val_loss: 5.4235 - val_accuracy: 0.6000 - lr: 1.0000e-04
Epoch 13/20
2/2 [==============================] - 1s 574ms/step - loss: 5.6235 - accuracy: 0.2000 - val_loss: 5.3306 - val_accuracy: 0.6000 - lr: 1.0000e-04
Epoch 14/20
2/2 [==============================] - 1s 568ms/step - loss: 5.4919 - accuracy: 0.3167 - val_loss: 5.2525 - val_accuracy: 0.4000 - lr: 1.0000e-04
Epoch 15/20
2/2 [==============================] - 1s 683ms/step - loss: 5.3963 - accuracy: 0.2500 - val_loss: 5.1664 - val_accuracy: 0.4000 - lr: 1.0000e-04
Epoch 16/20
2/2 [==============================] - 1s 669ms/step - loss: 5.3238 - accuracy: 0.2333 - val_loss: 5.0656 - val_accuracy: 0.6000 - lr: 1.0000e-04
Epoch 17/20
2/2 [==============================] - 1s 702ms/step - loss: 5.2323 - accuracy: 0.1333 - val_loss: 4.9630 - val_accuracy: 0.6000 - lr: 1.0000e-04
Epoch 18/20
2/2 [==============================] - 1s 582ms/step - loss: 5.1115 - accuracy: 0.2667 - val_loss: 4.8744 - val_accuracy: 0.6000 - lr: 1.0000e-04
Epoch 19/20
2/2 [==============================] - 1s 600ms/step - loss: 5.0842 - accuracy: 0.1833 - val_loss: 4.8083 - val_accuracy: 0.6000 - lr: 1.0000e-04
Epoch 20/20
2/2 [==============================] - 1s 692ms/step - loss: 4.8745 - accuracy: 0.2833 - val_loss: 4.7540 - val_accuracy: 0.6000 - lr: 1.0000e-04
1/1 [==============================] - 0s 119ms/step - loss: 4.8213 - accuracy: 0.2857
Found 60 images belonging to 6 classes.
Found 5 images belonging to 6 classes.
Found 7 images belonging to 6 classes.
Epoch 1/10
2/2 [==============================] - 2s 859ms/step - loss: 7.3193 - accuracy: 0.1833 - val_loss: 7.1599 - val_accuracy: 0.0000e+00 - lr: 1.0000e-04
Epoch 2/10
2/2 [==============================] - 1s 724ms/step - loss: 7.1263 - accuracy: 0.2000 - val_loss: 7.0037 - val_accuracy: 0.0000e+00 - lr: 1.0000e-04
Epoch 3/10
2/2 [==============================] - 1s 665ms/step - loss: 6.9909 - accuracy: 0.1167 - val_loss: 6.8584 - val_accuracy: 0.0000e+00 - lr: 1.0000e-04
Epoch 4/10
2/2 [==============================] - 1s 681ms/step - loss: 6.7948 - accuracy: 0.1833 - val_loss: 6.6631 - val_accuracy: 0.2000 - lr: 1.0000e-04
Epoch 5/10
2/2 [==============================] - 1s 610ms/step - loss: 6.6635 - accuracy: 0.1667 - val_loss: 6.4776 - val_accuracy: 0.0000e+00 - lr: 1.0000e-04
Epoch 6/10
2/2 [==============================] - 1s 570ms/step - loss: 6.3949 - accuracy: 0.2500 - val_loss: 6.3024 - val_accuracy: 0.0000e+00 - lr: 1.0000e-04
Epoch 7/10
2/2 [==============================] - 1s 708ms/step - loss: 6.2850 - accuracy: 0.2333 - val_loss: 6.0967 - val_accuracy: 0.2000 - lr: 1.0000e-04
Epoch 8/10
2/2 [==============================] - 1s 720ms/step - loss: 6.1556 - accuracy: 0.2000 - val_loss: 5.9115 - val_accuracy: 0.2000 - lr: 1.0000e-04
Epoch 9/10
2/2 [==============================] - 1s 599ms/step - loss: 6.0029 - accuracy: 0.3167 - val_loss: 5.7480 - val_accuracy: 0.2000 - lr: 1.0000e-04
Epoch 10/10
2/2 [==============================] - 1s 717ms/step - loss: 5.8648 - accuracy: 0.2333 - val_loss: 5.6032 - val_accuracy: 0.6000 - lr: 1.0000e-04
1/1 [==============================] - 0s 130ms/step - loss: 5.6673 - accuracy: 0.2857
Found 60 images belonging to 6 classes.
Found 5 images belonging to 6 classes.
Found 7 images belonging to 6 classes.
Epoch 1/20
2/2 [==============================] - 3s 970ms/step - loss: 7.3557 - accuracy: 0.1667 - val_loss: 7.1841 - val_accuracy: 0.0000e+00 - lr: 1.0000e-04
Epoch 2/20
2/2 [==============================] - 1s 620ms/step - loss: 7.1132 - accuracy: 0.2000 - val_loss: 6.9820 - val_accuracy: 0.0000e+00 - lr: 1.0000e-04
Epoch 3/20
2/2 [==============================] - 1s 602ms/step - loss: 6.9528 - accuracy: 0.2333 - val_loss: 6.8333 - val_accuracy: 0.2000 - lr: 1.0000e-04
Epoch 4/20
2/2 [==============================] - 1s 719ms/step - loss: 6.7737 - accuracy: 0.2500 - val_loss: 6.6812 - val_accuracy: 0.2000 - lr: 1.0000e-04
Epoch 5/20
2/2 [==============================] - 1s 657ms/step - loss: 6.5920 - accuracy: 0.2167 - val_loss: 6.4639 - val_accuracy: 0.2000 - lr: 1.0000e-04
Epoch 6/20
2/2 [==============================] - 1s 706ms/step - loss: 6.4603 - accuracy: 0.2000 - val_loss: 6.2522 - val_accuracy: 0.2000 - lr: 1.0000e-04
Epoch 7/20
2/2 [==============================] - 1s 739ms/step - loss: 6.2569 - accuracy: 0.2333 - val_loss: 6.0686 - val_accuracy: 0.4000 - lr: 1.0000e-04
Epoch 8/20
2/2 [==============================] - 1s 612ms/step - loss: 6.2196 - accuracy: 0.1667 - val_loss: 5.9064 - val_accuracy: 0.6000 - lr: 1.0000e-04
Epoch 9/20
2/2 [==============================] - 1s 733ms/step - loss: 6.1306 - accuracy: 0.1000 - val_loss: 5.7708 - val_accuracy: 0.4000 - lr: 1.0000e-04
Epoch 10/20
2/2 [==============================] - 1s 698ms/step - loss: 5.8293 - accuracy: 0.2667 - val_loss: 5.6385 - val_accuracy: 0.4000 - lr: 1.0000e-04
Epoch 11/20
2/2 [==============================] - 1s 610ms/step - loss: 5.7729 - accuracy: 0.1500 - val_loss: 5.5158 - val_accuracy: 0.4000 - lr: 1.0000e-04
Epoch 12/20
2/2 [==============================] - 1s 737ms/step - loss: 5.6251 - accuracy: 0.2500 - val_loss: 5.4186 - val_accuracy: 0.4000 - lr: 1.0000e-04
Epoch 13/20
2/2 [==============================] - 1s 686ms/step - loss: 5.5846 - accuracy: 0.1333 - val_loss: 5.3294 - val_accuracy: 0.4000 - lr: 1.0000e-04
Epoch 14/20
2/2 [==============================] - 1s 633ms/step - loss: 5.4358 - accuracy: 0.2167 - val_loss: 5.2526 - val_accuracy: 0.4000 - lr: 1.0000e-04
Epoch 15/20
2/2 [==============================] - 1s 608ms/step - loss: 5.2586 - accuracy: 0.2667 - val_loss: 5.1675 - val_accuracy: 0.4000 - lr: 1.0000e-04
Epoch 16/20
2/2 [==============================] - 1s 780ms/step - loss: 5.1189 - accuracy: 0.3167 - val_loss: 5.0836 - val_accuracy: 0.4000 - lr: 1.0000e-04
Epoch 17/20
2/2 [==============================] - 1s 588ms/step - loss: 5.0597 - accuracy: 0.2333 - val_loss: 4.9945 - val_accuracy: 0.4000 - lr: 1.0000e-04
Epoch 18/20
2/2 [==============================] - 1s 749ms/step - loss: 4.9699 - accuracy: 0.2667 - val_loss: 4.9147 - val_accuracy: 0.4000 - lr: 1.0000e-04
Epoch 19/20
2/2 [==============================] - 1s 699ms/step - loss: 4.8768 - accuracy: 0.3500 - val_loss: 4.8316 - val_accuracy: 0.4000 - lr: 1.0000e-04
Epoch 20/20
2/2 [==============================] - 1s 816ms/step - loss: 4.8258 - accuracy: 0.2500 - val_loss: 4.7416 - val_accuracy: 0.4000 - lr: 1.0000e-04
1/1 [==============================] - 0s 156ms/step - loss: 4.7878 - accuracy: 0.1429
Found 60 images belonging to 6 classes.
Found 5 images belonging to 6 classes.
Found 7 images belonging to 6 classes.
Epoch 1/10
2/2 [==============================] - 2s 798ms/step - loss: 7.3472 - accuracy: 0.1500 - val_loss: 7.2316 - val_accuracy: 0.0000e+00 - lr: 1.0000e-04
Epoch 2/10
2/2 [==============================] - 1s 591ms/step - loss: 7.1578 - accuracy: 0.1000 - val_loss: 7.0796 - val_accuracy: 0.0000e+00 - lr: 1.0000e-04
Epoch 3/10
2/2 [==============================] - 1s 613ms/step - loss: 6.9192 - accuracy: 0.2167 - val_loss: 6.8288 - val_accuracy: 0.2000 - lr: 1.0000e-04
Epoch 4/10
2/2 [==============================] - 1s 645ms/step - loss: 6.7571 - accuracy: 0.2333 - val_loss: 6.5990 - val_accuracy: 0.2000 - lr: 1.0000e-04
Epoch 5/10
2/2 [==============================] - 1s 700ms/step - loss: 6.5721 - accuracy: 0.2500 - val_loss: 6.4076 - val_accuracy: 0.2000 - lr: 1.0000e-04
Epoch 6/10
2/2 [==============================] - 1s 688ms/step - loss: 6.4533 - accuracy: 0.2500 - val_loss: 6.2336 - val_accuracy: 0.2000 - lr: 1.0000e-04
Epoch 7/10
2/2 [==============================] - 1s 609ms/step - loss: 6.2866 - accuracy: 0.2333 - val_loss: 6.0652 - val_accuracy: 0.4000 - lr: 1.0000e-04
Epoch 8/10
2/2 [==============================] - 1s 678ms/step - loss: 6.1939 - accuracy: 0.2000 - val_loss: 5.9552 - val_accuracy: 0.4000 - lr: 1.0000e-04
Epoch 9/10
2/2 [==============================] - 1s 705ms/step - loss: 5.9892 - accuracy: 0.2500 - val_loss: 5.8560 - val_accuracy: 0.2000 - lr: 1.0000e-04
Epoch 10/10
2/2 [==============================] - 1s 680ms/step - loss: 5.9029 - accuracy: 0.2333 - val_loss: 5.7937 - val_accuracy: 0.2000 - lr: 1.0000e-04
1/1 [==============================] - 0s 122ms/step - loss: 6.0139 - accuracy: 0.0000e+00
Found 60 images belonging to 6 classes.
Found 5 images belonging to 6 classes.
Found 7 images belonging to 6 classes.
Epoch 1/20
2/2 [==============================] - 2s 976ms/step - loss: 7.3523 - accuracy: 0.1667 - val_loss: 7.1214 - val_accuracy: 0.2000 - lr: 1.0000e-04
Epoch 2/20
2/2 [==============================] - 1s 729ms/step - loss: 7.2241 - accuracy: 0.0667 - val_loss: 6.9582 - val_accuracy: 0.0000e+00 - lr: 1.0000e-04
Epoch 3/20
2/2 [==============================] - 1s 749ms/step - loss: 7.0484 - accuracy: 0.1833 - val_loss: 6.8091 - val_accuracy: 0.2000 - lr: 1.0000e-04
Epoch 4/20
2/2 [==============================] - 1s 641ms/step - loss: 6.8818 - accuracy: 0.1333 - val_loss: 6.6168 - val_accuracy: 0.4000 - lr: 1.0000e-04
Epoch 5/20
2/2 [==============================] - 1s 702ms/step - loss: 6.6554 - accuracy: 0.1833 - val_loss: 6.4504 - val_accuracy: 0.2000 - lr: 1.0000e-04
Epoch 6/20
2/2 [==============================] - 1s 689ms/step - loss: 6.5543 - accuracy: 0.2667 - val_loss: 6.3081 - val_accuracy: 0.2000 - lr: 1.0000e-04
Epoch 7/20
2/2 [==============================] - 1s 590ms/step - loss: 6.4133 - accuracy: 0.1833 - val_loss: 6.1711 - val_accuracy: 0.2000 - lr: 1.0000e-04
Epoch 8/20
2/2 [==============================] - 1s 588ms/step - loss: 6.2526 - accuracy: 0.1500 - val_loss: 6.0563 - val_accuracy: 0.4000 - lr: 1.0000e-04
Epoch 9/20
2/2 [==============================] - 1s 700ms/step - loss: 6.0469 - accuracy: 0.2000 - val_loss: 5.9534 - val_accuracy: 0.4000 - lr: 1.0000e-04
Epoch 10/20
2/2 [==============================] - 1s 636ms/step - loss: 5.9989 - accuracy: 0.2000 - val_loss: 5.8494 - val_accuracy: 0.2000 - lr: 1.0000e-04
Epoch 11/20
2/2 [==============================] - 1s 581ms/step - loss: 5.8401 - accuracy: 0.2500 - val_loss: 5.7349 - val_accuracy: 0.2000 - lr: 1.0000e-04
Epoch 12/20
2/2 [==============================] - 1s 687ms/step - loss: 5.6834 - accuracy: 0.3833 - val_loss: 5.6094 - val_accuracy: 0.2000 - lr: 1.0000e-04
Epoch 13/20
2/2 [==============================] - 1s 738ms/step - loss: 5.6862 - accuracy: 0.1833 - val_loss: 5.4833 - val_accuracy: 0.2000 - lr: 1.0000e-04
Epoch 14/20
2/2 [==============================] - 1s 627ms/step - loss: 5.5457 - accuracy: 0.3167 - val_loss: 5.3744 - val_accuracy: 0.2000 - lr: 1.0000e-04
Epoch 15/20
2/2 [==============================] - 1s 645ms/step - loss: 5.4080 - accuracy: 0.2167 - val_loss: 5.2632 - val_accuracy: 0.2000 - lr: 1.0000e-04
Epoch 16/20
2/2 [==============================] - 1s 581ms/step - loss: 5.3520 - accuracy: 0.2833 - val_loss: 5.1644 - val_accuracy: 0.2000 - lr: 1.0000e-04
Epoch 17/20
2/2 [==============================] - 1s 677ms/step - loss: 5.2405 - accuracy: 0.1833 - val_loss: 5.0633 - val_accuracy: 0.2000 - lr: 1.0000e-04
Epoch 18/20
2/2 [==============================] - 1s 604ms/step - loss: 5.1424 - accuracy: 0.2000 - val_loss: 4.9588 - val_accuracy: 0.4000 - lr: 1.0000e-04
Epoch 19/20
2/2 [==============================] - 1s 590ms/step - loss: 5.0104 - accuracy: 0.2333 - val_loss: 4.8598 - val_accuracy: 0.6000 - lr: 1.0000e-04
Epoch 20/20
2/2 [==============================] - 1s 701ms/step - loss: 4.9299 - accuracy: 0.2000 - val_loss: 4.7697 - val_accuracy: 0.6000 - lr: 1.0000e-04
1/1 [==============================] - 0s 124ms/step - loss: 4.8373 - accuracy: 0.2857
Found 60 images belonging to 6 classes.
Found 5 images belonging to 6 classes.
Found 7 images belonging to 6 classes.
Epoch 1/10
2/2 [==============================] - 2s 782ms/step - loss: 7.4167 - accuracy: 0.0833 - val_loss: 7.1559 - val_accuracy: 0.2000 - lr: 1.0000e-04
Epoch 2/10
2/2 [==============================] - 1s 605ms/step - loss: 7.2229 - accuracy: 0.1333 - val_loss: 7.0099 - val_accuracy: 0.0000e+00 - lr: 1.0000e-04
Epoch 3/10
2/2 [==============================] - 1s 668ms/step - loss: 7.0003 - accuracy: 0.1667 - val_loss: 6.8346 - val_accuracy: 0.0000e+00 - lr: 1.0000e-04
Epoch 4/10
2/2 [==============================] - 1s 715ms/step - loss: 6.8352 - accuracy: 0.2000 - val_loss: 6.6888 - val_accuracy: 0.0000e+00 - lr: 1.0000e-04
Epoch 5/10
2/2 [==============================] - 1s 675ms/step - loss: 6.6414 - accuracy: 0.1833 - val_loss: 6.5786 - val_accuracy: 0.0000e+00 - lr: 1.0000e-04
Epoch 6/10
2/2 [==============================] - 1s 591ms/step - loss: 6.5398 - accuracy: 0.1500 - val_loss: 6.4339 - val_accuracy: 0.2000 - lr: 1.0000e-04
Epoch 7/10
2/2 [==============================] - 1s 683ms/step - loss: 6.4377 - accuracy: 0.2000 - val_loss: 6.2629 - val_accuracy: 0.2000 - lr: 1.0000e-04
Epoch 8/10
2/2 [==============================] - 1s 581ms/step - loss: 6.2520 - accuracy: 0.2333 - val_loss: 6.1028 - val_accuracy: 0.2000 - lr: 1.0000e-04
Epoch 9/10
2/2 [==============================] - 1s 584ms/step - loss: 6.0893 - accuracy: 0.1833 - val_loss: 5.9637 - val_accuracy: 0.2000 - lr: 1.0000e-04
Epoch 10/10
2/2 [==============================] - 1s 696ms/step - loss: 5.9737 - accuracy: 0.2167 - val_loss: 5.8395 - val_accuracy: 0.2000 - lr: 1.0000e-04
1/1 [==============================] - 0s 118ms/step - loss: 5.9654 - accuracy: 0.0000e+00
Found 60 images belonging to 6 classes.
Found 5 images belonging to 6 classes.
Found 7 images belonging to 6 classes.
Epoch 1/20
2/2 [==============================] - 2s 851ms/step - loss: 7.3681 - accuracy: 0.1333 - val_loss: 7.1868 - val_accuracy: 0.2000 - lr: 1.0000e-04
Epoch 2/20
2/2 [==============================] - 1s 677ms/step - loss: 7.1498 - accuracy: 0.2000 - val_loss: 7.0607 - val_accuracy: 0.2000 - lr: 1.0000e-04
Epoch 3/20
2/2 [==============================] - 1s 576ms/step - loss: 6.9929 - accuracy: 0.1500 - val_loss: 6.8716 - val_accuracy: 0.0000e+00 - lr: 1.0000e-04
Epoch 4/20
2/2 [==============================] - 1s 720ms/step - loss: 6.9172 - accuracy: 0.1667 - val_loss: 6.7158 - val_accuracy: 0.2000 - lr: 1.0000e-04
Epoch 5/20
2/2 [==============================] - 1s 605ms/step - loss: 6.6713 - accuracy: 0.2333 - val_loss: 6.5701 - val_accuracy: 0.2000 - lr: 1.0000e-04
Epoch 6/20
2/2 [==============================] - 1s 711ms/step - loss: 6.5653 - accuracy: 0.2000 - val_loss: 6.4289 - val_accuracy: 0.2000 - lr: 1.0000e-04
Epoch 7/20
2/2 [==============================] - 1s 664ms/step - loss: 6.3837 - accuracy: 0.2667 - val_loss: 6.2892 - val_accuracy: 0.2000 - lr: 1.0000e-04
Epoch 8/20
2/2 [==============================] - 1s 593ms/step - loss: 6.3345 - accuracy: 0.1500 - val_loss: 6.1551 - val_accuracy: 0.2000 - lr: 1.0000e-04
Epoch 9/20
2/2 [==============================] - 1s 583ms/step - loss: 6.2397 - accuracy: 0.1833 - val_loss: 6.0040 - val_accuracy: 0.4000 - lr: 1.0000e-04
Epoch 10/20
2/2 [==============================] - 1s 665ms/step - loss: 6.0101 - accuracy: 0.2000 - val_loss: 5.8518 - val_accuracy: 0.4000 - lr: 1.0000e-04
Epoch 11/20
2/2 [==============================] - 1s 689ms/step - loss: 5.9465 - accuracy: 0.2333 - val_loss: 5.7190 - val_accuracy: 0.4000 - lr: 1.0000e-04
Epoch 12/20
2/2 [==============================] - 1s 598ms/step - loss: 5.8317 - accuracy: 0.2333 - val_loss: 5.5932 - val_accuracy: 0.4000 - lr: 1.0000e-04
Epoch 13/20
2/2 [==============================] - 1s 687ms/step - loss: 5.6752 - accuracy: 0.2833 - val_loss: 5.4707 - val_accuracy: 0.4000 - lr: 1.0000e-04
Epoch 14/20
2/2 [==============================] - 1s 727ms/step - loss: 5.5369 - accuracy: 0.2667 - val_loss: 5.3563 - val_accuracy: 0.4000 - lr: 1.0000e-04
Epoch 15/20
2/2 [==============================] - 1s 593ms/step - loss: 5.5213 - accuracy: 0.2333 - val_loss: 5.2698 - val_accuracy: 0.4000 - lr: 1.0000e-04
Epoch 16/20
2/2 [==============================] - 1s 696ms/step - loss: 5.3517 - accuracy: 0.2000 - val_loss: 5.1793 - val_accuracy: 0.4000 - lr: 1.0000e-04
Epoch 17/20
2/2 [==============================] - 1s 720ms/step - loss: 5.2463 - accuracy: 0.2500 - val_loss: 5.0966 - val_accuracy: 0.4000 - lr: 1.0000e-04
Epoch 18/20
2/2 [==============================] - 1s 601ms/step - loss: 5.2081 - accuracy: 0.1667 - val_loss: 5.0118 - val_accuracy: 0.4000 - lr: 1.0000e-04
Epoch 19/20
2/2 [==============================] - 1s 615ms/step - loss: 5.0886 - accuracy: 0.3167 - val_loss: 4.9266 - val_accuracy: 0.4000 - lr: 1.0000e-04
Epoch 20/20
2/2 [==============================] - 1s 614ms/step - loss: 4.9691 - accuracy: 0.3167 - val_loss: 4.8445 - val_accuracy: 0.4000 - lr: 1.0000e-04
1/1 [==============================] - 0s 116ms/step - loss: 4.9481 - accuracy: 0.1429

Process finished with exit code 0
