C:\Users\tom.zbc\PycharmProjects\fungis_bacterias_project\.venv\Scripts\python.exe C:\Users\tom.zbc\PycharmProjects\fungis_bacterias_project\3_model_training_and_evaluation_FNN_6_40pr.py
Class 'Aero' meets the sample requirement.
Class 'Bacillus' meets the sample requirement.
Class 'Bor' meets the sample requirement.
Class 'E' meets the sample requirement.
Class 'Morganella' meets the sample requirement.
Class 'stapholococcus' meets the sample requirement.
Data check passed for directory: 'C:/Users/tom.zbc/PycharmProjects/fungis_bacterias_project/data/train'
Class 'Aero' meets the sample requirement.
Warning: Class 'Bacillus' has only 0 samples, expected at least 2.
Warning: Class 'Bor' has only 1 samples, expected at least 2.
Warning: Class 'E' has only 0 samples, expected at least 2.
Warning: Class 'Morganella' has only 1 samples, expected at least 2.
Warning: Class 'stapholococcus' has only 1 samples, expected at least 2.
Data check passed for directory: 'C:/Users/tom.zbc/PycharmProjects/fungis_bacterias_project/data/validation'
Class 'Aero' meets the sample requirement.
Warning: Class 'Bacillus' has only 1 samples, expected at least 2.
Warning: Class 'Bor' has only 0 samples, expected at least 2.
Warning: Class 'E' has only 0 samples, expected at least 2.
Warning: Class 'Morganella' has only 1 samples, expected at least 2.
Class 'stapholococcus' meets the sample requirement.
Data check passed for directory: 'C:/Users/tom.zbc/PycharmProjects/fungis_bacterias_project/data/test'
Found 60 images belonging to 6 classes.
Found 5 images belonging to 6 classes.
Found 7 images belonging to 6 classes.
2024-09-27 13:17:40.513093: I tensorflow/core/platform/cpu_feature_guard.cc:182] This TensorFlow binary is optimized to use available CPU instructions in performance-critical operations.
To enable the following instructions: SSE SSE2 SSE3 SSE4.1 SSE4.2 AVX AVX2 AVX_VNNI FMA, in other operations, rebuild TensorFlow with the appropriate compiler flags.

Epoch 1: LearningRateScheduler setting learning rate to 0.0005000000237487257.
Epoch 1/25
2/2 [==============================] - ETA: 0s - loss: 12.4083 - accuracy: 0.2000C:\Users\tom.zbc\PycharmProjects\fungis_bacterias_project\.venv\lib\site-packages\keras\src\engine\training.py:3000: UserWarning: You are saving your model as an HDF5 file via `model.save()`. This file format is considered legacy. We recommend using instead the native Keras format, e.g. `model.save('my_model.keras')`.
  saving_api.save_model(
2/2 [==============================] - 2s 941ms/step - loss: 12.4083 - accuracy: 0.2000 - val_loss: 10.6182 - val_accuracy: 0.2000 - lr: 5.0000e-04

Epoch 2: LearningRateScheduler setting learning rate to 0.0005000000237487257.
Epoch 2/25
2/2 [==============================] - 1s 816ms/step - loss: 10.0879 - accuracy: 0.0667 - val_loss: 8.5535 - val_accuracy: 0.2000 - lr: 5.0000e-04

Epoch 3: LearningRateScheduler setting learning rate to 0.0005000000237487257.
Epoch 3/25
2/2 [==============================] - 1s 796ms/step - loss: 8.2217 - accuracy: 0.1833 - val_loss: 7.0126 - val_accuracy: 0.4000 - lr: 5.0000e-04

Epoch 4: LearningRateScheduler setting learning rate to 0.0005000000237487257.
Epoch 4/25
2/2 [==============================] - 1s 847ms/step - loss: 6.7655 - accuracy: 0.2500 - val_loss: 5.8981 - val_accuracy: 0.4000 - lr: 5.0000e-04

Epoch 5: LearningRateScheduler setting learning rate to 0.0005000000237487257.
Epoch 5/25
2/2 [==============================] - 1s 797ms/step - loss: 5.7338 - accuracy: 0.2333 - val_loss: 5.0852 - val_accuracy: 0.2000 - lr: 5.0000e-04

Epoch 6: LearningRateScheduler setting learning rate to 0.0005000000237487257.
Epoch 6/25
2/2 [==============================] - 1s 787ms/step - loss: 4.9241 - accuracy: 0.1833 - val_loss: 4.5024 - val_accuracy: 0.2000 - lr: 5.0000e-04

Epoch 7: LearningRateScheduler setting learning rate to 0.0005000000237487257.
Epoch 7/25
2/2 [==============================] - 1s 788ms/step - loss: 4.3761 - accuracy: 0.2000 - val_loss: 4.0701 - val_accuracy: 0.2000 - lr: 5.0000e-04

Epoch 8: LearningRateScheduler setting learning rate to 0.0005000000237487257.
Epoch 8/25
2/2 [==============================] - 1s 892ms/step - loss: 3.9727 - accuracy: 0.1833 - val_loss: 3.7804 - val_accuracy: 0.2000 - lr: 5.0000e-04

Epoch 9: LearningRateScheduler setting learning rate to 0.0005000000237487257.
Epoch 9/25
2/2 [==============================] - 1s 815ms/step - loss: 3.6779 - accuracy: 0.3333 - val_loss: 3.5670 - val_accuracy: 0.2000 - lr: 5.0000e-04

Epoch 10: LearningRateScheduler setting learning rate to 0.0005000000237487257.
Epoch 10/25
2/2 [==============================] - 1s 901ms/step - loss: 3.5188 - accuracy: 0.2000 - val_loss: 3.4037 - val_accuracy: 0.2000 - lr: 5.0000e-04

Epoch 11: LearningRateScheduler setting learning rate to 0.0005000000237487257.
Epoch 11/25
2/2 [==============================] - 1s 824ms/step - loss: 3.3747 - accuracy: 0.1833 - val_loss: 3.2716 - val_accuracy: 0.2000 - lr: 5.0000e-04

Epoch 12: LearningRateScheduler setting learning rate to 0.0002500000118743628.
Epoch 12/25
2/2 [==============================] - 1s 833ms/step - loss: 3.2690 - accuracy: 0.2167 - val_loss: 3.1910 - val_accuracy: 0.2000 - lr: 2.5000e-04

Epoch 13: LearningRateScheduler setting learning rate to 0.0001250000059371814.
Epoch 13/25
2/2 [==============================] - 1s 883ms/step - loss: 3.2071 - accuracy: 0.2833 - val_loss: 3.1500 - val_accuracy: 0.2000 - lr: 1.2500e-04

Epoch 14: LearningRateScheduler setting learning rate to 6.25000029685907e-05.
Epoch 14/25
2/2 [==============================] - 1s 818ms/step - loss: 3.1948 - accuracy: 0.2167 - val_loss: 3.1273 - val_accuracy: 0.2000 - lr: 6.2500e-05

Epoch 15: LearningRateScheduler setting learning rate to 3.125000148429535e-05.
Epoch 15/25
2/2 [==============================] - 1s 778ms/step - loss: 3.1626 - accuracy: 0.2833 - val_loss: 3.1154 - val_accuracy: 0.2000 - lr: 3.1250e-05

Epoch 16: LearningRateScheduler setting learning rate to 1.5625000742147677e-05.
Epoch 16/25
2/2 [==============================] - 1s 858ms/step - loss: 3.1804 - accuracy: 0.1667 - val_loss: 3.1090 - val_accuracy: 0.2000 - lr: 1.5625e-05

Epoch 17: LearningRateScheduler setting learning rate to 7.812500371073838e-06.
Epoch 17/25
2/2 [==============================] - 1s 774ms/step - loss: 3.1651 - accuracy: 0.1833 - val_loss: 3.1057 - val_accuracy: 0.2000 - lr: 7.8125e-06

Epoch 18: LearningRateScheduler setting learning rate to 3.906250185536919e-06.
Epoch 18/25
2/2 [==============================] - 1s 753ms/step - loss: 3.1491 - accuracy: 0.1667 - val_loss: 3.1039 - val_accuracy: 0.2000 - lr: 3.9063e-06

Epoch 19: LearningRateScheduler setting learning rate to 1.9531250927684596e-06.
Epoch 19/25
2/2 [==============================] - 1s 953ms/step - loss: 3.1639 - accuracy: 0.2167 - val_loss: 3.1029 - val_accuracy: 0.2000 - lr: 1.9531e-06

Epoch 20: LearningRateScheduler setting learning rate to 9.765625463842298e-07.
Epoch 20/25
2/2 [==============================] - 1s 809ms/step - loss: 3.1544 - accuracy: 0.1333 - val_loss: 3.1024 - val_accuracy: 0.2000 - lr: 9.7656e-07

Epoch 21: LearningRateScheduler setting learning rate to 4.882812731921149e-07.
Epoch 21/25
2/2 [==============================] - 1s 744ms/step - loss: 3.1538 - accuracy: 0.2000 - val_loss: 3.1022 - val_accuracy: 0.2000 - lr: 4.8828e-07

Epoch 22: LearningRateScheduler setting learning rate to 2.4414063659605745e-07.
Epoch 22/25
2/2 [==============================] - 1s 832ms/step - loss: 3.1488 - accuracy: 0.2167 - val_loss: 3.1021 - val_accuracy: 0.2000 - lr: 2.4414e-07

Epoch 23: LearningRateScheduler setting learning rate to 1.2207031829802872e-07.
Epoch 23/25
2/2 [==============================] - 1s 894ms/step - loss: 3.1420 - accuracy: 0.1333 - val_loss: 3.1020 - val_accuracy: 0.2000 - lr: 1.2207e-07

Epoch 24: LearningRateScheduler setting learning rate to 6.103515914901436e-08.
Epoch 24/25
2/2 [==============================] - 1s 811ms/step - loss: 3.1477 - accuracy: 0.2833 - val_loss: 3.1019 - val_accuracy: 0.2000 - lr: 6.1035e-08

Epoch 25: LearningRateScheduler setting learning rate to 3.051757957450718e-08.
Epoch 25/25
2/2 [==============================] - 1s 895ms/step - loss: 3.1347 - accuracy: 0.3000 - val_loss: 3.1019 - val_accuracy: 0.2000 - lr: 3.0518e-08
1/1 [==============================] - 0s 92ms/step - loss: 3.0425 - accuracy: 0.2857
Found 60 images belonging to 6 classes.
Found 5 images belonging to 6 classes.
Found 7 images belonging to 6 classes.

Epoch 1: LearningRateScheduler setting learning rate to 0.0005000000237487257.
Epoch 1/30
2/2 [==============================] - ETA: 0s - loss: 12.6090 - accuracy: 0.2333C:\Users\tom.zbc\PycharmProjects\fungis_bacterias_project\.venv\lib\site-packages\keras\src\engine\training.py:3000: UserWarning: You are saving your model as an HDF5 file via `model.save()`. This file format is considered legacy. We recommend using instead the native Keras format, e.g. `model.save('my_model.keras')`.
  saving_api.save_model(
2/2 [==============================] - 2s 922ms/step - loss: 12.6090 - accuracy: 0.2333 - val_loss: 10.8205 - val_accuracy: 0.4000 - lr: 5.0000e-04

Epoch 2: LearningRateScheduler setting learning rate to 0.0005000000237487257.
Epoch 2/30
2/2 [==============================] - 1s 840ms/step - loss: 10.8370 - accuracy: 0.2000 - val_loss: 9.6204 - val_accuracy: 0.2000 - lr: 5.0000e-04

Epoch 3: LearningRateScheduler setting learning rate to 0.0005000000237487257.
Epoch 3/30
2/2 [==============================] - 1s 757ms/step - loss: 9.6666 - accuracy: 0.1167 - val_loss: 8.3797 - val_accuracy: 0.0000e+00 - lr: 5.0000e-04

Epoch 4: LearningRateScheduler setting learning rate to 0.0005000000237487257.
Epoch 4/30
2/2 [==============================] - 1s 834ms/step - loss: 8.3461 - accuracy: 0.1167 - val_loss: 7.4697 - val_accuracy: 0.2000 - lr: 5.0000e-04

Epoch 5: LearningRateScheduler setting learning rate to 0.0005000000237487257.
Epoch 5/30
2/2 [==============================] - 1s 740ms/step - loss: 7.3326 - accuracy: 0.1667 - val_loss: 6.7708 - val_accuracy: 0.2000 - lr: 5.0000e-04

Epoch 6: LearningRateScheduler setting learning rate to 0.0005000000237487257.
Epoch 6/30
2/2 [==============================] - 1s 864ms/step - loss: 6.6682 - accuracy: 0.1167 - val_loss: 6.2302 - val_accuracy: 0.2000 - lr: 5.0000e-04

Epoch 7: LearningRateScheduler setting learning rate to 0.0005000000237487257.
Epoch 7/30
2/2 [==============================] - 1s 748ms/step - loss: 6.0922 - accuracy: 0.2667 - val_loss: 5.8028 - val_accuracy: 0.2000 - lr: 5.0000e-04

Epoch 8: LearningRateScheduler setting learning rate to 0.0005000000237487257.
Epoch 8/30
2/2 [==============================] - 1s 858ms/step - loss: 5.6801 - accuracy: 0.2167 - val_loss: 5.4584 - val_accuracy: 0.2000 - lr: 5.0000e-04

Epoch 9: LearningRateScheduler setting learning rate to 0.0005000000237487257.
Epoch 9/30
2/2 [==============================] - 1s 749ms/step - loss: 5.3665 - accuracy: 0.2833 - val_loss: 5.1832 - val_accuracy: 0.2000 - lr: 5.0000e-04

Epoch 10: LearningRateScheduler setting learning rate to 0.0005000000237487257.
Epoch 10/30
2/2 [==============================] - 1s 843ms/step - loss: 5.1045 - accuracy: 0.2667 - val_loss: 4.9458 - val_accuracy: 0.2000 - lr: 5.0000e-04

Epoch 11: LearningRateScheduler setting learning rate to 0.0005000000237487257.
Epoch 11/30
2/2 [==============================] - 1s 833ms/step - loss: 4.8966 - accuracy: 0.1833 - val_loss: 4.7326 - val_accuracy: 0.4000 - lr: 5.0000e-04

Epoch 12: LearningRateScheduler setting learning rate to 0.0002500000118743628.
Epoch 12/30
2/2 [==============================] - 1s 764ms/step - loss: 4.6949 - accuracy: 0.2500 - val_loss: 4.6265 - val_accuracy: 0.2000 - lr: 2.5000e-04

Epoch 13: LearningRateScheduler setting learning rate to 0.0001250000059371814.
Epoch 13/30
2/2 [==============================] - 1s 815ms/step - loss: 4.6113 - accuracy: 0.1833 - val_loss: 4.5695 - val_accuracy: 0.2000 - lr: 1.2500e-04

Epoch 14: LearningRateScheduler setting learning rate to 6.25000029685907e-05.
Epoch 14/30
2/2 [==============================] - 1s 805ms/step - loss: 4.5405 - accuracy: 0.3500 - val_loss: 4.5386 - val_accuracy: 0.2000 - lr: 6.2500e-05

Epoch 15: LearningRateScheduler setting learning rate to 3.125000148429535e-05.
Epoch 15/30
2/2 [==============================] - 1s 817ms/step - loss: 4.5328 - accuracy: 0.2333 - val_loss: 4.5219 - val_accuracy: 0.2000 - lr: 3.1250e-05

Epoch 16: LearningRateScheduler setting learning rate to 1.5625000742147677e-05.
Epoch 16/30
2/2 [==============================] - 1s 797ms/step - loss: 4.5192 - accuracy: 0.2667 - val_loss: 4.5129 - val_accuracy: 0.2000 - lr: 1.5625e-05

Epoch 17: LearningRateScheduler setting learning rate to 7.812500371073838e-06.
Epoch 17/30
2/2 [==============================] - 1s 774ms/step - loss: 4.4928 - accuracy: 0.2667 - val_loss: 4.5081 - val_accuracy: 0.2000 - lr: 7.8125e-06

Epoch 18: LearningRateScheduler setting learning rate to 3.906250185536919e-06.
Epoch 18/30
2/2 [==============================] - 1s 789ms/step - loss: 4.4992 - accuracy: 0.2167 - val_loss: 4.5055 - val_accuracy: 0.2000 - lr: 3.9063e-06

Epoch 19: LearningRateScheduler setting learning rate to 1.9531250927684596e-06.
Epoch 19/30
2/2 [==============================] - 1s 833ms/step - loss: 4.4944 - accuracy: 0.2667 - val_loss: 4.5042 - val_accuracy: 0.2000 - lr: 1.9531e-06

Epoch 20: LearningRateScheduler setting learning rate to 9.765625463842298e-07.
Epoch 20/30
2/2 [==============================] - 1s 825ms/step - loss: 4.4846 - accuracy: 0.3167 - val_loss: 4.5035 - val_accuracy: 0.2000 - lr: 9.7656e-07

Epoch 21: LearningRateScheduler setting learning rate to 4.882812731921149e-07.
Epoch 21/30
2/2 [==============================] - 1s 903ms/step - loss: 4.4922 - accuracy: 0.3500 - val_loss: 4.5032 - val_accuracy: 0.2000 - lr: 4.8828e-07

Epoch 22: LearningRateScheduler setting learning rate to 2.4414063659605745e-07.
Epoch 22/30
2/2 [==============================] - 1s 741ms/step - loss: 4.4977 - accuracy: 0.2333 - val_loss: 4.5030 - val_accuracy: 0.2000 - lr: 2.4414e-07

Epoch 23: LearningRateScheduler setting learning rate to 1.2207031829802872e-07.
Epoch 23/30
2/2 [==============================] - 1s 778ms/step - loss: 4.4900 - accuracy: 0.2667 - val_loss: 4.5029 - val_accuracy: 0.2000 - lr: 1.2207e-07

Epoch 24: LearningRateScheduler setting learning rate to 6.103515914901436e-08.
Epoch 24/30
2/2 [==============================] - 1s 745ms/step - loss: 4.4944 - accuracy: 0.2833 - val_loss: 4.5028 - val_accuracy: 0.2000 - lr: 6.1035e-08

Epoch 25: LearningRateScheduler setting learning rate to 3.051757957450718e-08.
Epoch 25/30
2/2 [==============================] - 1s 803ms/step - loss: 4.4697 - accuracy: 0.2667 - val_loss: 4.5028 - val_accuracy: 0.2000 - lr: 3.0518e-08

Epoch 26: LearningRateScheduler setting learning rate to 1.525878978725359e-08.
Epoch 26/30
2/2 [==============================] - 1s 856ms/step - loss: 4.4989 - accuracy: 0.2667 - val_loss: 4.5028 - val_accuracy: 0.2000 - lr: 1.5259e-08

Epoch 27: LearningRateScheduler setting learning rate to 7.629394893626795e-09.
Epoch 27/30
2/2 [==============================] - 1s 721ms/step - loss: 4.4802 - accuracy: 0.2667 - val_loss: 4.5028 - val_accuracy: 0.2000 - lr: 7.6294e-09

Epoch 28: LearningRateScheduler setting learning rate to 3.814697446813398e-09.
Epoch 28/30
2/2 [==============================] - 1s 843ms/step - loss: 4.4742 - accuracy: 0.3000 - val_loss: 4.5028 - val_accuracy: 0.2000 - lr: 3.8147e-09

Epoch 29: LearningRateScheduler setting learning rate to 1.907348723406699e-09.
Epoch 29/30
2/2 [==============================] - 1s 723ms/step - loss: 4.4752 - accuracy: 0.4167 - val_loss: 4.5028 - val_accuracy: 0.2000 - lr: 1.9073e-09

Epoch 30: LearningRateScheduler setting learning rate to 9.536743617033494e-10.
Epoch 30/30
2/2 [==============================] - 1s 773ms/step - loss: 4.5116 - accuracy: 0.2333 - val_loss: 4.5028 - val_accuracy: 0.2000 - lr: 9.5367e-10
1/1 [==============================] - 0s 85ms/step - loss: 4.4833 - accuracy: 0.2857
Found 60 images belonging to 6 classes.
Found 5 images belonging to 6 classes.
Found 7 images belonging to 6 classes.

Epoch 1: LearningRateScheduler setting learning rate to 0.0005000000237487257.
Epoch 1/25
2/2 [==============================] - ETA: 0s - loss: 12.4224 - accuracy: 0.1667C:\Users\tom.zbc\PycharmProjects\fungis_bacterias_project\.venv\lib\site-packages\keras\src\engine\training.py:3000: UserWarning: You are saving your model as an HDF5 file via `model.save()`. This file format is considered legacy. We recommend using instead the native Keras format, e.g. `model.save('my_model.keras')`.
  saving_api.save_model(
2/2 [==============================] - 2s 980ms/step - loss: 12.4224 - accuracy: 0.1667 - val_loss: 10.7245 - val_accuracy: 0.4000 - lr: 5.0000e-04

Epoch 2: LearningRateScheduler setting learning rate to 0.0005000000237487257.
Epoch 2/25
2/2 [==============================] - 1s 801ms/step - loss: 10.5031 - accuracy: 0.2000 - val_loss: 8.9958 - val_accuracy: 0.2000 - lr: 5.0000e-04

Epoch 3: LearningRateScheduler setting learning rate to 0.0005000000237487257.
Epoch 3/25
2/2 [==============================] - 1s 738ms/step - loss: 8.9642 - accuracy: 0.2333 - val_loss: 7.7748 - val_accuracy: 0.4000 - lr: 5.0000e-04

Epoch 4: LearningRateScheduler setting learning rate to 0.0005000000237487257.
Epoch 4/25
2/2 [==============================] - 1s 874ms/step - loss: 7.6104 - accuracy: 0.2333 - val_loss: 6.8284 - val_accuracy: 0.4000 - lr: 5.0000e-04

Epoch 5: LearningRateScheduler setting learning rate to 0.0005000000237487257.
Epoch 5/25
2/2 [==============================] - 1s 815ms/step - loss: 6.8123 - accuracy: 0.1667 - val_loss: 6.0902 - val_accuracy: 0.4000 - lr: 5.0000e-04

Epoch 6: LearningRateScheduler setting learning rate to 0.0005000000237487257.
Epoch 6/25
2/2 [==============================] - 1s 817ms/step - loss: 6.0228 - accuracy: 0.2167 - val_loss: 5.5533 - val_accuracy: 0.4000 - lr: 5.0000e-04

Epoch 7: LearningRateScheduler setting learning rate to 0.0005000000237487257.
Epoch 7/25
2/2 [==============================] - 1s 753ms/step - loss: 5.5098 - accuracy: 0.2833 - val_loss: 5.1827 - val_accuracy: 0.6000 - lr: 5.0000e-04

Epoch 8: LearningRateScheduler setting learning rate to 0.0005000000237487257.
Epoch 8/25
2/2 [==============================] - 1s 837ms/step - loss: 5.1875 - accuracy: 0.2167 - val_loss: 4.9165 - val_accuracy: 0.2000 - lr: 5.0000e-04

Epoch 9: LearningRateScheduler setting learning rate to 0.0005000000237487257.
Epoch 9/25
2/2 [==============================] - 1s 837ms/step - loss: 4.8710 - accuracy: 0.2500 - val_loss: 4.7013 - val_accuracy: 0.6000 - lr: 5.0000e-04

Epoch 10: LearningRateScheduler setting learning rate to 0.0005000000237487257.
Epoch 10/25
2/2 [==============================] - 1s 815ms/step - loss: 4.6928 - accuracy: 0.2167 - val_loss: 4.5109 - val_accuracy: 0.4000 - lr: 5.0000e-04

Epoch 11: LearningRateScheduler setting learning rate to 0.0005000000237487257.
Epoch 11/25
2/2 [==============================] - 1s 770ms/step - loss: 4.4926 - accuracy: 0.2500 - val_loss: 4.3255 - val_accuracy: 0.6000 - lr: 5.0000e-04

Epoch 12: LearningRateScheduler setting learning rate to 0.0002500000118743628.
Epoch 12/25
2/2 [==============================] - 1s 816ms/step - loss: 4.3623 - accuracy: 0.1500 - val_loss: 4.2262 - val_accuracy: 0.6000 - lr: 2.5000e-04

Epoch 13: LearningRateScheduler setting learning rate to 0.0001250000059371814.
Epoch 13/25
2/2 [==============================] - 1s 974ms/step - loss: 4.2540 - accuracy: 0.2333 - val_loss: 4.1723 - val_accuracy: 0.6000 - lr: 1.2500e-04

Epoch 14: LearningRateScheduler setting learning rate to 6.25000029685907e-05.
Epoch 14/25
2/2 [==============================] - 1s 955ms/step - loss: 4.1975 - accuracy: 0.2833 - val_loss: 4.1410 - val_accuracy: 0.6000 - lr: 6.2500e-05

Epoch 15: LearningRateScheduler setting learning rate to 3.125000148429535e-05.
Epoch 15/25
2/2 [==============================] - 1s 792ms/step - loss: 4.1977 - accuracy: 0.2333 - val_loss: 4.1243 - val_accuracy: 0.6000 - lr: 3.1250e-05

Epoch 16: LearningRateScheduler setting learning rate to 1.5625000742147677e-05.
Epoch 16/25
2/2 [==============================] - 1s 818ms/step - loss: 4.1863 - accuracy: 0.2333 - val_loss: 4.1155 - val_accuracy: 0.6000 - lr: 1.5625e-05

Epoch 17: LearningRateScheduler setting learning rate to 7.812500371073838e-06.
Epoch 17/25
2/2 [==============================] - 1s 933ms/step - loss: 4.1540 - accuracy: 0.2667 - val_loss: 4.1108 - val_accuracy: 0.6000 - lr: 7.8125e-06

Epoch 18: LearningRateScheduler setting learning rate to 3.906250185536919e-06.
Epoch 18/25
2/2 [==============================] - 1s 844ms/step - loss: 4.1933 - accuracy: 0.2500 - val_loss: 4.1084 - val_accuracy: 0.6000 - lr: 3.9063e-06

Epoch 19: LearningRateScheduler setting learning rate to 1.9531250927684596e-06.
Epoch 19/25
2/2 [==============================] - 1s 774ms/step - loss: 4.1539 - accuracy: 0.2333 - val_loss: 4.1072 - val_accuracy: 0.6000 - lr: 1.9531e-06

Epoch 20: LearningRateScheduler setting learning rate to 9.765625463842298e-07.
Epoch 20/25
2/2 [==============================] - 1s 821ms/step - loss: 4.1914 - accuracy: 0.2500 - val_loss: 4.1066 - val_accuracy: 0.6000 - lr: 9.7656e-07

Epoch 21: LearningRateScheduler setting learning rate to 4.882812731921149e-07.
Epoch 21/25
2/2 [==============================] - 1s 819ms/step - loss: 4.1949 - accuracy: 0.3000 - val_loss: 4.1063 - val_accuracy: 0.6000 - lr: 4.8828e-07

Epoch 22: LearningRateScheduler setting learning rate to 2.4414063659605745e-07.
Epoch 22/25
2/2 [==============================] - 1s 803ms/step - loss: 4.1513 - accuracy: 0.2833 - val_loss: 4.1061 - val_accuracy: 0.6000 - lr: 2.4414e-07

Epoch 23: LearningRateScheduler setting learning rate to 1.2207031829802872e-07.
Epoch 23/25
2/2 [==============================] - 1s 815ms/step - loss: 4.1559 - accuracy: 0.2833 - val_loss: 4.1060 - val_accuracy: 0.6000 - lr: 1.2207e-07

Epoch 24: LearningRateScheduler setting learning rate to 6.103515914901436e-08.
Epoch 24/25
2/2 [==============================] - 1s 832ms/step - loss: 4.1568 - accuracy: 0.2500 - val_loss: 4.1060 - val_accuracy: 0.6000 - lr: 6.1035e-08

Epoch 25: LearningRateScheduler setting learning rate to 3.051757957450718e-08.
Epoch 25/25
2/2 [==============================] - 1s 919ms/step - loss: 4.1969 - accuracy: 0.2000 - val_loss: 4.1060 - val_accuracy: 0.6000 - lr: 3.0518e-08
1/1 [==============================] - 0s 115ms/step - loss: 4.1149 - accuracy: 0.5714
Found 60 images belonging to 6 classes.
Found 5 images belonging to 6 classes.
Found 7 images belonging to 6 classes.

Epoch 1: LearningRateScheduler setting learning rate to 0.0005000000237487257.
Epoch 1/30
2/2 [==============================] - ETA: 0s - loss: 12.4775 - accuracy: 0.1833C:\Users\tom.zbc\PycharmProjects\fungis_bacterias_project\.venv\lib\site-packages\keras\src\engine\training.py:3000: UserWarning: You are saving your model as an HDF5 file via `model.save()`. This file format is considered legacy. We recommend using instead the native Keras format, e.g. `model.save('my_model.keras')`.
  saving_api.save_model(
2/2 [==============================] - 2s 1s/step - loss: 12.4775 - accuracy: 0.1833 - val_loss: 10.6917 - val_accuracy: 0.0000e+00 - lr: 5.0000e-04

Epoch 2: LearningRateScheduler setting learning rate to 0.0005000000237487257.
Epoch 2/30
2/2 [==============================] - 1s 773ms/step - loss: 10.4494 - accuracy: 0.1833 - val_loss: 9.0658 - val_accuracy: 0.2000 - lr: 5.0000e-04

Epoch 3: LearningRateScheduler setting learning rate to 0.0005000000237487257.
Epoch 3/30
2/2 [==============================] - 1s 872ms/step - loss: 8.6543 - accuracy: 0.2333 - val_loss: 7.8777 - val_accuracy: 0.2000 - lr: 5.0000e-04

Epoch 4: LearningRateScheduler setting learning rate to 0.0005000000237487257.
Epoch 4/30
2/2 [==============================] - 1s 858ms/step - loss: 7.4217 - accuracy: 0.2000 - val_loss: 6.7351 - val_accuracy: 0.0000e+00 - lr: 5.0000e-04

Epoch 5: LearningRateScheduler setting learning rate to 0.0005000000237487257.
Epoch 5/30
2/2 [==============================] - 1s 727ms/step - loss: 6.4063 - accuracy: 0.2000 - val_loss: 5.8567 - val_accuracy: 0.2000 - lr: 5.0000e-04

Epoch 6: LearningRateScheduler setting learning rate to 0.0005000000237487257.
Epoch 6/30
2/2 [==============================] - 1s 871ms/step - loss: 5.6314 - accuracy: 0.2333 - val_loss: 5.2277 - val_accuracy: 0.2000 - lr: 5.0000e-04

Epoch 7: LearningRateScheduler setting learning rate to 0.0005000000237487257.
Epoch 7/30
2/2 [==============================] - 1s 883ms/step - loss: 5.1075 - accuracy: 0.1667 - val_loss: 4.7712 - val_accuracy: 0.2000 - lr: 5.0000e-04

Epoch 8: LearningRateScheduler setting learning rate to 0.0005000000237487257.
Epoch 8/30
2/2 [==============================] - 1s 819ms/step - loss: 4.6954 - accuracy: 0.1500 - val_loss: 4.4463 - val_accuracy: 0.2000 - lr: 5.0000e-04

Epoch 9: LearningRateScheduler setting learning rate to 0.0005000000237487257.
Epoch 9/30
2/2 [==============================] - 1s 861ms/step - loss: 4.3721 - accuracy: 0.2500 - val_loss: 4.1976 - val_accuracy: 0.2000 - lr: 5.0000e-04

Epoch 10: LearningRateScheduler setting learning rate to 0.0005000000237487257.
Epoch 10/30
2/2 [==============================] - 1s 823ms/step - loss: 4.1549 - accuracy: 0.2333 - val_loss: 3.9896 - val_accuracy: 0.2000 - lr: 5.0000e-04

Epoch 11: LearningRateScheduler setting learning rate to 0.0005000000237487257.
Epoch 11/30
2/2 [==============================] - 1s 883ms/step - loss: 3.9747 - accuracy: 0.2333 - val_loss: 3.8006 - val_accuracy: 0.2000 - lr: 5.0000e-04

Epoch 12: LearningRateScheduler setting learning rate to 0.0002500000118743628.
Epoch 12/30
2/2 [==============================] - 1s 886ms/step - loss: 3.8331 - accuracy: 0.2000 - val_loss: 3.7116 - val_accuracy: 0.2000 - lr: 2.5000e-04

Epoch 13: LearningRateScheduler setting learning rate to 0.0001250000059371814.
Epoch 13/30
2/2 [==============================] - 1s 765ms/step - loss: 3.7520 - accuracy: 0.2500 - val_loss: 3.6638 - val_accuracy: 0.2000 - lr: 1.2500e-04

Epoch 14: LearningRateScheduler setting learning rate to 6.25000029685907e-05.
Epoch 14/30
2/2 [==============================] - 1s 817ms/step - loss: 3.7016 - accuracy: 0.1500 - val_loss: 3.6370 - val_accuracy: 0.2000 - lr: 6.2500e-05

Epoch 15: LearningRateScheduler setting learning rate to 3.125000148429535e-05.
Epoch 15/30
2/2 [==============================] - 1s 751ms/step - loss: 3.7184 - accuracy: 0.1500 - val_loss: 3.6228 - val_accuracy: 0.2000 - lr: 3.1250e-05

Epoch 16: LearningRateScheduler setting learning rate to 1.5625000742147677e-05.
Epoch 16/30
2/2 [==============================] - 1s 752ms/step - loss: 3.6945 - accuracy: 0.2500 - val_loss: 3.6159 - val_accuracy: 0.2000 - lr: 1.5625e-05

Epoch 17: LearningRateScheduler setting learning rate to 7.812500371073838e-06.
Epoch 17/30
2/2 [==============================] - 1s 820ms/step - loss: 3.6861 - accuracy: 0.1500 - val_loss: 3.6121 - val_accuracy: 0.2000 - lr: 7.8125e-06

Epoch 18: LearningRateScheduler setting learning rate to 3.906250185536919e-06.
Epoch 18/30
2/2 [==============================] - 1s 869ms/step - loss: 3.6676 - accuracy: 0.2333 - val_loss: 3.6101 - val_accuracy: 0.2000 - lr: 3.9063e-06

Epoch 19: LearningRateScheduler setting learning rate to 1.9531250927684596e-06.
Epoch 19/30
2/2 [==============================] - 1s 753ms/step - loss: 3.6654 - accuracy: 0.2500 - val_loss: 3.6091 - val_accuracy: 0.2000 - lr: 1.9531e-06

Epoch 20: LearningRateScheduler setting learning rate to 9.765625463842298e-07.
Epoch 20/30
2/2 [==============================] - 1s 789ms/step - loss: 3.6495 - accuracy: 0.2667 - val_loss: 3.6086 - val_accuracy: 0.2000 - lr: 9.7656e-07

Epoch 21: LearningRateScheduler setting learning rate to 4.882812731921149e-07.
Epoch 21/30
2/2 [==============================] - 1s 878ms/step - loss: 3.6227 - accuracy: 0.3167 - val_loss: 3.6083 - val_accuracy: 0.2000 - lr: 4.8828e-07

Epoch 22: LearningRateScheduler setting learning rate to 2.4414063659605745e-07.
Epoch 22/30
2/2 [==============================] - 1s 839ms/step - loss: 3.6666 - accuracy: 0.2000 - val_loss: 3.6082 - val_accuracy: 0.2000 - lr: 2.4414e-07

Epoch 23: LearningRateScheduler setting learning rate to 1.2207031829802872e-07.
Epoch 23/30
2/2 [==============================] - 1s 759ms/step - loss: 3.6677 - accuracy: 0.2833 - val_loss: 3.6081 - val_accuracy: 0.2000 - lr: 1.2207e-07

Epoch 24: LearningRateScheduler setting learning rate to 6.103515914901436e-08.
Epoch 24/30
2/2 [==============================] - 1s 893ms/step - loss: 3.6893 - accuracy: 0.2333 - val_loss: 3.6081 - val_accuracy: 0.2000 - lr: 6.1035e-08

Epoch 25: LearningRateScheduler setting learning rate to 3.051757957450718e-08.
Epoch 25/30
2/2 [==============================] - 1s 824ms/step - loss: 3.6957 - accuracy: 0.2167 - val_loss: 3.6080 - val_accuracy: 0.2000 - lr: 3.0518e-08

Epoch 26: LearningRateScheduler setting learning rate to 1.525878978725359e-08.
Epoch 26/30
2/2 [==============================] - 1s 831ms/step - loss: 3.6839 - accuracy: 0.1500 - val_loss: 3.6080 - val_accuracy: 0.2000 - lr: 1.5259e-08

Epoch 27: LearningRateScheduler setting learning rate to 7.629394893626795e-09.
Epoch 27/30
2/2 [==============================] - 1s 862ms/step - loss: 3.6795 - accuracy: 0.2500 - val_loss: 3.6080 - val_accuracy: 0.2000 - lr: 7.6294e-09

Epoch 28: LearningRateScheduler setting learning rate to 3.814697446813398e-09.
Epoch 28/30
2/2 [==============================] - 1s 807ms/step - loss: 3.6145 - accuracy: 0.2833 - val_loss: 3.6080 - val_accuracy: 0.2000 - lr: 3.8147e-09

Epoch 29: LearningRateScheduler setting learning rate to 1.907348723406699e-09.
Epoch 29/30
2/2 [==============================] - 1s 870ms/step - loss: 3.6753 - accuracy: 0.1833 - val_loss: 3.6080 - val_accuracy: 0.2000 - lr: 1.9073e-09

Epoch 30: LearningRateScheduler setting learning rate to 9.536743617033494e-10.
Epoch 30/30
2/2 [==============================] - 1s 736ms/step - loss: 3.6949 - accuracy: 0.2167 - val_loss: 3.6080 - val_accuracy: 0.2000 - lr: 9.5367e-10
1/1 [==============================] - 0s 93ms/step - loss: 3.6143 - accuracy: 0.2857
Found 60 images belonging to 6 classes.
Found 5 images belonging to 6 classes.
Found 7 images belonging to 6 classes.

Epoch 1: LearningRateScheduler setting learning rate to 0.0005000000237487257.
Epoch 1/25
2/2 [==============================] - ETA: 0s - loss: 12.7162 - accuracy: 0.1500C:\Users\tom.zbc\PycharmProjects\fungis_bacterias_project\.venv\lib\site-packages\keras\src\engine\training.py:3000: UserWarning: You are saving your model as an HDF5 file via `model.save()`. This file format is considered legacy. We recommend using instead the native Keras format, e.g. `model.save('my_model.keras')`.
  saving_api.save_model(
2/2 [==============================] - 2s 1s/step - loss: 12.7162 - accuracy: 0.1500 - val_loss: 10.8165 - val_accuracy: 0.2000 - lr: 5.0000e-04

Epoch 2: LearningRateScheduler setting learning rate to 0.0005000000237487257.
Epoch 2/25
2/2 [==============================] - 1s 801ms/step - loss: 10.6517 - accuracy: 0.1667 - val_loss: 9.3335 - val_accuracy: 0.4000 - lr: 5.0000e-04

Epoch 3: LearningRateScheduler setting learning rate to 0.0005000000237487257.
Epoch 3/25
2/2 [==============================] - 1s 835ms/step - loss: 8.9416 - accuracy: 0.1667 - val_loss: 7.8056 - val_accuracy: 0.4000 - lr: 5.0000e-04

Epoch 4: LearningRateScheduler setting learning rate to 0.0005000000237487257.
Epoch 4/25
2/2 [==============================] - 1s 958ms/step - loss: 7.5959 - accuracy: 0.1833 - val_loss: 6.6808 - val_accuracy: 0.4000 - lr: 5.0000e-04

Epoch 5: LearningRateScheduler setting learning rate to 0.0005000000237487257.
Epoch 5/25
2/2 [==============================] - 1s 802ms/step - loss: 6.5621 - accuracy: 0.1167 - val_loss: 5.8643 - val_accuracy: 0.2000 - lr: 5.0000e-04

Epoch 6: LearningRateScheduler setting learning rate to 0.0005000000237487257.
Epoch 6/25
2/2 [==============================] - 1s 906ms/step - loss: 5.8490 - accuracy: 0.2333 - val_loss: 5.2849 - val_accuracy: 0.0000e+00 - lr: 5.0000e-04

Epoch 7: LearningRateScheduler setting learning rate to 0.0005000000237487257.
Epoch 7/25
2/2 [==============================] - 1s 786ms/step - loss: 5.2581 - accuracy: 0.2667 - val_loss: 4.8789 - val_accuracy: 0.0000e+00 - lr: 5.0000e-04

Epoch 8: LearningRateScheduler setting learning rate to 0.0005000000237487257.
Epoch 8/25
2/2 [==============================] - 1s 959ms/step - loss: 4.8688 - accuracy: 0.1833 - val_loss: 4.5744 - val_accuracy: 0.2000 - lr: 5.0000e-04

Epoch 9: LearningRateScheduler setting learning rate to 0.0005000000237487257.
Epoch 9/25
2/2 [==============================] - 1s 886ms/step - loss: 4.5203 - accuracy: 0.3500 - val_loss: 4.3391 - val_accuracy: 0.2000 - lr: 5.0000e-04

Epoch 10: LearningRateScheduler setting learning rate to 0.0005000000237487257.
Epoch 10/25
2/2 [==============================] - 1s 757ms/step - loss: 4.3323 - accuracy: 0.2167 - val_loss: 4.1440 - val_accuracy: 0.2000 - lr: 5.0000e-04

Epoch 11: LearningRateScheduler setting learning rate to 0.0005000000237487257.
Epoch 11/25
2/2 [==============================] - 1s 881ms/step - loss: 4.1613 - accuracy: 0.2167 - val_loss: 3.9714 - val_accuracy: 0.2000 - lr: 5.0000e-04

Epoch 12: LearningRateScheduler setting learning rate to 0.0002500000118743628.
Epoch 12/25
2/2 [==============================] - 1s 820ms/step - loss: 4.0014 - accuracy: 0.2333 - val_loss: 3.8890 - val_accuracy: 0.2000 - lr: 2.5000e-04

Epoch 13: LearningRateScheduler setting learning rate to 0.0001250000059371814.
Epoch 13/25
2/2 [==============================] - 1s 765ms/step - loss: 3.8746 - accuracy: 0.3167 - val_loss: 3.8409 - val_accuracy: 0.2000 - lr: 1.2500e-04

Epoch 14: LearningRateScheduler setting learning rate to 6.25000029685907e-05.
Epoch 14/25
2/2 [==============================] - 1s 792ms/step - loss: 3.8648 - accuracy: 0.1833 - val_loss: 3.8118 - val_accuracy: 0.2000 - lr: 6.2500e-05

Epoch 15: LearningRateScheduler setting learning rate to 3.125000148429535e-05.
Epoch 15/25
2/2 [==============================] - 1s 860ms/step - loss: 3.8097 - accuracy: 0.3500 - val_loss: 3.7950 - val_accuracy: 0.2000 - lr: 3.1250e-05

Epoch 16: LearningRateScheduler setting learning rate to 1.5625000742147677e-05.
Epoch 16/25
2/2 [==============================] - 1s 804ms/step - loss: 3.8103 - accuracy: 0.3333 - val_loss: 3.7862 - val_accuracy: 0.2000 - lr: 1.5625e-05

Epoch 17: LearningRateScheduler setting learning rate to 7.812500371073838e-06.
Epoch 17/25
2/2 [==============================] - 1s 720ms/step - loss: 3.8276 - accuracy: 0.2167 - val_loss: 3.7815 - val_accuracy: 0.2000 - lr: 7.8125e-06

Epoch 18: LearningRateScheduler setting learning rate to 3.906250185536919e-06.
Epoch 18/25
2/2 [==============================] - 1s 836ms/step - loss: 3.7939 - accuracy: 0.3333 - val_loss: 3.7792 - val_accuracy: 0.2000 - lr: 3.9063e-06

Epoch 19: LearningRateScheduler setting learning rate to 1.9531250927684596e-06.
Epoch 19/25
2/2 [==============================] - 1s 800ms/step - loss: 3.8207 - accuracy: 0.1667 - val_loss: 3.7779 - val_accuracy: 0.2000 - lr: 1.9531e-06

Epoch 20: LearningRateScheduler setting learning rate to 9.765625463842298e-07.
Epoch 20/25
2/2 [==============================] - 1s 771ms/step - loss: 3.8116 - accuracy: 0.2833 - val_loss: 3.7773 - val_accuracy: 0.2000 - lr: 9.7656e-07

Epoch 21: LearningRateScheduler setting learning rate to 4.882812731921149e-07.
Epoch 21/25
2/2 [==============================] - 1s 755ms/step - loss: 3.8275 - accuracy: 0.1667 - val_loss: 3.7770 - val_accuracy: 0.2000 - lr: 4.8828e-07

Epoch 22: LearningRateScheduler setting learning rate to 2.4414063659605745e-07.
Epoch 22/25
2/2 [==============================] - 1s 866ms/step - loss: 3.8173 - accuracy: 0.2500 - val_loss: 3.7768 - val_accuracy: 0.2000 - lr: 2.4414e-07

Epoch 23: LearningRateScheduler setting learning rate to 1.2207031829802872e-07.
Epoch 23/25
2/2 [==============================] - 1s 853ms/step - loss: 3.8215 - accuracy: 0.2167 - val_loss: 3.7767 - val_accuracy: 0.2000 - lr: 1.2207e-07

Epoch 24: LearningRateScheduler setting learning rate to 6.103515914901436e-08.
Epoch 24/25
2/2 [==============================] - 1s 792ms/step - loss: 3.8397 - accuracy: 0.2333 - val_loss: 3.7767 - val_accuracy: 0.2000 - lr: 6.1035e-08

Epoch 25: LearningRateScheduler setting learning rate to 3.051757957450718e-08.
Epoch 25/25
2/2 [==============================] - 1s 812ms/step - loss: 3.8252 - accuracy: 0.2667 - val_loss: 3.7767 - val_accuracy: 0.2000 - lr: 3.0518e-08
1/1 [==============================] - 0s 98ms/step - loss: 3.8476 - accuracy: 0.1429
Found 60 images belonging to 6 classes.
Found 5 images belonging to 6 classes.
Found 7 images belonging to 6 classes.

Epoch 1: LearningRateScheduler setting learning rate to 0.0005000000237487257.
Epoch 1/30
2/2 [==============================] - ETA: 0s - loss: 12.4561 - accuracy: 0.1333C:\Users\tom.zbc\PycharmProjects\fungis_bacterias_project\.venv\lib\site-packages\keras\src\engine\training.py:3000: UserWarning: You are saving your model as an HDF5 file via `model.save()`. This file format is considered legacy. We recommend using instead the native Keras format, e.g. `model.save('my_model.keras')`.
  saving_api.save_model(
2/2 [==============================] - 2s 1s/step - loss: 12.4561 - accuracy: 0.1333 - val_loss: 10.9511 - val_accuracy: 0.0000e+00 - lr: 5.0000e-04

Epoch 2: LearningRateScheduler setting learning rate to 0.0005000000237487257.
Epoch 2/30
2/2 [==============================] - 1s 733ms/step - loss: 10.6603 - accuracy: 0.1000 - val_loss: 9.3292 - val_accuracy: 0.2000 - lr: 5.0000e-04

Epoch 3: LearningRateScheduler setting learning rate to 0.0005000000237487257.
Epoch 3/30
2/2 [==============================] - 1s 795ms/step - loss: 9.0704 - accuracy: 0.1833 - val_loss: 7.8478 - val_accuracy: 0.2000 - lr: 5.0000e-04

Epoch 4: LearningRateScheduler setting learning rate to 0.0005000000237487257.
Epoch 4/30
2/2 [==============================] - 1s 963ms/step - loss: 7.6989 - accuracy: 0.2333 - val_loss: 6.7485 - val_accuracy: 0.4000 - lr: 5.0000e-04

Epoch 5: LearningRateScheduler setting learning rate to 0.0005000000237487257.
Epoch 5/30
2/2 [==============================] - 1s 950ms/step - loss: 6.7306 - accuracy: 0.2000 - val_loss: 5.9527 - val_accuracy: 0.4000 - lr: 5.0000e-04

Epoch 6: LearningRateScheduler setting learning rate to 0.0005000000237487257.
Epoch 6/30
2/2 [==============================] - 1s 719ms/step - loss: 5.9873 - accuracy: 0.2167 - val_loss: 5.3811 - val_accuracy: 0.8000 - lr: 5.0000e-04

Epoch 7: LearningRateScheduler setting learning rate to 0.0005000000237487257.
Epoch 7/30
2/2 [==============================] - 1s 882ms/step - loss: 5.4377 - accuracy: 0.1833 - val_loss: 4.9874 - val_accuracy: 0.6000 - lr: 5.0000e-04

Epoch 8: LearningRateScheduler setting learning rate to 0.0005000000237487257.
Epoch 8/30
2/2 [==============================] - 1s 886ms/step - loss: 4.9819 - accuracy: 0.2833 - val_loss: 4.6900 - val_accuracy: 0.4000 - lr: 5.0000e-04

Epoch 9: LearningRateScheduler setting learning rate to 0.0005000000237487257.
Epoch 9/30
2/2 [==============================] - 1s 839ms/step - loss: 4.7150 - accuracy: 0.1667 - val_loss: 4.4592 - val_accuracy: 0.2000 - lr: 5.0000e-04

Epoch 10: LearningRateScheduler setting learning rate to 0.0005000000237487257.
Epoch 10/30
2/2 [==============================] - 1s 851ms/step - loss: 4.4312 - accuracy: 0.3000 - val_loss: 4.2611 - val_accuracy: 0.0000e+00 - lr: 5.0000e-04

Epoch 11: LearningRateScheduler setting learning rate to 0.0005000000237487257.
Epoch 11/30
2/2 [==============================] - 1s 893ms/step - loss: 4.2515 - accuracy: 0.1333 - val_loss: 4.0681 - val_accuracy: 0.2000 - lr: 5.0000e-04

Epoch 12: LearningRateScheduler setting learning rate to 0.0002500000118743628.
Epoch 12/30
2/2 [==============================] - 1s 926ms/step - loss: 4.0541 - accuracy: 0.3167 - val_loss: 3.9807 - val_accuracy: 0.2000 - lr: 2.5000e-04

Epoch 13: LearningRateScheduler setting learning rate to 0.0001250000059371814.
Epoch 13/30
2/2 [==============================] - 1s 885ms/step - loss: 4.0249 - accuracy: 0.2500 - val_loss: 3.9275 - val_accuracy: 0.2000 - lr: 1.2500e-04

Epoch 14: LearningRateScheduler setting learning rate to 6.25000029685907e-05.
Epoch 14/30
2/2 [==============================] - 1s 906ms/step - loss: 3.9584 - accuracy: 0.2500 - val_loss: 3.9000 - val_accuracy: 0.2000 - lr: 6.2500e-05

Epoch 15: LearningRateScheduler setting learning rate to 3.125000148429535e-05.
Epoch 15/30
2/2 [==============================] - 1s 787ms/step - loss: 3.9585 - accuracy: 0.2333 - val_loss: 3.8854 - val_accuracy: 0.2000 - lr: 3.1250e-05

Epoch 16: LearningRateScheduler setting learning rate to 1.5625000742147677e-05.
Epoch 16/30
2/2 [==============================] - 1s 841ms/step - loss: 3.9227 - accuracy: 0.1667 - val_loss: 3.8771 - val_accuracy: 0.2000 - lr: 1.5625e-05

Epoch 17: LearningRateScheduler setting learning rate to 7.812500371073838e-06.
Epoch 17/30
2/2 [==============================] - 1s 866ms/step - loss: 3.8968 - accuracy: 0.1833 - val_loss: 3.8728 - val_accuracy: 0.2000 - lr: 7.8125e-06

Epoch 18: LearningRateScheduler setting learning rate to 3.906250185536919e-06.
Epoch 18/30
2/2 [==============================] - 1s 902ms/step - loss: 3.9229 - accuracy: 0.2000 - val_loss: 3.8704 - val_accuracy: 0.2000 - lr: 3.9063e-06

Epoch 19: LearningRateScheduler setting learning rate to 1.9531250927684596e-06.
Epoch 19/30
2/2 [==============================] - 1s 804ms/step - loss: 3.9035 - accuracy: 0.2833 - val_loss: 3.8692 - val_accuracy: 0.2000 - lr: 1.9531e-06

Epoch 20: LearningRateScheduler setting learning rate to 9.765625463842298e-07.
Epoch 20/30
2/2 [==============================] - 1s 820ms/step - loss: 3.9151 - accuracy: 0.1333 - val_loss: 3.8685 - val_accuracy: 0.2000 - lr: 9.7656e-07

Epoch 21: LearningRateScheduler setting learning rate to 4.882812731921149e-07.
Epoch 21/30
2/2 [==============================] - 1s 734ms/step - loss: 3.9134 - accuracy: 0.2000 - val_loss: 3.8682 - val_accuracy: 0.2000 - lr: 4.8828e-07

Epoch 22: LearningRateScheduler setting learning rate to 2.4414063659605745e-07.
Epoch 22/30
2/2 [==============================] - 1s 851ms/step - loss: 3.9161 - accuracy: 0.2500 - val_loss: 3.8680 - val_accuracy: 0.2000 - lr: 2.4414e-07

Epoch 23: LearningRateScheduler setting learning rate to 1.2207031829802872e-07.
Epoch 23/30
2/2 [==============================] - 1s 839ms/step - loss: 3.8872 - accuracy: 0.3000 - val_loss: 3.8680 - val_accuracy: 0.2000 - lr: 1.2207e-07

Epoch 24: LearningRateScheduler setting learning rate to 6.103515914901436e-08.
Epoch 24/30
2/2 [==============================] - 1s 749ms/step - loss: 3.9207 - accuracy: 0.2833 - val_loss: 3.8679 - val_accuracy: 0.2000 - lr: 6.1035e-08

Epoch 25: LearningRateScheduler setting learning rate to 3.051757957450718e-08.
Epoch 25/30
2/2 [==============================] - 1s 827ms/step - loss: 3.8745 - accuracy: 0.2667 - val_loss: 3.8679 - val_accuracy: 0.2000 - lr: 3.0518e-08

Epoch 26: LearningRateScheduler setting learning rate to 1.525878978725359e-08.
Epoch 26/30
2/2 [==============================] - 1s 789ms/step - loss: 3.8957 - accuracy: 0.2667 - val_loss: 3.8679 - val_accuracy: 0.2000 - lr: 1.5259e-08

Epoch 27: LearningRateScheduler setting learning rate to 7.629394893626795e-09.
Epoch 27/30
2/2 [==============================] - 1s 829ms/step - loss: 3.8970 - accuracy: 0.2500 - val_loss: 3.8679 - val_accuracy: 0.2000 - lr: 7.6294e-09

Epoch 28: LearningRateScheduler setting learning rate to 3.814697446813398e-09.
Epoch 28/30
2/2 [==============================] - 1s 756ms/step - loss: 3.9050 - accuracy: 0.2167 - val_loss: 3.8679 - val_accuracy: 0.2000 - lr: 3.8147e-09

Epoch 29: LearningRateScheduler setting learning rate to 1.907348723406699e-09.
Epoch 29/30
2/2 [==============================] - 1s 855ms/step - loss: 3.8791 - accuracy: 0.3667 - val_loss: 3.8679 - val_accuracy: 0.2000 - lr: 1.9073e-09

Epoch 30: LearningRateScheduler setting learning rate to 9.536743617033494e-10.
Epoch 30/30
2/2 [==============================] - 1s 753ms/step - loss: 3.9073 - accuracy: 0.2167 - val_loss: 3.8679 - val_accuracy: 0.2000 - lr: 9.5367e-10
1/1 [==============================] - 0s 95ms/step - loss: 3.8757 - accuracy: 0.2857
Found 60 images belonging to 6 classes.
Found 5 images belonging to 6 classes.
Found 7 images belonging to 6 classes.

Epoch 1: LearningRateScheduler setting learning rate to 0.0005000000237487257.
Epoch 1/25
2/2 [==============================] - ETA: 0s - loss: 12.5741 - accuracy: 0.1333C:\Users\tom.zbc\PycharmProjects\fungis_bacterias_project\.venv\lib\site-packages\keras\src\engine\training.py:3000: UserWarning: You are saving your model as an HDF5 file via `model.save()`. This file format is considered legacy. We recommend using instead the native Keras format, e.g. `model.save('my_model.keras')`.
  saving_api.save_model(
2/2 [==============================] - 2s 951ms/step - loss: 12.5741 - accuracy: 0.1333 - val_loss: 11.3846 - val_accuracy: 0.4000 - lr: 5.0000e-04

Epoch 2: LearningRateScheduler setting learning rate to 0.0005000000237487257.
Epoch 2/25
2/2 [==============================] - 1s 742ms/step - loss: 10.9042 - accuracy: 0.2167 - val_loss: 9.6411 - val_accuracy: 0.4000 - lr: 5.0000e-04

Epoch 3: LearningRateScheduler setting learning rate to 0.0005000000237487257.
Epoch 3/25
2/2 [==============================] - 1s 899ms/step - loss: 9.1755 - accuracy: 0.1500 - val_loss: 8.2986 - val_accuracy: 0.2000 - lr: 5.0000e-04

Epoch 4: LearningRateScheduler setting learning rate to 0.0005000000237487257.
Epoch 4/25
2/2 [==============================] - 1s 805ms/step - loss: 8.0622 - accuracy: 0.2167 - val_loss: 7.2314 - val_accuracy: 0.2000 - lr: 5.0000e-04

Epoch 5: LearningRateScheduler setting learning rate to 0.0005000000237487257.
Epoch 5/25
2/2 [==============================] - 1s 749ms/step - loss: 7.1778 - accuracy: 0.2333 - val_loss: 6.3932 - val_accuracy: 0.4000 - lr: 5.0000e-04

Epoch 6: LearningRateScheduler setting learning rate to 0.0005000000237487257.
Epoch 6/25
2/2 [==============================] - 1s 785ms/step - loss: 6.3539 - accuracy: 0.2000 - val_loss: 5.7974 - val_accuracy: 0.4000 - lr: 5.0000e-04

Epoch 7: LearningRateScheduler setting learning rate to 0.0005000000237487257.
Epoch 7/25
2/2 [==============================] - 1s 977ms/step - loss: 5.8173 - accuracy: 0.2000 - val_loss: 5.3727 - val_accuracy: 0.2000 - lr: 5.0000e-04

Epoch 8: LearningRateScheduler setting learning rate to 0.0005000000237487257.
Epoch 8/25
2/2 [==============================] - 1s 893ms/step - loss: 5.3892 - accuracy: 0.1833 - val_loss: 5.0456 - val_accuracy: 0.2000 - lr: 5.0000e-04

Epoch 9: LearningRateScheduler setting learning rate to 0.0005000000237487257.
Epoch 9/25
2/2 [==============================] - 1s 965ms/step - loss: 5.0645 - accuracy: 0.2000 - val_loss: 4.7861 - val_accuracy: 0.4000 - lr: 5.0000e-04

Epoch 10: LearningRateScheduler setting learning rate to 0.0005000000237487257.
Epoch 10/25
2/2 [==============================] - 1s 843ms/step - loss: 4.8048 - accuracy: 0.1500 - val_loss: 4.5624 - val_accuracy: 0.4000 - lr: 5.0000e-04

Epoch 11: LearningRateScheduler setting learning rate to 0.0005000000237487257.
Epoch 11/25
2/2 [==============================] - 1s 744ms/step - loss: 4.5757 - accuracy: 0.2833 - val_loss: 4.3592 - val_accuracy: 0.6000 - lr: 5.0000e-04

Epoch 12: LearningRateScheduler setting learning rate to 0.0002500000118743628.
Epoch 12/25
2/2 [==============================] - 1s 821ms/step - loss: 4.3842 - accuracy: 0.2667 - val_loss: 4.2556 - val_accuracy: 0.6000 - lr: 2.5000e-04

Epoch 13: LearningRateScheduler setting learning rate to 0.0001250000059371814.
Epoch 13/25
2/2 [==============================] - 1s 818ms/step - loss: 4.3112 - accuracy: 0.1667 - val_loss: 4.1984 - val_accuracy: 0.6000 - lr: 1.2500e-04

Epoch 14: LearningRateScheduler setting learning rate to 6.25000029685907e-05.
Epoch 14/25
2/2 [==============================] - 1s 814ms/step - loss: 4.2631 - accuracy: 0.2667 - val_loss: 4.1679 - val_accuracy: 0.6000 - lr: 6.2500e-05

Epoch 15: LearningRateScheduler setting learning rate to 3.125000148429535e-05.
Epoch 15/25
2/2 [==============================] - 1s 814ms/step - loss: 4.2392 - accuracy: 0.1667 - val_loss: 4.1516 - val_accuracy: 0.6000 - lr: 3.1250e-05

Epoch 16: LearningRateScheduler setting learning rate to 1.5625000742147677e-05.
Epoch 16/25
2/2 [==============================] - 1s 745ms/step - loss: 4.2190 - accuracy: 0.2667 - val_loss: 4.1429 - val_accuracy: 0.6000 - lr: 1.5625e-05

Epoch 17: LearningRateScheduler setting learning rate to 7.812500371073838e-06.
Epoch 17/25
2/2 [==============================] - 1s 837ms/step - loss: 4.2005 - accuracy: 0.2500 - val_loss: 4.1381 - val_accuracy: 0.6000 - lr: 7.8125e-06

Epoch 18: LearningRateScheduler setting learning rate to 3.906250185536919e-06.
Epoch 18/25
2/2 [==============================] - 1s 756ms/step - loss: 4.2027 - accuracy: 0.2167 - val_loss: 4.1357 - val_accuracy: 0.6000 - lr: 3.9063e-06

Epoch 19: LearningRateScheduler setting learning rate to 1.9531250927684596e-06.
Epoch 19/25
2/2 [==============================] - 1s 802ms/step - loss: 4.2027 - accuracy: 0.2833 - val_loss: 4.1344 - val_accuracy: 0.6000 - lr: 1.9531e-06

Epoch 20: LearningRateScheduler setting learning rate to 9.765625463842298e-07.
Epoch 20/25
2/2 [==============================] - 1s 773ms/step - loss: 4.1979 - accuracy: 0.2833 - val_loss: 4.1337 - val_accuracy: 0.6000 - lr: 9.7656e-07

Epoch 21: LearningRateScheduler setting learning rate to 4.882812731921149e-07.
Epoch 21/25
2/2 [==============================] - 1s 802ms/step - loss: 4.1871 - accuracy: 0.3333 - val_loss: 4.1334 - val_accuracy: 0.6000 - lr: 4.8828e-07

Epoch 22: LearningRateScheduler setting learning rate to 2.4414063659605745e-07.
Epoch 22/25
2/2 [==============================] - 1s 892ms/step - loss: 4.1948 - accuracy: 0.2833 - val_loss: 4.1332 - val_accuracy: 0.6000 - lr: 2.4414e-07

Epoch 23: LearningRateScheduler setting learning rate to 1.2207031829802872e-07.
Epoch 23/25
2/2 [==============================] - 1s 812ms/step - loss: 4.1914 - accuracy: 0.3167 - val_loss: 4.1331 - val_accuracy: 0.6000 - lr: 1.2207e-07

Epoch 24: LearningRateScheduler setting learning rate to 6.103515914901436e-08.
Epoch 24/25
2/2 [==============================] - 1s 789ms/step - loss: 4.1956 - accuracy: 0.3167 - val_loss: 4.1331 - val_accuracy: 0.6000 - lr: 6.1035e-08

Epoch 25: LearningRateScheduler setting learning rate to 3.051757957450718e-08.
Epoch 25/25
2/2 [==============================] - 1s 821ms/step - loss: 4.1875 - accuracy: 0.3000 - val_loss: 4.1331 - val_accuracy: 0.6000 - lr: 3.0518e-08
1/1 [==============================] - 0s 104ms/step - loss: 4.1573 - accuracy: 0.4286
Found 60 images belonging to 6 classes.
Found 5 images belonging to 6 classes.
Found 7 images belonging to 6 classes.

Epoch 1: LearningRateScheduler setting learning rate to 0.0005000000237487257.
Epoch 1/30
2/2 [==============================] - ETA: 0s - loss: 12.3903 - accuracy: 0.2333C:\Users\tom.zbc\PycharmProjects\fungis_bacterias_project\.venv\lib\site-packages\keras\src\engine\training.py:3000: UserWarning: You are saving your model as an HDF5 file via `model.save()`. This file format is considered legacy. We recommend using instead the native Keras format, e.g. `model.save('my_model.keras')`.
  saving_api.save_model(
2/2 [==============================] - 2s 1s/step - loss: 12.3903 - accuracy: 0.2333 - val_loss: 10.8457 - val_accuracy: 0.4000 - lr: 5.0000e-04

Epoch 2: LearningRateScheduler setting learning rate to 0.0005000000237487257.
Epoch 2/30
2/2 [==============================] - 1s 899ms/step - loss: 10.6829 - accuracy: 0.1500 - val_loss: 9.2376 - val_accuracy: 0.4000 - lr: 5.0000e-04

Epoch 3: LearningRateScheduler setting learning rate to 0.0005000000237487257.
Epoch 3/30
2/2 [==============================] - 1s 845ms/step - loss: 9.0526 - accuracy: 0.1500 - val_loss: 8.0767 - val_accuracy: 0.2000 - lr: 5.0000e-04

Epoch 4: LearningRateScheduler setting learning rate to 0.0005000000237487257.
Epoch 4/30
2/2 [==============================] - 1s 816ms/step - loss: 7.8335 - accuracy: 0.1667 - val_loss: 7.1643 - val_accuracy: 0.2000 - lr: 5.0000e-04

Epoch 5: LearningRateScheduler setting learning rate to 0.0005000000237487257.
Epoch 5/30
2/2 [==============================] - 1s 823ms/step - loss: 6.8673 - accuracy: 0.2833 - val_loss: 6.3972 - val_accuracy: 0.2000 - lr: 5.0000e-04

Epoch 6: LearningRateScheduler setting learning rate to 0.0005000000237487257.
Epoch 6/30
2/2 [==============================] - 2s 955ms/step - loss: 6.1635 - accuracy: 0.1833 - val_loss: 5.7769 - val_accuracy: 0.2000 - lr: 5.0000e-04

Epoch 7: LearningRateScheduler setting learning rate to 0.0005000000237487257.
Epoch 7/30
2/2 [==============================] - 2s 952ms/step - loss: 5.5830 - accuracy: 0.2333 - val_loss: 5.3051 - val_accuracy: 0.0000e+00 - lr: 5.0000e-04

Epoch 8: LearningRateScheduler setting learning rate to 0.0005000000237487257.
Epoch 8/30
2/2 [==============================] - 1s 866ms/step - loss: 5.1532 - accuracy: 0.1667 - val_loss: 4.9476 - val_accuracy: 0.2000 - lr: 5.0000e-04

Epoch 9: LearningRateScheduler setting learning rate to 0.0005000000237487257.
Epoch 9/30
2/2 [==============================] - 1s 782ms/step - loss: 4.8297 - accuracy: 0.3333 - val_loss: 4.6501 - val_accuracy: 0.4000 - lr: 5.0000e-04

Epoch 10: LearningRateScheduler setting learning rate to 0.0005000000237487257.
Epoch 10/30
2/2 [==============================] - 1s 826ms/step - loss: 4.5426 - accuracy: 0.2167 - val_loss: 4.4201 - val_accuracy: 0.4000 - lr: 5.0000e-04

Epoch 11: LearningRateScheduler setting learning rate to 0.0005000000237487257.
Epoch 11/30
2/2 [==============================] - 1s 849ms/step - loss: 4.3769 - accuracy: 0.1833 - val_loss: 4.2186 - val_accuracy: 0.4000 - lr: 5.0000e-04

Epoch 12: LearningRateScheduler setting learning rate to 0.0002500000118743628.
Epoch 12/30
2/2 [==============================] - 1s 826ms/step - loss: 4.1843 - accuracy: 0.2500 - val_loss: 4.1308 - val_accuracy: 0.4000 - lr: 2.5000e-04

Epoch 13: LearningRateScheduler setting learning rate to 0.0001250000059371814.
Epoch 13/30
2/2 [==============================] - 1s 872ms/step - loss: 4.0930 - accuracy: 0.2833 - val_loss: 4.0825 - val_accuracy: 0.4000 - lr: 1.2500e-04

Epoch 14: LearningRateScheduler setting learning rate to 6.25000029685907e-05.
Epoch 14/30
2/2 [==============================] - 1s 786ms/step - loss: 4.0164 - accuracy: 0.3500 - val_loss: 4.0548 - val_accuracy: 0.4000 - lr: 6.2500e-05

Epoch 15: LearningRateScheduler setting learning rate to 3.125000148429535e-05.
Epoch 15/30
2/2 [==============================] - 1s 807ms/step - loss: 4.0168 - accuracy: 0.3167 - val_loss: 4.0383 - val_accuracy: 0.4000 - lr: 3.1250e-05

Epoch 16: LearningRateScheduler setting learning rate to 1.5625000742147677e-05.
Epoch 16/30
2/2 [==============================] - 1s 714ms/step - loss: 3.9798 - accuracy: 0.4000 - val_loss: 4.0294 - val_accuracy: 0.4000 - lr: 1.5625e-05

Epoch 17: LearningRateScheduler setting learning rate to 7.812500371073838e-06.
Epoch 17/30
2/2 [==============================] - 1s 759ms/step - loss: 3.9955 - accuracy: 0.3333 - val_loss: 4.0244 - val_accuracy: 0.4000 - lr: 7.8125e-06

Epoch 18: LearningRateScheduler setting learning rate to 3.906250185536919e-06.
Epoch 18/30
2/2 [==============================] - 1s 724ms/step - loss: 4.0027 - accuracy: 0.2500 - val_loss: 4.0218 - val_accuracy: 0.4000 - lr: 3.9063e-06

Epoch 19: LearningRateScheduler setting learning rate to 1.9531250927684596e-06.
Epoch 19/30
2/2 [==============================] - 1s 784ms/step - loss: 3.9792 - accuracy: 0.2500 - val_loss: 4.0204 - val_accuracy: 0.4000 - lr: 1.9531e-06

Epoch 20: LearningRateScheduler setting learning rate to 9.765625463842298e-07.
Epoch 20/30
2/2 [==============================] - 1s 793ms/step - loss: 4.0159 - accuracy: 0.2667 - val_loss: 4.0197 - val_accuracy: 0.4000 - lr: 9.7656e-07

Epoch 21: LearningRateScheduler setting learning rate to 4.882812731921149e-07.
Epoch 21/30
2/2 [==============================] - 1s 899ms/step - loss: 3.9700 - accuracy: 0.4167 - val_loss: 4.0193 - val_accuracy: 0.4000 - lr: 4.8828e-07

Epoch 22: LearningRateScheduler setting learning rate to 2.4414063659605745e-07.
Epoch 22/30
2/2 [==============================] - 1s 794ms/step - loss: 4.0176 - accuracy: 0.2333 - val_loss: 4.0191 - val_accuracy: 0.4000 - lr: 2.4414e-07

Epoch 23: LearningRateScheduler setting learning rate to 1.2207031829802872e-07.
Epoch 23/30
2/2 [==============================] - 1s 811ms/step - loss: 4.0144 - accuracy: 0.2000 - val_loss: 4.0190 - val_accuracy: 0.4000 - lr: 1.2207e-07

Epoch 24: LearningRateScheduler setting learning rate to 6.103515914901436e-08.
Epoch 24/30
2/2 [==============================] - 1s 857ms/step - loss: 3.9678 - accuracy: 0.2500 - val_loss: 4.0189 - val_accuracy: 0.4000 - lr: 6.1035e-08

Epoch 25: LearningRateScheduler setting learning rate to 3.051757957450718e-08.
Epoch 25/30
2/2 [==============================] - 1s 947ms/step - loss: 3.9594 - accuracy: 0.3167 - val_loss: 4.0189 - val_accuracy: 0.4000 - lr: 3.0518e-08

Epoch 26: LearningRateScheduler setting learning rate to 1.525878978725359e-08.
Epoch 26/30
2/2 [==============================] - 1s 884ms/step - loss: 3.9623 - accuracy: 0.3667 - val_loss: 4.0189 - val_accuracy: 0.4000 - lr: 1.5259e-08

Epoch 27: LearningRateScheduler setting learning rate to 7.629394893626795e-09.
Epoch 27/30
2/2 [==============================] - 1s 820ms/step - loss: 4.0207 - accuracy: 0.2333 - val_loss: 4.0189 - val_accuracy: 0.4000 - lr: 7.6294e-09

Epoch 28: LearningRateScheduler setting learning rate to 3.814697446813398e-09.
Epoch 28/30
2/2 [==============================] - 1s 842ms/step - loss: 4.0028 - accuracy: 0.3167 - val_loss: 4.0189 - val_accuracy: 0.4000 - lr: 3.8147e-09

Epoch 29: LearningRateScheduler setting learning rate to 1.907348723406699e-09.
Epoch 29/30
2/2 [==============================] - 1s 789ms/step - loss: 4.0556 - accuracy: 0.1333 - val_loss: 4.0189 - val_accuracy: 0.4000 - lr: 1.9073e-09

Epoch 30: LearningRateScheduler setting learning rate to 9.536743617033494e-10.
Epoch 30/30
2/2 [==============================] - 1s 818ms/step - loss: 4.0062 - accuracy: 0.2667 - val_loss: 4.0189 - val_accuracy: 0.4000 - lr: 9.5367e-10
1/1 [==============================] - 0s 93ms/step - loss: 4.0557 - accuracy: 0.5714
Found 60 images belonging to 6 classes.
Found 5 images belonging to 6 classes.
Found 7 images belonging to 6 classes.

Epoch 1: LearningRateScheduler setting learning rate to 0.0005000000237487257.
Epoch 1/25
2/2 [==============================] - ETA: 0s - loss: 13.2548 - accuracy: 0.1333C:\Users\tom.zbc\PycharmProjects\fungis_bacterias_project\.venv\lib\site-packages\keras\src\engine\training.py:3000: UserWarning: You are saving your model as an HDF5 file via `model.save()`. This file format is considered legacy. We recommend using instead the native Keras format, e.g. `model.save('my_model.keras')`.
  saving_api.save_model(
2/2 [==============================] - 3s 1s/step - loss: 13.2548 - accuracy: 0.1333 - val_loss: 11.6047 - val_accuracy: 0.0000e+00 - lr: 5.0000e-04

Epoch 2: LearningRateScheduler setting learning rate to 0.0005000000237487257.
Epoch 2/25
2/2 [==============================] - 2s 1s/step - loss: 10.5474 - accuracy: 0.1333 - val_loss: 9.0594 - val_accuracy: 0.4000 - lr: 5.0000e-04

Epoch 3: LearningRateScheduler setting learning rate to 0.0005000000237487257.
Epoch 3/25
2/2 [==============================] - 2s 1s/step - loss: 8.4761 - accuracy: 0.2333 - val_loss: 7.4839 - val_accuracy: 0.4000 - lr: 5.0000e-04

Epoch 4: LearningRateScheduler setting learning rate to 0.0005000000237487257.
Epoch 4/25
2/2 [==============================] - 2s 1s/step - loss: 7.3052 - accuracy: 0.1833 - val_loss: 6.4958 - val_accuracy: 0.4000 - lr: 5.0000e-04

Epoch 5: LearningRateScheduler setting learning rate to 0.0005000000237487257.
Epoch 5/25
2/2 [==============================] - 2s 1s/step - loss: 6.3976 - accuracy: 0.1667 - val_loss: 5.8935 - val_accuracy: 0.2000 - lr: 5.0000e-04

Epoch 6: LearningRateScheduler setting learning rate to 0.0005000000237487257.
Epoch 6/25
2/2 [==============================] - 2s 1s/step - loss: 5.7642 - accuracy: 0.3000 - val_loss: 5.5064 - val_accuracy: 0.2000 - lr: 5.0000e-04

Epoch 7: LearningRateScheduler setting learning rate to 0.0005000000237487257.
Epoch 7/25
2/2 [==============================] - 2s 1s/step - loss: 5.4266 - accuracy: 0.2667 - val_loss: 5.2379 - val_accuracy: 0.2000 - lr: 5.0000e-04

Epoch 8: LearningRateScheduler setting learning rate to 0.0005000000237487257.
Epoch 8/25
2/2 [==============================] - 2s 1s/step - loss: 5.1674 - accuracy: 0.2000 - val_loss: 5.0164 - val_accuracy: 0.2000 - lr: 5.0000e-04

Epoch 9: LearningRateScheduler setting learning rate to 0.0005000000237487257.
Epoch 9/25
2/2 [==============================] - 2s 1s/step - loss: 4.9271 - accuracy: 0.2333 - val_loss: 4.7930 - val_accuracy: 0.2000 - lr: 5.0000e-04

Epoch 10: LearningRateScheduler setting learning rate to 0.0005000000237487257.
Epoch 10/25
2/2 [==============================] - 2s 1s/step - loss: 4.7081 - accuracy: 0.2333 - val_loss: 4.5583 - val_accuracy: 0.2000 - lr: 5.0000e-04

Epoch 11: LearningRateScheduler setting learning rate to 0.0005000000237487257.
Epoch 11/25
2/2 [==============================] - 2s 1s/step - loss: 4.4761 - accuracy: 0.2167 - val_loss: 4.3167 - val_accuracy: 0.2000 - lr: 5.0000e-04

Epoch 12: LearningRateScheduler setting learning rate to 0.0002500000118743628.
Epoch 12/25
2/2 [==============================] - 2s 1s/step - loss: 4.2238 - accuracy: 0.2500 - val_loss: 4.1940 - val_accuracy: 0.2000 - lr: 2.5000e-04

Epoch 13: LearningRateScheduler setting learning rate to 0.0001250000059371814.
Epoch 13/25
2/2 [==============================] - 2s 2s/step - loss: 4.1209 - accuracy: 0.2333 - val_loss: 4.1214 - val_accuracy: 0.2000 - lr: 1.2500e-04

Epoch 14: LearningRateScheduler setting learning rate to 6.25000029685907e-05.
Epoch 14/25
2/2 [==============================] - 2s 1s/step - loss: 4.1046 - accuracy: 0.1833 - val_loss: 4.0810 - val_accuracy: 0.2000 - lr: 6.2500e-05

Epoch 15: LearningRateScheduler setting learning rate to 3.125000148429535e-05.
Epoch 15/25
2/2 [==============================] - 2s 1s/step - loss: 4.0165 - accuracy: 0.2500 - val_loss: 4.0590 - val_accuracy: 0.2000 - lr: 3.1250e-05

Epoch 16: LearningRateScheduler setting learning rate to 1.5625000742147677e-05.
Epoch 16/25
2/2 [==============================] - 2s 1s/step - loss: 4.0157 - accuracy: 0.2500 - val_loss: 4.0467 - val_accuracy: 0.2000 - lr: 1.5625e-05

Epoch 17: LearningRateScheduler setting learning rate to 7.812500371073838e-06.
Epoch 17/25
2/2 [==============================] - 2s 1s/step - loss: 3.9919 - accuracy: 0.3167 - val_loss: 4.0400 - val_accuracy: 0.2000 - lr: 7.8125e-06

Epoch 18: LearningRateScheduler setting learning rate to 3.906250185536919e-06.
Epoch 18/25
2/2 [==============================] - 2s 1s/step - loss: 4.0096 - accuracy: 0.2833 - val_loss: 4.0366 - val_accuracy: 0.2000 - lr: 3.9063e-06

Epoch 19: LearningRateScheduler setting learning rate to 1.9531250927684596e-06.
Epoch 19/25
2/2 [==============================] - 2s 1s/step - loss: 3.9570 - accuracy: 0.3000 - val_loss: 4.0347 - val_accuracy: 0.2000 - lr: 1.9531e-06

Epoch 20: LearningRateScheduler setting learning rate to 9.765625463842298e-07.
Epoch 20/25
2/2 [==============================] - 2s 1s/step - loss: 3.9854 - accuracy: 0.2333 - val_loss: 4.0338 - val_accuracy: 0.2000 - lr: 9.7656e-07

Epoch 21: LearningRateScheduler setting learning rate to 4.882812731921149e-07.
Epoch 21/25
2/2 [==============================] - 2s 1s/step - loss: 3.9861 - accuracy: 0.2500 - val_loss: 4.0333 - val_accuracy: 0.2000 - lr: 4.8828e-07

Epoch 22: LearningRateScheduler setting learning rate to 2.4414063659605745e-07.
Epoch 22/25
2/2 [==============================] - 2s 1s/step - loss: 3.9729 - accuracy: 0.3000 - val_loss: 4.0330 - val_accuracy: 0.2000 - lr: 2.4414e-07

Epoch 23: LearningRateScheduler setting learning rate to 1.2207031829802872e-07.
Epoch 23/25
2/2 [==============================] - 2s 1s/step - loss: 3.9726 - accuracy: 0.2833 - val_loss: 4.0329 - val_accuracy: 0.2000 - lr: 1.2207e-07

Epoch 24: LearningRateScheduler setting learning rate to 6.103515914901436e-08.
Epoch 24/25
2/2 [==============================] - 2s 1s/step - loss: 3.9557 - accuracy: 0.2833 - val_loss: 4.0328 - val_accuracy: 0.2000 - lr: 6.1035e-08

Epoch 25: LearningRateScheduler setting learning rate to 3.051757957450718e-08.
Epoch 25/25
2/2 [==============================] - 2s 1s/step - loss: 3.9944 - accuracy: 0.3167 - val_loss: 4.0328 - val_accuracy: 0.2000 - lr: 3.0518e-08
1/1 [==============================] - 0s 102ms/step - loss: 4.0610 - accuracy: 0.0000e+00
Found 60 images belonging to 6 classes.
Found 5 images belonging to 6 classes.
Found 7 images belonging to 6 classes.

Epoch 1: LearningRateScheduler setting learning rate to 0.0005000000237487257.
Epoch 1/30
2/2 [==============================] - ETA: 0s - loss: 13.5498 - accuracy: 0.1000C:\Users\tom.zbc\PycharmProjects\fungis_bacterias_project\.venv\lib\site-packages\keras\src\engine\training.py:3000: UserWarning: You are saving your model as an HDF5 file via `model.save()`. This file format is considered legacy. We recommend using instead the native Keras format, e.g. `model.save('my_model.keras')`.
  saving_api.save_model(
2/2 [==============================] - 3s 2s/step - loss: 13.5498 - accuracy: 0.1000 - val_loss: 11.1374 - val_accuracy: 0.2000 - lr: 5.0000e-04

Epoch 2: LearningRateScheduler setting learning rate to 0.0005000000237487257.
Epoch 2/30
2/2 [==============================] - 2s 1s/step - loss: 10.8439 - accuracy: 0.1500 - val_loss: 9.1395 - val_accuracy: 0.2000 - lr: 5.0000e-04

Epoch 3: LearningRateScheduler setting learning rate to 0.0005000000237487257.
Epoch 3/30
2/2 [==============================] - 2s 1s/step - loss: 8.8250 - accuracy: 0.2167 - val_loss: 7.5758 - val_accuracy: 0.2000 - lr: 5.0000e-04

Epoch 4: LearningRateScheduler setting learning rate to 0.0005000000237487257.
Epoch 4/30
2/2 [==============================] - 2s 1s/step - loss: 7.5610 - accuracy: 0.0833 - val_loss: 6.7180 - val_accuracy: 0.4000 - lr: 5.0000e-04

Epoch 5: LearningRateScheduler setting learning rate to 0.0005000000237487257.
Epoch 5/30
2/2 [==============================] - 2s 1s/step - loss: 6.7060 - accuracy: 0.2000 - val_loss: 6.2017 - val_accuracy: 0.6000 - lr: 5.0000e-04

Epoch 6: LearningRateScheduler setting learning rate to 0.0005000000237487257.
Epoch 6/30
2/2 [==============================] - 2s 1s/step - loss: 6.1855 - accuracy: 0.2167 - val_loss: 5.8541 - val_accuracy: 0.6000 - lr: 5.0000e-04

Epoch 7: LearningRateScheduler setting learning rate to 0.0005000000237487257.
Epoch 7/30
2/2 [==============================] - 2s 1s/step - loss: 5.8346 - accuracy: 0.1667 - val_loss: 5.5990 - val_accuracy: 0.4000 - lr: 5.0000e-04

Epoch 8: LearningRateScheduler setting learning rate to 0.0005000000237487257.
Epoch 8/30
2/2 [==============================] - 2s 1s/step - loss: 5.5669 - accuracy: 0.2333 - val_loss: 5.3750 - val_accuracy: 0.4000 - lr: 5.0000e-04

Epoch 9: LearningRateScheduler setting learning rate to 0.0005000000237487257.
Epoch 9/30
2/2 [==============================] - 2s 1s/step - loss: 5.3365 - accuracy: 0.2500 - val_loss: 5.1452 - val_accuracy: 0.4000 - lr: 5.0000e-04

Epoch 10: LearningRateScheduler setting learning rate to 0.0005000000237487257.
Epoch 10/30
2/2 [==============================] - 2s 1s/step - loss: 5.0983 - accuracy: 0.1500 - val_loss: 4.9009 - val_accuracy: 0.2000 - lr: 5.0000e-04

Epoch 11: LearningRateScheduler setting learning rate to 0.0005000000237487257.
Epoch 11/30
2/2 [==============================] - 2s 1s/step - loss: 4.8363 - accuracy: 0.2000 - val_loss: 4.6400 - val_accuracy: 0.4000 - lr: 5.0000e-04

Epoch 12: LearningRateScheduler setting learning rate to 0.0002500000118743628.
Epoch 12/30
2/2 [==============================] - 2s 1s/step - loss: 4.6206 - accuracy: 0.2000 - val_loss: 4.5019 - val_accuracy: 0.4000 - lr: 2.5000e-04

Epoch 13: LearningRateScheduler setting learning rate to 0.0001250000059371814.
Epoch 13/30
2/2 [==============================] - 2s 1s/step - loss: 4.4877 - accuracy: 0.1667 - val_loss: 4.4240 - val_accuracy: 0.4000 - lr: 1.2500e-04

Epoch 14: LearningRateScheduler setting learning rate to 6.25000029685907e-05.
Epoch 14/30
2/2 [==============================] - 2s 1s/step - loss: 4.4266 - accuracy: 0.1833 - val_loss: 4.3809 - val_accuracy: 0.4000 - lr: 6.2500e-05

Epoch 15: LearningRateScheduler setting learning rate to 3.125000148429535e-05.
Epoch 15/30
2/2 [==============================] - 2s 1s/step - loss: 4.3945 - accuracy: 0.2167 - val_loss: 4.3575 - val_accuracy: 0.4000 - lr: 3.1250e-05

Epoch 16: LearningRateScheduler setting learning rate to 1.5625000742147677e-05.
Epoch 16/30
2/2 [==============================] - 2s 1s/step - loss: 4.3619 - accuracy: 0.2667 - val_loss: 4.3451 - val_accuracy: 0.4000 - lr: 1.5625e-05

Epoch 17: LearningRateScheduler setting learning rate to 7.812500371073838e-06.
Epoch 17/30
2/2 [==============================] - 2s 1s/step - loss: 4.3573 - accuracy: 0.2333 - val_loss: 4.3385 - val_accuracy: 0.4000 - lr: 7.8125e-06

Epoch 18: LearningRateScheduler setting learning rate to 3.906250185536919e-06.
Epoch 18/30
2/2 [==============================] - 2s 1s/step - loss: 4.3424 - accuracy: 0.2333 - val_loss: 4.3351 - val_accuracy: 0.4000 - lr: 3.9063e-06

Epoch 19: LearningRateScheduler setting learning rate to 1.9531250927684596e-06.
Epoch 19/30
2/2 [==============================] - 2s 1s/step - loss: 4.3512 - accuracy: 0.2000 - val_loss: 4.3333 - val_accuracy: 0.4000 - lr: 1.9531e-06

Epoch 20: LearningRateScheduler setting learning rate to 9.765625463842298e-07.
Epoch 20/30
2/2 [==============================] - 2s 1s/step - loss: 4.3470 - accuracy: 0.2667 - val_loss: 4.3324 - val_accuracy: 0.4000 - lr: 9.7656e-07

Epoch 21: LearningRateScheduler setting learning rate to 4.882812731921149e-07.
Epoch 21/30
2/2 [==============================] - 2s 1s/step - loss: 4.3435 - accuracy: 0.2667 - val_loss: 4.3319 - val_accuracy: 0.4000 - lr: 4.8828e-07

Epoch 22: LearningRateScheduler setting learning rate to 2.4414063659605745e-07.
Epoch 22/30
2/2 [==============================] - 2s 1s/step - loss: 4.3338 - accuracy: 0.3167 - val_loss: 4.3317 - val_accuracy: 0.4000 - lr: 2.4414e-07

Epoch 23: LearningRateScheduler setting learning rate to 1.2207031829802872e-07.
Epoch 23/30
2/2 [==============================] - 2s 2s/step - loss: 4.3414 - accuracy: 0.2333 - val_loss: 4.3315 - val_accuracy: 0.4000 - lr: 1.2207e-07

Epoch 24: LearningRateScheduler setting learning rate to 6.103515914901436e-08.
Epoch 24/30
2/2 [==============================] - 2s 1s/step - loss: 4.3500 - accuracy: 0.1667 - val_loss: 4.3315 - val_accuracy: 0.4000 - lr: 6.1035e-08

Epoch 25: LearningRateScheduler setting learning rate to 3.051757957450718e-08.
Epoch 25/30
2/2 [==============================] - 2s 1s/step - loss: 4.3416 - accuracy: 0.2500 - val_loss: 4.3314 - val_accuracy: 0.4000 - lr: 3.0518e-08

Epoch 26: LearningRateScheduler setting learning rate to 1.525878978725359e-08.
Epoch 26/30
2/2 [==============================] - 2s 1s/step - loss: 4.3456 - accuracy: 0.1833 - val_loss: 4.3314 - val_accuracy: 0.4000 - lr: 1.5259e-08

Epoch 27: LearningRateScheduler setting learning rate to 7.629394893626795e-09.
Epoch 27/30
2/2 [==============================] - 2s 1s/step - loss: 4.3440 - accuracy: 0.2500 - val_loss: 4.3314 - val_accuracy: 0.4000 - lr: 7.6294e-09

Epoch 28: LearningRateScheduler setting learning rate to 3.814697446813398e-09.
Epoch 28/30
2/2 [==============================] - 2s 1s/step - loss: 4.3377 - accuracy: 0.2500 - val_loss: 4.3314 - val_accuracy: 0.4000 - lr: 3.8147e-09

Epoch 29: LearningRateScheduler setting learning rate to 1.907348723406699e-09.
Epoch 29/30
2/2 [==============================] - 2s 1s/step - loss: 4.3474 - accuracy: 0.1833 - val_loss: 4.3314 - val_accuracy: 0.4000 - lr: 1.9073e-09

Epoch 30: LearningRateScheduler setting learning rate to 9.536743617033494e-10.
Epoch 30/30
2/2 [==============================] - 2s 1s/step - loss: 4.3482 - accuracy: 0.1833 - val_loss: 4.3314 - val_accuracy: 0.4000 - lr: 9.5367e-10
1/1 [==============================] - 0s 99ms/step - loss: 4.3441 - accuracy: 0.4286
Found 60 images belonging to 6 classes.
Found 5 images belonging to 6 classes.
Found 7 images belonging to 6 classes.

Epoch 1: LearningRateScheduler setting learning rate to 0.0005000000237487257.
Epoch 1/25
2/2 [==============================] - ETA: 0s - loss: 13.2942 - accuracy: 0.1167C:\Users\tom.zbc\PycharmProjects\fungis_bacterias_project\.venv\lib\site-packages\keras\src\engine\training.py:3000: UserWarning: You are saving your model as an HDF5 file via `model.save()`. This file format is considered legacy. We recommend using instead the native Keras format, e.g. `model.save('my_model.keras')`.
  saving_api.save_model(
2/2 [==============================] - 3s 2s/step - loss: 13.2942 - accuracy: 0.1167 - val_loss: 10.8057 - val_accuracy: 0.2000 - lr: 5.0000e-04

Epoch 2: LearningRateScheduler setting learning rate to 0.0005000000237487257.
Epoch 2/25
2/2 [==============================] - 2s 2s/step - loss: 10.3499 - accuracy: 0.2333 - val_loss: 8.8533 - val_accuracy: 0.2000 - lr: 5.0000e-04

Epoch 3: LearningRateScheduler setting learning rate to 0.0005000000237487257.
Epoch 3/25
2/2 [==============================] - 2s 1s/step - loss: 8.4755 - accuracy: 0.1333 - val_loss: 7.5249 - val_accuracy: 0.0000e+00 - lr: 5.0000e-04

Epoch 4: LearningRateScheduler setting learning rate to 0.0005000000237487257.
Epoch 4/25
2/2 [==============================] - 2s 1s/step - loss: 7.0673 - accuracy: 0.2333 - val_loss: 6.5360 - val_accuracy: 0.0000e+00 - lr: 5.0000e-04

Epoch 5: LearningRateScheduler setting learning rate to 0.0005000000237487257.
Epoch 5/25
2/2 [==============================] - 2s 1s/step - loss: 6.2759 - accuracy: 0.1667 - val_loss: 5.8418 - val_accuracy: 0.2000 - lr: 5.0000e-04

Epoch 6: LearningRateScheduler setting learning rate to 0.0005000000237487257.
Epoch 6/25
2/2 [==============================] - 2s 1s/step - loss: 5.7212 - accuracy: 0.2000 - val_loss: 5.4344 - val_accuracy: 0.4000 - lr: 5.0000e-04

Epoch 7: LearningRateScheduler setting learning rate to 0.0005000000237487257.
Epoch 7/25
2/2 [==============================] - 2s 1s/step - loss: 5.3841 - accuracy: 0.1833 - val_loss: 5.1395 - val_accuracy: 0.4000 - lr: 5.0000e-04

Epoch 8: LearningRateScheduler setting learning rate to 0.0005000000237487257.
Epoch 8/25
2/2 [==============================] - 2s 1s/step - loss: 5.1319 - accuracy: 0.2833 - val_loss: 4.8880 - val_accuracy: 0.4000 - lr: 5.0000e-04

Epoch 9: LearningRateScheduler setting learning rate to 0.0005000000237487257.
Epoch 9/25
2/2 [==============================] - 2s 2s/step - loss: 4.9310 - accuracy: 0.2833 - val_loss: 4.6447 - val_accuracy: 0.6000 - lr: 5.0000e-04

Epoch 10: LearningRateScheduler setting learning rate to 0.0005000000237487257.
Epoch 10/25
2/2 [==============================] - 2s 2s/step - loss: 4.6704 - accuracy: 0.3167 - val_loss: 4.3869 - val_accuracy: 0.4000 - lr: 5.0000e-04

Epoch 11: LearningRateScheduler setting learning rate to 0.0005000000237487257.
Epoch 11/25
2/2 [==============================] - 2s 1s/step - loss: 4.4609 - accuracy: 0.2833 - val_loss: 4.1184 - val_accuracy: 0.6000 - lr: 5.0000e-04

Epoch 12: LearningRateScheduler setting learning rate to 0.0002500000118743628.
Epoch 12/25
2/2 [==============================] - 2s 1s/step - loss: 4.3130 - accuracy: 0.1667 - val_loss: 3.9901 - val_accuracy: 0.6000 - lr: 2.5000e-04

Epoch 13: LearningRateScheduler setting learning rate to 0.0001250000059371814.
Epoch 13/25
2/2 [==============================] - 2s 1s/step - loss: 4.2280 - accuracy: 0.2000 - val_loss: 3.9270 - val_accuracy: 0.6000 - lr: 1.2500e-04

Epoch 14: LearningRateScheduler setting learning rate to 6.25000029685907e-05.
Epoch 14/25
2/2 [==============================] - 2s 1s/step - loss: 4.1154 - accuracy: 0.2667 - val_loss: 3.8941 - val_accuracy: 0.6000 - lr: 6.2500e-05

Epoch 15: LearningRateScheduler setting learning rate to 3.125000148429535e-05.
Epoch 15/25
2/2 [==============================] - 2s 1s/step - loss: 4.0886 - accuracy: 0.2833 - val_loss: 3.8761 - val_accuracy: 0.6000 - lr: 3.1250e-05

Epoch 16: LearningRateScheduler setting learning rate to 1.5625000742147677e-05.
Epoch 16/25
2/2 [==============================] - 2s 1s/step - loss: 4.0875 - accuracy: 0.2500 - val_loss: 3.8670 - val_accuracy: 0.6000 - lr: 1.5625e-05

Epoch 17: LearningRateScheduler setting learning rate to 7.812500371073838e-06.
Epoch 17/25
2/2 [==============================] - 2s 1s/step - loss: 4.0425 - accuracy: 0.3000 - val_loss: 3.8617 - val_accuracy: 0.6000 - lr: 7.8125e-06

Epoch 18: LearningRateScheduler setting learning rate to 3.906250185536919e-06.
Epoch 18/25
2/2 [==============================] - 2s 1s/step - loss: 4.0520 - accuracy: 0.2167 - val_loss: 3.8587 - val_accuracy: 0.6000 - lr: 3.9063e-06

Epoch 19: LearningRateScheduler setting learning rate to 1.9531250927684596e-06.
Epoch 19/25
2/2 [==============================] - 2s 1s/step - loss: 4.0463 - accuracy: 0.2000 - val_loss: 3.8572 - val_accuracy: 0.6000 - lr: 1.9531e-06

Epoch 20: LearningRateScheduler setting learning rate to 9.765625463842298e-07.
Epoch 20/25
2/2 [==============================] - 2s 1s/step - loss: 4.0616 - accuracy: 0.2167 - val_loss: 3.8565 - val_accuracy: 0.6000 - lr: 9.7656e-07

Epoch 21: LearningRateScheduler setting learning rate to 4.882812731921149e-07.
Epoch 21/25
2/2 [==============================] - 2s 2s/step - loss: 4.0179 - accuracy: 0.2333 - val_loss: 3.8561 - val_accuracy: 0.6000 - lr: 4.8828e-07

Epoch 22: LearningRateScheduler setting learning rate to 2.4414063659605745e-07.
Epoch 22/25
2/2 [==============================] - 2s 1s/step - loss: 4.0001 - accuracy: 0.3167 - val_loss: 3.8559 - val_accuracy: 0.6000 - lr: 2.4414e-07

Epoch 23: LearningRateScheduler setting learning rate to 1.2207031829802872e-07.
Epoch 23/25
2/2 [==============================] - 2s 2s/step - loss: 4.0248 - accuracy: 0.3000 - val_loss: 3.8558 - val_accuracy: 0.6000 - lr: 1.2207e-07

Epoch 24: LearningRateScheduler setting learning rate to 6.103515914901436e-08.
Epoch 24/25
2/2 [==============================] - 2s 1s/step - loss: 4.0419 - accuracy: 0.2667 - val_loss: 3.8557 - val_accuracy: 0.6000 - lr: 6.1035e-08

Epoch 25: LearningRateScheduler setting learning rate to 3.051757957450718e-08.
Epoch 25/25
2/2 [==============================] - 2s 2s/step - loss: 4.0003 - accuracy: 0.3167 - val_loss: 3.8557 - val_accuracy: 0.6000 - lr: 3.0518e-08
1/1 [==============================] - 0s 105ms/step - loss: 3.9882 - accuracy: 0.2857
Found 60 images belonging to 6 classes.
Found 5 images belonging to 6 classes.
Found 7 images belonging to 6 classes.

Epoch 1: LearningRateScheduler setting learning rate to 0.0005000000237487257.
Epoch 1/30
2/2 [==============================] - ETA: 0s - loss: 13.3893 - accuracy: 0.0667C:\Users\tom.zbc\PycharmProjects\fungis_bacterias_project\.venv\lib\site-packages\keras\src\engine\training.py:3000: UserWarning: You are saving your model as an HDF5 file via `model.save()`. This file format is considered legacy. We recommend using instead the native Keras format, e.g. `model.save('my_model.keras')`.
  saving_api.save_model(
2/2 [==============================] - 4s 2s/step - loss: 13.3893 - accuracy: 0.0667 - val_loss: 10.9629 - val_accuracy: 0.2000 - lr: 5.0000e-04

Epoch 2: LearningRateScheduler setting learning rate to 0.0005000000237487257.
Epoch 2/30
2/2 [==============================] - 3s 2s/step - loss: 10.5828 - accuracy: 0.2500 - val_loss: 9.1742 - val_accuracy: 0.0000e+00 - lr: 5.0000e-04

Epoch 3: LearningRateScheduler setting learning rate to 0.0005000000237487257.
Epoch 3/30
2/2 [==============================] - 3s 2s/step - loss: 8.7917 - accuracy: 0.2500 - val_loss: 7.7488 - val_accuracy: 0.2000 - lr: 5.0000e-04

Epoch 4: LearningRateScheduler setting learning rate to 0.0005000000237487257.
Epoch 4/30
2/2 [==============================] - 3s 2s/step - loss: 7.4607 - accuracy: 0.1333 - val_loss: 6.7668 - val_accuracy: 0.4000 - lr: 5.0000e-04

Epoch 5: LearningRateScheduler setting learning rate to 0.0005000000237487257.
Epoch 5/30
2/2 [==============================] - 3s 2s/step - loss: 6.5876 - accuracy: 0.2167 - val_loss: 6.1712 - val_accuracy: 0.4000 - lr: 5.0000e-04

Epoch 6: LearningRateScheduler setting learning rate to 0.0005000000237487257.
Epoch 6/30
2/2 [==============================] - 2s 1s/step - loss: 6.0702 - accuracy: 0.2333 - val_loss: 5.7888 - val_accuracy: 0.4000 - lr: 5.0000e-04

Epoch 7: LearningRateScheduler setting learning rate to 0.0005000000237487257.
Epoch 7/30
2/2 [==============================] - 3s 2s/step - loss: 5.7158 - accuracy: 0.2167 - val_loss: 5.5111 - val_accuracy: 0.4000 - lr: 5.0000e-04

Epoch 8: LearningRateScheduler setting learning rate to 0.0005000000237487257.
Epoch 8/30
2/2 [==============================] - 2s 2s/step - loss: 5.4391 - accuracy: 0.2500 - val_loss: 5.2740 - val_accuracy: 0.4000 - lr: 5.0000e-04

Epoch 9: LearningRateScheduler setting learning rate to 0.0005000000237487257.
Epoch 9/30
2/2 [==============================] - 3s 2s/step - loss: 5.2169 - accuracy: 0.2000 - val_loss: 5.0377 - val_accuracy: 0.2000 - lr: 5.0000e-04

Epoch 10: LearningRateScheduler setting learning rate to 0.0005000000237487257.
Epoch 10/30
2/2 [==============================] - 3s 2s/step - loss: 4.9683 - accuracy: 0.2833 - val_loss: 4.7900 - val_accuracy: 0.4000 - lr: 5.0000e-04

Epoch 11: LearningRateScheduler setting learning rate to 0.0005000000237487257.
Epoch 11/30
2/2 [==============================] - 2s 2s/step - loss: 4.7147 - accuracy: 0.3000 - val_loss: 4.5382 - val_accuracy: 0.4000 - lr: 5.0000e-04

Epoch 12: LearningRateScheduler setting learning rate to 0.0002500000118743628.
Epoch 12/30
2/2 [==============================] - 3s 2s/step - loss: 4.4904 - accuracy: 0.3500 - val_loss: 4.4087 - val_accuracy: 0.4000 - lr: 2.5000e-04

Epoch 13: LearningRateScheduler setting learning rate to 0.0001250000059371814.
Epoch 13/30
2/2 [==============================] - 3s 2s/step - loss: 4.3858 - accuracy: 0.1833 - val_loss: 4.3363 - val_accuracy: 0.4000 - lr: 1.2500e-04

Epoch 14: LearningRateScheduler setting learning rate to 6.25000029685907e-05.
Epoch 14/30
2/2 [==============================] - 3s 2s/step - loss: 4.3138 - accuracy: 0.2000 - val_loss: 4.2955 - val_accuracy: 0.4000 - lr: 6.2500e-05

Epoch 15: LearningRateScheduler setting learning rate to 3.125000148429535e-05.
Epoch 15/30
2/2 [==============================] - 3s 2s/step - loss: 4.2614 - accuracy: 0.2500 - val_loss: 4.2727 - val_accuracy: 0.4000 - lr: 3.1250e-05

Epoch 16: LearningRateScheduler setting learning rate to 1.5625000742147677e-05.
Epoch 16/30
2/2 [==============================] - 3s 2s/step - loss: 4.2520 - accuracy: 0.3000 - val_loss: 4.2606 - val_accuracy: 0.4000 - lr: 1.5625e-05

Epoch 17: LearningRateScheduler setting learning rate to 7.812500371073838e-06.
Epoch 17/30
2/2 [==============================] - 3s 2s/step - loss: 4.2509 - accuracy: 0.2000 - val_loss: 4.2543 - val_accuracy: 0.4000 - lr: 7.8125e-06

Epoch 18: LearningRateScheduler setting learning rate to 3.906250185536919e-06.
Epoch 18/30
2/2 [==============================] - 3s 2s/step - loss: 4.2257 - accuracy: 0.2833 - val_loss: 4.2510 - val_accuracy: 0.4000 - lr: 3.9063e-06

Epoch 19: LearningRateScheduler setting learning rate to 1.9531250927684596e-06.
Epoch 19/30
2/2 [==============================] - 3s 2s/step - loss: 4.2388 - accuracy: 0.2333 - val_loss: 4.2494 - val_accuracy: 0.4000 - lr: 1.9531e-06

Epoch 20: LearningRateScheduler setting learning rate to 9.765625463842298e-07.
Epoch 20/30
2/2 [==============================] - 3s 2s/step - loss: 4.2316 - accuracy: 0.2500 - val_loss: 4.2485 - val_accuracy: 0.4000 - lr: 9.7656e-07

Epoch 21: LearningRateScheduler setting learning rate to 4.882812731921149e-07.
Epoch 21/30
2/2 [==============================] - 3s 2s/step - loss: 4.2459 - accuracy: 0.2167 - val_loss: 4.2480 - val_accuracy: 0.4000 - lr: 4.8828e-07

Epoch 22: LearningRateScheduler setting learning rate to 2.4414063659605745e-07.
Epoch 22/30
2/2 [==============================] - 3s 2s/step - loss: 4.2400 - accuracy: 0.1500 - val_loss: 4.2478 - val_accuracy: 0.4000 - lr: 2.4414e-07

Epoch 23: LearningRateScheduler setting learning rate to 1.2207031829802872e-07.
Epoch 23/30
2/2 [==============================] - 2s 1s/step - loss: 4.2266 - accuracy: 0.2667 - val_loss: 4.2477 - val_accuracy: 0.4000 - lr: 1.2207e-07

Epoch 24: LearningRateScheduler setting learning rate to 6.103515914901436e-08.
Epoch 24/30
2/2 [==============================] - 3s 2s/step - loss: 4.2281 - accuracy: 0.2500 - val_loss: 4.2476 - val_accuracy: 0.4000 - lr: 6.1035e-08

Epoch 25: LearningRateScheduler setting learning rate to 3.051757957450718e-08.
Epoch 25/30
2/2 [==============================] - 2s 1s/step - loss: 4.2461 - accuracy: 0.1833 - val_loss: 4.2476 - val_accuracy: 0.4000 - lr: 3.0518e-08

Epoch 26: LearningRateScheduler setting learning rate to 1.525878978725359e-08.
Epoch 26/30
2/2 [==============================] - 2s 1s/step - loss: 4.2314 - accuracy: 0.2000 - val_loss: 4.2476 - val_accuracy: 0.4000 - lr: 1.5259e-08

Epoch 27: LearningRateScheduler setting learning rate to 7.629394893626795e-09.
Epoch 27/30
2/2 [==============================] - 2s 1s/step - loss: 4.2227 - accuracy: 0.2333 - val_loss: 4.2476 - val_accuracy: 0.4000 - lr: 7.6294e-09

Epoch 28: LearningRateScheduler setting learning rate to 3.814697446813398e-09.
Epoch 28/30
2/2 [==============================] - 2s 2s/step - loss: 4.2237 - accuracy: 0.2833 - val_loss: 4.2475 - val_accuracy: 0.4000 - lr: 3.8147e-09

Epoch 29: LearningRateScheduler setting learning rate to 1.907348723406699e-09.
Epoch 29/30
2/2 [==============================] - 3s 2s/step - loss: 4.2272 - accuracy: 0.3167 - val_loss: 4.2475 - val_accuracy: 0.4000 - lr: 1.9073e-09

Epoch 30: LearningRateScheduler setting learning rate to 9.536743617033494e-10.
Epoch 30/30
2/2 [==============================] - 2s 1s/step - loss: 4.2392 - accuracy: 0.2333 - val_loss: 4.2475 - val_accuracy: 0.4000 - lr: 9.5367e-10
1/1 [==============================] - 0s 98ms/step - loss: 4.2841 - accuracy: 0.1429
Found 60 images belonging to 6 classes.
Found 5 images belonging to 6 classes.
Found 7 images belonging to 6 classes.

Epoch 1: LearningRateScheduler setting learning rate to 0.0005000000237487257.
Epoch 1/25
2/2 [==============================] - ETA: 0s - loss: 13.2650 - accuracy: 0.1167C:\Users\tom.zbc\PycharmProjects\fungis_bacterias_project\.venv\lib\site-packages\keras\src\engine\training.py:3000: UserWarning: You are saving your model as an HDF5 file via `model.save()`. This file format is considered legacy. We recommend using instead the native Keras format, e.g. `model.save('my_model.keras')`.
  saving_api.save_model(
2/2 [==============================] - 3s 2s/step - loss: 13.2650 - accuracy: 0.1167 - val_loss: 11.0283 - val_accuracy: 0.2000 - lr: 5.0000e-04

Epoch 2: LearningRateScheduler setting learning rate to 0.0005000000237487257.
Epoch 2/25
2/2 [==============================] - 2s 1s/step - loss: 10.4837 - accuracy: 0.2333 - val_loss: 9.0669 - val_accuracy: 0.4000 - lr: 5.0000e-04

Epoch 3: LearningRateScheduler setting learning rate to 0.0005000000237487257.
Epoch 3/25
2/2 [==============================] - 2s 1s/step - loss: 8.6346 - accuracy: 0.3000 - val_loss: 7.5813 - val_accuracy: 0.0000e+00 - lr: 5.0000e-04

Epoch 4: LearningRateScheduler setting learning rate to 0.0005000000237487257.
Epoch 4/25
2/2 [==============================] - 2s 1s/step - loss: 7.2725 - accuracy: 0.1500 - val_loss: 6.5974 - val_accuracy: 0.0000e+00 - lr: 5.0000e-04

Epoch 5: LearningRateScheduler setting learning rate to 0.0005000000237487257.
Epoch 5/25
2/2 [==============================] - 2s 1s/step - loss: 6.3984 - accuracy: 0.1833 - val_loss: 5.9587 - val_accuracy: 0.0000e+00 - lr: 5.0000e-04

Epoch 6: LearningRateScheduler setting learning rate to 0.0005000000237487257.
Epoch 6/25
2/2 [==============================] - 2s 1s/step - loss: 5.8152 - accuracy: 0.2167 - val_loss: 5.5425 - val_accuracy: 0.2000 - lr: 5.0000e-04

Epoch 7: LearningRateScheduler setting learning rate to 0.0005000000237487257.
Epoch 7/25
2/2 [==============================] - 2s 1s/step - loss: 5.4518 - accuracy: 0.2167 - val_loss: 5.2474 - val_accuracy: 0.0000e+00 - lr: 5.0000e-04

Epoch 8: LearningRateScheduler setting learning rate to 0.0005000000237487257.
Epoch 8/25
2/2 [==============================] - 2s 1s/step - loss: 5.1733 - accuracy: 0.2000 - val_loss: 4.9957 - val_accuracy: 0.4000 - lr: 5.0000e-04

Epoch 9: LearningRateScheduler setting learning rate to 0.0005000000237487257.
Epoch 9/25
2/2 [==============================] - 2s 1s/step - loss: 4.9219 - accuracy: 0.1833 - val_loss: 4.7549 - val_accuracy: 0.4000 - lr: 5.0000e-04

Epoch 10: LearningRateScheduler setting learning rate to 0.0005000000237487257.
Epoch 10/25
2/2 [==============================] - 2s 1s/step - loss: 4.6850 - accuracy: 0.1667 - val_loss: 4.5027 - val_accuracy: 0.4000 - lr: 5.0000e-04

Epoch 11: LearningRateScheduler setting learning rate to 0.0005000000237487257.
Epoch 11/25
2/2 [==============================] - 2s 2s/step - loss: 4.4151 - accuracy: 0.2333 - val_loss: 4.2438 - val_accuracy: 0.4000 - lr: 5.0000e-04

Epoch 12: LearningRateScheduler setting learning rate to 0.0002500000118743628.
Epoch 12/25
2/2 [==============================] - 2s 1s/step - loss: 4.2107 - accuracy: 0.2667 - val_loss: 4.1071 - val_accuracy: 0.4000 - lr: 2.5000e-04

Epoch 13: LearningRateScheduler setting learning rate to 0.0001250000059371814.
Epoch 13/25
2/2 [==============================] - 2s 1s/step - loss: 4.0876 - accuracy: 0.2333 - val_loss: 4.0277 - val_accuracy: 0.4000 - lr: 1.2500e-04

Epoch 14: LearningRateScheduler setting learning rate to 6.25000029685907e-05.
Epoch 14/25
2/2 [==============================] - 2s 1s/step - loss: 4.0078 - accuracy: 0.3667 - val_loss: 3.9836 - val_accuracy: 0.4000 - lr: 6.2500e-05

Epoch 15: LearningRateScheduler setting learning rate to 3.125000148429535e-05.
Epoch 15/25
2/2 [==============================] - 2s 1s/step - loss: 4.0051 - accuracy: 0.1500 - val_loss: 3.9609 - val_accuracy: 0.4000 - lr: 3.1250e-05

Epoch 16: LearningRateScheduler setting learning rate to 1.5625000742147677e-05.
Epoch 16/25
2/2 [==============================] - 2s 1s/step - loss: 3.9694 - accuracy: 0.1667 - val_loss: 3.9486 - val_accuracy: 0.4000 - lr: 1.5625e-05

Epoch 17: LearningRateScheduler setting learning rate to 7.812500371073838e-06.
Epoch 17/25
2/2 [==============================] - 2s 1s/step - loss: 3.9316 - accuracy: 0.3000 - val_loss: 3.9422 - val_accuracy: 0.4000 - lr: 7.8125e-06

Epoch 18: LearningRateScheduler setting learning rate to 3.906250185536919e-06.
Epoch 18/25
2/2 [==============================] - 2s 1s/step - loss: 3.9342 - accuracy: 0.3000 - val_loss: 3.9388 - val_accuracy: 0.4000 - lr: 3.9063e-06

Epoch 19: LearningRateScheduler setting learning rate to 1.9531250927684596e-06.
Epoch 19/25
2/2 [==============================] - 2s 1s/step - loss: 3.9023 - accuracy: 0.3167 - val_loss: 3.9370 - val_accuracy: 0.4000 - lr: 1.9531e-06

Epoch 20: LearningRateScheduler setting learning rate to 9.765625463842298e-07.
Epoch 20/25
2/2 [==============================] - 2s 1s/step - loss: 3.9539 - accuracy: 0.2500 - val_loss: 3.9361 - val_accuracy: 0.4000 - lr: 9.7656e-07

Epoch 21: LearningRateScheduler setting learning rate to 4.882812731921149e-07.
Epoch 21/25
2/2 [==============================] - 2s 1s/step - loss: 3.9249 - accuracy: 0.2667 - val_loss: 3.9357 - val_accuracy: 0.4000 - lr: 4.8828e-07

Epoch 22: LearningRateScheduler setting learning rate to 2.4414063659605745e-07.
Epoch 22/25
2/2 [==============================] - 2s 1s/step - loss: 3.9484 - accuracy: 0.2500 - val_loss: 3.9354 - val_accuracy: 0.4000 - lr: 2.4414e-07

Epoch 23: LearningRateScheduler setting learning rate to 1.2207031829802872e-07.
Epoch 23/25
2/2 [==============================] - 2s 1s/step - loss: 3.9038 - accuracy: 0.4167 - val_loss: 3.9353 - val_accuracy: 0.4000 - lr: 1.2207e-07

Epoch 24: LearningRateScheduler setting learning rate to 6.103515914901436e-08.
Epoch 24/25
2/2 [==============================] - 2s 1s/step - loss: 3.9359 - accuracy: 0.2167 - val_loss: 3.9352 - val_accuracy: 0.4000 - lr: 6.1035e-08

Epoch 25: LearningRateScheduler setting learning rate to 3.051757957450718e-08.
Epoch 25/25
2/2 [==============================] - 2s 1s/step - loss: 3.9563 - accuracy: 0.2000 - val_loss: 3.9352 - val_accuracy: 0.4000 - lr: 3.0518e-08
1/1 [==============================] - 0s 102ms/step - loss: 3.9276 - accuracy: 0.4286
Found 60 images belonging to 6 classes.
Found 5 images belonging to 6 classes.
Found 7 images belonging to 6 classes.

Epoch 1: LearningRateScheduler setting learning rate to 0.0005000000237487257.
Epoch 1/30
2/2 [==============================] - ETA: 0s - loss: 13.3711 - accuracy: 0.0667C:\Users\tom.zbc\PycharmProjects\fungis_bacterias_project\.venv\lib\site-packages\keras\src\engine\training.py:3000: UserWarning: You are saving your model as an HDF5 file via `model.save()`. This file format is considered legacy. We recommend using instead the native Keras format, e.g. `model.save('my_model.keras')`.
  saving_api.save_model(
2/2 [==============================] - 3s 1s/step - loss: 13.3711 - accuracy: 0.0667 - val_loss: 11.2044 - val_accuracy: 0.2000 - lr: 5.0000e-04

Epoch 2: LearningRateScheduler setting learning rate to 0.0005000000237487257.
Epoch 2/30
2/2 [==============================] - 2s 1s/step - loss: 10.8471 - accuracy: 0.2500 - val_loss: 9.0207 - val_accuracy: 0.4000 - lr: 5.0000e-04

Epoch 3: LearningRateScheduler setting learning rate to 0.0005000000237487257.
Epoch 3/30
2/2 [==============================] - 2s 1s/step - loss: 8.9427 - accuracy: 0.2000 - val_loss: 7.8341 - val_accuracy: 0.2000 - lr: 5.0000e-04

Epoch 4: LearningRateScheduler setting learning rate to 0.0005000000237487257.
Epoch 4/30
2/2 [==============================] - 2s 1s/step - loss: 7.6102 - accuracy: 0.1667 - val_loss: 6.9673 - val_accuracy: 0.0000e+00 - lr: 5.0000e-04

Epoch 5: LearningRateScheduler setting learning rate to 0.0005000000237487257.
Epoch 5/30
2/2 [==============================] - 2s 1s/step - loss: 6.8342 - accuracy: 0.1000 - val_loss: 6.3688 - val_accuracy: 0.0000e+00 - lr: 5.0000e-04

Epoch 6: LearningRateScheduler setting learning rate to 0.0005000000237487257.
Epoch 6/30
2/2 [==============================] - 2s 1s/step - loss: 6.2379 - accuracy: 0.2000 - val_loss: 5.9618 - val_accuracy: 0.0000e+00 - lr: 5.0000e-04

Epoch 7: LearningRateScheduler setting learning rate to 0.0005000000237487257.
Epoch 7/30
2/2 [==============================] - 2s 1s/step - loss: 5.8810 - accuracy: 0.2167 - val_loss: 5.6606 - val_accuracy: 0.0000e+00 - lr: 5.0000e-04

Epoch 8: LearningRateScheduler setting learning rate to 0.0005000000237487257.
Epoch 8/30
2/2 [==============================] - 2s 1s/step - loss: 5.6099 - accuracy: 0.1667 - val_loss: 5.4009 - val_accuracy: 0.2000 - lr: 5.0000e-04

Epoch 9: LearningRateScheduler setting learning rate to 0.0005000000237487257.
Epoch 9/30
2/2 [==============================] - 2s 1s/step - loss: 5.3487 - accuracy: 0.3333 - val_loss: 5.1345 - val_accuracy: 0.4000 - lr: 5.0000e-04

Epoch 10: LearningRateScheduler setting learning rate to 0.0005000000237487257.
Epoch 10/30
2/2 [==============================] - 2s 2s/step - loss: 5.0770 - accuracy: 0.3167 - val_loss: 4.8510 - val_accuracy: 0.2000 - lr: 5.0000e-04

Epoch 11: LearningRateScheduler setting learning rate to 0.0005000000237487257.
Epoch 11/30
2/2 [==============================] - 2s 1s/step - loss: 4.8274 - accuracy: 0.2833 - val_loss: 4.5560 - val_accuracy: 0.2000 - lr: 5.0000e-04

Epoch 12: LearningRateScheduler setting learning rate to 0.0002500000118743628.
Epoch 12/30
2/2 [==============================] - 2s 2s/step - loss: 4.5851 - accuracy: 0.2167 - val_loss: 4.4033 - val_accuracy: 0.2000 - lr: 2.5000e-04

Epoch 13: LearningRateScheduler setting learning rate to 0.0001250000059371814.
Epoch 13/30
2/2 [==============================] - 2s 1s/step - loss: 4.4470 - accuracy: 0.3000 - val_loss: 4.3248 - val_accuracy: 0.2000 - lr: 1.2500e-04

Epoch 14: LearningRateScheduler setting learning rate to 6.25000029685907e-05.
Epoch 14/30
2/2 [==============================] - 2s 1s/step - loss: 4.3926 - accuracy: 0.2667 - val_loss: 4.2845 - val_accuracy: 0.4000 - lr: 6.2500e-05

Epoch 15: LearningRateScheduler setting learning rate to 3.125000148429535e-05.
Epoch 15/30
2/2 [==============================] - 2s 1s/step - loss: 4.3495 - accuracy: 0.2500 - val_loss: 4.2626 - val_accuracy: 0.4000 - lr: 3.1250e-05

Epoch 16: LearningRateScheduler setting learning rate to 1.5625000742147677e-05.
Epoch 16/30
2/2 [==============================] - 2s 1s/step - loss: 4.3023 - accuracy: 0.3667 - val_loss: 4.2504 - val_accuracy: 0.4000 - lr: 1.5625e-05

Epoch 17: LearningRateScheduler setting learning rate to 7.812500371073838e-06.
Epoch 17/30
2/2 [==============================] - 2s 1s/step - loss: 4.3001 - accuracy: 0.2500 - val_loss: 4.2435 - val_accuracy: 0.4000 - lr: 7.8125e-06

Epoch 18: LearningRateScheduler setting learning rate to 3.906250185536919e-06.
Epoch 18/30
2/2 [==============================] - 2s 1s/step - loss: 4.2765 - accuracy: 0.3500 - val_loss: 4.2397 - val_accuracy: 0.4000 - lr: 3.9063e-06

Epoch 19: LearningRateScheduler setting learning rate to 1.9531250927684596e-06.
Epoch 19/30
2/2 [==============================] - 2s 1s/step - loss: 4.2905 - accuracy: 0.3167 - val_loss: 4.2378 - val_accuracy: 0.4000 - lr: 1.9531e-06

Epoch 20: LearningRateScheduler setting learning rate to 9.765625463842298e-07.
Epoch 20/30
2/2 [==============================] - 2s 1s/step - loss: 4.2871 - accuracy: 0.2333 - val_loss: 4.2368 - val_accuracy: 0.4000 - lr: 9.7656e-07

Epoch 21: LearningRateScheduler setting learning rate to 4.882812731921149e-07.
Epoch 21/30
2/2 [==============================] - 2s 1s/step - loss: 4.3101 - accuracy: 0.2333 - val_loss: 4.2363 - val_accuracy: 0.4000 - lr: 4.8828e-07

Epoch 22: LearningRateScheduler setting learning rate to 2.4414063659605745e-07.
Epoch 22/30
2/2 [==============================] - 2s 1s/step - loss: 4.2952 - accuracy: 0.2167 - val_loss: 4.2361 - val_accuracy: 0.4000 - lr: 2.4414e-07

Epoch 23: LearningRateScheduler setting learning rate to 1.2207031829802872e-07.
Epoch 23/30
2/2 [==============================] - 2s 1s/step - loss: 4.3100 - accuracy: 0.2000 - val_loss: 4.2359 - val_accuracy: 0.4000 - lr: 1.2207e-07

Epoch 24: LearningRateScheduler setting learning rate to 6.103515914901436e-08.
Epoch 24/30
2/2 [==============================] - 2s 1s/step - loss: 4.3143 - accuracy: 0.1833 - val_loss: 4.2359 - val_accuracy: 0.4000 - lr: 6.1035e-08

Epoch 25: LearningRateScheduler setting learning rate to 3.051757957450718e-08.
Epoch 25/30
2/2 [==============================] - 2s 1s/step - loss: 4.2928 - accuracy: 0.2833 - val_loss: 4.2358 - val_accuracy: 0.4000 - lr: 3.0518e-08

Epoch 26: LearningRateScheduler setting learning rate to 1.525878978725359e-08.
Epoch 26/30
2/2 [==============================] - 2s 1s/step - loss: 4.3049 - accuracy: 0.2500 - val_loss: 4.2358 - val_accuracy: 0.4000 - lr: 1.5259e-08

Epoch 27: LearningRateScheduler setting learning rate to 7.629394893626795e-09.
Epoch 27/30
2/2 [==============================] - 3s 2s/step - loss: 4.3114 - accuracy: 0.1833 - val_loss: 4.2358 - val_accuracy: 0.4000 - lr: 7.6294e-09

Epoch 28: LearningRateScheduler setting learning rate to 3.814697446813398e-09.
Epoch 28/30
2/2 [==============================] - 3s 2s/step - loss: 4.3181 - accuracy: 0.2000 - val_loss: 4.2358 - val_accuracy: 0.4000 - lr: 3.8147e-09

Epoch 29: LearningRateScheduler setting learning rate to 1.907348723406699e-09.
Epoch 29/30
2/2 [==============================] - 3s 2s/step - loss: 4.2998 - accuracy: 0.2167 - val_loss: 4.2358 - val_accuracy: 0.4000 - lr: 1.9073e-09

Epoch 30: LearningRateScheduler setting learning rate to 9.536743617033494e-10.
Epoch 30/30
2/2 [==============================] - 3s 2s/step - loss: 4.2976 - accuracy: 0.2667 - val_loss: 4.2358 - val_accuracy: 0.4000 - lr: 9.5367e-10
1/1 [==============================] - 0s 132ms/step - loss: 4.2864 - accuracy: 0.1429
Found 60 images belonging to 6 classes.
Found 5 images belonging to 6 classes.
Found 7 images belonging to 6 classes.

Epoch 1: LearningRateScheduler setting learning rate to 0.0005000000237487257.
Epoch 1/25
2/2 [==============================] - ETA: 0s - loss: 13.5063 - accuracy: 0.1833C:\Users\tom.zbc\PycharmProjects\fungis_bacterias_project\.venv\lib\site-packages\keras\src\engine\training.py:3000: UserWarning: You are saving your model as an HDF5 file via `model.save()`. This file format is considered legacy. We recommend using instead the native Keras format, e.g. `model.save('my_model.keras')`.
  saving_api.save_model(
2/2 [==============================] - 4s 2s/step - loss: 13.5063 - accuracy: 0.1833 - val_loss: 11.1829 - val_accuracy: 0.2000 - lr: 5.0000e-04

Epoch 2: LearningRateScheduler setting learning rate to 0.0005000000237487257.
Epoch 2/25
2/2 [==============================] - 2s 2s/step - loss: 10.6714 - accuracy: 0.2000 - val_loss: 9.0596 - val_accuracy: 0.2000 - lr: 5.0000e-04

Epoch 3: LearningRateScheduler setting learning rate to 0.0005000000237487257.
Epoch 3/25
2/2 [==============================] - 3s 2s/step - loss: 8.6395 - accuracy: 0.2500 - val_loss: 7.5659 - val_accuracy: 0.2000 - lr: 5.0000e-04

Epoch 4: LearningRateScheduler setting learning rate to 0.0005000000237487257.
Epoch 4/25
2/2 [==============================] - 2s 2s/step - loss: 7.3770 - accuracy: 0.1500 - val_loss: 6.5622 - val_accuracy: 0.2000 - lr: 5.0000e-04

Epoch 5: LearningRateScheduler setting learning rate to 0.0005000000237487257.
Epoch 5/25
2/2 [==============================] - 3s 2s/step - loss: 6.3690 - accuracy: 0.1667 - val_loss: 5.9405 - val_accuracy: 0.2000 - lr: 5.0000e-04

Epoch 6: LearningRateScheduler setting learning rate to 0.0005000000237487257.
Epoch 6/25
2/2 [==============================] - 3s 2s/step - loss: 5.8686 - accuracy: 0.2333 - val_loss: 5.5465 - val_accuracy: 0.2000 - lr: 5.0000e-04

Epoch 7: LearningRateScheduler setting learning rate to 0.0005000000237487257.
Epoch 7/25
2/2 [==============================] - 2s 2s/step - loss: 5.4912 - accuracy: 0.2167 - val_loss: 5.2719 - val_accuracy: 0.2000 - lr: 5.0000e-04

Epoch 8: LearningRateScheduler setting learning rate to 0.0005000000237487257.
Epoch 8/25
2/2 [==============================] - 3s 2s/step - loss: 5.2366 - accuracy: 0.2333 - val_loss: 5.0445 - val_accuracy: 0.2000 - lr: 5.0000e-04

Epoch 9: LearningRateScheduler setting learning rate to 0.0005000000237487257.
Epoch 9/25
2/2 [==============================] - 3s 2s/step - loss: 5.0031 - accuracy: 0.1500 - val_loss: 4.8184 - val_accuracy: 0.2000 - lr: 5.0000e-04

Epoch 10: LearningRateScheduler setting learning rate to 0.0005000000237487257.
Epoch 10/25
2/2 [==============================] - 3s 2s/step - loss: 4.7769 - accuracy: 0.1833 - val_loss: 4.5763 - val_accuracy: 0.2000 - lr: 5.0000e-04

Epoch 11: LearningRateScheduler setting learning rate to 0.0005000000237487257.
Epoch 11/25
2/2 [==============================] - 3s 2s/step - loss: 4.5275 - accuracy: 0.1833 - val_loss: 4.3315 - val_accuracy: 0.2000 - lr: 5.0000e-04

Epoch 12: LearningRateScheduler setting learning rate to 0.0002500000118743628.
Epoch 12/25
2/2 [==============================] - 3s 2s/step - loss: 4.2908 - accuracy: 0.2167 - val_loss: 4.1985 - val_accuracy: 0.2000 - lr: 2.5000e-04

Epoch 13: LearningRateScheduler setting learning rate to 0.0001250000059371814.
Epoch 13/25
2/2 [==============================] - 2s 2s/step - loss: 4.1977 - accuracy: 0.1667 - val_loss: 4.1242 - val_accuracy: 0.2000 - lr: 1.2500e-04

Epoch 14: LearningRateScheduler setting learning rate to 6.25000029685907e-05.
Epoch 14/25
2/2 [==============================] - 3s 2s/step - loss: 4.1194 - accuracy: 0.1667 - val_loss: 4.0820 - val_accuracy: 0.2000 - lr: 6.2500e-05

Epoch 15: LearningRateScheduler setting learning rate to 3.125000148429535e-05.
Epoch 15/25
2/2 [==============================] - 2s 2s/step - loss: 4.0931 - accuracy: 0.1833 - val_loss: 4.0597 - val_accuracy: 0.2000 - lr: 3.1250e-05

Epoch 16: LearningRateScheduler setting learning rate to 1.5625000742147677e-05.
Epoch 16/25
2/2 [==============================] - 3s 2s/step - loss: 4.0692 - accuracy: 0.2167 - val_loss: 4.0473 - val_accuracy: 0.2000 - lr: 1.5625e-05

Epoch 17: LearningRateScheduler setting learning rate to 7.812500371073838e-06.
Epoch 17/25
2/2 [==============================] - 3s 2s/step - loss: 4.0504 - accuracy: 0.2000 - val_loss: 4.0409 - val_accuracy: 0.2000 - lr: 7.8125e-06

Epoch 18: LearningRateScheduler setting learning rate to 3.906250185536919e-06.
Epoch 18/25
2/2 [==============================] - 2s 1s/step - loss: 4.0627 - accuracy: 0.1333 - val_loss: 4.0377 - val_accuracy: 0.2000 - lr: 3.9063e-06

Epoch 19: LearningRateScheduler setting learning rate to 1.9531250927684596e-06.
Epoch 19/25
2/2 [==============================] - 2s 1s/step - loss: 4.0637 - accuracy: 0.1667 - val_loss: 4.0359 - val_accuracy: 0.2000 - lr: 1.9531e-06

Epoch 20: LearningRateScheduler setting learning rate to 9.765625463842298e-07.
Epoch 20/25
2/2 [==============================] - 3s 2s/step - loss: 4.0568 - accuracy: 0.1500 - val_loss: 4.0351 - val_accuracy: 0.2000 - lr: 9.7656e-07

Epoch 21: LearningRateScheduler setting learning rate to 4.882812731921149e-07.
Epoch 21/25
2/2 [==============================] - 3s 2s/step - loss: 4.0511 - accuracy: 0.2167 - val_loss: 4.0346 - val_accuracy: 0.2000 - lr: 4.8828e-07

Epoch 22: LearningRateScheduler setting learning rate to 2.4414063659605745e-07.
Epoch 22/25
2/2 [==============================] - 2s 2s/step - loss: 4.0524 - accuracy: 0.1167 - val_loss: 4.0344 - val_accuracy: 0.2000 - lr: 2.4414e-07

Epoch 23: LearningRateScheduler setting learning rate to 1.2207031829802872e-07.
Epoch 23/25
2/2 [==============================] - 2s 1s/step - loss: 4.0591 - accuracy: 0.1667 - val_loss: 4.0343 - val_accuracy: 0.2000 - lr: 1.2207e-07

Epoch 24: LearningRateScheduler setting learning rate to 6.103515914901436e-08.
Epoch 24/25
2/2 [==============================] - 2s 2s/step - loss: 4.0451 - accuracy: 0.1667 - val_loss: 4.0342 - val_accuracy: 0.2000 - lr: 6.1035e-08

Epoch 25: LearningRateScheduler setting learning rate to 3.051757957450718e-08.
Epoch 25/25
2/2 [==============================] - 2s 1s/step - loss: 4.0667 - accuracy: 0.1833 - val_loss: 4.0342 - val_accuracy: 0.2000 - lr: 3.0518e-08
1/1 [==============================] - 0s 101ms/step - loss: 4.0369 - accuracy: 0.1429
Found 60 images belonging to 6 classes.
Found 5 images belonging to 6 classes.
Found 7 images belonging to 6 classes.

Epoch 1: LearningRateScheduler setting learning rate to 0.0005000000237487257.
Epoch 1/30
2/2 [==============================] - ETA: 0s - loss: 13.6259 - accuracy: 0.1500C:\Users\tom.zbc\PycharmProjects\fungis_bacterias_project\.venv\lib\site-packages\keras\src\engine\training.py:3000: UserWarning: You are saving your model as an HDF5 file via `model.save()`. This file format is considered legacy. We recommend using instead the native Keras format, e.g. `model.save('my_model.keras')`.
  saving_api.save_model(
2/2 [==============================] - 3s 2s/step - loss: 13.6259 - accuracy: 0.1500 - val_loss: 10.9695 - val_accuracy: 0.0000e+00 - lr: 5.0000e-04

Epoch 2: LearningRateScheduler setting learning rate to 0.0005000000237487257.
Epoch 2/30
2/2 [==============================] - 2s 1s/step - loss: 10.9127 - accuracy: 0.1333 - val_loss: 8.8872 - val_accuracy: 0.6000 - lr: 5.0000e-04

Epoch 3: LearningRateScheduler setting learning rate to 0.0005000000237487257.
Epoch 3/30
2/2 [==============================] - 2s 2s/step - loss: 9.0500 - accuracy: 0.2000 - val_loss: 7.6384 - val_accuracy: 0.4000 - lr: 5.0000e-04

Epoch 4: LearningRateScheduler setting learning rate to 0.0005000000237487257.
Epoch 4/30
2/2 [==============================] - 2s 1s/step - loss: 7.5809 - accuracy: 0.1500 - val_loss: 6.7714 - val_accuracy: 0.4000 - lr: 5.0000e-04

Epoch 5: LearningRateScheduler setting learning rate to 0.0005000000237487257.
Epoch 5/30
2/2 [==============================] - 2s 1s/step - loss: 6.6510 - accuracy: 0.1667 - val_loss: 6.1906 - val_accuracy: 0.4000 - lr: 5.0000e-04

Epoch 6: LearningRateScheduler setting learning rate to 0.0005000000237487257.
Epoch 6/30
2/2 [==============================] - 2s 1s/step - loss: 6.1093 - accuracy: 0.2833 - val_loss: 5.8106 - val_accuracy: 0.4000 - lr: 5.0000e-04

Epoch 7: LearningRateScheduler setting learning rate to 0.0005000000237487257.
Epoch 7/30
2/2 [==============================] - 2s 1s/step - loss: 5.7498 - accuracy: 0.1500 - val_loss: 5.5329 - val_accuracy: 0.2000 - lr: 5.0000e-04

Epoch 8: LearningRateScheduler setting learning rate to 0.0005000000237487257.
Epoch 8/30
2/2 [==============================] - 2s 1s/step - loss: 5.4709 - accuracy: 0.1500 - val_loss: 5.2891 - val_accuracy: 0.2000 - lr: 5.0000e-04

Epoch 9: LearningRateScheduler setting learning rate to 0.0005000000237487257.
Epoch 9/30
2/2 [==============================] - 2s 1s/step - loss: 5.2135 - accuracy: 0.2833 - val_loss: 5.0404 - val_accuracy: 0.2000 - lr: 5.0000e-04

Epoch 10: LearningRateScheduler setting learning rate to 0.0005000000237487257.
Epoch 10/30
2/2 [==============================] - 2s 1s/step - loss: 4.9736 - accuracy: 0.2500 - val_loss: 4.7811 - val_accuracy: 0.4000 - lr: 5.0000e-04

Epoch 11: LearningRateScheduler setting learning rate to 0.0005000000237487257.
Epoch 11/30
2/2 [==============================] - 2s 1s/step - loss: 4.7386 - accuracy: 0.1833 - val_loss: 4.5178 - val_accuracy: 0.4000 - lr: 5.0000e-04

Epoch 12: LearningRateScheduler setting learning rate to 0.0002500000118743628.
Epoch 12/30
2/2 [==============================] - 2s 1s/step - loss: 4.4973 - accuracy: 0.2000 - val_loss: 4.3768 - val_accuracy: 0.4000 - lr: 2.5000e-04

Epoch 13: LearningRateScheduler setting learning rate to 0.0001250000059371814.
Epoch 13/30
2/2 [==============================] - 2s 1s/step - loss: 4.3574 - accuracy: 0.3000 - val_loss: 4.3033 - val_accuracy: 0.4000 - lr: 1.2500e-04

Epoch 14: LearningRateScheduler setting learning rate to 6.25000029685907e-05.
Epoch 14/30
2/2 [==============================] - 2s 1s/step - loss: 4.2804 - accuracy: 0.2333 - val_loss: 4.2618 - val_accuracy: 0.4000 - lr: 6.2500e-05

Epoch 15: LearningRateScheduler setting learning rate to 3.125000148429535e-05.
Epoch 15/30
2/2 [==============================] - 2s 1s/step - loss: 4.2425 - accuracy: 0.2667 - val_loss: 4.2393 - val_accuracy: 0.4000 - lr: 3.1250e-05

Epoch 16: LearningRateScheduler setting learning rate to 1.5625000742147677e-05.
Epoch 16/30
2/2 [==============================] - 2s 1s/step - loss: 4.2326 - accuracy: 0.3000 - val_loss: 4.2270 - val_accuracy: 0.4000 - lr: 1.5625e-05

Epoch 17: LearningRateScheduler setting learning rate to 7.812500371073838e-06.
Epoch 17/30
2/2 [==============================] - 2s 1s/step - loss: 4.2217 - accuracy: 0.2167 - val_loss: 4.2206 - val_accuracy: 0.4000 - lr: 7.8125e-06

Epoch 18: LearningRateScheduler setting learning rate to 3.906250185536919e-06.
Epoch 18/30
2/2 [==============================] - 2s 1s/step - loss: 4.2279 - accuracy: 0.3167 - val_loss: 4.2172 - val_accuracy: 0.4000 - lr: 3.9063e-06

Epoch 19: LearningRateScheduler setting learning rate to 1.9531250927684596e-06.
Epoch 19/30
2/2 [==============================] - 2s 1s/step - loss: 4.2493 - accuracy: 0.2167 - val_loss: 4.2155 - val_accuracy: 0.4000 - lr: 1.9531e-06

Epoch 20: LearningRateScheduler setting learning rate to 9.765625463842298e-07.
Epoch 20/30
2/2 [==============================] - 2s 2s/step - loss: 4.2233 - accuracy: 0.3667 - val_loss: 4.2146 - val_accuracy: 0.4000 - lr: 9.7656e-07

Epoch 21: LearningRateScheduler setting learning rate to 4.882812731921149e-07.
Epoch 21/30
2/2 [==============================] - 2s 1s/step - loss: 4.2189 - accuracy: 0.3000 - val_loss: 4.2141 - val_accuracy: 0.4000 - lr: 4.8828e-07

Epoch 22: LearningRateScheduler setting learning rate to 2.4414063659605745e-07.
Epoch 22/30
2/2 [==============================] - 2s 1s/step - loss: 4.2101 - accuracy: 0.2667 - val_loss: 4.2139 - val_accuracy: 0.4000 - lr: 2.4414e-07

Epoch 23: LearningRateScheduler setting learning rate to 1.2207031829802872e-07.
Epoch 23/30
2/2 [==============================] - 2s 2s/step - loss: 4.2486 - accuracy: 0.2167 - val_loss: 4.2138 - val_accuracy: 0.4000 - lr: 1.2207e-07

Epoch 24: LearningRateScheduler setting learning rate to 6.103515914901436e-08.
Epoch 24/30
2/2 [==============================] - 2s 2s/step - loss: 4.2037 - accuracy: 0.3000 - val_loss: 4.2137 - val_accuracy: 0.4000 - lr: 6.1035e-08

Epoch 25: LearningRateScheduler setting learning rate to 3.051757957450718e-08.
Epoch 25/30
2/2 [==============================] - 2s 1s/step - loss: 4.2142 - accuracy: 0.2333 - val_loss: 4.2137 - val_accuracy: 0.4000 - lr: 3.0518e-08

Epoch 26: LearningRateScheduler setting learning rate to 1.525878978725359e-08.
Epoch 26/30
2/2 [==============================] - 2s 1s/step - loss: 4.2211 - accuracy: 0.2500 - val_loss: 4.2137 - val_accuracy: 0.4000 - lr: 1.5259e-08

Epoch 27: LearningRateScheduler setting learning rate to 7.629394893626795e-09.
Epoch 27/30
2/2 [==============================] - 2s 1s/step - loss: 4.2210 - accuracy: 0.2667 - val_loss: 4.2136 - val_accuracy: 0.4000 - lr: 7.6294e-09

Epoch 28: LearningRateScheduler setting learning rate to 3.814697446813398e-09.
Epoch 28/30
2/2 [==============================] - 2s 1s/step - loss: 4.2331 - accuracy: 0.2167 - val_loss: 4.2136 - val_accuracy: 0.4000 - lr: 3.8147e-09

Epoch 29: LearningRateScheduler setting learning rate to 1.907348723406699e-09.
Epoch 29/30
2/2 [==============================] - 2s 1s/step - loss: 4.2284 - accuracy: 0.1833 - val_loss: 4.2136 - val_accuracy: 0.4000 - lr: 1.9073e-09

Epoch 30: LearningRateScheduler setting learning rate to 9.536743617033494e-10.
Epoch 30/30
2/2 [==============================] - 2s 1s/step - loss: 4.2397 - accuracy: 0.2000 - val_loss: 4.2136 - val_accuracy: 0.4000 - lr: 9.5367e-10
1/1 [==============================] - 0s 104ms/step - loss: 4.2392 - accuracy: 0.4286
Found 60 images belonging to 6 classes.
Found 5 images belonging to 6 classes.
Found 7 images belonging to 6 classes.

Epoch 1: LearningRateScheduler setting learning rate to 0.0005000000237487257.
Epoch 1/25
2/2 [==============================] - ETA: 0s - loss: 12.4583 - accuracy: 0.1833C:\Users\tom.zbc\PycharmProjects\fungis_bacterias_project\.venv\lib\site-packages\keras\src\engine\training.py:3000: UserWarning: You are saving your model as an HDF5 file via `model.save()`. This file format is considered legacy. We recommend using instead the native Keras format, e.g. `model.save('my_model.keras')`.
  saving_api.save_model(
2/2 [==============================] - 2s 998ms/step - loss: 12.4583 - accuracy: 0.1833 - val_loss: 11.1143 - val_accuracy: 0.2000 - lr: 5.0000e-04

Epoch 2: LearningRateScheduler setting learning rate to 0.0005000000237487257.
Epoch 2/25
2/2 [==============================] - 1s 879ms/step - loss: 10.7458 - accuracy: 0.1500 - val_loss: 9.5391 - val_accuracy: 0.0000e+00 - lr: 5.0000e-04

Epoch 3: LearningRateScheduler setting learning rate to 0.0005000000237487257.
Epoch 3/25
2/2 [==============================] - 1s 889ms/step - loss: 9.1799 - accuracy: 0.2167 - val_loss: 8.0437 - val_accuracy: 0.2000 - lr: 5.0000e-04

Epoch 4: LearningRateScheduler setting learning rate to 0.0005000000237487257.
Epoch 4/25
2/2 [==============================] - 1s 797ms/step - loss: 8.1429 - accuracy: 0.1667 - val_loss: 7.1153 - val_accuracy: 0.6000 - lr: 5.0000e-04

Epoch 5: LearningRateScheduler setting learning rate to 0.0005000000237487257.
Epoch 5/25
2/2 [==============================] - 1s 917ms/step - loss: 7.1824 - accuracy: 0.1667 - val_loss: 6.5035 - val_accuracy: 0.6000 - lr: 5.0000e-04

Epoch 6: LearningRateScheduler setting learning rate to 0.0005000000237487257.
Epoch 6/25
2/2 [==============================] - 1s 867ms/step - loss: 6.5748 - accuracy: 0.2500 - val_loss: 6.0739 - val_accuracy: 0.4000 - lr: 5.0000e-04

Epoch 7: LearningRateScheduler setting learning rate to 0.0005000000237487257.
Epoch 7/25
2/2 [==============================] - 2s 934ms/step - loss: 6.0680 - accuracy: 0.2000 - val_loss: 5.7259 - val_accuracy: 0.4000 - lr: 5.0000e-04

Epoch 8: LearningRateScheduler setting learning rate to 0.0005000000237487257.
Epoch 8/25
2/2 [==============================] - 1s 932ms/step - loss: 5.6594 - accuracy: 0.1333 - val_loss: 5.4448 - val_accuracy: 0.2000 - lr: 5.0000e-04

Epoch 9: LearningRateScheduler setting learning rate to 0.0005000000237487257.
Epoch 9/25
2/2 [==============================] - 1s 746ms/step - loss: 5.3778 - accuracy: 0.2833 - val_loss: 5.2105 - val_accuracy: 0.0000e+00 - lr: 5.0000e-04

Epoch 10: LearningRateScheduler setting learning rate to 0.0005000000237487257.
Epoch 10/25
2/2 [==============================] - 1s 777ms/step - loss: 5.1401 - accuracy: 0.2500 - val_loss: 5.0187 - val_accuracy: 0.2000 - lr: 5.0000e-04

Epoch 11: LearningRateScheduler setting learning rate to 0.0005000000237487257.
Epoch 11/25
2/2 [==============================] - 1s 800ms/step - loss: 4.9479 - accuracy: 0.2667 - val_loss: 4.8271 - val_accuracy: 0.2000 - lr: 5.0000e-04

Epoch 12: LearningRateScheduler setting learning rate to 0.0002500000118743628.
Epoch 12/25
2/2 [==============================] - 1s 769ms/step - loss: 4.7716 - accuracy: 0.1667 - val_loss: 4.7297 - val_accuracy: 0.2000 - lr: 2.5000e-04

Epoch 13: LearningRateScheduler setting learning rate to 0.0001250000059371814.
Epoch 13/25
2/2 [==============================] - 1s 834ms/step - loss: 4.6663 - accuracy: 0.2500 - val_loss: 4.6740 - val_accuracy: 0.2000 - lr: 1.2500e-04

Epoch 14: LearningRateScheduler setting learning rate to 6.25000029685907e-05.
Epoch 14/25
2/2 [==============================] - 1s 888ms/step - loss: 4.6559 - accuracy: 0.1667 - val_loss: 4.6423 - val_accuracy: 0.2000 - lr: 6.2500e-05

Epoch 15: LearningRateScheduler setting learning rate to 3.125000148429535e-05.
Epoch 15/25
2/2 [==============================] - 1s 814ms/step - loss: 4.6122 - accuracy: 0.2167 - val_loss: 4.6251 - val_accuracy: 0.2000 - lr: 3.1250e-05

Epoch 16: LearningRateScheduler setting learning rate to 1.5625000742147677e-05.
Epoch 16/25
2/2 [==============================] - 1s 784ms/step - loss: 4.5884 - accuracy: 0.1833 - val_loss: 4.6161 - val_accuracy: 0.2000 - lr: 1.5625e-05

Epoch 17: LearningRateScheduler setting learning rate to 7.812500371073838e-06.
Epoch 17/25
2/2 [==============================] - 1s 781ms/step - loss: 4.5892 - accuracy: 0.2333 - val_loss: 4.6113 - val_accuracy: 0.2000 - lr: 7.8125e-06

Epoch 18: LearningRateScheduler setting learning rate to 3.906250185536919e-06.
Epoch 18/25
2/2 [==============================] - 1s 772ms/step - loss: 4.5907 - accuracy: 0.2000 - val_loss: 4.6087 - val_accuracy: 0.2000 - lr: 3.9063e-06

Epoch 19: LearningRateScheduler setting learning rate to 1.9531250927684596e-06.
Epoch 19/25
2/2 [==============================] - 1s 842ms/step - loss: 4.5767 - accuracy: 0.2833 - val_loss: 4.6074 - val_accuracy: 0.2000 - lr: 1.9531e-06

Epoch 20: LearningRateScheduler setting learning rate to 9.765625463842298e-07.
Epoch 20/25
2/2 [==============================] - 1s 762ms/step - loss: 4.5829 - accuracy: 0.2000 - val_loss: 4.6067 - val_accuracy: 0.2000 - lr: 9.7656e-07

Epoch 21: LearningRateScheduler setting learning rate to 4.882812731921149e-07.
Epoch 21/25
2/2 [==============================] - 1s 813ms/step - loss: 4.5682 - accuracy: 0.2333 - val_loss: 4.6063 - val_accuracy: 0.2000 - lr: 4.8828e-07

Epoch 22: LearningRateScheduler setting learning rate to 2.4414063659605745e-07.
Epoch 22/25
2/2 [==============================] - 1s 758ms/step - loss: 4.5712 - accuracy: 0.2500 - val_loss: 4.6062 - val_accuracy: 0.2000 - lr: 2.4414e-07

Epoch 23: LearningRateScheduler setting learning rate to 1.2207031829802872e-07.
Epoch 23/25
2/2 [==============================] - 1s 834ms/step - loss: 4.5900 - accuracy: 0.2500 - val_loss: 4.6061 - val_accuracy: 0.2000 - lr: 1.2207e-07

Epoch 24: LearningRateScheduler setting learning rate to 6.103515914901436e-08.
Epoch 24/25
2/2 [==============================] - 1s 830ms/step - loss: 4.5844 - accuracy: 0.1500 - val_loss: 4.6060 - val_accuracy: 0.2000 - lr: 6.1035e-08

Epoch 25: LearningRateScheduler setting learning rate to 3.051757957450718e-08.
Epoch 25/25
2/2 [==============================] - 2s 1s/step - loss: 4.5971 - accuracy: 0.2000 - val_loss: 4.6060 - val_accuracy: 0.2000 - lr: 3.0518e-08
1/1 [==============================] - 0s 117ms/step - loss: 4.6126 - accuracy: 0.1429
Found 60 images belonging to 6 classes.
Found 5 images belonging to 6 classes.
Found 7 images belonging to 6 classes.

Epoch 1: LearningRateScheduler setting learning rate to 0.0005000000237487257.
Epoch 1/30
2/2 [==============================] - ETA: 0s - loss: 12.4127 - accuracy: 0.1667C:\Users\tom.zbc\PycharmProjects\fungis_bacterias_project\.venv\lib\site-packages\keras\src\engine\training.py:3000: UserWarning: You are saving your model as an HDF5 file via `model.save()`. This file format is considered legacy. We recommend using instead the native Keras format, e.g. `model.save('my_model.keras')`.
  saving_api.save_model(
2/2 [==============================] - 3s 2s/step - loss: 12.4127 - accuracy: 0.1667 - val_loss: 10.7127 - val_accuracy: 0.2000 - lr: 5.0000e-04

Epoch 2: LearningRateScheduler setting learning rate to 0.0005000000237487257.
Epoch 2/30
2/2 [==============================] - 2s 1s/step - loss: 10.4281 - accuracy: 0.0667 - val_loss: 9.0445 - val_accuracy: 0.2000 - lr: 5.0000e-04

Epoch 3: LearningRateScheduler setting learning rate to 0.0005000000237487257.
Epoch 3/30
2/2 [==============================] - 2s 1s/step - loss: 8.6615 - accuracy: 0.1333 - val_loss: 7.7145 - val_accuracy: 0.2000 - lr: 5.0000e-04

Epoch 4: LearningRateScheduler setting learning rate to 0.0005000000237487257.
Epoch 4/30
2/2 [==============================] - 2s 1s/step - loss: 7.3576 - accuracy: 0.3000 - val_loss: 6.6878 - val_accuracy: 0.0000e+00 - lr: 5.0000e-04

Epoch 5: LearningRateScheduler setting learning rate to 0.0005000000237487257.
Epoch 5/30
2/2 [==============================] - 2s 1s/step - loss: 6.4403 - accuracy: 0.1667 - val_loss: 5.9275 - val_accuracy: 0.2000 - lr: 5.0000e-04

Epoch 6: LearningRateScheduler setting learning rate to 0.0005000000237487257.
Epoch 6/30
2/2 [==============================] - 2s 1s/step - loss: 5.7602 - accuracy: 0.1500 - val_loss: 5.3805 - val_accuracy: 0.2000 - lr: 5.0000e-04

Epoch 7: LearningRateScheduler setting learning rate to 0.0005000000237487257.
Epoch 7/30
2/2 [==============================] - 2s 1s/step - loss: 5.2542 - accuracy: 0.2833 - val_loss: 4.9913 - val_accuracy: 0.2000 - lr: 5.0000e-04

Epoch 8: LearningRateScheduler setting learning rate to 0.0005000000237487257.
Epoch 8/30
2/2 [==============================] - 2s 1s/step - loss: 4.8977 - accuracy: 0.2500 - val_loss: 4.7047 - val_accuracy: 0.2000 - lr: 5.0000e-04

Epoch 9: LearningRateScheduler setting learning rate to 0.0005000000237487257.
Epoch 9/30
2/2 [==============================] - 2s 1s/step - loss: 4.6486 - accuracy: 0.2167 - val_loss: 4.4900 - val_accuracy: 0.2000 - lr: 5.0000e-04

Epoch 10: LearningRateScheduler setting learning rate to 0.0005000000237487257.
Epoch 10/30
2/2 [==============================] - 2s 1s/step - loss: 4.4523 - accuracy: 0.2167 - val_loss: 4.3170 - val_accuracy: 0.2000 - lr: 5.0000e-04

Epoch 11: LearningRateScheduler setting learning rate to 0.0005000000237487257.
Epoch 11/30
2/2 [==============================] - 2s 1s/step - loss: 4.2959 - accuracy: 0.1500 - val_loss: 4.1703 - val_accuracy: 0.2000 - lr: 5.0000e-04

Epoch 12: LearningRateScheduler setting learning rate to 0.0002500000118743628.
Epoch 12/30
2/2 [==============================] - 2s 1s/step - loss: 4.1378 - accuracy: 0.2833 - val_loss: 4.0885 - val_accuracy: 0.2000 - lr: 2.5000e-04

Epoch 13: LearningRateScheduler setting learning rate to 0.0001250000059371814.
Epoch 13/30
2/2 [==============================] - 2s 1s/step - loss: 4.0525 - accuracy: 0.3000 - val_loss: 4.0420 - val_accuracy: 0.2000 - lr: 1.2500e-04

Epoch 14: LearningRateScheduler setting learning rate to 6.25000029685907e-05.
Epoch 14/30
2/2 [==============================] - 2s 1s/step - loss: 4.0045 - accuracy: 0.2667 - val_loss: 4.0153 - val_accuracy: 0.2000 - lr: 6.2500e-05

Epoch 15: LearningRateScheduler setting learning rate to 3.125000148429535e-05.
Epoch 15/30
2/2 [==============================] - 2s 1s/step - loss: 3.9783 - accuracy: 0.2500 - val_loss: 4.0011 - val_accuracy: 0.2000 - lr: 3.1250e-05

Epoch 16: LearningRateScheduler setting learning rate to 1.5625000742147677e-05.
Epoch 16/30
2/2 [==============================] - 2s 1s/step - loss: 3.9905 - accuracy: 0.2500 - val_loss: 3.9934 - val_accuracy: 0.2000 - lr: 1.5625e-05

Epoch 17: LearningRateScheduler setting learning rate to 7.812500371073838e-06.
Epoch 17/30
2/2 [==============================] - 2s 1s/step - loss: 4.0087 - accuracy: 0.2667 - val_loss: 3.9892 - val_accuracy: 0.2000 - lr: 7.8125e-06

Epoch 18: LearningRateScheduler setting learning rate to 3.906250185536919e-06.
Epoch 18/30
2/2 [==============================] - 2s 1s/step - loss: 3.9755 - accuracy: 0.1833 - val_loss: 3.9869 - val_accuracy: 0.2000 - lr: 3.9063e-06

Epoch 19: LearningRateScheduler setting learning rate to 1.9531250927684596e-06.
Epoch 19/30
2/2 [==============================] - 2s 1s/step - loss: 3.9590 - accuracy: 0.3167 - val_loss: 3.9857 - val_accuracy: 0.2000 - lr: 1.9531e-06

Epoch 20: LearningRateScheduler setting learning rate to 9.765625463842298e-07.
Epoch 20/30
2/2 [==============================] - 2s 1s/step - loss: 3.9737 - accuracy: 0.2833 - val_loss: 3.9851 - val_accuracy: 0.2000 - lr: 9.7656e-07

Epoch 21: LearningRateScheduler setting learning rate to 4.882812731921149e-07.
Epoch 21/30
2/2 [==============================] - 2s 1s/step - loss: 3.9560 - accuracy: 0.3500 - val_loss: 3.9847 - val_accuracy: 0.2000 - lr: 4.8828e-07

Epoch 22: LearningRateScheduler setting learning rate to 2.4414063659605745e-07.
Epoch 22/30
2/2 [==============================] - 2s 1s/step - loss: 3.9676 - accuracy: 0.2500 - val_loss: 3.9846 - val_accuracy: 0.2000 - lr: 2.4414e-07

Epoch 23: LearningRateScheduler setting learning rate to 1.2207031829802872e-07.
Epoch 23/30
2/2 [==============================] - 2s 1s/step - loss: 3.9756 - accuracy: 0.2667 - val_loss: 3.9845 - val_accuracy: 0.2000 - lr: 1.2207e-07

Epoch 24: LearningRateScheduler setting learning rate to 6.103515914901436e-08.
Epoch 24/30
2/2 [==============================] - 2s 1s/step - loss: 3.9660 - accuracy: 0.2667 - val_loss: 3.9844 - val_accuracy: 0.2000 - lr: 6.1035e-08

Epoch 25: LearningRateScheduler setting learning rate to 3.051757957450718e-08.
Epoch 25/30
2/2 [==============================] - 2s 1s/step - loss: 3.9702 - accuracy: 0.2500 - val_loss: 3.9844 - val_accuracy: 0.2000 - lr: 3.0518e-08

Epoch 26: LearningRateScheduler setting learning rate to 1.525878978725359e-08.
Epoch 26/30
2/2 [==============================] - 2s 1s/step - loss: 3.9963 - accuracy: 0.2333 - val_loss: 3.9844 - val_accuracy: 0.2000 - lr: 1.5259e-08

Epoch 27: LearningRateScheduler setting learning rate to 7.629394893626795e-09.
Epoch 27/30
2/2 [==============================] - 2s 1s/step - loss: 3.9846 - accuracy: 0.2167 - val_loss: 3.9844 - val_accuracy: 0.2000 - lr: 7.6294e-09

Epoch 28: LearningRateScheduler setting learning rate to 3.814697446813398e-09.
Epoch 28/30
2/2 [==============================] - 2s 1s/step - loss: 3.9895 - accuracy: 0.2667 - val_loss: 3.9844 - val_accuracy: 0.2000 - lr: 3.8147e-09

Epoch 29: LearningRateScheduler setting learning rate to 1.907348723406699e-09.
Epoch 29/30
2/2 [==============================] - 1s 867ms/step - loss: 3.9875 - accuracy: 0.2167 - val_loss: 3.9844 - val_accuracy: 0.2000 - lr: 1.9073e-09

Epoch 30: LearningRateScheduler setting learning rate to 9.536743617033494e-10.
Epoch 30/30
2/2 [==============================] - 2s 1s/step - loss: 3.9608 - accuracy: 0.2167 - val_loss: 3.9844 - val_accuracy: 0.2000 - lr: 9.5367e-10
1/1 [==============================] - 0s 94ms/step - loss: 3.9560 - accuracy: 0.1429
Found 60 images belonging to 6 classes.
Found 5 images belonging to 6 classes.
Found 7 images belonging to 6 classes.

Epoch 1: LearningRateScheduler setting learning rate to 0.0005000000237487257.
Epoch 1/25
2/2 [==============================] - ETA: 0s - loss: 12.4037 - accuracy: 0.1500C:\Users\tom.zbc\PycharmProjects\fungis_bacterias_project\.venv\lib\site-packages\keras\src\engine\training.py:3000: UserWarning: You are saving your model as an HDF5 file via `model.save()`. This file format is considered legacy. We recommend using instead the native Keras format, e.g. `model.save('my_model.keras')`.
  saving_api.save_model(
2/2 [==============================] - 2s 1s/step - loss: 12.4037 - accuracy: 0.1500 - val_loss: 10.8242 - val_accuracy: 0.2000 - lr: 5.0000e-04

Epoch 2: LearningRateScheduler setting learning rate to 0.0005000000237487257.
Epoch 2/25
2/2 [==============================] - 1s 821ms/step - loss: 10.5356 - accuracy: 0.1167 - val_loss: 9.0037 - val_accuracy: 0.4000 - lr: 5.0000e-04

Epoch 3: LearningRateScheduler setting learning rate to 0.0005000000237487257.
Epoch 3/25
2/2 [==============================] - 1s 856ms/step - loss: 9.0625 - accuracy: 0.2000 - val_loss: 7.7439 - val_accuracy: 0.4000 - lr: 5.0000e-04

Epoch 4: LearningRateScheduler setting learning rate to 0.0005000000237487257.
Epoch 4/25
2/2 [==============================] - 1s 924ms/step - loss: 7.7595 - accuracy: 0.1667 - val_loss: 6.8503 - val_accuracy: 0.4000 - lr: 5.0000e-04

Epoch 5: LearningRateScheduler setting learning rate to 0.0005000000237487257.
Epoch 5/25
2/2 [==============================] - 1s 900ms/step - loss: 6.8241 - accuracy: 0.2167 - val_loss: 6.1691 - val_accuracy: 0.4000 - lr: 5.0000e-04

Epoch 6: LearningRateScheduler setting learning rate to 0.0005000000237487257.
Epoch 6/25
2/2 [==============================] - 1s 754ms/step - loss: 6.1241 - accuracy: 0.2500 - val_loss: 5.6488 - val_accuracy: 0.2000 - lr: 5.0000e-04

Epoch 7: LearningRateScheduler setting learning rate to 0.0005000000237487257.
Epoch 7/25
2/2 [==============================] - 1s 744ms/step - loss: 5.6270 - accuracy: 0.1500 - val_loss: 5.2469 - val_accuracy: 0.2000 - lr: 5.0000e-04

Epoch 8: LearningRateScheduler setting learning rate to 0.0005000000237487257.
Epoch 8/25
2/2 [==============================] - 1s 758ms/step - loss: 5.2091 - accuracy: 0.1667 - val_loss: 4.9314 - val_accuracy: 0.2000 - lr: 5.0000e-04

Epoch 9: LearningRateScheduler setting learning rate to 0.0005000000237487257.
Epoch 9/25
2/2 [==============================] - 1s 976ms/step - loss: 4.8960 - accuracy: 0.1000 - val_loss: 4.6657 - val_accuracy: 0.2000 - lr: 5.0000e-04

Epoch 10: LearningRateScheduler setting learning rate to 0.0005000000237487257.
Epoch 10/25
2/2 [==============================] - 1s 928ms/step - loss: 4.6413 - accuracy: 0.1833 - val_loss: 4.4241 - val_accuracy: 0.2000 - lr: 5.0000e-04

Epoch 11: LearningRateScheduler setting learning rate to 0.0005000000237487257.
Epoch 11/25
2/2 [==============================] - 1s 953ms/step - loss: 4.4202 - accuracy: 0.2167 - val_loss: 4.2229 - val_accuracy: 0.4000 - lr: 5.0000e-04

Epoch 12: LearningRateScheduler setting learning rate to 0.0002500000118743628.
Epoch 12/25
2/2 [==============================] - 1s 734ms/step - loss: 4.2553 - accuracy: 0.2667 - val_loss: 4.1210 - val_accuracy: 0.4000 - lr: 2.5000e-04

Epoch 13: LearningRateScheduler setting learning rate to 0.0001250000059371814.
Epoch 13/25
2/2 [==============================] - 1s 855ms/step - loss: 4.1844 - accuracy: 0.2167 - val_loss: 4.0692 - val_accuracy: 0.4000 - lr: 1.2500e-04

Epoch 14: LearningRateScheduler setting learning rate to 6.25000029685907e-05.
Epoch 14/25
2/2 [==============================] - 1s 1s/step - loss: 4.1561 - accuracy: 0.1500 - val_loss: 4.0421 - val_accuracy: 0.4000 - lr: 6.2500e-05

Epoch 15: LearningRateScheduler setting learning rate to 3.125000148429535e-05.
Epoch 15/25
2/2 [==============================] - 1s 724ms/step - loss: 4.1489 - accuracy: 0.1333 - val_loss: 4.0282 - val_accuracy: 0.4000 - lr: 3.1250e-05

Epoch 16: LearningRateScheduler setting learning rate to 1.5625000742147677e-05.
Epoch 16/25
2/2 [==============================] - 1s 799ms/step - loss: 4.1104 - accuracy: 0.1333 - val_loss: 4.0206 - val_accuracy: 0.4000 - lr: 1.5625e-05

Epoch 17: LearningRateScheduler setting learning rate to 7.812500371073838e-06.
Epoch 17/25
2/2 [==============================] - 1s 774ms/step - loss: 4.1371 - accuracy: 0.1000 - val_loss: 4.0167 - val_accuracy: 0.4000 - lr: 7.8125e-06

Epoch 18: LearningRateScheduler setting learning rate to 3.906250185536919e-06.
Epoch 18/25
2/2 [==============================] - 1s 868ms/step - loss: 4.0746 - accuracy: 0.1833 - val_loss: 4.0147 - val_accuracy: 0.4000 - lr: 3.9063e-06

Epoch 19: LearningRateScheduler setting learning rate to 1.9531250927684596e-06.
Epoch 19/25
2/2 [==============================] - 1s 820ms/step - loss: 4.0780 - accuracy: 0.2000 - val_loss: 4.0135 - val_accuracy: 0.4000 - lr: 1.9531e-06

Epoch 20: LearningRateScheduler setting learning rate to 9.765625463842298e-07.
Epoch 20/25
2/2 [==============================] - 1s 809ms/step - loss: 4.0872 - accuracy: 0.2333 - val_loss: 4.0130 - val_accuracy: 0.4000 - lr: 9.7656e-07

Epoch 21: LearningRateScheduler setting learning rate to 4.882812731921149e-07.
Epoch 21/25
2/2 [==============================] - 1s 850ms/step - loss: 4.0950 - accuracy: 0.1667 - val_loss: 4.0127 - val_accuracy: 0.4000 - lr: 4.8828e-07

Epoch 22: LearningRateScheduler setting learning rate to 2.4414063659605745e-07.
Epoch 22/25
2/2 [==============================] - 1s 757ms/step - loss: 4.0789 - accuracy: 0.2333 - val_loss: 4.0125 - val_accuracy: 0.4000 - lr: 2.4414e-07

Epoch 23: LearningRateScheduler setting learning rate to 1.2207031829802872e-07.
Epoch 23/25
2/2 [==============================] - 1s 853ms/step - loss: 4.0825 - accuracy: 0.1833 - val_loss: 4.0124 - val_accuracy: 0.4000 - lr: 1.2207e-07

Epoch 24: LearningRateScheduler setting learning rate to 6.103515914901436e-08.
Epoch 24/25
2/2 [==============================] - 1s 863ms/step - loss: 4.0616 - accuracy: 0.1667 - val_loss: 4.0124 - val_accuracy: 0.4000 - lr: 6.1035e-08

Epoch 25: LearningRateScheduler setting learning rate to 3.051757957450718e-08.
Epoch 25/25
2/2 [==============================] - 1s 786ms/step - loss: 4.0828 - accuracy: 0.1667 - val_loss: 4.0124 - val_accuracy: 0.4000 - lr: 3.0518e-08
1/1 [==============================] - 0s 91ms/step - loss: 4.0023 - accuracy: 0.4286
Found 60 images belonging to 6 classes.
Found 5 images belonging to 6 classes.
Found 7 images belonging to 6 classes.

Epoch 1: LearningRateScheduler setting learning rate to 0.0005000000237487257.
Epoch 1/30
2/2 [==============================] - ETA: 0s - loss: 12.7501 - accuracy: 0.1333C:\Users\tom.zbc\PycharmProjects\fungis_bacterias_project\.venv\lib\site-packages\keras\src\engine\training.py:3000: UserWarning: You are saving your model as an HDF5 file via `model.save()`. This file format is considered legacy. We recommend using instead the native Keras format, e.g. `model.save('my_model.keras')`.
  saving_api.save_model(
2/2 [==============================] - 2s 935ms/step - loss: 12.7501 - accuracy: 0.1333 - val_loss: 11.0920 - val_accuracy: 0.0000e+00 - lr: 5.0000e-04

Epoch 2: LearningRateScheduler setting learning rate to 0.0005000000237487257.
Epoch 2/30
2/2 [==============================] - 1s 750ms/step - loss: 10.6651 - accuracy: 0.1833 - val_loss: 9.2460 - val_accuracy: 0.2000 - lr: 5.0000e-04

Epoch 3: LearningRateScheduler setting learning rate to 0.0005000000237487257.
Epoch 3/30
2/2 [==============================] - 1s 953ms/step - loss: 9.2953 - accuracy: 0.1833 - val_loss: 7.9894 - val_accuracy: 0.2000 - lr: 5.0000e-04

Epoch 4: LearningRateScheduler setting learning rate to 0.0005000000237487257.
Epoch 4/30
2/2 [==============================] - 1s 940ms/step - loss: 8.1205 - accuracy: 0.2167 - val_loss: 7.2349 - val_accuracy: 0.0000e+00 - lr: 5.0000e-04

Epoch 5: LearningRateScheduler setting learning rate to 0.0005000000237487257.
Epoch 5/30
2/2 [==============================] - 1s 755ms/step - loss: 7.1051 - accuracy: 0.2333 - val_loss: 6.6092 - val_accuracy: 0.2000 - lr: 5.0000e-04

Epoch 6: LearningRateScheduler setting learning rate to 0.0005000000237487257.
Epoch 6/30
2/2 [==============================] - 1s 892ms/step - loss: 6.5183 - accuracy: 0.1500 - val_loss: 6.1218 - val_accuracy: 0.0000e+00 - lr: 5.0000e-04

Epoch 7: LearningRateScheduler setting learning rate to 0.0005000000237487257.
Epoch 7/30
2/2 [==============================] - 1s 805ms/step - loss: 6.0021 - accuracy: 0.2333 - val_loss: 5.7433 - val_accuracy: 0.0000e+00 - lr: 5.0000e-04

Epoch 8: LearningRateScheduler setting learning rate to 0.0005000000237487257.
Epoch 8/30
2/2 [==============================] - 1s 954ms/step - loss: 5.6525 - accuracy: 0.2667 - val_loss: 5.4502 - val_accuracy: 0.0000e+00 - lr: 5.0000e-04

Epoch 9: LearningRateScheduler setting learning rate to 0.0005000000237487257.
Epoch 9/30
2/2 [==============================] - 1s 779ms/step - loss: 5.3882 - accuracy: 0.2000 - val_loss: 5.2082 - val_accuracy: 0.2000 - lr: 5.0000e-04

Epoch 10: LearningRateScheduler setting learning rate to 0.0005000000237487257.
Epoch 10/30
2/2 [==============================] - 1s 1s/step - loss: 5.1184 - accuracy: 0.2667 - val_loss: 4.9968 - val_accuracy: 0.2000 - lr: 5.0000e-04

Epoch 11: LearningRateScheduler setting learning rate to 0.0005000000237487257.
Epoch 11/30
2/2 [==============================] - 1s 854ms/step - loss: 4.9307 - accuracy: 0.1500 - val_loss: 4.7981 - val_accuracy: 0.2000 - lr: 5.0000e-04

Epoch 12: LearningRateScheduler setting learning rate to 0.0002500000118743628.
Epoch 12/30
2/2 [==============================] - 1s 840ms/step - loss: 4.7618 - accuracy: 0.2000 - val_loss: 4.6958 - val_accuracy: 0.2000 - lr: 2.5000e-04

Epoch 13: LearningRateScheduler setting learning rate to 0.0001250000059371814.
Epoch 13/30
2/2 [==============================] - 1s 763ms/step - loss: 4.6887 - accuracy: 0.1833 - val_loss: 4.6383 - val_accuracy: 0.2000 - lr: 1.2500e-04

Epoch 14: LearningRateScheduler setting learning rate to 6.25000029685907e-05.
Epoch 14/30
2/2 [==============================] - 1s 762ms/step - loss: 4.6010 - accuracy: 0.2833 - val_loss: 4.6063 - val_accuracy: 0.2000 - lr: 6.2500e-05

Epoch 15: LearningRateScheduler setting learning rate to 3.125000148429535e-05.
Epoch 15/30
2/2 [==============================] - 1s 772ms/step - loss: 4.5884 - accuracy: 0.2833 - val_loss: 4.5887 - val_accuracy: 0.2000 - lr: 3.1250e-05

Epoch 16: LearningRateScheduler setting learning rate to 1.5625000742147677e-05.
Epoch 16/30
2/2 [==============================] - 2s 965ms/step - loss: 4.5718 - accuracy: 0.2333 - val_loss: 4.5795 - val_accuracy: 0.2000 - lr: 1.5625e-05

Epoch 17: LearningRateScheduler setting learning rate to 7.812500371073838e-06.
Epoch 17/30
2/2 [==============================] - 1s 782ms/step - loss: 4.5632 - accuracy: 0.2333 - val_loss: 4.5746 - val_accuracy: 0.2000 - lr: 7.8125e-06

Epoch 18: LearningRateScheduler setting learning rate to 3.906250185536919e-06.
Epoch 18/30
2/2 [==============================] - 1s 796ms/step - loss: 4.5660 - accuracy: 0.2000 - val_loss: 4.5720 - val_accuracy: 0.2000 - lr: 3.9063e-06

Epoch 19: LearningRateScheduler setting learning rate to 1.9531250927684596e-06.
Epoch 19/30
2/2 [==============================] - 1s 899ms/step - loss: 4.5590 - accuracy: 0.2833 - val_loss: 4.5707 - val_accuracy: 0.2000 - lr: 1.9531e-06

Epoch 20: LearningRateScheduler setting learning rate to 9.765625463842298e-07.
Epoch 20/30
2/2 [==============================] - 1s 806ms/step - loss: 4.5642 - accuracy: 0.2667 - val_loss: 4.5700 - val_accuracy: 0.2000 - lr: 9.7656e-07

Epoch 21: LearningRateScheduler setting learning rate to 4.882812731921149e-07.
Epoch 21/30
2/2 [==============================] - 1s 790ms/step - loss: 4.5719 - accuracy: 0.2000 - val_loss: 4.5697 - val_accuracy: 0.2000 - lr: 4.8828e-07

Epoch 22: LearningRateScheduler setting learning rate to 2.4414063659605745e-07.
Epoch 22/30
2/2 [==============================] - 1s 757ms/step - loss: 4.5597 - accuracy: 0.2333 - val_loss: 4.5695 - val_accuracy: 0.2000 - lr: 2.4414e-07

Epoch 23: LearningRateScheduler setting learning rate to 1.2207031829802872e-07.
Epoch 23/30
2/2 [==============================] - 1s 846ms/step - loss: 4.5587 - accuracy: 0.2500 - val_loss: 4.5694 - val_accuracy: 0.2000 - lr: 1.2207e-07

Epoch 24: LearningRateScheduler setting learning rate to 6.103515914901436e-08.
Epoch 24/30
2/2 [==============================] - 1s 772ms/step - loss: 4.5720 - accuracy: 0.1667 - val_loss: 4.5693 - val_accuracy: 0.2000 - lr: 6.1035e-08

Epoch 25: LearningRateScheduler setting learning rate to 3.051757957450718e-08.
Epoch 25/30
2/2 [==============================] - 1s 827ms/step - loss: 4.5806 - accuracy: 0.2667 - val_loss: 4.5693 - val_accuracy: 0.2000 - lr: 3.0518e-08

Epoch 26: LearningRateScheduler setting learning rate to 1.525878978725359e-08.
Epoch 26/30
2/2 [==============================] - 1s 795ms/step - loss: 4.5569 - accuracy: 0.2500 - val_loss: 4.5693 - val_accuracy: 0.2000 - lr: 1.5259e-08

Epoch 27: LearningRateScheduler setting learning rate to 7.629394893626795e-09.
Epoch 27/30
2/2 [==============================] - 1s 800ms/step - loss: 4.5697 - accuracy: 0.2833 - val_loss: 4.5693 - val_accuracy: 0.2000 - lr: 7.6294e-09

Epoch 28: LearningRateScheduler setting learning rate to 3.814697446813398e-09.
Epoch 28/30
2/2 [==============================] - 1s 772ms/step - loss: 4.5752 - accuracy: 0.2333 - val_loss: 4.5693 - val_accuracy: 0.2000 - lr: 3.8147e-09

Epoch 29: LearningRateScheduler setting learning rate to 1.907348723406699e-09.
Epoch 29/30
2/2 [==============================] - 1s 872ms/step - loss: 4.5712 - accuracy: 0.2500 - val_loss: 4.5693 - val_accuracy: 0.2000 - lr: 1.9073e-09

Epoch 30: LearningRateScheduler setting learning rate to 9.536743617033494e-10.
Epoch 30/30
2/2 [==============================] - 1s 814ms/step - loss: 4.5843 - accuracy: 0.2333 - val_loss: 4.5693 - val_accuracy: 0.2000 - lr: 9.5367e-10
1/1 [==============================] - 0s 87ms/step - loss: 4.5527 - accuracy: 0.1429
Found 60 images belonging to 6 classes.
Found 5 images belonging to 6 classes.
Found 7 images belonging to 6 classes.

Epoch 1: LearningRateScheduler setting learning rate to 0.0005000000237487257.
Epoch 1/25
2/2 [==============================] - ETA: 0s - loss: 12.7728 - accuracy: 0.1833C:\Users\tom.zbc\PycharmProjects\fungis_bacterias_project\.venv\lib\site-packages\keras\src\engine\training.py:3000: UserWarning: You are saving your model as an HDF5 file via `model.save()`. This file format is considered legacy. We recommend using instead the native Keras format, e.g. `model.save('my_model.keras')`.
  saving_api.save_model(
2/2 [==============================] - 2s 954ms/step - loss: 12.7728 - accuracy: 0.1833 - val_loss: 11.2326 - val_accuracy: 0.2000 - lr: 5.0000e-04

Epoch 2: LearningRateScheduler setting learning rate to 0.0005000000237487257.
Epoch 2/25
2/2 [==============================] - 1s 764ms/step - loss: 10.5582 - accuracy: 0.2167 - val_loss: 9.8850 - val_accuracy: 0.0000e+00 - lr: 5.0000e-04

Epoch 3: LearningRateScheduler setting learning rate to 0.0005000000237487257.
Epoch 3/25
2/2 [==============================] - 1s 761ms/step - loss: 9.2495 - accuracy: 0.1667 - val_loss: 8.2606 - val_accuracy: 0.0000e+00 - lr: 5.0000e-04

Epoch 4: LearningRateScheduler setting learning rate to 0.0005000000237487257.
Epoch 4/25
2/2 [==============================] - 1s 897ms/step - loss: 8.0398 - accuracy: 0.1833 - val_loss: 7.1246 - val_accuracy: 0.2000 - lr: 5.0000e-04

Epoch 5: LearningRateScheduler setting learning rate to 0.0005000000237487257.
Epoch 5/25
2/2 [==============================] - 1s 861ms/step - loss: 7.1564 - accuracy: 0.1333 - val_loss: 6.3707 - val_accuracy: 0.2000 - lr: 5.0000e-04

Epoch 6: LearningRateScheduler setting learning rate to 0.0005000000237487257.
Epoch 6/25
2/2 [==============================] - 1s 806ms/step - loss: 6.3520 - accuracy: 0.2167 - val_loss: 5.9227 - val_accuracy: 0.2000 - lr: 5.0000e-04

Epoch 7: LearningRateScheduler setting learning rate to 0.0005000000237487257.
Epoch 7/25
2/2 [==============================] - 1s 895ms/step - loss: 5.8947 - accuracy: 0.2167 - val_loss: 5.6133 - val_accuracy: 0.2000 - lr: 5.0000e-04

Epoch 8: LearningRateScheduler setting learning rate to 0.0005000000237487257.
Epoch 8/25
2/2 [==============================] - 1s 845ms/step - loss: 5.5578 - accuracy: 0.2833 - val_loss: 5.3813 - val_accuracy: 0.2000 - lr: 5.0000e-04

Epoch 9: LearningRateScheduler setting learning rate to 0.0005000000237487257.
Epoch 9/25
2/2 [==============================] - 1s 789ms/step - loss: 5.3650 - accuracy: 0.2500 - val_loss: 5.2055 - val_accuracy: 0.2000 - lr: 5.0000e-04

Epoch 10: LearningRateScheduler setting learning rate to 0.0005000000237487257.
Epoch 10/25
2/2 [==============================] - 1s 775ms/step - loss: 5.1794 - accuracy: 0.2000 - val_loss: 5.0571 - val_accuracy: 0.2000 - lr: 5.0000e-04

Epoch 11: LearningRateScheduler setting learning rate to 0.0005000000237487257.
Epoch 11/25
2/2 [==============================] - 1s 844ms/step - loss: 5.0035 - accuracy: 0.3333 - val_loss: 4.9132 - val_accuracy: 0.2000 - lr: 5.0000e-04

Epoch 12: LearningRateScheduler setting learning rate to 0.0002500000118743628.
Epoch 12/25
2/2 [==============================] - 1s 850ms/step - loss: 4.8880 - accuracy: 0.2000 - val_loss: 4.8346 - val_accuracy: 0.2000 - lr: 2.5000e-04

Epoch 13: LearningRateScheduler setting learning rate to 0.0001250000059371814.
Epoch 13/25
2/2 [==============================] - 1s 822ms/step - loss: 4.8205 - accuracy: 0.2667 - val_loss: 4.7882 - val_accuracy: 0.2000 - lr: 1.2500e-04

Epoch 14: LearningRateScheduler setting learning rate to 6.25000029685907e-05.
Epoch 14/25
2/2 [==============================] - 1s 778ms/step - loss: 4.7909 - accuracy: 0.2667 - val_loss: 4.7613 - val_accuracy: 0.2000 - lr: 6.2500e-05

Epoch 15: LearningRateScheduler setting learning rate to 3.125000148429535e-05.
Epoch 15/25
2/2 [==============================] - 1s 908ms/step - loss: 4.7442 - accuracy: 0.3167 - val_loss: 4.7457 - val_accuracy: 0.2000 - lr: 3.1250e-05

Epoch 16: LearningRateScheduler setting learning rate to 1.5625000742147677e-05.
Epoch 16/25
2/2 [==============================] - 1s 847ms/step - loss: 4.7315 - accuracy: 0.2167 - val_loss: 4.7372 - val_accuracy: 0.2000 - lr: 1.5625e-05

Epoch 17: LearningRateScheduler setting learning rate to 7.812500371073838e-06.
Epoch 17/25
2/2 [==============================] - 1s 754ms/step - loss: 4.7102 - accuracy: 0.3500 - val_loss: 4.7326 - val_accuracy: 0.2000 - lr: 7.8125e-06

Epoch 18: LearningRateScheduler setting learning rate to 3.906250185536919e-06.
Epoch 18/25
2/2 [==============================] - 1s 836ms/step - loss: 4.7129 - accuracy: 0.3000 - val_loss: 4.7302 - val_accuracy: 0.2000 - lr: 3.9063e-06

Epoch 19: LearningRateScheduler setting learning rate to 1.9531250927684596e-06.
Epoch 19/25
2/2 [==============================] - 1s 813ms/step - loss: 4.7078 - accuracy: 0.3000 - val_loss: 4.7290 - val_accuracy: 0.2000 - lr: 1.9531e-06

Epoch 20: LearningRateScheduler setting learning rate to 9.765625463842298e-07.
Epoch 20/25
2/2 [==============================] - 1s 859ms/step - loss: 4.7321 - accuracy: 0.2167 - val_loss: 4.7283 - val_accuracy: 0.2000 - lr: 9.7656e-07

Epoch 21: LearningRateScheduler setting learning rate to 4.882812731921149e-07.
Epoch 21/25
2/2 [==============================] - 1s 752ms/step - loss: 4.7353 - accuracy: 0.3500 - val_loss: 4.7280 - val_accuracy: 0.2000 - lr: 4.8828e-07

Epoch 22: LearningRateScheduler setting learning rate to 2.4414063659605745e-07.
Epoch 22/25
2/2 [==============================] - 1s 870ms/step - loss: 4.7466 - accuracy: 0.2500 - val_loss: 4.7278 - val_accuracy: 0.2000 - lr: 2.4414e-07

Epoch 23: LearningRateScheduler setting learning rate to 1.2207031829802872e-07.
Epoch 23/25
2/2 [==============================] - 1s 764ms/step - loss: 4.6998 - accuracy: 0.3000 - val_loss: 4.7277 - val_accuracy: 0.2000 - lr: 1.2207e-07

Epoch 24: LearningRateScheduler setting learning rate to 6.103515914901436e-08.
Epoch 24/25
2/2 [==============================] - 1s 831ms/step - loss: 4.6981 - accuracy: 0.3333 - val_loss: 4.7277 - val_accuracy: 0.2000 - lr: 6.1035e-08

Epoch 25: LearningRateScheduler setting learning rate to 3.051757957450718e-08.
Epoch 25/25
2/2 [==============================] - 1s 969ms/step - loss: 4.7191 - accuracy: 0.3333 - val_loss: 4.7277 - val_accuracy: 0.2000 - lr: 3.0518e-08
1/1 [==============================] - 0s 93ms/step - loss: 4.7496 - accuracy: 0.0000e+00
Found 60 images belonging to 6 classes.
Found 5 images belonging to 6 classes.
Found 7 images belonging to 6 classes.

Epoch 1: LearningRateScheduler setting learning rate to 0.0005000000237487257.
Epoch 1/30
2/2 [==============================] - ETA: 0s - loss: 12.4762 - accuracy: 0.1000C:\Users\tom.zbc\PycharmProjects\fungis_bacterias_project\.venv\lib\site-packages\keras\src\engine\training.py:3000: UserWarning: You are saving your model as an HDF5 file via `model.save()`. This file format is considered legacy. We recommend using instead the native Keras format, e.g. `model.save('my_model.keras')`.
  saving_api.save_model(
2/2 [==============================] - 2s 921ms/step - loss: 12.4762 - accuracy: 0.1000 - val_loss: 10.6315 - val_accuracy: 0.4000 - lr: 5.0000e-04

Epoch 2: LearningRateScheduler setting learning rate to 0.0005000000237487257.
Epoch 2/30
2/2 [==============================] - 1s 760ms/step - loss: 10.3094 - accuracy: 0.2333 - val_loss: 8.9655 - val_accuracy: 0.2000 - lr: 5.0000e-04

Epoch 3: LearningRateScheduler setting learning rate to 0.0005000000237487257.
Epoch 3/30
2/2 [==============================] - 1s 831ms/step - loss: 8.7562 - accuracy: 0.2667 - val_loss: 7.6386 - val_accuracy: 0.2000 - lr: 5.0000e-04

Epoch 4: LearningRateScheduler setting learning rate to 0.0005000000237487257.
Epoch 4/30
2/2 [==============================] - 1s 815ms/step - loss: 7.5277 - accuracy: 0.1333 - val_loss: 6.5835 - val_accuracy: 0.2000 - lr: 5.0000e-04

Epoch 5: LearningRateScheduler setting learning rate to 0.0005000000237487257.
Epoch 5/30
2/2 [==============================] - 1s 974ms/step - loss: 6.4920 - accuracy: 0.2667 - val_loss: 5.8071 - val_accuracy: 0.2000 - lr: 5.0000e-04

Epoch 6: LearningRateScheduler setting learning rate to 0.0005000000237487257.
Epoch 6/30
2/2 [==============================] - 1s 816ms/step - loss: 5.7282 - accuracy: 0.1833 - val_loss: 5.2394 - val_accuracy: 0.2000 - lr: 5.0000e-04

Epoch 7: LearningRateScheduler setting learning rate to 0.0005000000237487257.
Epoch 7/30
2/2 [==============================] - 1s 869ms/step - loss: 5.2104 - accuracy: 0.2333 - val_loss: 4.8203 - val_accuracy: 0.2000 - lr: 5.0000e-04

Epoch 8: LearningRateScheduler setting learning rate to 0.0005000000237487257.
Epoch 8/30
2/2 [==============================] - 1s 785ms/step - loss: 4.8756 - accuracy: 0.2000 - val_loss: 4.5049 - val_accuracy: 0.2000 - lr: 5.0000e-04

Epoch 9: LearningRateScheduler setting learning rate to 0.0005000000237487257.
Epoch 9/30
2/2 [==============================] - 1s 912ms/step - loss: 4.5215 - accuracy: 0.2333 - val_loss: 4.2579 - val_accuracy: 0.2000 - lr: 5.0000e-04

Epoch 10: LearningRateScheduler setting learning rate to 0.0005000000237487257.
Epoch 10/30
2/2 [==============================] - 1s 845ms/step - loss: 4.2867 - accuracy: 0.2833 - val_loss: 4.0532 - val_accuracy: 0.2000 - lr: 5.0000e-04

Epoch 11: LearningRateScheduler setting learning rate to 0.0005000000237487257.
Epoch 11/30
2/2 [==============================] - 1s 821ms/step - loss: 4.0845 - accuracy: 0.1333 - val_loss: 3.8700 - val_accuracy: 0.4000 - lr: 5.0000e-04

Epoch 12: LearningRateScheduler setting learning rate to 0.0002500000118743628.
Epoch 12/30
2/2 [==============================] - 1s 815ms/step - loss: 3.9055 - accuracy: 0.2500 - val_loss: 3.7725 - val_accuracy: 0.4000 - lr: 2.5000e-04

Epoch 13: LearningRateScheduler setting learning rate to 0.0001250000059371814.
Epoch 13/30
2/2 [==============================] - 1s 786ms/step - loss: 3.8455 - accuracy: 0.2667 - val_loss: 3.7182 - val_accuracy: 0.4000 - lr: 1.2500e-04

Epoch 14: LearningRateScheduler setting learning rate to 6.25000029685907e-05.
Epoch 14/30
2/2 [==============================] - 2s 1s/step - loss: 3.8287 - accuracy: 0.2167 - val_loss: 3.6898 - val_accuracy: 0.4000 - lr: 6.2500e-05

Epoch 15: LearningRateScheduler setting learning rate to 3.125000148429535e-05.
Epoch 15/30
2/2 [==============================] - 2s 827ms/step - loss: 3.7838 - accuracy: 0.2167 - val_loss: 3.6749 - val_accuracy: 0.4000 - lr: 3.1250e-05

Epoch 16: LearningRateScheduler setting learning rate to 1.5625000742147677e-05.
Epoch 16/30
2/2 [==============================] - 1s 888ms/step - loss: 3.7274 - accuracy: 0.3500 - val_loss: 3.6667 - val_accuracy: 0.4000 - lr: 1.5625e-05

Epoch 17: LearningRateScheduler setting learning rate to 7.812500371073838e-06.
Epoch 17/30
2/2 [==============================] - 1s 945ms/step - loss: 3.7681 - accuracy: 0.2000 - val_loss: 3.6622 - val_accuracy: 0.4000 - lr: 7.8125e-06

Epoch 18: LearningRateScheduler setting learning rate to 3.906250185536919e-06.
Epoch 18/30
2/2 [==============================] - 1s 801ms/step - loss: 3.7627 - accuracy: 0.2167 - val_loss: 3.6598 - val_accuracy: 0.4000 - lr: 3.9063e-06

Epoch 19: LearningRateScheduler setting learning rate to 1.9531250927684596e-06.
Epoch 19/30
2/2 [==============================] - 1s 864ms/step - loss: 3.7546 - accuracy: 0.2333 - val_loss: 3.6586 - val_accuracy: 0.4000 - lr: 1.9531e-06

Epoch 20: LearningRateScheduler setting learning rate to 9.765625463842298e-07.
Epoch 20/30
2/2 [==============================] - 1s 774ms/step - loss: 3.7507 - accuracy: 0.3000 - val_loss: 3.6580 - val_accuracy: 0.4000 - lr: 9.7656e-07

Epoch 21: LearningRateScheduler setting learning rate to 4.882812731921149e-07.
Epoch 21/30
2/2 [==============================] - 1s 908ms/step - loss: 3.7273 - accuracy: 0.3667 - val_loss: 3.6577 - val_accuracy: 0.4000 - lr: 4.8828e-07

Epoch 22: LearningRateScheduler setting learning rate to 2.4414063659605745e-07.
Epoch 22/30
2/2 [==============================] - 1s 812ms/step - loss: 3.7861 - accuracy: 0.1833 - val_loss: 3.6575 - val_accuracy: 0.4000 - lr: 2.4414e-07

Epoch 23: LearningRateScheduler setting learning rate to 1.2207031829802872e-07.
Epoch 23/30
2/2 [==============================] - 1s 875ms/step - loss: 3.7548 - accuracy: 0.2833 - val_loss: 3.6574 - val_accuracy: 0.4000 - lr: 1.2207e-07

Epoch 24: LearningRateScheduler setting learning rate to 6.103515914901436e-08.
Epoch 24/30
2/2 [==============================] - 1s 929ms/step - loss: 3.7643 - accuracy: 0.2000 - val_loss: 3.6574 - val_accuracy: 0.4000 - lr: 6.1035e-08

Epoch 25: LearningRateScheduler setting learning rate to 3.051757957450718e-08.
Epoch 25/30
2/2 [==============================] - 1s 825ms/step - loss: 3.7597 - accuracy: 0.2667 - val_loss: 3.6573 - val_accuracy: 0.4000 - lr: 3.0518e-08

Epoch 26: LearningRateScheduler setting learning rate to 1.525878978725359e-08.
Epoch 26/30
2/2 [==============================] - 1s 855ms/step - loss: 3.7593 - accuracy: 0.2167 - val_loss: 3.6573 - val_accuracy: 0.4000 - lr: 1.5259e-08

Epoch 27: LearningRateScheduler setting learning rate to 7.629394893626795e-09.
Epoch 27/30
2/2 [==============================] - 2s 960ms/step - loss: 3.7547 - accuracy: 0.2500 - val_loss: 3.6573 - val_accuracy: 0.4000 - lr: 7.6294e-09

Epoch 28: LearningRateScheduler setting learning rate to 3.814697446813398e-09.
Epoch 28/30
2/2 [==============================] - 1s 827ms/step - loss: 3.7773 - accuracy: 0.1500 - val_loss: 3.6573 - val_accuracy: 0.4000 - lr: 3.8147e-09

Epoch 29: LearningRateScheduler setting learning rate to 1.907348723406699e-09.
Epoch 29/30
2/2 [==============================] - 1s 869ms/step - loss: 3.7491 - accuracy: 0.2333 - val_loss: 3.6573 - val_accuracy: 0.4000 - lr: 1.9073e-09

Epoch 30: LearningRateScheduler setting learning rate to 9.536743617033494e-10.
Epoch 30/30
2/2 [==============================] - 1s 808ms/step - loss: 3.7879 - accuracy: 0.2500 - val_loss: 3.6573 - val_accuracy: 0.4000 - lr: 9.5367e-10
1/1 [==============================] - 0s 95ms/step - loss: 3.6303 - accuracy: 0.4286
Found 60 images belonging to 6 classes.
Found 5 images belonging to 6 classes.
Found 7 images belonging to 6 classes.

Epoch 1: LearningRateScheduler setting learning rate to 0.0005000000237487257.
Epoch 1/25
2/2 [==============================] - ETA: 0s - loss: 12.4339 - accuracy: 0.2000C:\Users\tom.zbc\PycharmProjects\fungis_bacterias_project\.venv\lib\site-packages\keras\src\engine\training.py:3000: UserWarning: You are saving your model as an HDF5 file via `model.save()`. This file format is considered legacy. We recommend using instead the native Keras format, e.g. `model.save('my_model.keras')`.
  saving_api.save_model(
2/2 [==============================] - 2s 991ms/step - loss: 12.4339 - accuracy: 0.2000 - val_loss: 10.6821 - val_accuracy: 0.2000 - lr: 5.0000e-04

Epoch 2: LearningRateScheduler setting learning rate to 0.0005000000237487257.
Epoch 2/25
2/2 [==============================] - 1s 808ms/step - loss: 10.2348 - accuracy: 0.1667 - val_loss: 8.7608 - val_accuracy: 0.2000 - lr: 5.0000e-04

Epoch 3: LearningRateScheduler setting learning rate to 0.0005000000237487257.
Epoch 3/25
2/2 [==============================] - 1s 792ms/step - loss: 8.6295 - accuracy: 0.1833 - val_loss: 7.4679 - val_accuracy: 0.4000 - lr: 5.0000e-04

Epoch 4: LearningRateScheduler setting learning rate to 0.0005000000237487257.
Epoch 4/25
2/2 [==============================] - 2s 1s/step - loss: 7.3930 - accuracy: 0.2500 - val_loss: 6.5482 - val_accuracy: 0.4000 - lr: 5.0000e-04

Epoch 5: LearningRateScheduler setting learning rate to 0.0005000000237487257.
Epoch 5/25
2/2 [==============================] - 2s 1s/step - loss: 6.3888 - accuracy: 0.1333 - val_loss: 5.8316 - val_accuracy: 0.4000 - lr: 5.0000e-04

Epoch 6: LearningRateScheduler setting learning rate to 0.0005000000237487257.
Epoch 6/25
2/2 [==============================] - 2s 1s/step - loss: 5.6616 - accuracy: 0.2167 - val_loss: 5.3085 - val_accuracy: 0.4000 - lr: 5.0000e-04

Epoch 7: LearningRateScheduler setting learning rate to 0.0005000000237487257.
Epoch 7/25
2/2 [==============================] - 2s 1s/step - loss: 5.1743 - accuracy: 0.2333 - val_loss: 4.9291 - val_accuracy: 0.4000 - lr: 5.0000e-04

Epoch 8: LearningRateScheduler setting learning rate to 0.0005000000237487257.
Epoch 8/25
2/2 [==============================] - 2s 1s/step - loss: 4.8482 - accuracy: 0.3333 - val_loss: 4.6576 - val_accuracy: 0.4000 - lr: 5.0000e-04

Epoch 9: LearningRateScheduler setting learning rate to 0.0005000000237487257.
Epoch 9/25
2/2 [==============================] - 2s 1s/step - loss: 4.6018 - accuracy: 0.2000 - val_loss: 4.4439 - val_accuracy: 0.4000 - lr: 5.0000e-04

Epoch 10: LearningRateScheduler setting learning rate to 0.0005000000237487257.
Epoch 10/25
2/2 [==============================] - 2s 1s/step - loss: 4.4041 - accuracy: 0.2167 - val_loss: 4.2859 - val_accuracy: 0.4000 - lr: 5.0000e-04

Epoch 11: LearningRateScheduler setting learning rate to 0.0005000000237487257.
Epoch 11/25
2/2 [==============================] - 2s 964ms/step - loss: 4.2331 - accuracy: 0.3000 - val_loss: 4.1437 - val_accuracy: 0.4000 - lr: 5.0000e-04

Epoch 12: LearningRateScheduler setting learning rate to 0.0002500000118743628.
Epoch 12/25
2/2 [==============================] - 2s 832ms/step - loss: 4.1412 - accuracy: 0.2333 - val_loss: 4.0748 - val_accuracy: 0.4000 - lr: 2.5000e-04

Epoch 13: LearningRateScheduler setting learning rate to 0.0001250000059371814.
Epoch 13/25
2/2 [==============================] - 2s 1s/step - loss: 4.0415 - accuracy: 0.2833 - val_loss: 4.0350 - val_accuracy: 0.4000 - lr: 1.2500e-04

Epoch 14: LearningRateScheduler setting learning rate to 6.25000029685907e-05.
Epoch 14/25
2/2 [==============================] - 2s 1s/step - loss: 4.0078 - accuracy: 0.2667 - val_loss: 4.0111 - val_accuracy: 0.4000 - lr: 6.2500e-05

Epoch 15: LearningRateScheduler setting learning rate to 3.125000148429535e-05.
Epoch 15/25
2/2 [==============================] - 2s 973ms/step - loss: 4.0077 - accuracy: 0.2333 - val_loss: 3.9967 - val_accuracy: 0.4000 - lr: 3.1250e-05

Epoch 16: LearningRateScheduler setting learning rate to 1.5625000742147677e-05.
Epoch 16/25
2/2 [==============================] - 2s 1s/step - loss: 3.9878 - accuracy: 0.2500 - val_loss: 3.9885 - val_accuracy: 0.4000 - lr: 1.5625e-05

Epoch 17: LearningRateScheduler setting learning rate to 7.812500371073838e-06.
Epoch 17/25
2/2 [==============================] - 2s 981ms/step - loss: 4.0052 - accuracy: 0.1833 - val_loss: 3.9842 - val_accuracy: 0.4000 - lr: 7.8125e-06

Epoch 18: LearningRateScheduler setting learning rate to 3.906250185536919e-06.
Epoch 18/25
2/2 [==============================] - 1s 870ms/step - loss: 3.9875 - accuracy: 0.2500 - val_loss: 3.9820 - val_accuracy: 0.4000 - lr: 3.9063e-06

Epoch 19: LearningRateScheduler setting learning rate to 1.9531250927684596e-06.
Epoch 19/25
2/2 [==============================] - 2s 943ms/step - loss: 3.9786 - accuracy: 0.2500 - val_loss: 3.9808 - val_accuracy: 0.4000 - lr: 1.9531e-06

Epoch 20: LearningRateScheduler setting learning rate to 9.765625463842298e-07.
Epoch 20/25
2/2 [==============================] - 2s 1s/step - loss: 3.9567 - accuracy: 0.3167 - val_loss: 3.9802 - val_accuracy: 0.4000 - lr: 9.7656e-07

Epoch 21: LearningRateScheduler setting learning rate to 4.882812731921149e-07.
Epoch 21/25
2/2 [==============================] - 2s 966ms/step - loss: 3.9619 - accuracy: 0.2500 - val_loss: 3.9799 - val_accuracy: 0.4000 - lr: 4.8828e-07

Epoch 22: LearningRateScheduler setting learning rate to 2.4414063659605745e-07.
Epoch 22/25
2/2 [==============================] - 1s 831ms/step - loss: 3.9608 - accuracy: 0.2167 - val_loss: 3.9797 - val_accuracy: 0.4000 - lr: 2.4414e-07

Epoch 23: LearningRateScheduler setting learning rate to 1.2207031829802872e-07.
Epoch 23/25
2/2 [==============================] - 1s 940ms/step - loss: 3.9855 - accuracy: 0.2333 - val_loss: 3.9796 - val_accuracy: 0.4000 - lr: 1.2207e-07

Epoch 24: LearningRateScheduler setting learning rate to 6.103515914901436e-08.
Epoch 24/25
2/2 [==============================] - 2s 930ms/step - loss: 3.9610 - accuracy: 0.2667 - val_loss: 3.9796 - val_accuracy: 0.4000 - lr: 6.1035e-08

Epoch 25: LearningRateScheduler setting learning rate to 3.051757957450718e-08.
Epoch 25/25
2/2 [==============================] - 1s 813ms/step - loss: 3.9547 - accuracy: 0.3333 - val_loss: 3.9795 - val_accuracy: 0.4000 - lr: 3.0518e-08
1/1 [==============================] - 0s 96ms/step - loss: 4.0050 - accuracy: 0.1429
Found 60 images belonging to 6 classes.
Found 5 images belonging to 6 classes.
Found 7 images belonging to 6 classes.

Epoch 1: LearningRateScheduler setting learning rate to 0.0005000000237487257.
Epoch 1/30
2/2 [==============================] - ETA: 0s - loss: 12.6120 - accuracy: 0.1167C:\Users\tom.zbc\PycharmProjects\fungis_bacterias_project\.venv\lib\site-packages\keras\src\engine\training.py:3000: UserWarning: You are saving your model as an HDF5 file via `model.save()`. This file format is considered legacy. We recommend using instead the native Keras format, e.g. `model.save('my_model.keras')`.
  saving_api.save_model(
2/2 [==============================] - 2s 1s/step - loss: 12.6120 - accuracy: 0.1167 - val_loss: 10.9356 - val_accuracy: 0.2000 - lr: 5.0000e-04

Epoch 2: LearningRateScheduler setting learning rate to 0.0005000000237487257.
Epoch 2/30
2/2 [==============================] - 1s 780ms/step - loss: 10.4865 - accuracy: 0.2000 - val_loss: 9.1203 - val_accuracy: 0.2000 - lr: 5.0000e-04

Epoch 3: LearningRateScheduler setting learning rate to 0.0005000000237487257.
Epoch 3/30
2/2 [==============================] - 2s 1s/step - loss: 8.8134 - accuracy: 0.2167 - val_loss: 7.7034 - val_accuracy: 0.2000 - lr: 5.0000e-04

Epoch 4: LearningRateScheduler setting learning rate to 0.0005000000237487257.
Epoch 4/30
2/2 [==============================] - 2s 974ms/step - loss: 7.6902 - accuracy: 0.1667 - val_loss: 6.7351 - val_accuracy: 0.2000 - lr: 5.0000e-04

Epoch 5: LearningRateScheduler setting learning rate to 0.0005000000237487257.
Epoch 5/30
2/2 [==============================] - 1s 929ms/step - loss: 6.8114 - accuracy: 0.1333 - val_loss: 6.0559 - val_accuracy: 0.4000 - lr: 5.0000e-04

Epoch 6: LearningRateScheduler setting learning rate to 0.0005000000237487257.
Epoch 6/30
2/2 [==============================] - 2s 988ms/step - loss: 6.1469 - accuracy: 0.1667 - val_loss: 5.5639 - val_accuracy: 0.4000 - lr: 5.0000e-04

Epoch 7: LearningRateScheduler setting learning rate to 0.0005000000237487257.
Epoch 7/30
2/2 [==============================] - 2s 975ms/step - loss: 5.5854 - accuracy: 0.1833 - val_loss: 5.2246 - val_accuracy: 0.2000 - lr: 5.0000e-04

Epoch 8: LearningRateScheduler setting learning rate to 0.0005000000237487257.
Epoch 8/30
2/2 [==============================] - 1s 886ms/step - loss: 5.2165 - accuracy: 0.1500 - val_loss: 4.9733 - val_accuracy: 0.4000 - lr: 5.0000e-04

Epoch 9: LearningRateScheduler setting learning rate to 0.0005000000237487257.
Epoch 9/30
2/2 [==============================] - 2s 989ms/step - loss: 4.9460 - accuracy: 0.1833 - val_loss: 4.7811 - val_accuracy: 0.2000 - lr: 5.0000e-04

Epoch 10: LearningRateScheduler setting learning rate to 0.0005000000237487257.
Epoch 10/30
2/2 [==============================] - 2s 963ms/step - loss: 4.7444 - accuracy: 0.2500 - val_loss: 4.6092 - val_accuracy: 0.2000 - lr: 5.0000e-04

Epoch 11: LearningRateScheduler setting learning rate to 0.0005000000237487257.
Epoch 11/30
2/2 [==============================] - 2s 961ms/step - loss: 4.5646 - accuracy: 0.2167 - val_loss: 4.4421 - val_accuracy: 0.2000 - lr: 5.0000e-04

Epoch 12: LearningRateScheduler setting learning rate to 0.0002500000118743628.
Epoch 12/30
2/2 [==============================] - 1s 865ms/step - loss: 4.4260 - accuracy: 0.2333 - val_loss: 4.3566 - val_accuracy: 0.2000 - lr: 2.5000e-04

Epoch 13: LearningRateScheduler setting learning rate to 0.0001250000059371814.
Epoch 13/30
2/2 [==============================] - 2s 939ms/step - loss: 4.3436 - accuracy: 0.2500 - val_loss: 4.3084 - val_accuracy: 0.2000 - lr: 1.2500e-04

Epoch 14: LearningRateScheduler setting learning rate to 6.25000029685907e-05.
Epoch 14/30
2/2 [==============================] - 2s 974ms/step - loss: 4.2930 - accuracy: 0.3167 - val_loss: 4.2812 - val_accuracy: 0.4000 - lr: 6.2500e-05

Epoch 15: LearningRateScheduler setting learning rate to 3.125000148429535e-05.
Epoch 15/30
2/2 [==============================] - 2s 943ms/step - loss: 4.2962 - accuracy: 0.1167 - val_loss: 4.2662 - val_accuracy: 0.4000 - lr: 3.1250e-05

Epoch 16: LearningRateScheduler setting learning rate to 1.5625000742147677e-05.
Epoch 16/30
2/2 [==============================] - 1s 816ms/step - loss: 4.2691 - accuracy: 0.2000 - val_loss: 4.2578 - val_accuracy: 0.4000 - lr: 1.5625e-05

Epoch 17: LearningRateScheduler setting learning rate to 7.812500371073838e-06.
Epoch 17/30
2/2 [==============================] - 2s 919ms/step - loss: 4.2472 - accuracy: 0.2333 - val_loss: 4.2535 - val_accuracy: 0.4000 - lr: 7.8125e-06

Epoch 18: LearningRateScheduler setting learning rate to 3.906250185536919e-06.
Epoch 18/30
2/2 [==============================] - 2s 925ms/step - loss: 4.2686 - accuracy: 0.2000 - val_loss: 4.2512 - val_accuracy: 0.4000 - lr: 3.9063e-06

Epoch 19: LearningRateScheduler setting learning rate to 1.9531250927684596e-06.
Epoch 19/30
2/2 [==============================] - 1s 888ms/step - loss: 4.2591 - accuracy: 0.3167 - val_loss: 4.2500 - val_accuracy: 0.4000 - lr: 1.9531e-06

Epoch 20: LearningRateScheduler setting learning rate to 9.765625463842298e-07.
Epoch 20/30
2/2 [==============================] - 2s 990ms/step - loss: 4.2671 - accuracy: 0.2333 - val_loss: 4.2494 - val_accuracy: 0.4000 - lr: 9.7656e-07

Epoch 21: LearningRateScheduler setting learning rate to 4.882812731921149e-07.
Epoch 21/30
2/2 [==============================] - 1s 806ms/step - loss: 4.2482 - accuracy: 0.2500 - val_loss: 4.2490 - val_accuracy: 0.4000 - lr: 4.8828e-07

Epoch 22: LearningRateScheduler setting learning rate to 2.4414063659605745e-07.
Epoch 22/30
2/2 [==============================] - 1s 753ms/step - loss: 4.2561 - accuracy: 0.1500 - val_loss: 4.2489 - val_accuracy: 0.4000 - lr: 2.4414e-07

Epoch 23: LearningRateScheduler setting learning rate to 1.2207031829802872e-07.
Epoch 23/30
2/2 [==============================] - 2s 1s/step - loss: 4.2572 - accuracy: 0.2500 - val_loss: 4.2488 - val_accuracy: 0.4000 - lr: 1.2207e-07

Epoch 24: LearningRateScheduler setting learning rate to 6.103515914901436e-08.
Epoch 24/30
2/2 [==============================] - 2s 986ms/step - loss: 4.2562 - accuracy: 0.2000 - val_loss: 4.2487 - val_accuracy: 0.4000 - lr: 6.1035e-08

Epoch 25: LearningRateScheduler setting learning rate to 3.051757957450718e-08.
Epoch 25/30
2/2 [==============================] - 1s 894ms/step - loss: 4.2443 - accuracy: 0.3000 - val_loss: 4.2487 - val_accuracy: 0.4000 - lr: 3.0518e-08

Epoch 26: LearningRateScheduler setting learning rate to 1.525878978725359e-08.
Epoch 26/30
2/2 [==============================] - 2s 995ms/step - loss: 4.2555 - accuracy: 0.1667 - val_loss: 4.2487 - val_accuracy: 0.4000 - lr: 1.5259e-08

Epoch 27: LearningRateScheduler setting learning rate to 7.629394893626795e-09.
Epoch 27/30
2/2 [==============================] - 1s 942ms/step - loss: 4.2496 - accuracy: 0.2833 - val_loss: 4.2487 - val_accuracy: 0.4000 - lr: 7.6294e-09

Epoch 28: LearningRateScheduler setting learning rate to 3.814697446813398e-09.
Epoch 28/30
2/2 [==============================] - 1s 849ms/step - loss: 4.2370 - accuracy: 0.3167 - val_loss: 4.2487 - val_accuracy: 0.4000 - lr: 3.8147e-09

Epoch 29: LearningRateScheduler setting learning rate to 1.907348723406699e-09.
Epoch 29/30
2/2 [==============================] - 2s 1s/step - loss: 4.2459 - accuracy: 0.3000 - val_loss: 4.2487 - val_accuracy: 0.4000 - lr: 1.9073e-09

Epoch 30: LearningRateScheduler setting learning rate to 9.536743617033494e-10.
Epoch 30/30
2/2 [==============================] - 2s 1s/step - loss: 4.2498 - accuracy: 0.2500 - val_loss: 4.2487 - val_accuracy: 0.4000 - lr: 9.5367e-10
1/1 [==============================] - 0s 94ms/step - loss: 4.2428 - accuracy: 0.2857
Found 60 images belonging to 6 classes.
Found 5 images belonging to 6 classes.
Found 7 images belonging to 6 classes.

Epoch 1: LearningRateScheduler setting learning rate to 0.0005000000237487257.
Epoch 1/25
2/2 [==============================] - ETA: 0s - loss: 13.0123 - accuracy: 0.1333C:\Users\tom.zbc\PycharmProjects\fungis_bacterias_project\.venv\lib\site-packages\keras\src\engine\training.py:3000: UserWarning: You are saving your model as an HDF5 file via `model.save()`. This file format is considered legacy. We recommend using instead the native Keras format, e.g. `model.save('my_model.keras')`.
  saving_api.save_model(
2/2 [==============================] - 3s 2s/step - loss: 13.0123 - accuracy: 0.1333 - val_loss: 10.6761 - val_accuracy: 0.2000 - lr: 5.0000e-04

Epoch 2: LearningRateScheduler setting learning rate to 0.0005000000237487257.
Epoch 2/25
2/2 [==============================] - 2s 1s/step - loss: 10.2495 - accuracy: 0.2167 - val_loss: 8.6526 - val_accuracy: 0.2000 - lr: 5.0000e-04

Epoch 3: LearningRateScheduler setting learning rate to 0.0005000000237487257.
Epoch 3/25
2/2 [==============================] - 2s 2s/step - loss: 8.2471 - accuracy: 0.1667 - val_loss: 7.3219 - val_accuracy: 0.2000 - lr: 5.0000e-04

Epoch 4: LearningRateScheduler setting learning rate to 0.0005000000237487257.
Epoch 4/25
2/2 [==============================] - 2s 1s/step - loss: 7.0160 - accuracy: 0.1000 - val_loss: 6.4046 - val_accuracy: 0.2000 - lr: 5.0000e-04

Epoch 5: LearningRateScheduler setting learning rate to 0.0005000000237487257.
Epoch 5/25
2/2 [==============================] - 2s 1s/step - loss: 6.2136 - accuracy: 0.1333 - val_loss: 5.8383 - val_accuracy: 0.2000 - lr: 5.0000e-04

Epoch 6: LearningRateScheduler setting learning rate to 0.0005000000237487257.
Epoch 6/25
2/2 [==============================] - 2s 1s/step - loss: 5.7572 - accuracy: 0.1500 - val_loss: 5.5085 - val_accuracy: 0.2000 - lr: 5.0000e-04

Epoch 7: LearningRateScheduler setting learning rate to 0.0005000000237487257.
Epoch 7/25
2/2 [==============================] - 2s 1s/step - loss: 5.4454 - accuracy: 0.2167 - val_loss: 5.2864 - val_accuracy: 0.2000 - lr: 5.0000e-04

Epoch 8: LearningRateScheduler setting learning rate to 0.0005000000237487257.
Epoch 8/25
2/2 [==============================] - 2s 1s/step - loss: 5.2308 - accuracy: 0.1833 - val_loss: 5.0759 - val_accuracy: 0.2000 - lr: 5.0000e-04

Epoch 9: LearningRateScheduler setting learning rate to 0.0005000000237487257.
Epoch 9/25
2/2 [==============================] - 2s 1s/step - loss: 5.0536 - accuracy: 0.1667 - val_loss: 4.8471 - val_accuracy: 0.4000 - lr: 5.0000e-04

Epoch 10: LearningRateScheduler setting learning rate to 0.0005000000237487257.
Epoch 10/25
2/2 [==============================] - 2s 1s/step - loss: 4.8295 - accuracy: 0.2667 - val_loss: 4.6114 - val_accuracy: 0.2000 - lr: 5.0000e-04

Epoch 11: LearningRateScheduler setting learning rate to 0.0005000000237487257.
Epoch 11/25
2/2 [==============================] - 2s 2s/step - loss: 4.6055 - accuracy: 0.2333 - val_loss: 4.3729 - val_accuracy: 0.2000 - lr: 5.0000e-04

Epoch 12: LearningRateScheduler setting learning rate to 0.0002500000118743628.
Epoch 12/25
2/2 [==============================] - 2s 1s/step - loss: 4.4001 - accuracy: 0.2167 - val_loss: 4.2484 - val_accuracy: 0.2000 - lr: 2.5000e-04

Epoch 13: LearningRateScheduler setting learning rate to 0.0001250000059371814.
Epoch 13/25
2/2 [==============================] - 2s 1s/step - loss: 4.2503 - accuracy: 0.2667 - val_loss: 4.1736 - val_accuracy: 0.2000 - lr: 1.2500e-04

Epoch 14: LearningRateScheduler setting learning rate to 6.25000029685907e-05.
Epoch 14/25
2/2 [==============================] - 2s 1s/step - loss: 4.2117 - accuracy: 0.3000 - val_loss: 4.1313 - val_accuracy: 0.2000 - lr: 6.2500e-05

Epoch 15: LearningRateScheduler setting learning rate to 3.125000148429535e-05.
Epoch 15/25
2/2 [==============================] - 2s 1s/step - loss: 4.1579 - accuracy: 0.2500 - val_loss: 4.1091 - val_accuracy: 0.2000 - lr: 3.1250e-05

Epoch 16: LearningRateScheduler setting learning rate to 1.5625000742147677e-05.
Epoch 16/25
2/2 [==============================] - 2s 2s/step - loss: 4.1953 - accuracy: 0.2333 - val_loss: 4.0975 - val_accuracy: 0.2000 - lr: 1.5625e-05

Epoch 17: LearningRateScheduler setting learning rate to 7.812500371073838e-06.
Epoch 17/25
2/2 [==============================] - 2s 1s/step - loss: 4.1618 - accuracy: 0.2000 - val_loss: 4.0913 - val_accuracy: 0.2000 - lr: 7.8125e-06

Epoch 18: LearningRateScheduler setting learning rate to 3.906250185536919e-06.
Epoch 18/25
2/2 [==============================] - 2s 1s/step - loss: 4.1372 - accuracy: 0.2500 - val_loss: 4.0881 - val_accuracy: 0.2000 - lr: 3.9063e-06

Epoch 19: LearningRateScheduler setting learning rate to 1.9531250927684596e-06.
Epoch 19/25
2/2 [==============================] - 2s 1s/step - loss: 4.1217 - accuracy: 0.2667 - val_loss: 4.0864 - val_accuracy: 0.2000 - lr: 1.9531e-06

Epoch 20: LearningRateScheduler setting learning rate to 9.765625463842298e-07.
Epoch 20/25
2/2 [==============================] - 2s 1s/step - loss: 4.1571 - accuracy: 0.1833 - val_loss: 4.0856 - val_accuracy: 0.2000 - lr: 9.7656e-07

Epoch 21: LearningRateScheduler setting learning rate to 4.882812731921149e-07.
Epoch 21/25
2/2 [==============================] - 2s 1s/step - loss: 4.1419 - accuracy: 0.2333 - val_loss: 4.0851 - val_accuracy: 0.2000 - lr: 4.8828e-07

Epoch 22: LearningRateScheduler setting learning rate to 2.4414063659605745e-07.
Epoch 22/25
2/2 [==============================] - 2s 2s/step - loss: 4.1221 - accuracy: 0.2500 - val_loss: 4.0849 - val_accuracy: 0.2000 - lr: 2.4414e-07

Epoch 23: LearningRateScheduler setting learning rate to 1.2207031829802872e-07.
Epoch 23/25
2/2 [==============================] - 3s 2s/step - loss: 4.1316 - accuracy: 0.2500 - val_loss: 4.0848 - val_accuracy: 0.2000 - lr: 1.2207e-07

Epoch 24: LearningRateScheduler setting learning rate to 6.103515914901436e-08.
Epoch 24/25
2/2 [==============================] - 3s 2s/step - loss: 4.1646 - accuracy: 0.2000 - val_loss: 4.0847 - val_accuracy: 0.2000 - lr: 6.1035e-08

Epoch 25: LearningRateScheduler setting learning rate to 3.051757957450718e-08.
Epoch 25/25
2/2 [==============================] - 3s 2s/step - loss: 4.1127 - accuracy: 0.3000 - val_loss: 4.0847 - val_accuracy: 0.2000 - lr: 3.0518e-08
1/1 [==============================] - 0s 155ms/step - loss: 4.0890 - accuracy: 0.2857
Found 60 images belonging to 6 classes.
Found 5 images belonging to 6 classes.
Found 7 images belonging to 6 classes.

Epoch 1: LearningRateScheduler setting learning rate to 0.0005000000237487257.
Epoch 1/30
2/2 [==============================] - ETA: 0s - loss: 13.3038 - accuracy: 0.1500C:\Users\tom.zbc\PycharmProjects\fungis_bacterias_project\.venv\lib\site-packages\keras\src\engine\training.py:3000: UserWarning: You are saving your model as an HDF5 file via `model.save()`. This file format is considered legacy. We recommend using instead the native Keras format, e.g. `model.save('my_model.keras')`.
  saving_api.save_model(
2/2 [==============================] - 4s 2s/step - loss: 13.3038 - accuracy: 0.1500 - val_loss: 11.4344 - val_accuracy: 0.2000 - lr: 5.0000e-04

Epoch 2: LearningRateScheduler setting learning rate to 0.0005000000237487257.
Epoch 2/30
2/2 [==============================] - 3s 2s/step - loss: 10.7804 - accuracy: 0.1833 - val_loss: 9.6324 - val_accuracy: 0.0000e+00 - lr: 5.0000e-04

Epoch 3: LearningRateScheduler setting learning rate to 0.0005000000237487257.
Epoch 3/30
2/2 [==============================] - 3s 2s/step - loss: 9.0402 - accuracy: 0.2167 - val_loss: 8.1592 - val_accuracy: 0.0000e+00 - lr: 5.0000e-04

Epoch 4: LearningRateScheduler setting learning rate to 0.0005000000237487257.
Epoch 4/30
2/2 [==============================] - 3s 2s/step - loss: 7.9448 - accuracy: 0.1500 - val_loss: 7.2636 - val_accuracy: 0.2000 - lr: 5.0000e-04

Epoch 5: LearningRateScheduler setting learning rate to 0.0005000000237487257.
Epoch 5/30
2/2 [==============================] - 3s 2s/step - loss: 7.1580 - accuracy: 0.2167 - val_loss: 6.7554 - val_accuracy: 0.4000 - lr: 5.0000e-04

Epoch 6: LearningRateScheduler setting learning rate to 0.0005000000237487257.
Epoch 6/30
2/2 [==============================] - 3s 2s/step - loss: 6.6987 - accuracy: 0.1333 - val_loss: 6.4277 - val_accuracy: 0.4000 - lr: 5.0000e-04

Epoch 7: LearningRateScheduler setting learning rate to 0.0005000000237487257.
Epoch 7/30
2/2 [==============================] - 3s 2s/step - loss: 6.3847 - accuracy: 0.2333 - val_loss: 6.1724 - val_accuracy: 0.2000 - lr: 5.0000e-04

Epoch 8: LearningRateScheduler setting learning rate to 0.0005000000237487257.
Epoch 8/30
2/2 [==============================] - 3s 2s/step - loss: 6.1376 - accuracy: 0.3000 - val_loss: 5.9365 - val_accuracy: 0.2000 - lr: 5.0000e-04

Epoch 9: LearningRateScheduler setting learning rate to 0.0005000000237487257.
Epoch 9/30
2/2 [==============================] - 3s 2s/step - loss: 5.8860 - accuracy: 0.2833 - val_loss: 5.6844 - val_accuracy: 0.0000e+00 - lr: 5.0000e-04

Epoch 10: LearningRateScheduler setting learning rate to 0.0005000000237487257.
Epoch 10/30
2/2 [==============================] - 3s 2s/step - loss: 5.6226 - accuracy: 0.2833 - val_loss: 5.4088 - val_accuracy: 0.2000 - lr: 5.0000e-04

Epoch 11: LearningRateScheduler setting learning rate to 0.0005000000237487257.
Epoch 11/30
2/2 [==============================] - 3s 2s/step - loss: 5.3446 - accuracy: 0.1833 - val_loss: 5.1325 - val_accuracy: 0.2000 - lr: 5.0000e-04

Epoch 12: LearningRateScheduler setting learning rate to 0.0002500000118743628.
Epoch 12/30
2/2 [==============================] - 3s 2s/step - loss: 5.0641 - accuracy: 0.2167 - val_loss: 4.9799 - val_accuracy: 0.0000e+00 - lr: 2.5000e-04

Epoch 13: LearningRateScheduler setting learning rate to 0.0001250000059371814.
Epoch 13/30
2/2 [==============================] - 3s 2s/step - loss: 4.9401 - accuracy: 0.2500 - val_loss: 4.8968 - val_accuracy: 0.0000e+00 - lr: 1.2500e-04

Epoch 14: LearningRateScheduler setting learning rate to 6.25000029685907e-05.
Epoch 14/30
2/2 [==============================] - 3s 2s/step - loss: 4.8609 - accuracy: 0.3167 - val_loss: 4.8510 - val_accuracy: 0.0000e+00 - lr: 6.2500e-05

Epoch 15: LearningRateScheduler setting learning rate to 3.125000148429535e-05.
Epoch 15/30
2/2 [==============================] - 3s 2s/step - loss: 4.8208 - accuracy: 0.2667 - val_loss: 4.8265 - val_accuracy: 0.0000e+00 - lr: 3.1250e-05

Epoch 16: LearningRateScheduler setting learning rate to 1.5625000742147677e-05.
Epoch 16/30
2/2 [==============================] - 3s 2s/step - loss: 4.8042 - accuracy: 0.2333 - val_loss: 4.8134 - val_accuracy: 0.0000e+00 - lr: 1.5625e-05

Epoch 17: LearningRateScheduler setting learning rate to 7.812500371073838e-06.
Epoch 17/30
2/2 [==============================] - 3s 2s/step - loss: 4.7722 - accuracy: 0.2667 - val_loss: 4.8066 - val_accuracy: 0.0000e+00 - lr: 7.8125e-06

Epoch 18: LearningRateScheduler setting learning rate to 3.906250185536919e-06.
Epoch 18/30
2/2 [==============================] - 3s 2s/step - loss: 4.7750 - accuracy: 0.2333 - val_loss: 4.8031 - val_accuracy: 0.0000e+00 - lr: 3.9063e-06

Epoch 19: LearningRateScheduler setting learning rate to 1.9531250927684596e-06.
Epoch 19/30
2/2 [==============================] - 3s 2s/step - loss: 4.7855 - accuracy: 0.1833 - val_loss: 4.8013 - val_accuracy: 0.0000e+00 - lr: 1.9531e-06

Epoch 20: LearningRateScheduler setting learning rate to 9.765625463842298e-07.
Epoch 20/30
2/2 [==============================] - 2s 2s/step - loss: 4.7888 - accuracy: 0.3167 - val_loss: 4.8004 - val_accuracy: 0.0000e+00 - lr: 9.7656e-07

Epoch 21: LearningRateScheduler setting learning rate to 4.882812731921149e-07.
Epoch 21/30
2/2 [==============================] - 3s 2s/step - loss: 4.7928 - accuracy: 0.1833 - val_loss: 4.7999 - val_accuracy: 0.0000e+00 - lr: 4.8828e-07

Epoch 22: LearningRateScheduler setting learning rate to 2.4414063659605745e-07.
Epoch 22/30
2/2 [==============================] - 3s 2s/step - loss: 4.7722 - accuracy: 0.2333 - val_loss: 4.7996 - val_accuracy: 0.0000e+00 - lr: 2.4414e-07

Epoch 23: LearningRateScheduler setting learning rate to 1.2207031829802872e-07.
Epoch 23/30
2/2 [==============================] - 3s 2s/step - loss: 4.7798 - accuracy: 0.2167 - val_loss: 4.7995 - val_accuracy: 0.0000e+00 - lr: 1.2207e-07

Epoch 24: LearningRateScheduler setting learning rate to 6.103515914901436e-08.
Epoch 24/30
2/2 [==============================] - 3s 2s/step - loss: 4.7591 - accuracy: 0.2833 - val_loss: 4.7994 - val_accuracy: 0.0000e+00 - lr: 6.1035e-08

Epoch 25: LearningRateScheduler setting learning rate to 3.051757957450718e-08.
Epoch 25/30
2/2 [==============================] - 3s 2s/step - loss: 4.8040 - accuracy: 0.2500 - val_loss: 4.7994 - val_accuracy: 0.0000e+00 - lr: 3.0518e-08

Epoch 26: LearningRateScheduler setting learning rate to 1.525878978725359e-08.
Epoch 26/30
2/2 [==============================] - 2s 1s/step - loss: 4.7608 - accuracy: 0.2500 - val_loss: 4.7994 - val_accuracy: 0.0000e+00 - lr: 1.5259e-08

Epoch 27: LearningRateScheduler setting learning rate to 7.629394893626795e-09.
Epoch 27/30
2/2 [==============================] - 2s 2s/step - loss: 4.7762 - accuracy: 0.2667 - val_loss: 4.7994 - val_accuracy: 0.0000e+00 - lr: 7.6294e-09

Epoch 28: LearningRateScheduler setting learning rate to 3.814697446813398e-09.
Epoch 28/30
2/2 [==============================] - 2s 1s/step - loss: 4.7747 - accuracy: 0.2333 - val_loss: 4.7994 - val_accuracy: 0.0000e+00 - lr: 3.8147e-09

Epoch 29: LearningRateScheduler setting learning rate to 1.907348723406699e-09.
Epoch 29/30
2/2 [==============================] - 2s 1s/step - loss: 4.7759 - accuracy: 0.2333 - val_loss: 4.7994 - val_accuracy: 0.0000e+00 - lr: 1.9073e-09

Epoch 30: LearningRateScheduler setting learning rate to 9.536743617033494e-10.
Epoch 30/30
2/2 [==============================] - 2s 2s/step - loss: 4.7933 - accuracy: 0.1667 - val_loss: 4.7994 - val_accuracy: 0.0000e+00 - lr: 9.5367e-10
1/1 [==============================] - 0s 102ms/step - loss: 4.8284 - accuracy: 0.0000e+00
Found 60 images belonging to 6 classes.
Found 5 images belonging to 6 classes.
Found 7 images belonging to 6 classes.

Epoch 1: LearningRateScheduler setting learning rate to 0.0005000000237487257.
Epoch 1/25
2/2 [==============================] - ETA: 0s - loss: 13.3014 - accuracy: 0.1500C:\Users\tom.zbc\PycharmProjects\fungis_bacterias_project\.venv\lib\site-packages\keras\src\engine\training.py:3000: UserWarning: You are saving your model as an HDF5 file via `model.save()`. This file format is considered legacy. We recommend using instead the native Keras format, e.g. `model.save('my_model.keras')`.
  saving_api.save_model(
2/2 [==============================] - 3s 2s/step - loss: 13.3014 - accuracy: 0.1500 - val_loss: 11.1617 - val_accuracy: 0.2000 - lr: 5.0000e-04

Epoch 2: LearningRateScheduler setting learning rate to 0.0005000000237487257.
Epoch 2/25
2/2 [==============================] - 2s 1s/step - loss: 10.4542 - accuracy: 0.1833 - val_loss: 8.9581 - val_accuracy: 0.2000 - lr: 5.0000e-04

Epoch 3: LearningRateScheduler setting learning rate to 0.0005000000237487257.
Epoch 3/25
2/2 [==============================] - 2s 1s/step - loss: 8.4647 - accuracy: 0.1833 - val_loss: 7.3677 - val_accuracy: 0.0000e+00 - lr: 5.0000e-04

Epoch 4: LearningRateScheduler setting learning rate to 0.0005000000237487257.
Epoch 4/25
2/2 [==============================] - 2s 2s/step - loss: 7.0710 - accuracy: 0.2000 - val_loss: 6.4349 - val_accuracy: 0.2000 - lr: 5.0000e-04

Epoch 5: LearningRateScheduler setting learning rate to 0.0005000000237487257.
Epoch 5/25
2/2 [==============================] - 2s 1s/step - loss: 6.3581 - accuracy: 0.2333 - val_loss: 5.8872 - val_accuracy: 0.2000 - lr: 5.0000e-04

Epoch 6: LearningRateScheduler setting learning rate to 0.0005000000237487257.
Epoch 6/25
2/2 [==============================] - 2s 1s/step - loss: 5.8243 - accuracy: 0.2167 - val_loss: 5.5609 - val_accuracy: 0.2000 - lr: 5.0000e-04

Epoch 7: LearningRateScheduler setting learning rate to 0.0005000000237487257.
Epoch 7/25
2/2 [==============================] - 2s 1s/step - loss: 5.5189 - accuracy: 0.1833 - val_loss: 5.3437 - val_accuracy: 0.2000 - lr: 5.0000e-04

Epoch 8: LearningRateScheduler setting learning rate to 0.0005000000237487257.
Epoch 8/25
2/2 [==============================] - 2s 1s/step - loss: 5.3109 - accuracy: 0.1167 - val_loss: 5.1647 - val_accuracy: 0.2000 - lr: 5.0000e-04

Epoch 9: LearningRateScheduler setting learning rate to 0.0005000000237487257.
Epoch 9/25
2/2 [==============================] - 2s 1s/step - loss: 5.1052 - accuracy: 0.1167 - val_loss: 4.9671 - val_accuracy: 0.2000 - lr: 5.0000e-04

Epoch 10: LearningRateScheduler setting learning rate to 0.0005000000237487257.
Epoch 10/25
2/2 [==============================] - 2s 1s/step - loss: 4.8911 - accuracy: 0.1333 - val_loss: 4.7516 - val_accuracy: 0.2000 - lr: 5.0000e-04

Epoch 11: LearningRateScheduler setting learning rate to 0.0005000000237487257.
Epoch 11/25
2/2 [==============================] - 2s 1s/step - loss: 4.6751 - accuracy: 0.1000 - val_loss: 4.5152 - val_accuracy: 0.0000e+00 - lr: 5.0000e-04

Epoch 12: LearningRateScheduler setting learning rate to 0.0002500000118743628.
Epoch 12/25
2/2 [==============================] - 2s 1s/step - loss: 4.4660 - accuracy: 0.1333 - val_loss: 4.3864 - val_accuracy: 0.0000e+00 - lr: 2.5000e-04

Epoch 13: LearningRateScheduler setting learning rate to 0.0001250000059371814.
Epoch 13/25
2/2 [==============================] - 2s 1s/step - loss: 4.3489 - accuracy: 0.1833 - val_loss: 4.3134 - val_accuracy: 0.0000e+00 - lr: 1.2500e-04

Epoch 14: LearningRateScheduler setting learning rate to 6.25000029685907e-05.
Epoch 14/25
2/2 [==============================] - 2s 1s/step - loss: 4.2753 - accuracy: 0.3000 - val_loss: 4.2729 - val_accuracy: 0.0000e+00 - lr: 6.2500e-05

Epoch 15: LearningRateScheduler setting learning rate to 3.125000148429535e-05.
Epoch 15/25
2/2 [==============================] - 2s 1s/step - loss: 4.2503 - accuracy: 0.2500 - val_loss: 4.2510 - val_accuracy: 0.0000e+00 - lr: 3.1250e-05

Epoch 16: LearningRateScheduler setting learning rate to 1.5625000742147677e-05.
Epoch 16/25
2/2 [==============================] - 2s 1s/step - loss: 4.2334 - accuracy: 0.2333 - val_loss: 4.2390 - val_accuracy: 0.0000e+00 - lr: 1.5625e-05

Epoch 17: LearningRateScheduler setting learning rate to 7.812500371073838e-06.
Epoch 17/25
2/2 [==============================] - 2s 1s/step - loss: 4.2165 - accuracy: 0.2167 - val_loss: 4.2327 - val_accuracy: 0.0000e+00 - lr: 7.8125e-06

Epoch 18: LearningRateScheduler setting learning rate to 3.906250185536919e-06.
Epoch 18/25
2/2 [==============================] - 2s 1s/step - loss: 4.2206 - accuracy: 0.1667 - val_loss: 4.2294 - val_accuracy: 0.0000e+00 - lr: 3.9063e-06

Epoch 19: LearningRateScheduler setting learning rate to 1.9531250927684596e-06.
Epoch 19/25
2/2 [==============================] - 2s 1s/step - loss: 4.2132 - accuracy: 0.1833 - val_loss: 4.2276 - val_accuracy: 0.0000e+00 - lr: 1.9531e-06

Epoch 20: LearningRateScheduler setting learning rate to 9.765625463842298e-07.
Epoch 20/25
2/2 [==============================] - 2s 1s/step - loss: 4.2090 - accuracy: 0.2833 - val_loss: 4.2267 - val_accuracy: 0.0000e+00 - lr: 9.7656e-07

Epoch 21: LearningRateScheduler setting learning rate to 4.882812731921149e-07.
Epoch 21/25
2/2 [==============================] - 2s 1s/step - loss: 4.2124 - accuracy: 0.1667 - val_loss: 4.2263 - val_accuracy: 0.0000e+00 - lr: 4.8828e-07

Epoch 22: LearningRateScheduler setting learning rate to 2.4414063659605745e-07.
Epoch 22/25
2/2 [==============================] - 2s 1s/step - loss: 4.2001 - accuracy: 0.2333 - val_loss: 4.2260 - val_accuracy: 0.0000e+00 - lr: 2.4414e-07

Epoch 23: LearningRateScheduler setting learning rate to 1.2207031829802872e-07.
Epoch 23/25
2/2 [==============================] - 2s 1s/step - loss: 4.2019 - accuracy: 0.1667 - val_loss: 4.2259 - val_accuracy: 0.0000e+00 - lr: 1.2207e-07

Epoch 24: LearningRateScheduler setting learning rate to 6.103515914901436e-08.
Epoch 24/25
2/2 [==============================] - 2s 1s/step - loss: 4.1969 - accuracy: 0.2833 - val_loss: 4.2258 - val_accuracy: 0.0000e+00 - lr: 6.1035e-08

Epoch 25: LearningRateScheduler setting learning rate to 3.051757957450718e-08.
Epoch 25/25
2/2 [==============================] - 2s 1s/step - loss: 4.2131 - accuracy: 0.2167 - val_loss: 4.2258 - val_accuracy: 0.0000e+00 - lr: 3.0518e-08
1/1 [==============================] - 0s 113ms/step - loss: 4.2225 - accuracy: 0.0000e+00
Found 60 images belonging to 6 classes.
Found 5 images belonging to 6 classes.
Found 7 images belonging to 6 classes.

Epoch 1: LearningRateScheduler setting learning rate to 0.0005000000237487257.
Epoch 1/30
2/2 [==============================] - ETA: 0s - loss: 13.4805 - accuracy: 0.2000C:\Users\tom.zbc\PycharmProjects\fungis_bacterias_project\.venv\lib\site-packages\keras\src\engine\training.py:3000: UserWarning: You are saving your model as an HDF5 file via `model.save()`. This file format is considered legacy. We recommend using instead the native Keras format, e.g. `model.save('my_model.keras')`.
  saving_api.save_model(
2/2 [==============================] - 3s 2s/step - loss: 13.4805 - accuracy: 0.2000 - val_loss: 11.3838 - val_accuracy: 0.0000e+00 - lr: 5.0000e-04

Epoch 2: LearningRateScheduler setting learning rate to 0.0005000000237487257.
Epoch 2/30
2/2 [==============================] - 2s 1s/step - loss: 10.9969 - accuracy: 0.1500 - val_loss: 9.2500 - val_accuracy: 0.2000 - lr: 5.0000e-04

Epoch 3: LearningRateScheduler setting learning rate to 0.0005000000237487257.
Epoch 3/30
2/2 [==============================] - 2s 1s/step - loss: 8.9198 - accuracy: 0.1667 - val_loss: 7.8345 - val_accuracy: 0.4000 - lr: 5.0000e-04

Epoch 4: LearningRateScheduler setting learning rate to 0.0005000000237487257.
Epoch 4/30
2/2 [==============================] - 2s 1s/step - loss: 7.7775 - accuracy: 0.1833 - val_loss: 7.0739 - val_accuracy: 0.4000 - lr: 5.0000e-04

Epoch 5: LearningRateScheduler setting learning rate to 0.0005000000237487257.
Epoch 5/30
2/2 [==============================] - 2s 1s/step - loss: 7.0578 - accuracy: 0.1833 - val_loss: 6.6061 - val_accuracy: 0.4000 - lr: 5.0000e-04

Epoch 6: LearningRateScheduler setting learning rate to 0.0005000000237487257.
Epoch 6/30
2/2 [==============================] - 2s 1s/step - loss: 6.6020 - accuracy: 0.1500 - val_loss: 6.3085 - val_accuracy: 0.4000 - lr: 5.0000e-04

Epoch 7: LearningRateScheduler setting learning rate to 0.0005000000237487257.
Epoch 7/30
2/2 [==============================] - 2s 1s/step - loss: 6.2864 - accuracy: 0.2167 - val_loss: 6.0780 - val_accuracy: 0.4000 - lr: 5.0000e-04

Epoch 8: LearningRateScheduler setting learning rate to 0.0005000000237487257.
Epoch 8/30
2/2 [==============================] - 2s 1s/step - loss: 6.0536 - accuracy: 0.1667 - val_loss: 5.8583 - val_accuracy: 0.2000 - lr: 5.0000e-04

Epoch 9: LearningRateScheduler setting learning rate to 0.0005000000237487257.
Epoch 9/30
2/2 [==============================] - 2s 1s/step - loss: 5.8115 - accuracy: 0.2000 - val_loss: 5.6169 - val_accuracy: 0.4000 - lr: 5.0000e-04

Epoch 10: LearningRateScheduler setting learning rate to 0.0005000000237487257.
Epoch 10/30
2/2 [==============================] - 2s 1s/step - loss: 5.5654 - accuracy: 0.2333 - val_loss: 5.3554 - val_accuracy: 0.2000 - lr: 5.0000e-04

Epoch 11: LearningRateScheduler setting learning rate to 0.0005000000237487257.
Epoch 11/30
2/2 [==============================] - 2s 1s/step - loss: 5.2989 - accuracy: 0.1667 - val_loss: 5.0822 - val_accuracy: 0.2000 - lr: 5.0000e-04

Epoch 12: LearningRateScheduler setting learning rate to 0.0002500000118743628.
Epoch 12/30
2/2 [==============================] - 2s 2s/step - loss: 5.0500 - accuracy: 0.1833 - val_loss: 4.9331 - val_accuracy: 0.2000 - lr: 2.5000e-04

Epoch 13: LearningRateScheduler setting learning rate to 0.0001250000059371814.
Epoch 13/30
2/2 [==============================] - 2s 1s/step - loss: 4.9146 - accuracy: 0.2333 - val_loss: 4.8475 - val_accuracy: 0.2000 - lr: 1.2500e-04

Epoch 14: LearningRateScheduler setting learning rate to 6.25000029685907e-05.
Epoch 14/30
2/2 [==============================] - 3s 2s/step - loss: 4.8519 - accuracy: 0.1500 - val_loss: 4.8018 - val_accuracy: 0.2000 - lr: 6.2500e-05

Epoch 15: LearningRateScheduler setting learning rate to 3.125000148429535e-05.
Epoch 15/30
2/2 [==============================] - 2s 1s/step - loss: 4.8220 - accuracy: 0.1500 - val_loss: 4.7772 - val_accuracy: 0.2000 - lr: 3.1250e-05

Epoch 16: LearningRateScheduler setting learning rate to 1.5625000742147677e-05.
Epoch 16/30
2/2 [==============================] - 2s 1s/step - loss: 4.7799 - accuracy: 0.2167 - val_loss: 4.7640 - val_accuracy: 0.2000 - lr: 1.5625e-05

Epoch 17: LearningRateScheduler setting learning rate to 7.812500371073838e-06.
Epoch 17/30
2/2 [==============================] - 2s 1s/step - loss: 4.7688 - accuracy: 0.2833 - val_loss: 4.7571 - val_accuracy: 0.2000 - lr: 7.8125e-06

Epoch 18: LearningRateScheduler setting learning rate to 3.906250185536919e-06.
Epoch 18/30
2/2 [==============================] - 2s 1s/step - loss: 4.7596 - accuracy: 0.2167 - val_loss: 4.7536 - val_accuracy: 0.2000 - lr: 3.9063e-06

Epoch 19: LearningRateScheduler setting learning rate to 1.9531250927684596e-06.
Epoch 19/30
2/2 [==============================] - 2s 1s/step - loss: 4.7711 - accuracy: 0.1333 - val_loss: 4.7518 - val_accuracy: 0.2000 - lr: 1.9531e-06

Epoch 20: LearningRateScheduler setting learning rate to 9.765625463842298e-07.
Epoch 20/30
2/2 [==============================] - 2s 1s/step - loss: 4.7590 - accuracy: 0.2167 - val_loss: 4.7509 - val_accuracy: 0.2000 - lr: 9.7656e-07

Epoch 21: LearningRateScheduler setting learning rate to 4.882812731921149e-07.
Epoch 21/30
2/2 [==============================] - 2s 1s/step - loss: 4.7718 - accuracy: 0.2500 - val_loss: 4.7504 - val_accuracy: 0.2000 - lr: 4.8828e-07

Epoch 22: LearningRateScheduler setting learning rate to 2.4414063659605745e-07.
Epoch 22/30
2/2 [==============================] - 2s 1s/step - loss: 4.7549 - accuracy: 0.2833 - val_loss: 4.7502 - val_accuracy: 0.2000 - lr: 2.4414e-07

Epoch 23: LearningRateScheduler setting learning rate to 1.2207031829802872e-07.
Epoch 23/30
2/2 [==============================] - 2s 1s/step - loss: 4.7541 - accuracy: 0.2000 - val_loss: 4.7500 - val_accuracy: 0.2000 - lr: 1.2207e-07

Epoch 24: LearningRateScheduler setting learning rate to 6.103515914901436e-08.
Epoch 24/30
2/2 [==============================] - 2s 2s/step - loss: 4.7730 - accuracy: 0.2000 - val_loss: 4.7500 - val_accuracy: 0.2000 - lr: 6.1035e-08

Epoch 25: LearningRateScheduler setting learning rate to 3.051757957450718e-08.
Epoch 25/30
2/2 [==============================] - 2s 2s/step - loss: 4.7676 - accuracy: 0.2167 - val_loss: 4.7499 - val_accuracy: 0.2000 - lr: 3.0518e-08

Epoch 26: LearningRateScheduler setting learning rate to 1.525878978725359e-08.
Epoch 26/30
2/2 [==============================] - 2s 2s/step - loss: 4.7490 - accuracy: 0.2833 - val_loss: 4.7499 - val_accuracy: 0.2000 - lr: 1.5259e-08

Epoch 27: LearningRateScheduler setting learning rate to 7.629394893626795e-09.
Epoch 27/30
2/2 [==============================] - 2s 2s/step - loss: 4.7592 - accuracy: 0.1833 - val_loss: 4.7499 - val_accuracy: 0.2000 - lr: 7.6294e-09

Epoch 28: LearningRateScheduler setting learning rate to 3.814697446813398e-09.
Epoch 28/30
2/2 [==============================] - 3s 2s/step - loss: 4.7804 - accuracy: 0.1667 - val_loss: 4.7499 - val_accuracy: 0.2000 - lr: 3.8147e-09

Epoch 29: LearningRateScheduler setting learning rate to 1.907348723406699e-09.
Epoch 29/30
2/2 [==============================] - 3s 2s/step - loss: 4.7766 - accuracy: 0.1500 - val_loss: 4.7499 - val_accuracy: 0.2000 - lr: 1.9073e-09

Epoch 30: LearningRateScheduler setting learning rate to 9.536743617033494e-10.
Epoch 30/30
2/2 [==============================] - 3s 2s/step - loss: 4.7558 - accuracy: 0.2333 - val_loss: 4.7499 - val_accuracy: 0.2000 - lr: 9.5367e-10
1/1 [==============================] - 0s 131ms/step - loss: 4.7687 - accuracy: 0.2857
Found 60 images belonging to 6 classes.
Found 5 images belonging to 6 classes.
Found 7 images belonging to 6 classes.

Epoch 1: LearningRateScheduler setting learning rate to 0.0005000000237487257.
Epoch 1/25
2/2 [==============================] - ETA: 0s - loss: 13.5096 - accuracy: 0.1167C:\Users\tom.zbc\PycharmProjects\fungis_bacterias_project\.venv\lib\site-packages\keras\src\engine\training.py:3000: UserWarning: You are saving your model as an HDF5 file via `model.save()`. This file format is considered legacy. We recommend using instead the native Keras format, e.g. `model.save('my_model.keras')`.
  saving_api.save_model(
2/2 [==============================] - 4s 2s/step - loss: 13.5096 - accuracy: 0.1167 - val_loss: 11.0088 - val_accuracy: 0.2000 - lr: 5.0000e-04

Epoch 2: LearningRateScheduler setting learning rate to 0.0005000000237487257.
Epoch 2/25
2/2 [==============================] - 3s 2s/step - loss: 11.0558 - accuracy: 0.1833 - val_loss: 9.1534 - val_accuracy: 0.4000 - lr: 5.0000e-04

Epoch 3: LearningRateScheduler setting learning rate to 0.0005000000237487257.
Epoch 3/25
2/2 [==============================] - 3s 2s/step - loss: 9.1698 - accuracy: 0.1333 - val_loss: 8.1342 - val_accuracy: 0.2000 - lr: 5.0000e-04

Epoch 4: LearningRateScheduler setting learning rate to 0.0005000000237487257.
Epoch 4/25
2/2 [==============================] - 3s 2s/step - loss: 8.0150 - accuracy: 0.2000 - val_loss: 7.4082 - val_accuracy: 0.0000e+00 - lr: 5.0000e-04

Epoch 5: LearningRateScheduler setting learning rate to 0.0005000000237487257.
Epoch 5/25
2/2 [==============================] - 3s 2s/step - loss: 7.2818 - accuracy: 0.1167 - val_loss: 6.9168 - val_accuracy: 0.0000e+00 - lr: 5.0000e-04

Epoch 6: LearningRateScheduler setting learning rate to 0.0005000000237487257.
Epoch 6/25
2/2 [==============================] - 3s 2s/step - loss: 6.8129 - accuracy: 0.1500 - val_loss: 6.5800 - val_accuracy: 0.0000e+00 - lr: 5.0000e-04

Epoch 7: LearningRateScheduler setting learning rate to 0.0005000000237487257.
Epoch 7/25
2/2 [==============================] - 3s 2s/step - loss: 6.5072 - accuracy: 0.2333 - val_loss: 6.3143 - val_accuracy: 0.0000e+00 - lr: 5.0000e-04

Epoch 8: LearningRateScheduler setting learning rate to 0.0005000000237487257.
Epoch 8/25
2/2 [==============================] - 3s 2s/step - loss: 6.2385 - accuracy: 0.1667 - val_loss: 6.0603 - val_accuracy: 0.2000 - lr: 5.0000e-04

Epoch 9: LearningRateScheduler setting learning rate to 0.0005000000237487257.
Epoch 9/25
2/2 [==============================] - 3s 2s/step - loss: 5.9931 - accuracy: 0.2333 - val_loss: 5.7937 - val_accuracy: 0.2000 - lr: 5.0000e-04

Epoch 10: LearningRateScheduler setting learning rate to 0.0005000000237487257.
Epoch 10/25
2/2 [==============================] - 3s 2s/step - loss: 5.7096 - accuracy: 0.1667 - val_loss: 5.5030 - val_accuracy: 0.2000 - lr: 5.0000e-04

Epoch 11: LearningRateScheduler setting learning rate to 0.0005000000237487257.
Epoch 11/25
2/2 [==============================] - 3s 2s/step - loss: 5.4252 - accuracy: 0.2000 - val_loss: 5.2034 - val_accuracy: 0.2000 - lr: 5.0000e-04

Epoch 12: LearningRateScheduler setting learning rate to 0.0002500000118743628.
Epoch 12/25
2/2 [==============================] - 3s 2s/step - loss: 5.1530 - accuracy: 0.2500 - val_loss: 5.0453 - val_accuracy: 0.2000 - lr: 2.5000e-04

Epoch 13: LearningRateScheduler setting learning rate to 0.0001250000059371814.
Epoch 13/25
2/2 [==============================] - 3s 2s/step - loss: 5.0034 - accuracy: 0.1833 - val_loss: 4.9586 - val_accuracy: 0.2000 - lr: 1.2500e-04

Epoch 14: LearningRateScheduler setting learning rate to 6.25000029685907e-05.
Epoch 14/25
2/2 [==============================] - 3s 2s/step - loss: 4.9287 - accuracy: 0.2000 - val_loss: 4.9106 - val_accuracy: 0.2000 - lr: 6.2500e-05

Epoch 15: LearningRateScheduler setting learning rate to 3.125000148429535e-05.
Epoch 15/25
2/2 [==============================] - 2s 2s/step - loss: 4.8930 - accuracy: 0.2000 - val_loss: 4.8844 - val_accuracy: 0.2000 - lr: 3.1250e-05

Epoch 16: LearningRateScheduler setting learning rate to 1.5625000742147677e-05.
Epoch 16/25
2/2 [==============================] - 2s 2s/step - loss: 4.8747 - accuracy: 0.1833 - val_loss: 4.8705 - val_accuracy: 0.2000 - lr: 1.5625e-05

Epoch 17: LearningRateScheduler setting learning rate to 7.812500371073838e-06.
Epoch 17/25
2/2 [==============================] - 2s 2s/step - loss: 4.8590 - accuracy: 0.1667 - val_loss: 4.8632 - val_accuracy: 0.2000 - lr: 7.8125e-06

Epoch 18: LearningRateScheduler setting learning rate to 3.906250185536919e-06.
Epoch 18/25
2/2 [==============================] - 2s 2s/step - loss: 4.8488 - accuracy: 0.2667 - val_loss: 4.8595 - val_accuracy: 0.2000 - lr: 3.9063e-06

Epoch 19: LearningRateScheduler setting learning rate to 1.9531250927684596e-06.
Epoch 19/25
2/2 [==============================] - 2s 1s/step - loss: 4.8521 - accuracy: 0.1667 - val_loss: 4.8575 - val_accuracy: 0.2000 - lr: 1.9531e-06

Epoch 20: LearningRateScheduler setting learning rate to 9.765625463842298e-07.
Epoch 20/25
2/2 [==============================] - 2s 1s/step - loss: 4.8525 - accuracy: 0.2000 - val_loss: 4.8565 - val_accuracy: 0.2000 - lr: 9.7656e-07

Epoch 21: LearningRateScheduler setting learning rate to 4.882812731921149e-07.
Epoch 21/25
2/2 [==============================] - 2s 1s/step - loss: 4.8444 - accuracy: 0.1833 - val_loss: 4.8560 - val_accuracy: 0.2000 - lr: 4.8828e-07

Epoch 22: LearningRateScheduler setting learning rate to 2.4414063659605745e-07.
Epoch 22/25
2/2 [==============================] - 2s 1s/step - loss: 4.8509 - accuracy: 0.2000 - val_loss: 4.8557 - val_accuracy: 0.2000 - lr: 2.4414e-07

Epoch 23: LearningRateScheduler setting learning rate to 1.2207031829802872e-07.
Epoch 23/25
2/2 [==============================] - 2s 1s/step - loss: 4.8432 - accuracy: 0.1833 - val_loss: 4.8556 - val_accuracy: 0.2000 - lr: 1.2207e-07

Epoch 24: LearningRateScheduler setting learning rate to 6.103515914901436e-08.
Epoch 24/25
2/2 [==============================] - 2s 1s/step - loss: 4.8507 - accuracy: 0.1833 - val_loss: 4.8555 - val_accuracy: 0.2000 - lr: 6.1035e-08

Epoch 25: LearningRateScheduler setting learning rate to 3.051757957450718e-08.
Epoch 25/25
2/2 [==============================] - 2s 1s/step - loss: 4.8381 - accuracy: 0.2167 - val_loss: 4.8555 - val_accuracy: 0.2000 - lr: 3.0518e-08
1/1 [==============================] - 0s 101ms/step - loss: 4.8805 - accuracy: 0.0000e+00
Found 60 images belonging to 6 classes.
Found 5 images belonging to 6 classes.
Found 7 images belonging to 6 classes.

Epoch 1: LearningRateScheduler setting learning rate to 0.0005000000237487257.
Epoch 1/30
2/2 [==============================] - ETA: 0s - loss: 13.1697 - accuracy: 0.1833C:\Users\tom.zbc\PycharmProjects\fungis_bacterias_project\.venv\lib\site-packages\keras\src\engine\training.py:3000: UserWarning: You are saving your model as an HDF5 file via `model.save()`. This file format is considered legacy. We recommend using instead the native Keras format, e.g. `model.save('my_model.keras')`.
  saving_api.save_model(
2/2 [==============================] - 3s 2s/step - loss: 13.1697 - accuracy: 0.1833 - val_loss: 10.5038 - val_accuracy: 0.4000 - lr: 5.0000e-04

Epoch 2: LearningRateScheduler setting learning rate to 0.0005000000237487257.
Epoch 2/30
2/2 [==============================] - 2s 1s/step - loss: 10.5005 - accuracy: 0.1000 - val_loss: 8.8182 - val_accuracy: 0.2000 - lr: 5.0000e-04

Epoch 3: LearningRateScheduler setting learning rate to 0.0005000000237487257.
Epoch 3/30
2/2 [==============================] - 2s 1s/step - loss: 8.7063 - accuracy: 0.1000 - val_loss: 7.5651 - val_accuracy: 0.0000e+00 - lr: 5.0000e-04

Epoch 4: LearningRateScheduler setting learning rate to 0.0005000000237487257.
Epoch 4/30
2/2 [==============================] - 2s 1s/step - loss: 7.3581 - accuracy: 0.1667 - val_loss: 6.7021 - val_accuracy: 0.2000 - lr: 5.0000e-04

Epoch 5: LearningRateScheduler setting learning rate to 0.0005000000237487257.
Epoch 5/30
2/2 [==============================] - 2s 1s/step - loss: 6.5591 - accuracy: 0.1167 - val_loss: 6.1467 - val_accuracy: 0.4000 - lr: 5.0000e-04

Epoch 6: LearningRateScheduler setting learning rate to 0.0005000000237487257.
Epoch 6/30
2/2 [==============================] - 2s 1s/step - loss: 6.0630 - accuracy: 0.2333 - val_loss: 5.7846 - val_accuracy: 0.4000 - lr: 5.0000e-04

Epoch 7: LearningRateScheduler setting learning rate to 0.0005000000237487257.
Epoch 7/30
2/2 [==============================] - 2s 1s/step - loss: 5.7185 - accuracy: 0.1167 - val_loss: 5.5260 - val_accuracy: 0.4000 - lr: 5.0000e-04

Epoch 8: LearningRateScheduler setting learning rate to 0.0005000000237487257.
Epoch 8/30
2/2 [==============================] - 2s 1s/step - loss: 5.4582 - accuracy: 0.2833 - val_loss: 5.2987 - val_accuracy: 0.4000 - lr: 5.0000e-04

Epoch 9: LearningRateScheduler setting learning rate to 0.0005000000237487257.
Epoch 9/30
2/2 [==============================] - 2s 1s/step - loss: 5.2379 - accuracy: 0.2500 - val_loss: 5.0685 - val_accuracy: 0.2000 - lr: 5.0000e-04

Epoch 10: LearningRateScheduler setting learning rate to 0.0005000000237487257.
Epoch 10/30
2/2 [==============================] - 2s 1s/step - loss: 4.9883 - accuracy: 0.2333 - val_loss: 4.8282 - val_accuracy: 0.2000 - lr: 5.0000e-04

Epoch 11: LearningRateScheduler setting learning rate to 0.0005000000237487257.
Epoch 11/30
2/2 [==============================] - 2s 1s/step - loss: 4.7313 - accuracy: 0.1833 - val_loss: 4.5797 - val_accuracy: 0.0000e+00 - lr: 5.0000e-04

Epoch 12: LearningRateScheduler setting learning rate to 0.0002500000118743628.
Epoch 12/30
2/2 [==============================] - 2s 1s/step - loss: 4.4893 - accuracy: 0.1833 - val_loss: 4.4487 - val_accuracy: 0.0000e+00 - lr: 2.5000e-04

Epoch 13: LearningRateScheduler setting learning rate to 0.0001250000059371814.
Epoch 13/30
2/2 [==============================] - 2s 1s/step - loss: 4.3665 - accuracy: 0.2000 - val_loss: 4.3735 - val_accuracy: 0.0000e+00 - lr: 1.2500e-04

Epoch 14: LearningRateScheduler setting learning rate to 6.25000029685907e-05.
Epoch 14/30
2/2 [==============================] - 2s 1s/step - loss: 4.3160 - accuracy: 0.2167 - val_loss: 4.3308 - val_accuracy: 0.0000e+00 - lr: 6.2500e-05

Epoch 15: LearningRateScheduler setting learning rate to 3.125000148429535e-05.
Epoch 15/30
2/2 [==============================] - 2s 1s/step - loss: 4.2481 - accuracy: 0.4000 - val_loss: 4.3073 - val_accuracy: 0.0000e+00 - lr: 3.1250e-05

Epoch 16: LearningRateScheduler setting learning rate to 1.5625000742147677e-05.
Epoch 16/30
2/2 [==============================] - 2s 1s/step - loss: 4.2412 - accuracy: 0.2500 - val_loss: 4.2947 - val_accuracy: 0.0000e+00 - lr: 1.5625e-05

Epoch 17: LearningRateScheduler setting learning rate to 7.812500371073838e-06.
Epoch 17/30
2/2 [==============================] - 2s 1s/step - loss: 4.2446 - accuracy: 0.2500 - val_loss: 4.2881 - val_accuracy: 0.0000e+00 - lr: 7.8125e-06

Epoch 18: LearningRateScheduler setting learning rate to 3.906250185536919e-06.
Epoch 18/30
2/2 [==============================] - 2s 1s/step - loss: 4.2350 - accuracy: 0.2000 - val_loss: 4.2846 - val_accuracy: 0.0000e+00 - lr: 3.9063e-06

Epoch 19: LearningRateScheduler setting learning rate to 1.9531250927684596e-06.
Epoch 19/30
2/2 [==============================] - 2s 1s/step - loss: 4.2171 - accuracy: 0.2333 - val_loss: 4.2828 - val_accuracy: 0.0000e+00 - lr: 1.9531e-06

Epoch 20: LearningRateScheduler setting learning rate to 9.765625463842298e-07.
Epoch 20/30
2/2 [==============================] - 2s 1s/step - loss: 4.2266 - accuracy: 0.1833 - val_loss: 4.2819 - val_accuracy: 0.0000e+00 - lr: 9.7656e-07

Epoch 21: LearningRateScheduler setting learning rate to 4.882812731921149e-07.
Epoch 21/30
2/2 [==============================] - 2s 1s/step - loss: 4.2274 - accuracy: 0.2833 - val_loss: 4.2814 - val_accuracy: 0.0000e+00 - lr: 4.8828e-07

Epoch 22: LearningRateScheduler setting learning rate to 2.4414063659605745e-07.
Epoch 22/30
2/2 [==============================] - 2s 1s/step - loss: 4.2142 - accuracy: 0.2333 - val_loss: 4.2812 - val_accuracy: 0.0000e+00 - lr: 2.4414e-07

Epoch 23: LearningRateScheduler setting learning rate to 1.2207031829802872e-07.
Epoch 23/30
2/2 [==============================] - 2s 1s/step - loss: 4.2115 - accuracy: 0.3667 - val_loss: 4.2811 - val_accuracy: 0.0000e+00 - lr: 1.2207e-07

Epoch 24: LearningRateScheduler setting learning rate to 6.103515914901436e-08.
Epoch 24/30
2/2 [==============================] - 2s 1s/step - loss: 4.2301 - accuracy: 0.2667 - val_loss: 4.2810 - val_accuracy: 0.0000e+00 - lr: 6.1035e-08

Epoch 25: LearningRateScheduler setting learning rate to 3.051757957450718e-08.
Epoch 25/30
2/2 [==============================] - 2s 1s/step - loss: 4.2096 - accuracy: 0.2500 - val_loss: 4.2810 - val_accuracy: 0.0000e+00 - lr: 3.0518e-08

Epoch 26: LearningRateScheduler setting learning rate to 1.525878978725359e-08.
Epoch 26/30
2/2 [==============================] - 2s 1s/step - loss: 4.2287 - accuracy: 0.2000 - val_loss: 4.2810 - val_accuracy: 0.0000e+00 - lr: 1.5259e-08

Epoch 27: LearningRateScheduler setting learning rate to 7.629394893626795e-09.
Epoch 27/30
2/2 [==============================] - 2s 1s/step - loss: 4.2179 - accuracy: 0.2833 - val_loss: 4.2809 - val_accuracy: 0.0000e+00 - lr: 7.6294e-09

Epoch 28: LearningRateScheduler setting learning rate to 3.814697446813398e-09.
Epoch 28/30
2/2 [==============================] - 2s 2s/step - loss: 4.1927 - accuracy: 0.3333 - val_loss: 4.2809 - val_accuracy: 0.0000e+00 - lr: 3.8147e-09

Epoch 29: LearningRateScheduler setting learning rate to 1.907348723406699e-09.
Epoch 29/30
2/2 [==============================] - 2s 2s/step - loss: 4.2381 - accuracy: 0.3333 - val_loss: 4.2809 - val_accuracy: 0.0000e+00 - lr: 1.9073e-09

Epoch 30: LearningRateScheduler setting learning rate to 9.536743617033494e-10.
Epoch 30/30
2/2 [==============================] - 2s 1s/step - loss: 4.2136 - accuracy: 0.2333 - val_loss: 4.2809 - val_accuracy: 0.0000e+00 - lr: 9.5367e-10
1/1 [==============================] - 0s 112ms/step - loss: 4.2779 - accuracy: 0.0000e+00
Found 60 images belonging to 6 classes.
Found 5 images belonging to 6 classes.
Found 7 images belonging to 6 classes.

Epoch 1: LearningRateScheduler setting learning rate to 0.0005000000237487257.
Epoch 1/25
2/2 [==============================] - ETA: 0s - loss: 13.3994 - accuracy: 0.1833C:\Users\tom.zbc\PycharmProjects\fungis_bacterias_project\.venv\lib\site-packages\keras\src\engine\training.py:3000: UserWarning: You are saving your model as an HDF5 file via `model.save()`. This file format is considered legacy. We recommend using instead the native Keras format, e.g. `model.save('my_model.keras')`.
  saving_api.save_model(
2/2 [==============================] - 3s 2s/step - loss: 13.3994 - accuracy: 0.1833 - val_loss: 10.9733 - val_accuracy: 0.4000 - lr: 5.0000e-04

Epoch 2: LearningRateScheduler setting learning rate to 0.0005000000237487257.
Epoch 2/25
2/2 [==============================] - 2s 1s/step - loss: 10.9003 - accuracy: 0.2000 - val_loss: 8.8175 - val_accuracy: 0.6000 - lr: 5.0000e-04

Epoch 3: LearningRateScheduler setting learning rate to 0.0005000000237487257.
Epoch 3/25
2/2 [==============================] - 2s 1s/step - loss: 9.0101 - accuracy: 0.1333 - val_loss: 7.7409 - val_accuracy: 0.2000 - lr: 5.0000e-04

Epoch 4: LearningRateScheduler setting learning rate to 0.0005000000237487257.
Epoch 4/25
2/2 [==============================] - 2s 1s/step - loss: 7.6675 - accuracy: 0.2000 - val_loss: 7.0427 - val_accuracy: 0.2000 - lr: 5.0000e-04

Epoch 5: LearningRateScheduler setting learning rate to 0.0005000000237487257.
Epoch 5/25
2/2 [==============================] - 2s 1s/step - loss: 6.9486 - accuracy: 0.1333 - val_loss: 6.5533 - val_accuracy: 0.2000 - lr: 5.0000e-04

Epoch 6: LearningRateScheduler setting learning rate to 0.0005000000237487257.
Epoch 6/25
2/2 [==============================] - 2s 1s/step - loss: 6.4558 - accuracy: 0.2500 - val_loss: 6.2279 - val_accuracy: 0.0000e+00 - lr: 5.0000e-04

Epoch 7: LearningRateScheduler setting learning rate to 0.0005000000237487257.
Epoch 7/25
2/2 [==============================] - 2s 1s/step - loss: 6.1438 - accuracy: 0.2000 - val_loss: 5.9799 - val_accuracy: 0.0000e+00 - lr: 5.0000e-04

Epoch 8: LearningRateScheduler setting learning rate to 0.0005000000237487257.
Epoch 8/25
2/2 [==============================] - 2s 1s/step - loss: 5.9130 - accuracy: 0.1667 - val_loss: 5.7532 - val_accuracy: 0.0000e+00 - lr: 5.0000e-04

Epoch 9: LearningRateScheduler setting learning rate to 0.0005000000237487257.
Epoch 9/25
2/2 [==============================] - 2s 1s/step - loss: 5.6881 - accuracy: 0.1833 - val_loss: 5.5173 - val_accuracy: 0.2000 - lr: 5.0000e-04

Epoch 10: LearningRateScheduler setting learning rate to 0.0005000000237487257.
Epoch 10/25
2/2 [==============================] - 2s 1s/step - loss: 5.4389 - accuracy: 0.3000 - val_loss: 5.2592 - val_accuracy: 0.2000 - lr: 5.0000e-04

Epoch 11: LearningRateScheduler setting learning rate to 0.0005000000237487257.
Epoch 11/25
2/2 [==============================] - 2s 1s/step - loss: 5.1842 - accuracy: 0.1500 - val_loss: 4.9868 - val_accuracy: 0.2000 - lr: 5.0000e-04

Epoch 12: LearningRateScheduler setting learning rate to 0.0002500000118743628.
Epoch 12/25
2/2 [==============================] - 2s 1s/step - loss: 4.9421 - accuracy: 0.1167 - val_loss: 4.8444 - val_accuracy: 0.0000e+00 - lr: 2.5000e-04

Epoch 13: LearningRateScheduler setting learning rate to 0.0001250000059371814.
Epoch 13/25
2/2 [==============================] - 2s 1s/step - loss: 4.8082 - accuracy: 0.2000 - val_loss: 4.7692 - val_accuracy: 0.0000e+00 - lr: 1.2500e-04

Epoch 14: LearningRateScheduler setting learning rate to 6.25000029685907e-05.
Epoch 14/25
2/2 [==============================] - 2s 1s/step - loss: 4.7438 - accuracy: 0.1833 - val_loss: 4.7275 - val_accuracy: 0.0000e+00 - lr: 6.2500e-05

Epoch 15: LearningRateScheduler setting learning rate to 3.125000148429535e-05.
Epoch 15/25
2/2 [==============================] - 2s 2s/step - loss: 4.7164 - accuracy: 0.1500 - val_loss: 4.7056 - val_accuracy: 0.2000 - lr: 3.1250e-05

Epoch 16: LearningRateScheduler setting learning rate to 1.5625000742147677e-05.
Epoch 16/25
2/2 [==============================] - 2s 1s/step - loss: 4.6904 - accuracy: 0.2167 - val_loss: 4.6938 - val_accuracy: 0.2000 - lr: 1.5625e-05

Epoch 17: LearningRateScheduler setting learning rate to 7.812500371073838e-06.
Epoch 17/25
2/2 [==============================] - 2s 1s/step - loss: 4.6727 - accuracy: 0.2500 - val_loss: 4.6875 - val_accuracy: 0.2000 - lr: 7.8125e-06

Epoch 18: LearningRateScheduler setting learning rate to 3.906250185536919e-06.
Epoch 18/25
2/2 [==============================] - 2s 1s/step - loss: 4.6709 - accuracy: 0.1000 - val_loss: 4.6841 - val_accuracy: 0.2000 - lr: 3.9063e-06

Epoch 19: LearningRateScheduler setting learning rate to 1.9531250927684596e-06.
Epoch 19/25
2/2 [==============================] - 2s 1s/step - loss: 4.6691 - accuracy: 0.1667 - val_loss: 4.6823 - val_accuracy: 0.2000 - lr: 1.9531e-06

Epoch 20: LearningRateScheduler setting learning rate to 9.765625463842298e-07.
Epoch 20/25
2/2 [==============================] - 2s 1s/step - loss: 4.6697 - accuracy: 0.2167 - val_loss: 4.6814 - val_accuracy: 0.2000 - lr: 9.7656e-07

Epoch 21: LearningRateScheduler setting learning rate to 4.882812731921149e-07.
Epoch 21/25
2/2 [==============================] - 2s 1s/step - loss: 4.6604 - accuracy: 0.2667 - val_loss: 4.6809 - val_accuracy: 0.2000 - lr: 4.8828e-07

Epoch 22: LearningRateScheduler setting learning rate to 2.4414063659605745e-07.
Epoch 22/25
2/2 [==============================] - 2s 1s/step - loss: 4.6620 - accuracy: 0.2000 - val_loss: 4.6807 - val_accuracy: 0.2000 - lr: 2.4414e-07

Epoch 23: LearningRateScheduler setting learning rate to 1.2207031829802872e-07.
Epoch 23/25
2/2 [==============================] - 2s 1s/step - loss: 4.6696 - accuracy: 0.2333 - val_loss: 4.6806 - val_accuracy: 0.2000 - lr: 1.2207e-07

Epoch 24: LearningRateScheduler setting learning rate to 6.103515914901436e-08.
Epoch 24/25
2/2 [==============================] - 2s 2s/step - loss: 4.6606 - accuracy: 0.2500 - val_loss: 4.6805 - val_accuracy: 0.2000 - lr: 6.1035e-08

Epoch 25: LearningRateScheduler setting learning rate to 3.051757957450718e-08.
Epoch 25/25
2/2 [==============================] - 2s 2s/step - loss: 4.6753 - accuracy: 0.2000 - val_loss: 4.6805 - val_accuracy: 0.2000 - lr: 3.0518e-08
1/1 [==============================] - 0s 113ms/step - loss: 4.6773 - accuracy: 0.1429
Found 60 images belonging to 6 classes.
Found 5 images belonging to 6 classes.
Found 7 images belonging to 6 classes.

Epoch 1: LearningRateScheduler setting learning rate to 0.0005000000237487257.
Epoch 1/30
2/2 [==============================] - ETA: 0s - loss: 13.4538 - accuracy: 0.1000C:\Users\tom.zbc\PycharmProjects\fungis_bacterias_project\.venv\lib\site-packages\keras\src\engine\training.py:3000: UserWarning: You are saving your model as an HDF5 file via `model.save()`. This file format is considered legacy. We recommend using instead the native Keras format, e.g. `model.save('my_model.keras')`.
  saving_api.save_model(
2/2 [==============================] - 3s 2s/step - loss: 13.4538 - accuracy: 0.1000 - val_loss: 11.1425 - val_accuracy: 0.0000e+00 - lr: 5.0000e-04

Epoch 2: LearningRateScheduler setting learning rate to 0.0005000000237487257.
Epoch 2/30
2/2 [==============================] - 3s 2s/step - loss: 10.5890 - accuracy: 0.1500 - val_loss: 8.8076 - val_accuracy: 0.4000 - lr: 5.0000e-04

Epoch 3: LearningRateScheduler setting learning rate to 0.0005000000237487257.
Epoch 3/30
2/2 [==============================] - 2s 1s/step - loss: 8.8066 - accuracy: 0.2500 - val_loss: 7.5833 - val_accuracy: 0.2000 - lr: 5.0000e-04

Epoch 4: LearningRateScheduler setting learning rate to 0.0005000000237487257.
Epoch 4/30
2/2 [==============================] - 2s 2s/step - loss: 7.4570 - accuracy: 0.2500 - val_loss: 6.8108 - val_accuracy: 0.2000 - lr: 5.0000e-04

Epoch 5: LearningRateScheduler setting learning rate to 0.0005000000237487257.
Epoch 5/30
2/2 [==============================] - 2s 1s/step - loss: 6.6854 - accuracy: 0.2333 - val_loss: 6.3263 - val_accuracy: 0.0000e+00 - lr: 5.0000e-04

Epoch 6: LearningRateScheduler setting learning rate to 0.0005000000237487257.
Epoch 6/30
2/2 [==============================] - 2s 1s/step - loss: 6.2736 - accuracy: 0.1500 - val_loss: 6.0083 - val_accuracy: 0.0000e+00 - lr: 5.0000e-04

Epoch 7: LearningRateScheduler setting learning rate to 0.0005000000237487257.
Epoch 7/30
2/2 [==============================] - 2s 1s/step - loss: 5.9460 - accuracy: 0.2333 - val_loss: 5.7647 - val_accuracy: 0.0000e+00 - lr: 5.0000e-04

Epoch 8: LearningRateScheduler setting learning rate to 0.0005000000237487257.
Epoch 8/30
2/2 [==============================] - 2s 1s/step - loss: 5.7180 - accuracy: 0.2500 - val_loss: 5.5433 - val_accuracy: 0.2000 - lr: 5.0000e-04

Epoch 9: LearningRateScheduler setting learning rate to 0.0005000000237487257.
Epoch 9/30
2/2 [==============================] - 2s 1s/step - loss: 5.4953 - accuracy: 0.1833 - val_loss: 5.3059 - val_accuracy: 0.2000 - lr: 5.0000e-04

Epoch 10: LearningRateScheduler setting learning rate to 0.0005000000237487257.
Epoch 10/30
2/2 [==============================] - 2s 2s/step - loss: 5.2611 - accuracy: 0.2667 - val_loss: 5.0572 - val_accuracy: 0.2000 - lr: 5.0000e-04

Epoch 11: LearningRateScheduler setting learning rate to 0.0005000000237487257.
Epoch 11/30
2/2 [==============================] - 2s 1s/step - loss: 5.0187 - accuracy: 0.1833 - val_loss: 4.7981 - val_accuracy: 0.0000e+00 - lr: 5.0000e-04

Epoch 12: LearningRateScheduler setting learning rate to 0.0002500000118743628.
Epoch 12/30
2/2 [==============================] - 2s 1s/step - loss: 4.8218 - accuracy: 0.1833 - val_loss: 4.6571 - val_accuracy: 0.0000e+00 - lr: 2.5000e-04

Epoch 13: LearningRateScheduler setting learning rate to 0.0001250000059371814.
Epoch 13/30
2/2 [==============================] - 2s 1s/step - loss: 4.6759 - accuracy: 0.2000 - val_loss: 4.5789 - val_accuracy: 0.0000e+00 - lr: 1.2500e-04

Epoch 14: LearningRateScheduler setting learning rate to 6.25000029685907e-05.
Epoch 14/30
2/2 [==============================] - 2s 1s/step - loss: 4.5834 - accuracy: 0.2667 - val_loss: 4.5378 - val_accuracy: 0.0000e+00 - lr: 6.2500e-05

Epoch 15: LearningRateScheduler setting learning rate to 3.125000148429535e-05.
Epoch 15/30
2/2 [==============================] - 2s 1s/step - loss: 4.5625 - accuracy: 0.2000 - val_loss: 4.5155 - val_accuracy: 0.0000e+00 - lr: 3.1250e-05

Epoch 16: LearningRateScheduler setting learning rate to 1.5625000742147677e-05.
Epoch 16/30
2/2 [==============================] - 2s 1s/step - loss: 4.5284 - accuracy: 0.2500 - val_loss: 4.5034 - val_accuracy: 0.0000e+00 - lr: 1.5625e-05

Epoch 17: LearningRateScheduler setting learning rate to 7.812500371073838e-06.
Epoch 17/30
2/2 [==============================] - 2s 1s/step - loss: 4.5493 - accuracy: 0.0833 - val_loss: 4.4970 - val_accuracy: 0.0000e+00 - lr: 7.8125e-06

Epoch 18: LearningRateScheduler setting learning rate to 3.906250185536919e-06.
Epoch 18/30
2/2 [==============================] - 2s 1s/step - loss: 4.5354 - accuracy: 0.1833 - val_loss: 4.4937 - val_accuracy: 0.0000e+00 - lr: 3.9063e-06

Epoch 19: LearningRateScheduler setting learning rate to 1.9531250927684596e-06.
Epoch 19/30
2/2 [==============================] - 2s 1s/step - loss: 4.5387 - accuracy: 0.2667 - val_loss: 4.4921 - val_accuracy: 0.0000e+00 - lr: 1.9531e-06

Epoch 20: LearningRateScheduler setting learning rate to 9.765625463842298e-07.
Epoch 20/30
2/2 [==============================] - 2s 1s/step - loss: 4.5133 - accuracy: 0.2833 - val_loss: 4.4912 - val_accuracy: 0.0000e+00 - lr: 9.7656e-07

Epoch 21: LearningRateScheduler setting learning rate to 4.882812731921149e-07.
Epoch 21/30
2/2 [==============================] - 2s 1s/step - loss: 4.4789 - accuracy: 0.2167 - val_loss: 4.4907 - val_accuracy: 0.0000e+00 - lr: 4.8828e-07

Epoch 22: LearningRateScheduler setting learning rate to 2.4414063659605745e-07.
Epoch 22/30
2/2 [==============================] - 3s 2s/step - loss: 4.5190 - accuracy: 0.3000 - val_loss: 4.4905 - val_accuracy: 0.0000e+00 - lr: 2.4414e-07

Epoch 23: LearningRateScheduler setting learning rate to 1.2207031829802872e-07.
Epoch 23/30
2/2 [==============================] - 3s 2s/step - loss: 4.5156 - accuracy: 0.2333 - val_loss: 4.4903 - val_accuracy: 0.0000e+00 - lr: 1.2207e-07

Epoch 24: LearningRateScheduler setting learning rate to 6.103515914901436e-08.
Epoch 24/30
2/2 [==============================] - 3s 2s/step - loss: 4.5258 - accuracy: 0.1500 - val_loss: 4.4903 - val_accuracy: 0.0000e+00 - lr: 6.1035e-08

Epoch 25: LearningRateScheduler setting learning rate to 3.051757957450718e-08.
Epoch 25/30
2/2 [==============================] - 3s 2s/step - loss: 4.5073 - accuracy: 0.2000 - val_loss: 4.4902 - val_accuracy: 0.0000e+00 - lr: 3.0518e-08

Epoch 26: LearningRateScheduler setting learning rate to 1.525878978725359e-08.
Epoch 26/30
2/2 [==============================] - 3s 2s/step - loss: 4.5217 - accuracy: 0.1667 - val_loss: 4.4902 - val_accuracy: 0.0000e+00 - lr: 1.5259e-08

Epoch 27: LearningRateScheduler setting learning rate to 7.629394893626795e-09.
Epoch 27/30
2/2 [==============================] - 3s 2s/step - loss: 4.5054 - accuracy: 0.2333 - val_loss: 4.4902 - val_accuracy: 0.0000e+00 - lr: 7.6294e-09

Epoch 28: LearningRateScheduler setting learning rate to 3.814697446813398e-09.
Epoch 28/30
2/2 [==============================] - 3s 2s/step - loss: 4.5139 - accuracy: 0.2000 - val_loss: 4.4902 - val_accuracy: 0.0000e+00 - lr: 3.8147e-09

Epoch 29: LearningRateScheduler setting learning rate to 1.907348723406699e-09.
Epoch 29/30
2/2 [==============================] - 3s 2s/step - loss: 4.5224 - accuracy: 0.2833 - val_loss: 4.4902 - val_accuracy: 0.0000e+00 - lr: 1.9073e-09

Epoch 30: LearningRateScheduler setting learning rate to 9.536743617033494e-10.
Epoch 30/30
2/2 [==============================] - 3s 2s/step - loss: 4.5151 - accuracy: 0.2833 - val_loss: 4.4902 - val_accuracy: 0.0000e+00 - lr: 9.5367e-10
1/1 [==============================] - 0s 131ms/step - loss: 4.5121 - accuracy: 0.0000e+00
Found 60 images belonging to 6 classes.
Found 5 images belonging to 6 classes.
Found 7 images belonging to 6 classes.

Epoch 1: LearningRateScheduler setting learning rate to 9.999999747378752e-05.
Epoch 1/25
2/2 [==============================] - ETA: 0s - loss: 12.8784 - accuracy: 0.1333C:\Users\tom.zbc\PycharmProjects\fungis_bacterias_project\.venv\lib\site-packages\keras\src\engine\training.py:3000: UserWarning: You are saving your model as an HDF5 file via `model.save()`. This file format is considered legacy. We recommend using instead the native Keras format, e.g. `model.save('my_model.keras')`.
  saving_api.save_model(
2/2 [==============================] - 2s 1s/step - loss: 12.8784 - accuracy: 0.1333 - val_loss: 12.5121 - val_accuracy: 0.4000 - lr: 1.0000e-04

Epoch 2: LearningRateScheduler setting learning rate to 9.999999747378752e-05.
Epoch 2/25
2/2 [==============================] - 2s 1s/step - loss: 12.4222 - accuracy: 0.1333 - val_loss: 12.1516 - val_accuracy: 0.2000 - lr: 1.0000e-04

Epoch 3: LearningRateScheduler setting learning rate to 9.999999747378752e-05.
Epoch 3/25
2/2 [==============================] - 2s 1s/step - loss: 12.0460 - accuracy: 0.2000 - val_loss: 11.8137 - val_accuracy: 0.2000 - lr: 1.0000e-04

Epoch 4: LearningRateScheduler setting learning rate to 9.999999747378752e-05.
Epoch 4/25
2/2 [==============================] - 2s 1s/step - loss: 11.5796 - accuracy: 0.2167 - val_loss: 11.5404 - val_accuracy: 0.2000 - lr: 1.0000e-04

Epoch 5: LearningRateScheduler setting learning rate to 9.999999747378752e-05.
Epoch 5/25
2/2 [==============================] - 1s 967ms/step - loss: 11.2676 - accuracy: 0.1667 - val_loss: 11.1967 - val_accuracy: 0.0000e+00 - lr: 1.0000e-04

Epoch 6: LearningRateScheduler setting learning rate to 9.999999747378752e-05.
Epoch 6/25
2/2 [==============================] - 2s 1s/step - loss: 10.8717 - accuracy: 0.1500 - val_loss: 10.8405 - val_accuracy: 0.0000e+00 - lr: 1.0000e-04

Epoch 7: LearningRateScheduler setting learning rate to 9.999999747378752e-05.
Epoch 7/25
2/2 [==============================] - 2s 1s/step - loss: 10.5108 - accuracy: 0.1500 - val_loss: 10.4077 - val_accuracy: 0.0000e+00 - lr: 1.0000e-04

Epoch 8: LearningRateScheduler setting learning rate to 9.999999747378752e-05.
Epoch 8/25
2/2 [==============================] - 2s 1s/step - loss: 10.1086 - accuracy: 0.3167 - val_loss: 9.9812 - val_accuracy: 0.2000 - lr: 1.0000e-04

Epoch 9: LearningRateScheduler setting learning rate to 9.999999747378752e-05.
Epoch 9/25
2/2 [==============================] - 2s 1s/step - loss: 9.8341 - accuracy: 0.1833 - val_loss: 9.6236 - val_accuracy: 0.2000 - lr: 1.0000e-04

Epoch 10: LearningRateScheduler setting learning rate to 9.999999747378752e-05.
Epoch 10/25
2/2 [==============================] - 2s 1s/step - loss: 9.6069 - accuracy: 0.1167 - val_loss: 9.2914 - val_accuracy: 0.2000 - lr: 1.0000e-04

Epoch 11: LearningRateScheduler setting learning rate to 9.999999747378752e-05.
Epoch 11/25
2/2 [==============================] - 1s 921ms/step - loss: 9.2227 - accuracy: 0.2333 - val_loss: 8.9707 - val_accuracy: 0.4000 - lr: 1.0000e-04

Epoch 12: LearningRateScheduler setting learning rate to 4.999999873689376e-05.
Epoch 12/25
2/2 [==============================] - 2s 1s/step - loss: 9.0021 - accuracy: 0.1833 - val_loss: 8.8193 - val_accuracy: 0.2000 - lr: 5.0000e-05

Epoch 13: LearningRateScheduler setting learning rate to 2.499999936844688e-05.
Epoch 13/25
2/2 [==============================] - 2s 1s/step - loss: 8.8058 - accuracy: 0.2167 - val_loss: 8.7434 - val_accuracy: 0.4000 - lr: 2.5000e-05

Epoch 14: LearningRateScheduler setting learning rate to 1.249999968422344e-05.
Epoch 14/25
2/2 [==============================] - 2s 1s/step - loss: 8.7915 - accuracy: 0.2000 - val_loss: 8.7075 - val_accuracy: 0.4000 - lr: 1.2500e-05

Epoch 15: LearningRateScheduler setting learning rate to 6.24999984211172e-06.
Epoch 15/25
2/2 [==============================] - 1s 810ms/step - loss: 8.7056 - accuracy: 0.2500 - val_loss: 8.6909 - val_accuracy: 0.4000 - lr: 6.2500e-06

Epoch 16: LearningRateScheduler setting learning rate to 3.12499992105586e-06.
Epoch 16/25
2/2 [==============================] - 2s 1s/step - loss: 8.7554 - accuracy: 0.2500 - val_loss: 8.6827 - val_accuracy: 0.4000 - lr: 3.1250e-06

Epoch 17: LearningRateScheduler setting learning rate to 1.56249996052793e-06.
Epoch 17/25
2/2 [==============================] - 1s 734ms/step - loss: 8.7582 - accuracy: 0.1333 - val_loss: 8.6785 - val_accuracy: 0.4000 - lr: 1.5625e-06

Epoch 18: LearningRateScheduler setting learning rate to 7.81249980263965e-07.
Epoch 18/25
2/2 [==============================] - 1s 984ms/step - loss: 8.6616 - accuracy: 0.3000 - val_loss: 8.6763 - val_accuracy: 0.4000 - lr: 7.8125e-07

Epoch 19: LearningRateScheduler setting learning rate to 3.906249901319825e-07.
Epoch 19/25
2/2 [==============================] - 1s 949ms/step - loss: 8.6151 - accuracy: 0.3333 - val_loss: 8.6752 - val_accuracy: 0.4000 - lr: 3.9062e-07

Epoch 20: LearningRateScheduler setting learning rate to 1.9531249506599124e-07.
Epoch 20/25
2/2 [==============================] - 1s 962ms/step - loss: 8.6838 - accuracy: 0.2667 - val_loss: 8.6747 - val_accuracy: 0.4000 - lr: 1.9531e-07

Epoch 21: LearningRateScheduler setting learning rate to 9.765624753299562e-08.
Epoch 21/25
2/2 [==============================] - 1s 946ms/step - loss: 8.6796 - accuracy: 0.2000 - val_loss: 8.6744 - val_accuracy: 0.4000 - lr: 9.7656e-08

Epoch 22: LearningRateScheduler setting learning rate to 4.882812376649781e-08.
Epoch 22/25
2/2 [==============================] - 1s 812ms/step - loss: 8.7136 - accuracy: 0.2000 - val_loss: 8.6742 - val_accuracy: 0.4000 - lr: 4.8828e-08

Epoch 23: LearningRateScheduler setting learning rate to 2.4414061883248905e-08.
Epoch 23/25
2/2 [==============================] - 1s 917ms/step - loss: 8.6346 - accuracy: 0.3333 - val_loss: 8.6742 - val_accuracy: 0.4000 - lr: 2.4414e-08

Epoch 24: LearningRateScheduler setting learning rate to 1.2207030941624453e-08.
Epoch 24/25
2/2 [==============================] - 1s 758ms/step - loss: 8.6352 - accuracy: 0.3000 - val_loss: 8.6741 - val_accuracy: 0.4000 - lr: 1.2207e-08

Epoch 25: LearningRateScheduler setting learning rate to 6.103515470812226e-09.
Epoch 25/25
2/2 [==============================] - 1s 836ms/step - loss: 8.6988 - accuracy: 0.2833 - val_loss: 8.6741 - val_accuracy: 0.4000 - lr: 6.1035e-09
1/1 [==============================] - 0s 88ms/step - loss: 8.6222 - accuracy: 0.4286
Found 60 images belonging to 6 classes.
Found 5 images belonging to 6 classes.
Found 7 images belonging to 6 classes.

Epoch 1: LearningRateScheduler setting learning rate to 9.999999747378752e-05.
Epoch 1/30
2/2 [==============================] - ETA: 0s - loss: 12.8508 - accuracy: 0.2333C:\Users\tom.zbc\PycharmProjects\fungis_bacterias_project\.venv\lib\site-packages\keras\src\engine\training.py:3000: UserWarning: You are saving your model as an HDF5 file via `model.save()`. This file format is considered legacy. We recommend using instead the native Keras format, e.g. `model.save('my_model.keras')`.
  saving_api.save_model(
2/2 [==============================] - 2s 992ms/step - loss: 12.8508 - accuracy: 0.2333 - val_loss: 12.5479 - val_accuracy: 0.0000e+00 - lr: 1.0000e-04

Epoch 2: LearningRateScheduler setting learning rate to 9.999999747378752e-05.
Epoch 2/30
2/2 [==============================] - 1s 919ms/step - loss: 12.3505 - accuracy: 0.1667 - val_loss: 12.0821 - val_accuracy: 0.0000e+00 - lr: 1.0000e-04

Epoch 3: LearningRateScheduler setting learning rate to 9.999999747378752e-05.
Epoch 3/30
2/2 [==============================] - 2s 1s/step - loss: 11.9384 - accuracy: 0.1167 - val_loss: 11.5905 - val_accuracy: 0.0000e+00 - lr: 1.0000e-04

Epoch 4: LearningRateScheduler setting learning rate to 9.999999747378752e-05.
Epoch 4/30
2/2 [==============================] - 1s 849ms/step - loss: 11.4282 - accuracy: 0.1833 - val_loss: 11.1171 - val_accuracy: 0.0000e+00 - lr: 1.0000e-04

Epoch 5: LearningRateScheduler setting learning rate to 9.999999747378752e-05.
Epoch 5/30
2/2 [==============================] - 1s 964ms/step - loss: 11.0654 - accuracy: 0.1667 - val_loss: 10.6834 - val_accuracy: 0.0000e+00 - lr: 1.0000e-04

Epoch 6: LearningRateScheduler setting learning rate to 9.999999747378752e-05.
Epoch 6/30
2/2 [==============================] - 1s 962ms/step - loss: 10.6963 - accuracy: 0.2333 - val_loss: 10.2797 - val_accuracy: 0.0000e+00 - lr: 1.0000e-04

Epoch 7: LearningRateScheduler setting learning rate to 9.999999747378752e-05.
Epoch 7/30
2/2 [==============================] - 1s 765ms/step - loss: 10.2461 - accuracy: 0.2167 - val_loss: 9.8919 - val_accuracy: 0.4000 - lr: 1.0000e-04

Epoch 8: LearningRateScheduler setting learning rate to 9.999999747378752e-05.
Epoch 8/30
2/2 [==============================] - 1s 915ms/step - loss: 9.9510 - accuracy: 0.1333 - val_loss: 9.5439 - val_accuracy: 0.2000 - lr: 1.0000e-04

Epoch 9: LearningRateScheduler setting learning rate to 9.999999747378752e-05.
Epoch 9/30
2/2 [==============================] - 1s 778ms/step - loss: 9.5623 - accuracy: 0.2167 - val_loss: 9.2189 - val_accuracy: 0.6000 - lr: 1.0000e-04

Epoch 10: LearningRateScheduler setting learning rate to 9.999999747378752e-05.
Epoch 10/30
2/2 [==============================] - 2s 1s/step - loss: 9.2763 - accuracy: 0.1833 - val_loss: 8.8952 - val_accuracy: 0.6000 - lr: 1.0000e-04

Epoch 11: LearningRateScheduler setting learning rate to 9.999999747378752e-05.
Epoch 11/30
2/2 [==============================] - 1s 832ms/step - loss: 8.9437 - accuracy: 0.2167 - val_loss: 8.5927 - val_accuracy: 0.4000 - lr: 1.0000e-04

Epoch 12: LearningRateScheduler setting learning rate to 4.999999873689376e-05.
Epoch 12/30
2/2 [==============================] - 1s 800ms/step - loss: 8.6408 - accuracy: 0.2333 - val_loss: 8.4525 - val_accuracy: 0.4000 - lr: 5.0000e-05

Epoch 13: LearningRateScheduler setting learning rate to 2.499999936844688e-05.
Epoch 13/30
2/2 [==============================] - 1s 769ms/step - loss: 8.5236 - accuracy: 0.2167 - val_loss: 8.3861 - val_accuracy: 0.4000 - lr: 2.5000e-05

Epoch 14: LearningRateScheduler setting learning rate to 1.249999968422344e-05.
Epoch 14/30
2/2 [==============================] - 1s 808ms/step - loss: 8.4279 - accuracy: 0.2333 - val_loss: 8.3509 - val_accuracy: 0.4000 - lr: 1.2500e-05

Epoch 15: LearningRateScheduler setting learning rate to 6.24999984211172e-06.
Epoch 15/30
2/2 [==============================] - 1s 762ms/step - loss: 8.4861 - accuracy: 0.1167 - val_loss: 8.3333 - val_accuracy: 0.4000 - lr: 6.2500e-06

Epoch 16: LearningRateScheduler setting learning rate to 3.12499992105586e-06.
Epoch 16/30
2/2 [==============================] - 1s 837ms/step - loss: 8.4063 - accuracy: 0.2333 - val_loss: 8.3246 - val_accuracy: 0.4000 - lr: 3.1250e-06

Epoch 17: LearningRateScheduler setting learning rate to 1.56249996052793e-06.
Epoch 17/30
2/2 [==============================] - 1s 856ms/step - loss: 8.4313 - accuracy: 0.1833 - val_loss: 8.3203 - val_accuracy: 0.4000 - lr: 1.5625e-06

Epoch 18: LearningRateScheduler setting learning rate to 7.81249980263965e-07.
Epoch 18/30
2/2 [==============================] - 1s 811ms/step - loss: 8.3989 - accuracy: 0.2500 - val_loss: 8.3179 - val_accuracy: 0.4000 - lr: 7.8125e-07

Epoch 19: LearningRateScheduler setting learning rate to 3.906249901319825e-07.
Epoch 19/30
2/2 [==============================] - 2s 951ms/step - loss: 8.3730 - accuracy: 0.3333 - val_loss: 8.3168 - val_accuracy: 0.4000 - lr: 3.9062e-07

Epoch 20: LearningRateScheduler setting learning rate to 1.9531249506599124e-07.
Epoch 20/30
2/2 [==============================] - 1s 725ms/step - loss: 8.3999 - accuracy: 0.2833 - val_loss: 8.3163 - val_accuracy: 0.4000 - lr: 1.9531e-07

Epoch 21: LearningRateScheduler setting learning rate to 9.765624753299562e-08.
Epoch 21/30
2/2 [==============================] - 1s 817ms/step - loss: 8.3652 - accuracy: 0.2833 - val_loss: 8.3160 - val_accuracy: 0.4000 - lr: 9.7656e-08

Epoch 22: LearningRateScheduler setting learning rate to 4.882812376649781e-08.
Epoch 22/30
2/2 [==============================] - 1s 730ms/step - loss: 8.3789 - accuracy: 0.3167 - val_loss: 8.3159 - val_accuracy: 0.4000 - lr: 4.8828e-08

Epoch 23: LearningRateScheduler setting learning rate to 2.4414061883248905e-08.
Epoch 23/30
2/2 [==============================] - 1s 871ms/step - loss: 8.3912 - accuracy: 0.2500 - val_loss: 8.3158 - val_accuracy: 0.4000 - lr: 2.4414e-08

Epoch 24: LearningRateScheduler setting learning rate to 1.2207030941624453e-08.
Epoch 24/30
2/2 [==============================] - 1s 729ms/step - loss: 8.4001 - accuracy: 0.2500 - val_loss: 8.3158 - val_accuracy: 0.4000 - lr: 1.2207e-08

Epoch 25: LearningRateScheduler setting learning rate to 6.103515470812226e-09.
Epoch 25/30
2/2 [==============================] - 1s 810ms/step - loss: 8.3995 - accuracy: 0.2500 - val_loss: 8.3157 - val_accuracy: 0.4000 - lr: 6.1035e-09

Epoch 26: LearningRateScheduler setting learning rate to 3.051757735406113e-09.
Epoch 26/30
2/2 [==============================] - 1s 813ms/step - loss: 8.4381 - accuracy: 0.1500 - val_loss: 8.3157 - val_accuracy: 0.4000 - lr: 3.0518e-09

Epoch 27: LearningRateScheduler setting learning rate to 1.5258788677030566e-09.
Epoch 27/30
2/2 [==============================] - 1s 805ms/step - loss: 8.4409 - accuracy: 0.1833 - val_loss: 8.3157 - val_accuracy: 0.4000 - lr: 1.5259e-09

Epoch 28: LearningRateScheduler setting learning rate to 7.629394338515283e-10.
Epoch 28/30
2/2 [==============================] - 1s 816ms/step - loss: 8.4279 - accuracy: 0.3167 - val_loss: 8.3157 - val_accuracy: 0.4000 - lr: 7.6294e-10

Epoch 29: LearningRateScheduler setting learning rate to 3.8146971692576415e-10.
Epoch 29/30
2/2 [==============================] - 1s 538ms/step - loss: 8.4621 - accuracy: 0.1500 - val_loss: 8.3157 - val_accuracy: 0.4000 - lr: 3.8147e-10

Epoch 30: LearningRateScheduler setting learning rate to 1.9073485846288207e-10.
Epoch 30/30
2/2 [==============================] - 1s 551ms/step - loss: 8.5073 - accuracy: 0.1500 - val_loss: 8.3157 - val_accuracy: 0.4000 - lr: 1.9073e-10
1/1 [==============================] - 0s 98ms/step - loss: 8.4639 - accuracy: 0.1429
Found 60 images belonging to 6 classes.
Found 5 images belonging to 6 classes.
Found 7 images belonging to 6 classes.

Epoch 1: LearningRateScheduler setting learning rate to 9.999999747378752e-05.
Epoch 1/25
2/2 [==============================] - ETA: 0s - loss: 12.8652 - accuracy: 0.1667C:\Users\tom.zbc\PycharmProjects\fungis_bacterias_project\.venv\lib\site-packages\keras\src\engine\training.py:3000: UserWarning: You are saving your model as an HDF5 file via `model.save()`. This file format is considered legacy. We recommend using instead the native Keras format, e.g. `model.save('my_model.keras')`.
  saving_api.save_model(
2/2 [==============================] - 2s 932ms/step - loss: 12.8652 - accuracy: 0.1667 - val_loss: 12.4629 - val_accuracy: 0.2000 - lr: 1.0000e-04

Epoch 2: LearningRateScheduler setting learning rate to 9.999999747378752e-05.
Epoch 2/25
2/2 [==============================] - 1s 829ms/step - loss: 12.4610 - accuracy: 0.1333 - val_loss: 12.0597 - val_accuracy: 0.2000 - lr: 1.0000e-04

Epoch 3: LearningRateScheduler setting learning rate to 9.999999747378752e-05.
Epoch 3/25
2/2 [==============================] - 1s 819ms/step - loss: 12.0242 - accuracy: 0.2000 - val_loss: 11.6792 - val_accuracy: 0.2000 - lr: 1.0000e-04

Epoch 4: LearningRateScheduler setting learning rate to 9.999999747378752e-05.
Epoch 4/25
2/2 [==============================] - 1s 806ms/step - loss: 11.6208 - accuracy: 0.1500 - val_loss: 11.3121 - val_accuracy: 0.2000 - lr: 1.0000e-04

Epoch 5: LearningRateScheduler setting learning rate to 9.999999747378752e-05.
Epoch 5/25
2/2 [==============================] - 1s 800ms/step - loss: 11.3189 - accuracy: 0.1167 - val_loss: 10.9420 - val_accuracy: 0.2000 - lr: 1.0000e-04

Epoch 6: LearningRateScheduler setting learning rate to 9.999999747378752e-05.
Epoch 6/25
2/2 [==============================] - 1s 811ms/step - loss: 10.9192 - accuracy: 0.1667 - val_loss: 10.5804 - val_accuracy: 0.2000 - lr: 1.0000e-04

Epoch 7: LearningRateScheduler setting learning rate to 9.999999747378752e-05.
Epoch 7/25
2/2 [==============================] - 1s 856ms/step - loss: 10.4929 - accuracy: 0.2333 - val_loss: 10.2467 - val_accuracy: 0.2000 - lr: 1.0000e-04

Epoch 8: LearningRateScheduler setting learning rate to 9.999999747378752e-05.
Epoch 8/25
2/2 [==============================] - 1s 855ms/step - loss: 10.1541 - accuracy: 0.2833 - val_loss: 9.9157 - val_accuracy: 0.2000 - lr: 1.0000e-04

Epoch 9: LearningRateScheduler setting learning rate to 9.999999747378752e-05.
Epoch 9/25
2/2 [==============================] - 1s 809ms/step - loss: 9.9358 - accuracy: 0.1667 - val_loss: 9.6184 - val_accuracy: 0.2000 - lr: 1.0000e-04

Epoch 10: LearningRateScheduler setting learning rate to 9.999999747378752e-05.
Epoch 10/25
2/2 [==============================] - 1s 832ms/step - loss: 9.5147 - accuracy: 0.2333 - val_loss: 9.3169 - val_accuracy: 0.0000e+00 - lr: 1.0000e-04

Epoch 11: LearningRateScheduler setting learning rate to 9.999999747378752e-05.
Epoch 11/25
2/2 [==============================] - 1s 854ms/step - loss: 9.3006 - accuracy: 0.1667 - val_loss: 9.0325 - val_accuracy: 0.2000 - lr: 1.0000e-04

Epoch 12: LearningRateScheduler setting learning rate to 4.999999873689376e-05.
Epoch 12/25
2/2 [==============================] - 1s 734ms/step - loss: 9.1002 - accuracy: 0.1500 - val_loss: 8.8975 - val_accuracy: 0.2000 - lr: 5.0000e-05

Epoch 13: LearningRateScheduler setting learning rate to 2.499999936844688e-05.
Epoch 13/25
2/2 [==============================] - 1s 888ms/step - loss: 8.8920 - accuracy: 0.2167 - val_loss: 8.8342 - val_accuracy: 0.4000 - lr: 2.5000e-05

Epoch 14: LearningRateScheduler setting learning rate to 1.249999968422344e-05.
Epoch 14/25
2/2 [==============================] - 2s 1s/step - loss: 8.8318 - accuracy: 0.2833 - val_loss: 8.8017 - val_accuracy: 0.4000 - lr: 1.2500e-05

Epoch 15: LearningRateScheduler setting learning rate to 6.24999984211172e-06.
Epoch 15/25
2/2 [==============================] - 1s 866ms/step - loss: 8.7357 - accuracy: 0.2333 - val_loss: 8.7851 - val_accuracy: 0.4000 - lr: 6.2500e-06

Epoch 16: LearningRateScheduler setting learning rate to 3.12499992105586e-06.
Epoch 16/25
2/2 [==============================] - 1s 864ms/step - loss: 8.8105 - accuracy: 0.2167 - val_loss: 8.7767 - val_accuracy: 0.4000 - lr: 3.1250e-06

Epoch 17: LearningRateScheduler setting learning rate to 1.56249996052793e-06.
Epoch 17/25
2/2 [==============================] - 1s 873ms/step - loss: 8.7331 - accuracy: 0.2667 - val_loss: 8.7725 - val_accuracy: 0.4000 - lr: 1.5625e-06

Epoch 18: LearningRateScheduler setting learning rate to 7.81249980263965e-07.
Epoch 18/25
2/2 [==============================] - 1s 768ms/step - loss: 8.7840 - accuracy: 0.2500 - val_loss: 8.7704 - val_accuracy: 0.4000 - lr: 7.8125e-07

Epoch 19: LearningRateScheduler setting learning rate to 3.906249901319825e-07.
Epoch 19/25
2/2 [==============================] - 1s 852ms/step - loss: 8.8255 - accuracy: 0.2167 - val_loss: 8.7693 - val_accuracy: 0.4000 - lr: 3.9062e-07

Epoch 20: LearningRateScheduler setting learning rate to 1.9531249506599124e-07.
Epoch 20/25
2/2 [==============================] - 1s 863ms/step - loss: 8.7674 - accuracy: 0.2500 - val_loss: 8.7687 - val_accuracy: 0.4000 - lr: 1.9531e-07

Epoch 21: LearningRateScheduler setting learning rate to 9.765624753299562e-08.
Epoch 21/25
2/2 [==============================] - 1s 939ms/step - loss: 8.7553 - accuracy: 0.2667 - val_loss: 8.7685 - val_accuracy: 0.4000 - lr: 9.7656e-08

Epoch 22: LearningRateScheduler setting learning rate to 4.882812376649781e-08.
Epoch 22/25
2/2 [==============================] - 1s 838ms/step - loss: 8.8305 - accuracy: 0.1833 - val_loss: 8.7683 - val_accuracy: 0.4000 - lr: 4.8828e-08

Epoch 23: LearningRateScheduler setting learning rate to 2.4414061883248905e-08.
Epoch 23/25
2/2 [==============================] - 1s 862ms/step - loss: 8.8046 - accuracy: 0.3000 - val_loss: 8.7683 - val_accuracy: 0.4000 - lr: 2.4414e-08

Epoch 24: LearningRateScheduler setting learning rate to 1.2207030941624453e-08.
Epoch 24/25
2/2 [==============================] - 2s 969ms/step - loss: 8.7547 - accuracy: 0.2333 - val_loss: 8.7682 - val_accuracy: 0.4000 - lr: 1.2207e-08

Epoch 25: LearningRateScheduler setting learning rate to 6.103515470812226e-09.
Epoch 25/25
2/2 [==============================] - 1s 987ms/step - loss: 8.8218 - accuracy: 0.2167 - val_loss: 8.7682 - val_accuracy: 0.4000 - lr: 6.1035e-09
1/1 [==============================] - 0s 97ms/step - loss: 8.7071 - accuracy: 0.0000e+00
Found 60 images belonging to 6 classes.
Found 5 images belonging to 6 classes.
Found 7 images belonging to 6 classes.

Epoch 1: LearningRateScheduler setting learning rate to 9.999999747378752e-05.
Epoch 1/30
2/2 [==============================] - ETA: 0s - loss: 12.8854 - accuracy: 0.1500C:\Users\tom.zbc\PycharmProjects\fungis_bacterias_project\.venv\lib\site-packages\keras\src\engine\training.py:3000: UserWarning: You are saving your model as an HDF5 file via `model.save()`. This file format is considered legacy. We recommend using instead the native Keras format, e.g. `model.save('my_model.keras')`.
  saving_api.save_model(
2/2 [==============================] - 2s 878ms/step - loss: 12.8854 - accuracy: 0.1500 - val_loss: 12.4836 - val_accuracy: 0.4000 - lr: 1.0000e-04

Epoch 2: LearningRateScheduler setting learning rate to 9.999999747378752e-05.
Epoch 2/30
2/2 [==============================] - 1s 823ms/step - loss: 12.4986 - accuracy: 0.1333 - val_loss: 12.0935 - val_accuracy: 0.4000 - lr: 1.0000e-04

Epoch 3: LearningRateScheduler setting learning rate to 9.999999747378752e-05.
Epoch 3/30
2/2 [==============================] - 1s 839ms/step - loss: 12.1069 - accuracy: 0.1833 - val_loss: 11.6660 - val_accuracy: 0.4000 - lr: 1.0000e-04

Epoch 4: LearningRateScheduler setting learning rate to 9.999999747378752e-05.
Epoch 4/30
2/2 [==============================] - 1s 796ms/step - loss: 11.7808 - accuracy: 0.1333 - val_loss: 11.4062 - val_accuracy: 0.2000 - lr: 1.0000e-04

Epoch 5: LearningRateScheduler setting learning rate to 9.999999747378752e-05.
Epoch 5/30
2/2 [==============================] - 1s 838ms/step - loss: 11.4238 - accuracy: 0.1167 - val_loss: 11.0619 - val_accuracy: 0.2000 - lr: 1.0000e-04

Epoch 6: LearningRateScheduler setting learning rate to 9.999999747378752e-05.
Epoch 6/30
2/2 [==============================] - 1s 829ms/step - loss: 10.9794 - accuracy: 0.2500 - val_loss: 10.7171 - val_accuracy: 0.2000 - lr: 1.0000e-04

Epoch 7: LearningRateScheduler setting learning rate to 9.999999747378752e-05.
Epoch 7/30
2/2 [==============================] - 1s 765ms/step - loss: 10.6587 - accuracy: 0.2000 - val_loss: 10.3550 - val_accuracy: 0.2000 - lr: 1.0000e-04

Epoch 8: LearningRateScheduler setting learning rate to 9.999999747378752e-05.
Epoch 8/30
2/2 [==============================] - 1s 837ms/step - loss: 10.3066 - accuracy: 0.2667 - val_loss: 10.0163 - val_accuracy: 0.2000 - lr: 1.0000e-04

Epoch 9: LearningRateScheduler setting learning rate to 9.999999747378752e-05.
Epoch 9/30
2/2 [==============================] - 1s 774ms/step - loss: 9.9542 - accuracy: 0.2000 - val_loss: 9.7136 - val_accuracy: 0.2000 - lr: 1.0000e-04

Epoch 10: LearningRateScheduler setting learning rate to 9.999999747378752e-05.
Epoch 10/30
2/2 [==============================] - 1s 818ms/step - loss: 9.6336 - accuracy: 0.2333 - val_loss: 9.3930 - val_accuracy: 0.2000 - lr: 1.0000e-04

Epoch 11: LearningRateScheduler setting learning rate to 9.999999747378752e-05.
Epoch 11/30
2/2 [==============================] - 1s 751ms/step - loss: 9.3492 - accuracy: 0.2667 - val_loss: 9.0891 - val_accuracy: 0.2000 - lr: 1.0000e-04

Epoch 12: LearningRateScheduler setting learning rate to 4.999999873689376e-05.
Epoch 12/30
2/2 [==============================] - 1s 872ms/step - loss: 9.1186 - accuracy: 0.2667 - val_loss: 8.9482 - val_accuracy: 0.2000 - lr: 5.0000e-05

Epoch 13: LearningRateScheduler setting learning rate to 2.499999936844688e-05.
Epoch 13/30
2/2 [==============================] - 1s 834ms/step - loss: 9.0231 - accuracy: 0.1667 - val_loss: 8.8783 - val_accuracy: 0.2000 - lr: 2.5000e-05

Epoch 14: LearningRateScheduler setting learning rate to 1.249999968422344e-05.
Epoch 14/30
2/2 [==============================] - 1s 735ms/step - loss: 8.9221 - accuracy: 0.2667 - val_loss: 8.8477 - val_accuracy: 0.2000 - lr: 1.2500e-05

Epoch 15: LearningRateScheduler setting learning rate to 6.24999984211172e-06.
Epoch 15/30
2/2 [==============================] - 1s 772ms/step - loss: 8.9258 - accuracy: 0.1833 - val_loss: 8.8343 - val_accuracy: 0.2000 - lr: 6.2500e-06

Epoch 16: LearningRateScheduler setting learning rate to 3.12499992105586e-06.
Epoch 16/30
2/2 [==============================] - 1s 831ms/step - loss: 8.9316 - accuracy: 0.2500 - val_loss: 8.8281 - val_accuracy: 0.2000 - lr: 3.1250e-06

Epoch 17: LearningRateScheduler setting learning rate to 1.56249996052793e-06.
Epoch 17/30
2/2 [==============================] - 1s 973ms/step - loss: 8.8733 - accuracy: 0.2167 - val_loss: 8.8246 - val_accuracy: 0.2000 - lr: 1.5625e-06

Epoch 18: LearningRateScheduler setting learning rate to 7.81249980263965e-07.
Epoch 18/30
2/2 [==============================] - 1s 815ms/step - loss: 8.9370 - accuracy: 0.2333 - val_loss: 8.8229 - val_accuracy: 0.2000 - lr: 7.8125e-07

Epoch 19: LearningRateScheduler setting learning rate to 3.906249901319825e-07.
Epoch 19/30
2/2 [==============================] - 1s 793ms/step - loss: 8.9110 - accuracy: 0.1833 - val_loss: 8.8220 - val_accuracy: 0.2000 - lr: 3.9062e-07

Epoch 20: LearningRateScheduler setting learning rate to 1.9531249506599124e-07.
Epoch 20/30
2/2 [==============================] - 1s 760ms/step - loss: 9.0104 - accuracy: 0.1500 - val_loss: 8.8216 - val_accuracy: 0.2000 - lr: 1.9531e-07

Epoch 21: LearningRateScheduler setting learning rate to 9.765624753299562e-08.
Epoch 21/30
2/2 [==============================] - 1s 859ms/step - loss: 8.9251 - accuracy: 0.2333 - val_loss: 8.8213 - val_accuracy: 0.2000 - lr: 9.7656e-08

Epoch 22: LearningRateScheduler setting learning rate to 4.882812376649781e-08.
Epoch 22/30
2/2 [==============================] - 1s 929ms/step - loss: 8.9148 - accuracy: 0.2000 - val_loss: 8.8212 - val_accuracy: 0.2000 - lr: 4.8828e-08

Epoch 23: LearningRateScheduler setting learning rate to 2.4414061883248905e-08.
Epoch 23/30
2/2 [==============================] - 1s 833ms/step - loss: 8.9274 - accuracy: 0.2333 - val_loss: 8.8212 - val_accuracy: 0.2000 - lr: 2.4414e-08

Epoch 24: LearningRateScheduler setting learning rate to 1.2207030941624453e-08.
Epoch 24/30
2/2 [==============================] - 1s 1s/step - loss: 8.9076 - accuracy: 0.1833 - val_loss: 8.8211 - val_accuracy: 0.2000 - lr: 1.2207e-08

Epoch 25: LearningRateScheduler setting learning rate to 6.103515470812226e-09.
Epoch 25/30
2/2 [==============================] - 1s 852ms/step - loss: 8.8859 - accuracy: 0.2500 - val_loss: 8.8211 - val_accuracy: 0.2000 - lr: 6.1035e-09

Epoch 26: LearningRateScheduler setting learning rate to 3.051757735406113e-09.
Epoch 26/30
2/2 [==============================] - 2s 973ms/step - loss: 8.9248 - accuracy: 0.3167 - val_loss: 8.8211 - val_accuracy: 0.2000 - lr: 3.0518e-09

Epoch 27: LearningRateScheduler setting learning rate to 1.5258788677030566e-09.
Epoch 27/30
2/2 [==============================] - 1s 953ms/step - loss: 8.9162 - accuracy: 0.1833 - val_loss: 8.8211 - val_accuracy: 0.2000 - lr: 1.5259e-09

Epoch 28: LearningRateScheduler setting learning rate to 7.629394338515283e-10.
Epoch 28/30
2/2 [==============================] - 1s 825ms/step - loss: 8.8860 - accuracy: 0.2333 - val_loss: 8.8211 - val_accuracy: 0.2000 - lr: 7.6294e-10

Epoch 29: LearningRateScheduler setting learning rate to 3.8146971692576415e-10.
Epoch 29/30
2/2 [==============================] - 1s 957ms/step - loss: 8.8406 - accuracy: 0.3000 - val_loss: 8.8211 - val_accuracy: 0.2000 - lr: 3.8147e-10

Epoch 30: LearningRateScheduler setting learning rate to 1.9073485846288207e-10.
Epoch 30/30
2/2 [==============================] - 1s 461ms/step - loss: 8.9178 - accuracy: 0.3167 - val_loss: 8.8211 - val_accuracy: 0.2000 - lr: 1.9073e-10
1/1 [==============================] - 0s 89ms/step - loss: 8.9337 - accuracy: 0.0000e+00
Found 60 images belonging to 6 classes.
Found 5 images belonging to 6 classes.
Found 7 images belonging to 6 classes.

Epoch 1: LearningRateScheduler setting learning rate to 9.999999747378752e-05.
Epoch 1/25
2/2 [==============================] - ETA: 0s - loss: 12.8971 - accuracy: 0.0833C:\Users\tom.zbc\PycharmProjects\fungis_bacterias_project\.venv\lib\site-packages\keras\src\engine\training.py:3000: UserWarning: You are saving your model as an HDF5 file via `model.save()`. This file format is considered legacy. We recommend using instead the native Keras format, e.g. `model.save('my_model.keras')`.
  saving_api.save_model(
2/2 [==============================] - 2s 990ms/step - loss: 12.8971 - accuracy: 0.0833 - val_loss: 12.4995 - val_accuracy: 0.2000 - lr: 1.0000e-04

Epoch 2: LearningRateScheduler setting learning rate to 9.999999747378752e-05.
Epoch 2/25
2/2 [==============================] - 1s 912ms/step - loss: 12.4114 - accuracy: 0.1833 - val_loss: 12.0337 - val_accuracy: 0.2000 - lr: 1.0000e-04

Epoch 3: LearningRateScheduler setting learning rate to 9.999999747378752e-05.
Epoch 3/25
2/2 [==============================] - 1s 748ms/step - loss: 12.0554 - accuracy: 0.1333 - val_loss: 11.6476 - val_accuracy: 0.4000 - lr: 1.0000e-04

Epoch 4: LearningRateScheduler setting learning rate to 9.999999747378752e-05.
Epoch 4/25
2/2 [==============================] - 1s 758ms/step - loss: 11.6994 - accuracy: 0.1667 - val_loss: 11.2700 - val_accuracy: 0.4000 - lr: 1.0000e-04

Epoch 5: LearningRateScheduler setting learning rate to 9.999999747378752e-05.
Epoch 5/25
2/2 [==============================] - 1s 735ms/step - loss: 11.2785 - accuracy: 0.2167 - val_loss: 10.9094 - val_accuracy: 0.4000 - lr: 1.0000e-04

Epoch 6: LearningRateScheduler setting learning rate to 9.999999747378752e-05.
Epoch 6/25
2/2 [==============================] - 1s 803ms/step - loss: 10.8315 - accuracy: 0.2833 - val_loss: 10.5614 - val_accuracy: 0.4000 - lr: 1.0000e-04

Epoch 7: LearningRateScheduler setting learning rate to 9.999999747378752e-05.
Epoch 7/25
2/2 [==============================] - 1s 801ms/step - loss: 10.6005 - accuracy: 0.2000 - val_loss: 10.2213 - val_accuracy: 0.4000 - lr: 1.0000e-04

Epoch 8: LearningRateScheduler setting learning rate to 9.999999747378752e-05.
Epoch 8/25
2/2 [==============================] - 1s 857ms/step - loss: 10.2228 - accuracy: 0.2333 - val_loss: 9.8968 - val_accuracy: 0.2000 - lr: 1.0000e-04

Epoch 9: LearningRateScheduler setting learning rate to 9.999999747378752e-05.
Epoch 9/25
2/2 [==============================] - 1s 742ms/step - loss: 9.9070 - accuracy: 0.1833 - val_loss: 9.5920 - val_accuracy: 0.2000 - lr: 1.0000e-04

Epoch 10: LearningRateScheduler setting learning rate to 9.999999747378752e-05.
Epoch 10/25
2/2 [==============================] - 1s 914ms/step - loss: 9.5765 - accuracy: 0.2667 - val_loss: 9.2876 - val_accuracy: 0.4000 - lr: 1.0000e-04

Epoch 11: LearningRateScheduler setting learning rate to 9.999999747378752e-05.
Epoch 11/25
2/2 [==============================] - 1s 790ms/step - loss: 9.2768 - accuracy: 0.1833 - val_loss: 8.9936 - val_accuracy: 0.4000 - lr: 1.0000e-04

Epoch 12: LearningRateScheduler setting learning rate to 4.999999873689376e-05.
Epoch 12/25
2/2 [==============================] - 1s 764ms/step - loss: 9.0156 - accuracy: 0.3000 - val_loss: 8.8457 - val_accuracy: 0.4000 - lr: 5.0000e-05

Epoch 13: LearningRateScheduler setting learning rate to 2.499999936844688e-05.
Epoch 13/25
2/2 [==============================] - 1s 810ms/step - loss: 8.9353 - accuracy: 0.2333 - val_loss: 8.7752 - val_accuracy: 0.4000 - lr: 2.5000e-05

Epoch 14: LearningRateScheduler setting learning rate to 1.249999968422344e-05.
Epoch 14/25
2/2 [==============================] - 1s 777ms/step - loss: 8.8499 - accuracy: 0.2500 - val_loss: 8.7408 - val_accuracy: 0.4000 - lr: 1.2500e-05

Epoch 15: LearningRateScheduler setting learning rate to 6.24999984211172e-06.
Epoch 15/25
2/2 [==============================] - 1s 777ms/step - loss: 8.8332 - accuracy: 0.2667 - val_loss: 8.7232 - val_accuracy: 0.4000 - lr: 6.2500e-06

Epoch 16: LearningRateScheduler setting learning rate to 3.12499992105586e-06.
Epoch 16/25
2/2 [==============================] - 1s 766ms/step - loss: 8.7745 - accuracy: 0.2667 - val_loss: 8.7146 - val_accuracy: 0.4000 - lr: 3.1250e-06

Epoch 17: LearningRateScheduler setting learning rate to 1.56249996052793e-06.
Epoch 17/25
2/2 [==============================] - 1s 845ms/step - loss: 8.8554 - accuracy: 0.2500 - val_loss: 8.7102 - val_accuracy: 0.4000 - lr: 1.5625e-06

Epoch 18: LearningRateScheduler setting learning rate to 7.81249980263965e-07.
Epoch 18/25
2/2 [==============================] - 1s 843ms/step - loss: 8.8534 - accuracy: 0.2333 - val_loss: 8.7080 - val_accuracy: 0.4000 - lr: 7.8125e-07

Epoch 19: LearningRateScheduler setting learning rate to 3.906249901319825e-07.
Epoch 19/25
2/2 [==============================] - 1s 781ms/step - loss: 8.8236 - accuracy: 0.1833 - val_loss: 8.7069 - val_accuracy: 0.4000 - lr: 3.9062e-07

Epoch 20: LearningRateScheduler setting learning rate to 1.9531249506599124e-07.
Epoch 20/25
2/2 [==============================] - 1s 860ms/step - loss: 8.8031 - accuracy: 0.3167 - val_loss: 8.7064 - val_accuracy: 0.4000 - lr: 1.9531e-07

Epoch 21: LearningRateScheduler setting learning rate to 9.765624753299562e-08.
Epoch 21/25
2/2 [==============================] - 1s 761ms/step - loss: 8.7621 - accuracy: 0.3500 - val_loss: 8.7061 - val_accuracy: 0.4000 - lr: 9.7656e-08

Epoch 22: LearningRateScheduler setting learning rate to 4.882812376649781e-08.
Epoch 22/25
2/2 [==============================] - 1s 832ms/step - loss: 8.8628 - accuracy: 0.2167 - val_loss: 8.7060 - val_accuracy: 0.4000 - lr: 4.8828e-08

Epoch 23: LearningRateScheduler setting learning rate to 2.4414061883248905e-08.
Epoch 23/25
2/2 [==============================] - 1s 817ms/step - loss: 8.8580 - accuracy: 0.1833 - val_loss: 8.7059 - val_accuracy: 0.4000 - lr: 2.4414e-08

Epoch 24: LearningRateScheduler setting learning rate to 1.2207030941624453e-08.
Epoch 24/25
2/2 [==============================] - 1s 799ms/step - loss: 8.7685 - accuracy: 0.3333 - val_loss: 8.7059 - val_accuracy: 0.4000 - lr: 1.2207e-08

Epoch 25: LearningRateScheduler setting learning rate to 6.103515470812226e-09.
Epoch 25/25
2/2 [==============================] - 1s 842ms/step - loss: 8.8117 - accuracy: 0.3000 - val_loss: 8.7059 - val_accuracy: 0.4000 - lr: 6.1035e-09
1/1 [==============================] - 0s 87ms/step - loss: 8.7103 - accuracy: 0.2857
Found 60 images belonging to 6 classes.
Found 5 images belonging to 6 classes.
Found 7 images belonging to 6 classes.

Epoch 1: LearningRateScheduler setting learning rate to 9.999999747378752e-05.
Epoch 1/30
2/2 [==============================] - ETA: 0s - loss: 12.8666 - accuracy: 0.1333C:\Users\tom.zbc\PycharmProjects\fungis_bacterias_project\.venv\lib\site-packages\keras\src\engine\training.py:3000: UserWarning: You are saving your model as an HDF5 file via `model.save()`. This file format is considered legacy. We recommend using instead the native Keras format, e.g. `model.save('my_model.keras')`.
  saving_api.save_model(
2/2 [==============================] - 2s 1s/step - loss: 12.8666 - accuracy: 0.1333 - val_loss: 12.4434 - val_accuracy: 0.2000 - lr: 1.0000e-04

Epoch 2: LearningRateScheduler setting learning rate to 9.999999747378752e-05.
Epoch 2/30
2/2 [==============================] - 2s 1s/step - loss: 12.3864 - accuracy: 0.2000 - val_loss: 12.0521 - val_accuracy: 0.0000e+00 - lr: 1.0000e-04

Epoch 3: LearningRateScheduler setting learning rate to 9.999999747378752e-05.
Epoch 3/30
2/2 [==============================] - 1s 787ms/step - loss: 11.9351 - accuracy: 0.1833 - val_loss: 11.6213 - val_accuracy: 0.0000e+00 - lr: 1.0000e-04

Epoch 4: LearningRateScheduler setting learning rate to 9.999999747378752e-05.
Epoch 4/30
2/2 [==============================] - 1s 855ms/step - loss: 11.4606 - accuracy: 0.1667 - val_loss: 11.1793 - val_accuracy: 0.2000 - lr: 1.0000e-04

Epoch 5: LearningRateScheduler setting learning rate to 9.999999747378752e-05.
Epoch 5/30
2/2 [==============================] - 1s 826ms/step - loss: 11.1251 - accuracy: 0.1500 - val_loss: 10.7541 - val_accuracy: 0.4000 - lr: 1.0000e-04

Epoch 6: LearningRateScheduler setting learning rate to 9.999999747378752e-05.
Epoch 6/30
2/2 [==============================] - 1s 824ms/step - loss: 10.8198 - accuracy: 0.1167 - val_loss: 10.3063 - val_accuracy: 0.4000 - lr: 1.0000e-04

Epoch 7: LearningRateScheduler setting learning rate to 9.999999747378752e-05.
Epoch 7/30
2/2 [==============================] - 1s 873ms/step - loss: 10.3507 - accuracy: 0.1500 - val_loss: 9.9104 - val_accuracy: 0.4000 - lr: 1.0000e-04

Epoch 8: LearningRateScheduler setting learning rate to 9.999999747378752e-05.
Epoch 8/30
2/2 [==============================] - 1s 762ms/step - loss: 10.0739 - accuracy: 0.1833 - val_loss: 9.5878 - val_accuracy: 0.4000 - lr: 1.0000e-04

Epoch 9: LearningRateScheduler setting learning rate to 9.999999747378752e-05.
Epoch 9/30
2/2 [==============================] - 1s 872ms/step - loss: 9.7321 - accuracy: 0.2500 - val_loss: 9.3026 - val_accuracy: 0.4000 - lr: 1.0000e-04

Epoch 10: LearningRateScheduler setting learning rate to 9.999999747378752e-05.
Epoch 10/30
2/2 [==============================] - 1s 818ms/step - loss: 9.3447 - accuracy: 0.2500 - val_loss: 9.0640 - val_accuracy: 0.6000 - lr: 1.0000e-04

Epoch 11: LearningRateScheduler setting learning rate to 9.999999747378752e-05.
Epoch 11/30
2/2 [==============================] - 1s 883ms/step - loss: 9.0279 - accuracy: 0.1667 - val_loss: 8.8102 - val_accuracy: 0.6000 - lr: 1.0000e-04

Epoch 12: LearningRateScheduler setting learning rate to 4.999999873689376e-05.
Epoch 12/30
2/2 [==============================] - 1s 773ms/step - loss: 8.7833 - accuracy: 0.1833 - val_loss: 8.6702 - val_accuracy: 0.6000 - lr: 5.0000e-05

Epoch 13: LearningRateScheduler setting learning rate to 2.499999936844688e-05.
Epoch 13/30
2/2 [==============================] - 1s 802ms/step - loss: 8.6905 - accuracy: 0.1667 - val_loss: 8.5968 - val_accuracy: 0.6000 - lr: 2.5000e-05

Epoch 14: LearningRateScheduler setting learning rate to 1.249999968422344e-05.
Epoch 14/30
2/2 [==============================] - 1s 789ms/step - loss: 8.5522 - accuracy: 0.2500 - val_loss: 8.5580 - val_accuracy: 0.6000 - lr: 1.2500e-05

Epoch 15: LearningRateScheduler setting learning rate to 6.24999984211172e-06.
Epoch 15/30
2/2 [==============================] - 1s 874ms/step - loss: 8.5970 - accuracy: 0.2500 - val_loss: 8.5375 - val_accuracy: 0.6000 - lr: 6.2500e-06

Epoch 16: LearningRateScheduler setting learning rate to 3.12499992105586e-06.
Epoch 16/30
2/2 [==============================] - 1s 858ms/step - loss: 8.5123 - accuracy: 0.1833 - val_loss: 8.5267 - val_accuracy: 0.6000 - lr: 3.1250e-06

Epoch 17: LearningRateScheduler setting learning rate to 1.56249996052793e-06.
Epoch 17/30
2/2 [==============================] - 1s 866ms/step - loss: 8.5301 - accuracy: 0.3167 - val_loss: 8.5213 - val_accuracy: 0.6000 - lr: 1.5625e-06

Epoch 18: LearningRateScheduler setting learning rate to 7.81249980263965e-07.
Epoch 18/30
2/2 [==============================] - 1s 794ms/step - loss: 8.5560 - accuracy: 0.2167 - val_loss: 8.5185 - val_accuracy: 0.6000 - lr: 7.8125e-07

Epoch 19: LearningRateScheduler setting learning rate to 3.906249901319825e-07.
Epoch 19/30
2/2 [==============================] - 1s 899ms/step - loss: 8.5786 - accuracy: 0.2167 - val_loss: 8.5172 - val_accuracy: 0.6000 - lr: 3.9062e-07

Epoch 20: LearningRateScheduler setting learning rate to 1.9531249506599124e-07.
Epoch 20/30
2/2 [==============================] - 1s 837ms/step - loss: 8.4923 - accuracy: 0.3500 - val_loss: 8.5165 - val_accuracy: 0.6000 - lr: 1.9531e-07

Epoch 21: LearningRateScheduler setting learning rate to 9.765624753299562e-08.
Epoch 21/30
2/2 [==============================] - 1s 827ms/step - loss: 8.5512 - accuracy: 0.2333 - val_loss: 8.5161 - val_accuracy: 0.6000 - lr: 9.7656e-08

Epoch 22: LearningRateScheduler setting learning rate to 4.882812376649781e-08.
Epoch 22/30
2/2 [==============================] - 1s 791ms/step - loss: 8.5784 - accuracy: 0.1833 - val_loss: 8.5159 - val_accuracy: 0.6000 - lr: 4.8828e-08

Epoch 23: LearningRateScheduler setting learning rate to 2.4414061883248905e-08.
Epoch 23/30
2/2 [==============================] - 1s 913ms/step - loss: 8.4445 - accuracy: 0.3000 - val_loss: 8.5159 - val_accuracy: 0.6000 - lr: 2.4414e-08

Epoch 24: LearningRateScheduler setting learning rate to 1.2207030941624453e-08.
Epoch 24/30
2/2 [==============================] - 1s 803ms/step - loss: 8.5079 - accuracy: 0.3000 - val_loss: 8.5158 - val_accuracy: 0.6000 - lr: 1.2207e-08

Epoch 25: LearningRateScheduler setting learning rate to 6.103515470812226e-09.
Epoch 25/30
2/2 [==============================] - 2s 954ms/step - loss: 8.5531 - accuracy: 0.2333 - val_loss: 8.5158 - val_accuracy: 0.6000 - lr: 6.1035e-09

Epoch 26: LearningRateScheduler setting learning rate to 3.051757735406113e-09.
Epoch 26/30
2/2 [==============================] - 1s 810ms/step - loss: 8.5686 - accuracy: 0.2500 - val_loss: 8.5158 - val_accuracy: 0.6000 - lr: 3.0518e-09

Epoch 27: LearningRateScheduler setting learning rate to 1.5258788677030566e-09.
Epoch 27/30
2/2 [==============================] - 1s 878ms/step - loss: 8.5476 - accuracy: 0.1833 - val_loss: 8.5158 - val_accuracy: 0.6000 - lr: 1.5259e-09

Epoch 28: LearningRateScheduler setting learning rate to 7.629394338515283e-10.
Epoch 28/30
2/2 [==============================] - 2s 873ms/step - loss: 8.5511 - accuracy: 0.2000 - val_loss: 8.5158 - val_accuracy: 0.6000 - lr: 7.6294e-10

Epoch 29: LearningRateScheduler setting learning rate to 3.8146971692576415e-10.
Epoch 29/30
2/2 [==============================] - 1s 844ms/step - loss: 8.6267 - accuracy: 0.2000 - val_loss: 8.5158 - val_accuracy: 0.6000 - lr: 3.8147e-10

Epoch 30: LearningRateScheduler setting learning rate to 1.9073485846288207e-10.
Epoch 30/30
2/2 [==============================] - 1s 572ms/step - loss: 8.5009 - accuracy: 0.3333 - val_loss: 8.5158 - val_accuracy: 0.6000 - lr: 1.9073e-10
1/1 [==============================] - 0s 98ms/step - loss: 8.6141 - accuracy: 0.2857
Found 60 images belonging to 6 classes.
Found 5 images belonging to 6 classes.
Found 7 images belonging to 6 classes.

Epoch 1: LearningRateScheduler setting learning rate to 9.999999747378752e-05.
Epoch 1/25
2/2 [==============================] - ETA: 0s - loss: 12.9075 - accuracy: 0.1500C:\Users\tom.zbc\PycharmProjects\fungis_bacterias_project\.venv\lib\site-packages\keras\src\engine\training.py:3000: UserWarning: You are saving your model as an HDF5 file via `model.save()`. This file format is considered legacy. We recommend using instead the native Keras format, e.g. `model.save('my_model.keras')`.
  saving_api.save_model(
2/2 [==============================] - 2s 1s/step - loss: 12.9075 - accuracy: 0.1500 - val_loss: 12.5109 - val_accuracy: 0.0000e+00 - lr: 1.0000e-04

Epoch 2: LearningRateScheduler setting learning rate to 9.999999747378752e-05.
Epoch 2/25
2/2 [==============================] - 1s 817ms/step - loss: 12.3791 - accuracy: 0.2000 - val_loss: 11.9394 - val_accuracy: 0.2000 - lr: 1.0000e-04

Epoch 3: LearningRateScheduler setting learning rate to 9.999999747378752e-05.
Epoch 3/25
2/2 [==============================] - 1s 923ms/step - loss: 12.0493 - accuracy: 0.1667 - val_loss: 11.4958 - val_accuracy: 0.4000 - lr: 1.0000e-04

Epoch 4: LearningRateScheduler setting learning rate to 9.999999747378752e-05.
Epoch 4/25
2/2 [==============================] - 1s 881ms/step - loss: 11.5463 - accuracy: 0.2500 - val_loss: 11.1449 - val_accuracy: 0.2000 - lr: 1.0000e-04

Epoch 5: LearningRateScheduler setting learning rate to 9.999999747378752e-05.
Epoch 5/25
2/2 [==============================] - 2s 969ms/step - loss: 11.2137 - accuracy: 0.2000 - val_loss: 10.8170 - val_accuracy: 0.2000 - lr: 1.0000e-04

Epoch 6: LearningRateScheduler setting learning rate to 9.999999747378752e-05.
Epoch 6/25
2/2 [==============================] - 2s 946ms/step - loss: 10.7803 - accuracy: 0.3000 - val_loss: 10.4811 - val_accuracy: 0.2000 - lr: 1.0000e-04

Epoch 7: LearningRateScheduler setting learning rate to 9.999999747378752e-05.
Epoch 7/25
2/2 [==============================] - 2s 930ms/step - loss: 10.3888 - accuracy: 0.2667 - val_loss: 10.1820 - val_accuracy: 0.2000 - lr: 1.0000e-04

Epoch 8: LearningRateScheduler setting learning rate to 9.999999747378752e-05.
Epoch 8/25
2/2 [==============================] - 2s 1s/step - loss: 10.1198 - accuracy: 0.2000 - val_loss: 9.8710 - val_accuracy: 0.2000 - lr: 1.0000e-04

Epoch 9: LearningRateScheduler setting learning rate to 9.999999747378752e-05.
Epoch 9/25
2/2 [==============================] - 2s 901ms/step - loss: 9.8144 - accuracy: 0.2500 - val_loss: 9.5715 - val_accuracy: 0.2000 - lr: 1.0000e-04

Epoch 10: LearningRateScheduler setting learning rate to 9.999999747378752e-05.
Epoch 10/25
2/2 [==============================] - 2s 957ms/step - loss: 9.5204 - accuracy: 0.1833 - val_loss: 9.2463 - val_accuracy: 0.4000 - lr: 1.0000e-04

Epoch 11: LearningRateScheduler setting learning rate to 9.999999747378752e-05.
Epoch 11/25
2/2 [==============================] - 2s 1s/step - loss: 9.1871 - accuracy: 0.2333 - val_loss: 8.9339 - val_accuracy: 0.2000 - lr: 1.0000e-04

Epoch 12: LearningRateScheduler setting learning rate to 4.999999873689376e-05.
Epoch 12/25
2/2 [==============================] - 2s 873ms/step - loss: 8.9254 - accuracy: 0.3167 - val_loss: 8.7988 - val_accuracy: 0.2000 - lr: 5.0000e-05

Epoch 13: LearningRateScheduler setting learning rate to 2.499999936844688e-05.
Epoch 13/25
2/2 [==============================] - 1s 807ms/step - loss: 8.7592 - accuracy: 0.2333 - val_loss: 8.7319 - val_accuracy: 0.2000 - lr: 2.5000e-05

Epoch 14: LearningRateScheduler setting learning rate to 1.249999968422344e-05.
Epoch 14/25
2/2 [==============================] - 2s 852ms/step - loss: 8.7266 - accuracy: 0.2333 - val_loss: 8.7006 - val_accuracy: 0.2000 - lr: 1.2500e-05

Epoch 15: LearningRateScheduler setting learning rate to 6.24999984211172e-06.
Epoch 15/25
2/2 [==============================] - 1s 769ms/step - loss: 8.7799 - accuracy: 0.1000 - val_loss: 8.6855 - val_accuracy: 0.2000 - lr: 6.2500e-06

Epoch 16: LearningRateScheduler setting learning rate to 3.12499992105586e-06.
Epoch 16/25
2/2 [==============================] - 1s 906ms/step - loss: 8.6915 - accuracy: 0.2333 - val_loss: 8.6785 - val_accuracy: 0.2000 - lr: 3.1250e-06

Epoch 17: LearningRateScheduler setting learning rate to 1.56249996052793e-06.
Epoch 17/25
2/2 [==============================] - 1s 801ms/step - loss: 8.6953 - accuracy: 0.2500 - val_loss: 8.6746 - val_accuracy: 0.2000 - lr: 1.5625e-06

Epoch 18: LearningRateScheduler setting learning rate to 7.81249980263965e-07.
Epoch 18/25
2/2 [==============================] - 1s 778ms/step - loss: 8.8111 - accuracy: 0.1333 - val_loss: 8.6728 - val_accuracy: 0.2000 - lr: 7.8125e-07

Epoch 19: LearningRateScheduler setting learning rate to 3.906249901319825e-07.
Epoch 19/25
2/2 [==============================] - 1s 864ms/step - loss: 8.6283 - accuracy: 0.2333 - val_loss: 8.6717 - val_accuracy: 0.2000 - lr: 3.9062e-07

Epoch 20: LearningRateScheduler setting learning rate to 1.9531249506599124e-07.
Epoch 20/25
2/2 [==============================] - 1s 849ms/step - loss: 8.6698 - accuracy: 0.2167 - val_loss: 8.6712 - val_accuracy: 0.2000 - lr: 1.9531e-07

Epoch 21: LearningRateScheduler setting learning rate to 9.765624753299562e-08.
Epoch 21/25
2/2 [==============================] - 1s 901ms/step - loss: 8.5861 - accuracy: 0.3500 - val_loss: 8.6709 - val_accuracy: 0.2000 - lr: 9.7656e-08

Epoch 22: LearningRateScheduler setting learning rate to 4.882812376649781e-08.
Epoch 22/25
2/2 [==============================] - 1s 880ms/step - loss: 8.7212 - accuracy: 0.2500 - val_loss: 8.6708 - val_accuracy: 0.2000 - lr: 4.8828e-08

Epoch 23: LearningRateScheduler setting learning rate to 2.4414061883248905e-08.
Epoch 23/25
2/2 [==============================] - 1s 860ms/step - loss: 8.6847 - accuracy: 0.2833 - val_loss: 8.6707 - val_accuracy: 0.2000 - lr: 2.4414e-08

Epoch 24: LearningRateScheduler setting learning rate to 1.2207030941624453e-08.
Epoch 24/25
2/2 [==============================] - 1s 891ms/step - loss: 8.6572 - accuracy: 0.2333 - val_loss: 8.6707 - val_accuracy: 0.2000 - lr: 1.2207e-08

Epoch 25: LearningRateScheduler setting learning rate to 6.103515470812226e-09.
Epoch 25/25
2/2 [==============================] - 1s 853ms/step - loss: 8.6251 - accuracy: 0.3667 - val_loss: 8.6707 - val_accuracy: 0.2000 - lr: 6.1035e-09
1/1 [==============================] - 0s 90ms/step - loss: 8.7023 - accuracy: 0.1429
Found 60 images belonging to 6 classes.
Found 5 images belonging to 6 classes.
Found 7 images belonging to 6 classes.

Epoch 1: LearningRateScheduler setting learning rate to 9.999999747378752e-05.
Epoch 1/30
2/2 [==============================] - ETA: 0s - loss: 12.8926 - accuracy: 0.1167C:\Users\tom.zbc\PycharmProjects\fungis_bacterias_project\.venv\lib\site-packages\keras\src\engine\training.py:3000: UserWarning: You are saving your model as an HDF5 file via `model.save()`. This file format is considered legacy. We recommend using instead the native Keras format, e.g. `model.save('my_model.keras')`.
  saving_api.save_model(
2/2 [==============================] - 2s 1s/step - loss: 12.8926 - accuracy: 0.1167 - val_loss: 12.5980 - val_accuracy: 0.2000 - lr: 1.0000e-04

Epoch 2: LearningRateScheduler setting learning rate to 9.999999747378752e-05.
Epoch 2/30
2/2 [==============================] - 1s 889ms/step - loss: 12.4314 - accuracy: 0.2167 - val_loss: 12.1055 - val_accuracy: 0.0000e+00 - lr: 1.0000e-04

Epoch 3: LearningRateScheduler setting learning rate to 9.999999747378752e-05.
Epoch 3/30
2/2 [==============================] - 1s 772ms/step - loss: 12.0752 - accuracy: 0.0500 - val_loss: 11.7317 - val_accuracy: 0.0000e+00 - lr: 1.0000e-04

Epoch 4: LearningRateScheduler setting learning rate to 9.999999747378752e-05.
Epoch 4/30
2/2 [==============================] - 1s 792ms/step - loss: 11.6293 - accuracy: 0.1667 - val_loss: 11.3749 - val_accuracy: 0.2000 - lr: 1.0000e-04

Epoch 5: LearningRateScheduler setting learning rate to 9.999999747378752e-05.
Epoch 5/30
2/2 [==============================] - 2s 973ms/step - loss: 11.2739 - accuracy: 0.1833 - val_loss: 11.0854 - val_accuracy: 0.0000e+00 - lr: 1.0000e-04

Epoch 6: LearningRateScheduler setting learning rate to 9.999999747378752e-05.
Epoch 6/30
2/2 [==============================] - 1s 871ms/step - loss: 10.9233 - accuracy: 0.2000 - val_loss: 10.7314 - val_accuracy: 0.2000 - lr: 1.0000e-04

Epoch 7: LearningRateScheduler setting learning rate to 9.999999747378752e-05.
Epoch 7/30
2/2 [==============================] - 1s 849ms/step - loss: 10.5922 - accuracy: 0.1667 - val_loss: 10.3989 - val_accuracy: 0.2000 - lr: 1.0000e-04

Epoch 8: LearningRateScheduler setting learning rate to 9.999999747378752e-05.
Epoch 8/30
2/2 [==============================] - 1s 790ms/step - loss: 10.2543 - accuracy: 0.1833 - val_loss: 10.0702 - val_accuracy: 0.2000 - lr: 1.0000e-04

Epoch 9: LearningRateScheduler setting learning rate to 9.999999747378752e-05.
Epoch 9/30
2/2 [==============================] - 1s 817ms/step - loss: 9.8878 - accuracy: 0.3000 - val_loss: 9.7330 - val_accuracy: 0.2000 - lr: 1.0000e-04

Epoch 10: LearningRateScheduler setting learning rate to 9.999999747378752e-05.
Epoch 10/30
2/2 [==============================] - 1s 766ms/step - loss: 9.6503 - accuracy: 0.2000 - val_loss: 9.4041 - val_accuracy: 0.2000 - lr: 1.0000e-04

Epoch 11: LearningRateScheduler setting learning rate to 9.999999747378752e-05.
Epoch 11/30
2/2 [==============================] - 1s 863ms/step - loss: 9.2827 - accuracy: 0.2167 - val_loss: 9.0892 - val_accuracy: 0.4000 - lr: 1.0000e-04

Epoch 12: LearningRateScheduler setting learning rate to 4.999999873689376e-05.
Epoch 12/30
2/2 [==============================] - 1s 781ms/step - loss: 9.0327 - accuracy: 0.2500 - val_loss: 8.9352 - val_accuracy: 0.4000 - lr: 5.0000e-05

Epoch 13: LearningRateScheduler setting learning rate to 2.499999936844688e-05.
Epoch 13/30
2/2 [==============================] - 1s 890ms/step - loss: 8.9797 - accuracy: 0.2167 - val_loss: 8.8577 - val_accuracy: 0.4000 - lr: 2.5000e-05

Epoch 14: LearningRateScheduler setting learning rate to 1.249999968422344e-05.
Epoch 14/30
2/2 [==============================] - 1s 935ms/step - loss: 8.9363 - accuracy: 0.2500 - val_loss: 8.8213 - val_accuracy: 0.4000 - lr: 1.2500e-05

Epoch 15: LearningRateScheduler setting learning rate to 6.24999984211172e-06.
Epoch 15/30
2/2 [==============================] - 1s 869ms/step - loss: 8.8849 - accuracy: 0.2000 - val_loss: 8.8038 - val_accuracy: 0.4000 - lr: 6.2500e-06

Epoch 16: LearningRateScheduler setting learning rate to 3.12499992105586e-06.
Epoch 16/30
2/2 [==============================] - 1s 893ms/step - loss: 8.8786 - accuracy: 0.2333 - val_loss: 8.7953 - val_accuracy: 0.4000 - lr: 3.1250e-06

Epoch 17: LearningRateScheduler setting learning rate to 1.56249996052793e-06.
Epoch 17/30
2/2 [==============================] - 1s 897ms/step - loss: 8.8197 - accuracy: 0.2833 - val_loss: 8.7912 - val_accuracy: 0.4000 - lr: 1.5625e-06

Epoch 18: LearningRateScheduler setting learning rate to 7.81249980263965e-07.
Epoch 18/30
2/2 [==============================] - 1s 869ms/step - loss: 8.8399 - accuracy: 0.2833 - val_loss: 8.7891 - val_accuracy: 0.4000 - lr: 7.8125e-07

Epoch 19: LearningRateScheduler setting learning rate to 3.906249901319825e-07.
Epoch 19/30
2/2 [==============================] - 1s 792ms/step - loss: 8.8571 - accuracy: 0.2167 - val_loss: 8.7880 - val_accuracy: 0.4000 - lr: 3.9062e-07

Epoch 20: LearningRateScheduler setting learning rate to 1.9531249506599124e-07.
Epoch 20/30
2/2 [==============================] - 1s 841ms/step - loss: 8.9058 - accuracy: 0.1833 - val_loss: 8.7875 - val_accuracy: 0.4000 - lr: 1.9531e-07

Epoch 21: LearningRateScheduler setting learning rate to 9.765624753299562e-08.
Epoch 21/30
2/2 [==============================] - 1s 955ms/step - loss: 8.7977 - accuracy: 0.3000 - val_loss: 8.7873 - val_accuracy: 0.4000 - lr: 9.7656e-08

Epoch 22: LearningRateScheduler setting learning rate to 4.882812376649781e-08.
Epoch 22/30
2/2 [==============================] - 1s 758ms/step - loss: 8.8574 - accuracy: 0.2500 - val_loss: 8.7871 - val_accuracy: 0.4000 - lr: 4.8828e-08

Epoch 23: LearningRateScheduler setting learning rate to 2.4414061883248905e-08.
Epoch 23/30
2/2 [==============================] - 1s 822ms/step - loss: 8.8076 - accuracy: 0.3167 - val_loss: 8.7871 - val_accuracy: 0.4000 - lr: 2.4414e-08

Epoch 24: LearningRateScheduler setting learning rate to 1.2207030941624453e-08.
Epoch 24/30
2/2 [==============================] - 1s 851ms/step - loss: 8.8666 - accuracy: 0.2500 - val_loss: 8.7870 - val_accuracy: 0.4000 - lr: 1.2207e-08

Epoch 25: LearningRateScheduler setting learning rate to 6.103515470812226e-09.
Epoch 25/30
2/2 [==============================] - 1s 925ms/step - loss: 8.8354 - accuracy: 0.2167 - val_loss: 8.7870 - val_accuracy: 0.4000 - lr: 6.1035e-09

Epoch 26: LearningRateScheduler setting learning rate to 3.051757735406113e-09.
Epoch 26/30
2/2 [==============================] - 2s 962ms/step - loss: 8.8594 - accuracy: 0.2000 - val_loss: 8.7870 - val_accuracy: 0.4000 - lr: 3.0518e-09

Epoch 27: LearningRateScheduler setting learning rate to 1.5258788677030566e-09.
Epoch 27/30
2/2 [==============================] - 1s 844ms/step - loss: 8.7945 - accuracy: 0.3167 - val_loss: 8.7870 - val_accuracy: 0.4000 - lr: 1.5259e-09

Epoch 28: LearningRateScheduler setting learning rate to 7.629394338515283e-10.
Epoch 28/30
2/2 [==============================] - 1s 806ms/step - loss: 8.8347 - accuracy: 0.2500 - val_loss: 8.7870 - val_accuracy: 0.4000 - lr: 7.6294e-10

Epoch 29: LearningRateScheduler setting learning rate to 3.8146971692576415e-10.
Epoch 29/30
2/2 [==============================] - 1s 909ms/step - loss: 8.8536 - accuracy: 0.3167 - val_loss: 8.7870 - val_accuracy: 0.4000 - lr: 3.8147e-10

Epoch 30: LearningRateScheduler setting learning rate to 1.9073485846288207e-10.
Epoch 30/30
2/2 [==============================] - 1s 587ms/step - loss: 8.8638 - accuracy: 0.2667 - val_loss: 8.7870 - val_accuracy: 0.4000 - lr: 1.9073e-10
1/1 [==============================] - 0s 100ms/step - loss: 8.9903 - accuracy: 0.0000e+00
Found 60 images belonging to 6 classes.
Found 5 images belonging to 6 classes.
Found 7 images belonging to 6 classes.

Epoch 1: LearningRateScheduler setting learning rate to 9.999999747378752e-05.
Epoch 1/25
2/2 [==============================] - ETA: 0s - loss: 13.7179 - accuracy: 0.1500C:\Users\tom.zbc\PycharmProjects\fungis_bacterias_project\.venv\lib\site-packages\keras\src\engine\training.py:3000: UserWarning: You are saving your model as an HDF5 file via `model.save()`. This file format is considered legacy. We recommend using instead the native Keras format, e.g. `model.save('my_model.keras')`.
  saving_api.save_model(
2/2 [==============================] - 3s 1s/step - loss: 13.7179 - accuracy: 0.1500 - val_loss: 13.1412 - val_accuracy: 0.2000 - lr: 1.0000e-04

Epoch 2: LearningRateScheduler setting learning rate to 9.999999747378752e-05.
Epoch 2/25
2/2 [==============================] - 2s 1s/step - loss: 12.9861 - accuracy: 0.3000 - val_loss: 12.4062 - val_accuracy: 0.2000 - lr: 1.0000e-04

Epoch 3: LearningRateScheduler setting learning rate to 9.999999747378752e-05.
Epoch 3/25
2/2 [==============================] - 2s 1s/step - loss: 12.4601 - accuracy: 0.1833 - val_loss: 11.7794 - val_accuracy: 0.2000 - lr: 1.0000e-04

Epoch 4: LearningRateScheduler setting learning rate to 9.999999747378752e-05.
Epoch 4/25
2/2 [==============================] - 2s 1s/step - loss: 11.8401 - accuracy: 0.2167 - val_loss: 11.2401 - val_accuracy: 0.4000 - lr: 1.0000e-04

Epoch 5: LearningRateScheduler setting learning rate to 9.999999747378752e-05.
Epoch 5/25
2/2 [==============================] - 2s 1s/step - loss: 11.2689 - accuracy: 0.2833 - val_loss: 10.7290 - val_accuracy: 0.6000 - lr: 1.0000e-04

Epoch 6: LearningRateScheduler setting learning rate to 9.999999747378752e-05.
Epoch 6/25
2/2 [==============================] - 2s 1s/step - loss: 10.7718 - accuracy: 0.2500 - val_loss: 10.2690 - val_accuracy: 0.4000 - lr: 1.0000e-04

Epoch 7: LearningRateScheduler setting learning rate to 9.999999747378752e-05.
Epoch 7/25
2/2 [==============================] - 2s 1s/step - loss: 10.3359 - accuracy: 0.2833 - val_loss: 9.8434 - val_accuracy: 0.4000 - lr: 1.0000e-04

Epoch 8: LearningRateScheduler setting learning rate to 9.999999747378752e-05.
Epoch 8/25
2/2 [==============================] - 2s 1s/step - loss: 9.9293 - accuracy: 0.2167 - val_loss: 9.4425 - val_accuracy: 0.4000 - lr: 1.0000e-04

Epoch 9: LearningRateScheduler setting learning rate to 9.999999747378752e-05.
Epoch 9/25
2/2 [==============================] - 2s 1s/step - loss: 9.5125 - accuracy: 0.3000 - val_loss: 9.0710 - val_accuracy: 0.4000 - lr: 1.0000e-04

Epoch 10: LearningRateScheduler setting learning rate to 9.999999747378752e-05.
Epoch 10/25
2/2 [==============================] - 2s 1s/step - loss: 9.0478 - accuracy: 0.3167 - val_loss: 8.7337 - val_accuracy: 0.2000 - lr: 1.0000e-04

Epoch 11: LearningRateScheduler setting learning rate to 9.999999747378752e-05.
Epoch 11/25
2/2 [==============================] - 2s 1s/step - loss: 8.6523 - accuracy: 0.3167 - val_loss: 8.4208 - val_accuracy: 0.2000 - lr: 1.0000e-04

Epoch 12: LearningRateScheduler setting learning rate to 4.999999873689376e-05.
Epoch 12/25
2/2 [==============================] - 2s 1s/step - loss: 8.4462 - accuracy: 0.2500 - val_loss: 8.2626 - val_accuracy: 0.2000 - lr: 5.0000e-05

Epoch 13: LearningRateScheduler setting learning rate to 2.499999936844688e-05.
Epoch 13/25
2/2 [==============================] - 3s 2s/step - loss: 8.2794 - accuracy: 0.2667 - val_loss: 8.1862 - val_accuracy: 0.2000 - lr: 2.5000e-05

Epoch 14: LearningRateScheduler setting learning rate to 1.249999968422344e-05.
Epoch 14/25
2/2 [==============================] - 2s 2s/step - loss: 8.1579 - accuracy: 0.3000 - val_loss: 8.1471 - val_accuracy: 0.2000 - lr: 1.2500e-05

Epoch 15: LearningRateScheduler setting learning rate to 6.24999984211172e-06.
Epoch 15/25
2/2 [==============================] - 2s 1s/step - loss: 8.0608 - accuracy: 0.3500 - val_loss: 8.1282 - val_accuracy: 0.2000 - lr: 6.2500e-06

Epoch 16: LearningRateScheduler setting learning rate to 3.12499992105586e-06.
Epoch 16/25
2/2 [==============================] - 2s 1s/step - loss: 8.2365 - accuracy: 0.1667 - val_loss: 8.1183 - val_accuracy: 0.2000 - lr: 3.1250e-06

Epoch 17: LearningRateScheduler setting learning rate to 1.56249996052793e-06.
Epoch 17/25
2/2 [==============================] - 2s 1s/step - loss: 8.1475 - accuracy: 0.2667 - val_loss: 8.1132 - val_accuracy: 0.2000 - lr: 1.5625e-06

Epoch 18: LearningRateScheduler setting learning rate to 7.81249980263965e-07.
Epoch 18/25
2/2 [==============================] - 2s 1s/step - loss: 8.0987 - accuracy: 0.2667 - val_loss: 8.1106 - val_accuracy: 0.2000 - lr: 7.8125e-07

Epoch 19: LearningRateScheduler setting learning rate to 3.906249901319825e-07.
Epoch 19/25
2/2 [==============================] - 3s 2s/step - loss: 8.1260 - accuracy: 0.2167 - val_loss: 8.1093 - val_accuracy: 0.2000 - lr: 3.9062e-07

Epoch 20: LearningRateScheduler setting learning rate to 1.9531249506599124e-07.
Epoch 20/25
2/2 [==============================] - 2s 1s/step - loss: 8.1416 - accuracy: 0.2167 - val_loss: 8.1086 - val_accuracy: 0.2000 - lr: 1.9531e-07

Epoch 21: LearningRateScheduler setting learning rate to 9.765624753299562e-08.
Epoch 21/25
2/2 [==============================] - 2s 1s/step - loss: 8.1194 - accuracy: 0.2833 - val_loss: 8.1083 - val_accuracy: 0.2000 - lr: 9.7656e-08

Epoch 22: LearningRateScheduler setting learning rate to 4.882812376649781e-08.
Epoch 22/25
2/2 [==============================] - 2s 1s/step - loss: 8.0902 - accuracy: 0.4000 - val_loss: 8.1081 - val_accuracy: 0.2000 - lr: 4.8828e-08

Epoch 23: LearningRateScheduler setting learning rate to 2.4414061883248905e-08.
Epoch 23/25
2/2 [==============================] - 2s 2s/step - loss: 8.1083 - accuracy: 0.2333 - val_loss: 8.1080 - val_accuracy: 0.2000 - lr: 2.4414e-08

Epoch 24: LearningRateScheduler setting learning rate to 1.2207030941624453e-08.
Epoch 24/25
2/2 [==============================] - 2s 1s/step - loss: 8.0980 - accuracy: 0.2333 - val_loss: 8.1080 - val_accuracy: 0.2000 - lr: 1.2207e-08

Epoch 25: LearningRateScheduler setting learning rate to 6.103515470812226e-09.
Epoch 25/25
2/2 [==============================] - 2s 1s/step - loss: 8.1252 - accuracy: 0.2167 - val_loss: 8.1080 - val_accuracy: 0.2000 - lr: 6.1035e-09
1/1 [==============================] - 0s 113ms/step - loss: 8.1263 - accuracy: 0.0000e+00
Found 60 images belonging to 6 classes.
Found 5 images belonging to 6 classes.
Found 7 images belonging to 6 classes.

Epoch 1: LearningRateScheduler setting learning rate to 9.999999747378752e-05.
Epoch 1/30
2/2 [==============================] - ETA: 0s - loss: 13.6759 - accuracy: 0.2167C:\Users\tom.zbc\PycharmProjects\fungis_bacterias_project\.venv\lib\site-packages\keras\src\engine\training.py:3000: UserWarning: You are saving your model as an HDF5 file via `model.save()`. This file format is considered legacy. We recommend using instead the native Keras format, e.g. `model.save('my_model.keras')`.
  saving_api.save_model(
2/2 [==============================] - 3s 2s/step - loss: 13.6759 - accuracy: 0.2167 - val_loss: 13.1821 - val_accuracy: 0.2000 - lr: 1.0000e-04

Epoch 2: LearningRateScheduler setting learning rate to 9.999999747378752e-05.
Epoch 2/30
2/2 [==============================] - 2s 1s/step - loss: 12.9670 - accuracy: 0.2000 - val_loss: 12.4211 - val_accuracy: 0.2000 - lr: 1.0000e-04

Epoch 3: LearningRateScheduler setting learning rate to 9.999999747378752e-05.
Epoch 3/30
2/2 [==============================] - 2s 1s/step - loss: 12.3200 - accuracy: 0.1667 - val_loss: 11.7114 - val_accuracy: 0.2000 - lr: 1.0000e-04

Epoch 4: LearningRateScheduler setting learning rate to 9.999999747378752e-05.
Epoch 4/30
2/2 [==============================] - 2s 1s/step - loss: 11.7188 - accuracy: 0.1667 - val_loss: 11.1029 - val_accuracy: 0.4000 - lr: 1.0000e-04

Epoch 5: LearningRateScheduler setting learning rate to 9.999999747378752e-05.
Epoch 5/30
2/2 [==============================] - 2s 1s/step - loss: 11.1950 - accuracy: 0.2500 - val_loss: 10.5848 - val_accuracy: 0.2000 - lr: 1.0000e-04

Epoch 6: LearningRateScheduler setting learning rate to 9.999999747378752e-05.
Epoch 6/30
2/2 [==============================] - 2s 2s/step - loss: 10.5728 - accuracy: 0.2667 - val_loss: 10.0930 - val_accuracy: 0.2000 - lr: 1.0000e-04

Epoch 7: LearningRateScheduler setting learning rate to 9.999999747378752e-05.
Epoch 7/30
2/2 [==============================] - 2s 2s/step - loss: 10.0720 - accuracy: 0.2333 - val_loss: 9.6331 - val_accuracy: 0.2000 - lr: 1.0000e-04

Epoch 8: LearningRateScheduler setting learning rate to 9.999999747378752e-05.
Epoch 8/30
2/2 [==============================] - 2s 1s/step - loss: 9.5514 - accuracy: 0.2833 - val_loss: 9.1950 - val_accuracy: 0.2000 - lr: 1.0000e-04

Epoch 9: LearningRateScheduler setting learning rate to 9.999999747378752e-05.
Epoch 9/30
2/2 [==============================] - 2s 1s/step - loss: 9.1759 - accuracy: 0.2167 - val_loss: 8.7908 - val_accuracy: 0.2000 - lr: 1.0000e-04

Epoch 10: LearningRateScheduler setting learning rate to 9.999999747378752e-05.
Epoch 10/30
2/2 [==============================] - 2s 1s/step - loss: 8.8178 - accuracy: 0.2000 - val_loss: 8.4017 - val_accuracy: 0.2000 - lr: 1.0000e-04

Epoch 11: LearningRateScheduler setting learning rate to 9.999999747378752e-05.
Epoch 11/30
2/2 [==============================] - 2s 1s/step - loss: 8.4339 - accuracy: 0.2000 - val_loss: 8.0182 - val_accuracy: 0.4000 - lr: 1.0000e-04

Epoch 12: LearningRateScheduler setting learning rate to 4.999999873689376e-05.
Epoch 12/30
2/2 [==============================] - 2s 1s/step - loss: 8.1110 - accuracy: 0.2167 - val_loss: 7.8407 - val_accuracy: 0.4000 - lr: 5.0000e-05

Epoch 13: LearningRateScheduler setting learning rate to 2.499999936844688e-05.
Epoch 13/30
2/2 [==============================] - 2s 1s/step - loss: 7.9661 - accuracy: 0.1833 - val_loss: 7.7587 - val_accuracy: 0.4000 - lr: 2.5000e-05

Epoch 14: LearningRateScheduler setting learning rate to 1.249999968422344e-05.
Epoch 14/30
2/2 [==============================] - 2s 1s/step - loss: 7.8859 - accuracy: 0.2000 - val_loss: 7.7186 - val_accuracy: 0.4000 - lr: 1.2500e-05

Epoch 15: LearningRateScheduler setting learning rate to 6.24999984211172e-06.
Epoch 15/30
2/2 [==============================] - 2s 1s/step - loss: 7.8050 - accuracy: 0.2000 - val_loss: 7.6989 - val_accuracy: 0.4000 - lr: 6.2500e-06

Epoch 16: LearningRateScheduler setting learning rate to 3.12499992105586e-06.
Epoch 16/30
2/2 [==============================] - 2s 1s/step - loss: 7.7654 - accuracy: 0.2167 - val_loss: 7.6886 - val_accuracy: 0.4000 - lr: 3.1250e-06

Epoch 17: LearningRateScheduler setting learning rate to 1.56249996052793e-06.
Epoch 17/30
2/2 [==============================] - 2s 2s/step - loss: 7.7930 - accuracy: 0.3167 - val_loss: 7.6834 - val_accuracy: 0.4000 - lr: 1.5625e-06

Epoch 18: LearningRateScheduler setting learning rate to 7.81249980263965e-07.
Epoch 18/30
2/2 [==============================] - 2s 1s/step - loss: 7.7972 - accuracy: 0.2167 - val_loss: 7.6809 - val_accuracy: 0.4000 - lr: 7.8125e-07

Epoch 19: LearningRateScheduler setting learning rate to 3.906249901319825e-07.
Epoch 19/30
2/2 [==============================] - 2s 1s/step - loss: 7.7572 - accuracy: 0.2333 - val_loss: 7.6795 - val_accuracy: 0.4000 - lr: 3.9062e-07

Epoch 20: LearningRateScheduler setting learning rate to 1.9531249506599124e-07.
Epoch 20/30
2/2 [==============================] - 2s 1s/step - loss: 7.7806 - accuracy: 0.1667 - val_loss: 7.6788 - val_accuracy: 0.4000 - lr: 1.9531e-07

Epoch 21: LearningRateScheduler setting learning rate to 9.765624753299562e-08.
Epoch 21/30
2/2 [==============================] - 2s 1s/step - loss: 7.7538 - accuracy: 0.2500 - val_loss: 7.6785 - val_accuracy: 0.4000 - lr: 9.7656e-08

Epoch 22: LearningRateScheduler setting learning rate to 4.882812376649781e-08.
Epoch 22/30
2/2 [==============================] - 2s 1s/step - loss: 7.7618 - accuracy: 0.2333 - val_loss: 7.6783 - val_accuracy: 0.4000 - lr: 4.8828e-08

Epoch 23: LearningRateScheduler setting learning rate to 2.4414061883248905e-08.
Epoch 23/30
2/2 [==============================] - 2s 1s/step - loss: 7.7695 - accuracy: 0.2833 - val_loss: 7.6782 - val_accuracy: 0.4000 - lr: 2.4414e-08

Epoch 24: LearningRateScheduler setting learning rate to 1.2207030941624453e-08.
Epoch 24/30
2/2 [==============================] - 2s 1s/step - loss: 7.8016 - accuracy: 0.1667 - val_loss: 7.6782 - val_accuracy: 0.4000 - lr: 1.2207e-08

Epoch 25: LearningRateScheduler setting learning rate to 6.103515470812226e-09.
Epoch 25/30
2/2 [==============================] - 2s 1s/step - loss: 7.8015 - accuracy: 0.2167 - val_loss: 7.6782 - val_accuracy: 0.4000 - lr: 6.1035e-09

Epoch 26: LearningRateScheduler setting learning rate to 3.051757735406113e-09.
Epoch 26/30
2/2 [==============================] - 2s 1s/step - loss: 7.7622 - accuracy: 0.2167 - val_loss: 7.6782 - val_accuracy: 0.4000 - lr: 3.0518e-09

Epoch 27: LearningRateScheduler setting learning rate to 1.5258788677030566e-09.
Epoch 27/30
2/2 [==============================] - 2s 1s/step - loss: 7.8032 - accuracy: 0.3000 - val_loss: 7.6782 - val_accuracy: 0.4000 - lr: 1.5259e-09

Epoch 28: LearningRateScheduler setting learning rate to 7.629394338515283e-10.
Epoch 28/30
2/2 [==============================] - 2s 1s/step - loss: 7.7964 - accuracy: 0.2500 - val_loss: 7.6781 - val_accuracy: 0.4000 - lr: 7.6294e-10

Epoch 29: LearningRateScheduler setting learning rate to 3.8146971692576415e-10.
Epoch 29/30
2/2 [==============================] - 2s 1s/step - loss: 7.7862 - accuracy: 0.2667 - val_loss: 7.6781 - val_accuracy: 0.4000 - lr: 3.8147e-10

Epoch 30: LearningRateScheduler setting learning rate to 1.9073485846288207e-10.
Epoch 30/30
2/2 [==============================] - 2s 723ms/step - loss: 7.8073 - accuracy: 0.1500 - val_loss: 7.6781 - val_accuracy: 0.4000 - lr: 1.9073e-10
1/1 [==============================] - 0s 114ms/step - loss: 7.7416 - accuracy: 0.4286
Found 60 images belonging to 6 classes.
Found 5 images belonging to 6 classes.
Found 7 images belonging to 6 classes.

Epoch 1: LearningRateScheduler setting learning rate to 9.999999747378752e-05.
Epoch 1/25
2/2 [==============================] - ETA: 0s - loss: 13.7227 - accuracy: 0.2000C:\Users\tom.zbc\PycharmProjects\fungis_bacterias_project\.venv\lib\site-packages\keras\src\engine\training.py:3000: UserWarning: You are saving your model as an HDF5 file via `model.save()`. This file format is considered legacy. We recommend using instead the native Keras format, e.g. `model.save('my_model.keras')`.
  saving_api.save_model(
2/2 [==============================] - 3s 1s/step - loss: 13.7227 - accuracy: 0.2000 - val_loss: 13.1144 - val_accuracy: 0.2000 - lr: 1.0000e-04

Epoch 2: LearningRateScheduler setting learning rate to 9.999999747378752e-05.
Epoch 2/25
2/2 [==============================] - 2s 1s/step - loss: 13.0540 - accuracy: 0.2000 - val_loss: 12.6099 - val_accuracy: 0.2000 - lr: 1.0000e-04

Epoch 3: LearningRateScheduler setting learning rate to 9.999999747378752e-05.
Epoch 3/25
2/2 [==============================] - 2s 1s/step - loss: 12.4468 - accuracy: 0.2167 - val_loss: 12.0752 - val_accuracy: 0.2000 - lr: 1.0000e-04

Epoch 4: LearningRateScheduler setting learning rate to 9.999999747378752e-05.
Epoch 4/25
2/2 [==============================] - 2s 1s/step - loss: 11.9869 - accuracy: 0.2000 - val_loss: 11.5016 - val_accuracy: 0.2000 - lr: 1.0000e-04

Epoch 5: LearningRateScheduler setting learning rate to 9.999999747378752e-05.
Epoch 5/25
2/2 [==============================] - 2s 1s/step - loss: 11.4802 - accuracy: 0.2167 - val_loss: 10.9747 - val_accuracy: 0.2000 - lr: 1.0000e-04

Epoch 6: LearningRateScheduler setting learning rate to 9.999999747378752e-05.
Epoch 6/25
2/2 [==============================] - 2s 1s/step - loss: 10.9184 - accuracy: 0.1500 - val_loss: 10.4598 - val_accuracy: 0.2000 - lr: 1.0000e-04

Epoch 7: LearningRateScheduler setting learning rate to 9.999999747378752e-05.
Epoch 7/25
2/2 [==============================] - 2s 1s/step - loss: 10.4257 - accuracy: 0.2667 - val_loss: 10.0110 - val_accuracy: 0.4000 - lr: 1.0000e-04

Epoch 8: LearningRateScheduler setting learning rate to 9.999999747378752e-05.
Epoch 8/25
2/2 [==============================] - 3s 2s/step - loss: 9.8715 - accuracy: 0.2833 - val_loss: 9.5751 - val_accuracy: 0.4000 - lr: 1.0000e-04

Epoch 9: LearningRateScheduler setting learning rate to 9.999999747378752e-05.
Epoch 9/25
2/2 [==============================] - 2s 2s/step - loss: 9.5235 - accuracy: 0.2167 - val_loss: 9.1586 - val_accuracy: 0.4000 - lr: 1.0000e-04

Epoch 10: LearningRateScheduler setting learning rate to 9.999999747378752e-05.
Epoch 10/25
2/2 [==============================] - 2s 1s/step - loss: 9.2035 - accuracy: 0.2833 - val_loss: 8.7662 - val_accuracy: 0.4000 - lr: 1.0000e-04

Epoch 11: LearningRateScheduler setting learning rate to 9.999999747378752e-05.
Epoch 11/25
2/2 [==============================] - 2s 1s/step - loss: 8.8074 - accuracy: 0.1500 - val_loss: 8.4010 - val_accuracy: 0.4000 - lr: 1.0000e-04

Epoch 12: LearningRateScheduler setting learning rate to 4.999999873689376e-05.
Epoch 12/25
2/2 [==============================] - 2s 1s/step - loss: 8.5179 - accuracy: 0.1667 - val_loss: 8.2263 - val_accuracy: 0.4000 - lr: 5.0000e-05

Epoch 13: LearningRateScheduler setting learning rate to 2.499999936844688e-05.
Epoch 13/25
2/2 [==============================] - 2s 2s/step - loss: 8.2410 - accuracy: 0.3667 - val_loss: 8.1384 - val_accuracy: 0.4000 - lr: 2.5000e-05

Epoch 14: LearningRateScheduler setting learning rate to 1.249999968422344e-05.
Epoch 14/25
2/2 [==============================] - 2s 2s/step - loss: 8.2404 - accuracy: 0.2000 - val_loss: 8.0944 - val_accuracy: 0.4000 - lr: 1.2500e-05

Epoch 15: LearningRateScheduler setting learning rate to 6.24999984211172e-06.
Epoch 15/25
2/2 [==============================] - 2s 1s/step - loss: 8.2610 - accuracy: 0.1333 - val_loss: 8.0728 - val_accuracy: 0.4000 - lr: 6.2500e-06

Epoch 16: LearningRateScheduler setting learning rate to 3.12499992105586e-06.
Epoch 16/25
2/2 [==============================] - 2s 1s/step - loss: 8.1971 - accuracy: 0.2167 - val_loss: 8.0623 - val_accuracy: 0.4000 - lr: 3.1250e-06

Epoch 17: LearningRateScheduler setting learning rate to 1.56249996052793e-06.
Epoch 17/25
2/2 [==============================] - 2s 1s/step - loss: 8.1681 - accuracy: 0.2667 - val_loss: 8.0569 - val_accuracy: 0.4000 - lr: 1.5625e-06

Epoch 18: LearningRateScheduler setting learning rate to 7.81249980263965e-07.
Epoch 18/25
2/2 [==============================] - 2s 1s/step - loss: 8.1592 - accuracy: 0.2167 - val_loss: 8.0542 - val_accuracy: 0.4000 - lr: 7.8125e-07

Epoch 19: LearningRateScheduler setting learning rate to 3.906249901319825e-07.
Epoch 19/25
2/2 [==============================] - 2s 1s/step - loss: 8.1586 - accuracy: 0.2833 - val_loss: 8.0529 - val_accuracy: 0.4000 - lr: 3.9062e-07

Epoch 20: LearningRateScheduler setting learning rate to 1.9531249506599124e-07.
Epoch 20/25
2/2 [==============================] - 2s 1s/step - loss: 8.1805 - accuracy: 0.2000 - val_loss: 8.0522 - val_accuracy: 0.4000 - lr: 1.9531e-07

Epoch 21: LearningRateScheduler setting learning rate to 9.765624753299562e-08.
Epoch 21/25
2/2 [==============================] - 2s 1s/step - loss: 8.1592 - accuracy: 0.2500 - val_loss: 8.0518 - val_accuracy: 0.4000 - lr: 9.7656e-08

Epoch 22: LearningRateScheduler setting learning rate to 4.882812376649781e-08.
Epoch 22/25
2/2 [==============================] - 2s 1s/step - loss: 8.1696 - accuracy: 0.2667 - val_loss: 8.0517 - val_accuracy: 0.4000 - lr: 4.8828e-08

Epoch 23: LearningRateScheduler setting learning rate to 2.4414061883248905e-08.
Epoch 23/25
2/2 [==============================] - 2s 1s/step - loss: 8.1510 - accuracy: 0.3167 - val_loss: 8.0516 - val_accuracy: 0.4000 - lr: 2.4414e-08

Epoch 24: LearningRateScheduler setting learning rate to 1.2207030941624453e-08.
Epoch 24/25
2/2 [==============================] - 2s 1s/step - loss: 8.1986 - accuracy: 0.2000 - val_loss: 8.0515 - val_accuracy: 0.4000 - lr: 1.2207e-08

Epoch 25: LearningRateScheduler setting learning rate to 6.103515470812226e-09.
Epoch 25/25
2/2 [==============================] - 2s 1s/step - loss: 8.1371 - accuracy: 0.2833 - val_loss: 8.0515 - val_accuracy: 0.4000 - lr: 6.1035e-09
1/1 [==============================] - 0s 104ms/step - loss: 8.1912 - accuracy: 0.2857
Found 60 images belonging to 6 classes.
Found 5 images belonging to 6 classes.
Found 7 images belonging to 6 classes.

Epoch 1: LearningRateScheduler setting learning rate to 9.999999747378752e-05.
Epoch 1/30
2/2 [==============================] - ETA: 0s - loss: 13.6824 - accuracy: 0.2000C:\Users\tom.zbc\PycharmProjects\fungis_bacterias_project\.venv\lib\site-packages\keras\src\engine\training.py:3000: UserWarning: You are saving your model as an HDF5 file via `model.save()`. This file format is considered legacy. We recommend using instead the native Keras format, e.g. `model.save('my_model.keras')`.
  saving_api.save_model(
2/2 [==============================] - 3s 1s/step - loss: 13.6824 - accuracy: 0.2000 - val_loss: 13.1370 - val_accuracy: 0.2000 - lr: 1.0000e-04

Epoch 2: LearningRateScheduler setting learning rate to 9.999999747378752e-05.
Epoch 2/30
2/2 [==============================] - 2s 1s/step - loss: 13.1324 - accuracy: 0.1500 - val_loss: 12.6015 - val_accuracy: 0.2000 - lr: 1.0000e-04

Epoch 3: LearningRateScheduler setting learning rate to 9.999999747378752e-05.
Epoch 3/30
2/2 [==============================] - 2s 1s/step - loss: 12.5423 - accuracy: 0.1500 - val_loss: 12.0313 - val_accuracy: 0.2000 - lr: 1.0000e-04

Epoch 4: LearningRateScheduler setting learning rate to 9.999999747378752e-05.
Epoch 4/30
2/2 [==============================] - 2s 1s/step - loss: 12.0064 - accuracy: 0.1333 - val_loss: 11.4275 - val_accuracy: 0.2000 - lr: 1.0000e-04

Epoch 5: LearningRateScheduler setting learning rate to 9.999999747378752e-05.
Epoch 5/30
2/2 [==============================] - 2s 1s/step - loss: 11.4963 - accuracy: 0.2000 - val_loss: 10.8818 - val_accuracy: 0.4000 - lr: 1.0000e-04

Epoch 6: LearningRateScheduler setting learning rate to 9.999999747378752e-05.
Epoch 6/30
2/2 [==============================] - 2s 1s/step - loss: 10.9627 - accuracy: 0.1667 - val_loss: 10.4203 - val_accuracy: 0.4000 - lr: 1.0000e-04

Epoch 7: LearningRateScheduler setting learning rate to 9.999999747378752e-05.
Epoch 7/30
2/2 [==============================] - 2s 1s/step - loss: 10.4110 - accuracy: 0.2667 - val_loss: 9.9905 - val_accuracy: 0.4000 - lr: 1.0000e-04

Epoch 8: LearningRateScheduler setting learning rate to 9.999999747378752e-05.
Epoch 8/30
2/2 [==============================] - 2s 1s/step - loss: 10.0119 - accuracy: 0.1667 - val_loss: 9.5722 - val_accuracy: 0.4000 - lr: 1.0000e-04

Epoch 9: LearningRateScheduler setting learning rate to 9.999999747378752e-05.
Epoch 9/30
2/2 [==============================] - 2s 1s/step - loss: 9.5535 - accuracy: 0.2167 - val_loss: 9.1778 - val_accuracy: 0.4000 - lr: 1.0000e-04

Epoch 10: LearningRateScheduler setting learning rate to 9.999999747378752e-05.
Epoch 10/30
2/2 [==============================] - 2s 1s/step - loss: 9.2029 - accuracy: 0.2333 - val_loss: 8.8116 - val_accuracy: 0.4000 - lr: 1.0000e-04

Epoch 11: LearningRateScheduler setting learning rate to 9.999999747378752e-05.
Epoch 11/30
2/2 [==============================] - 2s 1s/step - loss: 8.8131 - accuracy: 0.1667 - val_loss: 8.4800 - val_accuracy: 0.4000 - lr: 1.0000e-04

Epoch 12: LearningRateScheduler setting learning rate to 4.999999873689376e-05.
Epoch 12/30
2/2 [==============================] - 2s 2s/step - loss: 8.5411 - accuracy: 0.1667 - val_loss: 8.3227 - val_accuracy: 0.4000 - lr: 5.0000e-05

Epoch 13: LearningRateScheduler setting learning rate to 2.499999936844688e-05.
Epoch 13/30
2/2 [==============================] - 2s 1s/step - loss: 8.3079 - accuracy: 0.2667 - val_loss: 8.2418 - val_accuracy: 0.4000 - lr: 2.5000e-05

Epoch 14: LearningRateScheduler setting learning rate to 1.249999968422344e-05.
Epoch 14/30
2/2 [==============================] - 2s 1s/step - loss: 8.2764 - accuracy: 0.2500 - val_loss: 8.2008 - val_accuracy: 0.4000 - lr: 1.2500e-05

Epoch 15: LearningRateScheduler setting learning rate to 6.24999984211172e-06.
Epoch 15/30
2/2 [==============================] - 2s 1s/step - loss: 8.2191 - accuracy: 0.2333 - val_loss: 8.1810 - val_accuracy: 0.4000 - lr: 6.2500e-06

Epoch 16: LearningRateScheduler setting learning rate to 3.12499992105586e-06.
Epoch 16/30
2/2 [==============================] - 2s 1s/step - loss: 8.2257 - accuracy: 0.1833 - val_loss: 8.1711 - val_accuracy: 0.4000 - lr: 3.1250e-06

Epoch 17: LearningRateScheduler setting learning rate to 1.56249996052793e-06.
Epoch 17/30
2/2 [==============================] - 2s 1s/step - loss: 8.2451 - accuracy: 0.1833 - val_loss: 8.1660 - val_accuracy: 0.4000 - lr: 1.5625e-06

Epoch 18: LearningRateScheduler setting learning rate to 7.81249980263965e-07.
Epoch 18/30
2/2 [==============================] - 2s 1s/step - loss: 8.2208 - accuracy: 0.2167 - val_loss: 8.1634 - val_accuracy: 0.4000 - lr: 7.8125e-07

Epoch 19: LearningRateScheduler setting learning rate to 3.906249901319825e-07.
Epoch 19/30
2/2 [==============================] - 2s 1s/step - loss: 8.2353 - accuracy: 0.2000 - val_loss: 8.1622 - val_accuracy: 0.4000 - lr: 3.9062e-07

Epoch 20: LearningRateScheduler setting learning rate to 1.9531249506599124e-07.
Epoch 20/30
2/2 [==============================] - 2s 1s/step - loss: 8.1927 - accuracy: 0.3167 - val_loss: 8.1615 - val_accuracy: 0.4000 - lr: 1.9531e-07

Epoch 21: LearningRateScheduler setting learning rate to 9.765624753299562e-08.
Epoch 21/30
2/2 [==============================] - 2s 1s/step - loss: 8.2198 - accuracy: 0.2167 - val_loss: 8.1612 - val_accuracy: 0.4000 - lr: 9.7656e-08

Epoch 22: LearningRateScheduler setting learning rate to 4.882812376649781e-08.
Epoch 22/30
2/2 [==============================] - 2s 1s/step - loss: 8.1868 - accuracy: 0.1833 - val_loss: 8.1610 - val_accuracy: 0.4000 - lr: 4.8828e-08

Epoch 23: LearningRateScheduler setting learning rate to 2.4414061883248905e-08.
Epoch 23/30
2/2 [==============================] - 2s 1s/step - loss: 8.2430 - accuracy: 0.1333 - val_loss: 8.1610 - val_accuracy: 0.4000 - lr: 2.4414e-08

Epoch 24: LearningRateScheduler setting learning rate to 1.2207030941624453e-08.
Epoch 24/30
2/2 [==============================] - 2s 1s/step - loss: 8.2193 - accuracy: 0.2167 - val_loss: 8.1609 - val_accuracy: 0.4000 - lr: 1.2207e-08

Epoch 25: LearningRateScheduler setting learning rate to 6.103515470812226e-09.
Epoch 25/30
2/2 [==============================] - 2s 1s/step - loss: 8.2228 - accuracy: 0.2000 - val_loss: 8.1609 - val_accuracy: 0.4000 - lr: 6.1035e-09

Epoch 26: LearningRateScheduler setting learning rate to 3.051757735406113e-09.
Epoch 26/30
2/2 [==============================] - 2s 1s/step - loss: 8.2282 - accuracy: 0.2167 - val_loss: 8.1609 - val_accuracy: 0.4000 - lr: 3.0518e-09

Epoch 27: LearningRateScheduler setting learning rate to 1.5258788677030566e-09.
Epoch 27/30
2/2 [==============================] - 2s 1s/step - loss: 8.1689 - accuracy: 0.3000 - val_loss: 8.1609 - val_accuracy: 0.4000 - lr: 1.5259e-09

Epoch 28: LearningRateScheduler setting learning rate to 7.629394338515283e-10.
Epoch 28/30
2/2 [==============================] - 2s 1s/step - loss: 8.2173 - accuracy: 0.2333 - val_loss: 8.1609 - val_accuracy: 0.4000 - lr: 7.6294e-10

Epoch 29: LearningRateScheduler setting learning rate to 3.8146971692576415e-10.
Epoch 29/30
2/2 [==============================] - 2s 2s/step - loss: 8.2005 - accuracy: 0.2333 - val_loss: 8.1609 - val_accuracy: 0.4000 - lr: 3.8147e-10

Epoch 30: LearningRateScheduler setting learning rate to 1.9073485846288207e-10.
Epoch 30/30
2/2 [==============================] - 2s 691ms/step - loss: 8.1659 - accuracy: 0.2833 - val_loss: 8.1609 - val_accuracy: 0.4000 - lr: 1.9073e-10
1/1 [==============================] - 0s 128ms/step - loss: 8.2273 - accuracy: 0.0000e+00
Found 60 images belonging to 6 classes.
Found 5 images belonging to 6 classes.
Found 7 images belonging to 6 classes.

Epoch 1: LearningRateScheduler setting learning rate to 9.999999747378752e-05.
Epoch 1/25
2/2 [==============================] - ETA: 0s - loss: 13.7287 - accuracy: 0.1333C:\Users\tom.zbc\PycharmProjects\fungis_bacterias_project\.venv\lib\site-packages\keras\src\engine\training.py:3000: UserWarning: You are saving your model as an HDF5 file via `model.save()`. This file format is considered legacy. We recommend using instead the native Keras format, e.g. `model.save('my_model.keras')`.
  saving_api.save_model(
2/2 [==============================] - 3s 1s/step - loss: 13.7287 - accuracy: 0.1333 - val_loss: 13.2165 - val_accuracy: 0.4000 - lr: 1.0000e-04

Epoch 2: LearningRateScheduler setting learning rate to 9.999999747378752e-05.
Epoch 2/25
2/2 [==============================] - 2s 1s/step - loss: 12.9605 - accuracy: 0.2833 - val_loss: 12.3598 - val_accuracy: 0.4000 - lr: 1.0000e-04

Epoch 3: LearningRateScheduler setting learning rate to 9.999999747378752e-05.
Epoch 3/25
2/2 [==============================] - 2s 1s/step - loss: 12.3918 - accuracy: 0.1500 - val_loss: 11.6873 - val_accuracy: 0.4000 - lr: 1.0000e-04

Epoch 4: LearningRateScheduler setting learning rate to 9.999999747378752e-05.
Epoch 4/25
2/2 [==============================] - 2s 1s/step - loss: 11.8990 - accuracy: 0.2167 - val_loss: 11.1615 - val_accuracy: 0.2000 - lr: 1.0000e-04

Epoch 5: LearningRateScheduler setting learning rate to 9.999999747378752e-05.
Epoch 5/25
2/2 [==============================] - 2s 1s/step - loss: 11.2755 - accuracy: 0.2000 - val_loss: 10.7588 - val_accuracy: 0.4000 - lr: 1.0000e-04

Epoch 6: LearningRateScheduler setting learning rate to 9.999999747378752e-05.
Epoch 6/25
2/2 [==============================] - 2s 1s/step - loss: 10.7166 - accuracy: 0.2500 - val_loss: 10.3277 - val_accuracy: 0.4000 - lr: 1.0000e-04

Epoch 7: LearningRateScheduler setting learning rate to 9.999999747378752e-05.
Epoch 7/25
2/2 [==============================] - 2s 1s/step - loss: 10.2961 - accuracy: 0.2333 - val_loss: 9.9067 - val_accuracy: 0.4000 - lr: 1.0000e-04

Epoch 8: LearningRateScheduler setting learning rate to 9.999999747378752e-05.
Epoch 8/25
2/2 [==============================] - 2s 1s/step - loss: 9.8359 - accuracy: 0.1833 - val_loss: 9.4652 - val_accuracy: 0.4000 - lr: 1.0000e-04

Epoch 9: LearningRateScheduler setting learning rate to 9.999999747378752e-05.
Epoch 9/25
2/2 [==============================] - 2s 1s/step - loss: 9.3268 - accuracy: 0.2333 - val_loss: 9.0382 - val_accuracy: 0.2000 - lr: 1.0000e-04

Epoch 10: LearningRateScheduler setting learning rate to 9.999999747378752e-05.
Epoch 10/25
2/2 [==============================] - 2s 1s/step - loss: 8.9847 - accuracy: 0.1833 - val_loss: 8.6255 - val_accuracy: 0.2000 - lr: 1.0000e-04

Epoch 11: LearningRateScheduler setting learning rate to 9.999999747378752e-05.
Epoch 11/25
2/2 [==============================] - 2s 1s/step - loss: 8.5566 - accuracy: 0.2667 - val_loss: 8.2156 - val_accuracy: 0.4000 - lr: 1.0000e-04

Epoch 12: LearningRateScheduler setting learning rate to 4.999999873689376e-05.
Epoch 12/25
2/2 [==============================] - 3s 2s/step - loss: 8.2797 - accuracy: 0.1667 - val_loss: 8.0262 - val_accuracy: 0.6000 - lr: 5.0000e-05

Epoch 13: LearningRateScheduler setting learning rate to 2.499999936844688e-05.
Epoch 13/25
2/2 [==============================] - 2s 1s/step - loss: 8.1143 - accuracy: 0.2000 - val_loss: 7.9361 - val_accuracy: 0.6000 - lr: 2.5000e-05

Epoch 14: LearningRateScheduler setting learning rate to 1.249999968422344e-05.
Epoch 14/25
2/2 [==============================] - 3s 2s/step - loss: 8.0267 - accuracy: 0.2500 - val_loss: 7.8921 - val_accuracy: 0.6000 - lr: 1.2500e-05

Epoch 15: LearningRateScheduler setting learning rate to 6.24999984211172e-06.
Epoch 15/25
2/2 [==============================] - 3s 2s/step - loss: 7.9778 - accuracy: 0.2833 - val_loss: 7.8712 - val_accuracy: 0.6000 - lr: 6.2500e-06

Epoch 16: LearningRateScheduler setting learning rate to 3.12499992105586e-06.
Epoch 16/25
2/2 [==============================] - 3s 2s/step - loss: 7.9716 - accuracy: 0.3333 - val_loss: 7.8605 - val_accuracy: 0.6000 - lr: 3.1250e-06

Epoch 17: LearningRateScheduler setting learning rate to 1.56249996052793e-06.
Epoch 17/25
2/2 [==============================] - 3s 2s/step - loss: 7.9813 - accuracy: 0.2167 - val_loss: 7.8552 - val_accuracy: 0.6000 - lr: 1.5625e-06

Epoch 18: LearningRateScheduler setting learning rate to 7.81249980263965e-07.
Epoch 18/25
2/2 [==============================] - 3s 2s/step - loss: 7.9850 - accuracy: 0.2333 - val_loss: 7.8525 - val_accuracy: 0.6000 - lr: 7.8125e-07

Epoch 19: LearningRateScheduler setting learning rate to 3.906249901319825e-07.
Epoch 19/25
2/2 [==============================] - 3s 2s/step - loss: 7.8665 - accuracy: 0.3000 - val_loss: 7.8511 - val_accuracy: 0.6000 - lr: 3.9062e-07

Epoch 20: LearningRateScheduler setting learning rate to 1.9531249506599124e-07.
Epoch 20/25
2/2 [==============================] - 3s 2s/step - loss: 7.9839 - accuracy: 0.2500 - val_loss: 7.8504 - val_accuracy: 0.6000 - lr: 1.9531e-07

Epoch 21: LearningRateScheduler setting learning rate to 9.765624753299562e-08.
Epoch 21/25
2/2 [==============================] - 3s 2s/step - loss: 7.9546 - accuracy: 0.2667 - val_loss: 7.8501 - val_accuracy: 0.6000 - lr: 9.7656e-08

Epoch 22: LearningRateScheduler setting learning rate to 4.882812376649781e-08.
Epoch 22/25
2/2 [==============================] - 3s 2s/step - loss: 7.9206 - accuracy: 0.3167 - val_loss: 7.8499 - val_accuracy: 0.6000 - lr: 4.8828e-08

Epoch 23: LearningRateScheduler setting learning rate to 2.4414061883248905e-08.
Epoch 23/25
2/2 [==============================] - 3s 2s/step - loss: 7.9522 - accuracy: 0.2000 - val_loss: 7.8498 - val_accuracy: 0.6000 - lr: 2.4414e-08

Epoch 24: LearningRateScheduler setting learning rate to 1.2207030941624453e-08.
Epoch 24/25
2/2 [==============================] - 4s 2s/step - loss: 7.9979 - accuracy: 0.2333 - val_loss: 7.8498 - val_accuracy: 0.6000 - lr: 1.2207e-08

Epoch 25: LearningRateScheduler setting learning rate to 6.103515470812226e-09.
Epoch 25/25
2/2 [==============================] - 3s 2s/step - loss: 7.9505 - accuracy: 0.1833 - val_loss: 7.8498 - val_accuracy: 0.6000 - lr: 6.1035e-09
1/1 [==============================] - 0s 127ms/step - loss: 7.9157 - accuracy: 0.2857
Found 60 images belonging to 6 classes.
Found 5 images belonging to 6 classes.
Found 7 images belonging to 6 classes.

Epoch 1: LearningRateScheduler setting learning rate to 9.999999747378752e-05.
Epoch 1/30
2/2 [==============================] - ETA: 0s - loss: 13.6991 - accuracy: 0.0833C:\Users\tom.zbc\PycharmProjects\fungis_bacterias_project\.venv\lib\site-packages\keras\src\engine\training.py:3000: UserWarning: You are saving your model as an HDF5 file via `model.save()`. This file format is considered legacy. We recommend using instead the native Keras format, e.g. `model.save('my_model.keras')`.
  saving_api.save_model(
2/2 [==============================] - 4s 2s/step - loss: 13.6991 - accuracy: 0.0833 - val_loss: 13.0922 - val_accuracy: 0.0000e+00 - lr: 1.0000e-04

Epoch 2: LearningRateScheduler setting learning rate to 9.999999747378752e-05.
Epoch 2/30
2/2 [==============================] - 3s 2s/step - loss: 13.0568 - accuracy: 0.1833 - val_loss: 12.4767 - val_accuracy: 0.2000 - lr: 1.0000e-04

Epoch 3: LearningRateScheduler setting learning rate to 9.999999747378752e-05.
Epoch 3/30
2/2 [==============================] - 3s 2s/step - loss: 12.6595 - accuracy: 0.1667 - val_loss: 12.0126 - val_accuracy: 0.2000 - lr: 1.0000e-04

Epoch 4: LearningRateScheduler setting learning rate to 9.999999747378752e-05.
Epoch 4/30
2/2 [==============================] - 2s 2s/step - loss: 11.9765 - accuracy: 0.2333 - val_loss: 11.5265 - val_accuracy: 0.2000 - lr: 1.0000e-04

Epoch 5: LearningRateScheduler setting learning rate to 9.999999747378752e-05.
Epoch 5/30
2/2 [==============================] - 2s 2s/step - loss: 11.5805 - accuracy: 0.1500 - val_loss: 11.0114 - val_accuracy: 0.4000 - lr: 1.0000e-04

Epoch 6: LearningRateScheduler setting learning rate to 9.999999747378752e-05.
Epoch 6/30
2/2 [==============================] - 3s 2s/step - loss: 11.0580 - accuracy: 0.1833 - val_loss: 10.5497 - val_accuracy: 0.6000 - lr: 1.0000e-04

Epoch 7: LearningRateScheduler setting learning rate to 9.999999747378752e-05.
Epoch 7/30
2/2 [==============================] - 3s 2s/step - loss: 10.5369 - accuracy: 0.1833 - val_loss: 10.1217 - val_accuracy: 0.6000 - lr: 1.0000e-04

Epoch 8: LearningRateScheduler setting learning rate to 9.999999747378752e-05.
Epoch 8/30
2/2 [==============================] - 2s 1s/step - loss: 10.1094 - accuracy: 0.2167 - val_loss: 9.7152 - val_accuracy: 0.4000 - lr: 1.0000e-04

Epoch 9: LearningRateScheduler setting learning rate to 9.999999747378752e-05.
Epoch 9/30
2/2 [==============================] - 2s 2s/step - loss: 9.7078 - accuracy: 0.3000 - val_loss: 9.3358 - val_accuracy: 0.2000 - lr: 1.0000e-04

Epoch 10: LearningRateScheduler setting learning rate to 9.999999747378752e-05.
Epoch 10/30
2/2 [==============================] - 2s 1s/step - loss: 9.3610 - accuracy: 0.2667 - val_loss: 8.9646 - val_accuracy: 0.2000 - lr: 1.0000e-04

Epoch 11: LearningRateScheduler setting learning rate to 9.999999747378752e-05.
Epoch 11/30
2/2 [==============================] - 3s 2s/step - loss: 8.9963 - accuracy: 0.2333 - val_loss: 8.6256 - val_accuracy: 0.4000 - lr: 1.0000e-04

Epoch 12: LearningRateScheduler setting learning rate to 4.999999873689376e-05.
Epoch 12/30
2/2 [==============================] - 2s 1s/step - loss: 8.6357 - accuracy: 0.3167 - val_loss: 8.4701 - val_accuracy: 0.4000 - lr: 5.0000e-05

Epoch 13: LearningRateScheduler setting learning rate to 2.499999936844688e-05.
Epoch 13/30
2/2 [==============================] - 2s 1s/step - loss: 8.5893 - accuracy: 0.2333 - val_loss: 8.3924 - val_accuracy: 0.4000 - lr: 2.5000e-05

Epoch 14: LearningRateScheduler setting learning rate to 1.249999968422344e-05.
Epoch 14/30
2/2 [==============================] - 2s 1s/step - loss: 8.5357 - accuracy: 0.2000 - val_loss: 8.3533 - val_accuracy: 0.4000 - lr: 1.2500e-05

Epoch 15: LearningRateScheduler setting learning rate to 6.24999984211172e-06.
Epoch 15/30
2/2 [==============================] - 2s 1s/step - loss: 8.5159 - accuracy: 0.2500 - val_loss: 8.3331 - val_accuracy: 0.4000 - lr: 6.2500e-06

Epoch 16: LearningRateScheduler setting learning rate to 3.12499992105586e-06.
Epoch 16/30
2/2 [==============================] - 2s 1s/step - loss: 8.4841 - accuracy: 0.2000 - val_loss: 8.3229 - val_accuracy: 0.4000 - lr: 3.1250e-06

Epoch 17: LearningRateScheduler setting learning rate to 1.56249996052793e-06.
Epoch 17/30
2/2 [==============================] - 2s 1s/step - loss: 8.4728 - accuracy: 0.1833 - val_loss: 8.3177 - val_accuracy: 0.4000 - lr: 1.5625e-06

Epoch 18: LearningRateScheduler setting learning rate to 7.81249980263965e-07.
Epoch 18/30
2/2 [==============================] - 2s 1s/step - loss: 8.4515 - accuracy: 0.2500 - val_loss: 8.3151 - val_accuracy: 0.4000 - lr: 7.8125e-07

Epoch 19: LearningRateScheduler setting learning rate to 3.906249901319825e-07.
Epoch 19/30
2/2 [==============================] - 2s 1s/step - loss: 8.3808 - accuracy: 0.2500 - val_loss: 8.3138 - val_accuracy: 0.4000 - lr: 3.9062e-07

Epoch 20: LearningRateScheduler setting learning rate to 1.9531249506599124e-07.
Epoch 20/30
2/2 [==============================] - 3s 2s/step - loss: 8.4325 - accuracy: 0.2500 - val_loss: 8.3131 - val_accuracy: 0.4000 - lr: 1.9531e-07

Epoch 21: LearningRateScheduler setting learning rate to 9.765624753299562e-08.
Epoch 21/30
2/2 [==============================] - 2s 1s/step - loss: 8.4267 - accuracy: 0.3167 - val_loss: 8.3128 - val_accuracy: 0.4000 - lr: 9.7656e-08

Epoch 22: LearningRateScheduler setting learning rate to 4.882812376649781e-08.
Epoch 22/30
2/2 [==============================] - 2s 1s/step - loss: 8.4741 - accuracy: 0.1667 - val_loss: 8.3127 - val_accuracy: 0.4000 - lr: 4.8828e-08

Epoch 23: LearningRateScheduler setting learning rate to 2.4414061883248905e-08.
Epoch 23/30
2/2 [==============================] - 2s 2s/step - loss: 8.4254 - accuracy: 0.2667 - val_loss: 8.3126 - val_accuracy: 0.4000 - lr: 2.4414e-08

Epoch 24: LearningRateScheduler setting learning rate to 1.2207030941624453e-08.
Epoch 24/30
2/2 [==============================] - 2s 1s/step - loss: 8.3868 - accuracy: 0.2667 - val_loss: 8.3125 - val_accuracy: 0.4000 - lr: 1.2207e-08

Epoch 25: LearningRateScheduler setting learning rate to 6.103515470812226e-09.
Epoch 25/30
2/2 [==============================] - 2s 1s/step - loss: 8.4029 - accuracy: 0.2500 - val_loss: 8.3125 - val_accuracy: 0.4000 - lr: 6.1035e-09

Epoch 26: LearningRateScheduler setting learning rate to 3.051757735406113e-09.
Epoch 26/30
2/2 [==============================] - 2s 1s/step - loss: 8.4222 - accuracy: 0.2500 - val_loss: 8.3125 - val_accuracy: 0.4000 - lr: 3.0518e-09

Epoch 27: LearningRateScheduler setting learning rate to 1.5258788677030566e-09.
Epoch 27/30
2/2 [==============================] - 2s 1s/step - loss: 8.3764 - accuracy: 0.2667 - val_loss: 8.3125 - val_accuracy: 0.4000 - lr: 1.5259e-09

Epoch 28: LearningRateScheduler setting learning rate to 7.629394338515283e-10.
Epoch 28/30
2/2 [==============================] - 2s 1s/step - loss: 8.4270 - accuracy: 0.2333 - val_loss: 8.3125 - val_accuracy: 0.4000 - lr: 7.6294e-10

Epoch 29: LearningRateScheduler setting learning rate to 3.8146971692576415e-10.
Epoch 29/30
2/2 [==============================] - 2s 2s/step - loss: 8.4417 - accuracy: 0.2167 - val_loss: 8.3125 - val_accuracy: 0.4000 - lr: 3.8147e-10

Epoch 30: LearningRateScheduler setting learning rate to 1.9073485846288207e-10.
Epoch 30/30
2/2 [==============================] - 2s 1s/step - loss: 8.3776 - accuracy: 0.2667 - val_loss: 8.3125 - val_accuracy: 0.4000 - lr: 1.9073e-10
1/1 [==============================] - 0s 118ms/step - loss: 8.3914 - accuracy: 0.0000e+00
Found 60 images belonging to 6 classes.
Found 5 images belonging to 6 classes.
Found 7 images belonging to 6 classes.

Epoch 1: LearningRateScheduler setting learning rate to 9.999999747378752e-05.
Epoch 1/25
2/2 [==============================] - ETA: 0s - loss: 13.7265 - accuracy: 0.1500C:\Users\tom.zbc\PycharmProjects\fungis_bacterias_project\.venv\lib\site-packages\keras\src\engine\training.py:3000: UserWarning: You are saving your model as an HDF5 file via `model.save()`. This file format is considered legacy. We recommend using instead the native Keras format, e.g. `model.save('my_model.keras')`.
  saving_api.save_model(
2/2 [==============================] - 3s 2s/step - loss: 13.7265 - accuracy: 0.1500 - val_loss: 13.2111 - val_accuracy: 0.2000 - lr: 1.0000e-04

Epoch 2: LearningRateScheduler setting learning rate to 9.999999747378752e-05.
Epoch 2/25
2/2 [==============================] - 2s 2s/step - loss: 13.1057 - accuracy: 0.1667 - val_loss: 12.6369 - val_accuracy: 0.4000 - lr: 1.0000e-04

Epoch 3: LearningRateScheduler setting learning rate to 9.999999747378752e-05.
Epoch 3/25
2/2 [==============================] - 3s 2s/step - loss: 12.4640 - accuracy: 0.2333 - val_loss: 12.0185 - val_accuracy: 0.2000 - lr: 1.0000e-04

Epoch 4: LearningRateScheduler setting learning rate to 9.999999747378752e-05.
Epoch 4/25
2/2 [==============================] - 2s 1s/step - loss: 11.9561 - accuracy: 0.2333 - val_loss: 11.4036 - val_accuracy: 0.6000 - lr: 1.0000e-04

Epoch 5: LearningRateScheduler setting learning rate to 9.999999747378752e-05.
Epoch 5/25
2/2 [==============================] - 2s 2s/step - loss: 11.3509 - accuracy: 0.2167 - val_loss: 10.8416 - val_accuracy: 0.4000 - lr: 1.0000e-04

Epoch 6: LearningRateScheduler setting learning rate to 9.999999747378752e-05.
Epoch 6/25
2/2 [==============================] - 2s 1s/step - loss: 11.0011 - accuracy: 0.1833 - val_loss: 10.3310 - val_accuracy: 0.4000 - lr: 1.0000e-04

Epoch 7: LearningRateScheduler setting learning rate to 9.999999747378752e-05.
Epoch 7/25
2/2 [==============================] - 2s 1s/step - loss: 10.6236 - accuracy: 0.1167 - val_loss: 9.8738 - val_accuracy: 0.4000 - lr: 1.0000e-04

Epoch 8: LearningRateScheduler setting learning rate to 9.999999747378752e-05.
Epoch 8/25
2/2 [==============================] - 2s 1s/step - loss: 10.0761 - accuracy: 0.2667 - val_loss: 9.5303 - val_accuracy: 0.6000 - lr: 1.0000e-04

Epoch 9: LearningRateScheduler setting learning rate to 9.999999747378752e-05.
Epoch 9/25
2/2 [==============================] - 2s 1s/step - loss: 9.6083 - accuracy: 0.2500 - val_loss: 9.2048 - val_accuracy: 0.6000 - lr: 1.0000e-04

Epoch 10: LearningRateScheduler setting learning rate to 9.999999747378752e-05.
Epoch 10/25
2/2 [==============================] - 2s 1s/step - loss: 9.2675 - accuracy: 0.1333 - val_loss: 8.8892 - val_accuracy: 0.2000 - lr: 1.0000e-04

Epoch 11: LearningRateScheduler setting learning rate to 9.999999747378752e-05.
Epoch 11/25
2/2 [==============================] - 2s 1s/step - loss: 8.8340 - accuracy: 0.2000 - val_loss: 8.5769 - val_accuracy: 0.2000 - lr: 1.0000e-04

Epoch 12: LearningRateScheduler setting learning rate to 4.999999873689376e-05.
Epoch 12/25
2/2 [==============================] - 2s 1s/step - loss: 8.5730 - accuracy: 0.3500 - val_loss: 8.4135 - val_accuracy: 0.2000 - lr: 5.0000e-05

Epoch 13: LearningRateScheduler setting learning rate to 2.499999936844688e-05.
Epoch 13/25
2/2 [==============================] - 2s 2s/step - loss: 8.4730 - accuracy: 0.1500 - val_loss: 8.3317 - val_accuracy: 0.2000 - lr: 2.5000e-05

Epoch 14: LearningRateScheduler setting learning rate to 1.249999968422344e-05.
Epoch 14/25
2/2 [==============================] - 2s 1s/step - loss: 8.3630 - accuracy: 0.1833 - val_loss: 8.2909 - val_accuracy: 0.2000 - lr: 1.2500e-05

Epoch 15: LearningRateScheduler setting learning rate to 6.24999984211172e-06.
Epoch 15/25
2/2 [==============================] - 2s 2s/step - loss: 8.2843 - accuracy: 0.3167 - val_loss: 8.2697 - val_accuracy: 0.2000 - lr: 6.2500e-06

Epoch 16: LearningRateScheduler setting learning rate to 3.12499992105586e-06.
Epoch 16/25
2/2 [==============================] - 2s 1s/step - loss: 8.3098 - accuracy: 0.1833 - val_loss: 8.2588 - val_accuracy: 0.2000 - lr: 3.1250e-06

Epoch 17: LearningRateScheduler setting learning rate to 1.56249996052793e-06.
Epoch 17/25
2/2 [==============================] - 2s 1s/step - loss: 8.2887 - accuracy: 0.3000 - val_loss: 8.2535 - val_accuracy: 0.2000 - lr: 1.5625e-06

Epoch 18: LearningRateScheduler setting learning rate to 7.81249980263965e-07.
Epoch 18/25
2/2 [==============================] - 2s 2s/step - loss: 8.2371 - accuracy: 0.3167 - val_loss: 8.2508 - val_accuracy: 0.2000 - lr: 7.8125e-07

Epoch 19: LearningRateScheduler setting learning rate to 3.906249901319825e-07.
Epoch 19/25
2/2 [==============================] - 2s 1s/step - loss: 8.2309 - accuracy: 0.2667 - val_loss: 8.2495 - val_accuracy: 0.2000 - lr: 3.9062e-07

Epoch 20: LearningRateScheduler setting learning rate to 1.9531249506599124e-07.
Epoch 20/25
2/2 [==============================] - 2s 1s/step - loss: 8.2211 - accuracy: 0.2167 - val_loss: 8.2488 - val_accuracy: 0.2000 - lr: 1.9531e-07

Epoch 21: LearningRateScheduler setting learning rate to 9.765624753299562e-08.
Epoch 21/25
2/2 [==============================] - 2s 1s/step - loss: 8.2413 - accuracy: 0.2167 - val_loss: 8.2485 - val_accuracy: 0.2000 - lr: 9.7656e-08

Epoch 22: LearningRateScheduler setting learning rate to 4.882812376649781e-08.
Epoch 22/25
2/2 [==============================] - 2s 1s/step - loss: 8.2995 - accuracy: 0.2833 - val_loss: 8.2483 - val_accuracy: 0.2000 - lr: 4.8828e-08

Epoch 23: LearningRateScheduler setting learning rate to 2.4414061883248905e-08.
Epoch 23/25
2/2 [==============================] - 2s 2s/step - loss: 8.2778 - accuracy: 0.3000 - val_loss: 8.2482 - val_accuracy: 0.2000 - lr: 2.4414e-08

Epoch 24: LearningRateScheduler setting learning rate to 1.2207030941624453e-08.
Epoch 24/25
2/2 [==============================] - 2s 1s/step - loss: 8.2961 - accuracy: 0.2500 - val_loss: 8.2481 - val_accuracy: 0.2000 - lr: 1.2207e-08

Epoch 25: LearningRateScheduler setting learning rate to 6.103515470812226e-09.
Epoch 25/25
2/2 [==============================] - 2s 1s/step - loss: 8.2435 - accuracy: 0.2833 - val_loss: 8.2481 - val_accuracy: 0.2000 - lr: 6.1035e-09
1/1 [==============================] - 0s 110ms/step - loss: 8.2907 - accuracy: 0.2857
Found 60 images belonging to 6 classes.
Found 5 images belonging to 6 classes.
Found 7 images belonging to 6 classes.

Epoch 1: LearningRateScheduler setting learning rate to 9.999999747378752e-05.
Epoch 1/30
2/2 [==============================] - ETA: 0s - loss: 13.6804 - accuracy: 0.1667C:\Users\tom.zbc\PycharmProjects\fungis_bacterias_project\.venv\lib\site-packages\keras\src\engine\training.py:3000: UserWarning: You are saving your model as an HDF5 file via `model.save()`. This file format is considered legacy. We recommend using instead the native Keras format, e.g. `model.save('my_model.keras')`.
  saving_api.save_model(
2/2 [==============================] - 3s 1s/step - loss: 13.6804 - accuracy: 0.1667 - val_loss: 13.0352 - val_accuracy: 0.4000 - lr: 1.0000e-04

Epoch 2: LearningRateScheduler setting learning rate to 9.999999747378752e-05.
Epoch 2/30
2/2 [==============================] - 2s 1s/step - loss: 13.1656 - accuracy: 0.1167 - val_loss: 12.5324 - val_accuracy: 0.6000 - lr: 1.0000e-04

Epoch 3: LearningRateScheduler setting learning rate to 9.999999747378752e-05.
Epoch 3/30
2/2 [==============================] - 2s 1s/step - loss: 12.6602 - accuracy: 0.1500 - val_loss: 12.0101 - val_accuracy: 0.2000 - lr: 1.0000e-04

Epoch 4: LearningRateScheduler setting learning rate to 9.999999747378752e-05.
Epoch 4/30
2/2 [==============================] - ETA: 0s - loss: 12.0380 - accuracy: 0.1667Traceback (most recent call last):
  File "C:\Users\tom.zbc\PycharmProjects\fungis_bacterias_project\3_model_training_and_evaluation_FNN_6_40pr.py", line 147, in <module>
    history = model.fit(
  File "C:\Users\tom.zbc\PycharmProjects\fungis_bacterias_project\.venv\lib\site-packages\keras\src\utils\traceback_utils.py", line 70, in error_handler
    raise e.with_traceback(filtered_tb) from None
  File "C:\Users\tom.zbc\PycharmProjects\fungis_bacterias_project\.venv\lib\site-packages\h5py\_hl\files.py", line 562, in __init__
    fid = make_fid(name, mode, userblock_size, fapl, fcpl, swmr=swmr)
  File "C:\Users\tom.zbc\PycharmProjects\fungis_bacterias_project\.venv\lib\site-packages\h5py\_hl\files.py", line 241, in make_fid
    fid = h5f.create(name, h5f.ACC_TRUNC, fapl=fapl, fcpl=fcpl)
  File "h5py\\_objects.pyx", line 54, in h5py._objects.with_phil.wrapper
  File "h5py\\_objects.pyx", line 55, in h5py._objects.with_phil.wrapper
  File "h5py\\h5f.pyx", line 122, in h5py.h5f.create
OSError: [Errno 22] Unable to synchronously create file (unable to open file: name = 'best_model.h5', errno = 22, error message = 'Invalid argument', flags = 13, o_flags = 302)

Process finished with exit code 1
