C:\Users\tom.zbc\PycharmProjects\fungis_bacterias_project\.venv\Scripts\python.exe C:\Users\tom.zbc\PycharmProjects\fungis_bacterias_project\3_model_training_and_evaluation_FNN_6_23pr.py
Checking data integrity...
Class 'Aero' meets the sample requirement.
Class 'Bacillus' meets the sample requirement.
Class 'Bor' meets the sample requirement.
Class 'E' meets the sample requirement.
Class 'Morganella' meets the sample requirement.
Class 'stapholococcus' meets the sample requirement.C:\Users\tom.zbc\PycharmProjects\fungis_bacterias_project\.venv\Scripts\python.exe C:\Users\tom.zbc\PycharmProjects\fungis_bacterias_project\3_model_training_and_evaluation_FNN_6_24pr.py
Checking data integrity...
Class 'Aero' meets the sample requirement.
Class 'Bacillus' meets the sample requirement.
Class 'Bor' meets the sample requirement.
Class 'E' meets the sample requirement.
Class 'Morganella' meets the sample requirement.
Class 'stapholococcus' meets the sample requirement.
Data check passed for directory: 'C:/Users/tom.zbc/PycharmProjects/fungis_bacterias_project/data/train'
Class 'Aero' meets the sample requirement.
Warning: Class 'Bacillus' has only 0 samples, expected at least 2.
Warning: Class 'Bor' has only 1 samples, expected at least 2.
Warning: Class 'E' has only 0 samples, expected at least 2.
Warning: Class 'Morganella' has only 1 samples, expected at least 2.
Warning: Class 'stapholococcus' has only 1 samples, expected at least 2.
Data check passed for directory: 'C:/Users/tom.zbc/PycharmProjects/fungis_bacterias_project/data/validation'
Class 'Aero' meets the sample requirement.
Warning: Class 'Bacillus' has only 1 samples, expected at least 2.
Warning: Class 'Bor' has only 0 samples, expected at least 2.
Warning: Class 'E' has only 0 samples, expected at least 2.
Warning: Class 'Morganella' has only 1 samples, expected at least 2.
Class 'stapholococcus' meets the sample requirement.
Data check passed for directory: 'C:/Users/tom.zbc/PycharmProjects/fungis_bacterias_project/data/test'
Data integrity check complete.

Running training with params: (0.0005, 0.6, 16, 50, 0.3, 20)
Loading training data...
Found 60 images belonging to 6 classes.
Loading validation data...
Found 5 images belonging to 6 classes.
Loading test data...
Found 7 images belonging to 6 classes.
Number of classes: 6
Computing class weights...
Class weights: {0: 1.0, 1: 1.0, 2: 1.0, 3: 1.0, 4: 1.0, 5: 1.0}
Creating model with learning rate: 0.0005, dropout: 0.6, filters: 16
2024-09-26 07:00:49.483439: I tensorflow/core/platform/cpu_feature_guard.cc:182] This TensorFlow binary is optimized to use available CPU instructions in performance-critical operations.
To enable the following instructions: SSE SSE2 SSE3 SSE4.1 SSE4.2 AVX AVX2 AVX_VNNI FMA, in other operations, rebuild TensorFlow with the appropriate compiler flags.
Model created and compiled.
Training the model...
Epoch 1/20
2/2 [==============================] - 2s 808ms/step - loss: 10.4899 - accuracy: 0.1167 - val_loss: 5.7821 - val_accuracy: 0.0000e+00 - lr: 5.0000e-04
Epoch 2/20
2/2 [==============================] - 1s 538ms/step - loss: 9.7816 - accuracy: 0.2000 - val_loss: 5.7712 - val_accuracy: 0.2000 - lr: 5.0000e-04
Epoch 3/20
2/2 [==============================] - 1s 579ms/step - loss: 10.1876 - accuracy: 0.2833 - val_loss: 5.7847 - val_accuracy: 0.2000 - lr: 5.0000e-04
Epoch 4/20
2/2 [==============================] - 1s 520ms/step - loss: 10.2218 - accuracy: 0.3000 - val_loss: 5.8150 - val_accuracy: 0.2000 - lr: 5.0000e-04
Evaluating the model...
1/1 [==============================] - 0s 114ms/step - loss: 5.7102 - accuracy: 0.1429
Test accuracy: 0.1428571492433548, Validation loss: 5.771170139312744
Saving results to CSV...

Running training with params: (0.0005, 0.6, 16, 50, 0.3, 30)
Loading training data...
Found 60 images belonging to 6 classes.
Loading validation data...
Found 5 images belonging to 6 classes.
Loading test data...
Found 7 images belonging to 6 classes.
Number of classes: 6
Computing class weights...
Class weights: {0: 1.0, 1: 1.0, 2: 1.0, 3: 1.0, 4: 1.0, 5: 1.0}
Creating model with learning rate: 0.0005, dropout: 0.6, filters: 16
Model created and compiled.
Training the model...
Epoch 1/30
2/2 [==============================] - 2s 820ms/step - loss: 11.4468 - accuracy: 0.0833 - val_loss: 5.8191 - val_accuracy: 0.0000e+00 - lr: 5.0000e-04
Epoch 2/30
2/2 [==============================] - 1s 517ms/step - loss: 9.2543 - accuracy: 0.2667 - val_loss: 5.8489 - val_accuracy: 0.0000e+00 - lr: 5.0000e-04
Epoch 3/30
2/2 [==============================] - 1s 511ms/step - loss: 11.6004 - accuracy: 0.2167 - val_loss: 5.8721 - val_accuracy: 0.0000e+00 - lr: 5.0000e-04
Evaluating the model...
1/1 [==============================] - 0s 138ms/step - loss: 5.7878 - accuracy: 0.1429
Test accuracy: 0.1428571492433548, Validation loss: 5.8191094398498535
Saving results to CSV...

Running training with params: (0.0005, 0.6, 16, 50, 0.5, 20)
Loading training data...
Found 60 images belonging to 6 classes.
Loading validation data...
Found 5 images belonging to 6 classes.
Loading test data...
Found 7 images belonging to 6 classes.
Number of classes: 6
Computing class weights...
Class weights: {0: 1.0, 1: 1.0, 2: 1.0, 3: 1.0, 4: 1.0, 5: 1.0}
Creating model with learning rate: 0.0005, dropout: 0.6, filters: 16
Model created and compiled.
Training the model...
Epoch 1/20
2/2 [==============================] - 2s 721ms/step - loss: 9.7704 - accuracy: 0.2000 - val_loss: 5.8148 - val_accuracy: 0.0000e+00 - lr: 5.0000e-04
Epoch 2/20
2/2 [==============================] - 1s 573ms/step - loss: 10.8147 - accuracy: 0.1833 - val_loss: 5.8407 - val_accuracy: 0.0000e+00 - lr: 5.0000e-04
Epoch 3/20
2/2 [==============================] - 1s 619ms/step - loss: 9.8796 - accuracy: 0.2000 - val_loss: 5.8276 - val_accuracy: 0.2000 - lr: 5.0000e-04
Evaluating the model...
1/1 [==============================] - 0s 114ms/step - loss: 5.8013 - accuracy: 0.0000e+00
Test accuracy: 0.0, Validation loss: 5.814834117889404
Saving results to CSV...

Running training with params: (0.0005, 0.6, 16, 50, 0.5, 30)
Loading training data...
Found 60 images belonging to 6 classes.
Loading validation data...
Found 5 images belonging to 6 classes.
Loading test data...
Found 7 images belonging to 6 classes.
Number of classes: 6
Computing class weights...
Class weights: {0: 1.0, 1: 1.0, 2: 1.0, 3: 1.0, 4: 1.0, 5: 1.0}
Creating model with learning rate: 0.0005, dropout: 0.6, filters: 16
Model created and compiled.
Training the model...
Epoch 1/30
2/2 [==============================] - 2s 737ms/step - loss: 10.0103 - accuracy: 0.1833 - val_loss: 5.7941 - val_accuracy: 0.4000 - lr: 5.0000e-04
Epoch 2/30
2/2 [==============================] - 1s 611ms/step - loss: 10.9213 - accuracy: 0.2333 - val_loss: 5.8178 - val_accuracy: 0.2000 - lr: 5.0000e-04
Epoch 3/30
2/2 [==============================] - 1s 584ms/step - loss: 12.9966 - accuracy: 0.1833 - val_loss: 5.8344 - val_accuracy: 0.0000e+00 - lr: 5.0000e-04
Evaluating the model...
1/1 [==============================] - 0s 121ms/step - loss: 5.7985 - accuracy: 0.2857
Test accuracy: 0.2857142984867096, Validation loss: 5.794092178344727
Saving results to CSV...

Running training with params: (0.0005, 0.6, 16, 60, 0.3, 20)
Loading training data...
Found 60 images belonging to 6 classes.
Loading validation data...
Found 5 images belonging to 6 classes.
Loading test data...
Found 7 images belonging to 6 classes.
Number of classes: 6
Computing class weights...
Class weights: {0: 1.0, 1: 1.0, 2: 1.0, 3: 1.0, 4: 1.0, 5: 1.0}
Creating model with learning rate: 0.0005, dropout: 0.6, filters: 16
Model created and compiled.
Training the model...
Epoch 1/20
2/2 [==============================] - 2s 864ms/step - loss: 10.0457 - accuracy: 0.2167 - val_loss: 5.7835 - val_accuracy: 0.2000 - lr: 5.0000e-04
Epoch 2/20
2/2 [==============================] - 1s 521ms/step - loss: 12.9844 - accuracy: 0.1167 - val_loss: 5.8074 - val_accuracy: 0.0000e+00 - lr: 5.0000e-04
Epoch 3/20
2/2 [==============================] - 1s 506ms/step - loss: 13.6660 - accuracy: 0.2333 - val_loss: 5.8357 - val_accuracy: 0.2000 - lr: 5.0000e-04
Evaluating the model...
1/1 [==============================] - 0s 143ms/step - loss: 5.8063 - accuracy: 0.2857
Test accuracy: 0.2857142984867096, Validation loss: 5.783519744873047
Saving results to CSV...

Running training with params: (0.0005, 0.6, 16, 60, 0.3, 30)
Loading training data...
Found 60 images belonging to 6 classes.
Loading validation data...
Found 5 images belonging to 6 classes.
Loading test data...
Found 7 images belonging to 6 classes.
Number of classes: 6
Computing class weights...
Class weights: {0: 1.0, 1: 1.0, 2: 1.0, 3: 1.0, 4: 1.0, 5: 1.0}
Creating model with learning rate: 0.0005, dropout: 0.6, filters: 16
Model created and compiled.
Training the model...
Epoch 1/30
2/2 [==============================] - 2s 841ms/step - loss: 10.2774 - accuracy: 0.2167 - val_loss: 5.7840 - val_accuracy: 0.0000e+00 - lr: 5.0000e-04
Epoch 2/30
2/2 [==============================] - 1s 568ms/step - loss: 9.2751 - accuracy: 0.3000 - val_loss: 5.7607 - val_accuracy: 0.2000 - lr: 5.0000e-04
Epoch 3/30
2/2 [==============================] - 1s 567ms/step - loss: 9.7237 - accuracy: 0.1833 - val_loss: 5.7434 - val_accuracy: 0.2000 - lr: 5.0000e-04
Epoch 4/30
2/2 [==============================] - 1s 592ms/step - loss: 10.0331 - accuracy: 0.2500 - val_loss: 5.7721 - val_accuracy: 0.2000 - lr: 5.0000e-04
Epoch 5/30
2/2 [==============================] - 1s 577ms/step - loss: 10.4807 - accuracy: 0.2167 - val_loss: 5.8236 - val_accuracy: 0.4000 - lr: 5.0000e-04
Evaluating the model...
1/1 [==============================] - 0s 129ms/step - loss: 5.7582 - accuracy: 0.1429
Test accuracy: 0.1428571492433548, Validation loss: 5.743358612060547
Saving results to CSV...

Running training with params: (0.0005, 0.6, 16, 60, 0.5, 20)
Loading training data...
Found 60 images belonging to 6 classes.
Loading validation data...
Found 5 images belonging to 6 classes.
Loading test data...
Found 7 images belonging to 6 classes.
Number of classes: 6
Computing class weights...
Class weights: {0: 1.0, 1: 1.0, 2: 1.0, 3: 1.0, 4: 1.0, 5: 1.0}
Creating model with learning rate: 0.0005, dropout: 0.6, filters: 16
Model created and compiled.
Training the model...
Epoch 1/20
2/2 [==============================] - 2s 764ms/step - loss: 10.9389 - accuracy: 0.1500 - val_loss: 5.7868 - val_accuracy: 0.2000 - lr: 5.0000e-04
Epoch 2/20
2/2 [==============================] - 1s 580ms/step - loss: 9.9623 - accuracy: 0.1500 - val_loss: 5.7951 - val_accuracy: 0.2000 - lr: 5.0000e-04
Epoch 3/20
2/2 [==============================] - 1s 578ms/step - loss: 10.9090 - accuracy: 0.2667 - val_loss: 5.7795 - val_accuracy: 0.4000 - lr: 5.0000e-04
Epoch 4/20
2/2 [==============================] - 1s 584ms/step - loss: 11.0696 - accuracy: 0.2833 - val_loss: 5.7646 - val_accuracy: 0.4000 - lr: 5.0000e-04
Epoch 5/20
2/2 [==============================] - 1s 509ms/step - loss: 8.8420 - accuracy: 0.3500 - val_loss: 5.7704 - val_accuracy: 0.4000 - lr: 5.0000e-04
Epoch 6/20
2/2 [==============================] - 1s 512ms/step - loss: 10.2718 - accuracy: 0.2500 - val_loss: 5.8032 - val_accuracy: 0.4000 - lr: 5.0000e-04
Evaluating the model...
1/1 [==============================] - 0s 125ms/step - loss: 5.7378 - accuracy: 0.5714
Test accuracy: 0.5714285969734192, Validation loss: 5.764634132385254
Saving results to CSV...

Running training with params: (0.0005, 0.6, 16, 60, 0.5, 30)
Loading training data...
Found 60 images belonging to 6 classes.
Loading validation data...
Found 5 images belonging to 6 classes.
Loading test data...
Found 7 images belonging to 6 classes.
Number of classes: 6
Computing class weights...
Class weights: {0: 1.0, 1: 1.0, 2: 1.0, 3: 1.0, 4: 1.0, 5: 1.0}
Creating model with learning rate: 0.0005, dropout: 0.6, filters: 16
Model created and compiled.
Training the model...
Epoch 1/30
2/2 [==============================] - 2s 841ms/step - loss: 10.7192 - accuracy: 0.1500 - val_loss: 5.7991 - val_accuracy: 0.2000 - lr: 5.0000e-04
Epoch 2/30
2/2 [==============================] - 1s 513ms/step - loss: 10.3962 - accuracy: 0.3167 - val_loss: 5.7460 - val_accuracy: 0.2000 - lr: 5.0000e-04
Epoch 3/30
2/2 [==============================] - 1s 574ms/step - loss: 11.6303 - accuracy: 0.1667 - val_loss: 5.7612 - val_accuracy: 0.2000 - lr: 5.0000e-04
Epoch 4/30
2/2 [==============================] - 1s 539ms/step - loss: 11.3735 - accuracy: 0.1833 - val_loss: 5.8104 - val_accuracy: 0.2000 - lr: 5.0000e-04
Evaluating the model...
1/1 [==============================] - 0s 135ms/step - loss: 5.7340 - accuracy: 0.2857
Test accuracy: 0.2857142984867096, Validation loss: 5.745983600616455
Saving results to CSV...

Running training with params: (0.0005, 0.6, 32, 50, 0.3, 20)
Loading training data...
Found 60 images belonging to 6 classes.
Loading validation data...
Found 5 images belonging to 6 classes.
Loading test data...
Found 7 images belonging to 6 classes.
Number of classes: 6
Computing class weights...
Class weights: {0: 1.0, 1: 1.0, 2: 1.0, 3: 1.0, 4: 1.0, 5: 1.0}
Creating model with learning rate: 0.0005, dropout: 0.6, filters: 32
Model created and compiled.
Training the model...
Epoch 1/20
2/2 [==============================] - 3s 878ms/step - loss: 11.6929 - accuracy: 0.1833 - val_loss: 6.3091 - val_accuracy: 0.2000 - lr: 5.0000e-04
Epoch 2/20
2/2 [==============================] - 1s 763ms/step - loss: 14.1261 - accuracy: 0.1667 - val_loss: 6.2696 - val_accuracy: 0.2000 - lr: 5.0000e-04
Epoch 3/20
2/2 [==============================] - 1s 622ms/step - loss: 13.7722 - accuracy: 0.2167 - val_loss: 6.2549 - val_accuracy: 0.6000 - lr: 5.0000e-04
Epoch 4/20
2/2 [==============================] - 1s 669ms/step - loss: 14.7726 - accuracy: 0.1667 - val_loss: 6.3451 - val_accuracy: 0.4000 - lr: 5.0000e-04
Epoch 5/20
2/2 [==============================] - 1s 658ms/step - loss: 13.5303 - accuracy: 0.2333 - val_loss: 6.4198 - val_accuracy: 0.0000e+00 - lr: 5.0000e-04
Evaluating the model...
1/1 [==============================] - 0s 145ms/step - loss: 6.3221 - accuracy: 0.2857
Test accuracy: 0.2857142984867096, Validation loss: 6.254870414733887
Saving results to CSV...

Running training with params: (0.0005, 0.6, 32, 50, 0.3, 30)
Loading training data...
Found 60 images belonging to 6 classes.
Loading validation data...
Found 5 images belonging to 6 classes.
Loading test data...
Found 7 images belonging to 6 classes.
Number of classes: 6
Computing class weights...
Class weights: {0: 1.0, 1: 1.0, 2: 1.0, 3: 1.0, 4: 1.0, 5: 1.0}
Creating model with learning rate: 0.0005, dropout: 0.6, filters: 32
Model created and compiled.
Training the model...
Epoch 1/30
2/2 [==============================] - 3s 817ms/step - loss: 11.7552 - accuracy: 0.2333 - val_loss: 6.2539 - val_accuracy: 0.0000e+00 - lr: 5.0000e-04
Epoch 2/30
2/2 [==============================] - 2s 642ms/step - loss: 12.9105 - accuracy: 0.2500 - val_loss: 6.2623 - val_accuracy: 0.2000 - lr: 5.0000e-04
Epoch 3/30
2/2 [==============================] - 1s 744ms/step - loss: 13.6596 - accuracy: 0.2000 - val_loss: 6.3279 - val_accuracy: 0.2000 - lr: 5.0000e-04
Evaluating the model...
1/1 [==============================] - 0s 176ms/step - loss: 6.1610 - accuracy: 0.1429
Test accuracy: 0.1428571492433548, Validation loss: 6.253854751586914
Saving results to CSV...

Running training with params: (0.0005, 0.6, 32, 50, 0.5, 20)
Loading training data...
Found 60 images belonging to 6 classes.
Loading validation data...
Found 5 images belonging to 6 classes.
Loading test data...
Found 7 images belonging to 6 classes.
Number of classes: 6
Computing class weights...
Class weights: {0: 1.0, 1: 1.0, 2: 1.0, 3: 1.0, 4: 1.0, 5: 1.0}
Creating model with learning rate: 0.0005, dropout: 0.6, filters: 32
Model created and compiled.
Training the model...
Epoch 1/20
2/2 [==============================] - 3s 930ms/step - loss: 11.2976 - accuracy: 0.2167 - val_loss: 6.1919 - val_accuracy: 0.2000 - lr: 5.0000e-04
Epoch 2/20
2/2 [==============================] - 2s 736ms/step - loss: 12.6510 - accuracy: 0.2333 - val_loss: 6.2367 - val_accuracy: 0.2000 - lr: 5.0000e-04
Epoch 3/20
2/2 [==============================] - 1s 641ms/step - loss: 13.4400 - accuracy: 0.2500 - val_loss: 6.3557 - val_accuracy: 0.0000e+00 - lr: 5.0000e-04
Evaluating the model...
1/1 [==============================] - 0s 130ms/step - loss: 6.2099 - accuracy: 0.2857
Test accuracy: 0.2857142984867096, Validation loss: 6.1919050216674805
Saving results to CSV...

Running training with params: (0.0005, 0.6, 32, 50, 0.5, 30)
Loading training data...
Found 60 images belonging to 6 classes.
Loading validation data...
Found 5 images belonging to 6 classes.
Loading test data...
Found 7 images belonging to 6 classes.
Number of classes: 6
Computing class weights...
Class weights: {0: 1.0, 1: 1.0, 2: 1.0, 3: 1.0, 4: 1.0, 5: 1.0}
Creating model with learning rate: 0.0005, dropout: 0.6, filters: 32
Model created and compiled.
Training the model...
Epoch 1/30
2/2 [==============================] - 3s 890ms/step - loss: 11.4103 - accuracy: 0.2000 - val_loss: 6.3080 - val_accuracy: 0.0000e+00 - lr: 5.0000e-04
Epoch 2/30
2/2 [==============================] - 1s 730ms/step - loss: 10.5919 - accuracy: 0.2500 - val_loss: 6.2992 - val_accuracy: 0.2000 - lr: 5.0000e-04
Epoch 3/30
2/2 [==============================] - 1s 614ms/step - loss: 12.7924 - accuracy: 0.2667 - val_loss: 6.2944 - val_accuracy: 0.2000 - lr: 5.0000e-04
Epoch 4/30
2/2 [==============================] - 1s 711ms/step - loss: 12.8740 - accuracy: 0.2333 - val_loss: 6.3056 - val_accuracy: 0.2000 - lr: 5.0000e-04
Epoch 5/30
2/2 [==============================] - 1s 664ms/step - loss: 10.9493 - accuracy: 0.3167 - val_loss: 6.3579 - val_accuracy: 0.2000 - lr: 5.0000e-04
Evaluating the model...
1/1 [==============================] - 0s 164ms/step - loss: 6.4144 - accuracy: 0.0000e+00
Test accuracy: 0.0, Validation loss: 6.29437255859375
Saving results to CSV...

Running training with params: (0.0005, 0.6, 32, 60, 0.3, 20)
Loading training data...
Found 60 images belonging to 6 classes.
Loading validation data...
Found 5 images belonging to 6 classes.
Loading test data...
Found 7 images belonging to 6 classes.
Number of classes: 6
Computing class weights...
Class weights: {0: 1.0, 1: 1.0, 2: 1.0, 3: 1.0, 4: 1.0, 5: 1.0}
Creating model with learning rate: 0.0005, dropout: 0.6, filters: 32
Model created and compiled.
Training the model...
Epoch 1/20
2/2 [==============================] - 2s 817ms/step - loss: 10.7902 - accuracy: 0.1333 - val_loss: 6.2064 - val_accuracy: 0.4000 - lr: 5.0000e-04
Epoch 2/20
2/2 [==============================] - 1s 603ms/step - loss: 12.5766 - accuracy: 0.2167 - val_loss: 6.2669 - val_accuracy: 0.2000 - lr: 5.0000e-04
Epoch 3/20
2/2 [==============================] - 1s 646ms/step - loss: 12.4753 - accuracy: 0.2000 - val_loss: 6.3660 - val_accuracy: 0.0000e+00 - lr: 5.0000e-04
Evaluating the model...
1/1 [==============================] - 0s 126ms/step - loss: 6.1572 - accuracy: 0.2857
Test accuracy: 0.2857142984867096, Validation loss: 6.206420421600342
Saving results to CSV...

Running training with params: (0.0005, 0.6, 32, 60, 0.3, 30)
Loading training data...
Found 60 images belonging to 6 classes.
Loading validation data...
Found 5 images belonging to 6 classes.
Loading test data...
Found 7 images belonging to 6 classes.
Number of classes: 6
Computing class weights...
Class weights: {0: 1.0, 1: 1.0, 2: 1.0, 3: 1.0, 4: 1.0, 5: 1.0}
Creating model with learning rate: 0.0005, dropout: 0.6, filters: 32
Model created and compiled.
Training the model...
Epoch 1/30
2/2 [==============================] - 3s 807ms/step - loss: 11.8021 - accuracy: 0.1333 - val_loss: 6.2655 - val_accuracy: 0.2000 - lr: 5.0000e-04
Epoch 2/30
2/2 [==============================] - 1s 734ms/step - loss: 14.3876 - accuracy: 0.1667 - val_loss: 6.3204 - val_accuracy: 0.2000 - lr: 5.0000e-04
Epoch 3/30
2/2 [==============================] - 1s 740ms/step - loss: 13.6010 - accuracy: 0.1000 - val_loss: 6.3915 - val_accuracy: 0.2000 - lr: 5.0000e-04
Evaluating the model...
1/1 [==============================] - 0s 133ms/step - loss: 6.2431 - accuracy: 0.2857
Test accuracy: 0.2857142984867096, Validation loss: 6.265519142150879
Saving results to CSV...

Running training with params: (0.0005, 0.6, 32, 60, 0.5, 20)
Loading training data...
Found 60 images belonging to 6 classes.
Loading validation data...
Found 5 images belonging to 6 classes.
Loading test data...
Found 7 images belonging to 6 classes.
Number of classes: 6
Computing class weights...
Class weights: {0: 1.0, 1: 1.0, 2: 1.0, 3: 1.0, 4: 1.0, 5: 1.0}
Creating model with learning rate: 0.0005, dropout: 0.6, filters: 32
Model created and compiled.
Training the model...
Epoch 1/20
2/2 [==============================] - 3s 923ms/step - loss: 10.7826 - accuracy: 0.2167 - val_loss: 6.2498 - val_accuracy: 0.0000e+00 - lr: 5.0000e-04
Epoch 2/20
2/2 [==============================] - 1s 636ms/step - loss: 13.1407 - accuracy: 0.1333 - val_loss: 6.2934 - val_accuracy: 0.0000e+00 - lr: 5.0000e-04
Epoch 3/20
2/2 [==============================] - 2s 818ms/step - loss: 13.4588 - accuracy: 0.2500 - val_loss: 6.3278 - val_accuracy: 0.2000 - lr: 5.0000e-04
Evaluating the model...
1/1 [==============================] - 0s 157ms/step - loss: 6.1649 - accuracy: 0.1429
Test accuracy: 0.1428571492433548, Validation loss: 6.249787330627441
Saving results to CSV...

Running training with params: (0.0005, 0.6, 32, 60, 0.5, 30)
Loading training data...
Found 60 images belonging to 6 classes.
Loading validation data...
Found 5 images belonging to 6 classes.
Loading test data...
Found 7 images belonging to 6 classes.
Number of classes: 6
Computing class weights...
Class weights: {0: 1.0, 1: 1.0, 2: 1.0, 3: 1.0, 4: 1.0, 5: 1.0}
Creating model with learning rate: 0.0005, dropout: 0.6, filters: 32
Model created and compiled.
Training the model...
Epoch 1/30
2/2 [==============================] - 3s 859ms/step - loss: 12.7441 - accuracy: 0.1833 - val_loss: 6.2475 - val_accuracy: 0.4000 - lr: 5.0000e-04
Epoch 2/30
2/2 [==============================] - 2s 708ms/step - loss: 14.7036 - accuracy: 0.2000 - val_loss: 6.3363 - val_accuracy: 0.0000e+00 - lr: 5.0000e-04
Epoch 3/30
2/2 [==============================] - 1s 731ms/step - loss: 12.0533 - accuracy: 0.2833 - val_loss: 6.3862 - val_accuracy: 0.0000e+00 - lr: 5.0000e-04
Evaluating the model...
1/1 [==============================] - 0s 136ms/step - loss: 6.2413 - accuracy: 0.1429
Test accuracy: 0.1428571492433548, Validation loss: 6.24749755859375
Saving results to CSV...

Running training with params: (0.0005, 0.8, 16, 50, 0.3, 20)
Loading training data...
Found 60 images belonging to 6 classes.
Loading validation data...
Found 5 images belonging to 6 classes.
Loading test data...
Found 7 images belonging to 6 classes.
Number of classes: 6
Computing class weights...
Class weights: {0: 1.0, 1: 1.0, 2: 1.0, 3: 1.0, 4: 1.0, 5: 1.0}
Creating model with learning rate: 0.0005, dropout: 0.8, filters: 16
Model created and compiled.
Training the model...
Epoch 1/20
2/2 [==============================] - 2s 718ms/step - loss: 17.5152 - accuracy: 0.1500 - val_loss: 5.5754 - val_accuracy: 0.0000e+00 - lr: 5.0000e-04
Epoch 2/20
2/2 [==============================] - 1s 572ms/step - loss: 16.5334 - accuracy: 0.0500 - val_loss: 5.5079 - val_accuracy: 0.2000 - lr: 5.0000e-04
Epoch 3/20
2/2 [==============================] - 1s 563ms/step - loss: 16.0998 - accuracy: 0.2000 - val_loss: 5.5021 - val_accuracy: 0.2000 - lr: 5.0000e-04
Epoch 4/20
2/2 [==============================] - 1s 496ms/step - loss: 14.3422 - accuracy: 0.2500 - val_loss: 5.5152 - val_accuracy: 0.4000 - lr: 5.0000e-04
Epoch 5/20
2/2 [==============================] - 1s 500ms/step - loss: 16.9484 - accuracy: 0.1333 - val_loss: 5.5220 - val_accuracy: 0.2000 - lr: 5.0000e-04
Evaluating the model...
1/1 [==============================] - 0s 118ms/step - loss: 5.4816 - accuracy: 0.2857
Test accuracy: 0.2857142984867096, Validation loss: 5.502068519592285
Saving results to CSV...

Running training with params: (0.0005, 0.8, 16, 50, 0.3, 30)
Loading training data...
Found 60 images belonging to 6 classes.
Loading validation data...
Found 5 images belonging to 6 classes.
Loading test data...
Found 7 images belonging to 6 classes.
Number of classes: 6
Computing class weights...
Class weights: {0: 1.0, 1: 1.0, 2: 1.0, 3: 1.0, 4: 1.0, 5: 1.0}
Creating model with learning rate: 0.0005, dropout: 0.8, filters: 16
Model created and compiled.
Training the model...
Epoch 1/30
2/2 [==============================] - 2s 708ms/step - loss: 15.3094 - accuracy: 0.2167 - val_loss: 5.5784 - val_accuracy: 0.2000 - lr: 5.0000e-04
Epoch 2/30
2/2 [==============================] - 1s 599ms/step - loss: 17.3512 - accuracy: 0.0667 - val_loss: 5.5170 - val_accuracy: 0.2000 - lr: 5.0000e-04
Epoch 3/30
2/2 [==============================] - 1s 597ms/step - loss: 15.4339 - accuracy: 0.1833 - val_loss: 5.5323 - val_accuracy: 0.2000 - lr: 5.0000e-04
Epoch 4/30
2/2 [==============================] - 1s 510ms/step - loss: 16.4149 - accuracy: 0.1167 - val_loss: 5.5363 - val_accuracy: 0.2000 - lr: 5.0000e-04
Evaluating the model...
1/1 [==============================] - 0s 114ms/step - loss: 5.5229 - accuracy: 0.1429
Test accuracy: 0.1428571492433548, Validation loss: 5.517032146453857
Saving results to CSV...

Running training with params: (0.0005, 0.8, 16, 50, 0.5, 20)
Loading training data...
Found 60 images belonging to 6 classes.
Loading validation data...
Found 5 images belonging to 6 classes.
Loading test data...
Found 7 images belonging to 6 classes.
Number of classes: 6
Computing class weights...
Class weights: {0: 1.0, 1: 1.0, 2: 1.0, 3: 1.0, 4: 1.0, 5: 1.0}
Creating model with learning rate: 0.0005, dropout: 0.8, filters: 16
Model created and compiled.
Training the model...
Epoch 1/20
2/2 [==============================] - 2s 749ms/step - loss: 15.6228 - accuracy: 0.2667 - val_loss: 5.5685 - val_accuracy: 0.2000 - lr: 5.0000e-04
Epoch 2/20
2/2 [==============================] - 1s 597ms/step - loss: 15.3327 - accuracy: 0.1833 - val_loss: 5.4982 - val_accuracy: 0.0000e+00 - lr: 5.0000e-04
Epoch 3/20
2/2 [==============================] - 1s 530ms/step - loss: 13.7041 - accuracy: 0.2333 - val_loss: 5.4623 - val_accuracy: 0.2000 - lr: 5.0000e-04
Epoch 4/20
2/2 [==============================] - 1s 487ms/step - loss: 13.1825 - accuracy: 0.2667 - val_loss: 5.4621 - val_accuracy: 0.0000e+00 - lr: 5.0000e-04
Epoch 5/20
2/2 [==============================] - 1s 569ms/step - loss: 15.4761 - accuracy: 0.1667 - val_loss: 5.4635 - val_accuracy: 0.2000 - lr: 5.0000e-04
Epoch 6/20
2/2 [==============================] - 1s 561ms/step - loss: 14.9712 - accuracy: 0.2333 - val_loss: 5.4740 - val_accuracy: 0.2000 - lr: 5.0000e-04
Evaluating the model...
1/1 [==============================] - 0s 132ms/step - loss: 5.4944 - accuracy: 0.0000e+00
Test accuracy: 0.0, Validation loss: 5.462126731872559
Saving results to CSV...

Running training with params: (0.0005, 0.8, 16, 50, 0.5, 30)
Loading training data...
Found 60 images belonging to 6 classes.
Loading validation data...
Found 5 images belonging to 6 classes.
Loading test data...
Found 7 images belonging to 6 classes.
Number of classes: 6
Computing class weights...
Class weights: {0: 1.0, 1: 1.0, 2: 1.0, 3: 1.0, 4: 1.0, 5: 1.0}
Creating model with learning rate: 0.0005, dropout: 0.8, filters: 16
Model created and compiled.
Training the model...
Epoch 1/30
2/2 [==============================] - 3s 841ms/step - loss: 17.1780 - accuracy: 0.1000 - val_loss: 5.5503 - val_accuracy: 0.4000 - lr: 5.0000e-04
Epoch 2/30
2/2 [==============================] - 1s 527ms/step - loss: 16.5400 - accuracy: 0.2167 - val_loss: 5.4892 - val_accuracy: 0.2000 - lr: 5.0000e-04
Epoch 3/30
2/2 [==============================] - 1s 609ms/step - loss: 15.8497 - accuracy: 0.1667 - val_loss: 5.4770 - val_accuracy: 0.6000 - lr: 5.0000e-04
Epoch 4/30
2/2 [==============================] - 1s 596ms/step - loss: 16.3611 - accuracy: 0.1333 - val_loss: 5.4790 - val_accuracy: 0.6000 - lr: 5.0000e-04
Epoch 5/30
2/2 [==============================] - 1s 622ms/step - loss: 14.4879 - accuracy: 0.2500 - val_loss: 5.4891 - val_accuracy: 0.2000 - lr: 5.0000e-04
Evaluating the model...
1/1 [==============================] - 0s 176ms/step - loss: 5.5006 - accuracy: 0.4286
Test accuracy: 0.4285714328289032, Validation loss: 5.476977348327637
Saving results to CSV...

Running training with params: (0.0005, 0.8, 16, 60, 0.3, 20)
Loading training data...
Found 60 images belonging to 6 classes.
Loading validation data...
Found 5 images belonging to 6 classes.
Loading test data...
Found 7 images belonging to 6 classes.
Number of classes: 6
Computing class weights...
Class weights: {0: 1.0, 1: 1.0, 2: 1.0, 3: 1.0, 4: 1.0, 5: 1.0}
Creating model with learning rate: 0.0005, dropout: 0.8, filters: 16
Model created and compiled.
Training the model...
Epoch 1/20
2/2 [==============================] - 2s 731ms/step - loss: 15.6669 - accuracy: 0.3167 - val_loss: 5.5770 - val_accuracy: 0.0000e+00 - lr: 5.0000e-04
Epoch 2/20
2/2 [==============================] - 1s 622ms/step - loss: 16.4644 - accuracy: 0.1500 - val_loss: 5.5124 - val_accuracy: 0.0000e+00 - lr: 5.0000e-04
Epoch 3/20
2/2 [==============================] - 1s 540ms/step - loss: 15.3408 - accuracy: 0.2000 - val_loss: 5.5120 - val_accuracy: 0.0000e+00 - lr: 5.0000e-04
Epoch 4/20
2/2 [==============================] - 1s 622ms/step - loss: 15.8364 - accuracy: 0.2000 - val_loss: 5.5052 - val_accuracy: 0.2000 - lr: 5.0000e-04
Epoch 5/20
2/2 [==============================] - 1s 602ms/step - loss: 14.9122 - accuracy: 0.1833 - val_loss: 5.5026 - val_accuracy: 0.2000 - lr: 5.0000e-04
Epoch 6/20
2/2 [==============================] - 1s 506ms/step - loss: 17.1676 - accuracy: 0.1833 - val_loss: 5.5061 - val_accuracy: 0.4000 - lr: 5.0000e-04
Epoch 7/20
2/2 [==============================] - 1s 579ms/step - loss: 15.1590 - accuracy: 0.2167 - val_loss: 5.5107 - val_accuracy: 0.4000 - lr: 5.0000e-04
Evaluating the model...
1/1 [==============================] - 0s 136ms/step - loss: 5.4581 - accuracy: 0.4286
Test accuracy: 0.4285714328289032, Validation loss: 5.502598762512207
Saving results to CSV...

Running training with params: (0.0005, 0.8, 16, 60, 0.3, 30)
Loading training data...
Found 60 images belonging to 6 classes.
Loading validation data...
Found 5 images belonging to 6 classes.
Loading test data...
Found 7 images belonging to 6 classes.
Number of classes: 6
Computing class weights...
Class weights: {0: 1.0, 1: 1.0, 2: 1.0, 3: 1.0, 4: 1.0, 5: 1.0}
Creating model with learning rate: 0.0005, dropout: 0.8, filters: 16
Model created and compiled.
Training the model...
Epoch 1/30
2/2 [==============================] - 2s 712ms/step - loss: 18.7768 - accuracy: 0.1000 - val_loss: 5.5420 - val_accuracy: 0.2000 - lr: 5.0000e-04
Epoch 2/30
2/2 [==============================] - 1s 504ms/step - loss: 13.2764 - accuracy: 0.2500 - val_loss: 5.4623 - val_accuracy: 0.2000 - lr: 5.0000e-04
Epoch 3/30
2/2 [==============================] - 1s 511ms/step - loss: 14.3802 - accuracy: 0.2167 - val_loss: 5.4485 - val_accuracy: 0.4000 - lr: 5.0000e-04
Epoch 4/30
2/2 [==============================] - 1s 512ms/step - loss: 16.9731 - accuracy: 0.1833 - val_loss: 5.4521 - val_accuracy: 0.4000 - lr: 5.0000e-04
Epoch 5/30
2/2 [==============================] - 1s 581ms/step - loss: 17.2834 - accuracy: 0.1500 - val_loss: 5.4663 - val_accuracy: 0.4000 - lr: 5.0000e-04
Evaluating the model...
1/1 [==============================] - 0s 129ms/step - loss: 5.4934 - accuracy: 0.2857
Test accuracy: 0.2857142984867096, Validation loss: 5.4484968185424805
Saving results to CSV...

Running training with params: (0.0005, 0.8, 16, 60, 0.5, 20)
Loading training data...
Found 60 images belonging to 6 classes.
Loading validation data...
Found 5 images belonging to 6 classes.
Loading test data...
Found 7 images belonging to 6 classes.
Number of classes: 6
Computing class weights...
Class weights: {0: 1.0, 1: 1.0, 2: 1.0, 3: 1.0, 4: 1.0, 5: 1.0}
Creating model with learning rate: 0.0005, dropout: 0.8, filters: 16
Model created and compiled.
Training the model...
Epoch 1/20
2/2 [==============================] - 2s 712ms/step - loss: 16.7133 - accuracy: 0.1833 - val_loss: 5.5314 - val_accuracy: 0.2000 - lr: 5.0000e-04
Epoch 2/20
2/2 [==============================] - 1s 595ms/step - loss: 16.8743 - accuracy: 0.2333 - val_loss: 5.4517 - val_accuracy: 0.2000 - lr: 5.0000e-04
Epoch 3/20
2/2 [==============================] - 1s 625ms/step - loss: 15.9904 - accuracy: 0.0833 - val_loss: 5.4473 - val_accuracy: 0.0000e+00 - lr: 5.0000e-04
Epoch 4/20
2/2 [==============================] - 1s 512ms/step - loss: 15.6787 - accuracy: 0.0667 - val_loss: 5.4745 - val_accuracy: 0.0000e+00 - lr: 5.0000e-04
Epoch 5/20
2/2 [==============================] - 1s 614ms/step - loss: 17.5285 - accuracy: 0.1167 - val_loss: 5.4786 - val_accuracy: 0.0000e+00 - lr: 5.0000e-04
Evaluating the model...
1/1 [==============================] - 0s 129ms/step - loss: 5.4494 - accuracy: 0.1429
Test accuracy: 0.1428571492433548, Validation loss: 5.447321891784668
Saving results to CSV...

Running training with params: (0.0005, 0.8, 16, 60, 0.5, 30)
Loading training data...
Found 60 images belonging to 6 classes.
Loading validation data...
Found 5 images belonging to 6 classes.
Loading test data...
Found 7 images belonging to 6 classes.
Number of classes: 6
Computing class weights...
Class weights: {0: 1.0, 1: 1.0, 2: 1.0, 3: 1.0, 4: 1.0, 5: 1.0}
Creating model with learning rate: 0.0005, dropout: 0.8, filters: 16
Model created and compiled.
Training the model...
Epoch 1/30
2/2 [==============================] - 2s 806ms/step - loss: 16.6454 - accuracy: 0.2167 - val_loss: 5.5586 - val_accuracy: 0.2000 - lr: 5.0000e-04
Epoch 2/30
2/2 [==============================] - 1s 541ms/step - loss: 16.1436 - accuracy: 0.1667 - val_loss: 5.4663 - val_accuracy: 0.2000 - lr: 5.0000e-04
Epoch 3/30
2/2 [==============================] - 1s 634ms/step - loss: 14.7810 - accuracy: 0.2333 - val_loss: 5.4362 - val_accuracy: 0.2000 - lr: 5.0000e-04
Epoch 4/30
2/2 [==============================] - 1s 649ms/step - loss: 17.0576 - accuracy: 0.2333 - val_loss: 5.4356 - val_accuracy: 0.2000 - lr: 5.0000e-04
Epoch 5/30
2/2 [==============================] - 1s 536ms/step - loss: 18.3956 - accuracy: 0.1833 - val_loss: 5.4617 - val_accuracy: 0.4000 - lr: 5.0000e-04
Epoch 6/30
2/2 [==============================] - 1s 528ms/step - loss: 17.3726 - accuracy: 0.2833 - val_loss: 5.5018 - val_accuracy: 0.2000 - lr: 5.0000e-04
Evaluating the model...
1/1 [==============================] - 0s 121ms/step - loss: 5.4894 - accuracy: 0.1429
Test accuracy: 0.1428571492433548, Validation loss: 5.43557071685791
Saving results to CSV...

Running training with params: (0.0005, 0.8, 32, 50, 0.3, 20)
Loading training data...
Found 60 images belonging to 6 classes.
Loading validation data...
Found 5 images belonging to 6 classes.
Loading test data...
Found 7 images belonging to 6 classes.
Number of classes: 6
Computing class weights...
Class weights: {0: 1.0, 1: 1.0, 2: 1.0, 3: 1.0, 4: 1.0, 5: 1.0}
Creating model with learning rate: 0.0005, dropout: 0.8, filters: 32
Model created and compiled.
Training the model...
Epoch 1/20
2/2 [==============================] - 3s 853ms/step - loss: 15.4703 - accuracy: 0.2833 - val_loss: 5.9376 - val_accuracy: 0.2000 - lr: 5.0000e-04
Epoch 2/20
2/2 [==============================] - 1s 723ms/step - loss: 14.9929 - accuracy: 0.2000 - val_loss: 5.8557 - val_accuracy: 0.0000e+00 - lr: 5.0000e-04
Epoch 3/20
2/2 [==============================] - 1s 769ms/step - loss: 17.1202 - accuracy: 0.2333 - val_loss: 5.8529 - val_accuracy: 0.0000e+00 - lr: 5.0000e-04
Epoch 4/20
2/2 [==============================] - 1s 743ms/step - loss: 18.9404 - accuracy: 0.1167 - val_loss: 5.8887 - val_accuracy: 0.2000 - lr: 5.0000e-04
Epoch 5/20
2/2 [==============================] - 1s 748ms/step - loss: 16.1434 - accuracy: 0.2333 - val_loss: 5.9374 - val_accuracy: 0.0000e+00 - lr: 5.0000e-04
Evaluating the model...
1/1 [==============================] - 0s 171ms/step - loss: 5.8905 - accuracy: 0.2857
Test accuracy: 0.2857142984867096, Validation loss: 5.852901935577393
Saving results to CSV...

Running training with params: (0.0005, 0.8, 32, 50, 0.3, 30)
Loading training data...
Found 60 images belonging to 6 classes.
Loading validation data...
Found 5 images belonging to 6 classes.
Loading test data...
Found 7 images belonging to 6 classes.
Number of classes: 6
Computing class weights...
Class weights: {0: 1.0, 1: 1.0, 2: 1.0, 3: 1.0, 4: 1.0, 5: 1.0}
Creating model with learning rate: 0.0005, dropout: 0.8, filters: 32
Model created and compiled.
Training the model...
Epoch 1/30
2/2 [==============================] - 3s 961ms/step - loss: 16.2829 - accuracy: 0.1833 - val_loss: 5.8573 - val_accuracy: 0.0000e+00 - lr: 5.0000e-04
Epoch 2/30
2/2 [==============================] - 2s 643ms/step - loss: 17.3157 - accuracy: 0.1833 - val_loss: 5.8156 - val_accuracy: 0.0000e+00 - lr: 5.0000e-04
Epoch 3/30
2/2 [==============================] - 1s 729ms/step - loss: 19.9354 - accuracy: 0.1167 - val_loss: 5.8938 - val_accuracy: 0.0000e+00 - lr: 5.0000e-04
Epoch 4/30
2/2 [==============================] - 1s 632ms/step - loss: 17.8780 - accuracy: 0.2833 - val_loss: 5.9462 - val_accuracy: 0.0000e+00 - lr: 5.0000e-04
Evaluating the model...
1/1 [==============================] - 0s 140ms/step - loss: 5.9170 - accuracy: 0.0000e+00
Test accuracy: 0.0, Validation loss: 5.815618515014648
Saving results to CSV...

Running training with params: (0.0005, 0.8, 32, 50, 0.5, 20)
Loading training data...
Found 60 images belonging to 6 classes.
Loading validation data...
Found 5 images belonging to 6 classes.
Loading test data...
Found 7 images belonging to 6 classes.
Number of classes: 6
Computing class weights...
Class weights: {0: 1.0, 1: 1.0, 2: 1.0, 3: 1.0, 4: 1.0, 5: 1.0}
Creating model with learning rate: 0.0005, dropout: 0.8, filters: 32
Model created and compiled.
Training the model...
Epoch 1/20
2/2 [==============================] - 3s 889ms/step - loss: 14.9859 - accuracy: 0.1500 - val_loss: 5.8966 - val_accuracy: 0.2000 - lr: 5.0000e-04
Epoch 2/20
2/2 [==============================] - 1s 669ms/step - loss: 17.0220 - accuracy: 0.1000 - val_loss: 5.9132 - val_accuracy: 0.0000e+00 - lr: 5.0000e-04
Epoch 3/20
2/2 [==============================] - 2s 757ms/step - loss: 19.4431 - accuracy: 0.1667 - val_loss: 5.9711 - val_accuracy: 0.0000e+00 - lr: 5.0000e-04
Evaluating the model...
1/1 [==============================] - 0s 134ms/step - loss: 5.9797 - accuracy: 0.0000e+00
Test accuracy: 0.0, Validation loss: 5.896552085876465
Saving results to CSV...

Running training with params: (0.0005, 0.8, 32, 50, 0.5, 30)
Loading training data...
Found 60 images belonging to 6 classes.
Loading validation data...
Found 5 images belonging to 6 classes.
Loading test data...
Found 7 images belonging to 6 classes.
Number of classes: 6
Computing class weights...
Class weights: {0: 1.0, 1: 1.0, 2: 1.0, 3: 1.0, 4: 1.0, 5: 1.0}
Creating model with learning rate: 0.0005, dropout: 0.8, filters: 32
Model created and compiled.
Training the model...
Epoch 1/30
2/2 [==============================] - 2s 922ms/step - loss: 15.3295 - accuracy: 0.2167 - val_loss: 5.9956 - val_accuracy: 0.0000e+00 - lr: 5.0000e-04
Epoch 2/30
2/2 [==============================] - 1s 609ms/step - loss: 19.7469 - accuracy: 0.1500 - val_loss: 5.9451 - val_accuracy: 0.2000 - lr: 5.0000e-04
Epoch 3/30
2/2 [==============================] - 1s 739ms/step - loss: 18.2710 - accuracy: 0.1500 - val_loss: 5.9722 - val_accuracy: 0.2000 - lr: 5.0000e-04
Epoch 4/30
2/2 [==============================] - 1s 747ms/step - loss: 17.7215 - accuracy: 0.1167 - val_loss: 6.0101 - val_accuracy: 0.2000 - lr: 5.0000e-04
Evaluating the model...
1/1 [==============================] - 0s 129ms/step - loss: 5.9576 - accuracy: 0.1429
Test accuracy: 0.1428571492433548, Validation loss: 5.945064067840576
Saving results to CSV...

Running training with params: (0.0005, 0.8, 32, 60, 0.3, 20)
Loading training data...
Found 60 images belonging to 6 classes.
Loading validation data...
Found 5 images belonging to 6 classes.
Loading test data...
Found 7 images belonging to 6 classes.
Number of classes: 6
Computing class weights...
Class weights: {0: 1.0, 1: 1.0, 2: 1.0, 3: 1.0, 4: 1.0, 5: 1.0}
Creating model with learning rate: 0.0005, dropout: 0.8, filters: 32
Model created and compiled.
Training the model...
Epoch 1/20
2/2 [==============================] - 3s 852ms/step - loss: 16.4845 - accuracy: 0.1667 - val_loss: 5.9826 - val_accuracy: 0.2000 - lr: 5.0000e-04
Epoch 2/20
2/2 [==============================] - 1s 729ms/step - loss: 16.8423 - accuracy: 0.2167 - val_loss: 5.8646 - val_accuracy: 0.2000 - lr: 5.0000e-04
Epoch 3/20
2/2 [==============================] - 1s 748ms/step - loss: 17.0527 - accuracy: 0.1833 - val_loss: 5.8382 - val_accuracy: 0.2000 - lr: 5.0000e-04
Epoch 4/20
2/2 [==============================] - 1s 666ms/step - loss: 16.4889 - accuracy: 0.2333 - val_loss: 5.8896 - val_accuracy: 0.0000e+00 - lr: 5.0000e-04
Epoch 5/20
2/2 [==============================] - 1s 597ms/step - loss: 17.6073 - accuracy: 0.2000 - val_loss: 5.9726 - val_accuracy: 0.0000e+00 - lr: 5.0000e-04
Evaluating the model...
1/1 [==============================] - 0s 159ms/step - loss: 5.8889 - accuracy: 0.1429
Test accuracy: 0.1428571492433548, Validation loss: 5.838167190551758
Saving results to CSV...

Running training with params: (0.0005, 0.8, 32, 60, 0.3, 30)
Loading training data...
Found 60 images belonging to 6 classes.
Loading validation data...
Found 5 images belonging to 6 classes.
Loading test data...
Found 7 images belonging to 6 classes.
Number of classes: 6
Computing class weights...
Class weights: {0: 1.0, 1: 1.0, 2: 1.0, 3: 1.0, 4: 1.0, 5: 1.0}
Creating model with learning rate: 0.0005, dropout: 0.8, filters: 32
Model created and compiled.
Training the model...
Epoch 1/30
2/2 [==============================] - 3s 790ms/step - loss: 19.2627 - accuracy: 0.1167 - val_loss: 5.9078 - val_accuracy: 0.2000 - lr: 5.0000e-04
Epoch 2/30
2/2 [==============================] - 1s 732ms/step - loss: 17.1128 - accuracy: 0.2167 - val_loss: 5.8291 - val_accuracy: 0.2000 - lr: 5.0000e-04
Epoch 3/30
2/2 [==============================] - 1s 588ms/step - loss: 16.6767 - accuracy: 0.2000 - val_loss: 5.8416 - val_accuracy: 0.2000 - lr: 5.0000e-04
Epoch 4/30
2/2 [==============================] - 1s 719ms/step - loss: 15.6265 - accuracy: 0.2500 - val_loss: 5.8558 - val_accuracy: 0.4000 - lr: 5.0000e-04
Evaluating the model...
1/1 [==============================] - 0s 124ms/step - loss: 5.7548 - accuracy: 0.2857
Test accuracy: 0.2857142984867096, Validation loss: 5.829136371612549
Saving results to CSV...

Running training with params: (0.0005, 0.8, 32, 60, 0.5, 20)
Loading training data...
Found 60 images belonging to 6 classes.
Loading validation data...
Found 5 images belonging to 6 classes.
Loading test data...
Found 7 images belonging to 6 classes.
Number of classes: 6
Computing class weights...
Class weights: {0: 1.0, 1: 1.0, 2: 1.0, 3: 1.0, 4: 1.0, 5: 1.0}
Creating model with learning rate: 0.0005, dropout: 0.8, filters: 32
Model created and compiled.
Training the model...
Epoch 1/20
2/2 [==============================] - 3s 1s/step - loss: 19.1772 - accuracy: 0.0667 - val_loss: 6.0044 - val_accuracy: 0.2000 - lr: 5.0000e-04
Epoch 2/20
2/2 [==============================] - 2s 730ms/step - loss: 16.7498 - accuracy: 0.1333 - val_loss: 5.8903 - val_accuracy: 0.2000 - lr: 5.0000e-04
Epoch 3/20
2/2 [==============================] - 2s 747ms/step - loss: 18.9034 - accuracy: 0.1500 - val_loss: 5.8734 - val_accuracy: 0.2000 - lr: 5.0000e-04
Epoch 4/20
2/2 [==============================] - 1s 613ms/step - loss: 13.5360 - accuracy: 0.2667 - val_loss: 5.9102 - val_accuracy: 0.2000 - lr: 5.0000e-04
Epoch 5/20
2/2 [==============================] - 2s 778ms/step - loss: 15.5750 - accuracy: 0.2167 - val_loss: 5.9658 - val_accuracy: 0.2000 - lr: 5.0000e-04
Evaluating the model...
1/1 [==============================] - 0s 125ms/step - loss: 5.8735 - accuracy: 0.1429
Test accuracy: 0.1428571492433548, Validation loss: 5.873377323150635
Saving results to CSV...

Running training with params: (0.0005, 0.8, 32, 60, 0.5, 30)
Loading training data...
Found 60 images belonging to 6 classes.
Loading validation data...
Found 5 images belonging to 6 classes.
Loading test data...
Found 7 images belonging to 6 classes.
Number of classes: 6
Computing class weights...
Class weights: {0: 1.0, 1: 1.0, 2: 1.0, 3: 1.0, 4: 1.0, 5: 1.0}
Creating model with learning rate: 0.0005, dropout: 0.8, filters: 32
Model created and compiled.
Training the model...
Epoch 1/30
2/2 [==============================] - 2s 824ms/step - loss: 18.0334 - accuracy: 0.1167 - val_loss: 5.9442 - val_accuracy: 0.4000 - lr: 5.0000e-04
Epoch 2/30
2/2 [==============================] - 1s 732ms/step - loss: 16.4414 - accuracy: 0.1833 - val_loss: 5.8725 - val_accuracy: 0.2000 - lr: 5.0000e-04
Epoch 3/30
2/2 [==============================] - 1s 717ms/step - loss: 16.4310 - accuracy: 0.2167 - val_loss: 5.9070 - val_accuracy: 0.2000 - lr: 5.0000e-04
Epoch 4/30
2/2 [==============================] - 1s 715ms/step - loss: 18.0444 - accuracy: 0.2000 - val_loss: 5.9462 - val_accuracy: 0.2000 - lr: 5.0000e-04
Evaluating the model...
1/1 [==============================] - 0s 130ms/step - loss: 5.8336 - accuracy: 0.1429
Test accuracy: 0.1428571492433548, Validation loss: 5.8724565505981445
Saving results to CSV...

Running training with params: (0.0001, 0.6, 16, 50, 0.3, 20)
Loading training data...
Found 60 images belonging to 6 classes.
Loading validation data...
Found 5 images belonging to 6 classes.
Loading test data...
Found 7 images belonging to 6 classes.
Number of classes: 6
Computing class weights...
Class weights: {0: 1.0, 1: 1.0, 2: 1.0, 3: 1.0, 4: 1.0, 5: 1.0}
Creating model with learning rate: 0.0001, dropout: 0.6, filters: 16
Model created and compiled.
Training the model...
Epoch 1/20
2/2 [==============================] - 2s 787ms/step - loss: 10.1390 - accuracy: 0.1833 - val_loss: 5.8184 - val_accuracy: 0.2000 - lr: 1.0000e-04
Epoch 2/20
2/2 [==============================] - 1s 590ms/step - loss: 10.8512 - accuracy: 0.1000 - val_loss: 5.8084 - val_accuracy: 0.2000 - lr: 1.0000e-04
Epoch 3/20
2/2 [==============================] - 1s 517ms/step - loss: 10.3546 - accuracy: 0.2000 - val_loss: 5.8046 - val_accuracy: 0.0000e+00 - lr: 1.0000e-04
Epoch 4/20
2/2 [==============================] - 1s 653ms/step - loss: 10.1572 - accuracy: 0.1667 - val_loss: 5.8084 - val_accuracy: 0.0000e+00 - lr: 1.0000e-04
Epoch 5/20
2/2 [==============================] - 1s 537ms/step - loss: 9.3694 - accuracy: 0.2167 - val_loss: 5.8187 - val_accuracy: 0.0000e+00 - lr: 1.0000e-04
Evaluating the model...
1/1 [==============================] - 0s 113ms/step - loss: 5.8092 - accuracy: 0.0000e+00
Test accuracy: 0.0, Validation loss: 5.804634094238281
Saving results to CSV...

Running training with params: (0.0001, 0.6, 16, 50, 0.3, 30)
Loading training data...
Found 60 images belonging to 6 classes.
Loading validation data...
Found 5 images belonging to 6 classes.
Loading test data...
Found 7 images belonging to 6 classes.
Number of classes: 6
Computing class weights...
Class weights: {0: 1.0, 1: 1.0, 2: 1.0, 3: 1.0, 4: 1.0, 5: 1.0}
Creating model with learning rate: 0.0001, dropout: 0.6, filters: 16
Model created and compiled.
Training the model...
Epoch 1/30
2/2 [==============================] - 2s 738ms/step - loss: 9.1951 - accuracy: 0.2333 - val_loss: 5.7792 - val_accuracy: 0.2000 - lr: 1.0000e-04
Epoch 2/30
2/2 [==============================] - 1s 500ms/step - loss: 9.8602 - accuracy: 0.1667 - val_loss: 5.7720 - val_accuracy: 0.6000 - lr: 1.0000e-04
Epoch 3/30
2/2 [==============================] - 1s 508ms/step - loss: 9.0463 - accuracy: 0.1333 - val_loss: 5.7759 - val_accuracy: 0.4000 - lr: 1.0000e-04
Epoch 4/30
2/2 [==============================] - 1s 516ms/step - loss: 10.1174 - accuracy: 0.1833 - val_loss: 5.7770 - val_accuracy: 0.2000 - lr: 1.0000e-04
Evaluating the model...
1/1 [==============================] - 0s 125ms/step - loss: 5.7952 - accuracy: 0.2857
Test accuracy: 0.2857142984867096, Validation loss: 5.771990776062012
Saving results to CSV...

Running training with params: (0.0001, 0.6, 16, 50, 0.5, 20)
Loading training data...
Found 60 images belonging to 6 classes.
Loading validation data...
Found 5 images belonging to 6 classes.
Loading test data...
Found 7 images belonging to 6 classes.
Number of classes: 6
Computing class weights...
Class weights: {0: 1.0, 1: 1.0, 2: 1.0, 3: 1.0, 4: 1.0, 5: 1.0}
Creating model with learning rate: 0.0001, dropout: 0.6, filters: 16
Model created and compiled.
Training the model...
Epoch 1/20
2/2 [==============================] - 2s 688ms/step - loss: 11.5939 - accuracy: 0.1333 - val_loss: 5.8117 - val_accuracy: 0.2000 - lr: 1.0000e-04
Epoch 2/20
2/2 [==============================] - 1s 566ms/step - loss: 10.2903 - accuracy: 0.2167 - val_loss: 5.8074 - val_accuracy: 0.2000 - lr: 1.0000e-04
Epoch 3/20
2/2 [==============================] - 1s 504ms/step - loss: 11.1033 - accuracy: 0.1333 - val_loss: 5.8055 - val_accuracy: 0.2000 - lr: 1.0000e-04
Epoch 4/20
2/2 [==============================] - 1s 521ms/step - loss: 9.5069 - accuracy: 0.1833 - val_loss: 5.8014 - val_accuracy: 0.2000 - lr: 1.0000e-04
Epoch 5/20
2/2 [==============================] - 1s 572ms/step - loss: 10.1542 - accuracy: 0.1500 - val_loss: 5.8009 - val_accuracy: 0.2000 - lr: 1.0000e-04
Epoch 6/20
2/2 [==============================] - 1s 571ms/step - loss: 9.1706 - accuracy: 0.1500 - val_loss: 5.8045 - val_accuracy: 0.2000 - lr: 1.0000e-04
Epoch 7/20
2/2 [==============================] - 1s 526ms/step - loss: 8.8033 - accuracy: 0.2667 - val_loss: 5.8057 - val_accuracy: 0.2000 - lr: 1.0000e-04
Evaluating the model...
1/1 [==============================] - 0s 116ms/step - loss: 5.8077 - accuracy: 0.2857
Test accuracy: 0.2857142984867096, Validation loss: 5.800908088684082
Saving results to CSV...

Running training with params: (0.0001, 0.6, 16, 50, 0.5, 30)
Loading training data...
Found 60 images belonging to 6 classes.
Loading validation data...
Found 5 images belonging to 6 classes.
Loading test data...
Found 7 images belonging to 6 classes.
Number of classes: 6
Computing class weights...
Class weights: {0: 1.0, 1: 1.0, 2: 1.0, 3: 1.0, 4: 1.0, 5: 1.0}
Creating model with learning rate: 0.0001, dropout: 0.6, filters: 16
Model created and compiled.
Training the model...
Epoch 1/30
2/2 [==============================] - 2s 827ms/step - loss: 10.7404 - accuracy: 0.2000 - val_loss: 5.8001 - val_accuracy: 0.4000 - lr: 1.0000e-04
Epoch 2/30
2/2 [==============================] - 1s 571ms/step - loss: 10.4222 - accuracy: 0.2500 - val_loss: 5.7994 - val_accuracy: 0.2000 - lr: 1.0000e-04
Epoch 3/30
2/2 [==============================] - 1s 508ms/step - loss: 9.2831 - accuracy: 0.2167 - val_loss: 5.7936 - val_accuracy: 0.4000 - lr: 1.0000e-04
Epoch 4/30
2/2 [==============================] - 1s 632ms/step - loss: 8.7225 - accuracy: 0.3167 - val_loss: 5.7929 - val_accuracy: 0.2000 - lr: 1.0000e-04
Epoch 5/30
2/2 [==============================] - 1s 520ms/step - loss: 8.9573 - accuracy: 0.1667 - val_loss: 5.8049 - val_accuracy: 0.2000 - lr: 1.0000e-04
Epoch 6/30
2/2 [==============================] - 1s 492ms/step - loss: 9.6746 - accuracy: 0.2500 - val_loss: 5.8241 - val_accuracy: 0.0000e+00 - lr: 1.0000e-04
Evaluating the model...
1/1 [==============================] - 0s 118ms/step - loss: 5.7888 - accuracy: 0.2857
Test accuracy: 0.2857142984867096, Validation loss: 5.79293155670166
Saving results to CSV...

Running training with params: (0.0001, 0.6, 16, 60, 0.3, 20)
Loading training data...
Found 60 images belonging to 6 classes.
Loading validation data...
Found 5 images belonging to 6 classes.
Loading test data...
Found 7 images belonging to 6 classes.
Number of classes: 6
Computing class weights...
Class weights: {0: 1.0, 1: 1.0, 2: 1.0, 3: 1.0, 4: 1.0, 5: 1.0}
Creating model with learning rate: 0.0001, dropout: 0.6, filters: 16
Model created and compiled.
Training the model...
Epoch 1/20
2/2 [==============================] - 2s 777ms/step - loss: 10.7543 - accuracy: 0.2000 - val_loss: 5.7970 - val_accuracy: 0.2000 - lr: 1.0000e-04
Epoch 2/20
2/2 [==============================] - 1s 502ms/step - loss: 10.5681 - accuracy: 0.1167 - val_loss: 5.7979 - val_accuracy: 0.2000 - lr: 1.0000e-04
Epoch 3/20
2/2 [==============================] - 1s 510ms/step - loss: 10.0748 - accuracy: 0.0667 - val_loss: 5.7957 - val_accuracy: 0.2000 - lr: 1.0000e-04
Epoch 4/20
2/2 [==============================] - 1s 594ms/step - loss: 9.9310 - accuracy: 0.2500 - val_loss: 5.7883 - val_accuracy: 0.4000 - lr: 1.0000e-04
Epoch 5/20
2/2 [==============================] - 1s 594ms/step - loss: 8.5917 - accuracy: 0.2167 - val_loss: 5.7826 - val_accuracy: 0.4000 - lr: 1.0000e-04
Epoch 6/20
2/2 [==============================] - 1s 573ms/step - loss: 9.0059 - accuracy: 0.2667 - val_loss: 5.7764 - val_accuracy: 0.4000 - lr: 1.0000e-04
Epoch 7/20
2/2 [==============================] - 1s 583ms/step - loss: 8.6792 - accuracy: 0.2500 - val_loss: 5.7719 - val_accuracy: 0.4000 - lr: 1.0000e-04
Epoch 8/20
2/2 [==============================] - 1s 506ms/step - loss: 9.9241 - accuracy: 0.2000 - val_loss: 5.7716 - val_accuracy: 0.4000 - lr: 1.0000e-04
Epoch 9/20
2/2 [==============================] - 1s 499ms/step - loss: 9.2739 - accuracy: 0.2167 - val_loss: 5.7761 - val_accuracy: 0.2000 - lr: 1.0000e-04
Epoch 10/20
2/2 [==============================] - 1s 588ms/step - loss: 9.4198 - accuracy: 0.1833 - val_loss: 5.7853 - val_accuracy: 0.2000 - lr: 1.0000e-04
Evaluating the model...
1/1 [==============================] - 0s 139ms/step - loss: 5.7588 - accuracy: 0.4286
Test accuracy: 0.4285714328289032, Validation loss: 5.7715582847595215
Saving results to CSV...

Running training with params: (0.0001, 0.6, 16, 60, 0.3, 30)
Loading training data...
Found 60 images belonging to 6 classes.
Loading validation data...
Found 5 images belonging to 6 classes.
Loading test data...
Found 7 images belonging to 6 classes.
Number of classes: 6
Computing class weights...
Class weights: {0: 1.0, 1: 1.0, 2: 1.0, 3: 1.0, 4: 1.0, 5: 1.0}
Creating model with learning rate: 0.0001, dropout: 0.6, filters: 16
Model created and compiled.
Training the model...
Epoch 1/30
2/2 [==============================] - 2s 758ms/step - loss: 10.7071 - accuracy: 0.1333 - val_loss: 5.7866 - val_accuracy: 0.0000e+00 - lr: 1.0000e-04
Epoch 2/30
2/2 [==============================] - 1s 533ms/step - loss: 8.7651 - accuracy: 0.2333 - val_loss: 5.7817 - val_accuracy: 0.2000 - lr: 1.0000e-04
Epoch 3/30
2/2 [==============================] - 1s 534ms/step - loss: 9.3953 - accuracy: 0.2167 - val_loss: 5.7766 - val_accuracy: 0.2000 - lr: 1.0000e-04
Epoch 4/30
2/2 [==============================] - 1s 504ms/step - loss: 9.3416 - accuracy: 0.2167 - val_loss: 5.7727 - val_accuracy: 0.2000 - lr: 1.0000e-04
Epoch 5/30
2/2 [==============================] - 1s 661ms/step - loss: 9.3166 - accuracy: 0.2333 - val_loss: 5.7808 - val_accuracy: 0.2000 - lr: 1.0000e-04
Epoch 6/30
2/2 [==============================] - 1s 543ms/step - loss: 8.7588 - accuracy: 0.1500 - val_loss: 5.7865 - val_accuracy: 0.2000 - lr: 1.0000e-04
Evaluating the model...
1/1 [==============================] - 0s 140ms/step - loss: 5.7901 - accuracy: 0.1429
Test accuracy: 0.1428571492433548, Validation loss: 5.772698402404785
Saving results to CSV...

Running training with params: (0.0001, 0.6, 16, 60, 0.5, 20)
Loading training data...
Found 60 images belonging to 6 classes.
Loading validation data...
Found 5 images belonging to 6 classes.
Loading test data...
Found 7 images belonging to 6 classes.
Number of classes: 6
Computing class weights...
Class weights: {0: 1.0, 1: 1.0, 2: 1.0, 3: 1.0, 4: 1.0, 5: 1.0}
Creating model with learning rate: 0.0001, dropout: 0.6, filters: 16
Model created and compiled.
Training the model...
Epoch 1/20
2/2 [==============================] - 2s 730ms/step - loss: 10.6641 - accuracy: 0.1667 - val_loss: 5.7991 - val_accuracy: 0.4000 - lr: 1.0000e-04
Epoch 2/20
2/2 [==============================] - 1s 593ms/step - loss: 10.1115 - accuracy: 0.2167 - val_loss: 5.8031 - val_accuracy: 0.2000 - lr: 1.0000e-04
Epoch 3/20
2/2 [==============================] - 1s 652ms/step - loss: 9.0016 - accuracy: 0.2667 - val_loss: 5.8115 - val_accuracy: 0.0000e+00 - lr: 1.0000e-04
Evaluating the model...
1/1 [==============================] - 0s 121ms/step - loss: 5.7794 - accuracy: 0.4286
Test accuracy: 0.4285714328289032, Validation loss: 5.799139976501465
Saving results to CSV...

Running training with params: (0.0001, 0.6, 16, 60, 0.5, 30)
Loading training data...
Found 60 images belonging to 6 classes.
Loading validation data...
Found 5 images belonging to 6 classes.
Loading test data...
Found 7 images belonging to 6 classes.
Number of classes: 6
Computing class weights...
Class weights: {0: 1.0, 1: 1.0, 2: 1.0, 3: 1.0, 4: 1.0, 5: 1.0}
Creating model with learning rate: 0.0001, dropout: 0.6, filters: 16
Model created and compiled.
Training the model...
Epoch 1/30
2/2 [==============================] - 2s 786ms/step - loss: 10.2276 - accuracy: 0.2167 - val_loss: 5.7952 - val_accuracy: 0.0000e+00 - lr: 1.0000e-04
Epoch 2/30
2/2 [==============================] - 1s 612ms/step - loss: 9.5938 - accuracy: 0.1667 - val_loss: 5.7833 - val_accuracy: 0.4000 - lr: 1.0000e-04
Epoch 3/30
2/2 [==============================] - 1s 609ms/step - loss: 10.3001 - accuracy: 0.1833 - val_loss: 5.7766 - val_accuracy: 0.4000 - lr: 1.0000e-04
Epoch 4/30
2/2 [==============================] - 1s 592ms/step - loss: 10.1890 - accuracy: 0.1833 - val_loss: 5.7797 - val_accuracy: 0.2000 - lr: 1.0000e-04
Epoch 5/30
2/2 [==============================] - 1s 518ms/step - loss: 9.6081 - accuracy: 0.0833 - val_loss: 5.7806 - val_accuracy: 0.2000 - lr: 1.0000e-04
Evaluating the model...
1/1 [==============================] - 0s 124ms/step - loss: 5.8022 - accuracy: 0.1429
Test accuracy: 0.1428571492433548, Validation loss: 5.776590347290039
Saving results to CSV...

Running training with params: (0.0001, 0.6, 32, 50, 0.3, 20)
Loading training data...
Found 60 images belonging to 6 classes.
Loading validation data...
Found 5 images belonging to 6 classes.
Loading test data...
Found 7 images belonging to 6 classes.
Number of classes: 6
Computing class weights...
Class weights: {0: 1.0, 1: 1.0, 2: 1.0, 3: 1.0, 4: 1.0, 5: 1.0}
Creating model with learning rate: 0.0001, dropout: 0.6, filters: 32
Model created and compiled.
Training the model...
Epoch 1/20
2/2 [==============================] - 3s 978ms/step - loss: 11.2437 - accuracy: 0.1333 - val_loss: 6.2403 - val_accuracy: 0.4000 - lr: 1.0000e-04
Epoch 2/20
2/2 [==============================] - 1s 704ms/step - loss: 10.6044 - accuracy: 0.2333 - val_loss: 6.2519 - val_accuracy: 0.0000e+00 - lr: 1.0000e-04
Epoch 3/20
2/2 [==============================] - 1s 608ms/step - loss: 10.5294 - accuracy: 0.2500 - val_loss: 6.2621 - val_accuracy: 0.2000 - lr: 1.0000e-04
Evaluating the model...
1/1 [==============================] - 0s 141ms/step - loss: 6.2485 - accuracy: 0.4286
Test accuracy: 0.4285714328289032, Validation loss: 6.240322589874268
Saving results to CSV...

Running training with params: (0.0001, 0.6, 32, 50, 0.3, 30)
Loading training data...
Found 60 images belonging to 6 classes.
Loading validation data...
Found 5 images belonging to 6 classes.
Loading test data...
Found 7 images belonging to 6 classes.
Number of classes: 6
Computing class weights...
Class weights: {0: 1.0, 1: 1.0, 2: 1.0, 3: 1.0, 4: 1.0, 5: 1.0}
Creating model with learning rate: 0.0001, dropout: 0.6, filters: 32
Model created and compiled.
Training the model...
Epoch 1/30
2/2 [==============================] - 3s 847ms/step - loss: 10.1852 - accuracy: 0.2667 - val_loss: 6.2973 - val_accuracy: 0.0000e+00 - lr: 1.0000e-04
Epoch 2/30
2/2 [==============================] - 2s 789ms/step - loss: 10.5928 - accuracy: 0.3000 - val_loss: 6.2939 - val_accuracy: 0.2000 - lr: 1.0000e-04
Epoch 3/30
2/2 [==============================] - 1s 618ms/step - loss: 10.2692 - accuracy: 0.2000 - val_loss: 6.2944 - val_accuracy: 0.2000 - lr: 1.0000e-04
Epoch 4/30
2/2 [==============================] - 2s 772ms/step - loss: 9.5943 - accuracy: 0.3167 - val_loss: 6.3023 - val_accuracy: 0.0000e+00 - lr: 1.0000e-04
Evaluating the model...
1/1 [==============================] - 0s 133ms/step - loss: 6.3011 - accuracy: 0.1429
Test accuracy: 0.1428571492433548, Validation loss: 6.29393196105957
Saving results to CSV...

Running training with params: (0.0001, 0.6, 32, 50, 0.5, 20)
Loading training data...
Found 60 images belonging to 6 classes.
Loading validation data...
Found 5 images belonging to 6 classes.
Loading test data...
Found 7 images belonging to 6 classes.
Number of classes: 6
Computing class weights...
Class weights: {0: 1.0, 1: 1.0, 2: 1.0, 3: 1.0, 4: 1.0, 5: 1.0}
Creating model with learning rate: 0.0001, dropout: 0.6, filters: 32
Model created and compiled.
Training the model...
Epoch 1/20
2/2 [==============================] - 3s 957ms/step - loss: 11.0480 - accuracy: 0.1500 - val_loss: 6.3092 - val_accuracy: 0.2000 - lr: 1.0000e-04
Epoch 2/20
2/2 [==============================] - 2s 769ms/step - loss: 10.2080 - accuracy: 0.1833 - val_loss: 6.2999 - val_accuracy: 0.2000 - lr: 1.0000e-04
Epoch 3/20
2/2 [==============================] - 2s 661ms/step - loss: 10.2286 - accuracy: 0.1833 - val_loss: 6.2981 - val_accuracy: 0.2000 - lr: 1.0000e-04
Epoch 4/20
2/2 [==============================] - 2s 732ms/step - loss: 9.3370 - accuracy: 0.1833 - val_loss: 6.2955 - val_accuracy: 0.2000 - lr: 1.0000e-04
Epoch 5/20
2/2 [==============================] - 1s 725ms/step - loss: 8.9585 - accuracy: 0.2333 - val_loss: 6.2958 - val_accuracy: 0.2000 - lr: 1.0000e-04
Epoch 6/20
2/2 [==============================] - 2s 729ms/step - loss: 8.1617 - accuracy: 0.3333 - val_loss: 6.2997 - val_accuracy: 0.2000 - lr: 1.0000e-04
Evaluating the model...
1/1 [==============================] - 0s 131ms/step - loss: 6.2986 - accuracy: 0.1429
Test accuracy: 0.1428571492433548, Validation loss: 6.2955169677734375
Saving results to CSV...

Running training with params: (0.0001, 0.6, 32, 50, 0.5, 30)
Loading training data...
Found 60 images belonging to 6 classes.
Loading validation data...
Found 5 images belonging to 6 classes.
Loading test data...
Found 7 images belonging to 6 classes.
Number of classes: 6
Computing class weights...
Class weights: {0: 1.0, 1: 1.0, 2: 1.0, 3: 1.0, 4: 1.0, 5: 1.0}
Creating model with learning rate: 0.0001, dropout: 0.6, filters: 32
Model created and compiled.
Training the model...
Epoch 1/30
2/2 [==============================] - 2s 909ms/step - loss: 11.1774 - accuracy: 0.1333 - val_loss: 6.2663 - val_accuracy: 0.2000 - lr: 1.0000e-04
Epoch 2/30
2/2 [==============================] - 1s 598ms/step - loss: 10.6273 - accuracy: 0.2000 - val_loss: 6.2697 - val_accuracy: 0.2000 - lr: 1.0000e-04
Epoch 3/30
2/2 [==============================] - 1s 745ms/step - loss: 10.0738 - accuracy: 0.2167 - val_loss: 6.2728 - val_accuracy: 0.2000 - lr: 1.0000e-04
Evaluating the model...
1/1 [==============================] - 0s 127ms/step - loss: 6.2825 - accuracy: 0.1429
Test accuracy: 0.1428571492433548, Validation loss: 6.2662553787231445
Saving results to CSV...

Running training with params: (0.0001, 0.6, 32, 60, 0.3, 20)
Loading training data...
Found 60 images belonging to 6 classes.
Loading validation data...
Found 5 images belonging to 6 classes.
Loading test data...
Found 7 images belonging to 6 classes.
Number of classes: 6
Computing class weights...
Class weights: {0: 1.0, 1: 1.0, 2: 1.0, 3: 1.0, 4: 1.0, 5: 1.0}
Creating model with learning rate: 0.0001, dropout: 0.6, filters: 32
Model created and compiled.
Training the model...
Epoch 1/20
2/2 [==============================] - 3s 972ms/step - loss: 10.8678 - accuracy: 0.2500 - val_loss: 6.2806 - val_accuracy: 0.2000 - lr: 1.0000e-04
Epoch 2/20
2/2 [==============================] - 1s 750ms/step - loss: 11.9611 - accuracy: 0.1667 - val_loss: 6.2773 - val_accuracy: 0.2000 - lr: 1.0000e-04
Epoch 3/20
2/2 [==============================] - 2s 626ms/step - loss: 10.8745 - accuracy: 0.1167 - val_loss: 6.2819 - val_accuracy: 0.2000 - lr: 1.0000e-04
Epoch 4/20
2/2 [==============================] - 1s 646ms/step - loss: 11.1776 - accuracy: 0.1833 - val_loss: 6.2947 - val_accuracy: 0.2000 - lr: 1.0000e-04
Evaluating the model...
1/1 [==============================] - 0s 127ms/step - loss: 6.3056 - accuracy: 0.1429
Test accuracy: 0.1428571492433548, Validation loss: 6.277275085449219
Saving results to CSV...

Running training with params: (0.0001, 0.6, 32, 60, 0.3, 30)
Loading training data...
Found 60 images belonging to 6 classes.
Loading validation data...
Found 5 images belonging to 6 classes.
Loading test data...
Found 7 images belonging to 6 classes.
Number of classes: 6
Computing class weights...
Class weights: {0: 1.0, 1: 1.0, 2: 1.0, 3: 1.0, 4: 1.0, 5: 1.0}
Creating model with learning rate: 0.0001, dropout: 0.6, filters: 32
Model created and compiled.
Training the model...
Epoch 1/30
2/2 [==============================] - 2s 873ms/step - loss: 10.4854 - accuracy: 0.1833 - val_loss: 6.2847 - val_accuracy: 0.2000 - lr: 1.0000e-04
Epoch 2/30
2/2 [==============================] - 1s 804ms/step - loss: 10.9590 - accuracy: 0.2000 - val_loss: 6.2927 - val_accuracy: 0.0000e+00 - lr: 1.0000e-04
Epoch 3/30
2/2 [==============================] - 1s 595ms/step - loss: 10.9915 - accuracy: 0.1667 - val_loss: 6.3029 - val_accuracy: 0.0000e+00 - lr: 1.0000e-04
Evaluating the model...
1/1 [==============================] - 0s 159ms/step - loss: 6.2814 - accuracy: 0.1429
Test accuracy: 0.1428571492433548, Validation loss: 6.284730911254883
Saving results to CSV...

Running training with params: (0.0001, 0.6, 32, 60, 0.5, 20)
Loading training data...
Found 60 images belonging to 6 classes.
Loading validation data...
Found 5 images belonging to 6 classes.
Loading test data...
Found 7 images belonging to 6 classes.
Number of classes: 6
Computing class weights...
Class weights: {0: 1.0, 1: 1.0, 2: 1.0, 3: 1.0, 4: 1.0, 5: 1.0}
Creating model with learning rate: 0.0001, dropout: 0.6, filters: 32
Model created and compiled.
Training the model...
Epoch 1/20
2/2 [==============================] - 3s 817ms/step - loss: 9.8609 - accuracy: 0.1333 - val_loss: 6.2860 - val_accuracy: 0.4000 - lr: 1.0000e-04
Epoch 2/20
2/2 [==============================] - 1s 601ms/step - loss: 11.4019 - accuracy: 0.1500 - val_loss: 6.2960 - val_accuracy: 0.2000 - lr: 1.0000e-04
Epoch 3/20
2/2 [==============================] - 1s 641ms/step - loss: 10.7957 - accuracy: 0.2167 - val_loss: 6.2928 - val_accuracy: 0.2000 - lr: 1.0000e-04
Evaluating the model...
1/1 [==============================] - 0s 146ms/step - loss: 6.2715 - accuracy: 0.4286
Test accuracy: 0.4285714328289032, Validation loss: 6.285950660705566
Saving results to CSV...

Running training with params: (0.0001, 0.6, 32, 60, 0.5, 30)
Loading training data...
Found 60 images belonging to 6 classes.
Loading validation data...
Found 5 images belonging to 6 classes.
Loading test data...
Found 7 images belonging to 6 classes.
Number of classes: 6
Computing class weights...
Class weights: {0: 1.0, 1: 1.0, 2: 1.0, 3: 1.0, 4: 1.0, 5: 1.0}
Creating model with learning rate: 0.0001, dropout: 0.6, filters: 32
Model created and compiled.
Training the model...
Epoch 1/30
2/2 [==============================] - 3s 972ms/step - loss: 11.7973 - accuracy: 0.2167 - val_loss: 6.2725 - val_accuracy: 0.0000e+00 - lr: 1.0000e-04
Epoch 2/30
2/2 [==============================] - 1s 640ms/step - loss: 10.3395 - accuracy: 0.2667 - val_loss: 6.2730 - val_accuracy: 0.0000e+00 - lr: 1.0000e-04
Epoch 3/30
2/2 [==============================] - 1s 611ms/step - loss: 11.3230 - accuracy: 0.2000 - val_loss: 6.2598 - val_accuracy: 0.4000 - lr: 1.0000e-04
Epoch 4/30
2/2 [==============================] - 1s 751ms/step - loss: 11.4093 - accuracy: 0.1667 - val_loss: 6.2371 - val_accuracy: 0.4000 - lr: 1.0000e-04
Epoch 5/30
2/2 [==============================] - 1s 738ms/step - loss: 10.6218 - accuracy: 0.3000 - val_loss: 6.2089 - val_accuracy: 0.4000 - lr: 1.0000e-04
Epoch 6/30
2/2 [==============================] - 1s 633ms/step - loss: 9.8644 - accuracy: 0.2500 - val_loss: 6.1815 - val_accuracy: 0.4000 - lr: 1.0000e-04
Epoch 7/30
2/2 [==============================] - 1s 705ms/step - loss: 9.9803 - accuracy: 0.2833 - val_loss: 6.1501 - val_accuracy: 0.4000 - lr: 1.0000e-04
Epoch 8/30
2/2 [==============================] - 1s 638ms/step - loss: 10.4102 - accuracy: 0.3167 - val_loss: 6.1151 - val_accuracy: 0.4000 - lr: 1.0000e-04
Epoch 9/30
2/2 [==============================] - 1s 634ms/step - loss: 9.4509 - accuracy: 0.2500 - val_loss: 6.0810 - val_accuracy: 0.4000 - lr: 1.0000e-04
Epoch 10/30
2/2 [==============================] - 1s 712ms/step - loss: 9.3744 - accuracy: 0.2833 - val_loss: 6.0503 - val_accuracy: 0.4000 - lr: 1.0000e-04
Epoch 11/30
2/2 [==============================] - 1s 640ms/step - loss: 9.6848 - accuracy: 0.2333 - val_loss: 6.0183 - val_accuracy: 0.4000 - lr: 1.0000e-04
Epoch 12/30
2/2 [==============================] - 1s 610ms/step - loss: 10.0929 - accuracy: 0.1167 - val_loss: 5.9878 - val_accuracy: 0.4000 - lr: 1.0000e-04
Epoch 13/30
2/2 [==============================] - 1s 625ms/step - loss: 10.0366 - accuracy: 0.2667 - val_loss: 5.9676 - val_accuracy: 0.4000 - lr: 1.0000e-04
Epoch 14/30
2/2 [==============================] - 1s 626ms/step - loss: 8.4532 - accuracy: 0.3500 - val_loss: 5.9638 - val_accuracy: 0.4000 - lr: 1.0000e-04
Epoch 15/30
2/2 [==============================] - 1s 725ms/step - loss: 9.2332 - accuracy: 0.2833 - val_loss: 5.9841 - val_accuracy: 0.4000 - lr: 1.0000e-04
Epoch 16/30
2/2 [==============================] - 1s 723ms/step - loss: 8.1118 - accuracy: 0.3833 - val_loss: 6.0262 - val_accuracy: 0.4000 - lr: 1.0000e-04
Evaluating the model...
1/1 [==============================] - 0s 161ms/step - loss: 6.0495 - accuracy: 0.4286
Test accuracy: 0.4285714328289032, Validation loss: 5.9638237953186035
Saving results to CSV...

Running training with params: (0.0001, 0.8, 16, 50, 0.3, 20)
Loading training data...
Found 60 images belonging to 6 classes.
Loading validation data...
Found 5 images belonging to 6 classes.
Loading test data...
Found 7 images belonging to 6 classes.
Number of classes: 6
Computing class weights...
Class weights: {0: 1.0, 1: 1.0, 2: 1.0, 3: 1.0, 4: 1.0, 5: 1.0}
Creating model with learning rate: 0.0001, dropout: 0.8, filters: 16
Model created and compiled.
Training the model...
Epoch 1/20
2/2 [==============================] - 2s 713ms/step - loss: 16.9647 - accuracy: 0.1667 - val_loss: 5.7632 - val_accuracy: 0.0000e+00 - lr: 1.0000e-04
Epoch 2/20
2/2 [==============================] - 1s 540ms/step - loss: 15.2567 - accuracy: 0.1833 - val_loss: 5.7396 - val_accuracy: 0.0000e+00 - lr: 1.0000e-04
Epoch 3/20
2/2 [==============================] - 1s 626ms/step - loss: 14.1852 - accuracy: 0.2667 - val_loss: 5.7327 - val_accuracy: 0.0000e+00 - lr: 1.0000e-04
Epoch 4/20
2/2 [==============================] - 1s 624ms/step - loss: 14.0836 - accuracy: 0.1333 - val_loss: 5.7286 - val_accuracy: 0.0000e+00 - lr: 1.0000e-04
Epoch 5/20
2/2 [==============================] - 1s 595ms/step - loss: 16.5914 - accuracy: 0.0333 - val_loss: 5.7243 - val_accuracy: 0.0000e+00 - lr: 1.0000e-04
Epoch 6/20
2/2 [==============================] - 1s 502ms/step - loss: 14.8263 - accuracy: 0.2000 - val_loss: 5.7191 - val_accuracy: 0.4000 - lr: 1.0000e-04
Epoch 7/20
2/2 [==============================] - 1s 582ms/step - loss: 15.5524 - accuracy: 0.1667 - val_loss: 5.7146 - val_accuracy: 0.4000 - lr: 1.0000e-04
Epoch 8/20
2/2 [==============================] - 1s 538ms/step - loss: 14.6166 - accuracy: 0.1833 - val_loss: 5.7113 - val_accuracy: 0.4000 - lr: 1.0000e-04
Epoch 9/20
2/2 [==============================] - 1s 585ms/step - loss: 12.2682 - accuracy: 0.2000 - val_loss: 5.7082 - val_accuracy: 0.4000 - lr: 1.0000e-04
Epoch 10/20
2/2 [==============================] - 1s 556ms/step - loss: 15.2877 - accuracy: 0.2000 - val_loss: 5.7068 - val_accuracy: 0.4000 - lr: 1.0000e-04
Epoch 11/20
2/2 [==============================] - 1s 608ms/step - loss: 14.0656 - accuracy: 0.1333 - val_loss: 5.7054 - val_accuracy: 0.4000 - lr: 1.0000e-04
Epoch 12/20
2/2 [==============================] - 1s 592ms/step - loss: 14.0199 - accuracy: 0.2000 - val_loss: 5.7051 - val_accuracy: 0.4000 - lr: 1.0000e-04
Epoch 13/20
2/2 [==============================] - 1s 619ms/step - loss: 14.5490 - accuracy: 0.2667 - val_loss: 5.7041 - val_accuracy: 0.4000 - lr: 1.0000e-04
Epoch 14/20
2/2 [==============================] - 1s 542ms/step - loss: 13.2647 - accuracy: 0.2333 - val_loss: 5.7041 - val_accuracy: 0.4000 - lr: 1.0000e-04
Epoch 15/20
2/2 [==============================] - 1s 519ms/step - loss: 15.6151 - accuracy: 0.1833 - val_loss: 5.7055 - val_accuracy: 0.4000 - lr: 1.0000e-04
Evaluating the model...
1/1 [==============================] - 0s 136ms/step - loss: 5.7745 - accuracy: 0.1429
Test accuracy: 0.1428571492433548, Validation loss: 5.704081058502197
Saving results to CSV...

Running training with params: (0.0001, 0.8, 16, 50, 0.3, 30)
Loading training data...
Found 60 images belonging to 6 classes.
Loading validation data...
Found 5 images belonging to 6 classes.
Loading test data...
Found 7 images belonging to 6 classes.
Number of classes: 6
Computing class weights...
Class weights: {0: 1.0, 1: 1.0, 2: 1.0, 3: 1.0, 4: 1.0, 5: 1.0}
Creating model with learning rate: 0.0001, dropout: 0.8, filters: 16
Model created and compiled.
Training the model...
Epoch 1/30
2/2 [==============================] - 2s 734ms/step - loss: 17.2931 - accuracy: 0.1500 - val_loss: 5.7441 - val_accuracy: 0.2000 - lr: 1.0000e-04
Epoch 2/30
2/2 [==============================] - 1s 618ms/step - loss: 18.3668 - accuracy: 0.1000 - val_loss: 5.7242 - val_accuracy: 0.2000 - lr: 1.0000e-04
Epoch 3/30
2/2 [==============================] - 1s 612ms/step - loss: 15.0452 - accuracy: 0.1667 - val_loss: 5.7143 - val_accuracy: 0.2000 - lr: 1.0000e-04
Epoch 4/30
2/2 [==============================] - 1s 582ms/step - loss: 16.9094 - accuracy: 0.1167 - val_loss: 5.7079 - val_accuracy: 0.2000 - lr: 1.0000e-04
Epoch 5/30
2/2 [==============================] - 1s 530ms/step - loss: 14.3577 - accuracy: 0.2333 - val_loss: 5.7029 - val_accuracy: 0.2000 - lr: 1.0000e-04
Epoch 6/30
2/2 [==============================] - 1s 526ms/step - loss: 14.8977 - accuracy: 0.1667 - val_loss: 5.6992 - val_accuracy: 0.2000 - lr: 1.0000e-04
Epoch 7/30
2/2 [==============================] - 1s 530ms/step - loss: 16.6662 - accuracy: 0.1500 - val_loss: 5.6971 - val_accuracy: 0.2000 - lr: 1.0000e-04
Epoch 8/30
2/2 [==============================] - 1s 649ms/step - loss: 14.3171 - accuracy: 0.1833 - val_loss: 5.6951 - val_accuracy: 0.2000 - lr: 1.0000e-04
Epoch 9/30
2/2 [==============================] - 1s 502ms/step - loss: 16.5962 - accuracy: 0.1167 - val_loss: 5.6970 - val_accuracy: 0.2000 - lr: 1.0000e-04
Epoch 10/30
2/2 [==============================] - 1s 619ms/step - loss: 14.6937 - accuracy: 0.2000 - val_loss: 5.6996 - val_accuracy: 0.2000 - lr: 1.0000e-04
Evaluating the model...
1/1 [==============================] - 0s 120ms/step - loss: 5.7408 - accuracy: 0.1429
Test accuracy: 0.1428571492433548, Validation loss: 5.695111274719238
Saving results to CSV...

Running training with params: (0.0001, 0.8, 16, 50, 0.5, 20)
Loading training data...
Found 60 images belonging to 6 classes.
Loading validation data...
Found 5 images belonging to 6 classes.
Loading test data...
Found 7 images belonging to 6 classes.
Number of classes: 6
Computing class weights...
Class weights: {0: 1.0, 1: 1.0, 2: 1.0, 3: 1.0, 4: 1.0, 5: 1.0}
Creating model with learning rate: 0.0001, dropout: 0.8, filters: 16
Model created and compiled.
Training the model...
Epoch 1/20
2/2 [==============================] - 2s 820ms/step - loss: 16.2659 - accuracy: 0.1333 - val_loss: 5.7713 - val_accuracy: 0.2000 - lr: 1.0000e-04
Epoch 2/20
2/2 [==============================] - 1s 600ms/step - loss: 17.5979 - accuracy: 0.1167 - val_loss: 5.7512 - val_accuracy: 0.2000 - lr: 1.0000e-04
Epoch 3/20
2/2 [==============================] - 1s 506ms/step - loss: 15.4002 - accuracy: 0.1500 - val_loss: 5.7370 - val_accuracy: 0.4000 - lr: 1.0000e-04
Epoch 4/20
2/2 [==============================] - 1s 606ms/step - loss: 14.2448 - accuracy: 0.2333 - val_loss: 5.7230 - val_accuracy: 0.6000 - lr: 1.0000e-04
Epoch 5/20
2/2 [==============================] - 1s 555ms/step - loss: 14.7853 - accuracy: 0.1833 - val_loss: 5.7094 - val_accuracy: 0.4000 - lr: 1.0000e-04
Epoch 6/20
2/2 [==============================] - 1s 518ms/step - loss: 13.8292 - accuracy: 0.1667 - val_loss: 5.7012 - val_accuracy: 0.4000 - lr: 1.0000e-04
Epoch 7/20
2/2 [==============================] - 1s 685ms/step - loss: 15.8637 - accuracy: 0.1167 - val_loss: 5.6945 - val_accuracy: 0.4000 - lr: 1.0000e-04
Epoch 8/20
2/2 [==============================] - 1s 591ms/step - loss: 16.3880 - accuracy: 0.1167 - val_loss: 5.6886 - val_accuracy: 0.4000 - lr: 1.0000e-04
Epoch 9/20
2/2 [==============================] - 1s 520ms/step - loss: 15.1496 - accuracy: 0.1833 - val_loss: 5.6852 - val_accuracy: 0.6000 - lr: 1.0000e-04
Epoch 10/20
2/2 [==============================] - 1s 557ms/step - loss: 13.8937 - accuracy: 0.2000 - val_loss: 5.6824 - val_accuracy: 0.4000 - lr: 1.0000e-04
Epoch 11/20
2/2 [==============================] - 1s 523ms/step - loss: 13.6954 - accuracy: 0.2000 - val_loss: 5.6786 - val_accuracy: 0.4000 - lr: 1.0000e-04
Epoch 12/20
2/2 [==============================] - 1s 506ms/step - loss: 12.9814 - accuracy: 0.1833 - val_loss: 5.6758 - val_accuracy: 0.4000 - lr: 1.0000e-04
Epoch 13/20
2/2 [==============================] - 1s 609ms/step - loss: 13.7891 - accuracy: 0.1500 - val_loss: 5.6745 - val_accuracy: 0.4000 - lr: 1.0000e-04
Epoch 14/20
2/2 [==============================] - 1s 521ms/step - loss: 12.6788 - accuracy: 0.2667 - val_loss: 5.6734 - val_accuracy: 0.4000 - lr: 1.0000e-04
Epoch 15/20
2/2 [==============================] - 1s 503ms/step - loss: 14.7568 - accuracy: 0.2333 - val_loss: 5.6704 - val_accuracy: 0.4000 - lr: 1.0000e-04
Epoch 16/20
2/2 [==============================] - 1s 610ms/step - loss: 14.5719 - accuracy: 0.1833 - val_loss: 5.6659 - val_accuracy: 0.4000 - lr: 1.0000e-04
Epoch 17/20
2/2 [==============================] - 1s 524ms/step - loss: 15.1702 - accuracy: 0.1333 - val_loss: 5.6612 - val_accuracy: 0.4000 - lr: 1.0000e-04
Epoch 18/20
2/2 [==============================] - 1s 617ms/step - loss: 12.4722 - accuracy: 0.1500 - val_loss: 5.6577 - val_accuracy: 0.4000 - lr: 1.0000e-04
Epoch 19/20
2/2 [==============================] - 1s 582ms/step - loss: 13.3073 - accuracy: 0.1500 - val_loss: 5.6551 - val_accuracy: 0.2000 - lr: 1.0000e-04
Epoch 20/20
2/2 [==============================] - 1s 566ms/step - loss: 12.6207 - accuracy: 0.1833 - val_loss: 5.6541 - val_accuracy: 0.2000 - lr: 1.0000e-04
Evaluating the model...
1/1 [==============================] - 0s 130ms/step - loss: 5.7174 - accuracy: 0.1429
Test accuracy: 0.1428571492433548, Validation loss: 5.654099464416504
Saving results to CSV...

Running training with params: (0.0001, 0.8, 16, 50, 0.5, 30)
Loading training data...
Found 60 images belonging to 6 classes.
Loading validation data...
Found 5 images belonging to 6 classes.
Loading test data...
Found 7 images belonging to 6 classes.
Number of classes: 6
Computing class weights...
Class weights: {0: 1.0, 1: 1.0, 2: 1.0, 3: 1.0, 4: 1.0, 5: 1.0}
Creating model with learning rate: 0.0001, dropout: 0.8, filters: 16
Model created and compiled.
Training the model...
Epoch 1/30
2/2 [==============================] - 2s 798ms/step - loss: 18.1099 - accuracy: 0.1333 - val_loss: 5.7313 - val_accuracy: 0.2000 - lr: 1.0000e-04
Epoch 2/30
2/2 [==============================] - 1s 576ms/step - loss: 18.4056 - accuracy: 0.1000 - val_loss: 5.7123 - val_accuracy: 0.2000 - lr: 1.0000e-04
Epoch 3/30
2/2 [==============================] - 1s 608ms/step - loss: 13.6545 - accuracy: 0.2333 - val_loss: 5.7068 - val_accuracy: 0.2000 - lr: 1.0000e-04
Epoch 4/30
2/2 [==============================] - 1s 584ms/step - loss: 16.4879 - accuracy: 0.1667 - val_loss: 5.7056 - val_accuracy: 0.2000 - lr: 1.0000e-04
Epoch 5/30
2/2 [==============================] - 1s 581ms/step - loss: 14.0546 - accuracy: 0.2000 - val_loss: 5.7084 - val_accuracy: 0.2000 - lr: 1.0000e-04
Epoch 6/30
2/2 [==============================] - 1s 575ms/step - loss: 13.4209 - accuracy: 0.2500 - val_loss: 5.7065 - val_accuracy: 0.2000 - lr: 1.0000e-04
Evaluating the model...
1/1 [==============================] - 0s 127ms/step - loss: 5.6920 - accuracy: 0.5714
Test accuracy: 0.5714285969734192, Validation loss: 5.705600738525391
Saving results to CSV...

Running training with params: (0.0001, 0.8, 16, 60, 0.3, 20)
Loading training data...
Found 60 images belonging to 6 classes.
Loading validation data...
Found 5 images belonging to 6 classes.
Loading test data...
Found 7 images belonging to 6 classes.
Number of classes: 6
Computing class weights...
Class weights: {0: 1.0, 1: 1.0, 2: 1.0, 3: 1.0, 4: 1.0, 5: 1.0}
Creating model with learning rate: 0.0001, dropout: 0.8, filters: 16
Model created and compiled.
Training the model...
Epoch 1/20
2/2 [==============================] - 2s 806ms/step - loss: 17.2195 - accuracy: 0.1667 - val_loss: 5.7628 - val_accuracy: 0.2000 - lr: 1.0000e-04
Epoch 2/20
2/2 [==============================] - 1s 573ms/step - loss: 17.4088 - accuracy: 0.1500 - val_loss: 5.7421 - val_accuracy: 0.4000 - lr: 1.0000e-04
Epoch 3/20
2/2 [==============================] - 1s 601ms/step - loss: 15.9132 - accuracy: 0.1500 - val_loss: 5.7368 - val_accuracy: 0.4000 - lr: 1.0000e-04
Epoch 4/20
2/2 [==============================] - 1s 541ms/step - loss: 15.1628 - accuracy: 0.1667 - val_loss: 5.7335 - val_accuracy: 0.4000 - lr: 1.0000e-04
Epoch 5/20
2/2 [==============================] - 1s 533ms/step - loss: 14.2114 - accuracy: 0.1333 - val_loss: 5.7346 - val_accuracy: 0.4000 - lr: 1.0000e-04
Epoch 6/20
2/2 [==============================] - 1s 582ms/step - loss: 14.0507 - accuracy: 0.2000 - val_loss: 5.7336 - val_accuracy: 0.4000 - lr: 1.0000e-04
Evaluating the model...
1/1 [==============================] - 0s 119ms/step - loss: 5.7731 - accuracy: 0.0000e+00
Test accuracy: 0.0, Validation loss: 5.733508586883545
Saving results to CSV...

Running training with params: (0.0001, 0.8, 16, 60, 0.3, 30)
Loading training data...
Found 60 images belonging to 6 classes.
Loading validation data...
Found 5 images belonging to 6 classes.
Loading test data...
Found 7 images belonging to 6 classes.
Number of classes: 6
Computing class weights...
Class weights: {0: 1.0, 1: 1.0, 2: 1.0, 3: 1.0, 4: 1.0, 5: 1.0}
Creating model with learning rate: 0.0001, dropout: 0.8, filters: 16
Model created and compiled.
Training the model...
Epoch 1/30
2/2 [==============================] - 2s 747ms/step - loss: 14.6500 - accuracy: 0.1667 - val_loss: 5.7832 - val_accuracy: 0.0000e+00 - lr: 1.0000e-04
Epoch 2/30
2/2 [==============================] - 1s 501ms/step - loss: 15.4706 - accuracy: 0.2167 - val_loss: 5.7633 - val_accuracy: 0.2000 - lr: 1.0000e-04
Epoch 3/30
2/2 [==============================] - 1s 544ms/step - loss: 17.7682 - accuracy: 0.1667 - val_loss: 5.7553 - val_accuracy: 0.2000 - lr: 1.0000e-04
Epoch 4/30
2/2 [==============================] - 1s 625ms/step - loss: 17.7063 - accuracy: 0.1667 - val_loss: 5.7511 - val_accuracy: 0.2000 - lr: 1.0000e-04
Epoch 5/30
2/2 [==============================] - 1s 548ms/step - loss: 13.5742 - accuracy: 0.1833 - val_loss: 5.7473 - val_accuracy: 0.2000 - lr: 1.0000e-04
Epoch 6/30
2/2 [==============================] - 1s 500ms/step - loss: 14.8340 - accuracy: 0.1667 - val_loss: 5.7451 - val_accuracy: 0.2000 - lr: 1.0000e-04
Epoch 7/30
2/2 [==============================] - 1s 595ms/step - loss: 13.1992 - accuracy: 0.1500 - val_loss: 5.7478 - val_accuracy: 0.2000 - lr: 1.0000e-04
Epoch 8/30
2/2 [==============================] - 1s 569ms/step - loss: 14.4218 - accuracy: 0.1667 - val_loss: 5.7491 - val_accuracy: 0.2000 - lr: 1.0000e-04
Evaluating the model...
1/1 [==============================] - 0s 115ms/step - loss: 5.7351 - accuracy: 0.1429
Test accuracy: 0.1428571492433548, Validation loss: 5.7451324462890625
Saving results to CSV...

Running training with params: (0.0001, 0.8, 16, 60, 0.5, 20)
Loading training data...
Found 60 images belonging to 6 classes.
Loading validation data...
Found 5 images belonging to 6 classes.
Loading test data...
Found 7 images belonging to 6 classes.
Number of classes: 6
Computing class weights...
Class weights: {0: 1.0, 1: 1.0, 2: 1.0, 3: 1.0, 4: 1.0, 5: 1.0}
Creating model with learning rate: 0.0001, dropout: 0.8, filters: 16
Model created and compiled.
Training the model...
Epoch 1/20
2/2 [==============================] - 2s 778ms/step - loss: 14.7928 - accuracy: 0.2833 - val_loss: 5.7970 - val_accuracy: 0.0000e+00 - lr: 1.0000e-04
Epoch 2/20
2/2 [==============================] - 1s 520ms/step - loss: 14.4042 - accuracy: 0.1167 - val_loss: 5.7769 - val_accuracy: 0.0000e+00 - lr: 1.0000e-04
Epoch 3/20
2/2 [==============================] - 1s 620ms/step - loss: 14.0469 - accuracy: 0.2333 - val_loss: 5.7666 - val_accuracy: 0.0000e+00 - lr: 1.0000e-04
Epoch 4/20
2/2 [==============================] - 1s 603ms/step - loss: 15.6615 - accuracy: 0.1333 - val_loss: 5.7605 - val_accuracy: 0.0000e+00 - lr: 1.0000e-04
Epoch 5/20
2/2 [==============================] - 1s 600ms/step - loss: 16.0978 - accuracy: 0.1667 - val_loss: 5.7550 - val_accuracy: 0.0000e+00 - lr: 1.0000e-04
Epoch 6/20
2/2 [==============================] - 1s 656ms/step - loss: 17.5548 - accuracy: 0.1167 - val_loss: 5.7482 - val_accuracy: 0.0000e+00 - lr: 1.0000e-04
Epoch 7/20
2/2 [==============================] - 1s 609ms/step - loss: 15.6428 - accuracy: 0.2333 - val_loss: 5.7415 - val_accuracy: 0.0000e+00 - lr: 1.0000e-04
Epoch 8/20
2/2 [==============================] - 1s 529ms/step - loss: 15.8787 - accuracy: 0.1167 - val_loss: 5.7323 - val_accuracy: 0.0000e+00 - lr: 1.0000e-04
Epoch 9/20
2/2 [==============================] - 1s 597ms/step - loss: 13.2947 - accuracy: 0.1833 - val_loss: 5.7277 - val_accuracy: 0.0000e+00 - lr: 1.0000e-04
Epoch 10/20
2/2 [==============================] - 1s 598ms/step - loss: 12.6909 - accuracy: 0.2167 - val_loss: 5.7236 - val_accuracy: 0.2000 - lr: 1.0000e-04
Epoch 11/20
2/2 [==============================] - 1s 599ms/step - loss: 16.1243 - accuracy: 0.1833 - val_loss: 5.7208 - val_accuracy: 0.4000 - lr: 1.0000e-04
Epoch 12/20
2/2 [==============================] - 1s 528ms/step - loss: 15.5062 - accuracy: 0.2333 - val_loss: 5.7167 - val_accuracy: 0.4000 - lr: 1.0000e-04
Epoch 13/20
2/2 [==============================] - 1s 608ms/step - loss: 16.0802 - accuracy: 0.1667 - val_loss: 5.7129 - val_accuracy: 0.4000 - lr: 1.0000e-04
Epoch 14/20
2/2 [==============================] - 1s 612ms/step - loss: 13.9614 - accuracy: 0.2167 - val_loss: 5.7097 - val_accuracy: 0.2000 - lr: 1.0000e-04
Epoch 15/20
2/2 [==============================] - 1s 523ms/step - loss: 15.0006 - accuracy: 0.2000 - val_loss: 5.7037 - val_accuracy: 0.4000 - lr: 1.0000e-04
Epoch 16/20
2/2 [==============================] - 1s 541ms/step - loss: 16.6704 - accuracy: 0.2333 - val_loss: 5.6948 - val_accuracy: 0.2000 - lr: 1.0000e-04
Epoch 17/20
2/2 [==============================] - 1s 491ms/step - loss: 14.2860 - accuracy: 0.2500 - val_loss: 5.6873 - val_accuracy: 0.2000 - lr: 1.0000e-04
Epoch 18/20
2/2 [==============================] - 1s 513ms/step - loss: 13.1848 - accuracy: 0.2333 - val_loss: 5.6794 - val_accuracy: 0.2000 - lr: 1.0000e-04
Epoch 19/20
2/2 [==============================] - 1s 598ms/step - loss: 13.5378 - accuracy: 0.3000 - val_loss: 5.6728 - val_accuracy: 0.2000 - lr: 1.0000e-04
Epoch 20/20
2/2 [==============================] - 1s 600ms/step - loss: 14.3850 - accuracy: 0.1833 - val_loss: 5.6662 - val_accuracy: 0.2000 - lr: 1.0000e-04
Evaluating the model...
1/1 [==============================] - 0s 120ms/step - loss: 5.6859 - accuracy: 0.1429
Test accuracy: 0.1428571492433548, Validation loss: 5.66622257232666
Saving results to CSV...

Running training with params: (0.0001, 0.8, 16, 60, 0.5, 30)
Loading training data...
Found 60 images belonging to 6 classes.
Loading validation data...
Found 5 images belonging to 6 classes.
Loading test data...
Found 7 images belonging to 6 classes.
Number of classes: 6
Computing class weights...
Class weights: {0: 1.0, 1: 1.0, 2: 1.0, 3: 1.0, 4: 1.0, 5: 1.0}
Creating model with learning rate: 0.0001, dropout: 0.8, filters: 16
Model created and compiled.
Training the model...
Epoch 1/30
2/2 [==============================] - 2s 865ms/step - loss: 15.6908 - accuracy: 0.1500 - val_loss: 5.7424 - val_accuracy: 0.2000 - lr: 1.0000e-04
Epoch 2/30
2/2 [==============================] - 1s 520ms/step - loss: 15.7630 - accuracy: 0.2333 - val_loss: 5.7259 - val_accuracy: 0.2000 - lr: 1.0000e-04
Epoch 3/30
2/2 [==============================] - 1s 587ms/step - loss: 15.3863 - accuracy: 0.2167 - val_loss: 5.7183 - val_accuracy: 0.2000 - lr: 1.0000e-04
Epoch 4/30
2/2 [==============================] - 1s 514ms/step - loss: 16.0426 - accuracy: 0.1500 - val_loss: 5.7131 - val_accuracy: 0.2000 - lr: 1.0000e-04
Epoch 5/30
2/2 [==============================] - 1s 620ms/step - loss: 17.2043 - accuracy: 0.1500 - val_loss: 5.7103 - val_accuracy: 0.2000 - lr: 1.0000e-04
Epoch 6/30
2/2 [==============================] - 1s 626ms/step - loss: 16.4919 - accuracy: 0.1167 - val_loss: 5.7117 - val_accuracy: 0.2000 - lr: 1.0000e-04
Epoch 7/30
2/2 [==============================] - 1s 515ms/step - loss: 14.1627 - accuracy: 0.2833 - val_loss: 5.7145 - val_accuracy: 0.2000 - lr: 1.0000e-04
Evaluating the model...
1/1 [==============================] - 0s 136ms/step - loss: 5.7257 - accuracy: 0.2857
Test accuracy: 0.2857142984867096, Validation loss: 5.710263252258301
Saving results to CSV...

Running training with params: (0.0001, 0.8, 32, 50, 0.3, 20)
Loading training data...
Found 60 images belonging to 6 classes.
Loading validation data...
Found 5 images belonging to 6 classes.
Loading test data...
Found 7 images belonging to 6 classes.
Number of classes: 6
Computing class weights...
Class weights: {0: 1.0, 1: 1.0, 2: 1.0, 3: 1.0, 4: 1.0, 5: 1.0}
Creating model with learning rate: 0.0001, dropout: 0.8, filters: 32
Model created and compiled.
Training the model...
Epoch 1/20
2/2 [==============================] - 3s 848ms/step - loss: 17.9093 - accuracy: 0.1500 - val_loss: 6.2380 - val_accuracy: 0.2000 - lr: 1.0000e-04
Epoch 2/20
2/2 [==============================] - 2s 822ms/step - loss: 18.5120 - accuracy: 0.1333 - val_loss: 6.2121 - val_accuracy: 0.0000e+00 - lr: 1.0000e-04
Epoch 3/20
2/2 [==============================] - 2s 755ms/step - loss: 15.1672 - accuracy: 0.1500 - val_loss: 6.2047 - val_accuracy: 0.2000 - lr: 1.0000e-04
Epoch 4/20
2/2 [==============================] - 2s 746ms/step - loss: 13.2080 - accuracy: 0.2167 - val_loss: 6.2068 - val_accuracy: 0.4000 - lr: 1.0000e-04
Epoch 5/20
2/2 [==============================] - 2s 646ms/step - loss: 17.4777 - accuracy: 0.1000 - val_loss: 6.2148 - val_accuracy: 0.4000 - lr: 1.0000e-04
Evaluating the model...
1/1 [==============================] - 0s 132ms/step - loss: 6.2265 - accuracy: 0.0000e+00
Test accuracy: 0.0, Validation loss: 6.204694747924805
Saving results to CSV...

Running training with params: (0.0001, 0.8, 32, 50, 0.3, 30)
Loading training data...
Found 60 images belonging to 6 classes.
Loading validation data...
Found 5 images belonging to 6 classes.
Loading test data...
Found 7 images belonging to 6 classes.
Number of classes: 6
Computing class weights...
Class weights: {0: 1.0, 1: 1.0, 2: 1.0, 3: 1.0, 4: 1.0, 5: 1.0}
Creating model with learning rate: 0.0001, dropout: 0.8, filters: 32
Model created and compiled.
Training the model...
Epoch 1/30
2/2 [==============================] - 2s 924ms/step - loss: 14.9776 - accuracy: 0.2667 - val_loss: 6.2317 - val_accuracy: 0.0000e+00 - lr: 1.0000e-04
Epoch 2/30
2/2 [==============================] - 1s 609ms/step - loss: 18.0401 - accuracy: 0.1500 - val_loss: 6.1958 - val_accuracy: 0.0000e+00 - lr: 1.0000e-04
Epoch 3/30
2/2 [==============================] - 2s 704ms/step - loss: 17.0292 - accuracy: 0.1167 - val_loss: 6.1752 - val_accuracy: 0.2000 - lr: 1.0000e-04
Epoch 4/30
2/2 [==============================] - 2s 611ms/step - loss: 16.8164 - accuracy: 0.1667 - val_loss: 6.1670 - val_accuracy: 0.2000 - lr: 1.0000e-04
Epoch 5/30
2/2 [==============================] - 1s 738ms/step - loss: 16.3741 - accuracy: 0.1667 - val_loss: 6.1629 - val_accuracy: 0.2000 - lr: 1.0000e-04
Epoch 6/30
2/2 [==============================] - 2s 758ms/step - loss: 15.7158 - accuracy: 0.1500 - val_loss: 6.1672 - val_accuracy: 0.2000 - lr: 1.0000e-04
Epoch 7/30
2/2 [==============================] - 2s 830ms/step - loss: 16.5976 - accuracy: 0.1833 - val_loss: 6.1780 - val_accuracy: 0.2000 - lr: 1.0000e-04
Evaluating the model...
1/1 [==============================] - 0s 137ms/step - loss: 6.2371 - accuracy: 0.0000e+00
Test accuracy: 0.0, Validation loss: 6.162867546081543
Saving results to CSV...

Running training with params: (0.0001, 0.8, 32, 50, 0.5, 20)
Loading training data...
Found 60 images belonging to 6 classes.
Loading validation data...
Found 5 images belonging to 6 classes.
Loading test data...
Found 7 images belonging to 6 classes.
Number of classes: 6
Computing class weights...
Class weights: {0: 1.0, 1: 1.0, 2: 1.0, 3: 1.0, 4: 1.0, 5: 1.0}
Creating model with learning rate: 0.0001, dropout: 0.8, filters: 32
Model created and compiled.
Training the model...
Epoch 1/20
2/2 [==============================] - 3s 898ms/step - loss: 16.5867 - accuracy: 0.2500 - val_loss: 6.2430 - val_accuracy: 0.0000e+00 - lr: 1.0000e-04
Epoch 2/20
2/2 [==============================] - 2s 619ms/step - loss: 15.9123 - accuracy: 0.2167 - val_loss: 6.2146 - val_accuracy: 0.0000e+00 - lr: 1.0000e-04
Epoch 3/20
2/2 [==============================] - 2s 677ms/step - loss: 15.5393 - accuracy: 0.1333 - val_loss: 6.2026 - val_accuracy: 0.0000e+00 - lr: 1.0000e-04
Epoch 4/20
2/2 [==============================] - 2s 769ms/step - loss: 15.9811 - accuracy: 0.2000 - val_loss: 6.1934 - val_accuracy: 0.0000e+00 - lr: 1.0000e-04
Epoch 5/20
2/2 [==============================] - 2s 745ms/step - loss: 15.2614 - accuracy: 0.2667 - val_loss: 6.1871 - val_accuracy: 0.0000e+00 - lr: 1.0000e-04
Epoch 6/20
2/2 [==============================] - 1s 633ms/step - loss: 15.8291 - accuracy: 0.1667 - val_loss: 6.1806 - val_accuracy: 0.2000 - lr: 1.0000e-04
Epoch 7/20
2/2 [==============================] - 1s 751ms/step - loss: 15.3074 - accuracy: 0.2500 - val_loss: 6.1752 - val_accuracy: 0.2000 - lr: 1.0000e-04
Epoch 8/20
2/2 [==============================] - 2s 675ms/step - loss: 14.7870 - accuracy: 0.2333 - val_loss: 6.1712 - val_accuracy: 0.2000 - lr: 1.0000e-04
Epoch 9/20
2/2 [==============================] - 2s 635ms/step - loss: 16.6180 - accuracy: 0.1167 - val_loss: 6.1695 - val_accuracy: 0.2000 - lr: 1.0000e-04
Epoch 10/20
2/2 [==============================] - 1s 603ms/step - loss: 15.5702 - accuracy: 0.2000 - val_loss: 6.1699 - val_accuracy: 0.2000 - lr: 1.0000e-04
Epoch 11/20
2/2 [==============================] - 1s 620ms/step - loss: 15.3469 - accuracy: 0.2500 - val_loss: 6.1722 - val_accuracy: 0.2000 - lr: 1.0000e-04
Evaluating the model...
1/1 [==============================] - 0s 139ms/step - loss: 6.1869 - accuracy: 0.1429
Test accuracy: 0.1428571492433548, Validation loss: 6.169537544250488
Saving results to CSV...

Running training with params: (0.0001, 0.8, 32, 50, 0.5, 30)
Loading training data...
Found 60 images belonging to 6 classes.
Loading validation data...
Found 5 images belonging to 6 classes.
Loading test data...
Found 7 images belonging to 6 classes.
Number of classes: 6
Computing class weights...
Class weights: {0: 1.0, 1: 1.0, 2: 1.0, 3: 1.0, 4: 1.0, 5: 1.0}
Creating model with learning rate: 0.0001, dropout: 0.8, filters: 32
Model created and compiled.
Training the model...
Epoch 1/30
2/2 [==============================] - 2s 930ms/step - loss: 15.5900 - accuracy: 0.1333 - val_loss: 6.1815 - val_accuracy: 0.2000 - lr: 1.0000e-04
Epoch 2/30
2/2 [==============================] - 2s 750ms/step - loss: 17.5392 - accuracy: 0.1667 - val_loss: 6.1501 - val_accuracy: 0.2000 - lr: 1.0000e-04
Epoch 3/30
2/2 [==============================] - 2s 786ms/step - loss: 15.6713 - accuracy: 0.1833 - val_loss: 6.1442 - val_accuracy: 0.0000e+00 - lr: 1.0000e-04
Epoch 4/30
2/2 [==============================] - 1s 618ms/step - loss: 14.9726 - accuracy: 0.2333 - val_loss: 6.1460 - val_accuracy: 0.2000 - lr: 1.0000e-04
Epoch 5/30
2/2 [==============================] - 2s 770ms/step - loss: 16.3904 - accuracy: 0.2667 - val_loss: 6.1568 - val_accuracy: 0.2000 - lr: 1.0000e-04
Evaluating the model...
1/1 [==============================] - 0s 136ms/step - loss: 6.1562 - accuracy: 0.0000e+00
Test accuracy: 0.0, Validation loss: 6.14422607421875
Saving results to CSV...

Running training with params: (0.0001, 0.8, 32, 60, 0.3, 20)
Loading training data...
Found 60 images belonging to 6 classes.
Loading validation data...
Found 5 images belonging to 6 classes.
Loading test data...
Found 7 images belonging to 6 classes.
Number of classes: 6
Computing class weights...
Class weights: {0: 1.0, 1: 1.0, 2: 1.0, 3: 1.0, 4: 1.0, 5: 1.0}
Creating model with learning rate: 0.0001, dropout: 0.8, filters: 32
Model created and compiled.
Training the model...
Epoch 1/20
2/2 [==============================] - 3s 827ms/step - loss: 15.0362 - accuracy: 0.1667 - val_loss: 6.2209 - val_accuracy: 0.2000 - lr: 1.0000e-04
Epoch 2/20
2/2 [==============================] - 2s 629ms/step - loss: 15.6169 - accuracy: 0.2000 - val_loss: 6.1960 - val_accuracy: 0.2000 - lr: 1.0000e-04
Epoch 3/20
2/2 [==============================] - 2s 756ms/step - loss: 15.1490 - accuracy: 0.2167 - val_loss: 6.1901 - val_accuracy: 0.2000 - lr: 1.0000e-04
Epoch 4/20
2/2 [==============================] - 1s 602ms/step - loss: 15.4901 - accuracy: 0.1167 - val_loss: 6.1921 - val_accuracy: 0.2000 - lr: 1.0000e-04
Epoch 5/20
2/2 [==============================] - 2s 631ms/step - loss: 15.2597 - accuracy: 0.2333 - val_loss: 6.2027 - val_accuracy: 0.2000 - lr: 1.0000e-04
Evaluating the model...
1/1 [==============================] - 0s 147ms/step - loss: 6.2085 - accuracy: 0.1429
Test accuracy: 0.1428571492433548, Validation loss: 6.190051555633545
Saving results to CSV...

Running training with params: (0.0001, 0.8, 32, 60, 0.3, 30)
Loading training data...
Found 60 images belonging to 6 classes.
Loading validation data...
Found 5 images belonging to 6 classes.
Loading test data...
Found 7 images belonging to 6 classes.
Number of classes: 6
Computing class weights...
Class weights: {0: 1.0, 1: 1.0, 2: 1.0, 3: 1.0, 4: 1.0, 5: 1.0}
Creating model with learning rate: 0.0001, dropout: 0.8, filters: 32
Model created and compiled.
Training the model...
Epoch 1/30
2/2 [==============================] - 3s 955ms/step - loss: 15.7220 - accuracy: 0.2167 - val_loss: 6.2293 - val_accuracy: 0.0000e+00 - lr: 1.0000e-04
Epoch 2/30
2/2 [==============================] - 1s 730ms/step - loss: 16.7384 - accuracy: 0.2167 - val_loss: 6.2010 - val_accuracy: 0.0000e+00 - lr: 1.0000e-04
Epoch 3/30
2/2 [==============================] - 1s 611ms/step - loss: 15.0105 - accuracy: 0.1500 - val_loss: 6.1933 - val_accuracy: 0.0000e+00 - lr: 1.0000e-04
Epoch 4/30
2/2 [==============================] - 1s 719ms/step - loss: 14.8922 - accuracy: 0.1833 - val_loss: 6.1875 - val_accuracy: 0.0000e+00 - lr: 1.0000e-04
Epoch 5/30
2/2 [==============================] - 1s 726ms/step - loss: 13.0606 - accuracy: 0.2500 - val_loss: 6.1862 - val_accuracy: 0.0000e+00 - lr: 1.0000e-04
Epoch 6/30
2/2 [==============================] - 1s 640ms/step - loss: 16.5170 - accuracy: 0.1833 - val_loss: 6.1857 - val_accuracy: 0.0000e+00 - lr: 1.0000e-04
Epoch 7/30
2/2 [==============================] - 1s 698ms/step - loss: 16.0152 - accuracy: 0.2000 - val_loss: 6.1867 - val_accuracy: 0.0000e+00 - lr: 1.0000e-04
Epoch 8/30
2/2 [==============================] - 1s 754ms/step - loss: 16.2350 - accuracy: 0.1333 - val_loss: 6.1897 - val_accuracy: 0.0000e+00 - lr: 1.0000e-04
Evaluating the model...
1/1 [==============================] - 0s 146ms/step - loss: 6.1726 - accuracy: 0.1429
Test accuracy: 0.1428571492433548, Validation loss: 6.185691833496094
Saving results to CSV...

Running training with params: (0.0001, 0.8, 32, 60, 0.5, 20)
Loading training data...
Found 60 images belonging to 6 classes.
Loading validation data...
Found 5 images belonging to 6 classes.
Loading test data...
Found 7 images belonging to 6 classes.
Number of classes: 6
Computing class weights...
Class weights: {0: 1.0, 1: 1.0, 2: 1.0, 3: 1.0, 4: 1.0, 5: 1.0}
Creating model with learning rate: 0.0001, dropout: 0.8, filters: 32
Model created and compiled.
Training the model...
Epoch 1/20
2/2 [==============================] - 3s 959ms/step - loss: 14.7015 - accuracy: 0.2667 - val_loss: 6.1849 - val_accuracy: 0.2000 - lr: 1.0000e-04
Epoch 2/20
2/2 [==============================] - 2s 784ms/step - loss: 17.0691 - accuracy: 0.1167 - val_loss: 6.1562 - val_accuracy: 0.4000 - lr: 1.0000e-04
Epoch 3/20
2/2 [==============================] - 1s 736ms/step - loss: 16.7389 - accuracy: 0.2333 - val_loss: 6.1481 - val_accuracy: 0.2000 - lr: 1.0000e-04
Epoch 4/20
2/2 [==============================] - 2s 745ms/step - loss: 15.6180 - accuracy: 0.2833 - val_loss: 6.1451 - val_accuracy: 0.2000 - lr: 1.0000e-04
Epoch 5/20
2/2 [==============================] - 2s 763ms/step - loss: 17.4718 - accuracy: 0.1833 - val_loss: 6.1433 - val_accuracy: 0.2000 - lr: 1.0000e-04
Epoch 6/20
2/2 [==============================] - 1s 624ms/step - loss: 15.2540 - accuracy: 0.1667 - val_loss: 6.1436 - val_accuracy: 0.2000 - lr: 1.0000e-04
Epoch 7/20
2/2 [==============================] - 2s 827ms/step - loss: 16.8324 - accuracy: 0.2000 - val_loss: 6.1523 - val_accuracy: 0.4000 - lr: 1.0000e-04
Evaluating the model...
1/1 [==============================] - 0s 142ms/step - loss: 6.1428 - accuracy: 0.4286
Test accuracy: 0.4285714328289032, Validation loss: 6.143304824829102
Saving results to CSV...

Running training with params: (0.0001, 0.8, 32, 60, 0.5, 30)
Loading training data...
Found 60 images belonging to 6 classes.
Loading validation data...
Found 5 images belonging to 6 classes.
Loading test data...
Found 7 images belonging to 6 classes.
Number of classes: 6
Computing class weights...
Class weights: {0: 1.0, 1: 1.0, 2: 1.0, 3: 1.0, 4: 1.0, 5: 1.0}
Creating model with learning rate: 0.0001, dropout: 0.8, filters: 32
Model created and compiled.
Training the model...
Epoch 1/30
2/2 [==============================] - 3s 958ms/step - loss: 17.2792 - accuracy: 0.1833 - val_loss: 6.2098 - val_accuracy: 0.0000e+00 - lr: 1.0000e-04
Epoch 2/30
2/2 [==============================] - 1s 709ms/step - loss: 17.0330 - accuracy: 0.2500 - val_loss: 6.1904 - val_accuracy: 0.0000e+00 - lr: 1.0000e-04
Epoch 3/30
2/2 [==============================] - 2s 636ms/step - loss: 16.2550 - accuracy: 0.1500 - val_loss: 6.1813 - val_accuracy: 0.2000 - lr: 1.0000e-04
Epoch 4/30
2/2 [==============================] - 1s 620ms/step - loss: 17.5511 - accuracy: 0.1667 - val_loss: 6.1727 - val_accuracy: 0.2000 - lr: 1.0000e-04
Epoch 5/30
2/2 [==============================] - 1s 720ms/step - loss: 15.6086 - accuracy: 0.1833 - val_loss: 6.1690 - val_accuracy: 0.2000 - lr: 1.0000e-04
Epoch 6/30
2/2 [==============================] - 1s 739ms/step - loss: 18.2715 - accuracy: 0.1167 - val_loss: 6.1684 - val_accuracy: 0.4000 - lr: 1.0000e-04
Epoch 7/30
2/2 [==============================] - 1s 599ms/step - loss: 16.7475 - accuracy: 0.1500 - val_loss: 6.1730 - val_accuracy: 0.4000 - lr: 1.0000e-04
Epoch 8/30
2/2 [==============================] - 1s 603ms/step - loss: 14.0602 - accuracy: 0.2833 - val_loss: 6.1836 - val_accuracy: 0.2000 - lr: 1.0000e-04
Evaluating the model...
1/1 [==============================] - 0s 127ms/step - loss: 6.1890 - accuracy: 0.2857
Test accuracy: 0.2857142984867096, Validation loss: 6.168379306793213
Saving results to CSV...

Running training with params: (1e-05, 0.6, 16, 50, 0.3, 20)
Loading training data...
Found 60 images belonging to 6 classes.
Loading validation data...
Found 5 images belonging to 6 classes.
Loading test data...
Found 7 images belonging to 6 classes.
Number of classes: 6
Computing class weights...
Class weights: {0: 1.0, 1: 1.0, 2: 1.0, 3: 1.0, 4: 1.0, 5: 1.0}
Creating model with learning rate: 1e-05, dropout: 0.6, filters: 16
Model created and compiled.
Training the model...
Epoch 1/20
2/2 [==============================] - 2s 746ms/step - loss: 12.0121 - accuracy: 0.1500 - val_loss: 5.7961 - val_accuracy: 0.2000 - lr: 1.0000e-05
Epoch 2/20
2/2 [==============================] - 1s 568ms/step - loss: 12.7710 - accuracy: 0.1333 - val_loss: 5.8023 - val_accuracy: 0.2000 - lr: 1.0000e-05
Epoch 3/20
2/2 [==============================] - 1s 517ms/step - loss: 12.5016 - accuracy: 0.2000 - val_loss: 5.8067 - val_accuracy: 0.2000 - lr: 1.0000e-05
Evaluating the model...
1/1 [==============================] - 0s 123ms/step - loss: 5.7984 - accuracy: 0.4286
Test accuracy: 0.4285714328289032, Validation loss: 5.796136856079102
Saving results to CSV...

Running training with params: (1e-05, 0.6, 16, 50, 0.3, 30)
Loading training data...
Found 60 images belonging to 6 classes.
Loading validation data...
Found 5 images belonging to 6 classes.
Loading test data...
Found 7 images belonging to 6 classes.
Number of classes: 6
Computing class weights...
Class weights: {0: 1.0, 1: 1.0, 2: 1.0, 3: 1.0, 4: 1.0, 5: 1.0}
Creating model with learning rate: 1e-05, dropout: 0.6, filters: 16
Model created and compiled.
Training the model...
Epoch 1/30
2/2 [==============================] - 2s 722ms/step - loss: 10.1566 - accuracy: 0.1667 - val_loss: 5.8027 - val_accuracy: 0.2000 - lr: 1.0000e-05
Epoch 2/30
2/2 [==============================] - 1s 518ms/step - loss: 11.5133 - accuracy: 0.1167 - val_loss: 5.8097 - val_accuracy: 0.2000 - lr: 1.0000e-05
Epoch 3/30
2/2 [==============================] - 1s 603ms/step - loss: 10.1948 - accuracy: 0.1333 - val_loss: 5.8128 - val_accuracy: 0.2000 - lr: 1.0000e-05
Evaluating the model...
1/1 [==============================] - 0s 115ms/step - loss: 5.7781 - accuracy: 0.1429
Test accuracy: 0.1428571492433548, Validation loss: 5.802655220031738
Saving results to CSV...

Running training with params: (1e-05, 0.6, 16, 50, 0.5, 20)
Loading training data...
Found 60 images belonging to 6 classes.
Loading validation data...
Found 5 images belonging to 6 classes.
Loading test data...
Found 7 images belonging to 6 classes.
Number of classes: 6
Computing class weights...
Class weights: {0: 1.0, 1: 1.0, 2: 1.0, 3: 1.0, 4: 1.0, 5: 1.0}
Creating model with learning rate: 1e-05, dropout: 0.6, filters: 16
Model created and compiled.
Training the model...
Epoch 1/20
2/2 [==============================] - 2s 819ms/step - loss: 10.0278 - accuracy: 0.1667 - val_loss: 5.8365 - val_accuracy: 0.2000 - lr: 1.0000e-05
Epoch 2/20
2/2 [==============================] - 1s 597ms/step - loss: 9.2717 - accuracy: 0.1833 - val_loss: 5.8355 - val_accuracy: 0.2000 - lr: 1.0000e-05
Epoch 3/20
2/2 [==============================] - 1s 598ms/step - loss: 9.5045 - accuracy: 0.1833 - val_loss: 5.8346 - val_accuracy: 0.2000 - lr: 1.0000e-05
Epoch 4/20
2/2 [==============================] - 1s 641ms/step - loss: 10.4402 - accuracy: 0.1167 - val_loss: 5.8308 - val_accuracy: 0.2000 - lr: 1.0000e-05
Epoch 5/20
2/2 [==============================] - 1s 529ms/step - loss: 10.1857 - accuracy: 0.2167 - val_loss: 5.8264 - val_accuracy: 0.2000 - lr: 1.0000e-05
Epoch 6/20
2/2 [==============================] - 1s 602ms/step - loss: 11.0655 - accuracy: 0.1167 - val_loss: 5.8227 - val_accuracy: 0.2000 - lr: 1.0000e-05
Epoch 7/20
2/2 [==============================] - 1s 501ms/step - loss: 10.9881 - accuracy: 0.1333 - val_loss: 5.8201 - val_accuracy: 0.0000e+00 - lr: 1.0000e-05
Epoch 8/20
2/2 [==============================] - 1s 609ms/step - loss: 9.4974 - accuracy: 0.2000 - val_loss: 5.8200 - val_accuracy: 0.0000e+00 - lr: 1.0000e-05
Epoch 9/20
2/2 [==============================] - 1s 555ms/step - loss: 9.3415 - accuracy: 0.2333 - val_loss: 5.8225 - val_accuracy: 0.0000e+00 - lr: 1.0000e-05
Epoch 10/20
2/2 [==============================] - 1s 636ms/step - loss: 9.5460 - accuracy: 0.1833 - val_loss: 5.8259 - val_accuracy: 0.0000e+00 - lr: 1.0000e-05
Evaluating the model...
1/1 [==============================] - 0s 116ms/step - loss: 5.7870 - accuracy: 0.0000e+00
Test accuracy: 0.0, Validation loss: 5.819957733154297
Saving results to CSV...

Running training with params: (1e-05, 0.6, 16, 50, 0.5, 30)
Loading training data...
Found 60 images belonging to 6 classes.
Loading validation data...
Found 5 images belonging to 6 classes.
Loading test data...
Found 7 images belonging to 6 classes.
Number of classes: 6
Computing class weights...
Class weights: {0: 1.0, 1: 1.0, 2: 1.0, 3: 1.0, 4: 1.0, 5: 1.0}
Creating model with learning rate: 1e-05, dropout: 0.6, filters: 16
Model created and compiled.
Training the model...
Epoch 1/30
2/2 [==============================] - 2s 694ms/step - loss: 10.1366 - accuracy: 0.1500 - val_loss: 5.8508 - val_accuracy: 0.0000e+00 - lr: 1.0000e-05
Epoch 2/30
2/2 [==============================] - 1s 578ms/step - loss: 11.4326 - accuracy: 0.1333 - val_loss: 5.8458 - val_accuracy: 0.0000e+00 - lr: 1.0000e-05
Epoch 3/30
2/2 [==============================] - 1s 596ms/step - loss: 10.7133 - accuracy: 0.1667 - val_loss: 5.8419 - val_accuracy: 0.0000e+00 - lr: 1.0000e-05
Epoch 4/30
2/2 [==============================] - 1s 591ms/step - loss: 12.2853 - accuracy: 0.1167 - val_loss: 5.8377 - val_accuracy: 0.0000e+00 - lr: 1.0000e-05
Epoch 5/30
2/2 [==============================] - 1s 623ms/step - loss: 10.8248 - accuracy: 0.1167 - val_loss: 5.8352 - val_accuracy: 0.0000e+00 - lr: 1.0000e-05
Epoch 6/30
2/2 [==============================] - 1s 553ms/step - loss: 9.9360 - accuracy: 0.2167 - val_loss: 5.8353 - val_accuracy: 0.0000e+00 - lr: 1.0000e-05
Epoch 7/30
2/2 [==============================] - 1s 521ms/step - loss: 9.9251 - accuracy: 0.1500 - val_loss: 5.8385 - val_accuracy: 0.0000e+00 - lr: 1.0000e-05
Evaluating the model...
1/1 [==============================] - 0s 120ms/step - loss: 5.8400 - accuracy: 0.0000e+00
Test accuracy: 0.0, Validation loss: 5.835247993469238
Saving results to CSV...

Running training with params: (1e-05, 0.6, 16, 60, 0.3, 20)
Loading training data...
Found 60 images belonging to 6 classes.
Loading validation data...
Found 5 images belonging to 6 classes.
Loading test data...
Found 7 images belonging to 6 classes.
Number of classes: 6
Computing class weights...
Class weights: {0: 1.0, 1: 1.0, 2: 1.0, 3: 1.0, 4: 1.0, 5: 1.0}
Creating model with learning rate: 1e-05, dropout: 0.6, filters: 16
Model created and compiled.
Training the model...
Epoch 1/20
2/2 [==============================] - 2s 803ms/step - loss: 10.3131 - accuracy: 0.2167 - val_loss: 5.7959 - val_accuracy: 0.2000 - lr: 1.0000e-05
Epoch 2/20
2/2 [==============================] - 1s 519ms/step - loss: 11.3246 - accuracy: 0.1167 - val_loss: 5.7984 - val_accuracy: 0.0000e+00 - lr: 1.0000e-05
Epoch 3/20
2/2 [==============================] - 1s 521ms/step - loss: 10.6484 - accuracy: 0.1833 - val_loss: 5.8008 - val_accuracy: 0.0000e+00 - lr: 1.0000e-05
Evaluating the model...
1/1 [==============================] - 0s 126ms/step - loss: 5.8198 - accuracy: 0.0000e+00
Test accuracy: 0.0, Validation loss: 5.79593563079834
Saving results to CSV...

Running training with params: (1e-05, 0.6, 16, 60, 0.3, 30)
Loading training data...
Found 60 images belonging to 6 classes.
Loading validation data...
Found 5 images belonging to 6 classes.
Loading test data...
Found 7 images belonging to 6 classes.
Number of classes: 6
Computing class weights...
Class weights: {0: 1.0, 1: 1.0, 2: 1.0, 3: 1.0, 4: 1.0, 5: 1.0}
Creating model with learning rate: 1e-05, dropout: 0.6, filters: 16
Model created and compiled.
Training the model...
Epoch 1/30
2/2 [==============================] - 2s 778ms/step - loss: 11.9464 - accuracy: 0.1667 - val_loss: 5.8358 - val_accuracy: 0.2000 - lr: 1.0000e-05
Epoch 2/30
2/2 [==============================] - 1s 644ms/step - loss: 11.1366 - accuracy: 0.1667 - val_loss: 5.8271 - val_accuracy: 0.2000 - lr: 1.0000e-05
Epoch 3/30
2/2 [==============================] - 1s 547ms/step - loss: 11.3869 - accuracy: 0.0833 - val_loss: 5.8201 - val_accuracy: 0.2000 - lr: 1.0000e-05
Epoch 4/30
2/2 [==============================] - 1s 575ms/step - loss: 10.3158 - accuracy: 0.2000 - val_loss: 5.8135 - val_accuracy: 0.2000 - lr: 1.0000e-05
Epoch 5/30
2/2 [==============================] - 1s 511ms/step - loss: 12.3272 - accuracy: 0.1333 - val_loss: 5.8080 - val_accuracy: 0.2000 - lr: 1.0000e-05
Epoch 6/30
2/2 [==============================] - 1s 607ms/step - loss: 11.3692 - accuracy: 0.1333 - val_loss: 5.8014 - val_accuracy: 0.4000 - lr: 1.0000e-05
Epoch 7/30
2/2 [==============================] - 1s 613ms/step - loss: 11.4021 - accuracy: 0.1500 - val_loss: 5.7967 - val_accuracy: 0.4000 - lr: 1.0000e-05
Epoch 8/30
2/2 [==============================] - 1s 537ms/step - loss: 11.2974 - accuracy: 0.1167 - val_loss: 5.7948 - val_accuracy: 0.4000 - lr: 1.0000e-05
Epoch 9/30
2/2 [==============================] - 1s 625ms/step - loss: 10.4528 - accuracy: 0.2000 - val_loss: 5.7943 - val_accuracy: 0.4000 - lr: 1.0000e-05
Epoch 10/30
2/2 [==============================] - 1s 583ms/step - loss: 10.6862 - accuracy: 0.1333 - val_loss: 5.7950 - val_accuracy: 0.2000 - lr: 1.0000e-05
Epoch 11/30
2/2 [==============================] - 1s 593ms/step - loss: 10.0448 - accuracy: 0.2000 - val_loss: 5.7981 - val_accuracy: 0.2000 - lr: 1.0000e-05
Evaluating the model...
1/1 [==============================] - 0s 133ms/step - loss: 5.7465 - accuracy: 0.1429
Test accuracy: 0.1428571492433548, Validation loss: 5.794283390045166
Saving results to CSV...

Running training with params: (1e-05, 0.6, 16, 60, 0.5, 20)
Loading training data...
Found 60 images belonging to 6 classes.
Loading validation data...
Found 5 images belonging to 6 classes.
Loading test data...
Found 7 images belonging to 6 classes.
Number of classes: 6
Computing class weights...
Class weights: {0: 1.0, 1: 1.0, 2: 1.0, 3: 1.0, 4: 1.0, 5: 1.0}
Creating model with learning rate: 1e-05, dropout: 0.6, filters: 16
Model created and compiled.
Training the model...
Epoch 1/20
2/2 [==============================] - 2s 707ms/step - loss: 10.8341 - accuracy: 0.1667 - val_loss: 5.7832 - val_accuracy: 0.4000 - lr: 1.0000e-05
Epoch 2/20
2/2 [==============================] - 1s 588ms/step - loss: 10.0055 - accuracy: 0.2000 - val_loss: 5.7872 - val_accuracy: 0.4000 - lr: 1.0000e-05
Epoch 3/20
2/2 [==============================] - 1s 589ms/step - loss: 9.5433 - accuracy: 0.2333 - val_loss: 5.7868 - val_accuracy: 0.2000 - lr: 1.0000e-05
Evaluating the model...
1/1 [==============================] - 0s 123ms/step - loss: 5.8059 - accuracy: 0.1429
Test accuracy: 0.1428571492433548, Validation loss: 5.783196926116943
Saving results to CSV...

Running training with params: (1e-05, 0.6, 16, 60, 0.5, 30)
Loading training data...
Found 60 images belonging to 6 classes.
Loading validation data...
Found 5 images belonging to 6 classes.
Loading test data...
Found 7 images belonging to 6 classes.
Number of classes: 6
Computing class weights...
Class weights: {0: 1.0, 1: 1.0, 2: 1.0, 3: 1.0, 4: 1.0, 5: 1.0}
Creating model with learning rate: 1e-05, dropout: 0.6, filters: 16
Model created and compiled.
Training the model...
Epoch 1/30
2/2 [==============================] - 2s 800ms/step - loss: 9.1579 - accuracy: 0.2667 - val_loss: 5.8341 - val_accuracy: 0.0000e+00 - lr: 1.0000e-05
Epoch 2/30
2/2 [==============================] - 1s 569ms/step - loss: 8.7531 - accuracy: 0.2167 - val_loss: 5.8372 - val_accuracy: 0.0000e+00 - lr: 1.0000e-05
Epoch 3/30
2/2 [==============================] - 1s 515ms/step - loss: 10.2089 - accuracy: 0.1667 - val_loss: 5.8422 - val_accuracy: 0.0000e+00 - lr: 1.0000e-05
Evaluating the model...
1/1 [==============================] - 0s 127ms/step - loss: 5.8205 - accuracy: 0.0000e+00
Test accuracy: 0.0, Validation loss: 5.834134101867676
Saving results to CSV...

Running training with params: (1e-05, 0.6, 32, 50, 0.3, 20)
Loading training data...
Found 60 images belonging to 6 classes.
Loading validation data...
Found 5 images belonging to 6 classes.
Loading test data...
Found 7 images belonging to 6 classes.
Number of classes: 6
Computing class weights...
Class weights: {0: 1.0, 1: 1.0, 2: 1.0, 3: 1.0, 4: 1.0, 5: 1.0}
Creating model with learning rate: 1e-05, dropout: 0.6, filters: 32
Model created and compiled.
Training the model...
Epoch 1/20
2/2 [==============================] - 3s 931ms/step - loss: 11.8258 - accuracy: 0.1833 - val_loss: 6.2760 - val_accuracy: 0.2000 - lr: 1.0000e-05
Epoch 2/20
2/2 [==============================] - 1s 632ms/step - loss: 11.6003 - accuracy: 0.1500 - val_loss: 6.2779 - val_accuracy: 0.2000 - lr: 1.0000e-05
Epoch 3/20
2/2 [==============================] - 2s 740ms/step - loss: 9.5983 - accuracy: 0.2833 - val_loss: 6.2809 - val_accuracy: 0.0000e+00 - lr: 1.0000e-05
Evaluating the model...
1/1 [==============================] - 0s 129ms/step - loss: 6.2778 - accuracy: 0.1429
Test accuracy: 0.1428571492433548, Validation loss: 6.275959491729736
Saving results to CSV...

Running training with params: (1e-05, 0.6, 32, 50, 0.3, 30)
Loading training data...
Found 60 images belonging to 6 classes.
Loading validation data...
Found 5 images belonging to 6 classes.
Loading test data...
Found 7 images belonging to 6 classes.
Number of classes: 6
Computing class weights...
Class weights: {0: 1.0, 1: 1.0, 2: 1.0, 3: 1.0, 4: 1.0, 5: 1.0}
Creating model with learning rate: 1e-05, dropout: 0.6, filters: 32
Model created and compiled.
Training the model...
Epoch 1/30
2/2 [==============================] - 3s 947ms/step - loss: 10.9625 - accuracy: 0.1667 - val_loss: 6.2885 - val_accuracy: 0.2000 - lr: 1.0000e-05
Epoch 2/30
2/2 [==============================] - 1s 627ms/step - loss: 11.2535 - accuracy: 0.1833 - val_loss: 6.2842 - val_accuracy: 0.2000 - lr: 1.0000e-05
Epoch 3/30
2/2 [==============================] - 1s 709ms/step - loss: 10.5962 - accuracy: 0.2500 - val_loss: 6.2831 - val_accuracy: 0.2000 - lr: 1.0000e-05
Epoch 4/30
2/2 [==============================] - 1s 722ms/step - loss: 9.7235 - accuracy: 0.1500 - val_loss: 6.2830 - val_accuracy: 0.2000 - lr: 1.0000e-05
Epoch 5/30
2/2 [==============================] - 1s 731ms/step - loss: 10.6719 - accuracy: 0.2000 - val_loss: 6.2836 - val_accuracy: 0.2000 - lr: 1.0000e-05
Epoch 6/30
2/2 [==============================] - 1s 617ms/step - loss: 9.4660 - accuracy: 0.2333 - val_loss: 6.2864 - val_accuracy: 0.2000 - lr: 1.0000e-05
Evaluating the model...
1/1 [==============================] - 0s 135ms/step - loss: 6.2912 - accuracy: 0.0000e+00
Test accuracy: 0.0, Validation loss: 6.282989501953125
Saving results to CSV...

Running training with params: (1e-05, 0.6, 32, 50, 0.5, 20)
Loading training data...
Found 60 images belonging to 6 classes.
Loading validation data...
Found 5 images belonging to 6 classes.
Loading test data...
Found 7 images belonging to 6 classes.
Number of classes: 6
Computing class weights...
Class weights: {0: 1.0, 1: 1.0, 2: 1.0, 3: 1.0, 4: 1.0, 5: 1.0}
Creating model with learning rate: 1e-05, dropout: 0.6, filters: 32
Model created and compiled.
Training the model...
Epoch 1/20
2/2 [==============================] - 3s 836ms/step - loss: 11.2595 - accuracy: 0.1833 - val_loss: 6.2931 - val_accuracy: 0.0000e+00 - lr: 1.0000e-05
Epoch 2/20
2/2 [==============================] - 1s 594ms/step - loss: 10.5316 - accuracy: 0.2000 - val_loss: 6.2881 - val_accuracy: 0.2000 - lr: 1.0000e-05
Epoch 3/20
2/2 [==============================] - 1s 612ms/step - loss: 11.2992 - accuracy: 0.2000 - val_loss: 6.2866 - val_accuracy: 0.2000 - lr: 1.0000e-05
Epoch 4/20
2/2 [==============================] - 1s 718ms/step - loss: 10.8059 - accuracy: 0.2000 - val_loss: 6.2908 - val_accuracy: 0.2000 - lr: 1.0000e-05
Epoch 5/20
2/2 [==============================] - 1s 587ms/step - loss: 11.3084 - accuracy: 0.2333 - val_loss: 6.2967 - val_accuracy: 0.2000 - lr: 1.0000e-05
Evaluating the model...
1/1 [==============================] - 0s 139ms/step - loss: 6.2963 - accuracy: 0.1429
Test accuracy: 0.1428571492433548, Validation loss: 6.286626815795898
Saving results to CSV...

Running training with params: (1e-05, 0.6, 32, 50, 0.5, 30)
Loading training data...
Found 60 images belonging to 6 classes.
Loading validation data...
Found 5 images belonging to 6 classes.
Loading test data...
Found 7 images belonging to 6 classes.
Number of classes: 6
Computing class weights...
Class weights: {0: 1.0, 1: 1.0, 2: 1.0, 3: 1.0, 4: 1.0, 5: 1.0}
Creating model with learning rate: 1e-05, dropout: 0.6, filters: 32
Model created and compiled.
Training the model...
Epoch 1/30
2/2 [==============================] - 3s 958ms/step - loss: 10.0885 - accuracy: 0.1667 - val_loss: 6.3012 - val_accuracy: 0.2000 - lr: 1.0000e-05
Epoch 2/30
2/2 [==============================] - 1s 570ms/step - loss: 10.1222 - accuracy: 0.2833 - val_loss: 6.3042 - val_accuracy: 0.2000 - lr: 1.0000e-05
Epoch 3/30
2/2 [==============================] - 1s 717ms/step - loss: 11.2763 - accuracy: 0.1500 - val_loss: 6.3019 - val_accuracy: 0.2000 - lr: 1.0000e-05
Evaluating the model...
1/1 [==============================] - 0s 130ms/step - loss: 6.2874 - accuracy: 0.2857
Test accuracy: 0.2857142984867096, Validation loss: 6.301198959350586
Saving results to CSV...

Running training with params: (1e-05, 0.6, 32, 60, 0.3, 20)
Loading training data...
Found 60 images belonging to 6 classes.
Loading validation data...
Found 5 images belonging to 6 classes.
Loading test data...
Found 7 images belonging to 6 classes.
Number of classes: 6
Computing class weights...
Class weights: {0: 1.0, 1: 1.0, 2: 1.0, 3: 1.0, 4: 1.0, 5: 1.0}
Creating model with learning rate: 1e-05, dropout: 0.6, filters: 32
Model created and compiled.
Training the model...
Epoch 1/20
2/2 [==============================] - 3s 937ms/step - loss: 11.7264 - accuracy: 0.1000 - val_loss: 6.2376 - val_accuracy: 0.2000 - lr: 1.0000e-05
Epoch 2/20
2/2 [==============================] - 1s 715ms/step - loss: 11.3129 - accuracy: 0.1167 - val_loss: 6.2402 - val_accuracy: 0.2000 - lr: 1.0000e-05
Epoch 3/20
2/2 [==============================] - 2s 771ms/step - loss: 11.0561 - accuracy: 0.1333 - val_loss: 6.2440 - val_accuracy: 0.2000 - lr: 1.0000e-05
Evaluating the model...
1/1 [==============================] - 0s 138ms/step - loss: 6.2754 - accuracy: 0.0000e+00
Test accuracy: 0.0, Validation loss: 6.237590312957764
Saving results to CSV...

Running training with params: (1e-05, 0.6, 32, 60, 0.3, 30)
Loading training data...
Found 60 images belonging to 6 classes.
Loading validation data...
Found 5 images belonging to 6 classes.
Loading test data...
Found 7 images belonging to 6 classes.
Number of classes: 6
Computing class weights...
Class weights: {0: 1.0, 1: 1.0, 2: 1.0, 3: 1.0, 4: 1.0, 5: 1.0}
Creating model with learning rate: 1e-05, dropout: 0.6, filters: 32
Model created and compiled.
Training the model...
Epoch 1/30
2/2 [==============================] - 3s 815ms/step - loss: 10.1335 - accuracy: 0.1833 - val_loss: 6.2860 - val_accuracy: 0.4000 - lr: 1.0000e-05
Epoch 2/30
2/2 [==============================] - 1s 721ms/step - loss: 11.0469 - accuracy: 0.1833 - val_loss: 6.2876 - val_accuracy: 0.2000 - lr: 1.0000e-05
Epoch 3/30
2/2 [==============================] - 1s 639ms/step - loss: 9.8685 - accuracy: 0.2333 - val_loss: 6.2873 - val_accuracy: 0.2000 - lr: 1.0000e-05
Evaluating the model...
1/1 [==============================] - 0s 128ms/step - loss: 6.2850 - accuracy: 0.1429
Test accuracy: 0.1428571492433548, Validation loss: 6.286036491394043
Saving results to CSV...

Running training with params: (1e-05, 0.6, 32, 60, 0.5, 20)
Loading training data...
Found 60 images belonging to 6 classes.
Loading validation data...
Found 5 images belonging to 6 classes.
Loading test data...
Found 7 images belonging to 6 classes.
Number of classes: 6
Computing class weights...
Class weights: {0: 1.0, 1: 1.0, 2: 1.0, 3: 1.0, 4: 1.0, 5: 1.0}
Creating model with learning rate: 1e-05, dropout: 0.6, filters: 32
Model created and compiled.
Training the model...
Epoch 1/20
2/2 [==============================] - 3s 797ms/step - loss: 10.6500 - accuracy: 0.1500 - val_loss: 6.2851 - val_accuracy: 0.2000 - lr: 1.0000e-05
Epoch 2/20
2/2 [==============================] - 1s 612ms/step - loss: 10.6568 - accuracy: 0.1500 - val_loss: 6.2830 - val_accuracy: 0.2000 - lr: 1.0000e-05
Epoch 3/20
2/2 [==============================] - 1s 766ms/step - loss: 10.4760 - accuracy: 0.0833 - val_loss: 6.2818 - val_accuracy: 0.2000 - lr: 1.0000e-05
Epoch 4/20
2/2 [==============================] - 1s 727ms/step - loss: 10.4404 - accuracy: 0.1167 - val_loss: 6.2807 - val_accuracy: 0.2000 - lr: 1.0000e-05
Epoch 5/20
2/2 [==============================] - 1s 626ms/step - loss: 10.0934 - accuracy: 0.2333 - val_loss: 6.2829 - val_accuracy: 0.2000 - lr: 1.0000e-05
Epoch 6/20
2/2 [==============================] - 1s 618ms/step - loss: 10.4330 - accuracy: 0.1333 - val_loss: 6.2876 - val_accuracy: 0.2000 - lr: 1.0000e-05
Evaluating the model...
1/1 [==============================] - 0s 133ms/step - loss: 6.3015 - accuracy: 0.1429
Test accuracy: 0.1428571492433548, Validation loss: 6.280735015869141
Saving results to CSV...

Running training with params: (1e-05, 0.6, 32, 60, 0.5, 30)
Loading training data...
Found 60 images belonging to 6 classes.
Loading validation data...
Found 5 images belonging to 6 classes.
Loading test data...
Found 7 images belonging to 6 classes.
Number of classes: 6
Computing class weights...
Class weights: {0: 1.0, 1: 1.0, 2: 1.0, 3: 1.0, 4: 1.0, 5: 1.0}
Creating model with learning rate: 1e-05, dropout: 0.6, filters: 32
Model created and compiled.
Training the model...
Epoch 1/30
2/2 [==============================] - 3s 877ms/step - loss: 10.7049 - accuracy: 0.2000 - val_loss: 6.2725 - val_accuracy: 0.4000 - lr: 1.0000e-05
Epoch 2/30
2/2 [==============================] - 1s 719ms/step - loss: 10.8037 - accuracy: 0.1833 - val_loss: 6.2729 - val_accuracy: 0.4000 - lr: 1.0000e-05
Epoch 3/30
2/2 [==============================] - 2s 771ms/step - loss: 10.7572 - accuracy: 0.1500 - val_loss: 6.2681 - val_accuracy: 0.4000 - lr: 1.0000e-05
Epoch 4/30
2/2 [==============================] - 1s 748ms/step - loss: 10.0441 - accuracy: 0.2833 - val_loss: 6.2634 - val_accuracy: 0.4000 - lr: 1.0000e-05
Epoch 5/30
2/2 [==============================] - 1s 644ms/step - loss: 11.2827 - accuracy: 0.1167 - val_loss: 6.2628 - val_accuracy: 0.4000 - lr: 1.0000e-05
Epoch 6/30
2/2 [==============================] - 1s 593ms/step - loss: 9.8328 - accuracy: 0.1667 - val_loss: 6.2645 - val_accuracy: 0.4000 - lr: 1.0000e-05
Epoch 7/30
2/2 [==============================] - 1s 600ms/step - loss: 9.8951 - accuracy: 0.1667 - val_loss: 6.2662 - val_accuracy: 0.4000 - lr: 1.0000e-05
Evaluating the model...
1/1 [==============================] - 0s 128ms/step - loss: 6.2622 - accuracy: 0.4286
Test accuracy: 0.4285714328289032, Validation loss: 6.262795448303223
Saving results to CSV...

Running training with params: (1e-05, 0.8, 16, 50, 0.3, 20)
Loading training data...
Found 60 images belonging to 6 classes.
Loading validation data...
Found 5 images belonging to 6 classes.
Loading test data...
Found 7 images belonging to 6 classes.
Number of classes: 6
Computing class weights...
Class weights: {0: 1.0, 1: 1.0, 2: 1.0, 3: 1.0, 4: 1.0, 5: 1.0}
Creating model with learning rate: 1e-05, dropout: 0.8, filters: 16
Model created and compiled.
Training the model...
Epoch 1/20
2/2 [==============================] - 2s 775ms/step - loss: 15.9470 - accuracy: 0.1667 - val_loss: 5.7833 - val_accuracy: 0.2000 - lr: 1.0000e-05
Epoch 2/20
2/2 [==============================] - 1s 590ms/step - loss: 14.4583 - accuracy: 0.2000 - val_loss: 5.7829 - val_accuracy: 0.2000 - lr: 1.0000e-05
Epoch 3/20
2/2 [==============================] - 1s 584ms/step - loss: 17.0061 - accuracy: 0.0833 - val_loss: 5.7839 - val_accuracy: 0.0000e+00 - lr: 1.0000e-05
Epoch 4/20
2/2 [==============================] - 1s 570ms/step - loss: 18.2310 - accuracy: 0.1167 - val_loss: 5.7845 - val_accuracy: 0.0000e+00 - lr: 1.0000e-05
Evaluating the model...
1/1 [==============================] - 0s 121ms/step - loss: 5.7876 - accuracy: 0.2857
Test accuracy: 0.2857142984867096, Validation loss: 5.782922744750977
Saving results to CSV...

Running training with params: (1e-05, 0.8, 16, 50, 0.3, 30)
Loading training data...
Found 60 images belonging to 6 classes.
Loading validation data...
Found 5 images belonging to 6 classes.
Loading test data...
Found 7 images belonging to 6 classes.
Number of classes: 6
Computing class weights...
Class weights: {0: 1.0, 1: 1.0, 2: 1.0, 3: 1.0, 4: 1.0, 5: 1.0}
Creating model with learning rate: 1e-05, dropout: 0.8, filters: 16
Model created and compiled.
Training the model...
Epoch 1/30
2/2 [==============================] - 2s 794ms/step - loss: 16.2711 - accuracy: 0.1167 - val_loss: 5.8048 - val_accuracy: 0.2000 - lr: 1.0000e-05
Epoch 2/30
2/2 [==============================] - 1s 520ms/step - loss: 14.2824 - accuracy: 0.1333 - val_loss: 5.8002 - val_accuracy: 0.2000 - lr: 1.0000e-05
Epoch 3/30
2/2 [==============================] - 1s 605ms/step - loss: 16.6619 - accuracy: 0.1833 - val_loss: 5.7991 - val_accuracy: 0.0000e+00 - lr: 1.0000e-05
Epoch 4/30
2/2 [==============================] - 1s 646ms/step - loss: 15.9404 - accuracy: 0.2000 - val_loss: 5.8019 - val_accuracy: 0.0000e+00 - lr: 1.0000e-05
Epoch 5/30
2/2 [==============================] - 1s 497ms/step - loss: 13.8196 - accuracy: 0.1333 - val_loss: 5.8063 - val_accuracy: 0.0000e+00 - lr: 1.0000e-05
Evaluating the model...
1/1 [==============================] - 0s 119ms/step - loss: 5.8072 - accuracy: 0.0000e+00
Test accuracy: 0.0, Validation loss: 5.799120903015137
Saving results to CSV...

Running training with params: (1e-05, 0.8, 16, 50, 0.5, 20)
Loading training data...
Found 60 images belonging to 6 classes.
Loading validation data...
Found 5 images belonging to 6 classes.
Loading test data...
Found 7 images belonging to 6 classes.
Number of classes: 6
Computing class weights...
Class weights: {0: 1.0, 1: 1.0, 2: 1.0, 3: 1.0, 4: 1.0, 5: 1.0}
Creating model with learning rate: 1e-05, dropout: 0.8, filters: 16
Model created and compiled.
Training the model...
Epoch 1/20
2/2 [==============================] - 2s 705ms/step - loss: 16.5677 - accuracy: 0.1167 - val_loss: 5.7839 - val_accuracy: 0.2000 - lr: 1.0000e-05
Epoch 2/20
2/2 [==============================] - 1s 581ms/step - loss: 16.0899 - accuracy: 0.2000 - val_loss: 5.7789 - val_accuracy: 0.2000 - lr: 1.0000e-05
Epoch 3/20
2/2 [==============================] - 1s 510ms/step - loss: 15.9909 - accuracy: 0.2333 - val_loss: 5.7738 - val_accuracy: 0.2000 - lr: 1.0000e-05
Epoch 4/20
2/2 [==============================] - 1s 614ms/step - loss: 16.2180 - accuracy: 0.1333 - val_loss: 5.7695 - val_accuracy: 0.2000 - lr: 1.0000e-05
Epoch 5/20
2/2 [==============================] - 1s 591ms/step - loss: 17.5302 - accuracy: 0.1667 - val_loss: 5.7643 - val_accuracy: 0.4000 - lr: 1.0000e-05
Epoch 6/20
2/2 [==============================] - 1s 616ms/step - loss: 16.8039 - accuracy: 0.1500 - val_loss: 5.7592 - val_accuracy: 0.4000 - lr: 1.0000e-05
Epoch 7/20
2/2 [==============================] - 1s 570ms/step - loss: 16.1993 - accuracy: 0.2167 - val_loss: 5.7541 - val_accuracy: 0.4000 - lr: 1.0000e-05
Epoch 8/20
2/2 [==============================] - 1s 506ms/step - loss: 18.4310 - accuracy: 0.1000 - val_loss: 5.7482 - val_accuracy: 0.4000 - lr: 1.0000e-05
Epoch 9/20
2/2 [==============================] - 1s 591ms/step - loss: 15.9143 - accuracy: 0.1167 - val_loss: 5.7418 - val_accuracy: 0.4000 - lr: 1.0000e-05
Epoch 10/20
2/2 [==============================] - 1s 594ms/step - loss: 14.1060 - accuracy: 0.2333 - val_loss: 5.7365 - val_accuracy: 0.4000 - lr: 1.0000e-05
Epoch 11/20
2/2 [==============================] - 1s 594ms/step - loss: 15.8197 - accuracy: 0.2500 - val_loss: 5.7313 - val_accuracy: 0.4000 - lr: 1.0000e-05
Epoch 12/20
2/2 [==============================] - 1s 583ms/step - loss: 16.6840 - accuracy: 0.2500 - val_loss: 5.7266 - val_accuracy: 0.4000 - lr: 1.0000e-05
Epoch 13/20
2/2 [==============================] - 1s 563ms/step - loss: 15.2767 - accuracy: 0.2167 - val_loss: 5.7215 - val_accuracy: 0.4000 - lr: 1.0000e-05
Epoch 14/20
2/2 [==============================] - 1s 570ms/step - loss: 18.8408 - accuracy: 0.1167 - val_loss: 5.7165 - val_accuracy: 0.4000 - lr: 1.0000e-05
Epoch 15/20
2/2 [==============================] - 1s 587ms/step - loss: 17.7268 - accuracy: 0.1500 - val_loss: 5.7114 - val_accuracy: 0.4000 - lr: 1.0000e-05
Epoch 16/20
2/2 [==============================] - 1s 603ms/step - loss: 16.5451 - accuracy: 0.1667 - val_loss: 5.7062 - val_accuracy: 0.4000 - lr: 1.0000e-05
Epoch 17/20
2/2 [==============================] - 1s 534ms/step - loss: 14.3315 - accuracy: 0.2000 - val_loss: 5.7006 - val_accuracy: 0.4000 - lr: 1.0000e-05
Epoch 18/20
2/2 [==============================] - 1s 536ms/step - loss: 16.0262 - accuracy: 0.2167 - val_loss: 5.6951 - val_accuracy: 0.4000 - lr: 1.0000e-05
Epoch 19/20
2/2 [==============================] - 1s 647ms/step - loss: 15.9701 - accuracy: 0.2167 - val_loss: 5.6899 - val_accuracy: 0.4000 - lr: 1.0000e-05
Epoch 20/20
2/2 [==============================] - 1s 593ms/step - loss: 15.2144 - accuracy: 0.2167 - val_loss: 5.6847 - val_accuracy: 0.4000 - lr: 1.0000e-05
Evaluating the model...
1/1 [==============================] - 0s 127ms/step - loss: 5.7364 - accuracy: 0.4286
Test accuracy: 0.4285714328289032, Validation loss: 5.6847076416015625
Saving results to CSV...

Running training with params: (1e-05, 0.8, 16, 50, 0.5, 30)
Loading training data...
Found 60 images belonging to 6 classes.
Loading validation data...
Found 5 images belonging to 6 classes.
Loading test data...
Found 7 images belonging to 6 classes.
Number of classes: 6
Computing class weights...
Class weights: {0: 1.0, 1: 1.0, 2: 1.0, 3: 1.0, 4: 1.0, 5: 1.0}
Creating model with learning rate: 1e-05, dropout: 0.8, filters: 16
Model created and compiled.
Training the model...
Epoch 1/30
2/2 [==============================] - 2s 734ms/step - loss: 15.7828 - accuracy: 0.2500 - val_loss: 5.8319 - val_accuracy: 0.2000 - lr: 1.0000e-05
Epoch 2/30
2/2 [==============================] - 1s 563ms/step - loss: 16.1910 - accuracy: 0.2167 - val_loss: 5.8294 - val_accuracy: 0.2000 - lr: 1.0000e-05
Epoch 3/30
2/2 [==============================] - 1s 626ms/step - loss: 17.9693 - accuracy: 0.1833 - val_loss: 5.8275 - val_accuracy: 0.2000 - lr: 1.0000e-05
Epoch 4/30
2/2 [==============================] - 1s 545ms/step - loss: 17.6049 - accuracy: 0.1167 - val_loss: 5.8251 - val_accuracy: 0.2000 - lr: 1.0000e-05
Epoch 5/30
2/2 [==============================] - 1s 529ms/step - loss: 19.5168 - accuracy: 0.1167 - val_loss: 5.8218 - val_accuracy: 0.0000e+00 - lr: 1.0000e-05
Epoch 6/30
2/2 [==============================] - 1s 540ms/step - loss: 17.1077 - accuracy: 0.1500 - val_loss: 5.8197 - val_accuracy: 0.0000e+00 - lr: 1.0000e-05
Epoch 7/30
2/2 [==============================] - 1s 531ms/step - loss: 15.3633 - accuracy: 0.2667 - val_loss: 5.8179 - val_accuracy: 0.0000e+00 - lr: 1.0000e-05
Epoch 8/30
2/2 [==============================] - 1s 551ms/step - loss: 16.1192 - accuracy: 0.1667 - val_loss: 5.8163 - val_accuracy: 0.2000 - lr: 1.0000e-05
Epoch 9/30
2/2 [==============================] - 1s 608ms/step - loss: 16.9077 - accuracy: 0.0833 - val_loss: 5.8136 - val_accuracy: 0.2000 - lr: 1.0000e-05
Epoch 10/30
2/2 [==============================] - 1s 593ms/step - loss: 17.1762 - accuracy: 0.1667 - val_loss: 5.8105 - val_accuracy: 0.2000 - lr: 1.0000e-05
Epoch 11/30
2/2 [==============================] - 1s 599ms/step - loss: 16.4164 - accuracy: 0.1000 - val_loss: 5.8069 - val_accuracy: 0.2000 - lr: 1.0000e-05
Epoch 12/30
2/2 [==============================] - 1s 556ms/step - loss: 15.9333 - accuracy: 0.1167 - val_loss: 5.8035 - val_accuracy: 0.2000 - lr: 1.0000e-05
Epoch 13/30
2/2 [==============================] - 1s 597ms/step - loss: 16.4022 - accuracy: 0.2000 - val_loss: 5.8002 - val_accuracy: 0.2000 - lr: 1.0000e-05
Epoch 14/30
2/2 [==============================] - 1s 614ms/step - loss: 16.5397 - accuracy: 0.1667 - val_loss: 5.7980 - val_accuracy: 0.2000 - lr: 1.0000e-05
Epoch 15/30
2/2 [==============================] - 1s 604ms/step - loss: 16.9475 - accuracy: 0.1333 - val_loss: 5.7969 - val_accuracy: 0.2000 - lr: 1.0000e-05
Epoch 16/30
2/2 [==============================] - 1s 629ms/step - loss: 17.0551 - accuracy: 0.2000 - val_loss: 5.7966 - val_accuracy: 0.2000 - lr: 1.0000e-05
Epoch 17/30
2/2 [==============================] - 1s 553ms/step - loss: 15.2215 - accuracy: 0.1667 - val_loss: 5.7966 - val_accuracy: 0.2000 - lr: 1.0000e-05
Epoch 18/30
2/2 [==============================] - 1s 586ms/step - loss: 15.7452 - accuracy: 0.1500 - val_loss: 5.7977 - val_accuracy: 0.2000 - lr: 1.0000e-05
Epoch 19/30
2/2 [==============================] - 1s 616ms/step - loss: 17.2386 - accuracy: 0.1833 - val_loss: 5.7996 - val_accuracy: 0.2000 - lr: 1.0000e-05
Evaluating the model...
1/1 [==============================] - 0s 127ms/step - loss: 5.7973 - accuracy: 0.2857
Test accuracy: 0.2857142984867096, Validation loss: 5.7965826988220215
Saving results to CSV...

Running training with params: (1e-05, 0.8, 16, 60, 0.3, 20)
Loading training data...
Found 60 images belonging to 6 classes.
Loading validation data...
Found 5 images belonging to 6 classes.
Loading test data...
Found 7 images belonging to 6 classes.
Number of classes: 6
Computing class weights...
Class weights: {0: 1.0, 1: 1.0, 2: 1.0, 3: 1.0, 4: 1.0, 5: 1.0}
Creating model with learning rate: 1e-05, dropout: 0.8, filters: 16
Model created and compiled.
Training the model...
Epoch 1/20
2/2 [==============================] - 2s 710ms/step - loss: 20.2383 - accuracy: 0.1667 - val_loss: 5.8222 - val_accuracy: 0.0000e+00 - lr: 1.0000e-05
Epoch 2/20
2/2 [==============================] - 1s 584ms/step - loss: 17.7972 - accuracy: 0.1500 - val_loss: 5.8186 - val_accuracy: 0.0000e+00 - lr: 1.0000e-05
Epoch 3/20
2/2 [==============================] - 1s 614ms/step - loss: 15.0397 - accuracy: 0.2500 - val_loss: 5.8173 - val_accuracy: 0.0000e+00 - lr: 1.0000e-05
Epoch 4/20
2/2 [==============================] - 1s 544ms/step - loss: 16.8964 - accuracy: 0.1500 - val_loss: 5.8169 - val_accuracy: 0.0000e+00 - lr: 1.0000e-05
Epoch 5/20
2/2 [==============================] - 1s 512ms/step - loss: 16.8628 - accuracy: 0.1500 - val_loss: 5.8162 - val_accuracy: 0.0000e+00 - lr: 1.0000e-05
Epoch 6/20
2/2 [==============================] - 1s 506ms/step - loss: 18.1524 - accuracy: 0.2000 - val_loss: 5.8143 - val_accuracy: 0.0000e+00 - lr: 1.0000e-05
Epoch 7/20
2/2 [==============================] - 1s 584ms/step - loss: 17.4294 - accuracy: 0.1833 - val_loss: 5.8146 - val_accuracy: 0.2000 - lr: 1.0000e-05
Epoch 8/20
2/2 [==============================] - 1s 585ms/step - loss: 16.2475 - accuracy: 0.2000 - val_loss: 5.8152 - val_accuracy: 0.2000 - lr: 1.0000e-05
Evaluating the model...
1/1 [==============================] - 0s 134ms/step - loss: 5.8576 - accuracy: 0.0000e+00
Test accuracy: 0.0, Validation loss: 5.814329147338867
Saving results to CSV...

Running training with params: (1e-05, 0.8, 16, 60, 0.3, 30)
Loading training data...
Found 60 images belonging to 6 classes.
Loading validation data...
Found 5 images belonging to 6 classes.
Loading test data...
Found 7 images belonging to 6 classes.
Number of classes: 6
Computing class weights...
Class weights: {0: 1.0, 1: 1.0, 2: 1.0, 3: 1.0, 4: 1.0, 5: 1.0}
Creating model with learning rate: 1e-05, dropout: 0.8, filters: 16
Model created and compiled.
Training the model...
Epoch 1/30
2/2 [==============================] - 2s 717ms/step - loss: 15.8466 - accuracy: 0.2000 - val_loss: 5.8461 - val_accuracy: 0.2000 - lr: 1.0000e-05
Epoch 2/30
2/2 [==============================] - 1s 508ms/step - loss: 15.2856 - accuracy: 0.2167 - val_loss: 5.8349 - val_accuracy: 0.2000 - lr: 1.0000e-05
Epoch 3/30
2/2 [==============================] - 1s 586ms/step - loss: 14.9000 - accuracy: 0.2667 - val_loss: 5.8234 - val_accuracy: 0.2000 - lr: 1.0000e-05
Epoch 4/30
2/2 [==============================] - 1s 506ms/step - loss: 18.6555 - accuracy: 0.1500 - val_loss: 5.8123 - val_accuracy: 0.2000 - lr: 1.0000e-05
Epoch 5/30
2/2 [==============================] - 1s 579ms/step - loss: 14.9897 - accuracy: 0.2667 - val_loss: 5.7993 - val_accuracy: 0.2000 - lr: 1.0000e-05
Epoch 6/30
2/2 [==============================] - 1s 574ms/step - loss: 17.4064 - accuracy: 0.1167 - val_loss: 5.7906 - val_accuracy: 0.2000 - lr: 1.0000e-05
Epoch 7/30
2/2 [==============================] - 1s 572ms/step - loss: 17.5380 - accuracy: 0.1500 - val_loss: 5.7837 - val_accuracy: 0.4000 - lr: 1.0000e-05
Epoch 8/30
2/2 [==============================] - 1s 520ms/step - loss: 15.3593 - accuracy: 0.1000 - val_loss: 5.7764 - val_accuracy: 0.2000 - lr: 1.0000e-05
Epoch 9/30
2/2 [==============================] - 1s 570ms/step - loss: 18.0553 - accuracy: 0.1333 - val_loss: 5.7699 - val_accuracy: 0.2000 - lr: 1.0000e-05
Epoch 10/30
2/2 [==============================] - 1s 524ms/step - loss: 17.4633 - accuracy: 0.1667 - val_loss: 5.7649 - val_accuracy: 0.2000 - lr: 1.0000e-05
Epoch 11/30
2/2 [==============================] - 1s 538ms/step - loss: 17.4895 - accuracy: 0.1500 - val_loss: 5.7599 - val_accuracy: 0.2000 - lr: 1.0000e-05
Epoch 12/30
2/2 [==============================] - 1s 512ms/step - loss: 15.5580 - accuracy: 0.2333 - val_loss: 5.7552 - val_accuracy: 0.2000 - lr: 1.0000e-05
Epoch 13/30
2/2 [==============================] - 1s 540ms/step - loss: 15.6329 - accuracy: 0.1833 - val_loss: 5.7511 - val_accuracy: 0.2000 - lr: 1.0000e-05
Epoch 14/30
2/2 [==============================] - 1s 630ms/step - loss: 15.2456 - accuracy: 0.1667 - val_loss: 5.7481 - val_accuracy: 0.2000 - lr: 1.0000e-05
Epoch 15/30
2/2 [==============================] - 1s 491ms/step - loss: 16.7259 - accuracy: 0.1333 - val_loss: 5.7457 - val_accuracy: 0.2000 - lr: 1.0000e-05
Epoch 16/30
2/2 [==============================] - 1s 639ms/step - loss: 15.6852 - accuracy: 0.2333 - val_loss: 5.7429 - val_accuracy: 0.0000e+00 - lr: 1.0000e-05
Epoch 17/30
2/2 [==============================] - 1s 592ms/step - loss: 13.5871 - accuracy: 0.2333 - val_loss: 5.7404 - val_accuracy: 0.2000 - lr: 1.0000e-05
Epoch 18/30
2/2 [==============================] - 1s 499ms/step - loss: 17.3744 - accuracy: 0.1333 - val_loss: 5.7379 - val_accuracy: 0.2000 - lr: 1.0000e-05
Epoch 19/30
2/2 [==============================] - 1s 625ms/step - loss: 18.6659 - accuracy: 0.1167 - val_loss: 5.7355 - val_accuracy: 0.2000 - lr: 1.0000e-05
Epoch 20/30
2/2 [==============================] - 1s 617ms/step - loss: 16.3962 - accuracy: 0.2500 - val_loss: 5.7339 - val_accuracy: 0.2000 - lr: 1.0000e-05
Epoch 21/30
2/2 [==============================] - 1s 583ms/step - loss: 16.9473 - accuracy: 0.1500 - val_loss: 5.7333 - val_accuracy: 0.2000 - lr: 1.0000e-05
Epoch 22/30
2/2 [==============================] - 1s 508ms/step - loss: 14.7073 - accuracy: 0.2500 - val_loss: 5.7325 - val_accuracy: 0.2000 - lr: 1.0000e-05
Epoch 23/30
2/2 [==============================] - 1s 507ms/step - loss: 14.4643 - accuracy: 0.2000 - val_loss: 5.7310 - val_accuracy: 0.2000 - lr: 1.0000e-05
Epoch 24/30
2/2 [==============================] - 1s 583ms/step - loss: 14.3767 - accuracy: 0.2000 - val_loss: 5.7300 - val_accuracy: 0.2000 - lr: 1.0000e-05
Epoch 25/30
2/2 [==============================] - 1s 609ms/step - loss: 14.1422 - accuracy: 0.2000 - val_loss: 5.7288 - val_accuracy: 0.2000 - lr: 1.0000e-05
Epoch 26/30
2/2 [==============================] - 1s 661ms/step - loss: 16.7935 - accuracy: 0.1000 - val_loss: 5.7275 - val_accuracy: 0.2000 - lr: 1.0000e-05
Epoch 27/30
2/2 [==============================] - 1s 576ms/step - loss: 15.1031 - accuracy: 0.1500 - val_loss: 5.7267 - val_accuracy: 0.2000 - lr: 1.0000e-05
Epoch 28/30
2/2 [==============================] - 1s 626ms/step - loss: 16.6757 - accuracy: 0.1500 - val_loss: 5.7259 - val_accuracy: 0.2000 - lr: 1.0000e-05
Epoch 29/30
2/2 [==============================] - 1s 630ms/step - loss: 14.2774 - accuracy: 0.2167 - val_loss: 5.7257 - val_accuracy: 0.2000 - lr: 1.0000e-05
Epoch 30/30
2/2 [==============================] - 1s 559ms/step - loss: 16.4155 - accuracy: 0.1333 - val_loss: 5.7256 - val_accuracy: 0.2000 - lr: 1.0000e-05
Evaluating the model...
1/1 [==============================] - 0s 128ms/step - loss: 5.7386 - accuracy: 0.2857
Test accuracy: 0.2857142984867096, Validation loss: 5.7256011962890625
Saving results to CSV...

Running training with params: (1e-05, 0.8, 16, 60, 0.5, 20)
Loading training data...
Found 60 images belonging to 6 classes.
Loading validation data...
Found 5 images belonging to 6 classes.
Loading test data...
Found 7 images belonging to 6 classes.
Number of classes: 6
Computing class weights...
Class weights: {0: 1.0, 1: 1.0, 2: 1.0, 3: 1.0, 4: 1.0, 5: 1.0}
Creating model with learning rate: 1e-05, dropout: 0.8, filters: 16
Model created and compiled.
Training the model...
Epoch 1/20
2/2 [==============================] - 2s 777ms/step - loss: 14.3448 - accuracy: 0.1333 - val_loss: 5.7338 - val_accuracy: 0.4000 - lr: 1.0000e-05
Epoch 2/20
2/2 [==============================] - 1s 570ms/step - loss: 17.0404 - accuracy: 0.1000 - val_loss: 5.7408 - val_accuracy: 0.4000 - lr: 1.0000e-05
Epoch 3/20
2/2 [==============================] - 1s 611ms/step - loss: 17.2865 - accuracy: 0.1167 - val_loss: 5.7474 - val_accuracy: 0.2000 - lr: 1.0000e-05
Evaluating the model...
1/1 [==============================] - 0s 119ms/step - loss: 5.7851 - accuracy: 0.1429
Test accuracy: 0.1428571492433548, Validation loss: 5.733762741088867
Saving results to CSV...

Running training with params: (1e-05, 0.8, 16, 60, 0.5, 30)
Loading training data...
Found 60 images belonging to 6 classes.
Loading validation data...
Found 5 images belonging to 6 classes.
Loading test data...
Found 7 images belonging to 6 classes.
Number of classes: 6
Computing class weights...
Class weights: {0: 1.0, 1: 1.0, 2: 1.0, 3: 1.0, 4: 1.0, 5: 1.0}
Creating model with learning rate: 1e-05, dropout: 0.8, filters: 16
Model created and compiled.
Training the model...
Epoch 1/30
2/2 [==============================] - 2s 858ms/step - loss: 18.3932 - accuracy: 0.0500 - val_loss: 5.7997 - val_accuracy: 0.2000 - lr: 1.0000e-05
Epoch 2/30
2/2 [==============================] - 1s 603ms/step - loss: 14.5697 - accuracy: 0.2667 - val_loss: 5.7947 - val_accuracy: 0.2000 - lr: 1.0000e-05
Epoch 3/30
2/2 [==============================] - 1s 538ms/step - loss: 16.5892 - accuracy: 0.1833 - val_loss: 5.7911 - val_accuracy: 0.2000 - lr: 1.0000e-05
Epoch 4/30
2/2 [==============================] - 1s 516ms/step - loss: 17.8936 - accuracy: 0.1667 - val_loss: 5.7908 - val_accuracy: 0.2000 - lr: 1.0000e-05
Epoch 5/30
2/2 [==============================] - 1s 505ms/step - loss: 18.0092 - accuracy: 0.1333 - val_loss: 5.7922 - val_accuracy: 0.2000 - lr: 1.0000e-05
Epoch 6/30
2/2 [==============================] - 1s 595ms/step - loss: 17.2878 - accuracy: 0.1333 - val_loss: 5.7949 - val_accuracy: 0.2000 - lr: 1.0000e-05
Evaluating the model...
1/1 [==============================] - 0s 117ms/step - loss: 5.8046 - accuracy: 0.2857
Test accuracy: 0.2857142984867096, Validation loss: 5.790774822235107
Saving results to CSV...

Running training with params: (1e-05, 0.8, 32, 50, 0.3, 20)
Loading training data...
Found 60 images belonging to 6 classes.
Loading validation data...
Found 5 images belonging to 6 classes.
Loading test data...
Found 7 images belonging to 6 classes.
Number of classes: 6
Computing class weights...
Class weights: {0: 1.0, 1: 1.0, 2: 1.0, 3: 1.0, 4: 1.0, 5: 1.0}
Creating model with learning rate: 1e-05, dropout: 0.8, filters: 32
Model created and compiled.
Training the model...
Epoch 1/20
2/2 [==============================] - 3s 959ms/step - loss: 17.8530 - accuracy: 0.1833 - val_loss: 6.2804 - val_accuracy: 0.0000e+00 - lr: 1.0000e-05
Epoch 2/20
2/2 [==============================] - 2s 767ms/step - loss: 18.5456 - accuracy: 0.1333 - val_loss: 6.2832 - val_accuracy: 0.0000e+00 - lr: 1.0000e-05
Epoch 3/20
2/2 [==============================] - 1s 619ms/step - loss: 15.7532 - accuracy: 0.2167 - val_loss: 6.2833 - val_accuracy: 0.0000e+00 - lr: 1.0000e-05
Evaluating the model...
1/1 [==============================] - 0s 133ms/step - loss: 6.2636 - accuracy: 0.2857
Test accuracy: 0.2857142984867096, Validation loss: 6.280401229858398
Saving results to CSV...

Running training with params: (1e-05, 0.8, 32, 50, 0.3, 30)
Loading training data...
Found 60 images belonging to 6 classes.
Loading validation data...
Found 5 images belonging to 6 classes.
Loading test data...
Found 7 images belonging to 6 classes.
Number of classes: 6
Computing class weights...
Class weights: {0: 1.0, 1: 1.0, 2: 1.0, 3: 1.0, 4: 1.0, 5: 1.0}
Creating model with learning rate: 1e-05, dropout: 0.8, filters: 32
Model created and compiled.
Training the model...
Epoch 1/30
2/2 [==============================] - 3s 911ms/step - loss: 17.5603 - accuracy: 0.1667 - val_loss: 6.2697 - val_accuracy: 0.2000 - lr: 1.0000e-05
Epoch 2/30
2/2 [==============================] - 2s 738ms/step - loss: 17.0907 - accuracy: 0.2500 - val_loss: 6.2611 - val_accuracy: 0.2000 - lr: 1.0000e-05
Epoch 3/30
2/2 [==============================] - 2s 854ms/step - loss: 17.8462 - accuracy: 0.1167 - val_loss: 6.2570 - val_accuracy: 0.2000 - lr: 1.0000e-05
Epoch 4/30
2/2 [==============================] - 2s 627ms/step - loss: 16.3381 - accuracy: 0.2333 - val_loss: 6.2521 - val_accuracy: 0.2000 - lr: 1.0000e-05
Epoch 5/30
2/2 [==============================] - 2s 772ms/step - loss: 17.7678 - accuracy: 0.1667 - val_loss: 6.2478 - val_accuracy: 0.2000 - lr: 1.0000e-05
Epoch 6/30
2/2 [==============================] - 1s 719ms/step - loss: 16.9004 - accuracy: 0.2167 - val_loss: 6.2408 - val_accuracy: 0.2000 - lr: 1.0000e-05
Epoch 7/30
2/2 [==============================] - 1s 743ms/step - loss: 18.1102 - accuracy: 0.0833 - val_loss: 6.2355 - val_accuracy: 0.2000 - lr: 1.0000e-05
Epoch 8/30
2/2 [==============================] - 1s 615ms/step - loss: 16.7383 - accuracy: 0.1500 - val_loss: 6.2316 - val_accuracy: 0.2000 - lr: 1.0000e-05
Epoch 9/30
2/2 [==============================] - 2s 795ms/step - loss: 16.9785 - accuracy: 0.1500 - val_loss: 6.2293 - val_accuracy: 0.4000 - lr: 1.0000e-05
Epoch 10/30
2/2 [==============================] - 1s 596ms/step - loss: 17.6622 - accuracy: 0.1167 - val_loss: 6.2279 - val_accuracy: 0.4000 - lr: 1.0000e-05
Epoch 11/30
2/2 [==============================] - 1s 726ms/step - loss: 16.4123 - accuracy: 0.2333 - val_loss: 6.2244 - val_accuracy: 0.4000 - lr: 1.0000e-05
Epoch 12/30
2/2 [==============================] - 1s 702ms/step - loss: 15.2619 - accuracy: 0.1833 - val_loss: 6.2212 - val_accuracy: 0.4000 - lr: 1.0000e-05
Epoch 13/30
2/2 [==============================] - 2s 663ms/step - loss: 14.6051 - accuracy: 0.1500 - val_loss: 6.2175 - val_accuracy: 0.4000 - lr: 1.0000e-05
Epoch 14/30
2/2 [==============================] - 1s 715ms/step - loss: 18.1981 - accuracy: 0.1000 - val_loss: 6.2133 - val_accuracy: 0.4000 - lr: 1.0000e-05
Epoch 15/30
2/2 [==============================] - 1s 644ms/step - loss: 15.8722 - accuracy: 0.1833 - val_loss: 6.2086 - val_accuracy: 0.2000 - lr: 1.0000e-05
Epoch 16/30
2/2 [==============================] - 1s 674ms/step - loss: 19.9931 - accuracy: 0.1167 - val_loss: 6.2041 - val_accuracy: 0.2000 - lr: 1.0000e-05
Epoch 17/30
2/2 [==============================] - 2s 749ms/step - loss: 15.2279 - accuracy: 0.1667 - val_loss: 6.1989 - val_accuracy: 0.2000 - lr: 1.0000e-05
Epoch 18/30
2/2 [==============================] - 1s 709ms/step - loss: 17.1706 - accuracy: 0.1833 - val_loss: 6.1935 - val_accuracy: 0.2000 - lr: 1.0000e-05
Epoch 19/30
2/2 [==============================] - 1s 636ms/step - loss: 15.5177 - accuracy: 0.2000 - val_loss: 6.1881 - val_accuracy: 0.2000 - lr: 1.0000e-05
Epoch 20/30
2/2 [==============================] - 1s 747ms/step - loss: 17.9419 - accuracy: 0.1000 - val_loss: 6.1826 - val_accuracy: 0.2000 - lr: 1.0000e-05
Epoch 21/30
2/2 [==============================] - 2s 778ms/step - loss: 16.4941 - accuracy: 0.3000 - val_loss: 6.1774 - val_accuracy: 0.4000 - lr: 1.0000e-05
Epoch 22/30
2/2 [==============================] - 1s 608ms/step - loss: 17.2579 - accuracy: 0.1167 - val_loss: 6.1724 - val_accuracy: 0.4000 - lr: 1.0000e-05
Epoch 23/30
2/2 [==============================] - 1s 750ms/step - loss: 17.4892 - accuracy: 0.1667 - val_loss: 6.1676 - val_accuracy: 0.4000 - lr: 1.0000e-05
Epoch 24/30
2/2 [==============================] - 1s 732ms/step - loss: 14.5308 - accuracy: 0.2167 - val_loss: 6.1628 - val_accuracy: 0.4000 - lr: 1.0000e-05
Epoch 25/30
2/2 [==============================] - 1s 611ms/step - loss: 17.7456 - accuracy: 0.1500 - val_loss: 6.1593 - val_accuracy: 0.4000 - lr: 1.0000e-05
Epoch 26/30
2/2 [==============================] - 1s 597ms/step - loss: 16.0915 - accuracy: 0.1000 - val_loss: 6.1559 - val_accuracy: 0.4000 - lr: 1.0000e-05
Epoch 27/30
2/2 [==============================] - 1s 632ms/step - loss: 16.8399 - accuracy: 0.2000 - val_loss: 6.1523 - val_accuracy: 0.4000 - lr: 1.0000e-05
Epoch 28/30
2/2 [==============================] - 1s 718ms/step - loss: 16.4161 - accuracy: 0.1500 - val_loss: 6.1496 - val_accuracy: 0.4000 - lr: 1.0000e-05
Epoch 29/30
2/2 [==============================] - 1s 613ms/step - loss: 14.5323 - accuracy: 0.1500 - val_loss: 6.1471 - val_accuracy: 0.4000 - lr: 1.0000e-05
Epoch 30/30
2/2 [==============================] - 2s 770ms/step - loss: 15.4620 - accuracy: 0.1833 - val_loss: 6.1447 - val_accuracy: 0.4000 - lr: 1.0000e-05
Evaluating the model...
1/1 [==============================] - 0s 148ms/step - loss: 6.3363 - accuracy: 0.1429
Test accuracy: 0.1428571492433548, Validation loss: 6.144695281982422
Saving results to CSV...

Running training with params: (1e-05, 0.8, 32, 50, 0.5, 20)
Loading training data...
Found 60 images belonging to 6 classes.
Loading validation data...
Found 5 images belonging to 6 classes.
Loading test data...
Found 7 images belonging to 6 classes.
Number of classes: 6
Computing class weights...
Class weights: {0: 1.0, 1: 1.0, 2: 1.0, 3: 1.0, 4: 1.0, 5: 1.0}
Creating model with learning rate: 1e-05, dropout: 0.8, filters: 32
Model created and compiled.
Training the model...
Epoch 1/20
2/2 [==============================] - 3s 810ms/step - loss: 15.1595 - accuracy: 0.2000 - val_loss: 6.3044 - val_accuracy: 0.0000e+00 - lr: 1.0000e-05
Epoch 2/20
2/2 [==============================] - 1s 611ms/step - loss: 17.8962 - accuracy: 0.1167 - val_loss: 6.3013 - val_accuracy: 0.0000e+00 - lr: 1.0000e-05
Epoch 3/20
2/2 [==============================] - 1s 602ms/step - loss: 16.5019 - accuracy: 0.2000 - val_loss: 6.2994 - val_accuracy: 0.0000e+00 - lr: 1.0000e-05
Epoch 4/20
2/2 [==============================] - 1s 601ms/step - loss: 14.8168 - accuracy: 0.2167 - val_loss: 6.2998 - val_accuracy: 0.0000e+00 - lr: 1.0000e-05
Epoch 5/20
2/2 [==============================] - 1s 619ms/step - loss: 16.5461 - accuracy: 0.2000 - val_loss: 6.3007 - val_accuracy: 0.0000e+00 - lr: 1.0000e-05
Evaluating the model...
1/1 [==============================] - 0s 144ms/step - loss: 6.2895 - accuracy: 0.1429
Test accuracy: 0.1428571492433548, Validation loss: 6.299430847167969
Saving results to CSV...

Running training with params: (1e-05, 0.8, 32, 50, 0.5, 30)
Loading training data...
Found 60 images belonging to 6 classes.
Loading validation data...
Found 5 images belonging to 6 classes.
Loading test data...
Found 7 images belonging to 6 classes.
Number of classes: 6
Computing class weights...
Class weights: {0: 1.0, 1: 1.0, 2: 1.0, 3: 1.0, 4: 1.0, 5: 1.0}
Creating model with learning rate: 1e-05, dropout: 0.8, filters: 32
Model created and compiled.
Training the model...
Epoch 1/30
2/2 [==============================] - 3s 897ms/step - loss: 17.4532 - accuracy: 0.1500 - val_loss: 6.3494 - val_accuracy: 0.0000e+00 - lr: 1.0000e-05
Epoch 2/30
2/2 [==============================] - 1s 616ms/step - loss: 16.7497 - accuracy: 0.1167 - val_loss: 6.3313 - val_accuracy: 0.0000e+00 - lr: 1.0000e-05
Epoch 3/30
2/2 [==============================] - 1s 596ms/step - loss: 18.7442 - accuracy: 0.1667 - val_loss: 6.3170 - val_accuracy: 0.0000e+00 - lr: 1.0000e-05
Epoch 4/30
2/2 [==============================] - 1s 698ms/step - loss: 17.4042 - accuracy: 0.1667 - val_loss: 6.3058 - val_accuracy: 0.0000e+00 - lr: 1.0000e-05
Epoch 5/30
2/2 [==============================] - 1s 725ms/step - loss: 19.4586 - accuracy: 0.1333 - val_loss: 6.2971 - val_accuracy: 0.0000e+00 - lr: 1.0000e-05
Epoch 6/30
2/2 [==============================] - 1s 749ms/step - loss: 17.3121 - accuracy: 0.1667 - val_loss: 6.2914 - val_accuracy: 0.2000 - lr: 1.0000e-05
Epoch 7/30
2/2 [==============================] - 1s 786ms/step - loss: 17.8615 - accuracy: 0.1333 - val_loss: 6.2855 - val_accuracy: 0.2000 - lr: 1.0000e-05
Epoch 8/30
2/2 [==============================] - 1s 692ms/step - loss: 15.6855 - accuracy: 0.1167 - val_loss: 6.2805 - val_accuracy: 0.4000 - lr: 1.0000e-05
Epoch 9/30
2/2 [==============================] - 1s 599ms/step - loss: 16.1914 - accuracy: 0.1833 - val_loss: 6.2766 - val_accuracy: 0.4000 - lr: 1.0000e-05
Epoch 10/30
2/2 [==============================] - 1s 798ms/step - loss: 16.6747 - accuracy: 0.2000 - val_loss: 6.2731 - val_accuracy: 0.2000 - lr: 1.0000e-05
Epoch 11/30
2/2 [==============================] - 1s 731ms/step - loss: 15.8489 - accuracy: 0.1500 - val_loss: 6.2722 - val_accuracy: 0.2000 - lr: 1.0000e-05
Epoch 12/30
2/2 [==============================] - 1s 708ms/step - loss: 15.2481 - accuracy: 0.2333 - val_loss: 6.2734 - val_accuracy: 0.2000 - lr: 1.0000e-05
Epoch 13/30
2/2 [==============================] - 1s 710ms/step - loss: 14.7505 - accuracy: 0.2000 - val_loss: 6.2757 - val_accuracy: 0.2000 - lr: 1.0000e-05
Evaluating the model...
1/1 [==============================] - 0s 126ms/step - loss: 6.2520 - accuracy: 0.2857
Test accuracy: 0.2857142984867096, Validation loss: 6.272235870361328
Saving results to CSV...

Running training with params: (1e-05, 0.8, 32, 60, 0.3, 20)
Loading training data...
Found 60 images belonging to 6 classes.
Loading validation data...
Found 5 images belonging to 6 classes.
Loading test data...
Found 7 images belonging to 6 classes.
Number of classes: 6
Computing class weights...
Class weights: {0: 1.0, 1: 1.0, 2: 1.0, 3: 1.0, 4: 1.0, 5: 1.0}
Creating model with learning rate: 1e-05, dropout: 0.8, filters: 32
Model created and compiled.
Training the model...
Epoch 1/20
2/2 [==============================] - 3s 926ms/step - loss: 14.7578 - accuracy: 0.1667 - val_loss: 6.2773 - val_accuracy: 0.0000e+00 - lr: 1.0000e-05
Epoch 2/20
2/2 [==============================] - 1s 691ms/step - loss: 15.2275 - accuracy: 0.1833 - val_loss: 6.2737 - val_accuracy: 0.0000e+00 - lr: 1.0000e-05
Epoch 3/20
2/2 [==============================] - 1s 704ms/step - loss: 15.6771 - accuracy: 0.1667 - val_loss: 6.2735 - val_accuracy: 0.0000e+00 - lr: 1.0000e-05
Epoch 4/20
2/2 [==============================] - 1s 726ms/step - loss: 14.6797 - accuracy: 0.1500 - val_loss: 6.2732 - val_accuracy: 0.2000 - lr: 1.0000e-05
Epoch 5/20
2/2 [==============================] - 2s 742ms/step - loss: 15.4636 - accuracy: 0.1833 - val_loss: 6.2750 - val_accuracy: 0.2000 - lr: 1.0000e-05
Epoch 6/20
2/2 [==============================] - 2s 770ms/step - loss: 15.4715 - accuracy: 0.1667 - val_loss: 6.2756 - val_accuracy: 0.0000e+00 - lr: 1.0000e-05
Evaluating the model...
1/1 [==============================] - 0s 141ms/step - loss: 6.2597 - accuracy: 0.2857
Test accuracy: 0.2857142984867096, Validation loss: 6.273235321044922
Saving results to CSV...

Running training with params: (1e-05, 0.8, 32, 60, 0.3, 30)
Loading training data...
Found 60 images belonging to 6 classes.
Loading validation data...
Found 5 images belonging to 6 classes.
Loading test data...
Found 7 images belonging to 6 classes.
Number of classes: 6
Computing class weights...
Class weights: {0: 1.0, 1: 1.0, 2: 1.0, 3: 1.0, 4: 1.0, 5: 1.0}
Creating model with learning rate: 1e-05, dropout: 0.8, filters: 32
Model created and compiled.
Training the model...
Epoch 1/30
2/2 [==============================] - 2s 825ms/step - loss: 16.8289 - accuracy: 0.1167 - val_loss: 6.2718 - val_accuracy: 0.2000 - lr: 1.0000e-05
Epoch 2/30
2/2 [==============================] - 1s 751ms/step - loss: 18.7292 - accuracy: 0.1667 - val_loss: 6.2691 - val_accuracy: 0.2000 - lr: 1.0000e-05
Epoch 3/30
2/2 [==============================] - 1s 625ms/step - loss: 15.4868 - accuracy: 0.1333 - val_loss: 6.2642 - val_accuracy: 0.2000 - lr: 1.0000e-05
Epoch 4/30
2/2 [==============================] - 1s 619ms/step - loss: 15.0077 - accuracy: 0.2000 - val_loss: 6.2577 - val_accuracy: 0.2000 - lr: 1.0000e-05
Epoch 5/30
2/2 [==============================] - 1s 643ms/step - loss: 18.3289 - accuracy: 0.1667 - val_loss: 6.2509 - val_accuracy: 0.2000 - lr: 1.0000e-05
Epoch 6/30
2/2 [==============================] - 1s 587ms/step - loss: 15.0237 - accuracy: 0.2167 - val_loss: 6.2436 - val_accuracy: 0.2000 - lr: 1.0000e-05
Epoch 7/30
2/2 [==============================] - 1s 592ms/step - loss: 16.2821 - accuracy: 0.1333 - val_loss: 6.2384 - val_accuracy: 0.4000 - lr: 1.0000e-05
Epoch 8/30
2/2 [==============================] - 1s 723ms/step - loss: 15.9933 - accuracy: 0.3333 - val_loss: 6.2348 - val_accuracy: 0.4000 - lr: 1.0000e-05
Epoch 9/30
2/2 [==============================] - 1s 606ms/step - loss: 13.9298 - accuracy: 0.2667 - val_loss: 6.2311 - val_accuracy: 0.4000 - lr: 1.0000e-05
Epoch 10/30
2/2 [==============================] - 1s 700ms/step - loss: 14.4057 - accuracy: 0.2500 - val_loss: 6.2278 - val_accuracy: 0.4000 - lr: 1.0000e-05
Epoch 11/30
2/2 [==============================] - 1s 759ms/step - loss: 15.9296 - accuracy: 0.1500 - val_loss: 6.2243 - val_accuracy: 0.4000 - lr: 1.0000e-05
Epoch 12/30
2/2 [==============================] - 1s 728ms/step - loss: 17.9167 - accuracy: 0.1000 - val_loss: 6.2208 - val_accuracy: 0.4000 - lr: 1.0000e-05
Epoch 13/30
2/2 [==============================] - 1s 632ms/step - loss: 15.5571 - accuracy: 0.1167 - val_loss: 6.2178 - val_accuracy: 0.4000 - lr: 1.0000e-05
Epoch 14/30
2/2 [==============================] - 1s 609ms/step - loss: 18.9765 - accuracy: 0.2000 - val_loss: 6.2154 - val_accuracy: 0.4000 - lr: 1.0000e-05
Epoch 15/30
2/2 [==============================] - 1s 748ms/step - loss: 18.3587 - accuracy: 0.1667 - val_loss: 6.2124 - val_accuracy: 0.2000 - lr: 1.0000e-05
Epoch 16/30
2/2 [==============================] - 1s 735ms/step - loss: 16.3819 - accuracy: 0.2333 - val_loss: 6.2094 - val_accuracy: 0.2000 - lr: 1.0000e-05
Epoch 17/30
2/2 [==============================] - 2s 790ms/step - loss: 15.1306 - accuracy: 0.2333 - val_loss: 6.2062 - val_accuracy: 0.2000 - lr: 1.0000e-05
Epoch 18/30
2/2 [==============================] - 1s 739ms/step - loss: 16.3503 - accuracy: 0.1000 - val_loss: 6.2030 - val_accuracy: 0.2000 - lr: 1.0000e-05
Epoch 19/30
2/2 [==============================] - 1s 758ms/step - loss: 16.5672 - accuracy: 0.1833 - val_loss: 6.2004 - val_accuracy: 0.2000 - lr: 1.0000e-05
Epoch 20/30
2/2 [==============================] - 1s 668ms/step - loss: 17.5208 - accuracy: 0.1667 - val_loss: 6.1981 - val_accuracy: 0.2000 - lr: 1.0000e-05
Epoch 21/30
2/2 [==============================] - 1s 617ms/step - loss: 16.1766 - accuracy: 0.1667 - val_loss: 6.1963 - val_accuracy: 0.2000 - lr: 1.0000e-05
Epoch 22/30
2/2 [==============================] - 1s 738ms/step - loss: 17.3240 - accuracy: 0.1667 - val_loss: 6.1950 - val_accuracy: 0.2000 - lr: 1.0000e-05
Epoch 23/30
2/2 [==============================] - 1s 626ms/step - loss: 15.2481 - accuracy: 0.2000 - val_loss: 6.1938 - val_accuracy: 0.2000 - lr: 1.0000e-05
Epoch 24/30
2/2 [==============================] - 1s 725ms/step - loss: 14.0522 - accuracy: 0.1833 - val_loss: 6.1930 - val_accuracy: 0.2000 - lr: 1.0000e-05
Epoch 25/30
2/2 [==============================] - 1s 596ms/step - loss: 17.9896 - accuracy: 0.0833 - val_loss: 6.1932 - val_accuracy: 0.2000 - lr: 1.0000e-05
Epoch 26/30
2/2 [==============================] - 2s 755ms/step - loss: 16.3388 - accuracy: 0.2000 - val_loss: 6.1941 - val_accuracy: 0.2000 - lr: 1.0000e-05
Evaluating the model...
1/1 [==============================] - 0s 134ms/step - loss: 6.3300 - accuracy: 0.1429
Test accuracy: 0.1428571492433548, Validation loss: 6.192994117736816
Saving results to CSV...

Running training with params: (1e-05, 0.8, 32, 60, 0.5, 20)
Loading training data...
Found 60 images belonging to 6 classes.
Loading validation data...
Found 5 images belonging to 6 classes.
Loading test data...
Found 7 images belonging to 6 classes.
Number of classes: 6
Computing class weights...
Class weights: {0: 1.0, 1: 1.0, 2: 1.0, 3: 1.0, 4: 1.0, 5: 1.0}
Creating model with learning rate: 1e-05, dropout: 0.8, filters: 32
Model created and compiled.
Training the model...
Epoch 1/20
2/2 [==============================] - 3s 976ms/step - loss: 14.5090 - accuracy: 0.2167 - val_loss: 6.2510 - val_accuracy: 0.4000 - lr: 1.0000e-05
Epoch 2/20
2/2 [==============================] - 1s 733ms/step - loss: 15.4285 - accuracy: 0.1667 - val_loss: 6.2476 - val_accuracy: 0.6000 - lr: 1.0000e-05
Epoch 3/20
2/2 [==============================] - 1s 718ms/step - loss: 15.5570 - accuracy: 0.1333 - val_loss: 6.2462 - val_accuracy: 0.6000 - lr: 1.0000e-05
Epoch 4/20
2/2 [==============================] - 1s 723ms/step - loss: 18.8362 - accuracy: 0.1833 - val_loss: 6.2456 - val_accuracy: 0.4000 - lr: 1.0000e-05
Epoch 5/20
2/2 [==============================] - 1s 773ms/step - loss: 17.1599 - accuracy: 0.1500 - val_loss: 6.2448 - val_accuracy: 0.4000 - lr: 1.0000e-05
Epoch 6/20
2/2 [==============================] - 1s 715ms/step - loss: 15.6719 - accuracy: 0.2167 - val_loss: 6.2431 - val_accuracy: 0.2000 - lr: 1.0000e-05
Epoch 7/20
2/2 [==============================] - 1s 716ms/step - loss: 18.6120 - accuracy: 0.1333 - val_loss: 6.2427 - val_accuracy: 0.2000 - lr: 1.0000e-05
Epoch 8/20
2/2 [==============================] - 1s 625ms/step - loss: 16.7630 - accuracy: 0.1833 - val_loss: 6.2423 - val_accuracy: 0.2000 - lr: 1.0000e-05
Epoch 9/20
2/2 [==============================] - 1s 607ms/step - loss: 16.0337 - accuracy: 0.1333 - val_loss: 6.2401 - val_accuracy: 0.2000 - lr: 1.0000e-05
Epoch 10/20
2/2 [==============================] - 1s 601ms/step - loss: 15.7257 - accuracy: 0.1333 - val_loss: 6.2370 - val_accuracy: 0.4000 - lr: 1.0000e-05
Epoch 11/20
2/2 [==============================] - 1s 734ms/step - loss: 19.2731 - accuracy: 0.1167 - val_loss: 6.2337 - val_accuracy: 0.2000 - lr: 1.0000e-05
Epoch 12/20
2/2 [==============================] - 1s 728ms/step - loss: 16.4880 - accuracy: 0.1500 - val_loss: 6.2294 - val_accuracy: 0.2000 - lr: 1.0000e-05
Epoch 13/20
2/2 [==============================] - 1s 611ms/step - loss: 16.9506 - accuracy: 0.1500 - val_loss: 6.2251 - val_accuracy: 0.4000 - lr: 1.0000e-05
Epoch 14/20
2/2 [==============================] - 1s 736ms/step - loss: 16.9788 - accuracy: 0.1000 - val_loss: 6.2205 - val_accuracy: 0.4000 - lr: 1.0000e-05
Epoch 15/20
2/2 [==============================] - 1s 732ms/step - loss: 18.0177 - accuracy: 0.1333 - val_loss: 6.2158 - val_accuracy: 0.4000 - lr: 1.0000e-05
Epoch 16/20
2/2 [==============================] - 1s 740ms/step - loss: 14.4157 - accuracy: 0.2667 - val_loss: 6.2102 - val_accuracy: 0.4000 - lr: 1.0000e-05
Epoch 17/20
2/2 [==============================] - 1s 737ms/step - loss: 14.3842 - accuracy: 0.1833 - val_loss: 6.2041 - val_accuracy: 0.4000 - lr: 1.0000e-05
Epoch 18/20
2/2 [==============================] - 1s 626ms/step - loss: 16.3437 - accuracy: 0.1833 - val_loss: 6.1978 - val_accuracy: 0.4000 - lr: 1.0000e-05
Epoch 19/20
2/2 [==============================] - 1s 746ms/step - loss: 16.8205 - accuracy: 0.1167 - val_loss: 6.1913 - val_accuracy: 0.4000 - lr: 1.0000e-05
Epoch 20/20
2/2 [==============================] - 1s 687ms/step - loss: 15.7906 - accuracy: 0.2167 - val_loss: 6.1842 - val_accuracy: 0.4000 - lr: 1.0000e-05
Evaluating the model...
1/1 [==============================] - 0s 126ms/step - loss: 6.1881 - accuracy: 0.4286
Test accuracy: 0.4285714328289032, Validation loss: 6.184234619140625
Saving results to CSV...

Running training with params: (1e-05, 0.8, 32, 60, 0.5, 30)
Loading training data...
Found 60 images belonging to 6 classes.
Loading validation data...
Found 5 images belonging to 6 classes.
Loading test data...
Found 7 images belonging to 6 classes.
Number of classes: 6
Computing class weights...
Class weights: {0: 1.0, 1: 1.0, 2: 1.0, 3: 1.0, 4: 1.0, 5: 1.0}
Creating model with learning rate: 1e-05, dropout: 0.8, filters: 32
Model created and compiled.
Training the model...
Epoch 1/30
2/2 [==============================] - 3s 854ms/step - loss: 16.0741 - accuracy: 0.2167 - val_loss: 6.2910 - val_accuracy: 0.0000e+00 - lr: 1.0000e-05
Epoch 2/30
2/2 [==============================] - 1s 727ms/step - loss: 17.7286 - accuracy: 0.1167 - val_loss: 6.2862 - val_accuracy: 0.0000e+00 - lr: 1.0000e-05
Epoch 3/30
2/2 [==============================] - 1s 756ms/step - loss: 14.6976 - accuracy: 0.2500 - val_loss: 6.2826 - val_accuracy: 0.2000 - lr: 1.0000e-05
Epoch 4/30
2/2 [==============================] - 1s 619ms/step - loss: 15.5372 - accuracy: 0.1667 - val_loss: 6.2811 - val_accuracy: 0.2000 - lr: 1.0000e-05
Epoch 5/30
2/2 [==============================] - 1s 760ms/step - loss: 16.8207 - accuracy: 0.1500 - val_loss: 6.2835 - val_accuracy: 0.2000 - lr: 1.0000e-05
Epoch 6/30
2/2 [==============================] - 1s 733ms/step - loss: 17.6932 - accuracy: 0.1500 - val_loss: 6.2869 - val_accuracy: 0.2000 - lr: 1.0000e-05
Evaluating the model...
1/1 [==============================] - 0s 136ms/step - loss: 6.2750 - accuracy: 0.0000e+00
Test accuracy: 0.0, Validation loss: 6.281126022338867
Saving results to CSV...
All experiments completed.

Process finished with exit code 0

Data check passed for directory: 'C:/Users/tom.zbc/PycharmProjects/fungis_bacterias_project/data/train'
Class 'Aero' meets the sample requirement.
Warning: Class 'Bacillus' has only 0 samples, expected at least 2.
Warning: Class 'Bor' has only 1 samples, expected at least 2.
Warning: Class 'E' has only 0 samples, expected at least 2.
Warning: Class 'Morganella' has only 1 samples, expected at least 2.
Warning: Class 'stapholococcus' has only 1 samples, expected at least 2.
Data check passed for directory: 'C:/Users/tom.zbc/PycharmProjects/fungis_bacterias_project/data/validation'
Class 'Aero' meets the sample requirement.
Warning: Class 'Bacillus' has only 1 samples, expected at least 2.
Warning: Class 'Bor' has only 0 samples, expected at least 2.
Warning: Class 'E' has only 0 samples, expected at least 2.
Warning: Class 'Morganella' has only 1 samples, expected at least 2.
Class 'stapholococcus' meets the sample requirement.
Data check passed for directory: 'C:/Users/tom.zbc/PycharmProjects/fungis_bacterias_project/data/test'
Data integrity check complete.

Running training with params: (0.0005, 0.6, 16, 50, 0.3, 20)
Loading training data...
Found 60 images belonging to 6 classes.
Loading validation data...
Found 5 images belonging to 6 classes.
Loading test data...
Found 7 images belonging to 6 classes.
Number of classes: 6
Computing class weights...
Class weights: {0: 1.0, 1: 1.0, 2: 1.0, 3: 1.0, 4: 1.0, 5: 1.0}
Creating model with learning rate: 0.0005, dropout: 0.6, filters: 16
2024-09-25 18:53:03.294320: I tensorflow/core/platform/cpu_feature_guard.cc:182] This TensorFlow binary is optimized to use available CPU instructions in performance-critical operations.
To enable the following instructions: SSE SSE2 SSE3 SSE4.1 SSE4.2 AVX AVX2 AVX_VNNI FMA, in other operations, rebuild TensorFlow with the appropriate compiler flags.
Model created and compiled.
Training the model...
Epoch 1/20
2/2 [==============================] - 3s 913ms/step - loss: 10.0148 - accuracy: 0.1500 - val_loss: 5.7730 - val_accuracy: 0.0000e+00 - lr: 5.0000e-04
Epoch 2/20
2/2 [==============================] - 1s 601ms/step - loss: 10.5472 - accuracy: 0.1333 - val_loss: 5.7496 - val_accuracy: 0.2000 - lr: 5.0000e-04
Epoch 3/20
2/2 [==============================] - 1s 770ms/step - loss: 10.7275 - accuracy: 0.2167 - val_loss: 5.7900 - val_accuracy: 0.2000 - lr: 5.0000e-04
Epoch 4/20
2/2 [==============================] - 1s 670ms/step - loss: 10.6524 - accuracy: 0.2833 - val_loss: 5.8089 - val_accuracy: 0.2000 - lr: 5.0000e-04
Evaluating the model...
1/1 [==============================] - 0s 165ms/step - loss: 5.7856 - accuracy: 0.1429
Test accuracy: 0.1428571492433548, Validation loss: 5.749584197998047
Saving results to CSV...

Running training with params: (0.0005, 0.6, 16, 50, 0.3, 30)
Loading training data...
Found 60 images belonging to 6 classes.
Loading validation data...
Found 5 images belonging to 6 classes.
Loading test data...
Found 7 images belonging to 6 classes.
Number of classes: 6
Computing class weights...
Class weights: {0: 1.0, 1: 1.0, 2: 1.0, 3: 1.0, 4: 1.0, 5: 1.0}
Creating model with learning rate: 0.0005, dropout: 0.6, filters: 16
Model created and compiled.
Training the model...
Epoch 1/30
2/2 [==============================] - 3s 962ms/step - loss: 10.4057 - accuracy: 0.1500 - val_loss: 5.8281 - val_accuracy: 0.2000 - lr: 5.0000e-04
Epoch 2/30
2/2 [==============================] - 1s 754ms/step - loss: 10.3940 - accuracy: 0.1833 - val_loss: 5.8546 - val_accuracy: 0.0000e+00 - lr: 5.0000e-04
Epoch 3/30
2/2 [==============================] - 1s 687ms/step - loss: 11.4467 - accuracy: 0.1333 - val_loss: 5.8580 - val_accuracy: 0.0000e+00 - lr: 5.0000e-04
Evaluating the model...
1/1 [==============================] - 0s 150ms/step - loss: 5.7920 - accuracy: 0.2857
Test accuracy: 0.2857142984867096, Validation loss: 5.828065872192383
Saving results to CSV...

Running training with params: (0.0005, 0.6, 16, 50, 0.5, 20)
Loading training data...
Found 60 images belonging to 6 classes.
Loading validation data...
Found 5 images belonging to 6 classes.
Loading test data...
Found 7 images belonging to 6 classes.
Number of classes: 6
Computing class weights...
Class weights: {0: 1.0, 1: 1.0, 2: 1.0, 3: 1.0, 4: 1.0, 5: 1.0}
Creating model with learning rate: 0.0005, dropout: 0.6, filters: 16
Model created and compiled.
Training the model...
Epoch 1/20
2/2 [==============================] - 3s 940ms/step - loss: 10.4449 - accuracy: 0.2167 - val_loss: 5.8141 - val_accuracy: 0.0000e+00 - lr: 5.0000e-04
Epoch 2/20
2/2 [==============================] - 1s 576ms/step - loss: 10.6988 - accuracy: 0.1833 - val_loss: 5.8346 - val_accuracy: 0.0000e+00 - lr: 5.0000e-04
Epoch 3/20
2/2 [==============================] - 1s 749ms/step - loss: 12.1600 - accuracy: 0.1333 - val_loss: 5.8332 - val_accuracy: 0.2000 - lr: 5.0000e-04
Evaluating the model...
1/1 [==============================] - 0s 175ms/step - loss: 5.8044 - accuracy: 0.0000e+00
Test accuracy: 0.0, Validation loss: 5.8141374588012695
Saving results to CSV...

Running training with params: (0.0005, 0.6, 16, 50, 0.5, 30)
Loading training data...
Found 60 images belonging to 6 classes.
Loading validation data...
Found 5 images belonging to 6 classes.
Loading test data...
Found 7 images belonging to 6 classes.
Number of classes: 6
Computing class weights...
Class weights: {0: 1.0, 1: 1.0, 2: 1.0, 3: 1.0, 4: 1.0, 5: 1.0}
Creating model with learning rate: 0.0005, dropout: 0.6, filters: 16
Model created and compiled.
Training the model...
Epoch 1/30
2/2 [==============================] - 3s 962ms/step - loss: 10.6756 - accuracy: 0.1500 - val_loss: 5.8495 - val_accuracy: 0.0000e+00 - lr: 5.0000e-04
Epoch 2/30
2/2 [==============================] - 1s 755ms/step - loss: 12.0589 - accuracy: 0.1500 - val_loss: 5.8401 - val_accuracy: 0.0000e+00 - lr: 5.0000e-04
Epoch 3/30
2/2 [==============================] - 1s 610ms/step - loss: 11.5147 - accuracy: 0.1667 - val_loss: 5.8544 - val_accuracy: 0.0000e+00 - lr: 5.0000e-04
Epoch 4/30
2/2 [==============================] - 1s 715ms/step - loss: 10.3349 - accuracy: 0.2500 - val_loss: 5.8756 - val_accuracy: 0.2000 - lr: 5.0000e-04
Evaluating the model...
1/1 [==============================] - 0s 165ms/step - loss: 5.8555 - accuracy: 0.0000e+00
Test accuracy: 0.0, Validation loss: 5.840092658996582
Saving results to CSV...

Running training with params: (0.0005, 0.6, 16, 60, 0.3, 20)
Loading training data...
Found 60 images belonging to 6 classes.
Loading validation data...
Found 5 images belonging to 6 classes.
Loading test data...
Found 7 images belonging to 6 classes.
Number of classes: 6
Computing class weights...
Class weights: {0: 1.0, 1: 1.0, 2: 1.0, 3: 1.0, 4: 1.0, 5: 1.0}
Creating model with learning rate: 0.0005, dropout: 0.6, filters: 16
Model created and compiled.
Training the model...
Epoch 1/20
2/2 [==============================] - 3s 1s/step - loss: 10.4983 - accuracy: 0.2333 - val_loss: 5.7711 - val_accuracy: 0.0000e+00 - lr: 5.0000e-04
Epoch 2/20
2/2 [==============================] - 2s 850ms/step - loss: 11.1975 - accuracy: 0.2333 - val_loss: 5.7736 - val_accuracy: 0.2000 - lr: 5.0000e-04
Epoch 3/20
2/2 [==============================] - 2s 742ms/step - loss: 9.6733 - accuracy: 0.2333 - val_loss: 5.8156 - val_accuracy: 0.2000 - lr: 5.0000e-04
Evaluating the model...
1/1 [==============================] - 0s 166ms/step - loss: 5.7034 - accuracy: 0.2857
Test accuracy: 0.2857142984867096, Validation loss: 5.771142959594727
Saving results to CSV...

Running training with params: (0.0005, 0.6, 16, 60, 0.3, 30)
Loading training data...
Found 60 images belonging to 6 classes.
Loading validation data...
Found 5 images belonging to 6 classes.
Loading test data...
Found 7 images belonging to 6 classes.
Number of classes: 6
Computing class weights...
Class weights: {0: 1.0, 1: 1.0, 2: 1.0, 3: 1.0, 4: 1.0, 5: 1.0}
Creating model with learning rate: 0.0005, dropout: 0.6, filters: 16
Model created and compiled.
Training the model...
Epoch 1/30
2/2 [==============================] - 3s 940ms/step - loss: 10.6133 - accuracy: 0.1167 - val_loss: 5.6942 - val_accuracy: 0.4000 - lr: 5.0000e-04
Epoch 2/30
2/2 [==============================] - 1s 588ms/step - loss: 12.1724 - accuracy: 0.2500 - val_loss: 5.7527 - val_accuracy: 0.2000 - lr: 5.0000e-04
Epoch 3/30
2/2 [==============================] - 1s 820ms/step - loss: 11.6972 - accuracy: 0.1667 - val_loss: 5.8650 - val_accuracy: 0.0000e+00 - lr: 5.0000e-04
Evaluating the model...
1/1 [==============================] - 0s 175ms/step - loss: 5.7461 - accuracy: 0.1429
Test accuracy: 0.1428571492433548, Validation loss: 5.694169521331787
Saving results to CSV...

Running training with params: (0.0005, 0.6, 16, 60, 0.5, 20)
Loading training data...
Found 60 images belonging to 6 classes.
Loading validation data...
Found 5 images belonging to 6 classes.
Loading test data...
Found 7 images belonging to 6 classes.
Number of classes: 6
Computing class weights...
Class weights: {0: 1.0, 1: 1.0, 2: 1.0, 3: 1.0, 4: 1.0, 5: 1.0}
Creating model with learning rate: 0.0005, dropout: 0.6, filters: 16
Model created and compiled.
Training the model...
Epoch 1/20
2/2 [==============================] - 3s 990ms/step - loss: 10.5042 - accuracy: 0.2000 - val_loss: 5.8420 - val_accuracy: 0.0000e+00 - lr: 5.0000e-04
Epoch 2/20
2/2 [==============================] - 1s 700ms/step - loss: 10.8785 - accuracy: 0.2500 - val_loss: 5.8622 - val_accuracy: 0.0000e+00 - lr: 5.0000e-04
Epoch 3/20
2/2 [==============================] - 1s 654ms/step - loss: 9.5210 - accuracy: 0.2500 - val_loss: 5.8419 - val_accuracy: 0.0000e+00 - lr: 5.0000e-04
Epoch 4/20
2/2 [==============================] - 1s 637ms/step - loss: 10.3824 - accuracy: 0.2000 - val_loss: 5.8668 - val_accuracy: 0.0000e+00 - lr: 5.0000e-04
Epoch 5/20
2/2 [==============================] - 1s 762ms/step - loss: 11.4103 - accuracy: 0.2000 - val_loss: 5.9205 - val_accuracy: 0.0000e+00 - lr: 5.0000e-04
Evaluating the model...
1/1 [==============================] - 0s 177ms/step - loss: 5.9167 - accuracy: 0.1429
Test accuracy: 0.1428571492433548, Validation loss: 5.841856956481934
Saving results to CSV...

Running training with params: (0.0005, 0.6, 16, 60, 0.5, 30)
Loading training data...
Found 60 images belonging to 6 classes.
Loading validation data...
Found 5 images belonging to 6 classes.
Loading test data...
Found 7 images belonging to 6 classes.
Number of classes: 6
Computing class weights...
Class weights: {0: 1.0, 1: 1.0, 2: 1.0, 3: 1.0, 4: 1.0, 5: 1.0}
Creating model with learning rate: 0.0005, dropout: 0.6, filters: 16
Model created and compiled.
Training the model...
Epoch 1/30
2/2 [==============================] - 3s 1s/step - loss: 11.1947 - accuracy: 0.0833 - val_loss: 5.7504 - val_accuracy: 0.2000 - lr: 5.0000e-04
Epoch 2/30
2/2 [==============================] - 2s 817ms/step - loss: 11.3006 - accuracy: 0.3000 - val_loss: 5.7986 - val_accuracy: 0.2000 - lr: 5.0000e-04
Epoch 3/30
2/2 [==============================] - 2s 862ms/step - loss: 11.1702 - accuracy: 0.2500 - val_loss: 5.8289 - val_accuracy: 0.2000 - lr: 5.0000e-04
Evaluating the model...
1/1 [==============================] - 0s 147ms/step - loss: 5.7779 - accuracy: 0.1429
Test accuracy: 0.1428571492433548, Validation loss: 5.7504072189331055
Saving results to CSV...

Running training with params: (0.0005, 0.6, 32, 50, 0.3, 20)
Loading training data...
Found 60 images belonging to 6 classes.
Loading validation data...
Found 5 images belonging to 6 classes.
Loading test data...
Found 7 images belonging to 6 classes.
Number of classes: 6
Computing class weights...
Class weights: {0: 1.0, 1: 1.0, 2: 1.0, 3: 1.0, 4: 1.0, 5: 1.0}
Creating model with learning rate: 0.0005, dropout: 0.6, filters: 32
Model created and compiled.
Training the model...
Epoch 1/20
2/2 [==============================] - 3s 1s/step - loss: 12.3526 - accuracy: 0.1500 - val_loss: 6.2808 - val_accuracy: 0.0000e+00 - lr: 5.0000e-04
Epoch 2/20
2/2 [==============================] - 2s 737ms/step - loss: 13.5660 - accuracy: 0.2167 - val_loss: 6.2722 - val_accuracy: 0.2000 - lr: 5.0000e-04
Epoch 3/20
2/2 [==============================] - 2s 914ms/step - loss: 12.9865 - accuracy: 0.2500 - val_loss: 6.2951 - val_accuracy: 0.2000 - lr: 5.0000e-04
Epoch 4/20
2/2 [==============================] - 2s 835ms/step - loss: 12.4052 - accuracy: 0.3500 - val_loss: 6.3394 - val_accuracy: 0.2000 - lr: 5.0000e-04
Evaluating the model...
1/1 [==============================] - 0s 182ms/step - loss: 6.2746 - accuracy: 0.1429
Test accuracy: 0.1428571492433548, Validation loss: 6.272222518920898
Saving results to CSV...

Running training with params: (0.0005, 0.6, 32, 50, 0.3, 30)
Loading training data...
Found 60 images belonging to 6 classes.
Loading validation data...
Found 5 images belonging to 6 classes.
Loading test data...
Found 7 images belonging to 6 classes.
Number of classes: 6
Computing class weights...
Class weights: {0: 1.0, 1: 1.0, 2: 1.0, 3: 1.0, 4: 1.0, 5: 1.0}
Creating model with learning rate: 0.0005, dropout: 0.6, filters: 32
Model created and compiled.
Training the model...
Epoch 1/30
2/2 [==============================] - 4s 2s/step - loss: 12.7038 - accuracy: 0.1167 - val_loss: 6.3804 - val_accuracy: 0.2000 - lr: 5.0000e-04
Epoch 2/30
2/2 [==============================] - 2s 716ms/step - loss: 10.9905 - accuracy: 0.3167 - val_loss: 6.3611 - val_accuracy: 0.2000 - lr: 5.0000e-04
Epoch 3/30
2/2 [==============================] - 2s 765ms/step - loss: 12.8592 - accuracy: 0.2000 - val_loss: 6.2092 - val_accuracy: 0.4000 - lr: 5.0000e-04
Epoch 4/30
2/2 [==============================] - 2s 926ms/step - loss: 14.5593 - accuracy: 0.1667 - val_loss: 6.2062 - val_accuracy: 0.4000 - lr: 5.0000e-04
Epoch 5/30
2/2 [==============================] - 2s 742ms/step - loss: 13.2013 - accuracy: 0.1833 - val_loss: 6.2911 - val_accuracy: 0.4000 - lr: 5.0000e-04
Epoch 6/30
2/2 [==============================] - 2s 780ms/step - loss: 13.3649 - accuracy: 0.1833 - val_loss: 6.4081 - val_accuracy: 0.2000 - lr: 5.0000e-04
Evaluating the model...
1/1 [==============================] - 0s 183ms/step - loss: 6.3678 - accuracy: 0.1429
Test accuracy: 0.1428571492433548, Validation loss: 6.206198692321777
Saving results to CSV...

Running training with params: (0.0005, 0.6, 32, 50, 0.5, 20)
Loading training data...
Found 60 images belonging to 6 classes.
Loading validation data...
Found 5 images belonging to 6 classes.
Loading test data...
Found 7 images belonging to 6 classes.
Number of classes: 6
Computing class weights...
Class weights: {0: 1.0, 1: 1.0, 2: 1.0, 3: 1.0, 4: 1.0, 5: 1.0}
Creating model with learning rate: 0.0005, dropout: 0.6, filters: 32
Model created and compiled.
Training the model...
Epoch 1/20
2/2 [==============================] - 3s 1s/step - loss: 11.2953 - accuracy: 0.0833 - val_loss: 6.2940 - val_accuracy: 0.2000 - lr: 5.0000e-04
Epoch 2/20
2/2 [==============================] - 2s 945ms/step - loss: 13.6417 - accuracy: 0.1833 - val_loss: 6.3992 - val_accuracy: 0.0000e+00 - lr: 5.0000e-04
Epoch 3/20
2/2 [==============================] - 2s 723ms/step - loss: 13.5246 - accuracy: 0.2500 - val_loss: 6.4249 - val_accuracy: 0.2000 - lr: 5.0000e-04
Evaluating the model...
1/1 [==============================] - 0s 177ms/step - loss: 6.2614 - accuracy: 0.1429
Test accuracy: 0.1428571492433548, Validation loss: 6.293956756591797
Saving results to CSV...

Running training with params: (0.0005, 0.6, 32, 50, 0.5, 30)
Loading training data...
Found 60 images belonging to 6 classes.
Loading validation data...
Found 5 images belonging to 6 classes.
Loading test data...
Found 7 images belonging to 6 classes.
Number of classes: 6
Computing class weights...
Class weights: {0: 1.0, 1: 1.0, 2: 1.0, 3: 1.0, 4: 1.0, 5: 1.0}
Creating model with learning rate: 0.0005, dropout: 0.6, filters: 32
Model created and compiled.
Training the model...
Epoch 1/30
2/2 [==============================] - 3s 1s/step - loss: 12.2647 - accuracy: 0.1500 - val_loss: 6.4210 - val_accuracy: 0.0000e+00 - lr: 5.0000e-04
Epoch 2/30
2/2 [==============================] - 2s 749ms/step - loss: 15.2022 - accuracy: 0.1333 - val_loss: 6.4738 - val_accuracy: 0.0000e+00 - lr: 5.0000e-04
Epoch 3/30
2/2 [==============================] - 2s 905ms/step - loss: 14.7311 - accuracy: 0.1500 - val_loss: 6.4764 - val_accuracy: 0.0000e+00 - lr: 5.0000e-04
Evaluating the model...
1/1 [==============================] - 0s 218ms/step - loss: 6.3978 - accuracy: 0.1429
Test accuracy: 0.1428571492433548, Validation loss: 6.42099142074585
Saving results to CSV...

Running training with params: (0.0005, 0.6, 32, 60, 0.3, 20)
Loading training data...
Found 60 images belonging to 6 classes.
Loading validation data...
Found 5 images belonging to 6 classes.
Loading test data...
Found 7 images belonging to 6 classes.
Number of classes: 6
Computing class weights...
Class weights: {0: 1.0, 1: 1.0, 2: 1.0, 3: 1.0, 4: 1.0, 5: 1.0}
Creating model with learning rate: 0.0005, dropout: 0.6, filters: 32
Model created and compiled.
Training the model...
Epoch 1/20
2/2 [==============================] - 3s 951ms/step - loss: 12.2492 - accuracy: 0.1500 - val_loss: 6.2991 - val_accuracy: 0.4000 - lr: 5.0000e-04
Epoch 2/20
2/2 [==============================] - 2s 1s/step - loss: 12.6585 - accuracy: 0.2000 - val_loss: 6.3263 - val_accuracy: 0.2000 - lr: 5.0000e-04
Epoch 3/20
2/2 [==============================] - 2s 741ms/step - loss: 15.1349 - accuracy: 0.1833 - val_loss: 6.3601 - val_accuracy: 0.2000 - lr: 5.0000e-04
Evaluating the model...
1/1 [==============================] - 0s 169ms/step - loss: 6.3732 - accuracy: 0.1429
Test accuracy: 0.1428571492433548, Validation loss: 6.299055099487305
Saving results to CSV...

Running training with params: (0.0005, 0.6, 32, 60, 0.3, 30)
Loading training data...
Found 60 images belonging to 6 classes.
Loading validation data...
Found 5 images belonging to 6 classes.
Loading test data...
Found 7 images belonging to 6 classes.
Number of classes: 6
Computing class weights...
Class weights: {0: 1.0, 1: 1.0, 2: 1.0, 3: 1.0, 4: 1.0, 5: 1.0}
Creating model with learning rate: 0.0005, dropout: 0.6, filters: 32
Model created and compiled.
Training the model...
Epoch 1/30
2/2 [==============================] - 3s 1s/step - loss: 12.8367 - accuracy: 0.1500 - val_loss: 6.2782 - val_accuracy: 0.2000 - lr: 5.0000e-04
Epoch 2/30
2/2 [==============================] - 2s 919ms/step - loss: 12.7751 - accuracy: 0.1833 - val_loss: 6.3034 - val_accuracy: 0.2000 - lr: 5.0000e-04
Epoch 3/30
2/2 [==============================] - 2s 693ms/step - loss: 15.8843 - accuracy: 0.2000 - val_loss: 6.2461 - val_accuracy: 0.2000 - lr: 5.0000e-04
Epoch 4/30
2/2 [==============================] - 2s 717ms/step - loss: 14.0150 - accuracy: 0.2500 - val_loss: 6.2779 - val_accuracy: 0.2000 - lr: 5.0000e-04
Epoch 5/30
2/2 [==============================] - 2s 760ms/step - loss: 14.1255 - accuracy: 0.1833 - val_loss: 6.3402 - val_accuracy: 0.2000 - lr: 5.0000e-04
Evaluating the model...
1/1 [==============================] - 0s 155ms/step - loss: 6.3459 - accuracy: 0.0000e+00
Test accuracy: 0.0, Validation loss: 6.246067047119141
Saving results to CSV...

Running training with params: (0.0005, 0.6, 32, 60, 0.5, 20)
Loading training data...
Found 60 images belonging to 6 classes.
Loading validation data...
Found 5 images belonging to 6 classes.
Loading test data...
Found 7 images belonging to 6 classes.
Number of classes: 6
Computing class weights...
Class weights: {0: 1.0, 1: 1.0, 2: 1.0, 3: 1.0, 4: 1.0, 5: 1.0}
Creating model with learning rate: 0.0005, dropout: 0.6, filters: 32
Model created and compiled.
Training the model...
Epoch 1/20
2/2 [==============================] - 3s 978ms/step - loss: 11.8485 - accuracy: 0.1000 - val_loss: 6.2530 - val_accuracy: 0.0000e+00 - lr: 5.0000e-04
Epoch 2/20
2/2 [==============================] - 2s 857ms/step - loss: 11.6486 - accuracy: 0.2833 - val_loss: 6.3157 - val_accuracy: 0.2000 - lr: 5.0000e-04
Epoch 3/20
2/2 [==============================] - 2s 871ms/step - loss: 13.0154 - accuracy: 0.1500 - val_loss: 6.5060 - val_accuracy: 0.2000 - lr: 5.0000e-04
Evaluating the model...
1/1 [==============================] - 0s 200ms/step - loss: 6.2035 - accuracy: 0.1429
Test accuracy: 0.1428571492433548, Validation loss: 6.253021240234375
Saving results to CSV...

Running training with params: (0.0005, 0.6, 32, 60, 0.5, 30)
Loading training data...
Found 60 images belonging to 6 classes.
Loading validation data...
Found 5 images belonging to 6 classes.
Loading test data...
Found 7 images belonging to 6 classes.
Number of classes: 6
Computing class weights...
Class weights: {0: 1.0, 1: 1.0, 2: 1.0, 3: 1.0, 4: 1.0, 5: 1.0}
Creating model with learning rate: 0.0005, dropout: 0.6, filters: 32
Model created and compiled.
Training the model...
Epoch 1/30
2/2 [==============================] - 3s 1s/step - loss: 12.4383 - accuracy: 0.1333 - val_loss: 6.3142 - val_accuracy: 0.0000e+00 - lr: 5.0000e-04
Epoch 2/30
2/2 [==============================] - 2s 735ms/step - loss: 15.3175 - accuracy: 0.2333 - val_loss: 6.2746 - val_accuracy: 0.2000 - lr: 5.0000e-04
Epoch 3/30
2/2 [==============================] - 1s 538ms/step - loss: 13.0579 - accuracy: 0.2667 - val_loss: 6.2768 - val_accuracy: 0.2000 - lr: 5.0000e-04
Epoch 4/30
2/2 [==============================] - 1s 693ms/step - loss: 15.1429 - accuracy: 0.2833 - val_loss: 6.3075 - val_accuracy: 0.2000 - lr: 5.0000e-04
Evaluating the model...
1/1 [==============================] - 0s 118ms/step - loss: 6.3127 - accuracy: 0.1429
Test accuracy: 0.1428571492433548, Validation loss: 6.274589538574219
Saving results to CSV...

Running training with params: (0.0005, 0.8, 16, 50, 0.3, 20)
Loading training data...
Found 60 images belonging to 6 classes.
Loading validation data...
Found 5 images belonging to 6 classes.
Loading test data...
Found 7 images belonging to 6 classes.
Number of classes: 6
Computing class weights...
Class weights: {0: 1.0, 1: 1.0, 2: 1.0, 3: 1.0, 4: 1.0, 5: 1.0}
Creating model with learning rate: 0.0005, dropout: 0.8, filters: 16
Model created and compiled.
Training the model...
Epoch 1/20
2/2 [==============================] - 2s 571ms/step - loss: 15.5001 - accuracy: 0.1500 - val_loss: 5.5788 - val_accuracy: 0.0000e+00 - lr: 5.0000e-04
Epoch 2/20
2/2 [==============================] - 1s 482ms/step - loss: 15.8936 - accuracy: 0.1667 - val_loss: 5.4912 - val_accuracy: 0.2000 - lr: 5.0000e-04
Epoch 3/20
2/2 [==============================] - 1s 462ms/step - loss: 15.4424 - accuracy: 0.2000 - val_loss: 5.4769 - val_accuracy: 0.2000 - lr: 5.0000e-04
Epoch 4/20
2/2 [==============================] - 1s 459ms/step - loss: 16.1215 - accuracy: 0.1833 - val_loss: 5.4770 - val_accuracy: 0.2000 - lr: 5.0000e-04
Epoch 5/20
2/2 [==============================] - 1s 470ms/step - loss: 14.5709 - accuracy: 0.2500 - val_loss: 5.4938 - val_accuracy: 0.4000 - lr: 5.0000e-04
Evaluating the model...
1/1 [==============================] - 0s 99ms/step - loss: 5.4869 - accuracy: 0.2857
Test accuracy: 0.2857142984867096, Validation loss: 5.476861476898193
Saving results to CSV...

Running training with params: (0.0005, 0.8, 16, 50, 0.3, 30)
Loading training data...
Found 60 images belonging to 6 classes.
Loading validation data...
Found 5 images belonging to 6 classes.
Loading test data...
Found 7 images belonging to 6 classes.
Number of classes: 6
Computing class weights...
Class weights: {0: 1.0, 1: 1.0, 2: 1.0, 3: 1.0, 4: 1.0, 5: 1.0}
Creating model with learning rate: 0.0005, dropout: 0.8, filters: 16
Model created and compiled.
Training the model...
Epoch 1/30
2/2 [==============================] - 2s 604ms/step - loss: 14.6562 - accuracy: 0.1833 - val_loss: 5.5699 - val_accuracy: 0.2000 - lr: 5.0000e-04
Epoch 2/30
2/2 [==============================] - 1s 442ms/step - loss: 15.0722 - accuracy: 0.1000 - val_loss: 5.5748 - val_accuracy: 0.2000 - lr: 5.0000e-04
Epoch 3/30
2/2 [==============================] - 1s 459ms/step - loss: 17.2681 - accuracy: 0.1000 - val_loss: 5.5923 - val_accuracy: 0.0000e+00 - lr: 5.0000e-04
Evaluating the model...
1/1 [==============================] - 0s 97ms/step - loss: 5.5467 - accuracy: 0.1429
Test accuracy: 0.1428571492433548, Validation loss: 5.569931983947754
Saving results to CSV...

Running training with params: (0.0005, 0.8, 16, 50, 0.5, 20)
Loading training data...
Found 60 images belonging to 6 classes.
Loading validation data...
Found 5 images belonging to 6 classes.
Loading test data...
Found 7 images belonging to 6 classes.
Number of classes: 6
Computing class weights...
Class weights: {0: 1.0, 1: 1.0, 2: 1.0, 3: 1.0, 4: 1.0, 5: 1.0}
Creating model with learning rate: 0.0005, dropout: 0.8, filters: 16
Model created and compiled.
Training the model...
Epoch 1/20
2/2 [==============================] - 2s 615ms/step - loss: 18.3305 - accuracy: 0.1667 - val_loss: 5.6509 - val_accuracy: 0.2000 - lr: 5.0000e-04
Epoch 2/20
2/2 [==============================] - 1s 379ms/step - loss: 18.1275 - accuracy: 0.1333 - val_loss: 5.6017 - val_accuracy: 0.0000e+00 - lr: 5.0000e-04
Epoch 3/20
2/2 [==============================] - 1s 452ms/step - loss: 15.0078 - accuracy: 0.1833 - val_loss: 5.5671 - val_accuracy: 0.0000e+00 - lr: 5.0000e-04
Epoch 4/20
2/2 [==============================] - 1s 444ms/step - loss: 14.2954 - accuracy: 0.2167 - val_loss: 5.5448 - val_accuracy: 0.0000e+00 - lr: 5.0000e-04
Epoch 5/20
2/2 [==============================] - 1s 456ms/step - loss: 15.3725 - accuracy: 0.1833 - val_loss: 5.5417 - val_accuracy: 0.0000e+00 - lr: 5.0000e-04
Epoch 6/20
2/2 [==============================] - 1s 387ms/step - loss: 15.8536 - accuracy: 0.1667 - val_loss: 5.5416 - val_accuracy: 0.0000e+00 - lr: 5.0000e-04
Epoch 7/20
2/2 [==============================] - 1s 399ms/step - loss: 16.1150 - accuracy: 0.1667 - val_loss: 5.5493 - val_accuracy: 0.2000 - lr: 5.0000e-04
Epoch 8/20
2/2 [==============================] - 1s 468ms/step - loss: 16.1879 - accuracy: 0.1833 - val_loss: 5.5780 - val_accuracy: 0.0000e+00 - lr: 5.0000e-04
Evaluating the model...
1/1 [==============================] - 0s 92ms/step - loss: 5.5440 - accuracy: 0.1429
Test accuracy: 0.1428571492433548, Validation loss: 5.541587829589844
Saving results to CSV...

Running training with params: (0.0005, 0.8, 16, 50, 0.5, 30)
Loading training data...
Found 60 images belonging to 6 classes.
Loading validation data...
Found 5 images belonging to 6 classes.
Loading test data...
Found 7 images belonging to 6 classes.
Number of classes: 6
Computing class weights...
Class weights: {0: 1.0, 1: 1.0, 2: 1.0, 3: 1.0, 4: 1.0, 5: 1.0}
Creating model with learning rate: 0.0005, dropout: 0.8, filters: 16
Model created and compiled.
Training the model...
Epoch 1/30
2/2 [==============================] - 2s 588ms/step - loss: 16.8600 - accuracy: 0.2000 - val_loss: 5.5762 - val_accuracy: 0.2000 - lr: 5.0000e-04
Epoch 2/30
2/2 [==============================] - 1s 458ms/step - loss: 14.4837 - accuracy: 0.2000 - val_loss: 5.5039 - val_accuracy: 0.2000 - lr: 5.0000e-04
Epoch 3/30
2/2 [==============================] - 1s 431ms/step - loss: 16.5651 - accuracy: 0.1500 - val_loss: 5.4907 - val_accuracy: 0.2000 - lr: 5.0000e-04
Epoch 4/30
2/2 [==============================] - 1s 413ms/step - loss: 14.1215 - accuracy: 0.2333 - val_loss: 5.4898 - val_accuracy: 0.2000 - lr: 5.0000e-04
Epoch 5/30
2/2 [==============================] - 1s 388ms/step - loss: 15.6520 - accuracy: 0.1333 - val_loss: 5.5095 - val_accuracy: 0.2000 - lr: 5.0000e-04
Epoch 6/30
2/2 [==============================] - 1s 430ms/step - loss: 14.6717 - accuracy: 0.2833 - val_loss: 5.5441 - val_accuracy: 0.4000 - lr: 5.0000e-04
Evaluating the model...
1/1 [==============================] - 0s 105ms/step - loss: 5.5218 - accuracy: 0.2857
Test accuracy: 0.2857142984867096, Validation loss: 5.489770889282227
Saving results to CSV...

Running training with params: (0.0005, 0.8, 16, 60, 0.3, 20)
Loading training data...
Found 60 images belonging to 6 classes.
Loading validation data...
Found 5 images belonging to 6 classes.
Loading test data...
Found 7 images belonging to 6 classes.
Number of classes: 6
Computing class weights...
Class weights: {0: 1.0, 1: 1.0, 2: 1.0, 3: 1.0, 4: 1.0, 5: 1.0}
Creating model with learning rate: 0.0005, dropout: 0.8, filters: 16
Model created and compiled.
Training the model...
Epoch 1/20
2/2 [==============================] - 2s 556ms/step - loss: 18.8281 - accuracy: 0.1000 - val_loss: 5.6013 - val_accuracy: 0.2000 - lr: 5.0000e-04
Epoch 2/20
2/2 [==============================] - 1s 403ms/step - loss: 14.0564 - accuracy: 0.1667 - val_loss: 5.5221 - val_accuracy: 0.2000 - lr: 5.0000e-04
Epoch 3/20
2/2 [==============================] - 1s 377ms/step - loss: 17.1697 - accuracy: 0.1333 - val_loss: 5.5024 - val_accuracy: 0.2000 - lr: 5.0000e-04
Epoch 4/20
2/2 [==============================] - 1s 386ms/step - loss: 13.9054 - accuracy: 0.2333 - val_loss: 5.4938 - val_accuracy: 0.2000 - lr: 5.0000e-04
Epoch 5/20
2/2 [==============================] - 1s 459ms/step - loss: 16.3883 - accuracy: 0.1833 - val_loss: 5.4860 - val_accuracy: 0.2000 - lr: 5.0000e-04
Epoch 6/20
2/2 [==============================] - 1s 375ms/step - loss: 16.9358 - accuracy: 0.1500 - val_loss: 5.4828 - val_accuracy: 0.2000 - lr: 5.0000e-04
Epoch 7/20
2/2 [==============================] - 1s 445ms/step - loss: 15.7473 - accuracy: 0.2500 - val_loss: 5.4931 - val_accuracy: 0.2000 - lr: 5.0000e-04
Epoch 8/20
2/2 [==============================] - 1s 393ms/step - loss: 17.9106 - accuracy: 0.1167 - val_loss: 5.5042 - val_accuracy: 0.4000 - lr: 5.0000e-04
Evaluating the model...
1/1 [==============================] - 0s 95ms/step - loss: 5.4213 - accuracy: 0.2857
Test accuracy: 0.2857142984867096, Validation loss: 5.482780456542969
Saving results to CSV...

Running training with params: (0.0005, 0.8, 16, 60, 0.3, 30)
Loading training data...
Found 60 images belonging to 6 classes.
Loading validation data...
Found 5 images belonging to 6 classes.
Loading test data...
Found 7 images belonging to 6 classes.
Number of classes: 6
Computing class weights...
Class weights: {0: 1.0, 1: 1.0, 2: 1.0, 3: 1.0, 4: 1.0, 5: 1.0}
Creating model with learning rate: 0.0005, dropout: 0.8, filters: 16
Model created and compiled.
Training the model...
Epoch 1/30
2/2 [==============================] - 2s 593ms/step - loss: 16.2823 - accuracy: 0.1833 - val_loss: 5.5540 - val_accuracy: 0.4000 - lr: 5.0000e-04
Epoch 2/30
2/2 [==============================] - 1s 473ms/step - loss: 16.1126 - accuracy: 0.1333 - val_loss: 5.4870 - val_accuracy: 0.4000 - lr: 5.0000e-04
Epoch 3/30
2/2 [==============================] - 1s 390ms/step - loss: 12.9953 - accuracy: 0.2000 - val_loss: 5.4569 - val_accuracy: 0.4000 - lr: 5.0000e-04
Epoch 4/30
2/2 [==============================] - 1s 391ms/step - loss: 16.2515 - accuracy: 0.2000 - val_loss: 5.4498 - val_accuracy: 0.4000 - lr: 5.0000e-04
Epoch 5/30
2/2 [==============================] - 1s 374ms/step - loss: 17.3641 - accuracy: 0.1500 - val_loss: 5.4844 - val_accuracy: 0.2000 - lr: 5.0000e-04
Epoch 6/30
2/2 [==============================] - 1s 478ms/step - loss: 17.1047 - accuracy: 0.0667 - val_loss: 5.5102 - val_accuracy: 0.2000 - lr: 5.0000e-04
Evaluating the model...
1/1 [==============================] - 0s 93ms/step - loss: 5.5041 - accuracy: 0.1429
Test accuracy: 0.1428571492433548, Validation loss: 5.449814796447754
Saving results to CSV...

Running training with params: (0.0005, 0.8, 16, 60, 0.5, 20)
Loading training data...
Found 60 images belonging to 6 classes.
Loading validation data...
Found 5 images belonging to 6 classes.
Loading test data...
Found 7 images belonging to 6 classes.
Number of classes: 6
Computing class weights...
Class weights: {0: 1.0, 1: 1.0, 2: 1.0, 3: 1.0, 4: 1.0, 5: 1.0}
Creating model with learning rate: 0.0005, dropout: 0.8, filters: 16
Model created and compiled.
Training the model...
Epoch 1/20
2/2 [==============================] - 2s 589ms/step - loss: 16.7673 - accuracy: 0.2167 - val_loss: 5.5571 - val_accuracy: 0.0000e+00 - lr: 5.0000e-04
Epoch 2/20
2/2 [==============================] - 1s 402ms/step - loss: 15.7505 - accuracy: 0.1333 - val_loss: 5.5142 - val_accuracy: 0.0000e+00 - lr: 5.0000e-04
Epoch 3/20
2/2 [==============================] - 1s 457ms/step - loss: 16.4036 - accuracy: 0.1833 - val_loss: 5.5080 - val_accuracy: 0.2000 - lr: 5.0000e-04
Epoch 4/20
2/2 [==============================] - 1s 411ms/step - loss: 14.2157 - accuracy: 0.2500 - val_loss: 5.5069 - val_accuracy: 0.2000 - lr: 5.0000e-04
Epoch 5/20
2/2 [==============================] - 1s 465ms/step - loss: 15.1537 - accuracy: 0.2333 - val_loss: 5.5195 - val_accuracy: 0.2000 - lr: 5.0000e-04
Epoch 6/20
2/2 [==============================] - 1s 417ms/step - loss: 16.2781 - accuracy: 0.2167 - val_loss: 5.5399 - val_accuracy: 0.2000 - lr: 5.0000e-04
Evaluating the model...
1/1 [==============================] - 0s 93ms/step - loss: 5.5233 - accuracy: 0.1429
Test accuracy: 0.1428571492433548, Validation loss: 5.506894111633301
Saving results to CSV...

Running training with params: (0.0005, 0.8, 16, 60, 0.5, 30)
Loading training data...
Found 60 images belonging to 6 classes.
Loading validation data...
Found 5 images belonging to 6 classes.
Loading test data...
Found 7 images belonging to 6 classes.
Number of classes: 6
Computing class weights...
Class weights: {0: 1.0, 1: 1.0, 2: 1.0, 3: 1.0, 4: 1.0, 5: 1.0}
Creating model with learning rate: 0.0005, dropout: 0.8, filters: 16
Model created and compiled.
Training the model...
Epoch 1/30
2/2 [==============================] - 2s 569ms/step - loss: 18.2184 - accuracy: 0.0833 - val_loss: 5.6469 - val_accuracy: 0.2000 - lr: 5.0000e-04
Epoch 2/30
2/2 [==============================] - 1s 408ms/step - loss: 15.8813 - accuracy: 0.1000 - val_loss: 5.5854 - val_accuracy: 0.2000 - lr: 5.0000e-04
Epoch 3/30
2/2 [==============================] - 1s 397ms/step - loss: 15.4838 - accuracy: 0.2167 - val_loss: 5.5616 - val_accuracy: 0.2000 - lr: 5.0000e-04
Epoch 4/30
2/2 [==============================] - 1s 370ms/step - loss: 16.1106 - accuracy: 0.2500 - val_loss: 5.5577 - val_accuracy: 0.2000 - lr: 5.0000e-04
Epoch 5/30
2/2 [==============================] - 1s 411ms/step - loss: 15.9723 - accuracy: 0.2500 - val_loss: 5.5495 - val_accuracy: 0.0000e+00 - lr: 5.0000e-04
Epoch 6/30
2/2 [==============================] - 1s 443ms/step - loss: 17.8719 - accuracy: 0.2000 - val_loss: 5.5382 - val_accuracy: 0.2000 - lr: 5.0000e-04
Epoch 7/30
2/2 [==============================] - 1s 376ms/step - loss: 14.4237 - accuracy: 0.2000 - val_loss: 5.5494 - val_accuracy: 0.2000 - lr: 5.0000e-04
Epoch 8/30
2/2 [==============================] - 1s 368ms/step - loss: 15.7578 - accuracy: 0.2167 - val_loss: 5.5629 - val_accuracy: 0.2000 - lr: 5.0000e-04
Evaluating the model...
1/1 [==============================] - 0s 94ms/step - loss: 5.5627 - accuracy: 0.0000e+00
Test accuracy: 0.0, Validation loss: 5.538224697113037
Saving results to CSV...

Running training with params: (0.0005, 0.8, 32, 50, 0.3, 20)
Loading training data...
Found 60 images belonging to 6 classes.
Loading validation data...
Found 5 images belonging to 6 classes.
Loading test data...
Found 7 images belonging to 6 classes.
Number of classes: 6
Computing class weights...
Class weights: {0: 1.0, 1: 1.0, 2: 1.0, 3: 1.0, 4: 1.0, 5: 1.0}
Creating model with learning rate: 0.0005, dropout: 0.8, filters: 32
Model created and compiled.
Training the model...
Epoch 1/20
2/2 [==============================] - 2s 687ms/step - loss: 17.6398 - accuracy: 0.1667 - val_loss: 6.0108 - val_accuracy: 0.0000e+00 - lr: 5.0000e-04
Epoch 2/20
2/2 [==============================] - 1s 567ms/step - loss: 17.4416 - accuracy: 0.1333 - val_loss: 5.9624 - val_accuracy: 0.2000 - lr: 5.0000e-04
Epoch 3/20
2/2 [==============================] - 1s 551ms/step - loss: 19.3515 - accuracy: 0.2167 - val_loss: 5.9179 - val_accuracy: 0.2000 - lr: 5.0000e-04
Epoch 4/20
2/2 [==============================] - 1s 549ms/step - loss: 18.4420 - accuracy: 0.2333 - val_loss: 5.8726 - val_accuracy: 0.2000 - lr: 5.0000e-04
Epoch 5/20
2/2 [==============================] - 1s 557ms/step - loss: 18.5322 - accuracy: 0.1500 - val_loss: 5.8394 - val_accuracy: 0.2000 - lr: 5.0000e-04
Epoch 6/20
2/2 [==============================] - 1s 546ms/step - loss: 18.6669 - accuracy: 0.2333 - val_loss: 5.8863 - val_accuracy: 0.2000 - lr: 5.0000e-04
Epoch 7/20
2/2 [==============================] - 1s 556ms/step - loss: 17.5939 - accuracy: 0.1833 - val_loss: 5.9342 - val_accuracy: 0.2000 - lr: 5.0000e-04
Evaluating the model...
1/1 [==============================] - 0s 99ms/step - loss: 5.9336 - accuracy: 0.1429
Test accuracy: 0.1428571492433548, Validation loss: 5.839364051818848
Saving results to CSV...

Running training with params: (0.0005, 0.8, 32, 50, 0.3, 30)
Loading training data...
Found 60 images belonging to 6 classes.
Loading validation data...
Found 5 images belonging to 6 classes.
Loading test data...
Found 7 images belonging to 6 classes.
Number of classes: 6
Computing class weights...
Class weights: {0: 1.0, 1: 1.0, 2: 1.0, 3: 1.0, 4: 1.0, 5: 1.0}
Creating model with learning rate: 0.0005, dropout: 0.8, filters: 32
Model created and compiled.
Training the model...
Epoch 1/30
2/2 [==============================] - 2s 619ms/step - loss: 15.2227 - accuracy: 0.2000 - val_loss: 6.0969 - val_accuracy: 0.0000e+00 - lr: 5.0000e-04
Epoch 2/30
2/2 [==============================] - 1s 616ms/step - loss: 15.8350 - accuracy: 0.2333 - val_loss: 6.0508 - val_accuracy: 0.2000 - lr: 5.0000e-04
Epoch 3/30
2/2 [==============================] - 1s 586ms/step - loss: 19.1718 - accuracy: 0.1333 - val_loss: 6.0438 - val_accuracy: 0.4000 - lr: 5.0000e-04
Epoch 4/30
2/2 [==============================] - 1s 483ms/step - loss: 16.0174 - accuracy: 0.2167 - val_loss: 6.0842 - val_accuracy: 0.4000 - lr: 5.0000e-04
Epoch 5/30
2/2 [==============================] - 1s 492ms/step - loss: 17.0985 - accuracy: 0.2000 - val_loss: 6.1040 - val_accuracy: 0.4000 - lr: 5.0000e-04
Evaluating the model...
1/1 [==============================] - 0s 108ms/step - loss: 6.1579 - accuracy: 0.1429
Test accuracy: 0.1428571492433548, Validation loss: 6.043849945068359
Saving results to CSV...

Running training with params: (0.0005, 0.8, 32, 50, 0.5, 20)
Loading training data...
Found 60 images belonging to 6 classes.
Loading validation data...
Found 5 images belonging to 6 classes.
Loading test data...
Found 7 images belonging to 6 classes.
Number of classes: 6
Computing class weights...
Class weights: {0: 1.0, 1: 1.0, 2: 1.0, 3: 1.0, 4: 1.0, 5: 1.0}
Creating model with learning rate: 0.0005, dropout: 0.8, filters: 32
Model created and compiled.
Training the model...
Epoch 1/20
2/2 [==============================] - 2s 789ms/step - loss: 17.1833 - accuracy: 0.1333 - val_loss: 5.9271 - val_accuracy: 0.2000 - lr: 5.0000e-04
Epoch 2/20
2/2 [==============================] - 1s 571ms/step - loss: 17.3739 - accuracy: 0.1667 - val_loss: 5.8234 - val_accuracy: 0.2000 - lr: 5.0000e-04
Epoch 3/20
2/2 [==============================] - 1s 523ms/step - loss: 15.5450 - accuracy: 0.2000 - val_loss: 5.8076 - val_accuracy: 0.4000 - lr: 5.0000e-04
Epoch 4/20
2/2 [==============================] - 1s 575ms/step - loss: 18.4282 - accuracy: 0.0500 - val_loss: 5.8421 - val_accuracy: 0.4000 - lr: 5.0000e-04
Epoch 5/20
2/2 [==============================] - 1s 491ms/step - loss: 18.4549 - accuracy: 0.1667 - val_loss: 5.9075 - val_accuracy: 0.2000 - lr: 5.0000e-04
Evaluating the model...
1/1 [==============================] - 0s 108ms/step - loss: 5.8079 - accuracy: 0.5714
Test accuracy: 0.5714285969734192, Validation loss: 5.8076066970825195
Saving results to CSV...

Running training with params: (0.0005, 0.8, 32, 50, 0.5, 30)
Loading training data...
Found 60 images belonging to 6 classes.
Loading validation data...
Found 5 images belonging to 6 classes.
Loading test data...
Found 7 images belonging to 6 classes.
Number of classes: 6
Computing class weights...
Class weights: {0: 1.0, 1: 1.0, 2: 1.0, 3: 1.0, 4: 1.0, 5: 1.0}
Creating model with learning rate: 0.0005, dropout: 0.8, filters: 32
Model created and compiled.
Training the model...
Epoch 1/30
2/2 [==============================] - 2s 728ms/step - loss: 14.5706 - accuracy: 0.1667 - val_loss: 5.9513 - val_accuracy: 0.4000 - lr: 5.0000e-04
Epoch 2/30
2/2 [==============================] - 1s 512ms/step - loss: 15.8475 - accuracy: 0.2500 - val_loss: 5.8606 - val_accuracy: 0.4000 - lr: 5.0000e-04
Epoch 3/30
2/2 [==============================] - 1s 616ms/step - loss: 18.0265 - accuracy: 0.1667 - val_loss: 5.8452 - val_accuracy: 0.2000 - lr: 5.0000e-04
Epoch 4/30
2/2 [==============================] - 1s 486ms/step - loss: 18.3072 - accuracy: 0.1833 - val_loss: 5.8583 - val_accuracy: 0.2000 - lr: 5.0000e-04
Epoch 5/30
2/2 [==============================] - 1s 563ms/step - loss: 19.8215 - accuracy: 0.1833 - val_loss: 5.9047 - val_accuracy: 0.0000e+00 - lr: 5.0000e-04
Evaluating the model...
1/1 [==============================] - 0s 102ms/step - loss: 5.8512 - accuracy: 0.1429
Test accuracy: 0.1428571492433548, Validation loss: 5.845249176025391
Saving results to CSV...

Running training with params: (0.0005, 0.8, 32, 60, 0.3, 20)
Loading training data...
Found 60 images belonging to 6 classes.
Loading validation data...
Found 5 images belonging to 6 classes.
Loading test data...
Found 7 images belonging to 6 classes.
Number of classes: 6
Computing class weights...
Class weights: {0: 1.0, 1: 1.0, 2: 1.0, 3: 1.0, 4: 1.0, 5: 1.0}
Creating model with learning rate: 0.0005, dropout: 0.8, filters: 32
Model created and compiled.
Training the model...
Epoch 1/20
2/2 [==============================] - 2s 682ms/step - loss: 16.6072 - accuracy: 0.2000 - val_loss: 5.9575 - val_accuracy: 0.2000 - lr: 5.0000e-04
Epoch 2/20
2/2 [==============================] - 1s 563ms/step - loss: 16.5699 - accuracy: 0.2167 - val_loss: 5.8742 - val_accuracy: 0.2000 - lr: 5.0000e-04
Epoch 3/20
2/2 [==============================] - 1s 562ms/step - loss: 19.2211 - accuracy: 0.1667 - val_loss: 5.8826 - val_accuracy: 0.2000 - lr: 5.0000e-04
Epoch 4/20
2/2 [==============================] - 1s 492ms/step - loss: 17.9797 - accuracy: 0.1333 - val_loss: 5.9267 - val_accuracy: 0.2000 - lr: 5.0000e-04
Evaluating the model...
1/1 [==============================] - 0s 98ms/step - loss: 5.8900 - accuracy: 0.1429
Test accuracy: 0.1428571492433548, Validation loss: 5.874225616455078
Saving results to CSV...

Running training with params: (0.0005, 0.8, 32, 60, 0.3, 30)
Loading training data...
Found 60 images belonging to 6 classes.
Loading validation data...
Found 5 images belonging to 6 classes.
Loading test data...
Found 7 images belonging to 6 classes.
Number of classes: 6
Computing class weights...
Class weights: {0: 1.0, 1: 1.0, 2: 1.0, 3: 1.0, 4: 1.0, 5: 1.0}
Creating model with learning rate: 0.0005, dropout: 0.8, filters: 32
Model created and compiled.
Training the model...
Epoch 1/30
2/2 [==============================] - 2s 686ms/step - loss: 16.5044 - accuracy: 0.1833 - val_loss: 5.9649 - val_accuracy: 0.0000e+00 - lr: 5.0000e-04
Epoch 2/30
2/2 [==============================] - 1s 483ms/step - loss: 16.3678 - accuracy: 0.1167 - val_loss: 5.9211 - val_accuracy: 0.2000 - lr: 5.0000e-04
Epoch 3/30
2/2 [==============================] - 1s 591ms/step - loss: 13.5293 - accuracy: 0.2833 - val_loss: 5.9356 - val_accuracy: 0.2000 - lr: 5.0000e-04
Epoch 4/30
2/2 [==============================] - 1s 580ms/step - loss: 18.8186 - accuracy: 0.1833 - val_loss: 5.9555 - val_accuracy: 0.2000 - lr: 5.0000e-04
Evaluating the model...
1/1 [==============================] - 0s 102ms/step - loss: 5.8776 - accuracy: 0.2857
Test accuracy: 0.2857142984867096, Validation loss: 5.9211015701293945
Saving results to CSV...

Running training with params: (0.0005, 0.8, 32, 60, 0.5, 20)
Loading training data...
Found 60 images belonging to 6 classes.
Loading validation data...
Found 5 images belonging to 6 classes.
Loading test data...
Found 7 images belonging to 6 classes.
Number of classes: 6
Computing class weights...
Class weights: {0: 1.0, 1: 1.0, 2: 1.0, 3: 1.0, 4: 1.0, 5: 1.0}
Creating model with learning rate: 0.0005, dropout: 0.8, filters: 32
Model created and compiled.
Training the model...
Epoch 1/20
2/2 [==============================] - 2s 727ms/step - loss: 16.6927 - accuracy: 0.1667 - val_loss: 5.9825 - val_accuracy: 0.4000 - lr: 5.0000e-04
Epoch 2/20
2/2 [==============================] - 1s 614ms/step - loss: 17.9964 - accuracy: 0.1500 - val_loss: 5.8903 - val_accuracy: 0.0000e+00 - lr: 5.0000e-04
Epoch 3/20
2/2 [==============================] - 1s 469ms/step - loss: 15.0127 - accuracy: 0.1167 - val_loss: 5.8745 - val_accuracy: 0.2000 - lr: 5.0000e-04
Epoch 4/20
2/2 [==============================] - 1s 476ms/step - loss: 16.7582 - accuracy: 0.1833 - val_loss: 5.9094 - val_accuracy: 0.4000 - lr: 5.0000e-04
Epoch 5/20
2/2 [==============================] - 1s 567ms/step - loss: 17.6941 - accuracy: 0.2167 - val_loss: 5.9792 - val_accuracy: 0.4000 - lr: 5.0000e-04
Evaluating the model...
1/1 [==============================] - 0s 103ms/step - loss: 5.9158 - accuracy: 0.1429
Test accuracy: 0.1428571492433548, Validation loss: 5.874516487121582
Saving results to CSV...

Running training with params: (0.0005, 0.8, 32, 60, 0.5, 30)
Loading training data...
Found 60 images belonging to 6 classes.
Loading validation data...
Found 5 images belonging to 6 classes.
Loading test data...
Found 7 images belonging to 6 classes.
Number of classes: 6
Computing class weights...
Class weights: {0: 1.0, 1: 1.0, 2: 1.0, 3: 1.0, 4: 1.0, 5: 1.0}
Creating model with learning rate: 0.0005, dropout: 0.8, filters: 32
Model created and compiled.
Training the model...
Epoch 1/30
2/2 [==============================] - 2s 766ms/step - loss: 16.5480 - accuracy: 0.2333 - val_loss: 6.0438 - val_accuracy: 0.0000e+00 - lr: 5.0000e-04
Epoch 2/30
2/2 [==============================] - 1s 480ms/step - loss: 17.4167 - accuracy: 0.2333 - val_loss: 5.9562 - val_accuracy: 0.4000 - lr: 5.0000e-04
Epoch 3/30
2/2 [==============================] - 1s 518ms/step - loss: 20.9706 - accuracy: 0.1500 - val_loss: 5.8827 - val_accuracy: 0.4000 - lr: 5.0000e-04
Epoch 4/30
2/2 [==============================] - 1s 564ms/step - loss: 17.1596 - accuracy: 0.2667 - val_loss: 5.8535 - val_accuracy: 0.4000 - lr: 5.0000e-04
Epoch 5/30
2/2 [==============================] - 1s 471ms/step - loss: 23.3340 - accuracy: 0.1167 - val_loss: 5.8842 - val_accuracy: 0.4000 - lr: 5.0000e-04
Epoch 6/30
2/2 [==============================] - 1s 588ms/step - loss: 18.9135 - accuracy: 0.1667 - val_loss: 5.9479 - val_accuracy: 0.4000 - lr: 5.0000e-04
Evaluating the model...
1/1 [==============================] - 0s 99ms/step - loss: 5.8717 - accuracy: 0.2857
Test accuracy: 0.2857142984867096, Validation loss: 5.8535261154174805
Saving results to CSV...

Running training with params: (0.0001, 0.6, 16, 50, 0.3, 20)
Loading training data...
Found 60 images belonging to 6 classes.
Loading validation data...
Found 5 images belonging to 6 classes.
Loading test data...
Found 7 images belonging to 6 classes.
Number of classes: 6
Computing class weights...
Class weights: {0: 1.0, 1: 1.0, 2: 1.0, 3: 1.0, 4: 1.0, 5: 1.0}
Creating model with learning rate: 0.0001, dropout: 0.6, filters: 16
Model created and compiled.
Training the model...
Epoch 1/20
2/2 [==============================] - 2s 617ms/step - loss: 10.2880 - accuracy: 0.2167 - val_loss: 5.8447 - val_accuracy: 0.0000e+00 - lr: 1.0000e-04
Epoch 2/20
2/2 [==============================] - 1s 409ms/step - loss: 10.1134 - accuracy: 0.1833 - val_loss: 5.8361 - val_accuracy: 0.0000e+00 - lr: 1.0000e-04
Epoch 3/20
2/2 [==============================] - 1s 394ms/step - loss: 9.5512 - accuracy: 0.2167 - val_loss: 5.8311 - val_accuracy: 0.2000 - lr: 1.0000e-04
Epoch 4/20
2/2 [==============================] - 1s 463ms/step - loss: 8.9113 - accuracy: 0.1833 - val_loss: 5.8251 - val_accuracy: 0.2000 - lr: 1.0000e-04
Epoch 5/20
2/2 [==============================] - 1s 401ms/step - loss: 10.1175 - accuracy: 0.2000 - val_loss: 5.8220 - val_accuracy: 0.2000 - lr: 1.0000e-04
Epoch 6/20
2/2 [==============================] - 1s 462ms/step - loss: 8.7477 - accuracy: 0.2500 - val_loss: 5.8188 - val_accuracy: 0.2000 - lr: 1.0000e-04
Epoch 7/20
2/2 [==============================] - 1s 478ms/step - loss: 9.8687 - accuracy: 0.2167 - val_loss: 5.8140 - val_accuracy: 0.2000 - lr: 1.0000e-04
Epoch 8/20
2/2 [==============================] - 1s 385ms/step - loss: 9.1315 - accuracy: 0.1833 - val_loss: 5.8076 - val_accuracy: 0.2000 - lr: 1.0000e-04
Epoch 9/20
2/2 [==============================] - 1s 462ms/step - loss: 9.7906 - accuracy: 0.2167 - val_loss: 5.8039 - val_accuracy: 0.0000e+00 - lr: 1.0000e-04
Epoch 10/20
2/2 [==============================] - 1s 379ms/step - loss: 9.4102 - accuracy: 0.2833 - val_loss: 5.8072 - val_accuracy: 0.0000e+00 - lr: 1.0000e-04
Epoch 11/20
2/2 [==============================] - 1s 391ms/step - loss: 9.1736 - accuracy: 0.2500 - val_loss: 5.8134 - val_accuracy: 0.0000e+00 - lr: 1.0000e-04
Evaluating the model...
1/1 [==============================] - 0s 94ms/step - loss: 5.8144 - accuracy: 0.0000e+00
Test accuracy: 0.0, Validation loss: 5.803940773010254
Saving results to CSV...

Running training with params: (0.0001, 0.6, 16, 50, 0.3, 30)
Loading training data...
Found 60 images belonging to 6 classes.
Loading validation data...
Found 5 images belonging to 6 classes.
Loading test data...
Found 7 images belonging to 6 classes.
Number of classes: 6
Computing class weights...
Class weights: {0: 1.0, 1: 1.0, 2: 1.0, 3: 1.0, 4: 1.0, 5: 1.0}
Creating model with learning rate: 0.0001, dropout: 0.6, filters: 16
Model created and compiled.
Training the model...
Epoch 1/30
2/2 [==============================] - 2s 603ms/step - loss: 10.0324 - accuracy: 0.2333 - val_loss: 5.7866 - val_accuracy: 0.2000 - lr: 1.0000e-04
Epoch 2/30
2/2 [==============================] - 1s 464ms/step - loss: 10.5002 - accuracy: 0.1667 - val_loss: 5.7861 - val_accuracy: 0.2000 - lr: 1.0000e-04
Epoch 3/30
2/2 [==============================] - 1s 459ms/step - loss: 9.7401 - accuracy: 0.1500 - val_loss: 5.7836 - val_accuracy: 0.2000 - lr: 1.0000e-04
Epoch 4/30
2/2 [==============================] - 1s 404ms/step - loss: 9.5998 - accuracy: 0.2000 - val_loss: 5.7755 - val_accuracy: 0.2000 - lr: 1.0000e-04
Epoch 5/30
2/2 [==============================] - 1s 390ms/step - loss: 9.6301 - accuracy: 0.1667 - val_loss: 5.7600 - val_accuracy: 0.2000 - lr: 1.0000e-04
Epoch 6/30
2/2 [==============================] - 1s 386ms/step - loss: 9.5932 - accuracy: 0.2500 - val_loss: 5.7406 - val_accuracy: 0.2000 - lr: 1.0000e-04
Epoch 7/30
2/2 [==============================] - 1s 454ms/step - loss: 9.1172 - accuracy: 0.2833 - val_loss: 5.7178 - val_accuracy: 0.2000 - lr: 1.0000e-04
Epoch 8/30
2/2 [==============================] - 1s 461ms/step - loss: 10.1567 - accuracy: 0.1833 - val_loss: 5.6945 - val_accuracy: 0.2000 - lr: 1.0000e-04
Epoch 9/30
2/2 [==============================] - 1s 403ms/step - loss: 9.5107 - accuracy: 0.2167 - val_loss: 5.6731 - val_accuracy: 0.2000 - lr: 1.0000e-04
Epoch 10/30
2/2 [==============================] - 1s 457ms/step - loss: 9.2504 - accuracy: 0.2167 - val_loss: 5.6515 - val_accuracy: 0.2000 - lr: 1.0000e-04
Epoch 11/30
2/2 [==============================] - 1s 391ms/step - loss: 9.7872 - accuracy: 0.1833 - val_loss: 5.6312 - val_accuracy: 0.2000 - lr: 1.0000e-04
Epoch 12/30
2/2 [==============================] - 1s 391ms/step - loss: 8.1022 - accuracy: 0.2500 - val_loss: 5.6113 - val_accuracy: 0.2000 - lr: 1.0000e-04
Epoch 13/30
2/2 [==============================] - 1s 457ms/step - loss: 8.8680 - accuracy: 0.2500 - val_loss: 5.5939 - val_accuracy: 0.2000 - lr: 1.0000e-04
Epoch 14/30
2/2 [==============================] - 1s 389ms/step - loss: 8.4997 - accuracy: 0.2500 - val_loss: 5.5832 - val_accuracy: 0.2000 - lr: 1.0000e-04
Epoch 15/30
2/2 [==============================] - 1s 374ms/step - loss: 9.0368 - accuracy: 0.2333 - val_loss: 5.5778 - val_accuracy: 0.2000 - lr: 1.0000e-04
Epoch 16/30
2/2 [==============================] - 1s 395ms/step - loss: 8.4755 - accuracy: 0.2667 - val_loss: 5.5788 - val_accuracy: 0.2000 - lr: 1.0000e-04
Epoch 17/30
2/2 [==============================] - 1s 401ms/step - loss: 8.1001 - accuracy: 0.3167 - val_loss: 5.5814 - val_accuracy: 0.2000 - lr: 1.0000e-04
Evaluating the model...
1/1 [==============================] - 0s 92ms/step - loss: 5.5740 - accuracy: 0.1429
Test accuracy: 0.1428571492433548, Validation loss: 5.577753067016602
Saving results to CSV...

Running training with params: (0.0001, 0.6, 16, 50, 0.5, 20)
Loading training data...
Found 60 images belonging to 6 classes.
Loading validation data...
Found 5 images belonging to 6 classes.
Loading test data...
Found 7 images belonging to 6 classes.
Number of classes: 6
Computing class weights...
Class weights: {0: 1.0, 1: 1.0, 2: 1.0, 3: 1.0, 4: 1.0, 5: 1.0}
Creating model with learning rate: 0.0001, dropout: 0.6, filters: 16
Model created and compiled.
Training the model...
Epoch 1/20
2/2 [==============================] - 2s 624ms/step - loss: 9.7966 - accuracy: 0.1333 - val_loss: 5.7841 - val_accuracy: 0.0000e+00 - lr: 1.0000e-04
Epoch 2/20
2/2 [==============================] - 1s 447ms/step - loss: 11.2372 - accuracy: 0.1667 - val_loss: 5.7713 - val_accuracy: 0.2000 - lr: 1.0000e-04
Epoch 3/20
2/2 [==============================] - 1s 401ms/step - loss: 10.6332 - accuracy: 0.1833 - val_loss: 5.7704 - val_accuracy: 0.2000 - lr: 1.0000e-04
Epoch 4/20
2/2 [==============================] - 1s 386ms/step - loss: 9.0015 - accuracy: 0.2333 - val_loss: 5.7712 - val_accuracy: 0.2000 - lr: 1.0000e-04
Epoch 5/20
2/2 [==============================] - 1s 400ms/step - loss: 9.6750 - accuracy: 0.1833 - val_loss: 5.7740 - val_accuracy: 0.2000 - lr: 1.0000e-04
Evaluating the model...
1/1 [==============================] - 0s 95ms/step - loss: 5.7915 - accuracy: 0.2857
Test accuracy: 0.2857142984867096, Validation loss: 5.770447254180908
Saving results to CSV...

Running training with params: (0.0001, 0.6, 16, 50, 0.5, 30)
Loading training data...
Found 60 images belonging to 6 classes.
Loading validation data...
Found 5 images belonging to 6 classes.
Loading test data...
Found 7 images belonging to 6 classes.
Number of classes: 6
Computing class weights...
Class weights: {0: 1.0, 1: 1.0, 2: 1.0, 3: 1.0, 4: 1.0, 5: 1.0}
Creating model with learning rate: 0.0001, dropout: 0.6, filters: 16
Model created and compiled.
Training the model...
Epoch 1/30
2/2 [==============================] - 2s 542ms/step - loss: 10.5311 - accuracy: 0.1167 - val_loss: 5.8241 - val_accuracy: 0.0000e+00 - lr: 1.0000e-04
Epoch 2/30
2/2 [==============================] - 1s 387ms/step - loss: 10.5405 - accuracy: 0.1167 - val_loss: 5.8188 - val_accuracy: 0.0000e+00 - lr: 1.0000e-04
Epoch 3/30
2/2 [==============================] - 1s 432ms/step - loss: 8.8308 - accuracy: 0.1500 - val_loss: 5.8120 - val_accuracy: 0.0000e+00 - lr: 1.0000e-04
Epoch 4/30
2/2 [==============================] - 1s 392ms/step - loss: 8.7303 - accuracy: 0.2333 - val_loss: 5.8167 - val_accuracy: 0.2000 - lr: 1.0000e-04
Epoch 5/30
2/2 [==============================] - 1s 452ms/step - loss: 9.5664 - accuracy: 0.1500 - val_loss: 5.8211 - val_accuracy: 0.2000 - lr: 1.0000e-04
Evaluating the model...
1/1 [==============================] - 0s 94ms/step - loss: 5.8233 - accuracy: 0.1429
Test accuracy: 0.1428571492433548, Validation loss: 5.812020301818848
Saving results to CSV...

Running training with params: (0.0001, 0.6, 16, 60, 0.3, 20)
Loading training data...
Found 60 images belonging to 6 classes.
Loading validation data...
Found 5 images belonging to 6 classes.
Loading test data...
Found 7 images belonging to 6 classes.
Number of classes: 6
Computing class weights...
Class weights: {0: 1.0, 1: 1.0, 2: 1.0, 3: 1.0, 4: 1.0, 5: 1.0}
Creating model with learning rate: 0.0001, dropout: 0.6, filters: 16
Model created and compiled.
Training the model...
Epoch 1/20
2/2 [==============================] - 2s 555ms/step - loss: 9.4901 - accuracy: 0.2333 - val_loss: 5.8353 - val_accuracy: 0.0000e+00 - lr: 1.0000e-04
Epoch 2/20
2/2 [==============================] - 1s 389ms/step - loss: 9.9569 - accuracy: 0.2000 - val_loss: 5.8328 - val_accuracy: 0.0000e+00 - lr: 1.0000e-04
Epoch 3/20
2/2 [==============================] - 1s 463ms/step - loss: 8.6823 - accuracy: 0.2167 - val_loss: 5.8273 - val_accuracy: 0.0000e+00 - lr: 1.0000e-04
Epoch 4/20
2/2 [==============================] - 1s 443ms/step - loss: 9.8859 - accuracy: 0.1833 - val_loss: 5.8188 - val_accuracy: 0.0000e+00 - lr: 1.0000e-04
Epoch 5/20
2/2 [==============================] - 1s 436ms/step - loss: 9.1842 - accuracy: 0.1833 - val_loss: 5.8114 - val_accuracy: 0.0000e+00 - lr: 1.0000e-04
Epoch 6/20
2/2 [==============================] - 1s 458ms/step - loss: 9.3741 - accuracy: 0.2333 - val_loss: 5.8093 - val_accuracy: 0.0000e+00 - lr: 1.0000e-04
Epoch 7/20
2/2 [==============================] - 1s 458ms/step - loss: 9.5895 - accuracy: 0.2500 - val_loss: 5.8103 - val_accuracy: 0.0000e+00 - lr: 1.0000e-04
Epoch 8/20
2/2 [==============================] - 1s 457ms/step - loss: 10.6249 - accuracy: 0.1667 - val_loss: 5.8157 - val_accuracy: 0.0000e+00 - lr: 1.0000e-04
Evaluating the model...
1/1 [==============================] - 0s 96ms/step - loss: 5.8017 - accuracy: 0.2857
Test accuracy: 0.2857142984867096, Validation loss: 5.809342384338379
Saving results to CSV...

Running training with params: (0.0001, 0.6, 16, 60, 0.3, 30)
Loading training data...
Found 60 images belonging to 6 classes.
Loading validation data...
Found 5 images belonging to 6 classes.
Loading test data...
Found 7 images belonging to 6 classes.
Number of classes: 6
Computing class weights...
Class weights: {0: 1.0, 1: 1.0, 2: 1.0, 3: 1.0, 4: 1.0, 5: 1.0}
Creating model with learning rate: 0.0001, dropout: 0.6, filters: 16
Model created and compiled.
Training the model...
Epoch 1/30
2/2 [==============================] - 2s 598ms/step - loss: 11.3237 - accuracy: 0.2000 - val_loss: 5.8257 - val_accuracy: 0.2000 - lr: 1.0000e-04
Epoch 2/30
2/2 [==============================] - 1s 387ms/step - loss: 10.1455 - accuracy: 0.1833 - val_loss: 5.8321 - val_accuracy: 0.2000 - lr: 1.0000e-04
Epoch 3/30
2/2 [==============================] - 1s 434ms/step - loss: 10.9533 - accuracy: 0.1333 - val_loss: 5.8328 - val_accuracy: 0.2000 - lr: 1.0000e-04
Evaluating the model...
1/1 [==============================] - 0s 96ms/step - loss: 5.7863 - accuracy: 0.2857
Test accuracy: 0.2857142984867096, Validation loss: 5.825741767883301
Saving results to CSV...

Running training with params: (0.0001, 0.6, 16, 60, 0.5, 20)
Loading training data...
Found 60 images belonging to 6 classes.
Loading validation data...
Found 5 images belonging to 6 classes.
Loading test data...
Found 7 images belonging to 6 classes.
Number of classes: 6
Computing class weights...
Class weights: {0: 1.0, 1: 1.0, 2: 1.0, 3: 1.0, 4: 1.0, 5: 1.0}
Creating model with learning rate: 0.0001, dropout: 0.6, filters: 16
Model created and compiled.
Training the model...
Epoch 1/20
2/2 [==============================] - 2s 563ms/step - loss: 8.7263 - accuracy: 0.2500 - val_loss: 5.7830 - val_accuracy: 0.4000 - lr: 1.0000e-04
Epoch 2/20
2/2 [==============================] - 1s 487ms/step - loss: 8.9777 - accuracy: 0.1667 - val_loss: 5.7751 - val_accuracy: 0.2000 - lr: 1.0000e-04
Epoch 3/20
2/2 [==============================] - 1s 387ms/step - loss: 9.2561 - accuracy: 0.2667 - val_loss: 5.7791 - val_accuracy: 0.4000 - lr: 1.0000e-04
Epoch 4/20
2/2 [==============================] - 1s 453ms/step - loss: 11.4755 - accuracy: 0.1500 - val_loss: 5.7853 - val_accuracy: 0.4000 - lr: 1.0000e-04
Evaluating the model...
1/1 [==============================] - 0s 96ms/step - loss: 5.8152 - accuracy: 0.2857
Test accuracy: 0.2857142984867096, Validation loss: 5.775128364562988
Saving results to CSV...

Running training with params: (0.0001, 0.6, 16, 60, 0.5, 30)
Loading training data...
Found 60 images belonging to 6 classes.
Loading validation data...
Found 5 images belonging to 6 classes.
Loading test data...
Found 7 images belonging to 6 classes.
Number of classes: 6
Computing class weights...
Class weights: {0: 1.0, 1: 1.0, 2: 1.0, 3: 1.0, 4: 1.0, 5: 1.0}
Creating model with learning rate: 0.0001, dropout: 0.6, filters: 16
Model created and compiled.
Training the model...
Epoch 1/30
2/2 [==============================] - 2s 576ms/step - loss: 10.3082 - accuracy: 0.2000 - val_loss: 5.8093 - val_accuracy: 0.2000 - lr: 1.0000e-04
Epoch 2/30
2/2 [==============================] - 1s 413ms/step - loss: 10.5737 - accuracy: 0.1333 - val_loss: 5.8182 - val_accuracy: 0.2000 - lr: 1.0000e-04
Epoch 3/30
2/2 [==============================] - 1s 406ms/step - loss: 9.8635 - accuracy: 0.1500 - val_loss: 5.8208 - val_accuracy: 0.4000 - lr: 1.0000e-04
Evaluating the model...
1/1 [==============================] - 0s 98ms/step - loss: 5.7694 - accuracy: 0.1429
Test accuracy: 0.1428571492433548, Validation loss: 5.809326171875
Saving results to CSV...

Running training with params: (0.0001, 0.6, 32, 50, 0.3, 20)
Loading training data...
Found 60 images belonging to 6 classes.
Loading validation data...
Found 5 images belonging to 6 classes.
Loading test data...
Found 7 images belonging to 6 classes.
Number of classes: 6
Computing class weights...
Class weights: {0: 1.0, 1: 1.0, 2: 1.0, 3: 1.0, 4: 1.0, 5: 1.0}
Creating model with learning rate: 0.0001, dropout: 0.6, filters: 32
Model created and compiled.
Training the model...
Epoch 1/20
2/2 [==============================] - 2s 739ms/step - loss: 9.1706 - accuracy: 0.1833 - val_loss: 6.2936 - val_accuracy: 0.2000 - lr: 1.0000e-04
Epoch 2/20
2/2 [==============================] - 1s 564ms/step - loss: 9.2155 - accuracy: 0.2333 - val_loss: 6.2857 - val_accuracy: 0.2000 - lr: 1.0000e-04
Epoch 3/20
2/2 [==============================] - 1s 549ms/step - loss: 10.6538 - accuracy: 0.2500 - val_loss: 6.2850 - val_accuracy: 0.2000 - lr: 1.0000e-04
Epoch 4/20
2/2 [==============================] - 1s 569ms/step - loss: 10.5998 - accuracy: 0.1667 - val_loss: 6.2857 - val_accuracy: 0.2000 - lr: 1.0000e-04
Epoch 5/20
2/2 [==============================] - 1s 559ms/step - loss: 9.1951 - accuracy: 0.3000 - val_loss: 6.2789 - val_accuracy: 0.2000 - lr: 1.0000e-04
Epoch 6/20
2/2 [==============================] - 1s 562ms/step - loss: 9.7211 - accuracy: 0.2333 - val_loss: 6.2748 - val_accuracy: 0.4000 - lr: 1.0000e-04
Epoch 7/20
2/2 [==============================] - 1s 453ms/step - loss: 10.0391 - accuracy: 0.1833 - val_loss: 6.2769 - val_accuracy: 0.4000 - lr: 1.0000e-04
Epoch 8/20
2/2 [==============================] - 1s 577ms/step - loss: 10.0615 - accuracy: 0.2167 - val_loss: 6.2800 - val_accuracy: 0.4000 - lr: 1.0000e-04
Evaluating the model...
1/1 [==============================] - 0s 103ms/step - loss: 6.2830 - accuracy: 0.2857
Test accuracy: 0.2857142984867096, Validation loss: 6.274781227111816
Saving results to CSV...

Running training with params: (0.0001, 0.6, 32, 50, 0.3, 30)
Loading training data...
Found 60 images belonging to 6 classes.
Loading validation data...
Found 5 images belonging to 6 classes.
Loading test data...
Found 7 images belonging to 6 classes.
Number of classes: 6
Computing class weights...
Class weights: {0: 1.0, 1: 1.0, 2: 1.0, 3: 1.0, 4: 1.0, 5: 1.0}
Creating model with learning rate: 0.0001, dropout: 0.6, filters: 32
Model created and compiled.
Training the model...
Epoch 1/30
2/2 [==============================] - 2s 712ms/step - loss: 11.1885 - accuracy: 0.1333 - val_loss: 6.2928 - val_accuracy: 0.2000 - lr: 1.0000e-04
Epoch 2/30
2/2 [==============================] - 1s 488ms/step - loss: 10.0125 - accuracy: 0.1500 - val_loss: 6.2807 - val_accuracy: 0.2000 - lr: 1.0000e-04
Epoch 3/30
2/2 [==============================] - 1s 559ms/step - loss: 10.3527 - accuracy: 0.1833 - val_loss: 6.2775 - val_accuracy: 0.4000 - lr: 1.0000e-04
Epoch 4/30
2/2 [==============================] - 1s 460ms/step - loss: 9.8627 - accuracy: 0.2333 - val_loss: 6.2786 - val_accuracy: 0.2000 - lr: 1.0000e-04
Epoch 5/30
2/2 [==============================] - 1s 561ms/step - loss: 10.8808 - accuracy: 0.2000 - val_loss: 6.2885 - val_accuracy: 0.2000 - lr: 1.0000e-04
Evaluating the model...
1/1 [==============================] - 0s 104ms/step - loss: 6.2619 - accuracy: 0.1429
Test accuracy: 0.1428571492433548, Validation loss: 6.277530193328857
Saving results to CSV...

Running training with params: (0.0001, 0.6, 32, 50, 0.5, 20)
Loading training data...
Found 60 images belonging to 6 classes.
Loading validation data...
Found 5 images belonging to 6 classes.
Loading test data...
Found 7 images belonging to 6 classes.
Number of classes: 6
Computing class weights...
Class weights: {0: 1.0, 1: 1.0, 2: 1.0, 3: 1.0, 4: 1.0, 5: 1.0}
Creating model with learning rate: 0.0001, dropout: 0.6, filters: 32
Model created and compiled.
Training the model...
Epoch 1/20
2/2 [==============================] - 2s 639ms/step - loss: 11.4661 - accuracy: 0.1167 - val_loss: 6.2926 - val_accuracy: 0.0000e+00 - lr: 1.0000e-04
Epoch 2/20
2/2 [==============================] - 1s 516ms/step - loss: 10.2331 - accuracy: 0.1833 - val_loss: 6.3008 - val_accuracy: 0.0000e+00 - lr: 1.0000e-04
Epoch 3/20
2/2 [==============================] - 1s 464ms/step - loss: 9.5993 - accuracy: 0.2167 - val_loss: 6.2942 - val_accuracy: 0.0000e+00 - lr: 1.0000e-04
Evaluating the model...
1/1 [==============================] - 0s 104ms/step - loss: 6.2649 - accuracy: 0.0000e+00
Test accuracy: 0.0, Validation loss: 6.292550086975098
Saving results to CSV...

Running training with params: (0.0001, 0.6, 32, 50, 0.5, 30)
Loading training data...
Found 60 images belonging to 6 classes.
Loading validation data...
Found 5 images belonging to 6 classes.
Loading test data...
Found 7 images belonging to 6 classes.
Number of classes: 6
Computing class weights...
Class weights: {0: 1.0, 1: 1.0, 2: 1.0, 3: 1.0, 4: 1.0, 5: 1.0}
Creating model with learning rate: 0.0001, dropout: 0.6, filters: 32
Model created and compiled.
Training the model...
Epoch 1/30
2/2 [==============================] - 2s 687ms/step - loss: 10.5418 - accuracy: 0.2333 - val_loss: 6.2943 - val_accuracy: 0.0000e+00 - lr: 1.0000e-04
Epoch 2/30
2/2 [==============================] - 1s 475ms/step - loss: 10.1666 - accuracy: 0.2167 - val_loss: 6.2846 - val_accuracy: 0.2000 - lr: 1.0000e-04
Epoch 3/30
2/2 [==============================] - 1s 570ms/step - loss: 10.4083 - accuracy: 0.1833 - val_loss: 6.2839 - val_accuracy: 0.2000 - lr: 1.0000e-04
Epoch 4/30
2/2 [==============================] - 1s 469ms/step - loss: 11.0853 - accuracy: 0.2333 - val_loss: 6.2880 - val_accuracy: 0.4000 - lr: 1.0000e-04
Epoch 5/30
2/2 [==============================] - 1s 577ms/step - loss: 9.9452 - accuracy: 0.2167 - val_loss: 6.2992 - val_accuracy: 0.2000 - lr: 1.0000e-04
Evaluating the model...
1/1 [==============================] - 0s 104ms/step - loss: 6.2781 - accuracy: 0.1429
Test accuracy: 0.1428571492433548, Validation loss: 6.283888816833496
Saving results to CSV...

Running training with params: (0.0001, 0.6, 32, 60, 0.3, 20)
Loading training data...
Found 60 images belonging to 6 classes.
Loading validation data...
Found 5 images belonging to 6 classes.
Loading test data...
Found 7 images belonging to 6 classes.
Number of classes: 6
Computing class weights...
Class weights: {0: 1.0, 1: 1.0, 2: 1.0, 3: 1.0, 4: 1.0, 5: 1.0}
Creating model with learning rate: 0.0001, dropout: 0.6, filters: 32
Model created and compiled.
Training the model...
Epoch 1/20
2/2 [==============================] - 2s 737ms/step - loss: 11.3996 - accuracy: 0.1667 - val_loss: 6.2593 - val_accuracy: 0.2000 - lr: 1.0000e-04
Epoch 2/20
2/2 [==============================] - 1s 558ms/step - loss: 11.1148 - accuracy: 0.2167 - val_loss: 6.2413 - val_accuracy: 0.2000 - lr: 1.0000e-04
Epoch 3/20
2/2 [==============================] - 1s 568ms/step - loss: 10.1494 - accuracy: 0.2333 - val_loss: 6.2416 - val_accuracy: 0.2000 - lr: 1.0000e-04
Epoch 4/20
2/2 [==============================] - 1s 566ms/step - loss: 10.1480 - accuracy: 0.1667 - val_loss: 6.2561 - val_accuracy: 0.4000 - lr: 1.0000e-04
Evaluating the model...
1/1 [==============================] - 0s 103ms/step - loss: 6.2531 - accuracy: 0.4286
Test accuracy: 0.4285714328289032, Validation loss: 6.241273880004883
Saving results to CSV...

Running training with params: (0.0001, 0.6, 32, 60, 0.3, 30)
Loading training data...
Found 60 images belonging to 6 classes.
Loading validation data...
Found 5 images belonging to 6 classes.
Loading test data...
Found 7 images belonging to 6 classes.
Number of classes: 6
Computing class weights...
Class weights: {0: 1.0, 1: 1.0, 2: 1.0, 3: 1.0, 4: 1.0, 5: 1.0}
Creating model with learning rate: 0.0001, dropout: 0.6, filters: 32
Model created and compiled.
Training the model...
Epoch 1/30
2/2 [==============================] - 2s 696ms/step - loss: 10.0708 - accuracy: 0.1667 - val_loss: 6.2954 - val_accuracy: 0.0000e+00 - lr: 1.0000e-04
Epoch 2/30
2/2 [==============================] - 1s 475ms/step - loss: 10.2336 - accuracy: 0.2333 - val_loss: 6.2854 - val_accuracy: 0.2000 - lr: 1.0000e-04
Epoch 3/30
2/2 [==============================] - 1s 569ms/step - loss: 10.6937 - accuracy: 0.1833 - val_loss: 6.2902 - val_accuracy: 0.2000 - lr: 1.0000e-04
Epoch 4/30
2/2 [==============================] - 1s 506ms/step - loss: 10.7841 - accuracy: 0.1500 - val_loss: 6.3157 - val_accuracy: 0.0000e+00 - lr: 1.0000e-04
Evaluating the model...
1/1 [==============================] - 0s 100ms/step - loss: 6.2962 - accuracy: 0.1429
Test accuracy: 0.1428571492433548, Validation loss: 6.2854437828063965
Saving results to CSV...

Running training with params: (0.0001, 0.6, 32, 60, 0.5, 20)
Loading training data...
Found 60 images belonging to 6 classes.
Loading validation data...
Found 5 images belonging to 6 classes.
Loading test data...
Found 7 images belonging to 6 classes.
Number of classes: 6
Computing class weights...
Class weights: {0: 1.0, 1: 1.0, 2: 1.0, 3: 1.0, 4: 1.0, 5: 1.0}
Creating model with learning rate: 0.0001, dropout: 0.6, filters: 32
Model created and compiled.
Training the model...
Epoch 1/20
2/2 [==============================] - 2s 622ms/step - loss: 10.4649 - accuracy: 0.2333 - val_loss: 6.2759 - val_accuracy: 0.2000 - lr: 1.0000e-04
Epoch 2/20
2/2 [==============================] - 1s 488ms/step - loss: 11.6624 - accuracy: 0.1167 - val_loss: 6.3018 - val_accuracy: 0.0000e+00 - lr: 1.0000e-04
Epoch 3/20
2/2 [==============================] - 1s 579ms/step - loss: 9.9254 - accuracy: 0.2000 - val_loss: 6.3060 - val_accuracy: 0.0000e+00 - lr: 1.0000e-04
Evaluating the model...
1/1 [==============================] - 0s 102ms/step - loss: 6.2689 - accuracy: 0.2857
Test accuracy: 0.2857142984867096, Validation loss: 6.2759222984313965
Saving results to CSV...

Running training with params: (0.0001, 0.6, 32, 60, 0.5, 30)
Loading training data...
Found 60 images belonging to 6 classes.
Loading validation data...
Found 5 images belonging to 6 classes.
Loading test data...
Found 7 images belonging to 6 classes.
Number of classes: 6
Computing class weights...
Class weights: {0: 1.0, 1: 1.0, 2: 1.0, 3: 1.0, 4: 1.0, 5: 1.0}
Creating model with learning rate: 0.0001, dropout: 0.6, filters: 32
Model created and compiled.
Training the model...
Epoch 1/30
2/2 [==============================] - 2s 969ms/step - loss: 11.2237 - accuracy: 0.2000 - val_loss: 6.2635 - val_accuracy: 0.0000e+00 - lr: 1.0000e-04
Epoch 2/30
2/2 [==============================] - 1s 589ms/step - loss: 9.8685 - accuracy: 0.1500 - val_loss: 6.2563 - val_accuracy: 0.0000e+00 - lr: 1.0000e-04
Epoch 3/30
2/2 [==============================] - 1s 586ms/step - loss: 11.5887 - accuracy: 0.1333 - val_loss: 6.2667 - val_accuracy: 0.4000 - lr: 1.0000e-04
Epoch 4/30
2/2 [==============================] - 1s 482ms/step - loss: 9.9550 - accuracy: 0.1833 - val_loss: 6.2746 - val_accuracy: 0.4000 - lr: 1.0000e-04
Evaluating the model...
1/1 [==============================] - 0s 103ms/step - loss: 6.2714 - accuracy: 0.1429
Test accuracy: 0.1428571492433548, Validation loss: 6.256283760070801
Saving results to CSV...

Running training with params: (0.0001, 0.8, 16, 50, 0.3, 20)
Loading training data...
Found 60 images belonging to 6 classes.
Loading validation data...
Found 5 images belonging to 6 classes.
Loading test data...
Found 7 images belonging to 6 classes.
Number of classes: 6
Computing class weights...
Class weights: {0: 1.0, 1: 1.0, 2: 1.0, 3: 1.0, 4: 1.0, 5: 1.0}
Creating model with learning rate: 0.0001, dropout: 0.8, filters: 16
Model created and compiled.
Training the model...
Epoch 1/20
2/2 [==============================] - 2s 642ms/step - loss: 16.5206 - accuracy: 0.1333 - val_loss: 5.7370 - val_accuracy: 0.4000 - lr: 1.0000e-04
Epoch 2/20
2/2 [==============================] - 1s 462ms/step - loss: 15.6274 - accuracy: 0.1833 - val_loss: 5.7156 - val_accuracy: 0.4000 - lr: 1.0000e-04
Epoch 3/20
2/2 [==============================] - 1s 461ms/step - loss: 16.8074 - accuracy: 0.1000 - val_loss: 5.7090 - val_accuracy: 0.4000 - lr: 1.0000e-04
Epoch 4/20
2/2 [==============================] - 1s 380ms/step - loss: 18.2009 - accuracy: 0.1833 - val_loss: 5.7099 - val_accuracy: 0.4000 - lr: 1.0000e-04
Epoch 5/20
2/2 [==============================] - 1s 389ms/step - loss: 17.6812 - accuracy: 0.1667 - val_loss: 5.7115 - val_accuracy: 0.4000 - lr: 1.0000e-04
Evaluating the model...
1/1 [==============================] - 0s 94ms/step - loss: 5.7211 - accuracy: 0.1429
Test accuracy: 0.1428571492433548, Validation loss: 5.709012508392334
Saving results to CSV...

Running training with params: (0.0001, 0.8, 16, 50, 0.3, 30)
Loading training data...
Found 60 images belonging to 6 classes.
Loading validation data...
Found 5 images belonging to 6 classes.
Loading test data...
Found 7 images belonging to 6 classes.
Number of classes: 6
Computing class weights...
Class weights: {0: 1.0, 1: 1.0, 2: 1.0, 3: 1.0, 4: 1.0, 5: 1.0}
Creating model with learning rate: 0.0001, dropout: 0.8, filters: 16
Model created and compiled.
Training the model...
Epoch 1/30
2/2 [==============================] - 2s 594ms/step - loss: 14.5526 - accuracy: 0.1667 - val_loss: 5.7533 - val_accuracy: 0.2000 - lr: 1.0000e-04
Epoch 2/30
2/2 [==============================] - 1s 466ms/step - loss: 15.1983 - accuracy: 0.1500 - val_loss: 5.7290 - val_accuracy: 0.2000 - lr: 1.0000e-04
Epoch 3/30
2/2 [==============================] - 1s 451ms/step - loss: 17.0650 - accuracy: 0.1167 - val_loss: 5.7215 - val_accuracy: 0.2000 - lr: 1.0000e-04
Epoch 4/30
2/2 [==============================] - 1s 466ms/step - loss: 15.1336 - accuracy: 0.1833 - val_loss: 5.7223 - val_accuracy: 0.2000 - lr: 1.0000e-04
Epoch 5/30
2/2 [==============================] - 1s 407ms/step - loss: 16.1956 - accuracy: 0.2333 - val_loss: 5.7256 - val_accuracy: 0.0000e+00 - lr: 1.0000e-04
Evaluating the model...
1/1 [==============================] - 0s 91ms/step - loss: 5.7075 - accuracy: 0.2857
Test accuracy: 0.2857142984867096, Validation loss: 5.721529483795166
Saving results to CSV...

Running training with params: (0.0001, 0.8, 16, 50, 0.5, 20)
Loading training data...
Found 60 images belonging to 6 classes.
Loading validation data...
Found 5 images belonging to 6 classes.
Loading test data...
Found 7 images belonging to 6 classes.
Number of classes: 6
Computing class weights...
Class weights: {0: 1.0, 1: 1.0, 2: 1.0, 3: 1.0, 4: 1.0, 5: 1.0}
Creating model with learning rate: 0.0001, dropout: 0.8, filters: 16
Model created and compiled.
Training the model...
Epoch 1/20
2/2 [==============================] - 2s 549ms/step - loss: 17.2789 - accuracy: 0.1833 - val_loss: 5.7612 - val_accuracy: 0.2000 - lr: 1.0000e-04
Epoch 2/20
2/2 [==============================] - 1s 414ms/step - loss: 16.0255 - accuracy: 0.2500 - val_loss: 5.7453 - val_accuracy: 0.2000 - lr: 1.0000e-04
Epoch 3/20
2/2 [==============================] - 1s 387ms/step - loss: 16.6788 - accuracy: 0.1500 - val_loss: 5.7392 - val_accuracy: 0.2000 - lr: 1.0000e-04
Epoch 4/20
2/2 [==============================] - 1s 453ms/step - loss: 17.0279 - accuracy: 0.1167 - val_loss: 5.7383 - val_accuracy: 0.2000 - lr: 1.0000e-04
Epoch 5/20
2/2 [==============================] - 1s 453ms/step - loss: 13.4694 - accuracy: 0.1833 - val_loss: 5.7355 - val_accuracy: 0.4000 - lr: 1.0000e-04
Epoch 6/20
2/2 [==============================] - 1s 457ms/step - loss: 14.3666 - accuracy: 0.2500 - val_loss: 5.7342 - val_accuracy: 0.2000 - lr: 1.0000e-04
Epoch 7/20
2/2 [==============================] - 1s 450ms/step - loss: 16.5842 - accuracy: 0.1833 - val_loss: 5.7324 - val_accuracy: 0.2000 - lr: 1.0000e-04
Epoch 8/20
2/2 [==============================] - 1s 402ms/step - loss: 15.2930 - accuracy: 0.1667 - val_loss: 5.7319 - val_accuracy: 0.2000 - lr: 1.0000e-04
Epoch 9/20
2/2 [==============================] - 1s 386ms/step - loss: 15.7162 - accuracy: 0.2000 - val_loss: 5.7339 - val_accuracy: 0.2000 - lr: 1.0000e-04
Epoch 10/20
2/2 [==============================] - 1s 461ms/step - loss: 14.4346 - accuracy: 0.1667 - val_loss: 5.7389 - val_accuracy: 0.2000 - lr: 1.0000e-04
Evaluating the model...
1/1 [==============================] - 0s 97ms/step - loss: 5.7712 - accuracy: 0.0000e+00
Test accuracy: 0.0, Validation loss: 5.73193359375
Saving results to CSV...

Running training with params: (0.0001, 0.8, 16, 50, 0.5, 30)
Loading training data...
Found 60 images belonging to 6 classes.
Loading validation data...
Found 5 images belonging to 6 classes.
Loading test data...
Found 7 images belonging to 6 classes.
Number of classes: 6
Computing class weights...
Class weights: {0: 1.0, 1: 1.0, 2: 1.0, 3: 1.0, 4: 1.0, 5: 1.0}
Creating model with learning rate: 0.0001, dropout: 0.8, filters: 16
Model created and compiled.
Training the model...
Epoch 1/30
2/2 [==============================] - 2s 590ms/step - loss: 16.3474 - accuracy: 0.1833 - val_loss: 5.7447 - val_accuracy: 0.2000 - lr: 1.0000e-04
Epoch 2/30
2/2 [==============================] - 1s 462ms/step - loss: 18.5656 - accuracy: 0.1667 - val_loss: 5.7216 - val_accuracy: 0.2000 - lr: 1.0000e-04
Epoch 3/30
2/2 [==============================] - 1s 408ms/step - loss: 15.3766 - accuracy: 0.1833 - val_loss: 5.7124 - val_accuracy: 0.0000e+00 - lr: 1.0000e-04
Epoch 4/30
2/2 [==============================] - 1s 390ms/step - loss: 16.5521 - accuracy: 0.1000 - val_loss: 5.7133 - val_accuracy: 0.2000 - lr: 1.0000e-04
Epoch 5/30
2/2 [==============================] - 1s 457ms/step - loss: 16.7076 - accuracy: 0.1667 - val_loss: 5.7173 - val_accuracy: 0.2000 - lr: 1.0000e-04
Evaluating the model...
1/1 [==============================] - 0s 96ms/step - loss: 5.7180 - accuracy: 0.1429
Test accuracy: 0.1428571492433548, Validation loss: 5.712360382080078
Saving results to CSV...

Running training with params: (0.0001, 0.8, 16, 60, 0.3, 20)
Loading training data...
Found 60 images belonging to 6 classes.
Loading validation data...
Found 5 images belonging to 6 classes.
Loading test data...
Found 7 images belonging to 6 classes.
Number of classes: 6
Computing class weights...
Class weights: {0: 1.0, 1: 1.0, 2: 1.0, 3: 1.0, 4: 1.0, 5: 1.0}
Creating model with learning rate: 0.0001, dropout: 0.8, filters: 16
Model created and compiled.
Training the model...
Epoch 1/20
2/2 [==============================] - 2s 539ms/step - loss: 14.2237 - accuracy: 0.2500 - val_loss: 5.7805 - val_accuracy: 0.0000e+00 - lr: 1.0000e-04
Epoch 2/20
2/2 [==============================] - 1s 463ms/step - loss: 18.0686 - accuracy: 0.1000 - val_loss: 5.7566 - val_accuracy: 0.0000e+00 - lr: 1.0000e-04
Epoch 3/20
2/2 [==============================] - 1s 456ms/step - loss: 15.7805 - accuracy: 0.1333 - val_loss: 5.7417 - val_accuracy: 0.0000e+00 - lr: 1.0000e-04
Epoch 4/20
2/2 [==============================] - 1s 398ms/step - loss: 17.2459 - accuracy: 0.1167 - val_loss: 5.7325 - val_accuracy: 0.0000e+00 - lr: 1.0000e-04
Epoch 5/20
2/2 [==============================] - 1s 447ms/step - loss: 14.6220 - accuracy: 0.2000 - val_loss: 5.7303 - val_accuracy: 0.0000e+00 - lr: 1.0000e-04
Epoch 6/20
2/2 [==============================] - 1s 395ms/step - loss: 16.1585 - accuracy: 0.1500 - val_loss: 5.7306 - val_accuracy: 0.0000e+00 - lr: 1.0000e-04
Epoch 7/20
2/2 [==============================] - 1s 388ms/step - loss: 15.0273 - accuracy: 0.1000 - val_loss: 5.7309 - val_accuracy: 0.0000e+00 - lr: 1.0000e-04
Evaluating the model...
1/1 [==============================] - 0s 94ms/step - loss: 5.7322 - accuracy: 0.0000e+00
Test accuracy: 0.0, Validation loss: 5.730317115783691
Saving results to CSV...

Running training with params: (0.0001, 0.8, 16, 60, 0.3, 30)
Loading training data...
Found 60 images belonging to 6 classes.
Loading validation data...
Found 5 images belonging to 6 classes.
Loading test data...
Found 7 images belonging to 6 classes.
Number of classes: 6
Computing class weights...
Class weights: {0: 1.0, 1: 1.0, 2: 1.0, 3: 1.0, 4: 1.0, 5: 1.0}
Creating model with learning rate: 0.0001, dropout: 0.8, filters: 16
Model created and compiled.
Training the model...
Epoch 1/30
2/2 [==============================] - 2s 528ms/step - loss: 13.0754 - accuracy: 0.2667 - val_loss: 5.7854 - val_accuracy: 0.0000e+00 - lr: 1.0000e-04
Epoch 2/30
2/2 [==============================] - 1s 401ms/step - loss: 15.7406 - accuracy: 0.2667 - val_loss: 5.7598 - val_accuracy: 0.0000e+00 - lr: 1.0000e-04
Epoch 3/30
2/2 [==============================] - 1s 445ms/step - loss: 13.8263 - accuracy: 0.2500 - val_loss: 5.7496 - val_accuracy: 0.0000e+00 - lr: 1.0000e-04
Epoch 4/30
2/2 [==============================] - 1s 384ms/step - loss: 14.3639 - accuracy: 0.3000 - val_loss: 5.7461 - val_accuracy: 0.0000e+00 - lr: 1.0000e-04
Epoch 5/30
2/2 [==============================] - 1s 454ms/step - loss: 16.2617 - accuracy: 0.2333 - val_loss: 5.7465 - val_accuracy: 0.0000e+00 - lr: 1.0000e-04
Epoch 6/30
2/2 [==============================] - 1s 384ms/step - loss: 12.6779 - accuracy: 0.2333 - val_loss: 5.7474 - val_accuracy: 0.0000e+00 - lr: 1.0000e-04
Evaluating the model...
1/1 [==============================] - 0s 90ms/step - loss: 5.7302 - accuracy: 0.1429
Test accuracy: 0.1428571492433548, Validation loss: 5.746054649353027
Saving results to CSV...

Running training with params: (0.0001, 0.8, 16, 60, 0.5, 20)
Loading training data...
Found 60 images belonging to 6 classes.
Loading validation data...
Found 5 images belonging to 6 classes.
Loading test data...
Found 7 images belonging to 6 classes.
Number of classes: 6
Computing class weights...
Class weights: {0: 1.0, 1: 1.0, 2: 1.0, 3: 1.0, 4: 1.0, 5: 1.0}
Creating model with learning rate: 0.0001, dropout: 0.8, filters: 16
Model created and compiled.
Training the model...
Epoch 1/20
2/2 [==============================] - 2s 538ms/step - loss: 18.6022 - accuracy: 0.1167 - val_loss: 5.7702 - val_accuracy: 0.0000e+00 - lr: 1.0000e-04
Epoch 2/20
2/2 [==============================] - 1s 434ms/step - loss: 15.4847 - accuracy: 0.0833 - val_loss: 5.7485 - val_accuracy: 0.0000e+00 - lr: 1.0000e-04
Epoch 3/20
2/2 [==============================] - 1s 481ms/step - loss: 14.3138 - accuracy: 0.2500 - val_loss: 5.7391 - val_accuracy: 0.2000 - lr: 1.0000e-04
Epoch 4/20
2/2 [==============================] - 1s 395ms/step - loss: 15.9196 - accuracy: 0.1333 - val_loss: 5.7348 - val_accuracy: 0.2000 - lr: 1.0000e-04
Epoch 5/20
2/2 [==============================] - 1s 464ms/step - loss: 15.5350 - accuracy: 0.2000 - val_loss: 5.7291 - val_accuracy: 0.4000 - lr: 1.0000e-04
Epoch 6/20
2/2 [==============================] - 1s 408ms/step - loss: 15.3535 - accuracy: 0.1500 - val_loss: 5.7247 - val_accuracy: 0.2000 - lr: 1.0000e-04
Epoch 7/20
2/2 [==============================] - 1s 412ms/step - loss: 17.0831 - accuracy: 0.1833 - val_loss: 5.7234 - val_accuracy: 0.2000 - lr: 1.0000e-04
Epoch 8/20
2/2 [==============================] - 1s 474ms/step - loss: 16.4128 - accuracy: 0.2333 - val_loss: 5.7227 - val_accuracy: 0.2000 - lr: 1.0000e-04
Epoch 9/20
2/2 [==============================] - 1s 399ms/step - loss: 17.5317 - accuracy: 0.1167 - val_loss: 5.7211 - val_accuracy: 0.2000 - lr: 1.0000e-04
Epoch 10/20
2/2 [==============================] - 1s 394ms/step - loss: 14.6545 - accuracy: 0.2500 - val_loss: 5.7191 - val_accuracy: 0.2000 - lr: 1.0000e-04
Epoch 11/20
2/2 [==============================] - 1s 452ms/step - loss: 14.5425 - accuracy: 0.1833 - val_loss: 5.7151 - val_accuracy: 0.2000 - lr: 1.0000e-04
Epoch 12/20
2/2 [==============================] - 1s 449ms/step - loss: 15.8889 - accuracy: 0.1333 - val_loss: 5.7121 - val_accuracy: 0.2000 - lr: 1.0000e-04
Epoch 13/20
2/2 [==============================] - 1s 458ms/step - loss: 14.9518 - accuracy: 0.2333 - val_loss: 5.7090 - val_accuracy: 0.2000 - lr: 1.0000e-04
Epoch 14/20
2/2 [==============================] - 1s 510ms/step - loss: 16.3127 - accuracy: 0.2333 - val_loss: 5.7084 - val_accuracy: 0.2000 - lr: 1.0000e-04
Epoch 15/20
2/2 [==============================] - 1s 443ms/step - loss: 13.9844 - accuracy: 0.2167 - val_loss: 5.7084 - val_accuracy: 0.2000 - lr: 1.0000e-04
Epoch 16/20
2/2 [==============================] - 1s 399ms/step - loss: 15.3726 - accuracy: 0.2333 - val_loss: 5.7095 - val_accuracy: 0.2000 - lr: 1.0000e-04
Evaluating the model...
1/1 [==============================] - 0s 99ms/step - loss: 5.7633 - accuracy: 0.0000e+00
Test accuracy: 0.0, Validation loss: 5.708371162414551
Saving results to CSV...

Running training with params: (0.0001, 0.8, 16, 60, 0.5, 30)
Loading training data...
Found 60 images belonging to 6 classes.
Loading validation data...
Found 5 images belonging to 6 classes.
Loading test data...
Found 7 images belonging to 6 classes.
Number of classes: 6
Computing class weights...
Class weights: {0: 1.0, 1: 1.0, 2: 1.0, 3: 1.0, 4: 1.0, 5: 1.0}
Creating model with learning rate: 0.0001, dropout: 0.8, filters: 16
Model created and compiled.
Training the model...
Epoch 1/30
2/2 [==============================] - 2s 610ms/step - loss: 15.5390 - accuracy: 0.2333 - val_loss: 5.7426 - val_accuracy: 0.2000 - lr: 1.0000e-04
Epoch 2/30
2/2 [==============================] - 1s 400ms/step - loss: 18.6936 - accuracy: 0.1833 - val_loss: 5.7295 - val_accuracy: 0.0000e+00 - lr: 1.0000e-04
Epoch 3/30
2/2 [==============================] - 1s 394ms/step - loss: 15.7305 - accuracy: 0.1667 - val_loss: 5.7240 - val_accuracy: 0.0000e+00 - lr: 1.0000e-04
Epoch 4/30
2/2 [==============================] - 1s 467ms/step - loss: 14.5512 - accuracy: 0.2500 - val_loss: 5.7212 - val_accuracy: 0.0000e+00 - lr: 1.0000e-04
Epoch 5/30
2/2 [==============================] - 1s 393ms/step - loss: 16.1526 - accuracy: 0.1500 - val_loss: 5.7226 - val_accuracy: 0.0000e+00 - lr: 1.0000e-04
Epoch 6/30
2/2 [==============================] - 1s 477ms/step - loss: 16.4035 - accuracy: 0.1333 - val_loss: 5.7256 - val_accuracy: 0.0000e+00 - lr: 1.0000e-04
Evaluating the model...
1/1 [==============================] - 0s 91ms/step - loss: 5.6892 - accuracy: 0.4286
Test accuracy: 0.4285714328289032, Validation loss: 5.721193313598633
Saving results to CSV...

Running training with params: (0.0001, 0.8, 32, 50, 0.3, 20)
Loading training data...
Found 60 images belonging to 6 classes.
Loading validation data...
Found 5 images belonging to 6 classes.
Loading test data...
Found 7 images belonging to 6 classes.
Number of classes: 6
Computing class weights...
Class weights: {0: 1.0, 1: 1.0, 2: 1.0, 3: 1.0, 4: 1.0, 5: 1.0}
Creating model with learning rate: 0.0001, dropout: 0.8, filters: 32
Model created and compiled.
Training the model...
Epoch 1/20
2/2 [==============================] - 2s 699ms/step - loss: 16.6471 - accuracy: 0.1333 - val_loss: 6.1789 - val_accuracy: 0.2000 - lr: 1.0000e-04
Epoch 2/20
2/2 [==============================] - 1s 562ms/step - loss: 18.1075 - accuracy: 0.2000 - val_loss: 6.1533 - val_accuracy: 0.4000 - lr: 1.0000e-04
Epoch 3/20
2/2 [==============================] - 1s 584ms/step - loss: 16.1333 - accuracy: 0.1000 - val_loss: 6.1442 - val_accuracy: 0.4000 - lr: 1.0000e-04
Epoch 4/20
2/2 [==============================] - 1s 595ms/step - loss: 18.3767 - accuracy: 0.1667 - val_loss: 6.1406 - val_accuracy: 0.2000 - lr: 1.0000e-04
Epoch 5/20
2/2 [==============================] - 1s 514ms/step - loss: 13.9749 - accuracy: 0.2500 - val_loss: 6.1404 - val_accuracy: 0.4000 - lr: 1.0000e-04
Epoch 6/20
2/2 [==============================] - 1s 487ms/step - loss: 17.3104 - accuracy: 0.1500 - val_loss: 6.1419 - val_accuracy: 0.2000 - lr: 1.0000e-04
Epoch 7/20
2/2 [==============================] - 1s 572ms/step - loss: 15.4332 - accuracy: 0.1833 - val_loss: 6.1463 - val_accuracy: 0.2000 - lr: 1.0000e-04
Evaluating the model...
1/1 [==============================] - 0s 105ms/step - loss: 6.1540 - accuracy: 0.4286
Test accuracy: 0.4285714328289032, Validation loss: 6.140384674072266
Saving results to CSV...

Running training with params: (0.0001, 0.8, 32, 50, 0.3, 30)
Loading training data...
Found 60 images belonging to 6 classes.
Loading validation data...
Found 5 images belonging to 6 classes.
Loading test data...
Found 7 images belonging to 6 classes.
Number of classes: 6
Computing class weights...
Class weights: {0: 1.0, 1: 1.0, 2: 1.0, 3: 1.0, 4: 1.0, 5: 1.0}
Creating model with learning rate: 0.0001, dropout: 0.8, filters: 32
Model created and compiled.
Training the model...
Epoch 1/30
2/2 [==============================] - 2s 653ms/step - loss: 16.0285 - accuracy: 0.1833 - val_loss: 6.2048 - val_accuracy: 0.2000 - lr: 1.0000e-04
Epoch 2/30
2/2 [==============================] - 1s 593ms/step - loss: 16.0622 - accuracy: 0.1667 - val_loss: 6.1832 - val_accuracy: 0.2000 - lr: 1.0000e-04
Epoch 3/30
2/2 [==============================] - 1s 489ms/step - loss: 17.7978 - accuracy: 0.0667 - val_loss: 6.1810 - val_accuracy: 0.0000e+00 - lr: 1.0000e-04
Epoch 4/30
2/2 [==============================] - 1s 486ms/step - loss: 16.4081 - accuracy: 0.2167 - val_loss: 6.1847 - val_accuracy: 0.0000e+00 - lr: 1.0000e-04
Epoch 5/30
2/2 [==============================] - 1s 579ms/step - loss: 16.5679 - accuracy: 0.2000 - val_loss: 6.1887 - val_accuracy: 0.0000e+00 - lr: 1.0000e-04
Evaluating the model...
1/1 [==============================] - 0s 106ms/step - loss: 6.1774 - accuracy: 0.1429
Test accuracy: 0.1428571492433548, Validation loss: 6.180997371673584
Saving results to CSV...

Running training with params: (0.0001, 0.8, 32, 50, 0.5, 20)
Loading training data...
Found 60 images belonging to 6 classes.
Loading validation data...
Found 5 images belonging to 6 classes.
Loading test data...
Found 7 images belonging to 6 classes.
Number of classes: 6
Computing class weights...
Class weights: {0: 1.0, 1: 1.0, 2: 1.0, 3: 1.0, 4: 1.0, 5: 1.0}
Creating model with learning rate: 0.0001, dropout: 0.8, filters: 32
Model created and compiled.
Training the model...
Epoch 1/20
2/2 [==============================] - 2s 638ms/step - loss: 18.1727 - accuracy: 0.0833 - val_loss: 6.2099 - val_accuracy: 0.2000 - lr: 1.0000e-04
Epoch 2/20
2/2 [==============================] - 1s 460ms/step - loss: 19.2687 - accuracy: 0.1833 - val_loss: 6.1890 - val_accuracy: 0.2000 - lr: 1.0000e-04
Epoch 3/20
2/2 [==============================] - 1s 485ms/step - loss: 16.2870 - accuracy: 0.1500 - val_loss: 6.1852 - val_accuracy: 0.0000e+00 - lr: 1.0000e-04
Epoch 4/20
2/2 [==============================] - 1s 479ms/step - loss: 16.4000 - accuracy: 0.2000 - val_loss: 6.1857 - val_accuracy: 0.2000 - lr: 1.0000e-04
Epoch 5/20
2/2 [==============================] - 1s 481ms/step - loss: 17.4250 - accuracy: 0.0833 - val_loss: 6.1863 - val_accuracy: 0.2000 - lr: 1.0000e-04
Evaluating the model...
1/1 [==============================] - 0s 106ms/step - loss: 6.1982 - accuracy: 0.0000e+00
Test accuracy: 0.0, Validation loss: 6.185208320617676
Saving results to CSV...

Running training with params: (0.0001, 0.8, 32, 50, 0.5, 30)
Loading training data...
Found 60 images belonging to 6 classes.
Loading validation data...
Found 5 images belonging to 6 classes.
Loading test data...
Found 7 images belonging to 6 classes.
Number of classes: 6
Computing class weights...
Class weights: {0: 1.0, 1: 1.0, 2: 1.0, 3: 1.0, 4: 1.0, 5: 1.0}
Creating model with learning rate: 0.0001, dropout: 0.8, filters: 32
Model created and compiled.
Training the model...
Epoch 1/30
2/2 [==============================] - 2s 634ms/step - loss: 15.3857 - accuracy: 0.1167 - val_loss: 6.2632 - val_accuracy: 0.0000e+00 - lr: 1.0000e-04
Epoch 2/30
2/2 [==============================] - 1s 558ms/step - loss: 14.8364 - accuracy: 0.1500 - val_loss: 6.2297 - val_accuracy: 0.0000e+00 - lr: 1.0000e-04
Epoch 3/30
2/2 [==============================] - 1s 598ms/step - loss: 16.9195 - accuracy: 0.1333 - val_loss: 6.2150 - val_accuracy: 0.0000e+00 - lr: 1.0000e-04
Epoch 4/30
2/2 [==============================] - 1s 489ms/step - loss: 17.5759 - accuracy: 0.1667 - val_loss: 6.2097 - val_accuracy: 0.0000e+00 - lr: 1.0000e-04
Epoch 5/30
2/2 [==============================] - 1s 562ms/step - loss: 16.5413 - accuracy: 0.1667 - val_loss: 6.2131 - val_accuracy: 0.0000e+00 - lr: 1.0000e-04
Epoch 6/30
2/2 [==============================] - 1s 485ms/step - loss: 17.1460 - accuracy: 0.2500 - val_loss: 6.2249 - val_accuracy: 0.0000e+00 - lr: 1.0000e-04
Evaluating the model...
1/1 [==============================] - 0s 100ms/step - loss: 6.2009 - accuracy: 0.2857
Test accuracy: 0.2857142984867096, Validation loss: 6.209746360778809
Saving results to CSV...

Running training with params: (0.0001, 0.8, 32, 60, 0.3, 20)
Loading training data...
Found 60 images belonging to 6 classes.
Loading validation data...
Found 5 images belonging to 6 classes.
Loading test data...
Found 7 images belonging to 6 classes.
Number of classes: 6
Computing class weights...
Class weights: {0: 1.0, 1: 1.0, 2: 1.0, 3: 1.0, 4: 1.0, 5: 1.0}
Creating model with learning rate: 0.0001, dropout: 0.8, filters: 32
Model created and compiled.
Training the model...
Epoch 1/20
2/2 [==============================] - 2s 711ms/step - loss: 20.0305 - accuracy: 0.1333 - val_loss: 6.2300 - val_accuracy: 0.2000 - lr: 1.0000e-04
Epoch 2/20
2/2 [==============================] - 1s 488ms/step - loss: 16.0891 - accuracy: 0.1000 - val_loss: 6.2051 - val_accuracy: 0.2000 - lr: 1.0000e-04
Epoch 3/20
2/2 [==============================] - 1s 482ms/step - loss: 15.4005 - accuracy: 0.1833 - val_loss: 6.1959 - val_accuracy: 0.2000 - lr: 1.0000e-04
Epoch 4/20
2/2 [==============================] - 1s 553ms/step - loss: 15.3527 - accuracy: 0.1833 - val_loss: 6.1889 - val_accuracy: 0.2000 - lr: 1.0000e-04
Epoch 5/20
2/2 [==============================] - 1s 490ms/step - loss: 15.5934 - accuracy: 0.2167 - val_loss: 6.1835 - val_accuracy: 0.2000 - lr: 1.0000e-04
Epoch 6/20
2/2 [==============================] - 1s 599ms/step - loss: 16.9196 - accuracy: 0.1000 - val_loss: 6.1820 - val_accuracy: 0.2000 - lr: 1.0000e-04
Epoch 7/20
2/2 [==============================] - 1s 502ms/step - loss: 17.2205 - accuracy: 0.1333 - val_loss: 6.1834 - val_accuracy: 0.2000 - lr: 1.0000e-04
Epoch 8/20
2/2 [==============================] - 1s 559ms/step - loss: 16.7823 - accuracy: 0.1167 - val_loss: 6.1858 - val_accuracy: 0.2000 - lr: 1.0000e-04
Evaluating the model...
1/1 [==============================] - 0s 102ms/step - loss: 6.1602 - accuracy: 0.1429
Test accuracy: 0.1428571492433548, Validation loss: 6.1820244789123535
Saving results to CSV...

Running training with params: (0.0001, 0.8, 32, 60, 0.3, 30)
Loading training data...
Found 60 images belonging to 6 classes.
Loading validation data...
Found 5 images belonging to 6 classes.
Loading test data...
Found 7 images belonging to 6 classes.
Number of classes: 6
Computing class weights...
Class weights: {0: 1.0, 1: 1.0, 2: 1.0, 3: 1.0, 4: 1.0, 5: 1.0}
Creating model with learning rate: 0.0001, dropout: 0.8, filters: 32
Model created and compiled.
Training the model...
Epoch 1/30
2/2 [==============================] - 2s 673ms/step - loss: 19.2433 - accuracy: 0.0833 - val_loss: 6.1511 - val_accuracy: 0.4000 - lr: 1.0000e-04
Epoch 2/30
2/2 [==============================] - 1s 488ms/step - loss: 16.2279 - accuracy: 0.1667 - val_loss: 6.1201 - val_accuracy: 0.4000 - lr: 1.0000e-04
Epoch 3/30
2/2 [==============================] - 1s 476ms/step - loss: 16.3628 - accuracy: 0.1333 - val_loss: 6.1080 - val_accuracy: 0.6000 - lr: 1.0000e-04
Epoch 4/30
2/2 [==============================] - 1s 577ms/step - loss: 17.6493 - accuracy: 0.1833 - val_loss: 6.1061 - val_accuracy: 0.4000 - lr: 1.0000e-04
Epoch 5/30
2/2 [==============================] - 1s 485ms/step - loss: 14.0165 - accuracy: 0.3000 - val_loss: 6.1066 - val_accuracy: 0.4000 - lr: 1.0000e-04
Epoch 6/30
2/2 [==============================] - 1s 569ms/step - loss: 18.0100 - accuracy: 0.1500 - val_loss: 6.1090 - val_accuracy: 0.4000 - lr: 1.0000e-04
Evaluating the model...
1/1 [==============================] - 0s 106ms/step - loss: 6.1322 - accuracy: 0.5714
Test accuracy: 0.5714285969734192, Validation loss: 6.1060614585876465
Saving results to CSV...

Running training with params: (0.0001, 0.8, 32, 60, 0.5, 20)
Loading training data...
Found 60 images belonging to 6 classes.
Loading validation data...
Found 5 images belonging to 6 classes.
Loading test data...
Found 7 images belonging to 6 classes.
Number of classes: 6
Computing class weights...
Class weights: {0: 1.0, 1: 1.0, 2: 1.0, 3: 1.0, 4: 1.0, 5: 1.0}
Creating model with learning rate: 0.0001, dropout: 0.8, filters: 32
Model created and compiled.
Training the model...
Epoch 1/20
2/2 [==============================] - 2s 625ms/step - loss: 18.9208 - accuracy: 0.2000 - val_loss: 6.2089 - val_accuracy: 0.2000 - lr: 1.0000e-04
Epoch 2/20
2/2 [==============================] - 1s 470ms/step - loss: 17.4580 - accuracy: 0.1333 - val_loss: 6.1782 - val_accuracy: 0.2000 - lr: 1.0000e-04
Epoch 3/20
2/2 [==============================] - 1s 492ms/step - loss: 16.5827 - accuracy: 0.1500 - val_loss: 6.1646 - val_accuracy: 0.2000 - lr: 1.0000e-04
Epoch 4/20
2/2 [==============================] - 1s 487ms/step - loss: 16.1166 - accuracy: 0.1167 - val_loss: 6.1635 - val_accuracy: 0.2000 - lr: 1.0000e-04
Epoch 5/20
2/2 [==============================] - 1s 578ms/step - loss: 16.5338 - accuracy: 0.2167 - val_loss: 6.1666 - val_accuracy: 0.2000 - lr: 1.0000e-04
Epoch 6/20
2/2 [==============================] - 1s 552ms/step - loss: 17.5736 - accuracy: 0.1500 - val_loss: 6.1678 - val_accuracy: 0.2000 - lr: 1.0000e-04
Evaluating the model...
1/1 [==============================] - 0s 102ms/step - loss: 6.1420 - accuracy: 0.4286
Test accuracy: 0.4285714328289032, Validation loss: 6.163501262664795
Saving results to CSV...

Running training with params: (0.0001, 0.8, 32, 60, 0.5, 30)
Loading training data...
Found 60 images belonging to 6 classes.
Loading validation data...
Found 5 images belonging to 6 classes.
Loading test data...
Found 7 images belonging to 6 classes.
Number of classes: 6
Computing class weights...
Class weights: {0: 1.0, 1: 1.0, 2: 1.0, 3: 1.0, 4: 1.0, 5: 1.0}
Creating model with learning rate: 0.0001, dropout: 0.8, filters: 32
Model created and compiled.
Training the model...
Epoch 1/30
2/2 [==============================] - 2s 734ms/step - loss: 14.9140 - accuracy: 0.2500 - val_loss: 6.2074 - val_accuracy: 0.2000 - lr: 1.0000e-04
Epoch 2/30
2/2 [==============================] - 1s 562ms/step - loss: 12.6808 - accuracy: 0.3000 - val_loss: 6.1739 - val_accuracy: 0.2000 - lr: 1.0000e-04
Epoch 3/30
2/2 [==============================] - 1s 503ms/step - loss: 16.0187 - accuracy: 0.1833 - val_loss: 6.1583 - val_accuracy: 0.4000 - lr: 1.0000e-04
Epoch 4/30
2/2 [==============================] - 1s 563ms/step - loss: 15.3487 - accuracy: 0.2167 - val_loss: 6.1556 - val_accuracy: 0.4000 - lr: 1.0000e-04
Epoch 5/30
2/2 [==============================] - 1s 492ms/step - loss: 15.1773 - accuracy: 0.2500 - val_loss: 6.1553 - val_accuracy: 0.4000 - lr: 1.0000e-04
Epoch 6/30
2/2 [==============================] - 1s 572ms/step - loss: 16.0317 - accuracy: 0.2000 - val_loss: 6.1562 - val_accuracy: 0.4000 - lr: 1.0000e-04
Epoch 7/30
2/2 [==============================] - 1s 510ms/step - loss: 17.4660 - accuracy: 0.1500 - val_loss: 6.1591 - val_accuracy: 0.2000 - lr: 1.0000e-04
Evaluating the model...
1/1 [==============================] - 0s 101ms/step - loss: 6.1492 - accuracy: 0.2857
Test accuracy: 0.2857142984867096, Validation loss: 6.15525484085083
Saving results to CSV...

Running training with params: (1e-05, 0.6, 16, 50, 0.3, 20)
Loading training data...
Found 60 images belonging to 6 classes.
Loading validation data...
Found 5 images belonging to 6 classes.
Loading test data...
Found 7 images belonging to 6 classes.
Number of classes: 6
Computing class weights...
Class weights: {0: 1.0, 1: 1.0, 2: 1.0, 3: 1.0, 4: 1.0, 5: 1.0}
Creating model with learning rate: 1e-05, dropout: 0.6, filters: 16
Model created and compiled.
Training the model...
Epoch 1/20
2/2 [==============================] - 2s 534ms/step - loss: 9.7817 - accuracy: 0.1167 - val_loss: 5.8217 - val_accuracy: 0.0000e+00 - lr: 1.0000e-05
Epoch 2/20
2/2 [==============================] - 1s 390ms/step - loss: 10.7770 - accuracy: 0.1000 - val_loss: 5.8141 - val_accuracy: 0.2000 - lr: 1.0000e-05
Epoch 3/20
2/2 [==============================] - 1s 433ms/step - loss: 10.3631 - accuracy: 0.2333 - val_loss: 5.8091 - val_accuracy: 0.2000 - lr: 1.0000e-05
Epoch 4/20
2/2 [==============================] - 1s 414ms/step - loss: 10.1420 - accuracy: 0.1667 - val_loss: 5.8049 - val_accuracy: 0.2000 - lr: 1.0000e-05
Epoch 5/20
2/2 [==============================] - 1s 401ms/step - loss: 11.4598 - accuracy: 0.1000 - val_loss: 5.8015 - val_accuracy: 0.2000 - lr: 1.0000e-05
Epoch 6/20
2/2 [==============================] - 1s 455ms/step - loss: 10.2613 - accuracy: 0.1000 - val_loss: 5.8002 - val_accuracy: 0.4000 - lr: 1.0000e-05
Epoch 7/20
2/2 [==============================] - 1s 393ms/step - loss: 9.8569 - accuracy: 0.2000 - val_loss: 5.8005 - val_accuracy: 0.2000 - lr: 1.0000e-05
Epoch 8/20
2/2 [==============================] - 1s 445ms/step - loss: 9.9778 - accuracy: 0.1833 - val_loss: 5.8023 - val_accuracy: 0.2000 - lr: 1.0000e-05
Evaluating the model...
1/1 [==============================] - 0s 97ms/step - loss: 5.8148 - accuracy: 0.1429
Test accuracy: 0.1428571492433548, Validation loss: 5.8001861572265625
Saving results to CSV...

Running training with params: (1e-05, 0.6, 16, 50, 0.3, 30)
Loading training data...
Found 60 images belonging to 6 classes.
Loading validation data...
Found 5 images belonging to 6 classes.
Loading test data...
Found 7 images belonging to 6 classes.
Number of classes: 6
Computing class weights...
Class weights: {0: 1.0, 1: 1.0, 2: 1.0, 3: 1.0, 4: 1.0, 5: 1.0}
Creating model with learning rate: 1e-05, dropout: 0.6, filters: 16
Model created and compiled.
Training the model...
Epoch 1/30
2/2 [==============================] - 2s 552ms/step - loss: 9.5370 - accuracy: 0.1500 - val_loss: 5.7924 - val_accuracy: 0.2000 - lr: 1.0000e-05
Epoch 2/30
2/2 [==============================] - 1s 449ms/step - loss: 10.1205 - accuracy: 0.1667 - val_loss: 5.7922 - val_accuracy: 0.2000 - lr: 1.0000e-05
Epoch 3/30
2/2 [==============================] - 1s 406ms/step - loss: 10.0823 - accuracy: 0.1667 - val_loss: 5.7900 - val_accuracy: 0.2000 - lr: 1.0000e-05
Epoch 4/30
2/2 [==============================] - 1s 439ms/step - loss: 9.7064 - accuracy: 0.2167 - val_loss: 5.7855 - val_accuracy: 0.2000 - lr: 1.0000e-05
Epoch 5/30
2/2 [==============================] - 1s 444ms/step - loss: 10.4766 - accuracy: 0.1167 - val_loss: 5.7806 - val_accuracy: 0.2000 - lr: 1.0000e-05
Epoch 6/30
2/2 [==============================] - 1s 403ms/step - loss: 10.4336 - accuracy: 0.1333 - val_loss: 5.7778 - val_accuracy: 0.2000 - lr: 1.0000e-05
Epoch 7/30
2/2 [==============================] - 1s 454ms/step - loss: 8.8849 - accuracy: 0.1667 - val_loss: 5.7764 - val_accuracy: 0.2000 - lr: 1.0000e-05
Epoch 8/30
2/2 [==============================] - 1s 448ms/step - loss: 10.6309 - accuracy: 0.1667 - val_loss: 5.7766 - val_accuracy: 0.2000 - lr: 1.0000e-05
Epoch 9/30
2/2 [==============================] - 1s 405ms/step - loss: 10.1381 - accuracy: 0.1333 - val_loss: 5.7773 - val_accuracy: 0.2000 - lr: 1.0000e-05
Evaluating the model...
1/1 [==============================] - 0s 91ms/step - loss: 5.7881 - accuracy: 0.1429
Test accuracy: 0.1428571492433548, Validation loss: 5.776358127593994
Saving results to CSV...

Running training with params: (1e-05, 0.6, 16, 50, 0.5, 20)
Loading training data...
Found 60 images belonging to 6 classes.
Loading validation data...
Found 5 images belonging to 6 classes.
Loading test data...
Found 7 images belonging to 6 classes.
Number of classes: 6
Computing class weights...
Class weights: {0: 1.0, 1: 1.0, 2: 1.0, 3: 1.0, 4: 1.0, 5: 1.0}
Creating model with learning rate: 1e-05, dropout: 0.6, filters: 16
Model created and compiled.
Training the model...
Epoch 1/20
2/2 [==============================] - 2s 550ms/step - loss: 11.2010 - accuracy: 0.1167 - val_loss: 5.8202 - val_accuracy: 0.2000 - lr: 1.0000e-05
Epoch 2/20
2/2 [==============================] - 1s 386ms/step - loss: 9.9297 - accuracy: 0.2500 - val_loss: 5.8218 - val_accuracy: 0.2000 - lr: 1.0000e-05
Epoch 3/20
2/2 [==============================] - 1s 466ms/step - loss: 10.0433 - accuracy: 0.1833 - val_loss: 5.8241 - val_accuracy: 0.2000 - lr: 1.0000e-05
Evaluating the model...
1/1 [==============================] - 0s 96ms/step - loss: 5.7920 - accuracy: 0.1429
Test accuracy: 0.1428571492433548, Validation loss: 5.820215702056885
Saving results to CSV...

Running training with params: (1e-05, 0.6, 16, 50, 0.5, 30)
Loading training data...
Found 60 images belonging to 6 classes.
Loading validation data...
Found 5 images belonging to 6 classes.
Loading test data...
Found 7 images belonging to 6 classes.
Number of classes: 6
Computing class weights...
Class weights: {0: 1.0, 1: 1.0, 2: 1.0, 3: 1.0, 4: 1.0, 5: 1.0}
Creating model with learning rate: 1e-05, dropout: 0.6, filters: 16
Model created and compiled.
Training the model...
Epoch 1/30
2/2 [==============================] - 2s 594ms/step - loss: 9.9598 - accuracy: 0.1833 - val_loss: 5.8030 - val_accuracy: 0.4000 - lr: 1.0000e-05
Epoch 2/30
2/2 [==============================] - 1s 390ms/step - loss: 9.8002 - accuracy: 0.2333 - val_loss: 5.7999 - val_accuracy: 0.4000 - lr: 1.0000e-05
Epoch 3/30
2/2 [==============================] - 1s 448ms/step - loss: 10.3910 - accuracy: 0.1500 - val_loss: 5.7981 - val_accuracy: 0.4000 - lr: 1.0000e-05
Epoch 4/30
2/2 [==============================] - 1s 399ms/step - loss: 9.3664 - accuracy: 0.1833 - val_loss: 5.7943 - val_accuracy: 0.4000 - lr: 1.0000e-05
Epoch 5/30
2/2 [==============================] - 1s 387ms/step - loss: 9.5352 - accuracy: 0.1667 - val_loss: 5.7898 - val_accuracy: 0.4000 - lr: 1.0000e-05
Epoch 6/30
2/2 [==============================] - 1s 438ms/step - loss: 9.6182 - accuracy: 0.1833 - val_loss: 5.7845 - val_accuracy: 0.4000 - lr: 1.0000e-05
Epoch 7/30
2/2 [==============================] - 1s 452ms/step - loss: 9.5281 - accuracy: 0.2000 - val_loss: 5.7804 - val_accuracy: 0.4000 - lr: 1.0000e-05
Epoch 8/30
2/2 [==============================] - 1s 386ms/step - loss: 10.0400 - accuracy: 0.2167 - val_loss: 5.7772 - val_accuracy: 0.4000 - lr: 1.0000e-05
Epoch 9/30
2/2 [==============================] - 1s 441ms/step - loss: 9.1539 - accuracy: 0.1833 - val_loss: 5.7745 - val_accuracy: 0.4000 - lr: 1.0000e-05
Epoch 10/30
2/2 [==============================] - 1s 426ms/step - loss: 9.1460 - accuracy: 0.2333 - val_loss: 5.7727 - val_accuracy: 0.4000 - lr: 1.0000e-05
Epoch 11/30
2/2 [==============================] - 1s 399ms/step - loss: 8.6550 - accuracy: 0.2333 - val_loss: 5.7712 - val_accuracy: 0.4000 - lr: 1.0000e-05
Epoch 12/30
2/2 [==============================] - 1s 493ms/step - loss: 10.6335 - accuracy: 0.1833 - val_loss: 5.7695 - val_accuracy: 0.6000 - lr: 1.0000e-05
Epoch 13/30
2/2 [==============================] - 1s 447ms/step - loss: 9.2562 - accuracy: 0.1833 - val_loss: 5.7683 - val_accuracy: 0.6000 - lr: 1.0000e-05
Epoch 14/30
2/2 [==============================] - 1s 453ms/step - loss: 9.4578 - accuracy: 0.3000 - val_loss: 5.7666 - val_accuracy: 0.4000 - lr: 1.0000e-05
Epoch 15/30
2/2 [==============================] - 1s 387ms/step - loss: 8.9651 - accuracy: 0.2333 - val_loss: 5.7659 - val_accuracy: 0.4000 - lr: 1.0000e-05
Epoch 16/30
2/2 [==============================] - 1s 437ms/step - loss: 9.3568 - accuracy: 0.1667 - val_loss: 5.7661 - val_accuracy: 0.4000 - lr: 1.0000e-05
Epoch 17/30
2/2 [==============================] - 1s 449ms/step - loss: 9.8878 - accuracy: 0.1167 - val_loss: 5.7664 - val_accuracy: 0.4000 - lr: 1.0000e-05
Evaluating the model...
1/1 [==============================] - 0s 94ms/step - loss: 5.7568 - accuracy: 0.4286
Test accuracy: 0.4285714328289032, Validation loss: 5.765948295593262
Saving results to CSV...

Running training with params: (1e-05, 0.6, 16, 60, 0.3, 20)
Loading training data...
Found 60 images belonging to 6 classes.
Loading validation data...
Found 5 images belonging to 6 classes.
Loading test data...
Found 7 images belonging to 6 classes.
Number of classes: 6
Computing class weights...
Class weights: {0: 1.0, 1: 1.0, 2: 1.0, 3: 1.0, 4: 1.0, 5: 1.0}
Creating model with learning rate: 1e-05, dropout: 0.6, filters: 16
Model created and compiled.
Training the model...
Epoch 1/20
2/2 [==============================] - 2s 522ms/step - loss: 11.2110 - accuracy: 0.1667 - val_loss: 5.8451 - val_accuracy: 0.0000e+00 - lr: 1.0000e-05
Epoch 2/20
2/2 [==============================] - 1s 456ms/step - loss: 9.4449 - accuracy: 0.2333 - val_loss: 5.8413 - val_accuracy: 0.0000e+00 - lr: 1.0000e-05
Epoch 3/20
2/2 [==============================] - 1s 443ms/step - loss: 10.6979 - accuracy: 0.1667 - val_loss: 5.8364 - val_accuracy: 0.0000e+00 - lr: 1.0000e-05
Epoch 4/20
2/2 [==============================] - 1s 439ms/step - loss: 9.7849 - accuracy: 0.1833 - val_loss: 5.8300 - val_accuracy: 0.0000e+00 - lr: 1.0000e-05
Epoch 5/20
2/2 [==============================] - 1s 403ms/step - loss: 9.7502 - accuracy: 0.2333 - val_loss: 5.8250 - val_accuracy: 0.0000e+00 - lr: 1.0000e-05
Epoch 6/20
2/2 [==============================] - 1s 451ms/step - loss: 9.1289 - accuracy: 0.2167 - val_loss: 5.8213 - val_accuracy: 0.0000e+00 - lr: 1.0000e-05
Epoch 7/20
2/2 [==============================] - 1s 398ms/step - loss: 9.5420 - accuracy: 0.2167 - val_loss: 5.8178 - val_accuracy: 0.2000 - lr: 1.0000e-05
Epoch 8/20
2/2 [==============================] - 1s 396ms/step - loss: 10.6937 - accuracy: 0.1333 - val_loss: 5.8155 - val_accuracy: 0.2000 - lr: 1.0000e-05
Epoch 9/20
2/2 [==============================] - 1s 446ms/step - loss: 9.7208 - accuracy: 0.2333 - val_loss: 5.8127 - val_accuracy: 0.2000 - lr: 1.0000e-05
Epoch 10/20
2/2 [==============================] - 1s 388ms/step - loss: 8.5641 - accuracy: 0.2833 - val_loss: 5.8117 - val_accuracy: 0.2000 - lr: 1.0000e-05
Epoch 11/20
2/2 [==============================] - 1s 391ms/step - loss: 8.8166 - accuracy: 0.1667 - val_loss: 5.8111 - val_accuracy: 0.2000 - lr: 1.0000e-05
Epoch 12/20
2/2 [==============================] - 1s 391ms/step - loss: 9.2529 - accuracy: 0.2333 - val_loss: 5.8123 - val_accuracy: 0.2000 - lr: 1.0000e-05
Epoch 13/20
2/2 [==============================] - 1s 378ms/step - loss: 10.2370 - accuracy: 0.1833 - val_loss: 5.8143 - val_accuracy: 0.2000 - lr: 1.0000e-05
Evaluating the model...
1/1 [==============================] - 0s 94ms/step - loss: 5.8403 - accuracy: 0.0000e+00
Test accuracy: 0.0, Validation loss: 5.811057090759277
Saving results to CSV...

Running training with params: (1e-05, 0.6, 16, 60, 0.3, 30)
Loading training data...
Found 60 images belonging to 6 classes.
Loading validation data...
Found 5 images belonging to 6 classes.
Loading test data...
Found 7 images belonging to 6 classes.
Number of classes: 6
Computing class weights...
Class weights: {0: 1.0, 1: 1.0, 2: 1.0, 3: 1.0, 4: 1.0, 5: 1.0}
Creating model with learning rate: 1e-05, dropout: 0.6, filters: 16
Model created and compiled.
Training the model...
Epoch 1/30
2/2 [==============================] - 2s 597ms/step - loss: 9.6665 - accuracy: 0.1833 - val_loss: 5.8127 - val_accuracy: 0.2000 - lr: 1.0000e-05
Epoch 2/30
2/2 [==============================] - 1s 382ms/step - loss: 11.1765 - accuracy: 0.1000 - val_loss: 5.8139 - val_accuracy: 0.2000 - lr: 1.0000e-05
Epoch 3/30
2/2 [==============================] - 1s 438ms/step - loss: 11.4281 - accuracy: 0.1500 - val_loss: 5.8134 - val_accuracy: 0.0000e+00 - lr: 1.0000e-05
Evaluating the model...
1/1 [==============================] - 0s 89ms/step - loss: 5.8284 - accuracy: 0.2857
Test accuracy: 0.2857142984867096, Validation loss: 5.812699317932129
Saving results to CSV...

Running training with params: (1e-05, 0.6, 16, 60, 0.5, 20)
Loading training data...
Found 60 images belonging to 6 classes.
Loading validation data...
Found 5 images belonging to 6 classes.
Loading test data...
Found 7 images belonging to 6 classes.
Number of classes: 6
Computing class weights...
Class weights: {0: 1.0, 1: 1.0, 2: 1.0, 3: 1.0, 4: 1.0, 5: 1.0}
Creating model with learning rate: 1e-05, dropout: 0.6, filters: 16
Model created and compiled.
Training the model...
Epoch 1/20
2/2 [==============================] - 2s 591ms/step - loss: 8.7972 - accuracy: 0.3333 - val_loss: 5.8082 - val_accuracy: 0.2000 - lr: 1.0000e-05
Epoch 2/20
2/2 [==============================] - 1s 437ms/step - loss: 8.8076 - accuracy: 0.3167 - val_loss: 5.8088 - val_accuracy: 0.2000 - lr: 1.0000e-05
Epoch 3/20
2/2 [==============================] - 1s 395ms/step - loss: 10.5070 - accuracy: 0.1667 - val_loss: 5.8132 - val_accuracy: 0.2000 - lr: 1.0000e-05
Evaluating the model...
1/1 [==============================] - 0s 94ms/step - loss: 5.7947 - accuracy: 0.1429
Test accuracy: 0.1428571492433548, Validation loss: 5.808207988739014
Saving results to CSV...

Running training with params: (1e-05, 0.6, 16, 60, 0.5, 30)
Loading training data...
Found 60 images belonging to 6 classes.
Loading validation data...
Found 5 images belonging to 6 classes.
Loading test data...
Found 7 images belonging to 6 classes.
Number of classes: 6
Computing class weights...
Class weights: {0: 1.0, 1: 1.0, 2: 1.0, 3: 1.0, 4: 1.0, 5: 1.0}
Creating model with learning rate: 1e-05, dropout: 0.6, filters: 16
Model created and compiled.
Training the model...
Epoch 1/30
2/2 [==============================] - 2s 543ms/step - loss: 10.5592 - accuracy: 0.1667 - val_loss: 5.8056 - val_accuracy: 0.2000 - lr: 1.0000e-05
Epoch 2/30
2/2 [==============================] - 1s 428ms/step - loss: 10.8161 - accuracy: 0.1500 - val_loss: 5.8088 - val_accuracy: 0.2000 - lr: 1.0000e-05
Epoch 3/30
2/2 [==============================] - 1s 467ms/step - loss: 11.2159 - accuracy: 0.1000 - val_loss: 5.8096 - val_accuracy: 0.2000 - lr: 1.0000e-05
Evaluating the model...
1/1 [==============================] - 0s 92ms/step - loss: 5.8040 - accuracy: 0.2857
Test accuracy: 0.2857142984867096, Validation loss: 5.805642127990723
Saving results to CSV...

Running training with params: (1e-05, 0.6, 32, 50, 0.3, 20)
Loading training data...
Found 60 images belonging to 6 classes.
Loading validation data...
Found 5 images belonging to 6 classes.
Loading test data...
Found 7 images belonging to 6 classes.
Number of classes: 6
Computing class weights...
Class weights: {0: 1.0, 1: 1.0, 2: 1.0, 3: 1.0, 4: 1.0, 5: 1.0}
Creating model with learning rate: 1e-05, dropout: 0.6, filters: 32
Model created and compiled.
Training the model...
Epoch 1/20
2/2 [==============================] - 2s 688ms/step - loss: 10.8169 - accuracy: 0.2833 - val_loss: 6.2821 - val_accuracy: 0.0000e+00 - lr: 1.0000e-05
Epoch 2/20
2/2 [==============================] - 1s 488ms/step - loss: 9.7756 - accuracy: 0.3167 - val_loss: 6.2797 - val_accuracy: 0.0000e+00 - lr: 1.0000e-05
Epoch 3/20
2/2 [==============================] - 1s 556ms/step - loss: 10.8070 - accuracy: 0.2500 - val_loss: 6.2758 - val_accuracy: 0.0000e+00 - lr: 1.0000e-05
Epoch 4/20
2/2 [==============================] - 1s 469ms/step - loss: 9.4333 - accuracy: 0.1167 - val_loss: 6.2749 - val_accuracy: 0.0000e+00 - lr: 1.0000e-05
Epoch 5/20
2/2 [==============================] - 1s 463ms/step - loss: 10.9702 - accuracy: 0.2167 - val_loss: 6.2749 - val_accuracy: 0.0000e+00 - lr: 1.0000e-05
Epoch 6/20
2/2 [==============================] - 1s 477ms/step - loss: 10.5290 - accuracy: 0.1667 - val_loss: 6.2775 - val_accuracy: 0.0000e+00 - lr: 1.0000e-05
Evaluating the model...
1/1 [==============================] - 0s 98ms/step - loss: 6.2857 - accuracy: 0.0000e+00
Test accuracy: 0.0, Validation loss: 6.274855613708496
Saving results to CSV...

Running training with params: (1e-05, 0.6, 32, 50, 0.3, 30)
Loading training data...
Found 60 images belonging to 6 classes.
Loading validation data...
Found 5 images belonging to 6 classes.
Loading test data...
Found 7 images belonging to 6 classes.
Number of classes: 6
Computing class weights...
Class weights: {0: 1.0, 1: 1.0, 2: 1.0, 3: 1.0, 4: 1.0, 5: 1.0}
Creating model with learning rate: 1e-05, dropout: 0.6, filters: 32
Model created and compiled.
Training the model...
Epoch 1/30
2/2 [==============================] - 2s 643ms/step - loss: 11.7722 - accuracy: 0.1500 - val_loss: 6.2656 - val_accuracy: 0.0000e+00 - lr: 1.0000e-05
Epoch 2/30
2/2 [==============================] - 1s 473ms/step - loss: 10.9482 - accuracy: 0.1667 - val_loss: 6.2665 - val_accuracy: 0.0000e+00 - lr: 1.0000e-05
Epoch 3/30
2/2 [==============================] - 1s 584ms/step - loss: 10.0159 - accuracy: 0.1333 - val_loss: 6.2685 - val_accuracy: 0.0000e+00 - lr: 1.0000e-05
Evaluating the model...
1/1 [==============================] - 0s 100ms/step - loss: 6.2790 - accuracy: 0.0000e+00
Test accuracy: 0.0, Validation loss: 6.265624523162842
Saving results to CSV...

Running training with params: (1e-05, 0.6, 32, 50, 0.5, 20)
Loading training data...
Found 60 images belonging to 6 classes.
Loading validation data...
Found 5 images belonging to 6 classes.
Loading test data...
Found 7 images belonging to 6 classes.
Number of classes: 6
Computing class weights...
Class weights: {0: 1.0, 1: 1.0, 2: 1.0, 3: 1.0, 4: 1.0, 5: 1.0}
Creating model with learning rate: 1e-05, dropout: 0.6, filters: 32
Model created and compiled.
Training the model...
Epoch 1/20
2/2 [==============================] - 2s 712ms/step - loss: 10.9066 - accuracy: 0.1500 - val_loss: 6.3222 - val_accuracy: 0.0000e+00 - lr: 1.0000e-05
Epoch 2/20
2/2 [==============================] - 1s 569ms/step - loss: 12.5842 - accuracy: 0.1500 - val_loss: 6.3195 - val_accuracy: 0.0000e+00 - lr: 1.0000e-05
Epoch 3/20
2/2 [==============================] - 1s 491ms/step - loss: 12.0209 - accuracy: 0.1167 - val_loss: 6.3158 - val_accuracy: 0.0000e+00 - lr: 1.0000e-05
Epoch 4/20
2/2 [==============================] - 1s 475ms/step - loss: 10.2712 - accuracy: 0.2167 - val_loss: 6.3123 - val_accuracy: 0.2000 - lr: 1.0000e-05
Epoch 5/20
2/2 [==============================] - 1s 478ms/step - loss: 10.9859 - accuracy: 0.2000 - val_loss: 6.3097 - val_accuracy: 0.2000 - lr: 1.0000e-05
Epoch 6/20
2/2 [==============================] - 1s 556ms/step - loss: 10.8614 - accuracy: 0.1500 - val_loss: 6.3091 - val_accuracy: 0.2000 - lr: 1.0000e-05
Epoch 7/20
2/2 [==============================] - 1s 497ms/step - loss: 10.8894 - accuracy: 0.1833 - val_loss: 6.3106 - val_accuracy: 0.2000 - lr: 1.0000e-05
Epoch 8/20
2/2 [==============================] - 1s 567ms/step - loss: 10.3508 - accuracy: 0.1667 - val_loss: 6.3118 - val_accuracy: 0.2000 - lr: 1.0000e-05
Evaluating the model...
1/1 [==============================] - 0s 104ms/step - loss: 6.3093 - accuracy: 0.0000e+00
Test accuracy: 0.0, Validation loss: 6.309084892272949
Saving results to CSV...

Running training with params: (1e-05, 0.6, 32, 50, 0.5, 30)
Loading training data...
Found 60 images belonging to 6 classes.
Loading validation data...
Found 5 images belonging to 6 classes.
Loading test data...
Found 7 images belonging to 6 classes.
Number of classes: 6
Computing class weights...
Class weights: {0: 1.0, 1: 1.0, 2: 1.0, 3: 1.0, 4: 1.0, 5: 1.0}
Creating model with learning rate: 1e-05, dropout: 0.6, filters: 32
Model created and compiled.
Training the model...
Epoch 1/30
2/2 [==============================] - 2s 695ms/step - loss: 10.4133 - accuracy: 0.1833 - val_loss: 6.2640 - val_accuracy: 0.4000 - lr: 1.0000e-05
Epoch 2/30
2/2 [==============================] - 1s 488ms/step - loss: 10.9436 - accuracy: 0.1667 - val_loss: 6.2598 - val_accuracy: 0.6000 - lr: 1.0000e-05
Epoch 3/30
2/2 [==============================] - 1s 487ms/step - loss: 11.3031 - accuracy: 0.0833 - val_loss: 6.2576 - val_accuracy: 0.6000 - lr: 1.0000e-05
Epoch 4/30
2/2 [==============================] - 1s 563ms/step - loss: 10.3097 - accuracy: 0.2500 - val_loss: 6.2555 - val_accuracy: 0.4000 - lr: 1.0000e-05
Epoch 5/30
2/2 [==============================] - 1s 733ms/step - loss: 10.6591 - accuracy: 0.1333 - val_loss: 6.2536 - val_accuracy: 0.6000 - lr: 1.0000e-05
Epoch 6/30
2/2 [==============================] - 2s 999ms/step - loss: 9.7709 - accuracy: 0.2000 - val_loss: 6.2534 - val_accuracy: 0.4000 - lr: 1.0000e-05
Epoch 7/30
2/2 [==============================] - 2s 1s/step - loss: 9.5920 - accuracy: 0.2333 - val_loss: 6.2527 - val_accuracy: 0.4000 - lr: 1.0000e-05
Epoch 8/30
2/2 [==============================] - 2s 1s/step - loss: 11.3275 - accuracy: 0.1667 - val_loss: 6.2522 - val_accuracy: 0.4000 - lr: 1.0000e-05
Epoch 9/30
2/2 [==============================] - 2s 964ms/step - loss: 10.6266 - accuracy: 0.1667 - val_loss: 6.2508 - val_accuracy: 0.4000 - lr: 1.0000e-05
Epoch 10/30
2/2 [==============================] - 2s 976ms/step - loss: 9.9983 - accuracy: 0.2167 - val_loss: 6.2493 - val_accuracy: 0.4000 - lr: 1.0000e-05
Epoch 11/30
2/2 [==============================] - 2s 861ms/step - loss: 10.6505 - accuracy: 0.1500 - val_loss: 6.2466 - val_accuracy: 0.4000 - lr: 1.0000e-05
Epoch 12/30
2/2 [==============================] - 2s 822ms/step - loss: 10.0454 - accuracy: 0.1833 - val_loss: 6.2440 - val_accuracy: 0.4000 - lr: 1.0000e-05
Epoch 13/30
2/2 [==============================] - 2s 850ms/step - loss: 10.6104 - accuracy: 0.1333 - val_loss: 6.2414 - val_accuracy: 0.4000 - lr: 1.0000e-05
Epoch 14/30
2/2 [==============================] - 2s 958ms/step - loss: 8.6413 - accuracy: 0.2500 - val_loss: 6.2375 - val_accuracy: 0.4000 - lr: 1.0000e-05
Epoch 15/30
2/2 [==============================] - 2s 841ms/step - loss: 9.5427 - accuracy: 0.0833 - val_loss: 6.2318 - val_accuracy: 0.4000 - lr: 1.0000e-05
Epoch 16/30
2/2 [==============================] - 2s 823ms/step - loss: 10.2964 - accuracy: 0.1667 - val_loss: 6.2260 - val_accuracy: 0.4000 - lr: 1.0000e-05
Epoch 17/30
2/2 [==============================] - 2s 956ms/step - loss: 9.7736 - accuracy: 0.2667 - val_loss: 6.2206 - val_accuracy: 0.4000 - lr: 1.0000e-05
Epoch 18/30
2/2 [==============================] - 2s 982ms/step - loss: 9.5958 - accuracy: 0.1167 - val_loss: 6.2167 - val_accuracy: 0.4000 - lr: 1.0000e-05
Epoch 19/30
2/2 [==============================] - 2s 973ms/step - loss: 10.0893 - accuracy: 0.2667 - val_loss: 6.2124 - val_accuracy: 0.4000 - lr: 1.0000e-05
Epoch 20/30
2/2 [==============================] - 2s 842ms/step - loss: 9.4492 - accuracy: 0.1833 - val_loss: 6.2087 - val_accuracy: 0.4000 - lr: 1.0000e-05
Epoch 21/30
2/2 [==============================] - 2s 858ms/step - loss: 10.6635 - accuracy: 0.1333 - val_loss: 6.2056 - val_accuracy: 0.4000 - lr: 1.0000e-05
Epoch 22/30
2/2 [==============================] - 2s 934ms/step - loss: 9.2840 - accuracy: 0.1833 - val_loss: 6.2025 - val_accuracy: 0.4000 - lr: 1.0000e-05
Epoch 23/30
2/2 [==============================] - 2s 847ms/step - loss: 9.6450 - accuracy: 0.1500 - val_loss: 6.2001 - val_accuracy: 0.4000 - lr: 1.0000e-05
Epoch 24/30
2/2 [==============================] - 2s 835ms/step - loss: 9.4054 - accuracy: 0.2000 - val_loss: 6.1971 - val_accuracy: 0.4000 - lr: 1.0000e-05
Epoch 25/30
2/2 [==============================] - 2s 957ms/step - loss: 10.4737 - accuracy: 0.2000 - val_loss: 6.1946 - val_accuracy: 0.4000 - lr: 1.0000e-05
Epoch 26/30
2/2 [==============================] - 2s 831ms/step - loss: 9.6154 - accuracy: 0.1667 - val_loss: 6.1920 - val_accuracy: 0.4000 - lr: 1.0000e-05
Epoch 27/30
2/2 [==============================] - 2s 984ms/step - loss: 9.6446 - accuracy: 0.2000 - val_loss: 6.1888 - val_accuracy: 0.4000 - lr: 1.0000e-05
Epoch 28/30
2/2 [==============================] - 2s 962ms/step - loss: 9.8494 - accuracy: 0.2000 - val_loss: 6.1865 - val_accuracy: 0.4000 - lr: 1.0000e-05
Epoch 29/30
2/2 [==============================] - 2s 841ms/step - loss: 10.1981 - accuracy: 0.1833 - val_loss: 6.1843 - val_accuracy: 0.4000 - lr: 1.0000e-05
Epoch 30/30
2/2 [==============================] - 2s 833ms/step - loss: 9.2454 - accuracy: 0.2000 - val_loss: 6.1833 - val_accuracy: 0.4000 - lr: 1.0000e-05
Evaluating the model...
1/1 [==============================] - 0s 162ms/step - loss: 6.3076 - accuracy: 0.4286
Test accuracy: 0.4285714328289032, Validation loss: 6.183280944824219
Saving results to CSV...

Running training with params: (1e-05, 0.6, 32, 60, 0.3, 20)
Loading training data...
Found 60 images belonging to 6 classes.
Loading validation data...
Found 5 images belonging to 6 classes.
Loading test data...
Found 7 images belonging to 6 classes.
Number of classes: 6
Computing class weights...
Class weights: {0: 1.0, 1: 1.0, 2: 1.0, 3: 1.0, 4: 1.0, 5: 1.0}
Creating model with learning rate: 1e-05, dropout: 0.6, filters: 32
Model created and compiled.
Training the model...
Epoch 1/20
2/2 [==============================] - 3s 1s/step - loss: 11.6436 - accuracy: 0.1500 - val_loss: 6.2663 - val_accuracy: 0.2000 - lr: 1.0000e-05
Epoch 2/20
2/2 [==============================] - 2s 924ms/step - loss: 9.2693 - accuracy: 0.3167 - val_loss: 6.2748 - val_accuracy: 0.2000 - lr: 1.0000e-05
Epoch 3/20
2/2 [==============================] - 2s 832ms/step - loss: 11.5750 - accuracy: 0.1000 - val_loss: 6.2845 - val_accuracy: 0.0000e+00 - lr: 1.0000e-05
Evaluating the model...
1/1 [==============================] - 0s 158ms/step - loss: 6.2648 - accuracy: 0.4286
Test accuracy: 0.4285714328289032, Validation loss: 6.266256332397461
Saving results to CSV...

Running training with params: (1e-05, 0.6, 32, 60, 0.3, 30)
Loading training data...
Found 60 images belonging to 6 classes.
Loading validation data...
Found 5 images belonging to 6 classes.
Loading test data...
Found 7 images belonging to 6 classes.
Number of classes: 6
Computing class weights...
Class weights: {0: 1.0, 1: 1.0, 2: 1.0, 3: 1.0, 4: 1.0, 5: 1.0}
Creating model with learning rate: 1e-05, dropout: 0.6, filters: 32
Model created and compiled.
Training the model...
Epoch 1/30
2/2 [==============================] - 3s 1s/step - loss: 11.2354 - accuracy: 0.1167 - val_loss: 6.2836 - val_accuracy: 0.0000e+00 - lr: 1.0000e-05
Epoch 2/30
2/2 [==============================] - 2s 832ms/step - loss: 10.9368 - accuracy: 0.1667 - val_loss: 6.2849 - val_accuracy: 0.2000 - lr: 1.0000e-05
Epoch 3/30
2/2 [==============================] - 2s 875ms/step - loss: 10.6832 - accuracy: 0.2167 - val_loss: 6.2854 - val_accuracy: 0.0000e+00 - lr: 1.0000e-05
Evaluating the model...
1/1 [==============================] - 0s 154ms/step - loss: 6.2938 - accuracy: 0.0000e+00
Test accuracy: 0.0, Validation loss: 6.283599853515625
Saving results to CSV...

Running training with params: (1e-05, 0.6, 32, 60, 0.5, 20)
Loading training data...
Found 60 images belonging to 6 classes.
Loading validation data...
Found 5 images belonging to 6 classes.
Loading test data...
Found 7 images belonging to 6 classes.
Number of classes: 6
Computing class weights...
Class weights: {0: 1.0, 1: 1.0, 2: 1.0, 3: 1.0, 4: 1.0, 5: 1.0}
Creating model with learning rate: 1e-05, dropout: 0.6, filters: 32
Model created and compiled.
Training the model...
Epoch 1/20
2/2 [==============================] - 3s 1s/step - loss: 11.9907 - accuracy: 0.1000 - val_loss: 6.2741 - val_accuracy: 0.2000 - lr: 1.0000e-05
Epoch 2/20
2/2 [==============================] - 2s 819ms/step - loss: 11.5704 - accuracy: 0.2000 - val_loss: 6.2740 - val_accuracy: 0.4000 - lr: 1.0000e-05
Epoch 3/20
2/2 [==============================] - 3s 3s/step - loss: 10.1377 - accuracy: 0.1833 - val_loss: 6.2717 - val_accuracy: 0.4000 - lr: 1.0000e-05
Epoch 4/20
2/2 [==============================] - 2s 930ms/step - loss: 10.7075 - accuracy: 0.2000 - val_loss: 6.2676 - val_accuracy: 0.4000 - lr: 1.0000e-05
Epoch 5/20
2/2 [==============================] - 2s 869ms/step - loss: 11.0248 - accuracy: 0.2333 - val_loss: 6.2614 - val_accuracy: 0.2000 - lr: 1.0000e-05
Epoch 6/20
2/2 [==============================] - 2s 956ms/step - loss: 10.3765 - accuracy: 0.1000 - val_loss: 6.2576 - val_accuracy: 0.2000 - lr: 1.0000e-05
Epoch 7/20
2/2 [==============================] - 2s 772ms/step - loss: 11.0499 - accuracy: 0.2000 - val_loss: 6.2544 - val_accuracy: 0.2000 - lr: 1.0000e-05
Epoch 8/20
2/2 [==============================] - 2s 811ms/step - loss: 10.6936 - accuracy: 0.1167 - val_loss: 6.2518 - val_accuracy: 0.2000 - lr: 1.0000e-05
Epoch 9/20
2/2 [==============================] - 2s 760ms/step - loss: 9.7557 - accuracy: 0.2333 - val_loss: 6.2499 - val_accuracy: 0.2000 - lr: 1.0000e-05
Epoch 10/20
2/2 [==============================] - 2s 893ms/step - loss: 11.1852 - accuracy: 0.1667 - val_loss: 6.2497 - val_accuracy: 0.2000 - lr: 1.0000e-05
Epoch 11/20
2/2 [==============================] - 2s 716ms/step - loss: 10.0773 - accuracy: 0.1167 - val_loss: 6.2497 - val_accuracy: 0.2000 - lr: 1.0000e-05
Epoch 12/20
2/2 [==============================] - 2s 756ms/step - loss: 10.7070 - accuracy: 0.2167 - val_loss: 6.2524 - val_accuracy: 0.2000 - lr: 1.0000e-05
Evaluating the model...
1/1 [==============================] - 0s 159ms/step - loss: 6.3416 - accuracy: 0.0000e+00
Test accuracy: 0.0, Validation loss: 6.249689102172852
Saving results to CSV...

Running training with params: (1e-05, 0.6, 32, 60, 0.5, 30)
Loading training data...
Found 60 images belonging to 6 classes.
Loading validation data...
Found 5 images belonging to 6 classes.
Loading test data...
Found 7 images belonging to 6 classes.
Number of classes: 6
Computing class weights...
Class weights: {0: 1.0, 1: 1.0, 2: 1.0, 3: 1.0, 4: 1.0, 5: 1.0}
Creating model with learning rate: 1e-05, dropout: 0.6, filters: 32
Model created and compiled.
Training the model...
Epoch 1/30
2/2 [==============================] - 4s 959ms/step - loss: 10.2006 - accuracy: 0.1667 - val_loss: 6.2897 - val_accuracy: 0.2000 - lr: 1.0000e-05
Epoch 2/30
2/2 [==============================] - 2s 932ms/step - loss: 10.9160 - accuracy: 0.2167 - val_loss: 6.2915 - val_accuracy: 0.2000 - lr: 1.0000e-05
Epoch 3/30
2/2 [==============================] - 2s 797ms/step - loss: 9.8928 - accuracy: 0.2000 - val_loss: 6.2942 - val_accuracy: 0.2000 - lr: 1.0000e-05
Evaluating the model...
1/1 [==============================] - 0s 161ms/step - loss: 6.2927 - accuracy: 0.1429
Test accuracy: 0.1428571492433548, Validation loss: 6.289676666259766
Saving results to CSV...

Running training with params: (1e-05, 0.8, 16, 50, 0.3, 20)
Loading training data...
Found 60 images belonging to 6 classes.
Loading validation data...
Found 5 images belonging to 6 classes.
Loading test data...
Found 7 images belonging to 6 classes.
Number of classes: 6
Computing class weights...
Class weights: {0: 1.0, 1: 1.0, 2: 1.0, 3: 1.0, 4: 1.0, 5: 1.0}
Creating model with learning rate: 1e-05, dropout: 0.8, filters: 16
Model created and compiled.
Training the model...
Epoch 1/20
2/2 [==============================] - 3s 1s/step - loss: 15.6000 - accuracy: 0.1833 - val_loss: 5.7958 - val_accuracy: 0.2000 - lr: 1.0000e-05
Epoch 2/20
2/2 [==============================] - 1s 725ms/step - loss: 16.3684 - accuracy: 0.1833 - val_loss: 5.7921 - val_accuracy: 0.4000 - lr: 1.0000e-05
Epoch 3/20
2/2 [==============================] - 2s 720ms/step - loss: 16.3773 - accuracy: 0.1667 - val_loss: 5.7914 - val_accuracy: 0.2000 - lr: 1.0000e-05
Epoch 4/20
2/2 [==============================] - 2s 787ms/step - loss: 13.7389 - accuracy: 0.2500 - val_loss: 5.7923 - val_accuracy: 0.2000 - lr: 1.0000e-05
Epoch 5/20
2/2 [==============================] - 2s 726ms/step - loss: 16.6803 - accuracy: 0.1000 - val_loss: 5.7923 - val_accuracy: 0.0000e+00 - lr: 1.0000e-05
Evaluating the model...
1/1 [==============================] - 0s 209ms/step - loss: 5.7963 - accuracy: 0.1429
Test accuracy: 0.1428571492433548, Validation loss: 5.791384696960449
Saving results to CSV...

Running training with params: (1e-05, 0.8, 16, 50, 0.3, 30)
Loading training data...
Found 60 images belonging to 6 classes.
Loading validation data...
Found 5 images belonging to 6 classes.
Loading test data...
Found 7 images belonging to 6 classes.
Number of classes: 6
Computing class weights...
Class weights: {0: 1.0, 1: 1.0, 2: 1.0, 3: 1.0, 4: 1.0, 5: 1.0}
Creating model with learning rate: 1e-05, dropout: 0.8, filters: 16
Model created and compiled.
Training the model...
Epoch 1/30
2/2 [==============================] - 3s 1s/step - loss: 16.3162 - accuracy: 0.1667 - val_loss: 5.8180 - val_accuracy: 0.0000e+00 - lr: 1.0000e-05
Epoch 2/30
2/2 [==============================] - 2s 787ms/step - loss: 15.5727 - accuracy: 0.0667 - val_loss: 5.8140 - val_accuracy: 0.0000e+00 - lr: 1.0000e-05
Epoch 3/30
2/2 [==============================] - 2s 672ms/step - loss: 15.5794 - accuracy: 0.2167 - val_loss: 5.8122 - val_accuracy: 0.0000e+00 - lr: 1.0000e-05
Epoch 4/30
2/2 [==============================] - 2s 730ms/step - loss: 17.0303 - accuracy: 0.1167 - val_loss: 5.8120 - val_accuracy: 0.0000e+00 - lr: 1.0000e-05
Epoch 5/30
2/2 [==============================] - 1s 734ms/step - loss: 15.2343 - accuracy: 0.2333 - val_loss: 5.8120 - val_accuracy: 0.0000e+00 - lr: 1.0000e-05
Epoch 6/30
2/2 [==============================] - 1s 750ms/step - loss: 16.2782 - accuracy: 0.1833 - val_loss: 5.8130 - val_accuracy: 0.0000e+00 - lr: 1.0000e-05
Evaluating the model...
1/1 [==============================] - 0s 179ms/step - loss: 5.7986 - accuracy: 0.2857
Test accuracy: 0.2857142984867096, Validation loss: 5.811969757080078
Saving results to CSV...

Running training with params: (1e-05, 0.8, 16, 50, 0.5, 20)
Loading training data...
Found 60 images belonging to 6 classes.
Loading validation data...
Found 5 images belonging to 6 classes.
Loading test data...
Found 7 images belonging to 6 classes.
Number of classes: 6
Computing class weights...
Class weights: {0: 1.0, 1: 1.0, 2: 1.0, 3: 1.0, 4: 1.0, 5: 1.0}
Creating model with learning rate: 1e-05, dropout: 0.8, filters: 16
Model created and compiled.
Training the model...
Epoch 1/20
2/2 [==============================] - 3s 1s/step - loss: 15.2655 - accuracy: 0.2000 - val_loss: 5.8363 - val_accuracy: 0.0000e+00 - lr: 1.0000e-05
Epoch 2/20
2/2 [==============================] - 1s 669ms/step - loss: 14.1583 - accuracy: 0.2000 - val_loss: 5.8324 - val_accuracy: 0.0000e+00 - lr: 1.0000e-05
Epoch 3/20
2/2 [==============================] - 2s 790ms/step - loss: 17.5570 - accuracy: 0.2000 - val_loss: 5.8295 - val_accuracy: 0.0000e+00 - lr: 1.0000e-05
Epoch 4/20
2/2 [==============================] - 1s 618ms/step - loss: 15.8523 - accuracy: 0.1833 - val_loss: 5.8283 - val_accuracy: 0.0000e+00 - lr: 1.0000e-05
Epoch 5/20
2/2 [==============================] - 1s 737ms/step - loss: 16.3541 - accuracy: 0.1667 - val_loss: 5.8286 - val_accuracy: 0.0000e+00 - lr: 1.0000e-05
Epoch 6/20
2/2 [==============================] - 1s 641ms/step - loss: 16.5297 - accuracy: 0.1333 - val_loss: 5.8306 - val_accuracy: 0.0000e+00 - lr: 1.0000e-05
Evaluating the model...
1/1 [==============================] - 0s 155ms/step - loss: 5.8202 - accuracy: 0.0000e+00
Test accuracy: 0.0, Validation loss: 5.828263282775879
Saving results to CSV...

Running training with params: (1e-05, 0.8, 16, 50, 0.5, 30)
Loading training data...
Found 60 images belonging to 6 classes.
Loading validation data...
Found 5 images belonging to 6 classes.
Loading test data...
Found 7 images belonging to 6 classes.
Number of classes: 6
Computing class weights...
Class weights: {0: 1.0, 1: 1.0, 2: 1.0, 3: 1.0, 4: 1.0, 5: 1.0}
Creating model with learning rate: 1e-05, dropout: 0.8, filters: 16
Model created and compiled.
Training the model...
Epoch 1/30
2/2 [==============================] - 3s 976ms/step - loss: 17.4624 - accuracy: 0.2000 - val_loss: 5.8099 - val_accuracy: 0.2000 - lr: 1.0000e-05
Epoch 2/30
2/2 [==============================] - 1s 699ms/step - loss: 17.4660 - accuracy: 0.1667 - val_loss: 5.8085 - val_accuracy: 0.2000 - lr: 1.0000e-05
Epoch 3/30
2/2 [==============================] - 1s 670ms/step - loss: 19.1838 - accuracy: 0.2000 - val_loss: 5.8100 - val_accuracy: 0.2000 - lr: 1.0000e-05
Epoch 4/30
2/2 [==============================] - 1s 784ms/step - loss: 20.2535 - accuracy: 0.1500 - val_loss: 5.8118 - val_accuracy: 0.2000 - lr: 1.0000e-05
Evaluating the model...
1/1 [==============================] - 0s 176ms/step - loss: 5.8189 - accuracy: 0.1429
Test accuracy: 0.1428571492433548, Validation loss: 5.808535099029541
Saving results to CSV...

Running training with params: (1e-05, 0.8, 16, 60, 0.3, 20)
Loading training data...
Found 60 images belonging to 6 classes.
Loading validation data...
Found 5 images belonging to 6 classes.
Loading test data...
Found 7 images belonging to 6 classes.
Number of classes: 6
Computing class weights...
Class weights: {0: 1.0, 1: 1.0, 2: 1.0, 3: 1.0, 4: 1.0, 5: 1.0}
Creating model with learning rate: 1e-05, dropout: 0.8, filters: 16
Model created and compiled.
Training the model...
Epoch 1/20
2/2 [==============================] - 3s 942ms/step - loss: 14.7870 - accuracy: 0.1833 - val_loss: 5.7895 - val_accuracy: 0.2000 - lr: 1.0000e-05
Epoch 2/20
2/2 [==============================] - 1s 705ms/step - loss: 16.1429 - accuracy: 0.2000 - val_loss: 5.7850 - val_accuracy: 0.2000 - lr: 1.0000e-05
Epoch 3/20
2/2 [==============================] - 1s 664ms/step - loss: 16.3618 - accuracy: 0.1667 - val_loss: 5.7833 - val_accuracy: 0.4000 - lr: 1.0000e-05
Epoch 4/20
2/2 [==============================] - 1s 736ms/step - loss: 16.1916 - accuracy: 0.1667 - val_loss: 5.7822 - val_accuracy: 0.4000 - lr: 1.0000e-05
Epoch 5/20
2/2 [==============================] - 1s 690ms/step - loss: 16.3691 - accuracy: 0.1833 - val_loss: 5.7825 - val_accuracy: 0.4000 - lr: 1.0000e-05
Epoch 6/20
2/2 [==============================] - 1s 763ms/step - loss: 18.0089 - accuracy: 0.1333 - val_loss: 5.7849 - val_accuracy: 0.4000 - lr: 1.0000e-05
Evaluating the model...
1/1 [==============================] - 0s 164ms/step - loss: 5.7866 - accuracy: 0.0000e+00
Test accuracy: 0.0, Validation loss: 5.782196044921875
Saving results to CSV...

Running training with params: (1e-05, 0.8, 16, 60, 0.3, 30)
Loading training data...
Found 60 images belonging to 6 classes.
Loading validation data...
Found 5 images belonging to 6 classes.
Loading test data...
Found 7 images belonging to 6 classes.
Number of classes: 6
Computing class weights...
Class weights: {0: 1.0, 1: 1.0, 2: 1.0, 3: 1.0, 4: 1.0, 5: 1.0}
Creating model with learning rate: 1e-05, dropout: 0.8, filters: 16
Model created and compiled.
Training the model...
Epoch 1/30
2/2 [==============================] - 3s 959ms/step - loss: 16.3120 - accuracy: 0.1500 - val_loss: 5.8056 - val_accuracy: 0.2000 - lr: 1.0000e-05
Epoch 2/30
2/2 [==============================] - 1s 774ms/step - loss: 15.4609 - accuracy: 0.2167 - val_loss: 5.7990 - val_accuracy: 0.2000 - lr: 1.0000e-05
Epoch 3/30
2/2 [==============================] - 1s 649ms/step - loss: 16.1211 - accuracy: 0.1833 - val_loss: 5.7949 - val_accuracy: 0.2000 - lr: 1.0000e-05
Epoch 4/30
2/2 [==============================] - 2s 811ms/step - loss: 16.2859 - accuracy: 0.1333 - val_loss: 5.7907 - val_accuracy: 0.2000 - lr: 1.0000e-05
Epoch 5/30
2/2 [==============================] - 1s 762ms/step - loss: 16.2702 - accuracy: 0.2500 - val_loss: 5.7866 - val_accuracy: 0.2000 - lr: 1.0000e-05
Epoch 6/30
2/2 [==============================] - 1s 764ms/step - loss: 16.9479 - accuracy: 0.1333 - val_loss: 5.7835 - val_accuracy: 0.2000 - lr: 1.0000e-05
Epoch 7/30
2/2 [==============================] - 1s 633ms/step - loss: 18.5360 - accuracy: 0.1500 - val_loss: 5.7803 - val_accuracy: 0.2000 - lr: 1.0000e-05
Epoch 8/30
2/2 [==============================] - 1s 641ms/step - loss: 19.4609 - accuracy: 0.1167 - val_loss: 5.7771 - val_accuracy: 0.2000 - lr: 1.0000e-05
Epoch 9/30
2/2 [==============================] - 1s 709ms/step - loss: 13.8327 - accuracy: 0.2000 - val_loss: 5.7750 - val_accuracy: 0.0000e+00 - lr: 1.0000e-05
Epoch 10/30
2/2 [==============================] - 1s 689ms/step - loss: 15.7560 - accuracy: 0.1333 - val_loss: 5.7747 - val_accuracy: 0.2000 - lr: 1.0000e-05
Epoch 11/30
2/2 [==============================] - 1s 655ms/step - loss: 16.3789 - accuracy: 0.2000 - val_loss: 5.7755 - val_accuracy: 0.2000 - lr: 1.0000e-05
Epoch 12/30
2/2 [==============================] - 1s 726ms/step - loss: 15.3876 - accuracy: 0.2000 - val_loss: 5.7768 - val_accuracy: 0.2000 - lr: 1.0000e-05
Evaluating the model...
1/1 [==============================] - 0s 190ms/step - loss: 5.8229 - accuracy: 0.0000e+00
Test accuracy: 0.0, Validation loss: 5.774661540985107
Saving results to CSV...

Running training with params: (1e-05, 0.8, 16, 60, 0.5, 20)
Loading training data...
Found 60 images belonging to 6 classes.
Loading validation data...
Found 5 images belonging to 6 classes.
Loading test data...
Found 7 images belonging to 6 classes.
Number of classes: 6
Computing class weights...
Class weights: {0: 1.0, 1: 1.0, 2: 1.0, 3: 1.0, 4: 1.0, 5: 1.0}
Creating model with learning rate: 1e-05, dropout: 0.8, filters: 16
Model created and compiled.
Training the model...
Epoch 1/20
2/2 [==============================] - 3s 908ms/step - loss: 15.7706 - accuracy: 0.1500 - val_loss: 5.8474 - val_accuracy: 0.2000 - lr: 1.0000e-05
Epoch 2/20
2/2 [==============================] - 2s 686ms/step - loss: 16.2764 - accuracy: 0.0833 - val_loss: 5.8418 - val_accuracy: 0.2000 - lr: 1.0000e-05
Epoch 3/20
2/2 [==============================] - 1s 725ms/step - loss: 13.9409 - accuracy: 0.2833 - val_loss: 5.8366 - val_accuracy: 0.2000 - lr: 1.0000e-05
Epoch 4/20
2/2 [==============================] - 1s 655ms/step - loss: 16.6051 - accuracy: 0.1833 - val_loss: 5.8319 - val_accuracy: 0.0000e+00 - lr: 1.0000e-05
Epoch 5/20
2/2 [==============================] - 1s 675ms/step - loss: 16.0819 - accuracy: 0.2000 - val_loss: 5.8284 - val_accuracy: 0.0000e+00 - lr: 1.0000e-05
Epoch 6/20
2/2 [==============================] - 2s 776ms/step - loss: 17.6152 - accuracy: 0.0833 - val_loss: 5.8227 - val_accuracy: 0.0000e+00 - lr: 1.0000e-05
Epoch 7/20
2/2 [==============================] - 2s 757ms/step - loss: 14.4609 - accuracy: 0.2833 - val_loss: 5.8171 - val_accuracy: 0.2000 - lr: 1.0000e-05
Epoch 8/20
2/2 [==============================] - 2s 894ms/step - loss: 12.7627 - accuracy: 0.2667 - val_loss: 5.8100 - val_accuracy: 0.4000 - lr: 1.0000e-05
Epoch 9/20
2/2 [==============================] - 2s 757ms/step - loss: 14.4257 - accuracy: 0.2500 - val_loss: 5.8019 - val_accuracy: 0.2000 - lr: 1.0000e-05
Epoch 10/20
2/2 [==============================] - 2s 818ms/step - loss: 15.2479 - accuracy: 0.2000 - val_loss: 5.7954 - val_accuracy: 0.2000 - lr: 1.0000e-05
Epoch 11/20
2/2 [==============================] - 1s 658ms/step - loss: 15.4330 - accuracy: 0.2333 - val_loss: 5.7886 - val_accuracy: 0.2000 - lr: 1.0000e-05
Epoch 12/20
2/2 [==============================] - 2s 859ms/step - loss: 15.0548 - accuracy: 0.1667 - val_loss: 5.7831 - val_accuracy: 0.2000 - lr: 1.0000e-05
Epoch 13/20
2/2 [==============================] - 2s 811ms/step - loss: 16.0237 - accuracy: 0.1667 - val_loss: 5.7786 - val_accuracy: 0.2000 - lr: 1.0000e-05
Epoch 14/20
2/2 [==============================] - 2s 764ms/step - loss: 16.2525 - accuracy: 0.1833 - val_loss: 5.7746 - val_accuracy: 0.2000 - lr: 1.0000e-05
Epoch 15/20
2/2 [==============================] - 2s 855ms/step - loss: 16.5040 - accuracy: 0.1833 - val_loss: 5.7708 - val_accuracy: 0.2000 - lr: 1.0000e-05
Epoch 16/20
2/2 [==============================] - 2s 704ms/step - loss: 16.6471 - accuracy: 0.1333 - val_loss: 5.7681 - val_accuracy: 0.2000 - lr: 1.0000e-05
Epoch 17/20
2/2 [==============================] - 2s 674ms/step - loss: 16.0399 - accuracy: 0.1333 - val_loss: 5.7655 - val_accuracy: 0.2000 - lr: 1.0000e-05
Epoch 18/20
2/2 [==============================] - 2s 966ms/step - loss: 15.8250 - accuracy: 0.1500 - val_loss: 5.7630 - val_accuracy: 0.2000 - lr: 1.0000e-05
Epoch 19/20
2/2 [==============================] - 2s 795ms/step - loss: 14.2129 - accuracy: 0.1833 - val_loss: 5.7610 - val_accuracy: 0.2000 - lr: 1.0000e-05
Epoch 20/20
2/2 [==============================] - 2s 945ms/step - loss: 15.1206 - accuracy: 0.1167 - val_loss: 5.7589 - val_accuracy: 0.4000 - lr: 1.0000e-05
Evaluating the model...
1/1 [==============================] - 0s 172ms/step - loss: 5.7360 - accuracy: 0.2857
Test accuracy: 0.2857142984867096, Validation loss: 5.758889198303223
Saving results to CSV...

Running training with params: (1e-05, 0.8, 16, 60, 0.5, 30)
Loading training data...
Found 60 images belonging to 6 classes.
Loading validation data...
Found 5 images belonging to 6 classes.
Loading test data...
Found 7 images belonging to 6 classes.
Number of classes: 6
Computing class weights...
Class weights: {0: 1.0, 1: 1.0, 2: 1.0, 3: 1.0, 4: 1.0, 5: 1.0}
Creating model with learning rate: 1e-05, dropout: 0.8, filters: 16
Model created and compiled.
Training the model...
Epoch 1/30
2/2 [==============================] - 3s 1s/step - loss: 17.9699 - accuracy: 0.0833 - val_loss: 5.8253 - val_accuracy: 0.2000 - lr: 1.0000e-05
Epoch 2/30
2/2 [==============================] - 1s 614ms/step - loss: 17.2489 - accuracy: 0.1333 - val_loss: 5.8287 - val_accuracy: 0.0000e+00 - lr: 1.0000e-05
Epoch 3/30
2/2 [==============================] - 2s 780ms/step - loss: 16.6997 - accuracy: 0.2167 - val_loss: 5.8312 - val_accuracy: 0.0000e+00 - lr: 1.0000e-05
Evaluating the model...
1/1 [==============================] - 0s 168ms/step - loss: 5.8295 - accuracy: 0.1429
Test accuracy: 0.1428571492433548, Validation loss: 5.825292587280273
Saving results to CSV...

Running training with params: (1e-05, 0.8, 32, 50, 0.3, 20)
Loading training data...
Found 60 images belonging to 6 classes.
Loading validation data...
Found 5 images belonging to 6 classes.
Loading test data...
Found 7 images belonging to 6 classes.
Number of classes: 6
Computing class weights...
Class weights: {0: 1.0, 1: 1.0, 2: 1.0, 3: 1.0, 4: 1.0, 5: 1.0}
Creating model with learning rate: 1e-05, dropout: 0.8, filters: 32
Model created and compiled.
Training the model...
Epoch 1/20
2/2 [==============================] - 3s 1s/step - loss: 18.1052 - accuracy: 0.2333 - val_loss: 6.3071 - val_accuracy: 0.0000e+00 - lr: 1.0000e-05
Epoch 2/20
2/2 [==============================] - 2s 769ms/step - loss: 16.8432 - accuracy: 0.2333 - val_loss: 6.2991 - val_accuracy: 0.0000e+00 - lr: 1.0000e-05
Epoch 3/20
2/2 [==============================] - 2s 793ms/step - loss: 16.9147 - accuracy: 0.1500 - val_loss: 6.2922 - val_accuracy: 0.2000 - lr: 1.0000e-05
Epoch 4/20
2/2 [==============================] - 2s 988ms/step - loss: 17.9787 - accuracy: 0.1500 - val_loss: 6.2874 - val_accuracy: 0.0000e+00 - lr: 1.0000e-05
Epoch 5/20
2/2 [==============================] - 2s 1s/step - loss: 15.0177 - accuracy: 0.2333 - val_loss: 6.2812 - val_accuracy: 0.2000 - lr: 1.0000e-05
Epoch 6/20
2/2 [==============================] - 2s 712ms/step - loss: 16.3359 - accuracy: 0.1833 - val_loss: 6.2755 - val_accuracy: 0.2000 - lr: 1.0000e-05
Epoch 7/20
2/2 [==============================] - 2s 867ms/step - loss: 14.2183 - accuracy: 0.2000 - val_loss: 6.2721 - val_accuracy: 0.2000 - lr: 1.0000e-05
Epoch 8/20
2/2 [==============================] - 2s 731ms/step - loss: 15.7436 - accuracy: 0.2333 - val_loss: 6.2682 - val_accuracy: 0.2000 - lr: 1.0000e-05
Epoch 9/20
2/2 [==============================] - 2s 967ms/step - loss: 17.4375 - accuracy: 0.1667 - val_loss: 6.2658 - val_accuracy: 0.2000 - lr: 1.0000e-05
Epoch 10/20
2/2 [==============================] - 2s 985ms/step - loss: 15.2980 - accuracy: 0.1833 - val_loss: 6.2645 - val_accuracy: 0.0000e+00 - lr: 1.0000e-05
Epoch 11/20
2/2 [==============================] - 2s 762ms/step - loss: 16.3497 - accuracy: 0.1000 - val_loss: 6.2640 - val_accuracy: 0.0000e+00 - lr: 1.0000e-05
Epoch 12/20
2/2 [==============================] - 2s 719ms/step - loss: 17.8496 - accuracy: 0.1833 - val_loss: 6.2651 - val_accuracy: 0.0000e+00 - lr: 1.0000e-05
Epoch 13/20
2/2 [==============================] - 2s 844ms/step - loss: 16.9198 - accuracy: 0.1500 - val_loss: 6.2671 - val_accuracy: 0.0000e+00 - lr: 1.0000e-05
Evaluating the model...
1/1 [==============================] - 0s 211ms/step - loss: 6.3292 - accuracy: 0.0000e+00
Test accuracy: 0.0, Validation loss: 6.263970375061035
Saving results to CSV...

Running training with params: (1e-05, 0.8, 32, 50, 0.3, 30)
Loading training data...
Found 60 images belonging to 6 classes.
Loading validation data...
Found 5 images belonging to 6 classes.
Loading test data...
Found 7 images belonging to 6 classes.
Number of classes: 6
Computing class weights...
Class weights: {0: 1.0, 1: 1.0, 2: 1.0, 3: 1.0, 4: 1.0, 5: 1.0}
Creating model with learning rate: 1e-05, dropout: 0.8, filters: 32
Model created and compiled.
Training the model...
Epoch 1/30
2/2 [==============================] - 3s 1s/step - loss: 15.7898 - accuracy: 0.1667 - val_loss: 6.2673 - val_accuracy: 0.4000 - lr: 1.0000e-05
Epoch 2/30
2/2 [==============================] - 2s 772ms/step - loss: 16.4314 - accuracy: 0.2333 - val_loss: 6.2640 - val_accuracy: 0.2000 - lr: 1.0000e-05
Epoch 3/30
2/2 [==============================] - 2s 807ms/step - loss: 17.6851 - accuracy: 0.1667 - val_loss: 6.2637 - val_accuracy: 0.2000 - lr: 1.0000e-05
Epoch 4/30
2/2 [==============================] - 2s 725ms/step - loss: 16.3794 - accuracy: 0.1500 - val_loss: 6.2648 - val_accuracy: 0.2000 - lr: 1.0000e-05
Epoch 5/30
2/2 [==============================] - 2s 873ms/step - loss: 15.9183 - accuracy: 0.1833 - val_loss: 6.2645 - val_accuracy: 0.2000 - lr: 1.0000e-05
Evaluating the model...
1/1 [==============================] - 0s 189ms/step - loss: 6.2776 - accuracy: 0.0000e+00
Test accuracy: 0.0, Validation loss: 6.263708114624023
Saving results to CSV...

Running training with params: (1e-05, 0.8, 32, 50, 0.5, 20)
Loading training data...
Found 60 images belonging to 6 classes.
Loading validation data...
Found 5 images belonging to 6 classes.
Loading test data...
Found 7 images belonging to 6 classes.
Number of classes: 6
Computing class weights...
Class weights: {0: 1.0, 1: 1.0, 2: 1.0, 3: 1.0, 4: 1.0, 5: 1.0}
Creating model with learning rate: 1e-05, dropout: 0.8, filters: 32
Model created and compiled.
Training the model...
Epoch 1/20
2/2 [==============================] - 3s 1s/step - loss: 16.5474 - accuracy: 0.2333 - val_loss: 6.2538 - val_accuracy: 0.2000 - lr: 1.0000e-05
Epoch 2/20
2/2 [==============================] - 2s 936ms/step - loss: 18.2493 - accuracy: 0.1333 - val_loss: 6.2550 - val_accuracy: 0.0000e+00 - lr: 1.0000e-05
Epoch 3/20
2/2 [==============================] - 2s 772ms/step - loss: 16.7346 - accuracy: 0.2167 - val_loss: 6.2569 - val_accuracy: 0.2000 - lr: 1.0000e-05
Evaluating the model...
1/1 [==============================] - 0s 175ms/step - loss: 6.2359 - accuracy: 0.2857
Test accuracy: 0.2857142984867096, Validation loss: 6.253772735595703
Saving results to CSV...

Running training with params: (1e-05, 0.8, 32, 50, 0.5, 30)
Loading training data...
Found 60 images belonging to 6 classes.
Loading validation data...
Found 5 images belonging to 6 classes.
Loading test data...
Found 7 images belonging to 6 classes.
Number of classes: 6
Computing class weights...
Class weights: {0: 1.0, 1: 1.0, 2: 1.0, 3: 1.0, 4: 1.0, 5: 1.0}
Creating model with learning rate: 1e-05, dropout: 0.8, filters: 32
Model created and compiled.
Training the model...
Epoch 1/30
2/2 [==============================] - 3s 1s/step - loss: 15.7377 - accuracy: 0.2000 - val_loss: 6.2880 - val_accuracy: 0.0000e+00 - lr: 1.0000e-05
Epoch 2/30
2/2 [==============================] - 2s 790ms/step - loss: 14.5593 - accuracy: 0.2500 - val_loss: 6.2805 - val_accuracy: 0.0000e+00 - lr: 1.0000e-05
Epoch 3/30
2/2 [==============================] - 2s 990ms/step - loss: 18.0824 - accuracy: 0.1667 - val_loss: 6.2754 - val_accuracy: 0.2000 - lr: 1.0000e-05
Epoch 4/30
2/2 [==============================] - 2s 843ms/step - loss: 16.2551 - accuracy: 0.1667 - val_loss: 6.2716 - val_accuracy: 0.4000 - lr: 1.0000e-05
Epoch 5/30
2/2 [==============================] - 2s 722ms/step - loss: 15.3553 - accuracy: 0.1833 - val_loss: 6.2692 - val_accuracy: 0.4000 - lr: 1.0000e-05
Epoch 6/30
2/2 [==============================] - 2s 721ms/step - loss: 16.6579 - accuracy: 0.1333 - val_loss: 6.2677 - val_accuracy: 0.4000 - lr: 1.0000e-05
Epoch 7/30
2/2 [==============================] - 2s 909ms/step - loss: 16.9255 - accuracy: 0.1500 - val_loss: 6.2672 - val_accuracy: 0.4000 - lr: 1.0000e-05
Epoch 8/30
2/2 [==============================] - 2s 887ms/step - loss: 15.7338 - accuracy: 0.2167 - val_loss: 6.2668 - val_accuracy: 0.4000 - lr: 1.0000e-05
Epoch 9/30
2/2 [==============================] - 2s 972ms/step - loss: 18.6701 - accuracy: 0.1667 - val_loss: 6.2658 - val_accuracy: 0.4000 - lr: 1.0000e-05
Epoch 10/30
2/2 [==============================] - 2s 896ms/step - loss: 18.0710 - accuracy: 0.1833 - val_loss: 6.2632 - val_accuracy: 0.4000 - lr: 1.0000e-05
Epoch 11/30
2/2 [==============================] - 2s 761ms/step - loss: 16.1795 - accuracy: 0.2167 - val_loss: 6.2610 - val_accuracy: 0.4000 - lr: 1.0000e-05
Epoch 12/30
2/2 [==============================] - 2s 912ms/step - loss: 17.6859 - accuracy: 0.1167 - val_loss: 6.2592 - val_accuracy: 0.4000 - lr: 1.0000e-05
Epoch 13/30
2/2 [==============================] - 2s 998ms/step - loss: 14.3795 - accuracy: 0.2333 - val_loss: 6.2583 - val_accuracy: 0.4000 - lr: 1.0000e-05
Epoch 14/30
2/2 [==============================] - 2s 796ms/step - loss: 16.9323 - accuracy: 0.1000 - val_loss: 6.2571 - val_accuracy: 0.4000 - lr: 1.0000e-05
Epoch 15/30
2/2 [==============================] - 2s 964ms/step - loss: 17.3184 - accuracy: 0.1500 - val_loss: 6.2554 - val_accuracy: 0.4000 - lr: 1.0000e-05
Epoch 16/30
2/2 [==============================] - 2s 1s/step - loss: 18.5254 - accuracy: 0.1000 - val_loss: 6.2535 - val_accuracy: 0.4000 - lr: 1.0000e-05
Epoch 17/30
2/2 [==============================] - 2s 1s/step - loss: 14.2296 - accuracy: 0.2167 - val_loss: 6.2511 - val_accuracy: 0.4000 - lr: 1.0000e-05
Epoch 18/30
2/2 [==============================] - 2s 909ms/step - loss: 15.2565 - accuracy: 0.2500 - val_loss: 6.2484 - val_accuracy: 0.4000 - lr: 1.0000e-05
Epoch 19/30
2/2 [==============================] - 2s 964ms/step - loss: 15.6264 - accuracy: 0.1500 - val_loss: 6.2456 - val_accuracy: 0.4000 - lr: 1.0000e-05
Epoch 20/30
2/2 [==============================] - 2s 907ms/step - loss: 16.4313 - accuracy: 0.1667 - val_loss: 6.2428 - val_accuracy: 0.4000 - lr: 1.0000e-05
Epoch 21/30
2/2 [==============================] - 2s 978ms/step - loss: 14.4247 - accuracy: 0.2333 - val_loss: 6.2399 - val_accuracy: 0.4000 - lr: 1.0000e-05
Epoch 22/30
2/2 [==============================] - 2s 807ms/step - loss: 16.3788 - accuracy: 0.1333 - val_loss: 6.2363 - val_accuracy: 0.4000 - lr: 1.0000e-05
Epoch 23/30
2/2 [==============================] - 2s 1s/step - loss: 16.2839 - accuracy: 0.1667 - val_loss: 6.2320 - val_accuracy: 0.4000 - lr: 1.0000e-05
Epoch 24/30
2/2 [==============================] - 2s 1s/step - loss: 14.6567 - accuracy: 0.1000 - val_loss: 6.2279 - val_accuracy: 0.4000 - lr: 1.0000e-05
Epoch 25/30
2/2 [==============================] - 2s 831ms/step - loss: 17.2723 - accuracy: 0.1667 - val_loss: 6.2231 - val_accuracy: 0.4000 - lr: 1.0000e-05
Epoch 26/30
2/2 [==============================] - 2s 849ms/step - loss: 13.8369 - accuracy: 0.2500 - val_loss: 6.2184 - val_accuracy: 0.4000 - lr: 1.0000e-05
Epoch 27/30
2/2 [==============================] - 2s 1s/step - loss: 16.3601 - accuracy: 0.1833 - val_loss: 6.2141 - val_accuracy: 0.4000 - lr: 1.0000e-05
Epoch 28/30
2/2 [==============================] - 2s 767ms/step - loss: 16.5491 - accuracy: 0.2000 - val_loss: 6.2100 - val_accuracy: 0.4000 - lr: 1.0000e-05
Epoch 29/30
2/2 [==============================] - 2s 1s/step - loss: 17.9507 - accuracy: 0.2000 - val_loss: 6.2058 - val_accuracy: 0.4000 - lr: 1.0000e-05
Epoch 30/30
2/2 [==============================] - 2s 1s/step - loss: 16.5379 - accuracy: 0.1167 - val_loss: 6.2011 - val_accuracy: 0.4000 - lr: 1.0000e-05
Evaluating the model...
1/1 [==============================] - 0s 217ms/step - loss: 6.1909 - accuracy: 0.4286
Test accuracy: 0.4285714328289032, Validation loss: 6.20114803314209
Saving results to CSV...

Running training with params: (1e-05, 0.8, 32, 60, 0.3, 20)
Loading training data...
Found 60 images belonging to 6 classes.
Loading validation data...
Found 5 images belonging to 6 classes.
Loading test data...
Found 7 images belonging to 6 classes.
Number of classes: 6
Computing class weights...
Class weights: {0: 1.0, 1: 1.0, 2: 1.0, 3: 1.0, 4: 1.0, 5: 1.0}
Creating model with learning rate: 1e-05, dropout: 0.8, filters: 32
Model created and compiled.
Training the model...
Epoch 1/20
2/2 [==============================] - 4s 1s/step - loss: 15.5378 - accuracy: 0.2000 - val_loss: 6.2280 - val_accuracy: 0.4000 - lr: 1.0000e-05
Epoch 2/20
2/2 [==============================] - 2s 842ms/step - loss: 17.5931 - accuracy: 0.1333 - val_loss: 6.2256 - val_accuracy: 0.6000 - lr: 1.0000e-05
Epoch 3/20
2/2 [==============================] - 2s 997ms/step - loss: 18.6467 - accuracy: 0.1667 - val_loss: 6.2248 - val_accuracy: 0.6000 - lr: 1.0000e-05
Epoch 4/20
2/2 [==============================] - 2s 817ms/step - loss: 16.4609 - accuracy: 0.1333 - val_loss: 6.2261 - val_accuracy: 0.6000 - lr: 1.0000e-05
Epoch 5/20
2/2 [==============================] - 2s 1s/step - loss: 16.6414 - accuracy: 0.0833 - val_loss: 6.2284 - val_accuracy: 0.4000 - lr: 1.0000e-05
Evaluating the model...
1/1 [==============================] - 0s 216ms/step - loss: 6.2639 - accuracy: 0.4286
Test accuracy: 0.4285714328289032, Validation loss: 6.224770545959473
Saving results to CSV...

Running training with params: (1e-05, 0.8, 32, 60, 0.3, 30)
Loading training data...
Found 60 images belonging to 6 classes.
Loading validation data...
Found 5 images belonging to 6 classes.
Loading test data...
Found 7 images belonging to 6 classes.
Number of classes: 6
Computing class weights...
Class weights: {0: 1.0, 1: 1.0, 2: 1.0, 3: 1.0, 4: 1.0, 5: 1.0}
Creating model with learning rate: 1e-05, dropout: 0.8, filters: 32
Model created and compiled.
Training the model...
Epoch 1/30
2/2 [==============================] - 4s 1s/step - loss: 17.0951 - accuracy: 0.1167 - val_loss: 6.2760 - val_accuracy: 0.2000 - lr: 1.0000e-05
Epoch 2/30
2/2 [==============================] - 2s 944ms/step - loss: 15.8257 - accuracy: 0.1833 - val_loss: 6.2734 - val_accuracy: 0.2000 - lr: 1.0000e-05
Epoch 3/30
2/2 [==============================] - 2s 887ms/step - loss: 18.8108 - accuracy: 0.1167 - val_loss: 6.2736 - val_accuracy: 0.2000 - lr: 1.0000e-05
Epoch 4/30
2/2 [==============================] - 2s 1s/step - loss: 16.3209 - accuracy: 0.0833 - val_loss: 6.2757 - val_accuracy: 0.2000 - lr: 1.0000e-05
Evaluating the model...
1/1 [==============================] - 0s 215ms/step - loss: 6.2664 - accuracy: 0.4286
Test accuracy: 0.4285714328289032, Validation loss: 6.273375511169434
Saving results to CSV...

Running training with params: (1e-05, 0.8, 32, 60, 0.5, 20)
Loading training data...
Found 60 images belonging to 6 classes.
Loading validation data...
Found 5 images belonging to 6 classes.
Loading test data...
Found 7 images belonging to 6 classes.
Number of classes: 6
Computing class weights...
Class weights: {0: 1.0, 1: 1.0, 2: 1.0, 3: 1.0, 4: 1.0, 5: 1.0}
Creating model with learning rate: 1e-05, dropout: 0.8, filters: 32
Model created and compiled.
Training the model...
Epoch 1/20
2/2 [==============================] - 4s 1s/step - loss: 16.9139 - accuracy: 0.2000 - val_loss: 6.2572 - val_accuracy: 0.4000 - lr: 1.0000e-05
Epoch 2/20
2/2 [==============================] - 2s 916ms/step - loss: 16.8928 - accuracy: 0.1667 - val_loss: 6.2552 - val_accuracy: 0.4000 - lr: 1.0000e-05
Epoch 3/20
2/2 [==============================] - 2s 959ms/step - loss: 14.9120 - accuracy: 0.2000 - val_loss: 6.2554 - val_accuracy: 0.6000 - lr: 1.0000e-05
Epoch 4/20
2/2 [==============================] - 2s 877ms/step - loss: 18.8640 - accuracy: 0.1167 - val_loss: 6.2561 - val_accuracy: 0.4000 - lr: 1.0000e-05
Evaluating the model...
1/1 [==============================] - 0s 208ms/step - loss: 6.2634 - accuracy: 0.1429
Test accuracy: 0.1428571492433548, Validation loss: 6.255249977111816
Saving results to CSV...

Running training with params: (1e-05, 0.8, 32, 60, 0.5, 30)
Loading training data...
Found 60 images belonging to 6 classes.
Loading validation data...
Found 5 images belonging to 6 classes.
Loading test data...
Found 7 images belonging to 6 classes.
Number of classes: 6
Computing class weights...
Class weights: {0: 1.0, 1: 1.0, 2: 1.0, 3: 1.0, 4: 1.0, 5: 1.0}
Creating model with learning rate: 1e-05, dropout: 0.8, filters: 32
Model created and compiled.
Training the model...
Epoch 1/30
2/2 [==============================] - 4s 1s/step - loss: 18.8615 - accuracy: 0.1167 - val_loss: 6.2495 - val_accuracy: 0.0000e+00 - lr: 1.0000e-05
Epoch 2/30
2/2 [==============================] - 2s 764ms/step - loss: 19.1984 - accuracy: 0.1500 - val_loss: 6.2523 - val_accuracy: 0.0000e+00 - lr: 1.0000e-05
Epoch 3/30
2/2 [==============================] - 2s 876ms/step - loss: 15.5560 - accuracy: 0.2167 - val_loss: 6.2552 - val_accuracy: 0.0000e+00 - lr: 1.0000e-05
Evaluating the model...
1/1 [==============================] - 0s 209ms/step - loss: 6.2607 - accuracy: 0.0000e+00
Test accuracy: 0.0, Validation loss: 6.249477386474609
Saving results to CSV...
All experiments completed.

Process finished with exit code 0
