C:\Users\tom.zbc\PycharmProjects\fungis_bacterias_project\.venv\Scripts\python.exe C:\Users\tom.zbc\PycharmProjects\fungis_bacterias_project\3_model_training_and_evaluation_FNN_6_6pr.py
Class 'Aero' meets the sample requirement.
Class 'Bacillus' meets the sample requirement.
Class 'Bor' meets the sample requirement.
Class 'E' meets the sample requirement.
Class 'Morganella' meets the sample requirement.
Class 'stapholococcus' meets the sample requirement.
Data check passed for directory: 'C:/Users/tom.zbc/PycharmProjects/fungis_bacterias_project/data/train'
Class 'Aero' meets the sample requirement.
Warning: Class 'Bacillus' has only 0 samples, expected at least 2.
Warning: Class 'Bor' has only 1 samples, expected at least 2.
Warning: Class 'E' has only 0 samples, expected at least 2.
Warning: Class 'Morganella' has only 1 samples, expected at least 2.
Warning: Class 'stapholococcus' has only 1 samples, expected at least 2.
Data check passed for directory: 'C:/Users/tom.zbc/PycharmProjects/fungis_bacterias_project/data/validation'
Class 'Aero' meets the sample requirement.
Warning: Class 'Bacillus' has only 1 samples, expected at least 2.
Warning: Class 'Bor' has only 0 samples, expected at least 2.
Warning: Class 'E' has only 0 samples, expected at least 2.
Warning: Class 'Morganella' has only 1 samples, expected at least 2.
Class 'stapholococcus' meets the sample requirement.
Data check passed for directory: 'C:/Users/tom.zbc/PycharmProjects/fungis_bacterias_project/data/test'
Found 60 images belonging to 6 classes.
Found 5 images belonging to 6 classes.
Found 7 images belonging to 6 classes.
2024-09-24 18:44:30.671342: I tensorflow/core/platform/cpu_feature_guard.cc:182] This TensorFlow binary is optimized to use available CPU instructions in performance-critical operations.
To enable the following instructions: SSE SSE2 SSE3 SSE4.1 SSE4.2 AVX AVX2 AVX_VNNI FMA, in other operations, rebuild TensorFlow with the appropriate compiler flags.
Epoch 1/10
2/2 [==============================] - 2s 762ms/step - loss: 7.1815 - accuracy: 0.1333 - val_loss: 6.6581 - val_accuracy: 0.0000e+00 - lr: 0.0010
Epoch 2/10
2/2 [==============================] - 1s 576ms/step - loss: 5.9431 - accuracy: 0.1833 - val_loss: 5.6800 - val_accuracy: 0.0000e+00 - lr: 0.0010
Epoch 3/10
2/2 [==============================] - 1s 517ms/step - loss: 5.0160 - accuracy: 0.1667 - val_loss: 4.7316 - val_accuracy: 0.0000e+00 - lr: 0.0010
Epoch 4/10
2/2 [==============================] - 1s 501ms/step - loss: 4.3304 - accuracy: 0.1833 - val_loss: 4.0729 - val_accuracy: 0.2000 - lr: 0.0010
Epoch 5/10
2/2 [==============================] - 1s 620ms/step - loss: 3.8674 - accuracy: 0.2500 - val_loss: 3.7545 - val_accuracy: 0.2000 - lr: 0.0010
Epoch 6/10
2/2 [==============================] - 1s 578ms/step - loss: 3.6229 - accuracy: 0.2833 - val_loss: 3.5700 - val_accuracy: 0.2000 - lr: 0.0010
Epoch 7/10
2/2 [==============================] - 1s 527ms/step - loss: 3.5172 - accuracy: 0.2167 - val_loss: 3.4519 - val_accuracy: 0.2000 - lr: 0.0010
Epoch 8/10
2/2 [==============================] - 1s 591ms/step - loss: 3.4020 - accuracy: 0.2667 - val_loss: 3.3440 - val_accuracy: 0.2000 - lr: 0.0010
Epoch 9/10
2/2 [==============================] - 1s 567ms/step - loss: 3.3092 - accuracy: 0.2833 - val_loss: 3.2259 - val_accuracy: 0.2000 - lr: 0.0010
Epoch 10/10
2/2 [==============================] - 1s 552ms/step - loss: 3.1811 - accuracy: 0.3333 - val_loss: 3.1105 - val_accuracy: 0.4000 - lr: 0.0010
1/1 [==============================] - 0s 141ms/step - loss: 3.0954 - accuracy: 0.2857
Found 60 images belonging to 6 classes.
Found 5 images belonging to 6 classes.
Found 7 images belonging to 6 classes.
Epoch 1/20
2/2 [==============================] - 2s 718ms/step - loss: 7.0040 - accuracy: 0.2000 - val_loss: 5.8619 - val_accuracy: 0.0000e+00 - lr: 0.0010
Epoch 2/20
2/2 [==============================] - 1s 611ms/step - loss: 6.6594 - accuracy: 0.1167 - val_loss: 5.1640 - val_accuracy: 0.2000 - lr: 0.0010
Epoch 3/20
2/2 [==============================] - 1s 514ms/step - loss: 5.1291 - accuracy: 0.2667 - val_loss: 4.8933 - val_accuracy: 0.2000 - lr: 0.0010
Epoch 4/20
2/2 [==============================] - 1s 583ms/step - loss: 4.6259 - accuracy: 0.2667 - val_loss: 4.3285 - val_accuracy: 0.4000 - lr: 0.0010
Epoch 5/20
2/2 [==============================] - 1s 589ms/step - loss: 4.3739 - accuracy: 0.2167 - val_loss: 3.9364 - val_accuracy: 0.2000 - lr: 0.0010
Epoch 6/20
2/2 [==============================] - 1s 514ms/step - loss: 4.0808 - accuracy: 0.2167 - val_loss: 3.7247 - val_accuracy: 0.2000 - lr: 0.0010
Epoch 7/20
2/2 [==============================] - 1s 526ms/step - loss: 3.8656 - accuracy: 0.2000 - val_loss: 3.6093 - val_accuracy: 0.4000 - lr: 0.0010
Epoch 8/20
2/2 [==============================] - 1s 597ms/step - loss: 3.7441 - accuracy: 0.1667 - val_loss: 3.5178 - val_accuracy: 0.4000 - lr: 0.0010
Epoch 9/20
2/2 [==============================] - 1s 521ms/step - loss: 3.6221 - accuracy: 0.1833 - val_loss: 3.4238 - val_accuracy: 0.4000 - lr: 0.0010
Epoch 10/20
2/2 [==============================] - 1s 509ms/step - loss: 3.4948 - accuracy: 0.2667 - val_loss: 3.3082 - val_accuracy: 0.4000 - lr: 0.0010
Epoch 11/20
2/2 [==============================] - 1s 577ms/step - loss: 3.3667 - accuracy: 0.2333 - val_loss: 3.1771 - val_accuracy: 0.4000 - lr: 0.0010
Epoch 12/20
2/2 [==============================] - 1s 519ms/step - loss: 3.2457 - accuracy: 0.2167 - val_loss: 3.0546 - val_accuracy: 0.6000 - lr: 0.0010
Epoch 13/20
2/2 [==============================] - 1s 581ms/step - loss: 3.1029 - accuracy: 0.2667 - val_loss: 2.9338 - val_accuracy: 0.4000 - lr: 0.0010
Epoch 14/20
2/2 [==============================] - 1s 635ms/step - loss: 2.9822 - accuracy: 0.1833 - val_loss: 2.8172 - val_accuracy: 0.4000 - lr: 0.0010
Epoch 15/20
2/2 [==============================] - 1s 505ms/step - loss: 2.8620 - accuracy: 0.2167 - val_loss: 2.7205 - val_accuracy: 0.4000 - lr: 0.0010
Epoch 16/20
2/2 [==============================] - 1s 513ms/step - loss: 2.7697 - accuracy: 0.1833 - val_loss: 2.6391 - val_accuracy: 0.4000 - lr: 0.0010
Epoch 17/20
2/2 [==============================] - 1s 504ms/step - loss: 2.6881 - accuracy: 0.2167 - val_loss: 2.5646 - val_accuracy: 0.4000 - lr: 0.0010
Epoch 18/20
2/2 [==============================] - 1s 602ms/step - loss: 2.5967 - accuracy: 0.2500 - val_loss: 2.5111 - val_accuracy: 0.4000 - lr: 0.0010
Epoch 19/20
2/2 [==============================] - 1s 580ms/step - loss: 2.4885 - accuracy: 0.3000 - val_loss: 2.4756 - val_accuracy: 0.4000 - lr: 0.0010
Epoch 20/20
2/2 [==============================] - 1s 531ms/step - loss: 2.5049 - accuracy: 0.3000 - val_loss: 2.4221 - val_accuracy: 0.2000 - lr: 0.0010
1/1 [==============================] - 0s 132ms/step - loss: 2.5324 - accuracy: 0.1429
Found 60 images belonging to 6 classes.
Found 5 images belonging to 6 classes.
Found 7 images belonging to 6 classes.
Epoch 1/10
2/2 [==============================] - 2s 756ms/step - loss: 7.3198 - accuracy: 0.1500 - val_loss: 6.3470 - val_accuracy: 0.2000 - lr: 0.0010
Epoch 2/10
2/2 [==============================] - 1s 575ms/step - loss: 6.1516 - accuracy: 0.2000 - val_loss: 5.2454 - val_accuracy: 0.2000 - lr: 0.0010
Epoch 3/10
2/2 [==============================] - 1s 582ms/step - loss: 5.0886 - accuracy: 0.2500 - val_loss: 4.3458 - val_accuracy: 0.4000 - lr: 0.0010
Epoch 4/10
2/2 [==============================] - 1s 562ms/step - loss: 4.4517 - accuracy: 0.2000 - val_loss: 3.9268 - val_accuracy: 0.4000 - lr: 0.0010
Epoch 5/10
2/2 [==============================] - 1s 573ms/step - loss: 4.0145 - accuracy: 0.2500 - val_loss: 3.6939 - val_accuracy: 0.6000 - lr: 0.0010
Epoch 6/10
2/2 [==============================] - 1s 519ms/step - loss: 3.7671 - accuracy: 0.2167 - val_loss: 3.5464 - val_accuracy: 0.2000 - lr: 0.0010
Epoch 7/10
2/2 [==============================] - 1s 567ms/step - loss: 3.5875 - accuracy: 0.1667 - val_loss: 3.4288 - val_accuracy: 0.4000 - lr: 0.0010
Epoch 8/10
2/2 [==============================] - 1s 512ms/step - loss: 3.4510 - accuracy: 0.1833 - val_loss: 3.3101 - val_accuracy: 0.2000 - lr: 0.0010
Epoch 9/10
2/2 [==============================] - 1s 622ms/step - loss: 3.3272 - accuracy: 0.1833 - val_loss: 3.1952 - val_accuracy: 0.2000 - lr: 0.0010
Epoch 10/10
2/2 [==============================] - 1s 508ms/step - loss: 3.2032 - accuracy: 0.1333 - val_loss: 3.0692 - val_accuracy: 0.2000 - lr: 0.0010
1/1 [==============================] - 0s 120ms/step - loss: 3.0409 - accuracy: 0.2857
Found 60 images belonging to 6 classes.
Found 5 images belonging to 6 classes.
Found 7 images belonging to 6 classes.
Epoch 1/20
2/2 [==============================] - 2s 700ms/step - loss: 6.9351 - accuracy: 0.1833 - val_loss: 5.9369 - val_accuracy: 0.2000 - lr: 0.0010
Epoch 2/20
2/2 [==============================] - 1s 575ms/step - loss: 5.8824 - accuracy: 0.0833 - val_loss: 4.7909 - val_accuracy: 0.4000 - lr: 0.0010
Epoch 3/20
2/2 [==============================] - 1s 633ms/step - loss: 4.7595 - accuracy: 0.1333 - val_loss: 4.2094 - val_accuracy: 0.4000 - lr: 0.0010
Epoch 4/20
2/2 [==============================] - 1s 508ms/step - loss: 4.0746 - accuracy: 0.1833 - val_loss: 3.7795 - val_accuracy: 0.2000 - lr: 0.0010
Epoch 5/20
2/2 [==============================] - 1s 519ms/step - loss: 3.6816 - accuracy: 0.2500 - val_loss: 3.4938 - val_accuracy: 0.2000 - lr: 0.0010
Epoch 6/20
2/2 [==============================] - 1s 509ms/step - loss: 3.4235 - accuracy: 0.2667 - val_loss: 3.3076 - val_accuracy: 0.2000 - lr: 0.0010
Epoch 7/20
2/2 [==============================] - 1s 582ms/step - loss: 3.2628 - accuracy: 0.2167 - val_loss: 3.1785 - val_accuracy: 0.2000 - lr: 0.0010
Epoch 8/20
2/2 [==============================] - 1s 575ms/step - loss: 3.1530 - accuracy: 0.3167 - val_loss: 3.0686 - val_accuracy: 0.2000 - lr: 0.0010
Epoch 9/20
2/2 [==============================] - 1s 523ms/step - loss: 3.0636 - accuracy: 0.1833 - val_loss: 2.9478 - val_accuracy: 0.2000 - lr: 0.0010
Epoch 10/20
2/2 [==============================] - 1s 578ms/step - loss: 2.9533 - accuracy: 0.2500 - val_loss: 2.8052 - val_accuracy: 0.2000 - lr: 0.0010
Epoch 11/20
2/2 [==============================] - 1s 580ms/step - loss: 2.8520 - accuracy: 0.2000 - val_loss: 2.6756 - val_accuracy: 0.2000 - lr: 0.0010
Epoch 12/20
2/2 [==============================] - 1s 539ms/step - loss: 2.7565 - accuracy: 0.2000 - val_loss: 2.5638 - val_accuracy: 0.4000 - lr: 0.0010
Epoch 13/20
2/2 [==============================] - 1s 551ms/step - loss: 2.6434 - accuracy: 0.1667 - val_loss: 2.4880 - val_accuracy: 0.4000 - lr: 0.0010
Epoch 14/20
2/2 [==============================] - 1s 573ms/step - loss: 2.5112 - accuracy: 0.2833 - val_loss: 2.4344 - val_accuracy: 0.2000 - lr: 0.0010
Epoch 15/20
2/2 [==============================] - 1s 563ms/step - loss: 2.4398 - accuracy: 0.2500 - val_loss: 2.3773 - val_accuracy: 0.2000 - lr: 0.0010
Epoch 16/20
2/2 [==============================] - 1s 599ms/step - loss: 2.3777 - accuracy: 0.2667 - val_loss: 2.2856 - val_accuracy: 0.4000 - lr: 0.0010
Epoch 17/20
2/2 [==============================] - 1s 621ms/step - loss: 2.2648 - accuracy: 0.2833 - val_loss: 2.1519 - val_accuracy: 0.6000 - lr: 0.0010
Epoch 18/20
2/2 [==============================] - 1s 521ms/step - loss: 2.2109 - accuracy: 0.3333 - val_loss: 2.1002 - val_accuracy: 0.6000 - lr: 0.0010
Epoch 19/20
2/2 [==============================] - 1s 520ms/step - loss: 2.3641 - accuracy: 0.2667 - val_loss: 2.1546 - val_accuracy: 0.4000 - lr: 0.0010
1/1 [==============================] - 0s 115ms/step - loss: 2.1744 - accuracy: 0.5714
Found 60 images belonging to 6 classes.
Found 5 images belonging to 6 classes.
Found 7 images belonging to 6 classes.
Epoch 1/10
2/2 [==============================] - 2s 780ms/step - loss: 7.6511 - accuracy: 0.1833 - val_loss: 6.1398 - val_accuracy: 0.2000 - lr: 0.0010
Epoch 2/10
2/2 [==============================] - 1s 554ms/step - loss: 6.3020 - accuracy: 0.1500 - val_loss: 5.7327 - val_accuracy: 0.2000 - lr: 0.0010
Epoch 3/10
2/2 [==============================] - 1s 610ms/step - loss: 5.6372 - accuracy: 0.2333 - val_loss: 4.8746 - val_accuracy: 0.4000 - lr: 0.0010
Epoch 4/10
2/2 [==============================] - 1s 540ms/step - loss: 4.8695 - accuracy: 0.2000 - val_loss: 4.5085 - val_accuracy: 0.4000 - lr: 0.0010
Epoch 5/10
2/2 [==============================] - 1s 630ms/step - loss: 4.4831 - accuracy: 0.1667 - val_loss: 4.2235 - val_accuracy: 0.2000 - lr: 0.0010
Epoch 6/10
2/2 [==============================] - 1s 546ms/step - loss: 4.2004 - accuracy: 0.1667 - val_loss: 4.0051 - val_accuracy: 0.2000 - lr: 0.0010
Epoch 7/10
2/2 [==============================] - 1s 666ms/step - loss: 3.9720 - accuracy: 0.2333 - val_loss: 3.8247 - val_accuracy: 0.2000 - lr: 0.0010
Epoch 8/10
2/2 [==============================] - 1s 571ms/step - loss: 3.8038 - accuracy: 0.2500 - val_loss: 3.6641 - val_accuracy: 0.2000 - lr: 0.0010
Epoch 9/10
2/2 [==============================] - 1s 516ms/step - loss: 3.6216 - accuracy: 0.2500 - val_loss: 3.5106 - val_accuracy: 0.2000 - lr: 0.0010
Epoch 10/10
2/2 [==============================] - 1s 657ms/step - loss: 3.4722 - accuracy: 0.2500 - val_loss: 3.3567 - val_accuracy: 0.2000 - lr: 0.0010
1/1 [==============================] - 0s 126ms/step - loss: 3.3918 - accuracy: 0.0000e+00
Found 60 images belonging to 6 classes.
Found 5 images belonging to 6 classes.
Found 7 images belonging to 6 classes.
Epoch 1/20
2/2 [==============================] - 2s 776ms/step - loss: 7.6008 - accuracy: 0.1500 - val_loss: 6.1904 - val_accuracy: 0.0000e+00 - lr: 0.0010
Epoch 2/20
2/2 [==============================] - 1s 651ms/step - loss: 5.8483 - accuracy: 0.1667 - val_loss: 4.8696 - val_accuracy: 0.4000 - lr: 0.0010
Epoch 3/20
2/2 [==============================] - 1s 611ms/step - loss: 4.9808 - accuracy: 0.1667 - val_loss: 4.2255 - val_accuracy: 0.4000 - lr: 0.0010
Epoch 4/20
2/2 [==============================] - 1s 504ms/step - loss: 4.4212 - accuracy: 0.1833 - val_loss: 3.8157 - val_accuracy: 0.2000 - lr: 0.0010
Epoch 5/20
2/2 [==============================] - 1s 579ms/step - loss: 3.9668 - accuracy: 0.1333 - val_loss: 3.5761 - val_accuracy: 0.4000 - lr: 0.0010
Epoch 6/20
2/2 [==============================] - 1s 584ms/step - loss: 3.6148 - accuracy: 0.1333 - val_loss: 3.4364 - val_accuracy: 0.4000 - lr: 0.0010
Epoch 7/20
2/2 [==============================] - 1s 599ms/step - loss: 3.4212 - accuracy: 0.2667 - val_loss: 3.3306 - val_accuracy: 0.4000 - lr: 0.0010
Epoch 8/20
2/2 [==============================] - 1s 569ms/step - loss: 3.3202 - accuracy: 0.3000 - val_loss: 3.2593 - val_accuracy: 0.4000 - lr: 0.0010
Epoch 9/20
2/2 [==============================] - 1s 631ms/step - loss: 3.2594 - accuracy: 0.2167 - val_loss: 3.1800 - val_accuracy: 0.4000 - lr: 0.0010
Epoch 10/20
2/2 [==============================] - 1s 526ms/step - loss: 3.1736 - accuracy: 0.2333 - val_loss: 3.0743 - val_accuracy: 0.4000 - lr: 0.0010
Epoch 11/20
2/2 [==============================] - 1s 558ms/step - loss: 2.9679 - accuracy: 0.3500 - val_loss: 2.9666 - val_accuracy: 0.4000 - lr: 0.0010
Epoch 12/20
2/2 [==============================] - 1s 528ms/step - loss: 2.9190 - accuracy: 0.2833 - val_loss: 2.8635 - val_accuracy: 0.4000 - lr: 0.0010
Epoch 13/20
2/2 [==============================] - 1s 532ms/step - loss: 2.8793 - accuracy: 0.3000 - val_loss: 2.7668 - val_accuracy: 0.4000 - lr: 0.0010
Epoch 14/20
2/2 [==============================] - 1s 556ms/step - loss: 2.7142 - accuracy: 0.2333 - val_loss: 2.6482 - val_accuracy: 0.4000 - lr: 0.0010
Epoch 15/20
2/2 [==============================] - 1s 637ms/step - loss: 2.6202 - accuracy: 0.2167 - val_loss: 2.5572 - val_accuracy: 0.4000 - lr: 0.0010
Epoch 16/20
2/2 [==============================] - 1s 593ms/step - loss: 2.5175 - accuracy: 0.2333 - val_loss: 2.4848 - val_accuracy: 0.4000 - lr: 0.0010
Epoch 17/20
2/2 [==============================] - 1s 624ms/step - loss: 2.4519 - accuracy: 0.3167 - val_loss: 2.4238 - val_accuracy: 0.4000 - lr: 0.0010
Epoch 18/20
2/2 [==============================] - 1s 690ms/step - loss: 2.3944 - accuracy: 0.2667 - val_loss: 2.3799 - val_accuracy: 0.4000 - lr: 0.0010
Epoch 19/20
2/2 [==============================] - 1s 537ms/step - loss: 2.3403 - accuracy: 0.3500 - val_loss: 2.3290 - val_accuracy: 0.2000 - lr: 0.0010
Epoch 20/20
2/2 [==============================] - 1s 551ms/step - loss: 2.3593 - accuracy: 0.3000 - val_loss: 2.2368 - val_accuracy: 0.2000 - lr: 0.0010
1/1 [==============================] - 0s 120ms/step - loss: 2.4472 - accuracy: 0.0000e+00
Found 60 images belonging to 6 classes.
Found 5 images belonging to 6 classes.
Found 7 images belonging to 6 classes.
Epoch 1/10
2/2 [==============================] - 2s 781ms/step - loss: 7.0874 - accuracy: 0.1500 - val_loss: 5.7502 - val_accuracy: 0.4000 - lr: 0.0010
Epoch 2/10
2/2 [==============================] - 1s 582ms/step - loss: 5.8167 - accuracy: 0.1833 - val_loss: 4.6702 - val_accuracy: 0.4000 - lr: 0.0010
Epoch 3/10
2/2 [==============================] - 1s 568ms/step - loss: 4.9036 - accuracy: 0.1833 - val_loss: 3.8938 - val_accuracy: 0.6000 - lr: 0.0010
Epoch 4/10
2/2 [==============================] - 1s 589ms/step - loss: 4.1777 - accuracy: 0.1167 - val_loss: 3.6060 - val_accuracy: 0.6000 - lr: 0.0010
Epoch 5/10
2/2 [==============================] - 1s 747ms/step - loss: 3.7811 - accuracy: 0.1833 - val_loss: 3.4638 - val_accuracy: 0.0000e+00 - lr: 0.0010
Epoch 6/10
2/2 [==============================] - 1s 557ms/step - loss: 3.4820 - accuracy: 0.3167 - val_loss: 3.3333 - val_accuracy: 0.0000e+00 - lr: 0.0010
Epoch 7/10
2/2 [==============================] - 1s 616ms/step - loss: 3.3450 - accuracy: 0.2667 - val_loss: 3.2348 - val_accuracy: 0.0000e+00 - lr: 0.0010
Epoch 8/10
2/2 [==============================] - 1s 543ms/step - loss: 3.2119 - accuracy: 0.2000 - val_loss: 3.1459 - val_accuracy: 0.0000e+00 - lr: 0.0010
Epoch 9/10
2/2 [==============================] - 1s 637ms/step - loss: 3.1254 - accuracy: 0.2500 - val_loss: 3.0473 - val_accuracy: 0.0000e+00 - lr: 0.0010
Epoch 10/10
2/2 [==============================] - 1s 618ms/step - loss: 3.0285 - accuracy: 0.2167 - val_loss: 2.9269 - val_accuracy: 0.2000 - lr: 0.0010
1/1 [==============================] - 0s 113ms/step - loss: 2.9984 - accuracy: 0.0000e+00
Found 60 images belonging to 6 classes.
Found 5 images belonging to 6 classes.
Found 7 images belonging to 6 classes.
Epoch 1/20
2/2 [==============================] - 2s 738ms/step - loss: 6.9226 - accuracy: 0.1333 - val_loss: 5.7626 - val_accuracy: 0.4000 - lr: 0.0010
Epoch 2/20
2/2 [==============================] - 1s 631ms/step - loss: 5.6047 - accuracy: 0.2167 - val_loss: 4.9597 - val_accuracy: 0.0000e+00 - lr: 0.0010
Epoch 3/20
2/2 [==============================] - 1s 650ms/step - loss: 4.6504 - accuracy: 0.2000 - val_loss: 4.0469 - val_accuracy: 0.0000e+00 - lr: 0.0010
Epoch 4/20
2/2 [==============================] - 1s 526ms/step - loss: 4.0235 - accuracy: 0.1833 - val_loss: 3.5423 - val_accuracy: 0.4000 - lr: 0.0010
Epoch 5/20
2/2 [==============================] - 1s 565ms/step - loss: 3.5957 - accuracy: 0.2667 - val_loss: 3.2960 - val_accuracy: 0.4000 - lr: 0.0010
Epoch 6/20
2/2 [==============================] - 1s 598ms/step - loss: 3.3238 - accuracy: 0.2500 - val_loss: 3.1163 - val_accuracy: 0.4000 - lr: 0.0010
Epoch 7/20
2/2 [==============================] - 1s 543ms/step - loss: 3.1251 - accuracy: 0.2167 - val_loss: 2.9943 - val_accuracy: 0.2000 - lr: 0.0010
Epoch 8/20
2/2 [==============================] - 1s 552ms/step - loss: 2.9815 - accuracy: 0.3333 - val_loss: 2.8797 - val_accuracy: 0.2000 - lr: 0.0010
Epoch 9/20
2/2 [==============================] - 1s 615ms/step - loss: 2.9029 - accuracy: 0.2500 - val_loss: 2.7654 - val_accuracy: 0.4000 - lr: 0.0010
Epoch 10/20
2/2 [==============================] - 1s 613ms/step - loss: 2.7715 - accuracy: 0.3167 - val_loss: 2.6495 - val_accuracy: 0.6000 - lr: 0.0010
Epoch 11/20
2/2 [==============================] - 1s 585ms/step - loss: 2.6334 - accuracy: 0.3167 - val_loss: 2.5381 - val_accuracy: 0.4000 - lr: 0.0010
Epoch 12/20
2/2 [==============================] - 1s 638ms/step - loss: 2.5306 - accuracy: 0.3667 - val_loss: 2.4850 - val_accuracy: 0.4000 - lr: 0.0010
Epoch 13/20
2/2 [==============================] - 1s 614ms/step - loss: 2.4343 - accuracy: 0.3500 - val_loss: 2.4849 - val_accuracy: 0.4000 - lr: 0.0010
Epoch 14/20
2/2 [==============================] - 1s 618ms/step - loss: 2.3605 - accuracy: 0.3000 - val_loss: 2.5170 - val_accuracy: 0.2000 - lr: 0.0010
1/1 [==============================] - 0s 121ms/step - loss: 2.6462 - accuracy: 0.1429
Found 60 images belonging to 6 classes.
Found 5 images belonging to 6 classes.
Found 7 images belonging to 6 classes.
Epoch 1/10
2/2 [==============================] - 2s 895ms/step - loss: 7.9329 - accuracy: 0.1333 - val_loss: 6.8393 - val_accuracy: 0.0000e+00 - lr: 0.0010
Epoch 2/10
2/2 [==============================] - 1s 762ms/step - loss: 6.1230 - accuracy: 0.1833 - val_loss: 6.0252 - val_accuracy: 0.0000e+00 - lr: 0.0010
Epoch 3/10
2/2 [==============================] - 1s 670ms/step - loss: 5.3065 - accuracy: 0.3000 - val_loss: 4.8649 - val_accuracy: 0.2000 - lr: 0.0010
Epoch 4/10
2/2 [==============================] - 1s 712ms/step - loss: 4.6224 - accuracy: 0.2667 - val_loss: 4.4776 - val_accuracy: 0.2000 - lr: 0.0010
Epoch 5/10
2/2 [==============================] - 1s 710ms/step - loss: 4.4094 - accuracy: 0.2333 - val_loss: 4.3242 - val_accuracy: 0.2000 - lr: 0.0010
Epoch 6/10
2/2 [==============================] - 1s 745ms/step - loss: 4.2846 - accuracy: 0.2167 - val_loss: 4.1940 - val_accuracy: 0.2000 - lr: 0.0010
Epoch 7/10
2/2 [==============================] - 1s 628ms/step - loss: 4.1647 - accuracy: 0.3333 - val_loss: 4.0364 - val_accuracy: 0.2000 - lr: 0.0010
Epoch 8/10
2/2 [==============================] - 1s 646ms/step - loss: 4.0115 - accuracy: 0.1667 - val_loss: 3.8490 - val_accuracy: 0.2000 - lr: 0.0010
Epoch 9/10
2/2 [==============================] - 1s 699ms/step - loss: 3.7956 - accuracy: 0.2333 - val_loss: 3.6337 - val_accuracy: 0.2000 - lr: 0.0010
Epoch 10/10
2/2 [==============================] - 1s 622ms/step - loss: 3.5894 - accuracy: 0.3167 - val_loss: 3.4171 - val_accuracy: 0.2000 - lr: 0.0010
1/1 [==============================] - 0s 132ms/step - loss: 3.4426 - accuracy: 0.2857
Found 60 images belonging to 6 classes.
Found 5 images belonging to 6 classes.
Found 7 images belonging to 6 classes.
Epoch 1/20
2/2 [==============================] - 2s 824ms/step - loss: 8.9723 - accuracy: 0.0833 - val_loss: 6.7058 - val_accuracy: 0.0000e+00 - lr: 0.0010
Epoch 2/20
2/2 [==============================] - 1s 618ms/step - loss: 6.0738 - accuracy: 0.2167 - val_loss: 5.6270 - val_accuracy: 0.4000 - lr: 0.0010
Epoch 3/20
2/2 [==============================] - 1s 626ms/step - loss: 5.0841 - accuracy: 0.2333 - val_loss: 4.8868 - val_accuracy: 0.2000 - lr: 0.0010
Epoch 4/20
2/2 [==============================] - 1s 605ms/step - loss: 4.5676 - accuracy: 0.3500 - val_loss: 4.4696 - val_accuracy: 0.2000 - lr: 0.0010
Epoch 5/20
2/2 [==============================] - 1s 614ms/step - loss: 4.3812 - accuracy: 0.2667 - val_loss: 4.2801 - val_accuracy: 0.2000 - lr: 0.0010
Epoch 6/20
2/2 [==============================] - 1s 716ms/step - loss: 4.2807 - accuracy: 0.1333 - val_loss: 4.1683 - val_accuracy: 0.2000 - lr: 0.0010
Epoch 7/20
2/2 [==============================] - 1s 712ms/step - loss: 4.1547 - accuracy: 0.2000 - val_loss: 4.0279 - val_accuracy: 0.4000 - lr: 0.0010
Epoch 8/20
2/2 [==============================] - 1s 646ms/step - loss: 4.0082 - accuracy: 0.1833 - val_loss: 3.8505 - val_accuracy: 0.4000 - lr: 0.0010
Epoch 9/20
2/2 [==============================] - 1s 685ms/step - loss: 3.8212 - accuracy: 0.2333 - val_loss: 3.6533 - val_accuracy: 0.2000 - lr: 0.0010
Epoch 10/20
2/2 [==============================] - 1s 728ms/step - loss: 3.6179 - accuracy: 0.3333 - val_loss: 3.4656 - val_accuracy: 0.2000 - lr: 0.0010
Epoch 11/20
2/2 [==============================] - 1s 700ms/step - loss: 3.4417 - accuracy: 0.2000 - val_loss: 3.2881 - val_accuracy: 0.2000 - lr: 0.0010
Epoch 12/20
2/2 [==============================] - 1s 587ms/step - loss: 3.2737 - accuracy: 0.3000 - val_loss: 3.1578 - val_accuracy: 0.2000 - lr: 0.0010
Epoch 13/20
2/2 [==============================] - 1s 709ms/step - loss: 3.1184 - accuracy: 0.2833 - val_loss: 3.0971 - val_accuracy: 0.2000 - lr: 0.0010
Epoch 14/20
2/2 [==============================] - 1s 604ms/step - loss: 3.0277 - accuracy: 0.2333 - val_loss: 2.9673 - val_accuracy: 0.2000 - lr: 0.0010
Epoch 15/20
2/2 [==============================] - 1s 652ms/step - loss: 2.8990 - accuracy: 0.2667 - val_loss: 2.8137 - val_accuracy: 0.2000 - lr: 0.0010
Epoch 16/20
2/2 [==============================] - 1s 762ms/step - loss: 2.7780 - accuracy: 0.3000 - val_loss: 2.7043 - val_accuracy: 0.4000 - lr: 0.0010
Epoch 17/20
2/2 [==============================] - 1s 717ms/step - loss: 2.6905 - accuracy: 0.3500 - val_loss: 2.5956 - val_accuracy: 0.4000 - lr: 0.0010
Epoch 18/20
2/2 [==============================] - 1s 639ms/step - loss: 2.6312 - accuracy: 0.2333 - val_loss: 2.5064 - val_accuracy: 0.4000 - lr: 0.0010
Epoch 19/20
2/2 [==============================] - 1s 716ms/step - loss: 2.5574 - accuracy: 0.2833 - val_loss: 2.4127 - val_accuracy: 0.4000 - lr: 0.0010
Epoch 20/20
2/2 [==============================] - 1s 624ms/step - loss: 2.5096 - accuracy: 0.2500 - val_loss: 2.3180 - val_accuracy: 0.6000 - lr: 0.0010
1/1 [==============================] - 0s 142ms/step - loss: 2.5136 - accuracy: 0.1429
Found 60 images belonging to 6 classes.
Found 5 images belonging to 6 classes.
Found 7 images belonging to 6 classes.
Epoch 1/10
2/2 [==============================] - 2s 875ms/step - loss: 7.5435 - accuracy: 0.1000 - val_loss: 6.6572 - val_accuracy: 0.2000 - lr: 0.0010
Epoch 2/10
2/2 [==============================] - 1s 703ms/step - loss: 6.2970 - accuracy: 0.1167 - val_loss: 5.0714 - val_accuracy: 0.2000 - lr: 0.0010
Epoch 3/10
2/2 [==============================] - 1s 635ms/step - loss: 4.9566 - accuracy: 0.2000 - val_loss: 4.3880 - val_accuracy: 0.2000 - lr: 0.0010
Epoch 4/10
2/2 [==============================] - 1s 672ms/step - loss: 4.4096 - accuracy: 0.2000 - val_loss: 4.1410 - val_accuracy: 0.2000 - lr: 0.0010
Epoch 5/10
2/2 [==============================] - 2s 833ms/step - loss: 4.1259 - accuracy: 0.2833 - val_loss: 4.0103 - val_accuracy: 0.0000e+00 - lr: 0.0010
Epoch 6/10
2/2 [==============================] - 1s 639ms/step - loss: 3.9977 - accuracy: 0.1833 - val_loss: 3.8988 - val_accuracy: 0.0000e+00 - lr: 0.0010
Epoch 7/10
2/2 [==============================] - 1s 621ms/step - loss: 3.8656 - accuracy: 0.1667 - val_loss: 3.7538 - val_accuracy: 0.0000e+00 - lr: 0.0010
Epoch 8/10
2/2 [==============================] - 1s 758ms/step - loss: 3.7025 - accuracy: 0.2167 - val_loss: 3.5783 - val_accuracy: 0.0000e+00 - lr: 0.0010
Epoch 9/10
2/2 [==============================] - 1s 612ms/step - loss: 3.5224 - accuracy: 0.2333 - val_loss: 3.3856 - val_accuracy: 0.0000e+00 - lr: 0.0010
Epoch 10/10
2/2 [==============================] - 2s 819ms/step - loss: 3.3145 - accuracy: 0.2167 - val_loss: 3.1963 - val_accuracy: 0.2000 - lr: 0.0010
1/1 [==============================] - 0s 126ms/step - loss: 3.2046 - accuracy: 0.0000e+00
Found 60 images belonging to 6 classes.
Found 5 images belonging to 6 classes.
Found 7 images belonging to 6 classes.
Epoch 1/20
2/2 [==============================] - 2s 978ms/step - loss: 8.2566 - accuracy: 0.1667 - val_loss: 6.7492 - val_accuracy: 0.2000 - lr: 0.0010
Epoch 2/20
2/2 [==============================] - 1s 731ms/step - loss: 6.4094 - accuracy: 0.1833 - val_loss: 5.8449 - val_accuracy: 0.0000e+00 - lr: 0.0010
Epoch 3/20
2/2 [==============================] - 1s 633ms/step - loss: 5.1487 - accuracy: 0.2500 - val_loss: 5.0074 - val_accuracy: 0.2000 - lr: 0.0010
Epoch 4/20
2/2 [==============================] - 1s 697ms/step - loss: 4.7774 - accuracy: 0.2333 - val_loss: 4.6741 - val_accuracy: 0.2000 - lr: 0.0010
Epoch 5/20
2/2 [==============================] - 1s 732ms/step - loss: 4.5868 - accuracy: 0.1667 - val_loss: 4.5175 - val_accuracy: 0.0000e+00 - lr: 0.0010
Epoch 6/20
2/2 [==============================] - 1s 708ms/step - loss: 4.4663 - accuracy: 0.2500 - val_loss: 4.3804 - val_accuracy: 0.0000e+00 - lr: 0.0010
Epoch 7/20
2/2 [==============================] - 1s 604ms/step - loss: 4.3419 - accuracy: 0.1167 - val_loss: 4.2121 - val_accuracy: 0.2000 - lr: 0.0010
Epoch 8/20
2/2 [==============================] - 1s 639ms/step - loss: 4.1658 - accuracy: 0.2000 - val_loss: 4.0065 - val_accuracy: 0.2000 - lr: 0.0010
Epoch 9/20
2/2 [==============================] - 1s 625ms/step - loss: 3.9648 - accuracy: 0.2500 - val_loss: 3.7898 - val_accuracy: 0.4000 - lr: 0.0010
Epoch 10/20
2/2 [==============================] - 1s 709ms/step - loss: 3.7475 - accuracy: 0.2167 - val_loss: 3.5965 - val_accuracy: 0.2000 - lr: 0.0010
Epoch 11/20
2/2 [==============================] - 1s 623ms/step - loss: 3.5408 - accuracy: 0.2500 - val_loss: 3.3986 - val_accuracy: 0.0000e+00 - lr: 0.0010
Epoch 12/20
2/2 [==============================] - 1s 616ms/step - loss: 3.3564 - accuracy: 0.2500 - val_loss: 3.2210 - val_accuracy: 0.2000 - lr: 0.0010
Epoch 13/20
2/2 [==============================] - 1s 688ms/step - loss: 3.1888 - accuracy: 0.2000 - val_loss: 3.0811 - val_accuracy: 0.0000e+00 - lr: 0.0010
Epoch 14/20
2/2 [==============================] - 1s 689ms/step - loss: 3.0565 - accuracy: 0.2000 - val_loss: 2.9688 - val_accuracy: 0.2000 - lr: 0.0010
Epoch 15/20
2/2 [==============================] - 1s 669ms/step - loss: 2.9541 - accuracy: 0.1833 - val_loss: 2.8221 - val_accuracy: 0.4000 - lr: 0.0010
Epoch 16/20
2/2 [==============================] - 1s 638ms/step - loss: 2.7803 - accuracy: 0.3333 - val_loss: 2.7290 - val_accuracy: 0.4000 - lr: 0.0010
Epoch 17/20
2/2 [==============================] - 1s 622ms/step - loss: 2.7674 - accuracy: 0.2167 - val_loss: 2.6254 - val_accuracy: 0.2000 - lr: 0.0010
Epoch 18/20
2/2 [==============================] - 2s 681ms/step - loss: 2.6931 - accuracy: 0.2167 - val_loss: 2.5649 - val_accuracy: 0.2000 - lr: 0.0010
Epoch 19/20
2/2 [==============================] - 1s 698ms/step - loss: 2.6073 - accuracy: 0.1833 - val_loss: 2.4492 - val_accuracy: 0.4000 - lr: 0.0010
Epoch 20/20
2/2 [==============================] - 1s 637ms/step - loss: 2.5384 - accuracy: 0.2000 - val_loss: 2.3449 - val_accuracy: 0.6000 - lr: 0.0010
1/1 [==============================] - 0s 128ms/step - loss: 2.4704 - accuracy: 0.1429
Found 60 images belonging to 6 classes.
Found 5 images belonging to 6 classes.
Found 7 images belonging to 6 classes.
Epoch 1/10
2/2 [==============================] - 2s 904ms/step - loss: 7.2724 - accuracy: 0.1000 - val_loss: 6.5804 - val_accuracy: 0.2000 - lr: 0.0010
Epoch 2/10
2/2 [==============================] - 1s 738ms/step - loss: 5.9146 - accuracy: 0.2167 - val_loss: 5.4471 - val_accuracy: 0.2000 - lr: 0.0010
Epoch 3/10
2/2 [==============================] - 1s 649ms/step - loss: 4.8697 - accuracy: 0.2000 - val_loss: 4.4691 - val_accuracy: 0.2000 - lr: 0.0010
Epoch 4/10
2/2 [==============================] - 1s 723ms/step - loss: 4.2817 - accuracy: 0.2167 - val_loss: 4.1014 - val_accuracy: 0.2000 - lr: 0.0010
Epoch 5/10
2/2 [==============================] - 1s 764ms/step - loss: 4.0646 - accuracy: 0.1000 - val_loss: 3.9532 - val_accuracy: 0.0000e+00 - lr: 0.0010
Epoch 6/10
2/2 [==============================] - 1s 623ms/step - loss: 3.9392 - accuracy: 0.2000 - val_loss: 3.8387 - val_accuracy: 0.2000 - lr: 0.0010
Epoch 7/10
2/2 [==============================] - 1s 639ms/step - loss: 3.8247 - accuracy: 0.1500 - val_loss: 3.6904 - val_accuracy: 0.4000 - lr: 0.0010
Epoch 8/10
2/2 [==============================] - 1s 638ms/step - loss: 3.6745 - accuracy: 0.1833 - val_loss: 3.5106 - val_accuracy: 0.2000 - lr: 0.0010
Epoch 9/10
2/2 [==============================] - 1s 711ms/step - loss: 3.4906 - accuracy: 0.2167 - val_loss: 3.3183 - val_accuracy: 0.4000 - lr: 0.0010
Epoch 10/10
2/2 [==============================] - 1s 724ms/step - loss: 3.3006 - accuracy: 0.1500 - val_loss: 3.1275 - val_accuracy: 0.4000 - lr: 0.0010
1/1 [==============================] - 0s 131ms/step - loss: 3.1288 - accuracy: 0.4286
Found 60 images belonging to 6 classes.
Found 5 images belonging to 6 classes.
Found 7 images belonging to 6 classes.
Epoch 1/20
2/2 [==============================] - 2s 914ms/step - loss: 7.8035 - accuracy: 0.1333 - val_loss: 7.4347 - val_accuracy: 0.0000e+00 - lr: 0.0010
Epoch 2/20
2/2 [==============================] - 1s 718ms/step - loss: 6.1543 - accuracy: 0.1333 - val_loss: 5.3979 - val_accuracy: 0.2000 - lr: 0.0010
Epoch 3/20
2/2 [==============================] - 1s 708ms/step - loss: 5.1479 - accuracy: 0.1833 - val_loss: 4.5434 - val_accuracy: 0.4000 - lr: 0.0010
Epoch 4/20
2/2 [==============================] - 1s 732ms/step - loss: 4.5652 - accuracy: 0.1333 - val_loss: 4.2563 - val_accuracy: 0.4000 - lr: 0.0010
Epoch 5/20
2/2 [==============================] - 1s 714ms/step - loss: 4.2782 - accuracy: 0.2500 - val_loss: 4.1031 - val_accuracy: 0.4000 - lr: 0.0010
Epoch 6/20
2/2 [==============================] - 1s 644ms/step - loss: 4.1608 - accuracy: 0.1500 - val_loss: 3.9770 - val_accuracy: 0.4000 - lr: 0.0010
Epoch 7/20
2/2 [==============================] - 1s 632ms/step - loss: 4.0097 - accuracy: 0.1667 - val_loss: 3.8290 - val_accuracy: 0.4000 - lr: 0.0010
Epoch 8/20
2/2 [==============================] - 1s 780ms/step - loss: 3.8271 - accuracy: 0.2500 - val_loss: 3.6456 - val_accuracy: 0.4000 - lr: 0.0010
Epoch 9/20
2/2 [==============================] - 1s 720ms/step - loss: 3.6323 - accuracy: 0.2833 - val_loss: 3.4406 - val_accuracy: 0.4000 - lr: 0.0010
Epoch 10/20
2/2 [==============================] - 1s 596ms/step - loss: 3.4209 - accuracy: 0.2500 - val_loss: 3.2420 - val_accuracy: 0.4000 - lr: 0.0010
Epoch 11/20
2/2 [==============================] - 1s 729ms/step - loss: 3.2505 - accuracy: 0.2833 - val_loss: 3.0460 - val_accuracy: 0.4000 - lr: 0.0010
Epoch 12/20
2/2 [==============================] - 1s 610ms/step - loss: 3.0610 - accuracy: 0.2667 - val_loss: 2.8790 - val_accuracy: 0.4000 - lr: 0.0010
Epoch 13/20
2/2 [==============================] - 1s 665ms/step - loss: 2.9041 - accuracy: 0.2833 - val_loss: 2.7807 - val_accuracy: 0.4000 - lr: 0.0010
Epoch 14/20
2/2 [==============================] - 1s 615ms/step - loss: 2.8313 - accuracy: 0.2167 - val_loss: 2.6904 - val_accuracy: 0.4000 - lr: 0.0010
Epoch 15/20
2/2 [==============================] - 1s 694ms/step - loss: 2.7332 - accuracy: 0.2167 - val_loss: 2.5938 - val_accuracy: 0.4000 - lr: 0.0010
Epoch 16/20
2/2 [==============================] - 1s 598ms/step - loss: 2.5604 - accuracy: 0.2833 - val_loss: 2.4729 - val_accuracy: 0.4000 - lr: 0.0010
Epoch 17/20
2/2 [==============================] - 1s 613ms/step - loss: 2.6068 - accuracy: 0.2167 - val_loss: 2.3504 - val_accuracy: 0.4000 - lr: 0.0010
Epoch 18/20
2/2 [==============================] - 1s 576ms/step - loss: 2.5203 - accuracy: 0.1833 - val_loss: 2.2430 - val_accuracy: 0.4000 - lr: 0.0010
Epoch 19/20
2/2 [==============================] - 1s 607ms/step - loss: 2.3030 - accuracy: 0.3333 - val_loss: 2.1746 - val_accuracy: 0.2000 - lr: 0.0010
Epoch 20/20
2/2 [==============================] - 1s 712ms/step - loss: 2.3042 - accuracy: 0.3167 - val_loss: 2.0869 - val_accuracy: 0.4000 - lr: 0.0010
1/1 [==============================] - 0s 123ms/step - loss: 2.3804 - accuracy: 0.1429
Found 60 images belonging to 6 classes.
Found 5 images belonging to 6 classes.
Found 7 images belonging to 6 classes.
Epoch 1/10
2/2 [==============================] - 2s 898ms/step - loss: 7.7668 - accuracy: 0.2167 - val_loss: 5.4999 - val_accuracy: 0.0000e+00 - lr: 0.0010
Epoch 2/10
2/2 [==============================] - 1s 691ms/step - loss: 6.0589 - accuracy: 0.1333 - val_loss: 4.7979 - val_accuracy: 0.0000e+00 - lr: 0.0010
Epoch 3/10
2/2 [==============================] - 1s 719ms/step - loss: 4.6678 - accuracy: 0.2333 - val_loss: 4.4123 - val_accuracy: 0.2000 - lr: 0.0010
Epoch 4/10
2/2 [==============================] - 1s 637ms/step - loss: 4.2646 - accuracy: 0.1500 - val_loss: 4.1980 - val_accuracy: 0.0000e+00 - lr: 0.0010
Epoch 5/10
2/2 [==============================] - 1s 626ms/step - loss: 4.0167 - accuracy: 0.2500 - val_loss: 4.0025 - val_accuracy: 0.0000e+00 - lr: 0.0010
Epoch 6/10
2/2 [==============================] - 1s 600ms/step - loss: 3.8932 - accuracy: 0.2500 - val_loss: 3.8479 - val_accuracy: 0.0000e+00 - lr: 0.0010
Epoch 7/10
2/2 [==============================] - 1s 706ms/step - loss: 3.7750 - accuracy: 0.2167 - val_loss: 3.6952 - val_accuracy: 0.0000e+00 - lr: 0.0010
Epoch 8/10
2/2 [==============================] - 1s 718ms/step - loss: 3.6404 - accuracy: 0.1833 - val_loss: 3.5314 - val_accuracy: 0.2000 - lr: 0.0010
Epoch 9/10
2/2 [==============================] - 1s 582ms/step - loss: 3.4796 - accuracy: 0.1833 - val_loss: 3.3551 - val_accuracy: 0.2000 - lr: 0.0010
Epoch 10/10
2/2 [==============================] - 1s 612ms/step - loss: 3.3000 - accuracy: 0.2167 - val_loss: 3.1851 - val_accuracy: 0.2000 - lr: 0.0010
1/1 [==============================] - 0s 136ms/step - loss: 3.1902 - accuracy: 0.0000e+00
Found 60 images belonging to 6 classes.
Found 5 images belonging to 6 classes.
Found 7 images belonging to 6 classes.
Epoch 1/20
2/2 [==============================] - 2s 798ms/step - loss: 7.7598 - accuracy: 0.0667 - val_loss: 5.7993 - val_accuracy: 0.4000 - lr: 0.0010
Epoch 2/20
2/2 [==============================] - 1s 681ms/step - loss: 5.9177 - accuracy: 0.1833 - val_loss: 4.9849 - val_accuracy: 0.4000 - lr: 0.0010
Epoch 3/20
2/2 [==============================] - 1s 670ms/step - loss: 4.7561 - accuracy: 0.1333 - val_loss: 4.4836 - val_accuracy: 0.2000 - lr: 0.0010
Epoch 4/20
2/2 [==============================] - 1s 735ms/step - loss: 4.3390 - accuracy: 0.1500 - val_loss: 4.1869 - val_accuracy: 0.2000 - lr: 0.0010
Epoch 5/20
2/2 [==============================] - 1s 710ms/step - loss: 4.0873 - accuracy: 0.1667 - val_loss: 4.0296 - val_accuracy: 0.2000 - lr: 0.0010
Epoch 6/20
2/2 [==============================] - 1s 757ms/step - loss: 3.9615 - accuracy: 0.2000 - val_loss: 3.9003 - val_accuracy: 0.2000 - lr: 0.0010
Epoch 7/20
2/2 [==============================] - 1s 604ms/step - loss: 3.8402 - accuracy: 0.2667 - val_loss: 3.7431 - val_accuracy: 0.2000 - lr: 0.0010
Epoch 8/20
2/2 [==============================] - 1s 683ms/step - loss: 3.6797 - accuracy: 0.2000 - val_loss: 3.5569 - val_accuracy: 0.2000 - lr: 0.0010
Epoch 9/20
2/2 [==============================] - 1s 590ms/step - loss: 3.5040 - accuracy: 0.2167 - val_loss: 3.3572 - val_accuracy: 0.2000 - lr: 0.0010
Epoch 10/20
2/2 [==============================] - 1s 627ms/step - loss: 3.3051 - accuracy: 0.1667 - val_loss: 3.1609 - val_accuracy: 0.2000 - lr: 0.0010
Epoch 11/20
2/2 [==============================] - 1s 652ms/step - loss: 3.1275 - accuracy: 0.1333 - val_loss: 2.9899 - val_accuracy: 0.2000 - lr: 0.0010
Epoch 12/20
2/2 [==============================] - 1s 729ms/step - loss: 2.9459 - accuracy: 0.1667 - val_loss: 2.8510 - val_accuracy: 0.2000 - lr: 0.0010
Epoch 13/20
2/2 [==============================] - 1s 702ms/step - loss: 2.8085 - accuracy: 0.2167 - val_loss: 2.7382 - val_accuracy: 0.2000 - lr: 0.0010
Epoch 14/20
2/2 [==============================] - 1s 632ms/step - loss: 2.7012 - accuracy: 0.1833 - val_loss: 2.6454 - val_accuracy: 0.2000 - lr: 0.0010
Epoch 15/20
2/2 [==============================] - 1s 705ms/step - loss: 2.6086 - accuracy: 0.1833 - val_loss: 2.5636 - val_accuracy: 0.2000 - lr: 0.0010
Epoch 16/20
2/2 [==============================] - 1s 691ms/step - loss: 2.5447 - accuracy: 0.1833 - val_loss: 2.4883 - val_accuracy: 0.2000 - lr: 0.0010
Epoch 17/20
2/2 [==============================] - 1s 592ms/step - loss: 2.4538 - accuracy: 0.1833 - val_loss: 2.4207 - val_accuracy: 0.2000 - lr: 0.0010
Epoch 18/20
2/2 [==============================] - 1s 701ms/step - loss: 2.3740 - accuracy: 0.2667 - val_loss: 2.3677 - val_accuracy: 0.2000 - lr: 0.0010
Epoch 19/20
2/2 [==============================] - 1s 731ms/step - loss: 2.3160 - accuracy: 0.2167 - val_loss: 2.3323 - val_accuracy: 0.2000 - lr: 0.0010
Epoch 20/20
2/2 [==============================] - 1s 727ms/step - loss: 2.2581 - accuracy: 0.2833 - val_loss: 2.3208 - val_accuracy: 0.2000 - lr: 0.0010
1/1 [==============================] - 0s 115ms/step - loss: 2.4567 - accuracy: 0.0000e+00
Found 60 images belonging to 6 classes.
Found 5 images belonging to 6 classes.
Found 7 images belonging to 6 classes.
Epoch 1/10
2/2 [==============================] - 2s 803ms/step - loss: 7.1778 - accuracy: 0.1000 - val_loss: 5.8582 - val_accuracy: 0.2000 - lr: 0.0010
Epoch 2/10
2/2 [==============================] - 1s 544ms/step - loss: 6.1600 - accuracy: 0.1333 - val_loss: 5.2471 - val_accuracy: 0.2000 - lr: 0.0010
Epoch 3/10
2/2 [==============================] - 1s 581ms/step - loss: 5.2317 - accuracy: 0.1833 - val_loss: 4.6379 - val_accuracy: 0.0000e+00 - lr: 0.0010
Epoch 4/10
2/2 [==============================] - 1s 580ms/step - loss: 4.7144 - accuracy: 0.3000 - val_loss: 4.2937 - val_accuracy: 0.2000 - lr: 0.0010
Epoch 5/10
2/2 [==============================] - 1s 607ms/step - loss: 4.2906 - accuracy: 0.2333 - val_loss: 4.1245 - val_accuracy: 0.4000 - lr: 0.0010
Epoch 6/10
2/2 [==============================] - 1s 584ms/step - loss: 4.0938 - accuracy: 0.2167 - val_loss: 3.9787 - val_accuracy: 0.4000 - lr: 0.0010
Epoch 7/10
2/2 [==============================] - 1s 630ms/step - loss: 3.9558 - accuracy: 0.2167 - val_loss: 3.8595 - val_accuracy: 0.4000 - lr: 0.0010
Epoch 8/10
2/2 [==============================] - 1s 493ms/step - loss: 3.8301 - accuracy: 0.2667 - val_loss: 3.7417 - val_accuracy: 0.6000 - lr: 0.0010
Epoch 9/10
2/2 [==============================] - 1s 517ms/step - loss: 3.7677 - accuracy: 0.1333 - val_loss: 3.6217 - val_accuracy: 0.6000 - lr: 0.0010
Epoch 10/10
2/2 [==============================] - 1s 599ms/step - loss: 3.6024 - accuracy: 0.2833 - val_loss: 3.4890 - val_accuracy: 0.6000 - lr: 0.0010
1/1 [==============================] - 0s 129ms/step - loss: 3.4953 - accuracy: 0.1429
Found 60 images belonging to 6 classes.
Found 5 images belonging to 6 classes.
Found 7 images belonging to 6 classes.
Epoch 1/20
2/2 [==============================] - 2s 696ms/step - loss: 7.7968 - accuracy: 0.1833 - val_loss: 6.3299 - val_accuracy: 0.0000e+00 - lr: 0.0010
Epoch 2/20
2/2 [==============================] - 1s 508ms/step - loss: 6.4388 - accuracy: 0.2333 - val_loss: 6.2167 - val_accuracy: 0.0000e+00 - lr: 0.0010
Epoch 3/20
2/2 [==============================] - 1s 584ms/step - loss: 5.5170 - accuracy: 0.1333 - val_loss: 5.5243 - val_accuracy: 0.0000e+00 - lr: 0.0010
Epoch 4/20
2/2 [==============================] - 1s 628ms/step - loss: 5.0308 - accuracy: 0.1667 - val_loss: 4.6934 - val_accuracy: 0.0000e+00 - lr: 0.0010
Epoch 5/20
2/2 [==============================] - 1s 609ms/step - loss: 4.6291 - accuracy: 0.0833 - val_loss: 4.2493 - val_accuracy: 0.2000 - lr: 0.0010
Epoch 6/20
2/2 [==============================] - 1s 598ms/step - loss: 4.2341 - accuracy: 0.2000 - val_loss: 4.0358 - val_accuracy: 0.6000 - lr: 0.0010
Epoch 7/20
2/2 [==============================] - 1s 628ms/step - loss: 4.0781 - accuracy: 0.3333 - val_loss: 3.9092 - val_accuracy: 0.6000 - lr: 0.0010
Epoch 8/20
2/2 [==============================] - 1s 574ms/step - loss: 4.0075 - accuracy: 0.2000 - val_loss: 3.8115 - val_accuracy: 0.6000 - lr: 0.0010
Epoch 9/20
2/2 [==============================] - 1s 650ms/step - loss: 3.9783 - accuracy: 0.1833 - val_loss: 3.7169 - val_accuracy: 0.6000 - lr: 0.0010
Epoch 10/20
2/2 [==============================] - 1s 503ms/step - loss: 3.7838 - accuracy: 0.2667 - val_loss: 3.6263 - val_accuracy: 0.4000 - lr: 0.0010
Epoch 11/20
2/2 [==============================] - 1s 617ms/step - loss: 3.7335 - accuracy: 0.1500 - val_loss: 3.5313 - val_accuracy: 0.6000 - lr: 0.0010
Epoch 12/20
2/2 [==============================] - 1s 577ms/step - loss: 3.6034 - accuracy: 0.2167 - val_loss: 3.4381 - val_accuracy: 0.6000 - lr: 0.0010
Epoch 13/20
2/2 [==============================] - 1s 524ms/step - loss: 3.4710 - accuracy: 0.2167 - val_loss: 3.3449 - val_accuracy: 0.6000 - lr: 0.0010
Epoch 14/20
2/2 [==============================] - 1s 519ms/step - loss: 3.3789 - accuracy: 0.2167 - val_loss: 3.2520 - val_accuracy: 0.6000 - lr: 0.0010
Epoch 15/20
2/2 [==============================] - 1s 538ms/step - loss: 3.2535 - accuracy: 0.2500 - val_loss: 3.1644 - val_accuracy: 0.6000 - lr: 0.0010
Epoch 16/20
2/2 [==============================] - 1s 516ms/step - loss: 3.1653 - accuracy: 0.2000 - val_loss: 3.0814 - val_accuracy: 0.6000 - lr: 0.0010
Epoch 17/20
2/2 [==============================] - 1s 514ms/step - loss: 3.0984 - accuracy: 0.2000 - val_loss: 2.9985 - val_accuracy: 0.6000 - lr: 0.0010
Epoch 18/20
2/2 [==============================] - 1s 530ms/step - loss: 2.9943 - accuracy: 0.1667 - val_loss: 2.9235 - val_accuracy: 0.6000 - lr: 0.0010
Epoch 19/20
2/2 [==============================] - 1s 596ms/step - loss: 2.9227 - accuracy: 0.2500 - val_loss: 2.8487 - val_accuracy: 0.6000 - lr: 0.0010
Epoch 20/20
2/2 [==============================] - 1s 551ms/step - loss: 2.8059 - accuracy: 0.3500 - val_loss: 2.7788 - val_accuracy: 0.6000 - lr: 0.0010
1/1 [==============================] - 0s 108ms/step - loss: 2.7997 - accuracy: 0.4286
Found 60 images belonging to 6 classes.
Found 5 images belonging to 6 classes.
Found 7 images belonging to 6 classes.
Epoch 1/10
2/2 [==============================] - 2s 795ms/step - loss: 6.9599 - accuracy: 0.0833 - val_loss: 5.8158 - val_accuracy: 0.4000 - lr: 0.0010
Epoch 2/10
2/2 [==============================] - 1s 525ms/step - loss: 6.0347 - accuracy: 0.1500 - val_loss: 4.6990 - val_accuracy: 0.8000 - lr: 0.0010
Epoch 3/10
2/2 [==============================] - 1s 586ms/step - loss: 5.0783 - accuracy: 0.1833 - val_loss: 4.2854 - val_accuracy: 0.2000 - lr: 0.0010
Epoch 4/10
2/2 [==============================] - 1s 528ms/step - loss: 4.4200 - accuracy: 0.1833 - val_loss: 3.9820 - val_accuracy: 0.2000 - lr: 0.0010
Epoch 5/10
2/2 [==============================] - 1s 584ms/step - loss: 4.0703 - accuracy: 0.2500 - val_loss: 3.8091 - val_accuracy: 0.2000 - lr: 0.0010
Epoch 6/10
2/2 [==============================] - 1s 537ms/step - loss: 3.9113 - accuracy: 0.2667 - val_loss: 3.7032 - val_accuracy: 0.6000 - lr: 0.0010
Epoch 7/10
2/2 [==============================] - 1s 520ms/step - loss: 3.7676 - accuracy: 0.2333 - val_loss: 3.5950 - val_accuracy: 0.6000 - lr: 0.0010
Epoch 8/10
2/2 [==============================] - 1s 552ms/step - loss: 3.7024 - accuracy: 0.1833 - val_loss: 3.5103 - val_accuracy: 0.6000 - lr: 0.0010
Epoch 9/10
2/2 [==============================] - 1s 566ms/step - loss: 3.5810 - accuracy: 0.2667 - val_loss: 3.4092 - val_accuracy: 0.6000 - lr: 0.0010
Epoch 10/10
2/2 [==============================] - 1s 679ms/step - loss: 3.4486 - accuracy: 0.3500 - val_loss: 3.2725 - val_accuracy: 0.4000 - lr: 0.0010
1/1 [==============================] - 0s 139ms/step - loss: 3.3336 - accuracy: 0.4286
Found 60 images belonging to 6 classes.
Found 5 images belonging to 6 classes.
Found 7 images belonging to 6 classes.
Epoch 1/20
2/2 [==============================] - 2s 847ms/step - loss: 6.9822 - accuracy: 0.2000 - val_loss: 6.6539 - val_accuracy: 0.2000 - lr: 0.0010
Epoch 2/20
2/2 [==============================] - 1s 616ms/step - loss: 6.1762 - accuracy: 0.1167 - val_loss: 5.4670 - val_accuracy: 0.0000e+00 - lr: 0.0010
Epoch 3/20
2/2 [==============================] - 1s 596ms/step - loss: 5.3841 - accuracy: 0.1833 - val_loss: 4.6333 - val_accuracy: 0.2000 - lr: 0.0010
Epoch 4/20
2/2 [==============================] - 1s 517ms/step - loss: 4.7662 - accuracy: 0.2167 - val_loss: 4.2704 - val_accuracy: 0.2000 - lr: 0.0010
Epoch 5/20
2/2 [==============================] - 1s 541ms/step - loss: 4.3975 - accuracy: 0.1833 - val_loss: 4.0908 - val_accuracy: 0.2000 - lr: 0.0010
Epoch 6/20
2/2 [==============================] - 1s 571ms/step - loss: 4.1190 - accuracy: 0.2667 - val_loss: 3.9794 - val_accuracy: 0.2000 - lr: 0.0010
Epoch 7/20
2/2 [==============================] - 1s 590ms/step - loss: 4.0688 - accuracy: 0.2667 - val_loss: 3.8975 - val_accuracy: 0.2000 - lr: 0.0010
Epoch 8/20
2/2 [==============================] - 1s 610ms/step - loss: 3.9327 - accuracy: 0.2167 - val_loss: 3.8104 - val_accuracy: 0.4000 - lr: 0.0010
Epoch 9/20
2/2 [==============================] - 1s 583ms/step - loss: 3.8131 - accuracy: 0.2333 - val_loss: 3.7078 - val_accuracy: 0.2000 - lr: 0.0010
Epoch 10/20
2/2 [==============================] - 1s 516ms/step - loss: 3.6975 - accuracy: 0.2333 - val_loss: 3.5916 - val_accuracy: 0.2000 - lr: 0.0010
Epoch 11/20
2/2 [==============================] - 1s 608ms/step - loss: 3.5773 - accuracy: 0.2500 - val_loss: 3.4614 - val_accuracy: 0.2000 - lr: 0.0010
Epoch 12/20
2/2 [==============================] - 1s 532ms/step - loss: 3.4500 - accuracy: 0.2667 - val_loss: 3.3313 - val_accuracy: 0.0000e+00 - lr: 0.0010
Epoch 13/20
2/2 [==============================] - 1s 517ms/step - loss: 3.2917 - accuracy: 0.2167 - val_loss: 3.1912 - val_accuracy: 0.0000e+00 - lr: 0.0010
Epoch 14/20
2/2 [==============================] - 1s 532ms/step - loss: 3.2099 - accuracy: 0.2333 - val_loss: 3.0793 - val_accuracy: 0.2000 - lr: 0.0010
Epoch 15/20
2/2 [==============================] - 1s 505ms/step - loss: 3.0833 - accuracy: 0.2667 - val_loss: 2.9695 - val_accuracy: 0.0000e+00 - lr: 0.0010
Epoch 16/20
2/2 [==============================] - 1s 639ms/step - loss: 2.9955 - accuracy: 0.2167 - val_loss: 2.8764 - val_accuracy: 0.2000 - lr: 0.0010
Epoch 17/20
2/2 [==============================] - 1s 551ms/step - loss: 2.8609 - accuracy: 0.3167 - val_loss: 2.7929 - val_accuracy: 0.2000 - lr: 0.0010
Epoch 18/20
2/2 [==============================] - 1s 592ms/step - loss: 2.7783 - accuracy: 0.2667 - val_loss: 2.7386 - val_accuracy: 0.0000e+00 - lr: 0.0010
Epoch 19/20
2/2 [==============================] - 1s 531ms/step - loss: 2.6990 - accuracy: 0.2667 - val_loss: 2.6587 - val_accuracy: 0.0000e+00 - lr: 0.0010
Epoch 20/20
2/2 [==============================] - 1s 590ms/step - loss: 2.6068 - accuracy: 0.3000 - val_loss: 2.5799 - val_accuracy: 0.0000e+00 - lr: 0.0010
1/1 [==============================] - 0s 115ms/step - loss: 2.6439 - accuracy: 0.2857
Found 60 images belonging to 6 classes.
Found 5 images belonging to 6 classes.
Found 7 images belonging to 6 classes.
Epoch 1/10
2/2 [==============================] - 2s 696ms/step - loss: 6.9832 - accuracy: 0.1167 - val_loss: 6.2791 - val_accuracy: 0.0000e+00 - lr: 0.0010
Epoch 2/10
2/2 [==============================] - 1s 509ms/step - loss: 6.0989 - accuracy: 0.1333 - val_loss: 5.3321 - val_accuracy: 0.2000 - lr: 0.0010
Epoch 3/10
2/2 [==============================] - 1s 592ms/step - loss: 5.1293 - accuracy: 0.2167 - val_loss: 4.6393 - val_accuracy: 0.4000 - lr: 0.0010
Epoch 4/10
2/2 [==============================] - 1s 620ms/step - loss: 4.6209 - accuracy: 0.1333 - val_loss: 4.1884 - val_accuracy: 0.2000 - lr: 0.0010
Epoch 5/10
2/2 [==============================] - 1s 598ms/step - loss: 4.1623 - accuracy: 0.2167 - val_loss: 3.8947 - val_accuracy: 0.4000 - lr: 0.0010
Epoch 6/10
2/2 [==============================] - 1s 523ms/step - loss: 3.9872 - accuracy: 0.2000 - val_loss: 3.7224 - val_accuracy: 0.4000 - lr: 0.0010
Epoch 7/10
2/2 [==============================] - 1s 511ms/step - loss: 3.7944 - accuracy: 0.1500 - val_loss: 3.6156 - val_accuracy: 0.4000 - lr: 0.0010
Epoch 8/10
2/2 [==============================] - 1s 586ms/step - loss: 3.6426 - accuracy: 0.3000 - val_loss: 3.5163 - val_accuracy: 0.2000 - lr: 0.0010
Epoch 9/10
2/2 [==============================] - 1s 581ms/step - loss: 3.5034 - accuracy: 0.2833 - val_loss: 3.3923 - val_accuracy: 0.2000 - lr: 0.0010
Epoch 10/10
2/2 [==============================] - 1s 566ms/step - loss: 3.4068 - accuracy: 0.2500 - val_loss: 3.2674 - val_accuracy: 0.4000 - lr: 0.0010
1/1 [==============================] - 0s 114ms/step - loss: 3.3306 - accuracy: 0.0000e+00
Found 60 images belonging to 6 classes.
Found 5 images belonging to 6 classes.
Found 7 images belonging to 6 classes.
Epoch 1/20
2/2 [==============================] - 2s 989ms/step - loss: 7.1057 - accuracy: 0.1000 - val_loss: 5.8746 - val_accuracy: 0.4000 - lr: 0.0010
Epoch 2/20
2/2 [==============================] - 1s 560ms/step - loss: 6.2036 - accuracy: 0.2000 - val_loss: 5.5705 - val_accuracy: 0.0000e+00 - lr: 0.0010
Epoch 3/20
2/2 [==============================] - 1s 607ms/step - loss: 5.1690 - accuracy: 0.1333 - val_loss: 4.8391 - val_accuracy: 0.0000e+00 - lr: 0.0010
Epoch 4/20
2/2 [==============================] - 1s 606ms/step - loss: 4.4968 - accuracy: 0.2000 - val_loss: 4.3583 - val_accuracy: 0.2000 - lr: 0.0010
Epoch 5/20
2/2 [==============================] - 1s 545ms/step - loss: 4.2854 - accuracy: 0.1500 - val_loss: 4.0684 - val_accuracy: 0.0000e+00 - lr: 0.0010
Epoch 6/20
2/2 [==============================] - 1s 543ms/step - loss: 3.9571 - accuracy: 0.1500 - val_loss: 3.8930 - val_accuracy: 0.0000e+00 - lr: 0.0010
Epoch 7/20
2/2 [==============================] - 1s 623ms/step - loss: 3.8244 - accuracy: 0.2333 - val_loss: 3.7805 - val_accuracy: 0.0000e+00 - lr: 0.0010
Epoch 8/20
2/2 [==============================] - 1s 644ms/step - loss: 3.7826 - accuracy: 0.1833 - val_loss: 3.6865 - val_accuracy: 0.0000e+00 - lr: 0.0010
Epoch 9/20
2/2 [==============================] - 1s 604ms/step - loss: 3.6718 - accuracy: 0.1667 - val_loss: 3.5830 - val_accuracy: 0.2000 - lr: 0.0010
Epoch 10/20
2/2 [==============================] - 1s 581ms/step - loss: 3.5814 - accuracy: 0.2000 - val_loss: 3.4655 - val_accuracy: 0.2000 - lr: 0.0010
Epoch 11/20
2/2 [==============================] - 1s 588ms/step - loss: 3.4524 - accuracy: 0.2667 - val_loss: 3.3399 - val_accuracy: 0.0000e+00 - lr: 0.0010
Epoch 12/20
2/2 [==============================] - 1s 546ms/step - loss: 3.3269 - accuracy: 0.1833 - val_loss: 3.2080 - val_accuracy: 0.0000e+00 - lr: 0.0010
Epoch 13/20
2/2 [==============================] - 1s 639ms/step - loss: 3.1944 - accuracy: 0.2833 - val_loss: 3.0795 - val_accuracy: 0.0000e+00 - lr: 0.0010
Epoch 14/20
2/2 [==============================] - 1s 642ms/step - loss: 3.0703 - accuracy: 0.2000 - val_loss: 2.9559 - val_accuracy: 0.0000e+00 - lr: 0.0010
Epoch 15/20
2/2 [==============================] - 1s 606ms/step - loss: 2.9637 - accuracy: 0.2333 - val_loss: 2.8494 - val_accuracy: 0.0000e+00 - lr: 0.0010
Epoch 16/20
2/2 [==============================] - 1s 584ms/step - loss: 2.8547 - accuracy: 0.2333 - val_loss: 2.7580 - val_accuracy: 0.0000e+00 - lr: 0.0010
Epoch 17/20
2/2 [==============================] - 1s 599ms/step - loss: 2.7755 - accuracy: 0.3167 - val_loss: 2.6817 - val_accuracy: 0.0000e+00 - lr: 0.0010
Epoch 18/20
2/2 [==============================] - 1s 678ms/step - loss: 2.6841 - accuracy: 0.2333 - val_loss: 2.6206 - val_accuracy: 0.2000 - lr: 0.0010
Epoch 19/20
2/2 [==============================] - 1s 554ms/step - loss: 2.6158 - accuracy: 0.2667 - val_loss: 2.5627 - val_accuracy: 0.2000 - lr: 0.0010
Epoch 20/20
2/2 [==============================] - 1s 608ms/step - loss: 2.5398 - accuracy: 0.2833 - val_loss: 2.5041 - val_accuracy: 0.2000 - lr: 0.0010
1/1 [==============================] - 0s 133ms/step - loss: 2.6032 - accuracy: 0.0000e+00
Found 60 images belonging to 6 classes.
Found 5 images belonging to 6 classes.
Found 7 images belonging to 6 classes.
Epoch 1/10
2/2 [==============================] - 2s 781ms/step - loss: 7.3024 - accuracy: 0.1167 - val_loss: 5.8383 - val_accuracy: 0.4000 - lr: 0.0010
Epoch 2/10
2/2 [==============================] - 1s 553ms/step - loss: 6.3350 - accuracy: 0.0833 - val_loss: 5.2230 - val_accuracy: 0.0000e+00 - lr: 0.0010
Epoch 3/10
2/2 [==============================] - 1s 576ms/step - loss: 5.3125 - accuracy: 0.1667 - val_loss: 4.6288 - val_accuracy: 0.2000 - lr: 0.0010
Epoch 4/10
2/2 [==============================] - 1s 625ms/step - loss: 4.5480 - accuracy: 0.2333 - val_loss: 4.2494 - val_accuracy: 0.0000e+00 - lr: 0.0010
Epoch 5/10
2/2 [==============================] - 1s 641ms/step - loss: 4.3154 - accuracy: 0.1167 - val_loss: 4.0147 - val_accuracy: 0.0000e+00 - lr: 0.0010
Epoch 6/10
2/2 [==============================] - 1s 578ms/step - loss: 4.0850 - accuracy: 0.1333 - val_loss: 3.8844 - val_accuracy: 0.0000e+00 - lr: 0.0010
Epoch 7/10
2/2 [==============================] - 1s 692ms/step - loss: 3.9030 - accuracy: 0.2333 - val_loss: 3.7976 - val_accuracy: 0.0000e+00 - lr: 0.0010
Epoch 8/10
2/2 [==============================] - 1s 560ms/step - loss: 3.8128 - accuracy: 0.1500 - val_loss: 3.7203 - val_accuracy: 0.0000e+00 - lr: 0.0010
Epoch 9/10
2/2 [==============================] - 1s 565ms/step - loss: 3.7054 - accuracy: 0.2000 - val_loss: 3.6260 - val_accuracy: 0.2000 - lr: 0.0010
Epoch 10/10
2/2 [==============================] - 1s 562ms/step - loss: 3.6254 - accuracy: 0.2167 - val_loss: 3.5185 - val_accuracy: 0.2000 - lr: 0.0010
1/1 [==============================] - 0s 119ms/step - loss: 3.5325 - accuracy: 0.1429
Found 60 images belonging to 6 classes.
Found 5 images belonging to 6 classes.
Found 7 images belonging to 6 classes.
Epoch 1/20
2/2 [==============================] - 2s 727ms/step - loss: 6.9428 - accuracy: 0.1667 - val_loss: 6.1638 - val_accuracy: 0.0000e+00 - lr: 0.0010
Epoch 2/20
2/2 [==============================] - 1s 562ms/step - loss: 5.7032 - accuracy: 0.1833 - val_loss: 5.1722 - val_accuracy: 0.0000e+00 - lr: 0.0010
Epoch 3/20
2/2 [==============================] - 1s 525ms/step - loss: 4.8755 - accuracy: 0.1500 - val_loss: 4.4223 - val_accuracy: 0.2000 - lr: 0.0010
Epoch 4/20
2/2 [==============================] - 1s 625ms/step - loss: 4.2820 - accuracy: 0.1500 - val_loss: 3.9426 - val_accuracy: 0.2000 - lr: 0.0010
Epoch 5/20
2/2 [==============================] - 1s 515ms/step - loss: 3.8495 - accuracy: 0.2500 - val_loss: 3.6339 - val_accuracy: 0.0000e+00 - lr: 0.0010
Epoch 6/20
2/2 [==============================] - 1s 620ms/step - loss: 3.6359 - accuracy: 0.1333 - val_loss: 3.4366 - val_accuracy: 0.2000 - lr: 0.0010
Epoch 7/20
2/2 [==============================] - 1s 612ms/step - loss: 3.4785 - accuracy: 0.1167 - val_loss: 3.3089 - val_accuracy: 0.2000 - lr: 0.0010
Epoch 8/20
2/2 [==============================] - 1s 560ms/step - loss: 3.3614 - accuracy: 0.2167 - val_loss: 3.1950 - val_accuracy: 0.4000 - lr: 0.0010
Epoch 9/20
2/2 [==============================] - 1s 560ms/step - loss: 3.2611 - accuracy: 0.2000 - val_loss: 3.0801 - val_accuracy: 0.4000 - lr: 0.0010
Epoch 10/20
2/2 [==============================] - 1s 686ms/step - loss: 3.1186 - accuracy: 0.2667 - val_loss: 2.9856 - val_accuracy: 0.6000 - lr: 0.0010
Epoch 11/20
2/2 [==============================] - 1s 561ms/step - loss: 3.0207 - accuracy: 0.2167 - val_loss: 2.8749 - val_accuracy: 0.4000 - lr: 0.0010
Epoch 12/20
2/2 [==============================] - 1s 577ms/step - loss: 2.9079 - accuracy: 0.1833 - val_loss: 2.7334 - val_accuracy: 0.4000 - lr: 0.0010
Epoch 13/20
2/2 [==============================] - 1s 546ms/step - loss: 2.8036 - accuracy: 0.1833 - val_loss: 2.6039 - val_accuracy: 0.2000 - lr: 0.0010
Epoch 14/20
2/2 [==============================] - 1s 595ms/step - loss: 2.6900 - accuracy: 0.2333 - val_loss: 2.5059 - val_accuracy: 0.4000 - lr: 0.0010
Epoch 15/20
2/2 [==============================] - 1s 545ms/step - loss: 2.5549 - accuracy: 0.3333 - val_loss: 2.4385 - val_accuracy: 0.4000 - lr: 0.0010
Epoch 16/20
2/2 [==============================] - 1s 610ms/step - loss: 2.5585 - accuracy: 0.2333 - val_loss: 2.4271 - val_accuracy: 0.4000 - lr: 0.0010
Epoch 17/20
2/2 [==============================] - 1s 510ms/step - loss: 2.4272 - accuracy: 0.3000 - val_loss: 2.4064 - val_accuracy: 0.4000 - lr: 0.0010
Epoch 18/20
2/2 [==============================] - 1s 621ms/step - loss: 2.4099 - accuracy: 0.2333 - val_loss: 2.3312 - val_accuracy: 0.4000 - lr: 0.0010
Epoch 19/20
2/2 [==============================] - 1s 661ms/step - loss: 2.3761 - accuracy: 0.2667 - val_loss: 2.2697 - val_accuracy: 0.4000 - lr: 0.0010
Epoch 20/20
2/2 [==============================] - 1s 633ms/step - loss: 2.3618 - accuracy: 0.2500 - val_loss: 2.2406 - val_accuracy: 0.2000 - lr: 0.0010
1/1 [==============================] - 0s 129ms/step - loss: 2.3480 - accuracy: 0.0000e+00
Found 60 images belonging to 6 classes.
Found 5 images belonging to 6 classes.
Found 7 images belonging to 6 classes.
Epoch 1/10
2/2 [==============================] - 2s 878ms/step - loss: 7.3229 - accuracy: 0.2000 - val_loss: 6.0677 - val_accuracy: 0.4000 - lr: 0.0010
Epoch 2/10
2/2 [==============================] - 1s 632ms/step - loss: 6.0784 - accuracy: 0.1333 - val_loss: 5.1895 - val_accuracy: 0.0000e+00 - lr: 0.0010
Epoch 3/10
2/2 [==============================] - 2s 737ms/step - loss: 5.0926 - accuracy: 0.1667 - val_loss: 4.6403 - val_accuracy: 0.2000 - lr: 0.0010
Epoch 4/10
2/2 [==============================] - 1s 627ms/step - loss: 4.5852 - accuracy: 0.1167 - val_loss: 4.4345 - val_accuracy: 0.2000 - lr: 0.0010
Epoch 5/10
2/2 [==============================] - 1s 791ms/step - loss: 4.4086 - accuracy: 0.2500 - val_loss: 4.3427 - val_accuracy: 0.2000 - lr: 0.0010
Epoch 6/10
2/2 [==============================] - 1s 732ms/step - loss: 4.3123 - accuracy: 0.2500 - val_loss: 4.2488 - val_accuracy: 0.2000 - lr: 0.0010
Epoch 7/10
2/2 [==============================] - 2s 761ms/step - loss: 4.2113 - accuracy: 0.2167 - val_loss: 4.1132 - val_accuracy: 0.0000e+00 - lr: 0.0010
Epoch 8/10
2/2 [==============================] - 1s 707ms/step - loss: 4.0627 - accuracy: 0.2333 - val_loss: 3.9228 - val_accuracy: 0.0000e+00 - lr: 0.0010
Epoch 9/10
2/2 [==============================] - 2s 839ms/step - loss: 3.8877 - accuracy: 0.2167 - val_loss: 3.7097 - val_accuracy: 0.2000 - lr: 0.0010
Epoch 10/10
2/2 [==============================] - 1s 715ms/step - loss: 3.6782 - accuracy: 0.1667 - val_loss: 3.5034 - val_accuracy: 0.4000 - lr: 0.0010
1/1 [==============================] - 0s 126ms/step - loss: 3.5504 - accuracy: 0.0000e+00
Found 60 images belonging to 6 classes.
Found 5 images belonging to 6 classes.
Found 7 images belonging to 6 classes.
Epoch 1/20
2/2 [==============================] - 2s 880ms/step - loss: 7.3767 - accuracy: 0.1667 - val_loss: 6.2150 - val_accuracy: 0.4000 - lr: 0.0010
Epoch 2/20
2/2 [==============================] - 1s 643ms/step - loss: 5.9683 - accuracy: 0.2667 - val_loss: 5.7288 - val_accuracy: 0.0000e+00 - lr: 0.0010
Epoch 3/20
2/2 [==============================] - 2s 674ms/step - loss: 5.1952 - accuracy: 0.2167 - val_loss: 4.9476 - val_accuracy: 0.0000e+00 - lr: 0.0010
Epoch 4/20
2/2 [==============================] - 2s 706ms/step - loss: 4.7850 - accuracy: 0.1333 - val_loss: 4.6298 - val_accuracy: 0.0000e+00 - lr: 0.0010
Epoch 5/20
2/2 [==============================] - 1s 746ms/step - loss: 4.6199 - accuracy: 0.1667 - val_loss: 4.5390 - val_accuracy: 0.2000 - lr: 0.0010
Epoch 6/20
2/2 [==============================] - 2s 689ms/step - loss: 4.5323 - accuracy: 0.1667 - val_loss: 4.4562 - val_accuracy: 0.2000 - lr: 0.0010
Epoch 7/20
2/2 [==============================] - 1s 646ms/step - loss: 4.4332 - accuracy: 0.1833 - val_loss: 4.3235 - val_accuracy: 0.2000 - lr: 0.0010
Epoch 8/20
2/2 [==============================] - 2s 669ms/step - loss: 4.2900 - accuracy: 0.2167 - val_loss: 4.1482 - val_accuracy: 0.2000 - lr: 0.0010
Epoch 9/20
2/2 [==============================] - 1s 697ms/step - loss: 4.1100 - accuracy: 0.1333 - val_loss: 3.9446 - val_accuracy: 0.4000 - lr: 0.0010
Epoch 10/20
2/2 [==============================] - 1s 607ms/step - loss: 3.9059 - accuracy: 0.2000 - val_loss: 3.7444 - val_accuracy: 0.4000 - lr: 0.0010
Epoch 11/20
2/2 [==============================] - 1s 734ms/step - loss: 3.7064 - accuracy: 0.1333 - val_loss: 3.5645 - val_accuracy: 0.2000 - lr: 0.0010
Epoch 12/20
2/2 [==============================] - 2s 803ms/step - loss: 3.5115 - accuracy: 0.2333 - val_loss: 3.3922 - val_accuracy: 0.6000 - lr: 0.0010
Epoch 13/20
2/2 [==============================] - 1s 755ms/step - loss: 3.3560 - accuracy: 0.2667 - val_loss: 3.2438 - val_accuracy: 0.4000 - lr: 0.0010
Epoch 14/20
2/2 [==============================] - 1s 630ms/step - loss: 3.2309 - accuracy: 0.2000 - val_loss: 3.1081 - val_accuracy: 0.6000 - lr: 0.0010
Epoch 15/20
2/2 [==============================] - 1s 642ms/step - loss: 3.0917 - accuracy: 0.2333 - val_loss: 2.9960 - val_accuracy: 0.4000 - lr: 0.0010
Epoch 16/20
2/2 [==============================] - 1s 637ms/step - loss: 2.9828 - accuracy: 0.3167 - val_loss: 2.8831 - val_accuracy: 0.4000 - lr: 0.0010
Epoch 17/20
2/2 [==============================] - 1s 675ms/step - loss: 2.8633 - accuracy: 0.1833 - val_loss: 2.7668 - val_accuracy: 0.4000 - lr: 0.0010
Epoch 18/20
2/2 [==============================] - 1s 737ms/step - loss: 2.7623 - accuracy: 0.2500 - val_loss: 2.6539 - val_accuracy: 0.4000 - lr: 0.0010
Epoch 19/20
2/2 [==============================] - 1s 649ms/step - loss: 2.6953 - accuracy: 0.1833 - val_loss: 2.5762 - val_accuracy: 0.2000 - lr: 0.0010
Epoch 20/20
2/2 [==============================] - 1s 617ms/step - loss: 2.5677 - accuracy: 0.3167 - val_loss: 2.5438 - val_accuracy: 0.2000 - lr: 0.0010
1/1 [==============================] - 0s 135ms/step - loss: 2.6820 - accuracy: 0.0000e+00
Found 60 images belonging to 6 classes.
Found 5 images belonging to 6 classes.
Found 7 images belonging to 6 classes.
Epoch 1/10
2/2 [==============================] - 2s 982ms/step - loss: 7.3296 - accuracy: 0.1833 - val_loss: 6.9259 - val_accuracy: 0.0000e+00 - lr: 0.0010
Epoch 2/10
2/2 [==============================] - 1s 747ms/step - loss: 5.9475 - accuracy: 0.2667 - val_loss: 5.1635 - val_accuracy: 0.0000e+00 - lr: 0.0010
Epoch 3/10
2/2 [==============================] - 2s 750ms/step - loss: 4.8728 - accuracy: 0.2167 - val_loss: 4.5913 - val_accuracy: 0.4000 - lr: 0.0010
Epoch 4/10
2/2 [==============================] - 1s 629ms/step - loss: 4.4809 - accuracy: 0.2667 - val_loss: 4.4593 - val_accuracy: 0.4000 - lr: 0.0010
Epoch 5/10
2/2 [==============================] - 1s 782ms/step - loss: 4.3528 - accuracy: 0.2000 - val_loss: 4.3768 - val_accuracy: 0.2000 - lr: 0.0010
Epoch 6/10
2/2 [==============================] - 1s 711ms/step - loss: 4.2948 - accuracy: 0.2333 - val_loss: 4.3060 - val_accuracy: 0.2000 - lr: 0.0010
Epoch 7/10
2/2 [==============================] - 1s 639ms/step - loss: 4.2612 - accuracy: 0.2833 - val_loss: 4.2017 - val_accuracy: 0.2000 - lr: 0.0010
Epoch 8/10
2/2 [==============================] - 1s 631ms/step - loss: 4.1660 - accuracy: 0.1167 - val_loss: 4.0452 - val_accuracy: 0.2000 - lr: 0.0010
Epoch 9/10
2/2 [==============================] - 1s 731ms/step - loss: 3.9841 - accuracy: 0.2500 - val_loss: 3.8607 - val_accuracy: 0.2000 - lr: 0.0010
Epoch 10/10
2/2 [==============================] - 1s 749ms/step - loss: 3.7994 - accuracy: 0.1667 - val_loss: 3.6696 - val_accuracy: 0.2000 - lr: 0.0010
1/1 [==============================] - 0s 137ms/step - loss: 3.7138 - accuracy: 0.0000e+00
Found 60 images belonging to 6 classes.
Found 5 images belonging to 6 classes.
Found 7 images belonging to 6 classes.
Epoch 1/20
2/2 [==============================] - 2s 911ms/step - loss: 7.3617 - accuracy: 0.1833 - val_loss: 7.1106 - val_accuracy: 0.0000e+00 - lr: 0.0010
Epoch 2/20
2/2 [==============================] - 1s 645ms/step - loss: 6.0414 - accuracy: 0.2167 - val_loss: 5.6047 - val_accuracy: 0.2000 - lr: 0.0010
Epoch 3/20
2/2 [==============================] - 1s 703ms/step - loss: 4.9676 - accuracy: 0.2000 - val_loss: 4.7021 - val_accuracy: 0.4000 - lr: 0.0010
Epoch 4/20
2/2 [==============================] - 1s 629ms/step - loss: 4.5620 - accuracy: 0.1667 - val_loss: 4.3978 - val_accuracy: 0.4000 - lr: 0.0010
Epoch 5/20
2/2 [==============================] - 1s 629ms/step - loss: 4.4053 - accuracy: 0.2000 - val_loss: 4.3084 - val_accuracy: 0.4000 - lr: 0.0010
Epoch 6/20
2/2 [==============================] - 1s 715ms/step - loss: 4.2928 - accuracy: 0.2667 - val_loss: 4.2285 - val_accuracy: 0.2000 - lr: 0.0010
Epoch 7/20
2/2 [==============================] - 1s 689ms/step - loss: 4.2028 - accuracy: 0.2000 - val_loss: 4.1156 - val_accuracy: 0.0000e+00 - lr: 0.0010
Epoch 8/20
2/2 [==============================] - 1s 603ms/step - loss: 4.0713 - accuracy: 0.1167 - val_loss: 3.9530 - val_accuracy: 0.0000e+00 - lr: 0.0010
Epoch 9/20
2/2 [==============================] - 1s 644ms/step - loss: 3.8871 - accuracy: 0.1667 - val_loss: 3.7555 - val_accuracy: 0.0000e+00 - lr: 0.0010
Epoch 10/20
2/2 [==============================] - 1s 684ms/step - loss: 3.6860 - accuracy: 0.1167 - val_loss: 3.5776 - val_accuracy: 0.0000e+00 - lr: 0.0010
Epoch 11/20
2/2 [==============================] - 1s 610ms/step - loss: 3.5022 - accuracy: 0.2000 - val_loss: 3.4026 - val_accuracy: 0.0000e+00 - lr: 0.0010
Epoch 12/20
2/2 [==============================] - 1s 605ms/step - loss: 3.2991 - accuracy: 0.2833 - val_loss: 3.2233 - val_accuracy: 0.2000 - lr: 0.0010
Epoch 13/20
2/2 [==============================] - 1s 666ms/step - loss: 3.1791 - accuracy: 0.3000 - val_loss: 3.0802 - val_accuracy: 0.2000 - lr: 0.0010
Epoch 14/20
2/2 [==============================] - 1s 721ms/step - loss: 3.0437 - accuracy: 0.2500 - val_loss: 2.9797 - val_accuracy: 0.4000 - lr: 0.0010
Epoch 15/20
2/2 [==============================] - 1s 755ms/step - loss: 2.9139 - accuracy: 0.2500 - val_loss: 2.8965 - val_accuracy: 0.4000 - lr: 0.0010
Epoch 16/20
2/2 [==============================] - 1s 739ms/step - loss: 2.8464 - accuracy: 0.2667 - val_loss: 2.8223 - val_accuracy: 0.4000 - lr: 0.0010
Epoch 17/20
2/2 [==============================] - 1s 614ms/step - loss: 2.7870 - accuracy: 0.2333 - val_loss: 2.7585 - val_accuracy: 0.4000 - lr: 0.0010
Epoch 18/20
2/2 [==============================] - 1s 592ms/step - loss: 2.6839 - accuracy: 0.2167 - val_loss: 2.6476 - val_accuracy: 0.4000 - lr: 0.0010
Epoch 19/20
2/2 [==============================] - 1s 607ms/step - loss: 2.6710 - accuracy: 0.1833 - val_loss: 2.5912 - val_accuracy: 0.4000 - lr: 0.0010
Epoch 20/20
2/2 [==============================] - 1s 740ms/step - loss: 2.6155 - accuracy: 0.2333 - val_loss: 2.5452 - val_accuracy: 0.4000 - lr: 0.0010
1/1 [==============================] - 0s 130ms/step - loss: 2.6634 - accuracy: 0.1429
Found 60 images belonging to 6 classes.
Found 5 images belonging to 6 classes.
Found 7 images belonging to 6 classes.
Epoch 1/10
2/2 [==============================] - 2s 946ms/step - loss: 7.2588 - accuracy: 0.1500 - val_loss: 6.0716 - val_accuracy: 0.2000 - lr: 0.0010
Epoch 2/10
2/2 [==============================] - 1s 731ms/step - loss: 6.0179 - accuracy: 0.2167 - val_loss: 5.1086 - val_accuracy: 0.0000e+00 - lr: 0.0010
Epoch 3/10
2/2 [==============================] - 1s 607ms/step - loss: 5.0456 - accuracy: 0.1833 - val_loss: 4.6971 - val_accuracy: 0.2000 - lr: 0.0010
Epoch 4/10
2/2 [==============================] - 1s 627ms/step - loss: 4.7550 - accuracy: 0.1667 - val_loss: 4.5666 - val_accuracy: 0.4000 - lr: 0.0010
Epoch 5/10
2/2 [==============================] - 1s 727ms/step - loss: 4.5571 - accuracy: 0.2167 - val_loss: 4.5058 - val_accuracy: 0.4000 - lr: 0.0010
Epoch 6/10
2/2 [==============================] - 1s 629ms/step - loss: 4.4883 - accuracy: 0.1667 - val_loss: 4.4279 - val_accuracy: 0.0000e+00 - lr: 0.0010
Epoch 7/10
2/2 [==============================] - 1s 738ms/step - loss: 4.3786 - accuracy: 0.1667 - val_loss: 4.2913 - val_accuracy: 0.0000e+00 - lr: 0.0010
Epoch 8/10
2/2 [==============================] - 1s 626ms/step - loss: 4.2234 - accuracy: 0.2000 - val_loss: 4.1078 - val_accuracy: 0.2000 - lr: 0.0010
Epoch 9/10
2/2 [==============================] - 1s 705ms/step - loss: 4.0271 - accuracy: 0.2167 - val_loss: 3.9003 - val_accuracy: 0.0000e+00 - lr: 0.0010
Epoch 10/10
2/2 [==============================] - 1s 736ms/step - loss: 3.8174 - accuracy: 0.1667 - val_loss: 3.6904 - val_accuracy: 0.0000e+00 - lr: 0.0010
1/1 [==============================] - 0s 141ms/step - loss: 3.7112 - accuracy: 0.0000e+00
Found 60 images belonging to 6 classes.
Found 5 images belonging to 6 classes.
Found 7 images belonging to 6 classes.
Epoch 1/20
2/2 [==============================] - 2s 836ms/step - loss: 7.7010 - accuracy: 0.1667 - val_loss: 5.7451 - val_accuracy: 0.4000 - lr: 0.0010
Epoch 2/20
2/2 [==============================] - 1s 631ms/step - loss: 6.5752 - accuracy: 0.1333 - val_loss: 5.4381 - val_accuracy: 0.4000 - lr: 0.0010
Epoch 3/20
2/2 [==============================] - 1s 734ms/step - loss: 5.6813 - accuracy: 0.1833 - val_loss: 4.8224 - val_accuracy: 0.2000 - lr: 0.0010
Epoch 4/20
2/2 [==============================] - 1s 636ms/step - loss: 4.9913 - accuracy: 0.2000 - val_loss: 4.8757 - val_accuracy: 0.2000 - lr: 0.0010
1/1 [==============================] - 0s 125ms/step - loss: 4.8686 - accuracy: 0.1429
Found 60 images belonging to 6 classes.
Found 5 images belonging to 6 classes.
Found 7 images belonging to 6 classes.
Epoch 1/10
2/2 [==============================] - 2s 802ms/step - loss: 7.4287 - accuracy: 0.1167 - val_loss: 5.4136 - val_accuracy: 0.4000 - lr: 0.0010
Epoch 2/10
2/2 [==============================] - 1s 723ms/step - loss: 5.6669 - accuracy: 0.2500 - val_loss: 4.6614 - val_accuracy: 0.2000 - lr: 0.0010
Epoch 3/10
2/2 [==============================] - 1s 634ms/step - loss: 4.7977 - accuracy: 0.1833 - val_loss: 4.2788 - val_accuracy: 0.2000 - lr: 0.0010
Epoch 4/10
2/2 [==============================] - 1s 724ms/step - loss: 4.3755 - accuracy: 0.1333 - val_loss: 4.1150 - val_accuracy: 0.2000 - lr: 0.0010
Epoch 5/10
2/2 [==============================] - 2s 745ms/step - loss: 4.1105 - accuracy: 0.2500 - val_loss: 4.0425 - val_accuracy: 0.4000 - lr: 0.0010
Epoch 6/10
2/2 [==============================] - 1s 607ms/step - loss: 4.0309 - accuracy: 0.2000 - val_loss: 3.9768 - val_accuracy: 0.2000 - lr: 0.0010
Epoch 7/10
2/2 [==============================] - 1s 755ms/step - loss: 3.9548 - accuracy: 0.2167 - val_loss: 3.8565 - val_accuracy: 0.4000 - lr: 0.0010
Epoch 8/10
2/2 [==============================] - 1s 745ms/step - loss: 3.8191 - accuracy: 0.2167 - val_loss: 3.6936 - val_accuracy: 0.2000 - lr: 0.0010
Epoch 9/10
2/2 [==============================] - 1s 724ms/step - loss: 3.6483 - accuracy: 0.3000 - val_loss: 3.4916 - val_accuracy: 0.2000 - lr: 0.0010
Epoch 10/10
2/2 [==============================] - 1s 730ms/step - loss: 3.4791 - accuracy: 0.1667 - val_loss: 3.2839 - val_accuracy: 0.2000 - lr: 0.0010
1/1 [==============================] - 0s 127ms/step - loss: 3.2670 - accuracy: 0.4286
Found 60 images belonging to 6 classes.
Found 5 images belonging to 6 classes.
Found 7 images belonging to 6 classes.
Epoch 1/20
2/2 [==============================] - 2s 892ms/step - loss: 7.9947 - accuracy: 0.1667 - val_loss: 6.6254 - val_accuracy: 0.2000 - lr: 0.0010
Epoch 2/20
2/2 [==============================] - 1s 745ms/step - loss: 6.2353 - accuracy: 0.2167 - val_loss: 5.7628 - val_accuracy: 0.4000 - lr: 0.0010
Epoch 3/20
2/2 [==============================] - 1s 740ms/step - loss: 5.3655 - accuracy: 0.2333 - val_loss: 5.0686 - val_accuracy: 0.2000 - lr: 0.0010
Epoch 4/20
2/2 [==============================] - 1s 735ms/step - loss: 5.0045 - accuracy: 0.2000 - val_loss: 4.8413 - val_accuracy: 0.2000 - lr: 0.0010
Epoch 5/20
2/2 [==============================] - 1s 639ms/step - loss: 4.8833 - accuracy: 0.1333 - val_loss: 4.7922 - val_accuracy: 0.6000 - lr: 0.0010
Epoch 6/20
2/2 [==============================] - 1s 728ms/step - loss: 4.8340 - accuracy: 0.2000 - val_loss: 4.7469 - val_accuracy: 0.4000 - lr: 0.0010
Epoch 7/20
2/2 [==============================] - 2s 775ms/step - loss: 4.7542 - accuracy: 0.1667 - val_loss: 4.6493 - val_accuracy: 0.4000 - lr: 0.0010
Epoch 8/20
2/2 [==============================] - 1s 699ms/step - loss: 4.6288 - accuracy: 0.2000 - val_loss: 4.4953 - val_accuracy: 0.4000 - lr: 0.0010
Epoch 9/20
2/2 [==============================] - 1s 717ms/step - loss: 4.4532 - accuracy: 0.2500 - val_loss: 4.3088 - val_accuracy: 0.2000 - lr: 0.0010
Epoch 10/20
2/2 [==============================] - 1s 748ms/step - loss: 4.2625 - accuracy: 0.1000 - val_loss: 4.1124 - val_accuracy: 0.2000 - lr: 0.0010
Epoch 11/20
2/2 [==============================] - 1s 635ms/step - loss: 4.0648 - accuracy: 0.2000 - val_loss: 3.9219 - val_accuracy: 0.2000 - lr: 0.0010
Epoch 12/20
2/2 [==============================] - 1s 684ms/step - loss: 3.8711 - accuracy: 0.2000 - val_loss: 3.7467 - val_accuracy: 0.2000 - lr: 0.0010
Epoch 13/20
2/2 [==============================] - 1s 617ms/step - loss: 3.7088 - accuracy: 0.2667 - val_loss: 3.5841 - val_accuracy: 0.2000 - lr: 0.0010
Epoch 14/20
2/2 [==============================] - 1s 757ms/step - loss: 3.5293 - accuracy: 0.2667 - val_loss: 3.4355 - val_accuracy: 0.2000 - lr: 0.0010
Epoch 15/20
2/2 [==============================] - 1s 749ms/step - loss: 3.4077 - accuracy: 0.2500 - val_loss: 3.3012 - val_accuracy: 0.2000 - lr: 0.0010
Epoch 16/20
2/2 [==============================] - 1s 717ms/step - loss: 3.2727 - accuracy: 0.2167 - val_loss: 3.1579 - val_accuracy: 0.2000 - lr: 0.0010
Epoch 17/20
2/2 [==============================] - 1s 769ms/step - loss: 3.1363 - accuracy: 0.2667 - val_loss: 3.0216 - val_accuracy: 0.2000 - lr: 0.0010
Epoch 18/20
2/2 [==============================] - 1s 748ms/step - loss: 3.0139 - accuracy: 0.2500 - val_loss: 2.9140 - val_accuracy: 0.2000 - lr: 0.0010
Epoch 19/20
2/2 [==============================] - 1s 601ms/step - loss: 2.8969 - accuracy: 0.3000 - val_loss: 2.8269 - val_accuracy: 0.2000 - lr: 0.0010
Epoch 20/20
2/2 [==============================] - 1s 725ms/step - loss: 2.8463 - accuracy: 0.3000 - val_loss: 2.7707 - val_accuracy: 0.2000 - lr: 0.0010
1/1 [==============================] - 0s 128ms/step - loss: 2.8732 - accuracy: 0.2857
Found 60 images belonging to 6 classes.
Found 5 images belonging to 6 classes.
Found 7 images belonging to 6 classes.
Epoch 1/10
2/2 [==============================] - 2s 714ms/step - loss: 7.1060 - accuracy: 0.1833 - val_loss: 6.6681 - val_accuracy: 0.2000 - lr: 5.0000e-04
Epoch 2/10
2/2 [==============================] - 1s 510ms/step - loss: 6.4770 - accuracy: 0.1333 - val_loss: 5.8204 - val_accuracy: 0.0000e+00 - lr: 5.0000e-04
Epoch 3/10
2/2 [==============================] - 1s 517ms/step - loss: 5.5648 - accuracy: 0.2667 - val_loss: 5.1254 - val_accuracy: 0.2000 - lr: 5.0000e-04
Epoch 4/10
2/2 [==============================] - 1s 543ms/step - loss: 5.0878 - accuracy: 0.1333 - val_loss: 4.7140 - val_accuracy: 0.0000e+00 - lr: 5.0000e-04
Epoch 5/10
2/2 [==============================] - 1s 526ms/step - loss: 4.7253 - accuracy: 0.2000 - val_loss: 4.2564 - val_accuracy: 0.0000e+00 - lr: 5.0000e-04
Epoch 6/10
2/2 [==============================] - 1s 583ms/step - loss: 4.2334 - accuracy: 0.2000 - val_loss: 3.9108 - val_accuracy: 0.4000 - lr: 5.0000e-04
Epoch 7/10
2/2 [==============================] - 1s 535ms/step - loss: 3.9295 - accuracy: 0.2167 - val_loss: 3.5976 - val_accuracy: 0.4000 - lr: 5.0000e-04
Epoch 8/10
2/2 [==============================] - 1s 569ms/step - loss: 3.6440 - accuracy: 0.3333 - val_loss: 3.3485 - val_accuracy: 0.6000 - lr: 5.0000e-04
Epoch 9/10
2/2 [==============================] - 1s 573ms/step - loss: 3.3921 - accuracy: 0.2167 - val_loss: 3.1602 - val_accuracy: 0.6000 - lr: 5.0000e-04
Epoch 10/10
2/2 [==============================] - 1s 617ms/step - loss: 3.2518 - accuracy: 0.2000 - val_loss: 3.0412 - val_accuracy: 0.4000 - lr: 5.0000e-04
1/1 [==============================] - 0s 138ms/step - loss: 3.1115 - accuracy: 0.2857
Found 60 images belonging to 6 classes.
Found 5 images belonging to 6 classes.
Found 7 images belonging to 6 classes.
Epoch 1/20
2/2 [==============================] - 2s 781ms/step - loss: 7.2093 - accuracy: 0.1000 - val_loss: 6.5292 - val_accuracy: 0.2000 - lr: 5.0000e-04
Epoch 2/20
2/2 [==============================] - 1s 599ms/step - loss: 6.6549 - accuracy: 0.1500 - val_loss: 5.8529 - val_accuracy: 0.4000 - lr: 5.0000e-04
Epoch 3/20
2/2 [==============================] - 1s 586ms/step - loss: 6.0867 - accuracy: 0.1667 - val_loss: 5.5419 - val_accuracy: 0.2000 - lr: 5.0000e-04
Epoch 4/20
2/2 [==============================] - 1s 533ms/step - loss: 5.5972 - accuracy: 0.2333 - val_loss: 5.1536 - val_accuracy: 0.4000 - lr: 5.0000e-04
Epoch 5/20
2/2 [==============================] - 1s 538ms/step - loss: 5.2329 - accuracy: 0.1167 - val_loss: 4.8279 - val_accuracy: 0.4000 - lr: 5.0000e-04
Epoch 6/20
2/2 [==============================] - 1s 568ms/step - loss: 4.7682 - accuracy: 0.3333 - val_loss: 4.5244 - val_accuracy: 0.4000 - lr: 5.0000e-04
Epoch 7/20
2/2 [==============================] - 1s 516ms/step - loss: 4.5355 - accuracy: 0.1833 - val_loss: 4.2465 - val_accuracy: 0.4000 - lr: 5.0000e-04
Epoch 8/20
2/2 [==============================] - 1s 601ms/step - loss: 4.1799 - accuracy: 0.2167 - val_loss: 4.0085 - val_accuracy: 0.2000 - lr: 5.0000e-04
Epoch 9/20
2/2 [==============================] - 1s 544ms/step - loss: 3.9717 - accuracy: 0.2833 - val_loss: 3.8102 - val_accuracy: 0.2000 - lr: 5.0000e-04
Epoch 10/20
2/2 [==============================] - 1s 596ms/step - loss: 3.7862 - accuracy: 0.2167 - val_loss: 3.6428 - val_accuracy: 0.2000 - lr: 5.0000e-04
Epoch 11/20
2/2 [==============================] - 1s 606ms/step - loss: 3.6271 - accuracy: 0.2333 - val_loss: 3.4609 - val_accuracy: 0.2000 - lr: 5.0000e-04
Epoch 12/20
2/2 [==============================] - 1s 615ms/step - loss: 3.4129 - accuracy: 0.2667 - val_loss: 3.2833 - val_accuracy: 0.2000 - lr: 5.0000e-04
Epoch 13/20
2/2 [==============================] - 1s 513ms/step - loss: 3.2501 - accuracy: 0.2167 - val_loss: 3.1201 - val_accuracy: 0.2000 - lr: 5.0000e-04
Epoch 14/20
2/2 [==============================] - 1s 607ms/step - loss: 3.1847 - accuracy: 0.2833 - val_loss: 2.9889 - val_accuracy: 0.4000 - lr: 5.0000e-04
Epoch 15/20
2/2 [==============================] - 1s 607ms/step - loss: 3.0603 - accuracy: 0.3167 - val_loss: 2.8750 - val_accuracy: 0.4000 - lr: 5.0000e-04
Epoch 16/20
2/2 [==============================] - 1s 608ms/step - loss: 2.9062 - accuracy: 0.3667 - val_loss: 2.7473 - val_accuracy: 0.4000 - lr: 5.0000e-04
Epoch 17/20
2/2 [==============================] - 1s 559ms/step - loss: 2.8233 - accuracy: 0.4500 - val_loss: 2.6345 - val_accuracy: 0.6000 - lr: 5.0000e-04
Epoch 18/20
2/2 [==============================] - 1s 617ms/step - loss: 2.8074 - accuracy: 0.2833 - val_loss: 2.5336 - val_accuracy: 0.6000 - lr: 5.0000e-04
Epoch 19/20
2/2 [==============================] - 1s 571ms/step - loss: 2.7115 - accuracy: 0.3333 - val_loss: 2.4282 - val_accuracy: 0.6000 - lr: 5.0000e-04
Epoch 20/20
2/2 [==============================] - 1s 559ms/step - loss: 2.6434 - accuracy: 0.3833 - val_loss: 2.3417 - val_accuracy: 0.6000 - lr: 5.0000e-04
1/1 [==============================] - 0s 116ms/step - loss: 2.5389 - accuracy: 0.2857
Found 60 images belonging to 6 classes.
Found 5 images belonging to 6 classes.
Found 7 images belonging to 6 classes.
Epoch 1/10
2/2 [==============================] - 2s 719ms/step - loss: 7.0319 - accuracy: 0.1167 - val_loss: 6.2305 - val_accuracy: 0.2000 - lr: 5.0000e-04
Epoch 2/10
2/2 [==============================] - 1s 500ms/step - loss: 6.2075 - accuracy: 0.2167 - val_loss: 5.6018 - val_accuracy: 0.2000 - lr: 5.0000e-04
Epoch 3/10
2/2 [==============================] - 1s 520ms/step - loss: 5.7138 - accuracy: 0.2000 - val_loss: 5.0417 - val_accuracy: 0.2000 - lr: 5.0000e-04
Epoch 4/10
2/2 [==============================] - 1s 510ms/step - loss: 5.0619 - accuracy: 0.2167 - val_loss: 4.6122 - val_accuracy: 0.2000 - lr: 5.0000e-04
Epoch 5/10
2/2 [==============================] - 1s 567ms/step - loss: 4.6291 - accuracy: 0.1333 - val_loss: 4.2906 - val_accuracy: 0.0000e+00 - lr: 5.0000e-04
Epoch 6/10
2/2 [==============================] - 1s 540ms/step - loss: 4.1286 - accuracy: 0.2833 - val_loss: 3.9637 - val_accuracy: 0.0000e+00 - lr: 5.0000e-04
Epoch 7/10
2/2 [==============================] - 1s 633ms/step - loss: 3.8169 - accuracy: 0.1833 - val_loss: 3.6622 - val_accuracy: 0.0000e+00 - lr: 5.0000e-04
Epoch 8/10
2/2 [==============================] - 1s 510ms/step - loss: 3.5645 - accuracy: 0.2500 - val_loss: 3.3996 - val_accuracy: 0.4000 - lr: 5.0000e-04
Epoch 9/10
2/2 [==============================] - 1s 572ms/step - loss: 3.3453 - accuracy: 0.3167 - val_loss: 3.1929 - val_accuracy: 0.4000 - lr: 5.0000e-04
Epoch 10/10
2/2 [==============================] - 1s 521ms/step - loss: 3.1883 - accuracy: 0.2667 - val_loss: 3.0230 - val_accuracy: 0.4000 - lr: 5.0000e-04
1/1 [==============================] - 0s 129ms/step - loss: 3.0903 - accuracy: 0.1429
Found 60 images belonging to 6 classes.
Found 5 images belonging to 6 classes.
Found 7 images belonging to 6 classes.
Epoch 1/20
2/2 [==============================] - 2s 772ms/step - loss: 7.0905 - accuracy: 0.1667 - val_loss: 6.4634 - val_accuracy: 0.2000 - lr: 5.0000e-04
Epoch 2/20
2/2 [==============================] - 1s 496ms/step - loss: 6.3889 - accuracy: 0.2833 - val_loss: 5.8502 - val_accuracy: 0.2000 - lr: 5.0000e-04
Epoch 3/20
2/2 [==============================] - 1s 504ms/step - loss: 5.7612 - accuracy: 0.2167 - val_loss: 5.1877 - val_accuracy: 0.4000 - lr: 5.0000e-04
Epoch 4/20
2/2 [==============================] - 1s 513ms/step - loss: 5.2418 - accuracy: 0.1500 - val_loss: 4.6911 - val_accuracy: 0.4000 - lr: 5.0000e-04
Epoch 5/20
2/2 [==============================] - 1s 569ms/step - loss: 4.7955 - accuracy: 0.2667 - val_loss: 4.3618 - val_accuracy: 0.4000 - lr: 5.0000e-04
Epoch 6/20
2/2 [==============================] - 1s 600ms/step - loss: 4.3934 - accuracy: 0.2333 - val_loss: 4.0406 - val_accuracy: 0.4000 - lr: 5.0000e-04
Epoch 7/20
2/2 [==============================] - 1s 581ms/step - loss: 4.1213 - accuracy: 0.2333 - val_loss: 3.8014 - val_accuracy: 0.4000 - lr: 5.0000e-04
Epoch 8/20
2/2 [==============================] - 1s 571ms/step - loss: 3.8252 - accuracy: 0.2333 - val_loss: 3.5890 - val_accuracy: 0.4000 - lr: 5.0000e-04
Epoch 9/20
2/2 [==============================] - 1s 643ms/step - loss: 3.6280 - accuracy: 0.1667 - val_loss: 3.4061 - val_accuracy: 0.4000 - lr: 5.0000e-04
Epoch 10/20
2/2 [==============================] - 1s 601ms/step - loss: 3.4494 - accuracy: 0.3167 - val_loss: 3.2525 - val_accuracy: 0.4000 - lr: 5.0000e-04
Epoch 11/20
2/2 [==============================] - 1s 590ms/step - loss: 3.2629 - accuracy: 0.3000 - val_loss: 3.1148 - val_accuracy: 0.8000 - lr: 5.0000e-04
Epoch 12/20
2/2 [==============================] - 1s 657ms/step - loss: 3.1742 - accuracy: 0.1833 - val_loss: 2.9954 - val_accuracy: 0.8000 - lr: 5.0000e-04
Epoch 13/20
2/2 [==============================] - 1s 653ms/step - loss: 3.0589 - accuracy: 0.4000 - val_loss: 2.8906 - val_accuracy: 0.6000 - lr: 5.0000e-04
Epoch 14/20
2/2 [==============================] - 1s 620ms/step - loss: 3.0074 - accuracy: 0.2500 - val_loss: 2.8022 - val_accuracy: 0.6000 - lr: 5.0000e-04
Epoch 15/20
2/2 [==============================] - 1s 653ms/step - loss: 2.8885 - accuracy: 0.3667 - val_loss: 2.7171 - val_accuracy: 0.6000 - lr: 5.0000e-04
Epoch 16/20
2/2 [==============================] - 1s 649ms/step - loss: 2.8680 - accuracy: 0.2667 - val_loss: 2.6311 - val_accuracy: 0.6000 - lr: 5.0000e-04
Epoch 17/20
2/2 [==============================] - 1s 679ms/step - loss: 2.7637 - accuracy: 0.4000 - val_loss: 2.5635 - val_accuracy: 0.6000 - lr: 5.0000e-04
Epoch 18/20
2/2 [==============================] - 1s 565ms/step - loss: 2.6829 - accuracy: 0.3167 - val_loss: 2.4754 - val_accuracy: 0.6000 - lr: 5.0000e-04
Epoch 19/20
2/2 [==============================] - 1s 578ms/step - loss: 2.7407 - accuracy: 0.2167 - val_loss: 2.4144 - val_accuracy: 0.6000 - lr: 5.0000e-04
Epoch 20/20
2/2 [==============================] - 1s 498ms/step - loss: 2.6378 - accuracy: 0.2833 - val_loss: 2.3815 - val_accuracy: 0.6000 - lr: 5.0000e-04
1/1 [==============================] - 0s 121ms/step - loss: 2.5528 - accuracy: 0.2857
Found 60 images belonging to 6 classes.
Found 5 images belonging to 6 classes.
Found 7 images belonging to 6 classes.
Epoch 1/10
2/2 [==============================] - 2s 738ms/step - loss: 7.3602 - accuracy: 0.1667 - val_loss: 6.3463 - val_accuracy: 0.2000 - lr: 5.0000e-04
Epoch 2/10
2/2 [==============================] - 1s 518ms/step - loss: 6.5240 - accuracy: 0.1833 - val_loss: 6.1876 - val_accuracy: 0.0000e+00 - lr: 5.0000e-04
Epoch 3/10
2/2 [==============================] - 1s 535ms/step - loss: 5.9239 - accuracy: 0.1333 - val_loss: 5.7496 - val_accuracy: 0.0000e+00 - lr: 5.0000e-04
Epoch 4/10
2/2 [==============================] - 1s 513ms/step - loss: 5.4605 - accuracy: 0.1667 - val_loss: 5.0784 - val_accuracy: 0.2000 - lr: 5.0000e-04
Epoch 5/10
2/2 [==============================] - 1s 847ms/step - loss: 4.9414 - accuracy: 0.1333 - val_loss: 4.4952 - val_accuracy: 0.4000 - lr: 5.0000e-04
Epoch 6/10
2/2 [==============================] - 1s 540ms/step - loss: 4.5674 - accuracy: 0.1833 - val_loss: 4.1231 - val_accuracy: 0.4000 - lr: 5.0000e-04
Epoch 7/10
2/2 [==============================] - 1s 529ms/step - loss: 4.2859 - accuracy: 0.1667 - val_loss: 3.8515 - val_accuracy: 0.4000 - lr: 5.0000e-04
Epoch 8/10
2/2 [==============================] - 1s 616ms/step - loss: 3.9032 - accuracy: 0.2333 - val_loss: 3.6309 - val_accuracy: 0.4000 - lr: 5.0000e-04
Epoch 9/10
2/2 [==============================] - 1s 542ms/step - loss: 3.7469 - accuracy: 0.2500 - val_loss: 3.4506 - val_accuracy: 0.4000 - lr: 5.0000e-04
Epoch 10/10
2/2 [==============================] - 1s 523ms/step - loss: 3.5405 - accuracy: 0.2500 - val_loss: 3.2946 - val_accuracy: 0.4000 - lr: 5.0000e-04
1/1 [==============================] - 0s 120ms/step - loss: 3.4241 - accuracy: 0.1429
Found 60 images belonging to 6 classes.
Found 5 images belonging to 6 classes.
Found 7 images belonging to 6 classes.
Epoch 1/20
2/2 [==============================] - 2s 802ms/step - loss: 7.0088 - accuracy: 0.1500 - val_loss: 6.9384 - val_accuracy: 0.0000e+00 - lr: 5.0000e-04
Epoch 2/20
2/2 [==============================] - 1s 499ms/step - loss: 6.4209 - accuracy: 0.2333 - val_loss: 6.5072 - val_accuracy: 0.0000e+00 - lr: 5.0000e-04
Epoch 3/20
2/2 [==============================] - 1s 595ms/step - loss: 5.8397 - accuracy: 0.1167 - val_loss: 5.5781 - val_accuracy: 0.0000e+00 - lr: 5.0000e-04
Epoch 4/20
2/2 [==============================] - 1s 611ms/step - loss: 5.2999 - accuracy: 0.2000 - val_loss: 4.8958 - val_accuracy: 0.2000 - lr: 5.0000e-04
Epoch 5/20
2/2 [==============================] - 1s 545ms/step - loss: 4.8203 - accuracy: 0.1667 - val_loss: 4.4615 - val_accuracy: 0.2000 - lr: 5.0000e-04
Epoch 6/20
2/2 [==============================] - 1s 622ms/step - loss: 4.4089 - accuracy: 0.1833 - val_loss: 4.0973 - val_accuracy: 0.2000 - lr: 5.0000e-04
Epoch 7/20
2/2 [==============================] - 1s 555ms/step - loss: 4.0438 - accuracy: 0.2833 - val_loss: 3.8101 - val_accuracy: 0.4000 - lr: 5.0000e-04
Epoch 8/20
2/2 [==============================] - 1s 541ms/step - loss: 3.7890 - accuracy: 0.1833 - val_loss: 3.5687 - val_accuracy: 0.4000 - lr: 5.0000e-04
Epoch 9/20
2/2 [==============================] - 1s 622ms/step - loss: 3.5558 - accuracy: 0.2833 - val_loss: 3.3771 - val_accuracy: 0.4000 - lr: 5.0000e-04
Epoch 10/20
2/2 [==============================] - 1s 523ms/step - loss: 3.3923 - accuracy: 0.2167 - val_loss: 3.2196 - val_accuracy: 0.2000 - lr: 5.0000e-04
Epoch 11/20
2/2 [==============================] - 1s 538ms/step - loss: 3.2227 - accuracy: 0.3333 - val_loss: 3.0768 - val_accuracy: 0.2000 - lr: 5.0000e-04
Epoch 12/20
2/2 [==============================] - 1s 622ms/step - loss: 3.0539 - accuracy: 0.3667 - val_loss: 2.9522 - val_accuracy: 0.2000 - lr: 5.0000e-04
Epoch 13/20
2/2 [==============================] - 1s 566ms/step - loss: 2.9727 - accuracy: 0.2333 - val_loss: 2.8511 - val_accuracy: 0.4000 - lr: 5.0000e-04
Epoch 14/20
2/2 [==============================] - 1s 602ms/step - loss: 2.8484 - accuracy: 0.2833 - val_loss: 2.7524 - val_accuracy: 0.2000 - lr: 5.0000e-04
Epoch 15/20
2/2 [==============================] - 1s 528ms/step - loss: 2.7532 - accuracy: 0.3500 - val_loss: 2.6579 - val_accuracy: 0.4000 - lr: 5.0000e-04
Epoch 16/20
2/2 [==============================] - 1s 597ms/step - loss: 2.7009 - accuracy: 0.2833 - val_loss: 2.5881 - val_accuracy: 0.4000 - lr: 5.0000e-04
Epoch 17/20
2/2 [==============================] - 1s 604ms/step - loss: 2.6273 - accuracy: 0.2500 - val_loss: 2.5589 - val_accuracy: 0.4000 - lr: 5.0000e-04
Epoch 18/20
2/2 [==============================] - 1s 514ms/step - loss: 2.5340 - accuracy: 0.3000 - val_loss: 2.5403 - val_accuracy: 0.2000 - lr: 5.0000e-04
Epoch 19/20
2/2 [==============================] - 1s 601ms/step - loss: 2.4811 - accuracy: 0.3500 - val_loss: 2.4974 - val_accuracy: 0.2000 - lr: 5.0000e-04
Epoch 20/20
2/2 [==============================] - 1s 614ms/step - loss: 2.3874 - accuracy: 0.3667 - val_loss: 2.3806 - val_accuracy: 0.4000 - lr: 5.0000e-04
1/1 [==============================] - 0s 141ms/step - loss: 2.6169 - accuracy: 0.0000e+00
Found 60 images belonging to 6 classes.
Found 5 images belonging to 6 classes.
Found 7 images belonging to 6 classes.
Epoch 1/10
2/2 [==============================] - 2s 802ms/step - loss: 7.0296 - accuracy: 0.1167 - val_loss: 6.4230 - val_accuracy: 0.2000 - lr: 5.0000e-04
Epoch 2/10
2/2 [==============================] - 1s 512ms/step - loss: 6.2150 - accuracy: 0.1333 - val_loss: 5.6145 - val_accuracy: 0.0000e+00 - lr: 5.0000e-04
Epoch 3/10
2/2 [==============================] - 1s 516ms/step - loss: 5.4970 - accuracy: 0.1333 - val_loss: 4.9946 - val_accuracy: 0.0000e+00 - lr: 5.0000e-04
Epoch 4/10
2/2 [==============================] - 1s 611ms/step - loss: 4.9079 - accuracy: 0.1500 - val_loss: 4.4781 - val_accuracy: 0.0000e+00 - lr: 5.0000e-04
Epoch 5/10
2/2 [==============================] - 1s 581ms/step - loss: 4.3447 - accuracy: 0.1500 - val_loss: 4.0414 - val_accuracy: 0.2000 - lr: 5.0000e-04
Epoch 6/10
2/2 [==============================] - 1s 587ms/step - loss: 3.9520 - accuracy: 0.1833 - val_loss: 3.6763 - val_accuracy: 0.2000 - lr: 5.0000e-04
Epoch 7/10
2/2 [==============================] - 1s 550ms/step - loss: 3.6200 - accuracy: 0.2167 - val_loss: 3.3739 - val_accuracy: 0.2000 - lr: 5.0000e-04
Epoch 8/10
2/2 [==============================] - 1s 529ms/step - loss: 3.3304 - accuracy: 0.2333 - val_loss: 3.1333 - val_accuracy: 0.2000 - lr: 5.0000e-04
Epoch 9/10
2/2 [==============================] - 1s 598ms/step - loss: 3.1313 - accuracy: 0.1833 - val_loss: 2.9415 - val_accuracy: 0.0000e+00 - lr: 5.0000e-04
Epoch 10/10
2/2 [==============================] - 1s 550ms/step - loss: 2.9265 - accuracy: 0.4333 - val_loss: 2.7859 - val_accuracy: 0.0000e+00 - lr: 5.0000e-04
1/1 [==============================] - 0s 127ms/step - loss: 2.7772 - accuracy: 0.1429
Found 60 images belonging to 6 classes.
Found 5 images belonging to 6 classes.
Found 7 images belonging to 6 classes.
Epoch 1/20
2/2 [==============================] - 2s 719ms/step - loss: 7.2325 - accuracy: 0.1667 - val_loss: 6.6155 - val_accuracy: 0.2000 - lr: 5.0000e-04
Epoch 2/20
2/2 [==============================] - 1s 613ms/step - loss: 6.7789 - accuracy: 0.2000 - val_loss: 6.0163 - val_accuracy: 0.2000 - lr: 5.0000e-04
Epoch 3/20
2/2 [==============================] - 1s 517ms/step - loss: 6.1124 - accuracy: 0.2000 - val_loss: 5.3188 - val_accuracy: 0.4000 - lr: 5.0000e-04
Epoch 4/20
2/2 [==============================] - 1s 549ms/step - loss: 5.5188 - accuracy: 0.2167 - val_loss: 4.9264 - val_accuracy: 0.2000 - lr: 5.0000e-04
Epoch 5/20
2/2 [==============================] - 1s 579ms/step - loss: 5.0929 - accuracy: 0.1833 - val_loss: 4.6858 - val_accuracy: 0.2000 - lr: 5.0000e-04
Epoch 6/20
2/2 [==============================] - 1s 528ms/step - loss: 4.7426 - accuracy: 0.2000 - val_loss: 4.4464 - val_accuracy: 0.2000 - lr: 5.0000e-04
Epoch 7/20
2/2 [==============================] - 1s 583ms/step - loss: 4.4115 - accuracy: 0.2000 - val_loss: 4.2335 - val_accuracy: 0.4000 - lr: 5.0000e-04
Epoch 8/20
2/2 [==============================] - 1s 526ms/step - loss: 4.1551 - accuracy: 0.2000 - val_loss: 4.0174 - val_accuracy: 0.2000 - lr: 5.0000e-04
Epoch 9/20
2/2 [==============================] - 1s 596ms/step - loss: 3.8874 - accuracy: 0.2833 - val_loss: 3.8178 - val_accuracy: 0.2000 - lr: 5.0000e-04
Epoch 10/20
2/2 [==============================] - 1s 513ms/step - loss: 3.6941 - accuracy: 0.3333 - val_loss: 3.6201 - val_accuracy: 0.2000 - lr: 5.0000e-04
Epoch 11/20
2/2 [==============================] - 1s 630ms/step - loss: 3.5485 - accuracy: 0.2333 - val_loss: 3.4359 - val_accuracy: 0.2000 - lr: 5.0000e-04
Epoch 12/20
2/2 [==============================] - 1s 635ms/step - loss: 3.3968 - accuracy: 0.2500 - val_loss: 3.2853 - val_accuracy: 0.4000 - lr: 5.0000e-04
Epoch 13/20
2/2 [==============================] - 1s 587ms/step - loss: 3.2567 - accuracy: 0.2167 - val_loss: 3.1574 - val_accuracy: 0.2000 - lr: 5.0000e-04
Epoch 14/20
2/2 [==============================] - 1s 514ms/step - loss: 3.1706 - accuracy: 0.2000 - val_loss: 3.0464 - val_accuracy: 0.2000 - lr: 5.0000e-04
Epoch 15/20
2/2 [==============================] - 1s 533ms/step - loss: 3.0270 - accuracy: 0.3333 - val_loss: 2.9451 - val_accuracy: 0.2000 - lr: 5.0000e-04
Epoch 16/20
2/2 [==============================] - 1s 520ms/step - loss: 2.9547 - accuracy: 0.2500 - val_loss: 2.8680 - val_accuracy: 0.2000 - lr: 5.0000e-04
Epoch 17/20
2/2 [==============================] - 1s 585ms/step - loss: 2.8508 - accuracy: 0.3333 - val_loss: 2.7913 - val_accuracy: 0.2000 - lr: 5.0000e-04
Epoch 18/20
2/2 [==============================] - 1s 514ms/step - loss: 2.8138 - accuracy: 0.2500 - val_loss: 2.7341 - val_accuracy: 0.2000 - lr: 5.0000e-04
Epoch 19/20
2/2 [==============================] - 1s 616ms/step - loss: 2.7206 - accuracy: 0.3167 - val_loss: 2.6848 - val_accuracy: 0.2000 - lr: 5.0000e-04
Epoch 20/20
2/2 [==============================] - 1s 595ms/step - loss: 2.7871 - accuracy: 0.2333 - val_loss: 2.6393 - val_accuracy: 0.4000 - lr: 5.0000e-04
1/1 [==============================] - 0s 120ms/step - loss: 2.6507 - accuracy: 0.1429
Found 60 images belonging to 6 classes.
Found 5 images belonging to 6 classes.
Found 7 images belonging to 6 classes.
Epoch 1/10
2/2 [==============================] - 2s 894ms/step - loss: 7.5320 - accuracy: 0.1500 - val_loss: 6.6247 - val_accuracy: 0.4000 - lr: 5.0000e-04
Epoch 2/10
2/2 [==============================] - 1s 637ms/step - loss: 6.6688 - accuracy: 0.1667 - val_loss: 6.1337 - val_accuracy: 0.2000 - lr: 5.0000e-04
Epoch 3/10
2/2 [==============================] - 1s 625ms/step - loss: 5.8290 - accuracy: 0.2333 - val_loss: 5.4291 - val_accuracy: 0.2000 - lr: 5.0000e-04
Epoch 4/10
2/2 [==============================] - 1s 676ms/step - loss: 5.2386 - accuracy: 0.2000 - val_loss: 4.8740 - val_accuracy: 0.4000 - lr: 5.0000e-04
Epoch 5/10
2/2 [==============================] - 1s 801ms/step - loss: 4.6970 - accuracy: 0.2500 - val_loss: 4.4218 - val_accuracy: 0.2000 - lr: 5.0000e-04
Epoch 6/10
2/2 [==============================] - 1s 690ms/step - loss: 4.3214 - accuracy: 0.2833 - val_loss: 4.1054 - val_accuracy: 0.2000 - lr: 5.0000e-04
Epoch 7/10
2/2 [==============================] - 1s 614ms/step - loss: 4.0918 - accuracy: 0.2500 - val_loss: 3.8553 - val_accuracy: 0.4000 - lr: 5.0000e-04
Epoch 8/10
2/2 [==============================] - 1s 624ms/step - loss: 3.8463 - accuracy: 0.2667 - val_loss: 3.6631 - val_accuracy: 0.4000 - lr: 5.0000e-04
Epoch 9/10
2/2 [==============================] - 1s 645ms/step - loss: 3.6487 - accuracy: 0.3500 - val_loss: 3.5082 - val_accuracy: 0.4000 - lr: 5.0000e-04
Epoch 10/10
2/2 [==============================] - 1s 665ms/step - loss: 3.5408 - accuracy: 0.2333 - val_loss: 3.3741 - val_accuracy: 0.6000 - lr: 5.0000e-04
1/1 [==============================] - 0s 144ms/step - loss: 3.4305 - accuracy: 0.2857
Found 60 images belonging to 6 classes.
Found 5 images belonging to 6 classes.
Found 7 images belonging to 6 classes.
Epoch 1/20
2/2 [==============================] - 2s 897ms/step - loss: 7.2982 - accuracy: 0.1667 - val_loss: 6.3262 - val_accuracy: 0.4000 - lr: 5.0000e-04
Epoch 2/20
2/2 [==============================] - 1s 602ms/step - loss: 6.3144 - accuracy: 0.1667 - val_loss: 5.5207 - val_accuracy: 0.0000e+00 - lr: 5.0000e-04
Epoch 3/20
2/2 [==============================] - 1s 616ms/step - loss: 5.5798 - accuracy: 0.1667 - val_loss: 4.8795 - val_accuracy: 0.2000 - lr: 5.0000e-04
Epoch 4/20
2/2 [==============================] - 1s 690ms/step - loss: 4.9194 - accuracy: 0.1333 - val_loss: 4.3477 - val_accuracy: 0.4000 - lr: 5.0000e-04
Epoch 5/20
2/2 [==============================] - 1s 696ms/step - loss: 4.3977 - accuracy: 0.2000 - val_loss: 3.9916 - val_accuracy: 0.4000 - lr: 5.0000e-04
Epoch 6/20
2/2 [==============================] - 1s 629ms/step - loss: 4.0290 - accuracy: 0.2167 - val_loss: 3.7161 - val_accuracy: 0.6000 - lr: 5.0000e-04
Epoch 7/20
2/2 [==============================] - 1s 688ms/step - loss: 3.7248 - accuracy: 0.2833 - val_loss: 3.4921 - val_accuracy: 0.4000 - lr: 5.0000e-04
Epoch 8/20
2/2 [==============================] - 1s 593ms/step - loss: 3.5469 - accuracy: 0.2667 - val_loss: 3.3285 - val_accuracy: 0.4000 - lr: 5.0000e-04
Epoch 9/20
2/2 [==============================] - 1s 672ms/step - loss: 3.3779 - accuracy: 0.2333 - val_loss: 3.1978 - val_accuracy: 0.4000 - lr: 5.0000e-04
Epoch 10/20
2/2 [==============================] - 1s 699ms/step - loss: 3.2259 - accuracy: 0.2333 - val_loss: 3.0938 - val_accuracy: 0.4000 - lr: 5.0000e-04
Epoch 11/20
2/2 [==============================] - 1s 671ms/step - loss: 3.1292 - accuracy: 0.2333 - val_loss: 3.0085 - val_accuracy: 0.4000 - lr: 5.0000e-04
Epoch 12/20
2/2 [==============================] - 1s 727ms/step - loss: 3.0356 - accuracy: 0.2000 - val_loss: 2.9316 - val_accuracy: 0.4000 - lr: 5.0000e-04
Epoch 13/20
2/2 [==============================] - 1s 637ms/step - loss: 2.9343 - accuracy: 0.2833 - val_loss: 2.8639 - val_accuracy: 0.4000 - lr: 5.0000e-04
Epoch 14/20
2/2 [==============================] - 1s 675ms/step - loss: 2.8508 - accuracy: 0.3167 - val_loss: 2.7761 - val_accuracy: 0.4000 - lr: 5.0000e-04
Epoch 15/20
2/2 [==============================] - 1s 680ms/step - loss: 2.6905 - accuracy: 0.3667 - val_loss: 2.6416 - val_accuracy: 0.2000 - lr: 5.0000e-04
Epoch 16/20
2/2 [==============================] - 1s 705ms/step - loss: 2.7591 - accuracy: 0.2333 - val_loss: 2.5498 - val_accuracy: 0.2000 - lr: 5.0000e-04
Epoch 17/20
2/2 [==============================] - 1s 625ms/step - loss: 2.5849 - accuracy: 0.3333 - val_loss: 2.5074 - val_accuracy: 0.2000 - lr: 5.0000e-04
Epoch 18/20
2/2 [==============================] - 1s 591ms/step - loss: 2.4797 - accuracy: 0.2833 - val_loss: 2.4429 - val_accuracy: 0.2000 - lr: 5.0000e-04
Epoch 19/20
2/2 [==============================] - 1s 708ms/step - loss: 2.4564 - accuracy: 0.3333 - val_loss: 2.5045 - val_accuracy: 0.2000 - lr: 5.0000e-04
1/1 [==============================] - 0s 122ms/step - loss: 2.6000 - accuracy: 0.2857
Found 60 images belonging to 6 classes.
Found 5 images belonging to 6 classes.
Found 7 images belonging to 6 classes.
Epoch 1/10
2/2 [==============================] - 2s 849ms/step - loss: 7.3538 - accuracy: 0.1667 - val_loss: 7.0581 - val_accuracy: 0.4000 - lr: 5.0000e-04
Epoch 2/10
2/2 [==============================] - 1s 601ms/step - loss: 6.6829 - accuracy: 0.1500 - val_loss: 6.0332 - val_accuracy: 0.2000 - lr: 5.0000e-04
Epoch 3/10
2/2 [==============================] - 1s 727ms/step - loss: 5.9465 - accuracy: 0.1833 - val_loss: 4.9162 - val_accuracy: 0.8000 - lr: 5.0000e-04
Epoch 4/10
2/2 [==============================] - 1s 701ms/step - loss: 5.1775 - accuracy: 0.1833 - val_loss: 4.5178 - val_accuracy: 0.4000 - lr: 5.0000e-04
Epoch 5/10
2/2 [==============================] - 1s 684ms/step - loss: 4.5688 - accuracy: 0.1833 - val_loss: 4.2234 - val_accuracy: 0.4000 - lr: 5.0000e-04
Epoch 6/10
2/2 [==============================] - 1s 713ms/step - loss: 4.1435 - accuracy: 0.3667 - val_loss: 4.0217 - val_accuracy: 0.4000 - lr: 5.0000e-04
Epoch 7/10
2/2 [==============================] - 1s 631ms/step - loss: 3.9384 - accuracy: 0.3000 - val_loss: 3.8417 - val_accuracy: 0.4000 - lr: 5.0000e-04
Epoch 8/10
2/2 [==============================] - 1s 583ms/step - loss: 3.7749 - accuracy: 0.2667 - val_loss: 3.6950 - val_accuracy: 0.2000 - lr: 5.0000e-04
Epoch 9/10
2/2 [==============================] - 1s 684ms/step - loss: 3.6444 - accuracy: 0.2167 - val_loss: 3.5758 - val_accuracy: 0.2000 - lr: 5.0000e-04
Epoch 10/10
2/2 [==============================] - 1s 629ms/step - loss: 3.4921 - accuracy: 0.2833 - val_loss: 3.4777 - val_accuracy: 0.2000 - lr: 5.0000e-04
1/1 [==============================] - 0s 115ms/step - loss: 3.5048 - accuracy: 0.0000e+00
Found 60 images belonging to 6 classes.
Found 5 images belonging to 6 classes.
Found 7 images belonging to 6 classes.
Epoch 1/20
2/2 [==============================] - 2s 857ms/step - loss: 7.6454 - accuracy: 0.1167 - val_loss: 7.0468 - val_accuracy: 0.4000 - lr: 5.0000e-04
Epoch 2/20
2/2 [==============================] - 1s 589ms/step - loss: 6.7583 - accuracy: 0.1667 - val_loss: 6.8951 - val_accuracy: 0.0000e+00 - lr: 5.0000e-04
Epoch 3/20
2/2 [==============================] - 1s 715ms/step - loss: 6.1466 - accuracy: 0.2000 - val_loss: 5.8001 - val_accuracy: 0.0000e+00 - lr: 5.0000e-04
Epoch 4/20
2/2 [==============================] - 1s 732ms/step - loss: 5.3242 - accuracy: 0.2000 - val_loss: 5.0533 - val_accuracy: 0.2000 - lr: 5.0000e-04
Epoch 5/20
2/2 [==============================] - 1s 679ms/step - loss: 4.8972 - accuracy: 0.1667 - val_loss: 4.5749 - val_accuracy: 0.2000 - lr: 5.0000e-04
Epoch 6/20
2/2 [==============================] - 1s 619ms/step - loss: 4.5216 - accuracy: 0.2667 - val_loss: 4.2750 - val_accuracy: 0.2000 - lr: 5.0000e-04
Epoch 7/20
2/2 [==============================] - 1s 730ms/step - loss: 4.2468 - accuracy: 0.2833 - val_loss: 4.0402 - val_accuracy: 0.2000 - lr: 5.0000e-04
Epoch 8/20
2/2 [==============================] - 1s 631ms/step - loss: 4.0759 - accuracy: 0.1500 - val_loss: 3.8568 - val_accuracy: 0.2000 - lr: 5.0000e-04
Epoch 9/20
2/2 [==============================] - 1s 601ms/step - loss: 3.9094 - accuracy: 0.2000 - val_loss: 3.7196 - val_accuracy: 0.2000 - lr: 5.0000e-04
Epoch 10/20
2/2 [==============================] - 1s 691ms/step - loss: 3.7332 - accuracy: 0.2333 - val_loss: 3.5985 - val_accuracy: 0.4000 - lr: 5.0000e-04
Epoch 11/20
2/2 [==============================] - 1s 668ms/step - loss: 3.6180 - accuracy: 0.2167 - val_loss: 3.4892 - val_accuracy: 0.2000 - lr: 5.0000e-04
Epoch 12/20
2/2 [==============================] - 1s 692ms/step - loss: 3.4821 - accuracy: 0.2833 - val_loss: 3.3903 - val_accuracy: 0.2000 - lr: 5.0000e-04
Epoch 13/20
2/2 [==============================] - 1s 712ms/step - loss: 3.3632 - accuracy: 0.2833 - val_loss: 3.2801 - val_accuracy: 0.2000 - lr: 5.0000e-04
Epoch 14/20
2/2 [==============================] - 1s 660ms/step - loss: 3.2770 - accuracy: 0.2667 - val_loss: 3.1780 - val_accuracy: 0.2000 - lr: 5.0000e-04
Epoch 15/20
2/2 [==============================] - 1s 585ms/step - loss: 3.1872 - accuracy: 0.3500 - val_loss: 3.0792 - val_accuracy: 0.2000 - lr: 5.0000e-04
Epoch 16/20
2/2 [==============================] - 1s 611ms/step - loss: 3.0860 - accuracy: 0.2833 - val_loss: 2.9826 - val_accuracy: 0.2000 - lr: 5.0000e-04
Epoch 17/20
2/2 [==============================] - 1s 725ms/step - loss: 2.9741 - accuracy: 0.2500 - val_loss: 2.8958 - val_accuracy: 0.2000 - lr: 5.0000e-04
Epoch 18/20
2/2 [==============================] - 1s 587ms/step - loss: 2.9134 - accuracy: 0.2833 - val_loss: 2.8278 - val_accuracy: 0.4000 - lr: 5.0000e-04
Epoch 19/20
2/2 [==============================] - 1s 704ms/step - loss: 2.8514 - accuracy: 0.2333 - val_loss: 2.7627 - val_accuracy: 0.2000 - lr: 5.0000e-04
Epoch 20/20
2/2 [==============================] - 1s 723ms/step - loss: 2.7275 - accuracy: 0.2500 - val_loss: 2.6839 - val_accuracy: 0.6000 - lr: 5.0000e-04
1/1 [==============================] - 0s 131ms/step - loss: 2.7807 - accuracy: 0.4286
Found 60 images belonging to 6 classes.
Found 5 images belonging to 6 classes.
Found 7 images belonging to 6 classes.
Epoch 1/10
2/2 [==============================] - 2s 1s/step - loss: 7.4531 - accuracy: 0.1667 - val_loss: 6.3658 - val_accuracy: 0.2000 - lr: 5.0000e-04
Epoch 2/10
2/2 [==============================] - 1s 656ms/step - loss: 6.2354 - accuracy: 0.2000 - val_loss: 5.5559 - val_accuracy: 0.2000 - lr: 5.0000e-04
Epoch 3/10
2/2 [==============================] - 1s 613ms/step - loss: 5.4318 - accuracy: 0.1333 - val_loss: 4.6598 - val_accuracy: 0.4000 - lr: 5.0000e-04
Epoch 4/10
2/2 [==============================] - 1s 712ms/step - loss: 4.7102 - accuracy: 0.2000 - val_loss: 4.0594 - val_accuracy: 0.6000 - lr: 5.0000e-04
Epoch 5/10
2/2 [==============================] - 1s 625ms/step - loss: 4.2188 - accuracy: 0.2333 - val_loss: 3.7017 - val_accuracy: 0.4000 - lr: 5.0000e-04
Epoch 6/10
2/2 [==============================] - 1s 798ms/step - loss: 3.8957 - accuracy: 0.1333 - val_loss: 3.4778 - val_accuracy: 0.6000 - lr: 5.0000e-04
Epoch 7/10
2/2 [==============================] - 1s 606ms/step - loss: 3.5556 - accuracy: 0.2833 - val_loss: 3.3203 - val_accuracy: 0.4000 - lr: 5.0000e-04
Epoch 8/10
2/2 [==============================] - 1s 635ms/step - loss: 3.3800 - accuracy: 0.2833 - val_loss: 3.2043 - val_accuracy: 0.6000 - lr: 5.0000e-04
Epoch 9/10
2/2 [==============================] - 1s 610ms/step - loss: 3.2676 - accuracy: 0.2667 - val_loss: 3.1118 - val_accuracy: 0.4000 - lr: 5.0000e-04
Epoch 10/10
2/2 [==============================] - 1s 715ms/step - loss: 3.1406 - accuracy: 0.2167 - val_loss: 3.0433 - val_accuracy: 0.2000 - lr: 5.0000e-04
1/1 [==============================] - 0s 122ms/step - loss: 3.0780 - accuracy: 0.1429
Found 60 images belonging to 6 classes.
Found 5 images belonging to 6 classes.
Found 7 images belonging to 6 classes.
Epoch 1/20
2/2 [==============================] - 2s 846ms/step - loss: 7.3181 - accuracy: 0.2167 - val_loss: 6.6327 - val_accuracy: 0.2000 - lr: 5.0000e-04
Epoch 2/20
2/2 [==============================] - 1s 711ms/step - loss: 6.5831 - accuracy: 0.1500 - val_loss: 5.5723 - val_accuracy: 0.2000 - lr: 5.0000e-04
Epoch 3/20
2/2 [==============================] - 1s 720ms/step - loss: 5.6126 - accuracy: 0.1667 - val_loss: 5.3860 - val_accuracy: 0.0000e+00 - lr: 5.0000e-04
Epoch 4/20
2/2 [==============================] - 1s 620ms/step - loss: 5.0948 - accuracy: 0.1500 - val_loss: 4.9014 - val_accuracy: 0.2000 - lr: 5.0000e-04
Epoch 5/20
2/2 [==============================] - 1s 713ms/step - loss: 4.5509 - accuracy: 0.2833 - val_loss: 4.4430 - val_accuracy: 0.0000e+00 - lr: 5.0000e-04
Epoch 6/20
2/2 [==============================] - 1s 640ms/step - loss: 4.2229 - accuracy: 0.2000 - val_loss: 4.0744 - val_accuracy: 0.0000e+00 - lr: 5.0000e-04
Epoch 7/20
2/2 [==============================] - 1s 596ms/step - loss: 3.9528 - accuracy: 0.1833 - val_loss: 3.7874 - val_accuracy: 0.2000 - lr: 5.0000e-04
Epoch 8/20
2/2 [==============================] - 1s 635ms/step - loss: 3.7142 - accuracy: 0.2667 - val_loss: 3.5706 - val_accuracy: 0.2000 - lr: 5.0000e-04
Epoch 9/20
2/2 [==============================] - 1s 609ms/step - loss: 3.5655 - accuracy: 0.2000 - val_loss: 3.4067 - val_accuracy: 0.4000 - lr: 5.0000e-04
Epoch 10/20
2/2 [==============================] - 1s 711ms/step - loss: 3.4126 - accuracy: 0.1833 - val_loss: 3.2577 - val_accuracy: 0.4000 - lr: 5.0000e-04
Epoch 11/20
2/2 [==============================] - 1s 620ms/step - loss: 3.2808 - accuracy: 0.2667 - val_loss: 3.1328 - val_accuracy: 0.4000 - lr: 5.0000e-04
Epoch 12/20
2/2 [==============================] - 1s 643ms/step - loss: 3.2014 - accuracy: 0.3167 - val_loss: 3.0270 - val_accuracy: 0.4000 - lr: 5.0000e-04
Epoch 13/20
2/2 [==============================] - 1s 746ms/step - loss: 3.1154 - accuracy: 0.2167 - val_loss: 2.9420 - val_accuracy: 0.4000 - lr: 5.0000e-04
Epoch 14/20
2/2 [==============================] - 1s 593ms/step - loss: 2.9738 - accuracy: 0.2667 - val_loss: 2.8594 - val_accuracy: 0.2000 - lr: 5.0000e-04
Epoch 15/20
2/2 [==============================] - 1s 620ms/step - loss: 2.8444 - accuracy: 0.3500 - val_loss: 2.7737 - val_accuracy: 0.2000 - lr: 5.0000e-04
Epoch 16/20
2/2 [==============================] - 1s 621ms/step - loss: 2.8618 - accuracy: 0.2333 - val_loss: 2.7005 - val_accuracy: 0.4000 - lr: 5.0000e-04
Epoch 17/20
2/2 [==============================] - 1s 645ms/step - loss: 2.6886 - accuracy: 0.3333 - val_loss: 2.6779 - val_accuracy: 0.4000 - lr: 5.0000e-04
Epoch 18/20
2/2 [==============================] - 1s 652ms/step - loss: 2.6302 - accuracy: 0.3500 - val_loss: 2.6661 - val_accuracy: 0.4000 - lr: 5.0000e-04
Epoch 19/20
2/2 [==============================] - 1s 617ms/step - loss: 2.5887 - accuracy: 0.2500 - val_loss: 2.5440 - val_accuracy: 0.4000 - lr: 5.0000e-04
Epoch 20/20
2/2 [==============================] - 1s 748ms/step - loss: 2.5175 - accuracy: 0.3667 - val_loss: 2.4664 - val_accuracy: 0.4000 - lr: 5.0000e-04
1/1 [==============================] - 0s 240ms/step - loss: 2.7332 - accuracy: 0.2857
Found 60 images belonging to 6 classes.
Found 5 images belonging to 6 classes.
Found 7 images belonging to 6 classes.
Epoch 1/10
2/2 [==============================] - 2s 864ms/step - loss: 7.7471 - accuracy: 0.0833 - val_loss: 6.9468 - val_accuracy: 0.2000 - lr: 5.0000e-04
Epoch 2/10
2/2 [==============================] - 1s 621ms/step - loss: 6.8339 - accuracy: 0.2000 - val_loss: 5.8188 - val_accuracy: 0.0000e+00 - lr: 5.0000e-04
Epoch 3/10
2/2 [==============================] - 1s 743ms/step - loss: 5.8892 - accuracy: 0.2000 - val_loss: 5.0315 - val_accuracy: 0.2000 - lr: 5.0000e-04
Epoch 4/10
2/2 [==============================] - 1s 616ms/step - loss: 5.2315 - accuracy: 0.1500 - val_loss: 4.5182 - val_accuracy: 0.4000 - lr: 5.0000e-04
Epoch 5/10
2/2 [==============================] - 1s 727ms/step - loss: 4.6288 - accuracy: 0.2500 - val_loss: 4.2062 - val_accuracy: 0.6000 - lr: 5.0000e-04
Epoch 6/10
2/2 [==============================] - 1s 612ms/step - loss: 4.2972 - accuracy: 0.2500 - val_loss: 3.9878 - val_accuracy: 0.4000 - lr: 5.0000e-04
Epoch 7/10
2/2 [==============================] - 1s 718ms/step - loss: 4.0129 - accuracy: 0.2667 - val_loss: 3.8072 - val_accuracy: 0.2000 - lr: 5.0000e-04
Epoch 8/10
2/2 [==============================] - 1s 668ms/step - loss: 3.8570 - accuracy: 0.2333 - val_loss: 3.6647 - val_accuracy: 0.4000 - lr: 5.0000e-04
Epoch 9/10
2/2 [==============================] - 1s 673ms/step - loss: 3.7186 - accuracy: 0.2167 - val_loss: 3.5567 - val_accuracy: 0.2000 - lr: 5.0000e-04
Epoch 10/10
2/2 [==============================] - 1s 699ms/step - loss: 3.6018 - accuracy: 0.2167 - val_loss: 3.4699 - val_accuracy: 0.2000 - lr: 5.0000e-04
1/1 [==============================] - 0s 132ms/step - loss: 3.4523 - accuracy: 0.2857
Found 60 images belonging to 6 classes.
Found 5 images belonging to 6 classes.
Found 7 images belonging to 6 classes.
Epoch 1/20
2/2 [==============================] - 2s 816ms/step - loss: 7.1480 - accuracy: 0.0833 - val_loss: 6.4024 - val_accuracy: 0.2000 - lr: 5.0000e-04
Epoch 2/20
2/2 [==============================] - 1s 630ms/step - loss: 6.1791 - accuracy: 0.2500 - val_loss: 5.5695 - val_accuracy: 0.4000 - lr: 5.0000e-04
Epoch 3/20
2/2 [==============================] - 1s 710ms/step - loss: 5.3507 - accuracy: 0.2667 - val_loss: 4.9722 - val_accuracy: 0.2000 - lr: 5.0000e-04
Epoch 4/20
2/2 [==============================] - 1s 633ms/step - loss: 4.6646 - accuracy: 0.2667 - val_loss: 4.4882 - val_accuracy: 0.0000e+00 - lr: 5.0000e-04
Epoch 5/20
2/2 [==============================] - 1s 739ms/step - loss: 4.2568 - accuracy: 0.1833 - val_loss: 4.0017 - val_accuracy: 0.0000e+00 - lr: 5.0000e-04
Epoch 6/20
2/2 [==============================] - 1s 702ms/step - loss: 3.8213 - accuracy: 0.2167 - val_loss: 3.6102 - val_accuracy: 0.0000e+00 - lr: 5.0000e-04
Epoch 7/20
2/2 [==============================] - 1s 603ms/step - loss: 3.5130 - accuracy: 0.2500 - val_loss: 3.3200 - val_accuracy: 0.0000e+00 - lr: 5.0000e-04
Epoch 8/20
2/2 [==============================] - 1s 718ms/step - loss: 3.2560 - accuracy: 0.2333 - val_loss: 3.0650 - val_accuracy: 0.4000 - lr: 5.0000e-04
Epoch 9/20
2/2 [==============================] - 1s 615ms/step - loss: 3.1237 - accuracy: 0.2167 - val_loss: 2.8742 - val_accuracy: 0.4000 - lr: 5.0000e-04
Epoch 10/20
2/2 [==============================] - 1s 618ms/step - loss: 2.9142 - accuracy: 0.4167 - val_loss: 2.7476 - val_accuracy: 0.2000 - lr: 5.0000e-04
Epoch 11/20
2/2 [==============================] - 2s 661ms/step - loss: 2.8227 - accuracy: 0.3333 - val_loss: 2.6560 - val_accuracy: 0.4000 - lr: 5.0000e-04
Epoch 12/20
2/2 [==============================] - 1s 625ms/step - loss: 2.7165 - accuracy: 0.2667 - val_loss: 2.6095 - val_accuracy: 0.4000 - lr: 5.0000e-04
Epoch 13/20
2/2 [==============================] - 1s 621ms/step - loss: 2.5988 - accuracy: 0.4167 - val_loss: 2.4733 - val_accuracy: 0.4000 - lr: 5.0000e-04
Epoch 14/20
2/2 [==============================] - 1s 645ms/step - loss: 2.4518 - accuracy: 0.4167 - val_loss: 2.3562 - val_accuracy: 0.4000 - lr: 5.0000e-04
Epoch 15/20
2/2 [==============================] - 1s 707ms/step - loss: 2.4371 - accuracy: 0.3500 - val_loss: 2.3535 - val_accuracy: 0.2000 - lr: 5.0000e-04
Epoch 16/20
2/2 [==============================] - 1s 646ms/step - loss: 2.4561 - accuracy: 0.3000 - val_loss: 2.3188 - val_accuracy: 0.4000 - lr: 5.0000e-04
Epoch 17/20
2/2 [==============================] - 1s 608ms/step - loss: 2.3331 - accuracy: 0.3667 - val_loss: 2.3551 - val_accuracy: 0.2000 - lr: 5.0000e-04
1/1 [==============================] - 0s 137ms/step - loss: 2.4568 - accuracy: 0.1429
Found 60 images belonging to 6 classes.
Found 5 images belonging to 6 classes.
Found 7 images belonging to 6 classes.
Epoch 1/10
2/2 [==============================] - 2s 832ms/step - loss: 6.8884 - accuracy: 0.1833 - val_loss: 6.4552 - val_accuracy: 0.2000 - lr: 5.0000e-04
Epoch 2/10
2/2 [==============================] - 1s 660ms/step - loss: 6.0961 - accuracy: 0.1667 - val_loss: 5.6650 - val_accuracy: 0.4000 - lr: 5.0000e-04
Epoch 3/10
2/2 [==============================] - 1s 603ms/step - loss: 5.4990 - accuracy: 0.1667 - val_loss: 5.0032 - val_accuracy: 0.4000 - lr: 5.0000e-04
Epoch 4/10
2/2 [==============================] - 1s 551ms/step - loss: 4.8939 - accuracy: 0.3167 - val_loss: 4.5081 - val_accuracy: 0.2000 - lr: 5.0000e-04
Epoch 5/10
2/2 [==============================] - 1s 606ms/step - loss: 4.4124 - accuracy: 0.2000 - val_loss: 4.1211 - val_accuracy: 0.2000 - lr: 5.0000e-04
Epoch 6/10
2/2 [==============================] - 1s 627ms/step - loss: 4.0834 - accuracy: 0.2167 - val_loss: 3.7848 - val_accuracy: 0.4000 - lr: 5.0000e-04
Epoch 7/10
2/2 [==============================] - 1s 631ms/step - loss: 3.7119 - accuracy: 0.2667 - val_loss: 3.4992 - val_accuracy: 0.2000 - lr: 5.0000e-04
Epoch 8/10
2/2 [==============================] - 1s 611ms/step - loss: 3.5119 - accuracy: 0.1000 - val_loss: 3.2847 - val_accuracy: 0.0000e+00 - lr: 5.0000e-04
Epoch 9/10
2/2 [==============================] - 1s 523ms/step - loss: 3.3048 - accuracy: 0.1167 - val_loss: 3.1232 - val_accuracy: 0.0000e+00 - lr: 5.0000e-04
Epoch 10/10
2/2 [==============================] - 1s 640ms/step - loss: 3.1321 - accuracy: 0.3500 - val_loss: 2.9959 - val_accuracy: 0.2000 - lr: 5.0000e-04
1/1 [==============================] - 0s 120ms/step - loss: 2.9846 - accuracy: 0.0000e+00
Found 60 images belonging to 6 classes.
Found 5 images belonging to 6 classes.
Found 7 images belonging to 6 classes.
Epoch 1/20
2/2 [==============================] - 2s 825ms/step - loss: 7.1068 - accuracy: 0.1833 - val_loss: 6.7811 - val_accuracy: 0.0000e+00 - lr: 5.0000e-04
Epoch 2/20
2/2 [==============================] - 1s 601ms/step - loss: 6.5085 - accuracy: 0.1833 - val_loss: 5.9553 - val_accuracy: 0.0000e+00 - lr: 5.0000e-04
Epoch 3/20
2/2 [==============================] - 1s 540ms/step - loss: 6.0609 - accuracy: 0.2167 - val_loss: 5.4448 - val_accuracy: 0.2000 - lr: 5.0000e-04
Epoch 4/20
2/2 [==============================] - 1s 596ms/step - loss: 5.4715 - accuracy: 0.2167 - val_loss: 4.8975 - val_accuracy: 0.6000 - lr: 5.0000e-04
Epoch 5/20
2/2 [==============================] - 1s 629ms/step - loss: 5.0427 - accuracy: 0.3000 - val_loss: 4.5231 - val_accuracy: 0.6000 - lr: 5.0000e-04
Epoch 6/20
2/2 [==============================] - 1s 533ms/step - loss: 4.8578 - accuracy: 0.2667 - val_loss: 4.3076 - val_accuracy: 0.6000 - lr: 5.0000e-04
Epoch 7/20
2/2 [==============================] - 1s 503ms/step - loss: 4.6163 - accuracy: 0.1833 - val_loss: 4.1393 - val_accuracy: 0.4000 - lr: 5.0000e-04
Epoch 8/20
2/2 [==============================] - 1s 520ms/step - loss: 4.3652 - accuracy: 0.2000 - val_loss: 4.0080 - val_accuracy: 0.4000 - lr: 5.0000e-04
Epoch 9/20
2/2 [==============================] - 1s 548ms/step - loss: 4.2185 - accuracy: 0.2167 - val_loss: 3.9142 - val_accuracy: 0.4000 - lr: 5.0000e-04
Epoch 10/20
2/2 [==============================] - 1s 643ms/step - loss: 4.0347 - accuracy: 0.1833 - val_loss: 3.8302 - val_accuracy: 0.4000 - lr: 5.0000e-04
Epoch 11/20
2/2 [==============================] - 1s 687ms/step - loss: 3.9703 - accuracy: 0.2000 - val_loss: 3.7664 - val_accuracy: 0.2000 - lr: 5.0000e-04
Epoch 12/20
2/2 [==============================] - 1s 505ms/step - loss: 3.8353 - accuracy: 0.1667 - val_loss: 3.7036 - val_accuracy: 0.2000 - lr: 5.0000e-04
Epoch 13/20
2/2 [==============================] - 1s 529ms/step - loss: 3.7522 - accuracy: 0.1667 - val_loss: 3.6403 - val_accuracy: 0.2000 - lr: 5.0000e-04
Epoch 14/20
2/2 [==============================] - 1s 528ms/step - loss: 3.6809 - accuracy: 0.2167 - val_loss: 3.5789 - val_accuracy: 0.2000 - lr: 5.0000e-04
Epoch 15/20
2/2 [==============================] - 1s 610ms/step - loss: 3.6010 - accuracy: 0.2333 - val_loss: 3.5128 - val_accuracy: 0.2000 - lr: 5.0000e-04
Epoch 16/20
2/2 [==============================] - 1s 517ms/step - loss: 3.5111 - accuracy: 0.3167 - val_loss: 3.4456 - val_accuracy: 0.2000 - lr: 5.0000e-04
Epoch 17/20
2/2 [==============================] - 1s 521ms/step - loss: 3.4329 - accuracy: 0.3000 - val_loss: 3.3773 - val_accuracy: 0.2000 - lr: 5.0000e-04
Epoch 18/20
2/2 [==============================] - 1s 533ms/step - loss: 3.3504 - accuracy: 0.2500 - val_loss: 3.3132 - val_accuracy: 0.2000 - lr: 5.0000e-04
Epoch 19/20
2/2 [==============================] - 1s 521ms/step - loss: 3.2927 - accuracy: 0.3333 - val_loss: 3.2460 - val_accuracy: 0.2000 - lr: 5.0000e-04
Epoch 20/20
2/2 [==============================] - 1s 585ms/step - loss: 3.1971 - accuracy: 0.2500 - val_loss: 3.1864 - val_accuracy: 0.2000 - lr: 5.0000e-04
1/1 [==============================] - 0s 139ms/step - loss: 3.2905 - accuracy: 0.0000e+00
Found 60 images belonging to 6 classes.
Found 5 images belonging to 6 classes.
Found 7 images belonging to 6 classes.
Epoch 1/10
2/2 [==============================] - 2s 771ms/step - loss: 7.0698 - accuracy: 0.1500 - val_loss: 6.5013 - val_accuracy: 0.2000 - lr: 5.0000e-04
Epoch 2/10
2/2 [==============================] - 1s 538ms/step - loss: 6.5509 - accuracy: 0.1167 - val_loss: 6.1245 - val_accuracy: 0.0000e+00 - lr: 5.0000e-04
Epoch 3/10
2/2 [==============================] - 1s 526ms/step - loss: 6.0393 - accuracy: 0.2167 - val_loss: 5.6177 - val_accuracy: 0.2000 - lr: 5.0000e-04
Epoch 4/10
2/2 [==============================] - 1s 611ms/step - loss: 5.5876 - accuracy: 0.1833 - val_loss: 5.2464 - val_accuracy: 0.4000 - lr: 5.0000e-04
Epoch 5/10
2/2 [==============================] - 1s 512ms/step - loss: 5.1261 - accuracy: 0.2000 - val_loss: 4.8992 - val_accuracy: 0.4000 - lr: 5.0000e-04
Epoch 6/10
2/2 [==============================] - 1s 623ms/step - loss: 4.8330 - accuracy: 0.1833 - val_loss: 4.5625 - val_accuracy: 0.4000 - lr: 5.0000e-04
Epoch 7/10
2/2 [==============================] - 1s 581ms/step - loss: 4.4864 - accuracy: 0.2500 - val_loss: 4.2811 - val_accuracy: 0.4000 - lr: 5.0000e-04
Epoch 8/10
2/2 [==============================] - 1s 542ms/step - loss: 4.3124 - accuracy: 0.2667 - val_loss: 4.0513 - val_accuracy: 0.4000 - lr: 5.0000e-04
Epoch 9/10
2/2 [==============================] - 1s 536ms/step - loss: 4.0483 - accuracy: 0.2667 - val_loss: 3.8630 - val_accuracy: 0.4000 - lr: 5.0000e-04
Epoch 10/10
2/2 [==============================] - 1s 611ms/step - loss: 3.8788 - accuracy: 0.3333 - val_loss: 3.6983 - val_accuracy: 0.4000 - lr: 5.0000e-04
1/1 [==============================] - 0s 128ms/step - loss: 3.7089 - accuracy: 0.5714
Found 60 images belonging to 6 classes.
Found 5 images belonging to 6 classes.
Found 7 images belonging to 6 classes.
Epoch 1/20
2/2 [==============================] - 2s 822ms/step - loss: 7.1293 - accuracy: 0.1167 - val_loss: 6.6277 - val_accuracy: 0.0000e+00 - lr: 5.0000e-04
Epoch 2/20
2/2 [==============================] - 1s 587ms/step - loss: 6.5599 - accuracy: 0.1500 - val_loss: 6.0841 - val_accuracy: 0.2000 - lr: 5.0000e-04
Epoch 3/20
2/2 [==============================] - 1s 542ms/step - loss: 6.1099 - accuracy: 0.1500 - val_loss: 5.3931 - val_accuracy: 0.2000 - lr: 5.0000e-04
Epoch 4/20
2/2 [==============================] - 1s 519ms/step - loss: 5.5568 - accuracy: 0.1333 - val_loss: 5.0272 - val_accuracy: 0.2000 - lr: 5.0000e-04
Epoch 5/20
2/2 [==============================] - 1s 549ms/step - loss: 5.2544 - accuracy: 0.2000 - val_loss: 4.7668 - val_accuracy: 0.4000 - lr: 5.0000e-04
Epoch 6/20
2/2 [==============================] - 1s 520ms/step - loss: 4.7461 - accuracy: 0.3667 - val_loss: 4.5415 - val_accuracy: 0.4000 - lr: 5.0000e-04
Epoch 7/20
2/2 [==============================] - 1s 681ms/step - loss: 4.6457 - accuracy: 0.2333 - val_loss: 4.3663 - val_accuracy: 0.4000 - lr: 5.0000e-04
Epoch 8/20
2/2 [==============================] - 1s 607ms/step - loss: 4.3889 - accuracy: 0.2833 - val_loss: 4.2274 - val_accuracy: 0.4000 - lr: 5.0000e-04
Epoch 9/20
2/2 [==============================] - 1s 583ms/step - loss: 4.1629 - accuracy: 0.2333 - val_loss: 4.0739 - val_accuracy: 0.6000 - lr: 5.0000e-04
Epoch 10/20
2/2 [==============================] - 1s 613ms/step - loss: 3.9836 - accuracy: 0.3167 - val_loss: 3.9411 - val_accuracy: 0.6000 - lr: 5.0000e-04
Epoch 11/20
2/2 [==============================] - 1s 455ms/step - loss: 3.8407 - accuracy: 0.3000 - val_loss: 3.8062 - val_accuracy: 0.6000 - lr: 5.0000e-04
Epoch 12/20
2/2 [==============================] - 1s 561ms/step - loss: 3.7008 - accuracy: 0.2667 - val_loss: 3.6787 - val_accuracy: 0.6000 - lr: 5.0000e-04
Epoch 13/20
2/2 [==============================] - 1s 638ms/step - loss: 3.6125 - accuracy: 0.3333 - val_loss: 3.5468 - val_accuracy: 0.6000 - lr: 5.0000e-04
Epoch 14/20
2/2 [==============================] - 1s 656ms/step - loss: 3.4608 - accuracy: 0.3333 - val_loss: 3.4170 - val_accuracy: 0.4000 - lr: 5.0000e-04
Epoch 15/20
2/2 [==============================] - 1s 616ms/step - loss: 3.5044 - accuracy: 0.2500 - val_loss: 3.3042 - val_accuracy: 0.4000 - lr: 5.0000e-04
Epoch 16/20
2/2 [==============================] - 1s 608ms/step - loss: 3.3259 - accuracy: 0.2667 - val_loss: 3.2187 - val_accuracy: 0.4000 - lr: 5.0000e-04
Epoch 17/20
2/2 [==============================] - 1s 584ms/step - loss: 3.3797 - accuracy: 0.2333 - val_loss: 3.1785 - val_accuracy: 0.2000 - lr: 5.0000e-04
Epoch 18/20
2/2 [==============================] - 1s 595ms/step - loss: 3.2046 - accuracy: 0.3333 - val_loss: 3.1186 - val_accuracy: 0.2000 - lr: 5.0000e-04
Epoch 19/20
2/2 [==============================] - 1s 552ms/step - loss: 3.0214 - accuracy: 0.3833 - val_loss: 3.0518 - val_accuracy: 0.2000 - lr: 5.0000e-04
Epoch 20/20
2/2 [==============================] - 1s 609ms/step - loss: 3.1110 - accuracy: 0.3167 - val_loss: 2.9647 - val_accuracy: 0.4000 - lr: 5.0000e-04
1/1 [==============================] - 0s 118ms/step - loss: 3.0952 - accuracy: 0.1429
Found 60 images belonging to 6 classes.
Found 5 images belonging to 6 classes.
Found 7 images belonging to 6 classes.
Epoch 1/10
2/2 [==============================] - 2s 733ms/step - loss: 7.0171 - accuracy: 0.1000 - val_loss: 6.3996 - val_accuracy: 0.2000 - lr: 5.0000e-04
Epoch 2/10
2/2 [==============================] - 1s 645ms/step - loss: 6.2928 - accuracy: 0.1500 - val_loss: 5.8173 - val_accuracy: 0.0000e+00 - lr: 5.0000e-04
Epoch 3/10
2/2 [==============================] - 1s 575ms/step - loss: 5.6882 - accuracy: 0.2167 - val_loss: 5.3376 - val_accuracy: 0.2000 - lr: 5.0000e-04
Epoch 4/10
2/2 [==============================] - 1s 545ms/step - loss: 5.2665 - accuracy: 0.2000 - val_loss: 4.9533 - val_accuracy: 0.2000 - lr: 5.0000e-04
Epoch 5/10
2/2 [==============================] - 1s 515ms/step - loss: 4.7863 - accuracy: 0.2000 - val_loss: 4.5551 - val_accuracy: 0.2000 - lr: 5.0000e-04
Epoch 6/10
2/2 [==============================] - 1s 556ms/step - loss: 4.4775 - accuracy: 0.3000 - val_loss: 4.2244 - val_accuracy: 0.2000 - lr: 5.0000e-04
Epoch 7/10
2/2 [==============================] - 1s 515ms/step - loss: 4.1269 - accuracy: 0.3167 - val_loss: 3.9443 - val_accuracy: 0.2000 - lr: 5.0000e-04
Epoch 8/10
2/2 [==============================] - 1s 541ms/step - loss: 3.9581 - accuracy: 0.2500 - val_loss: 3.7171 - val_accuracy: 0.2000 - lr: 5.0000e-04
Epoch 9/10
2/2 [==============================] - 1s 517ms/step - loss: 3.7357 - accuracy: 0.2167 - val_loss: 3.5330 - val_accuracy: 0.2000 - lr: 5.0000e-04
Epoch 10/10
2/2 [==============================] - 1s 536ms/step - loss: 3.5518 - accuracy: 0.2833 - val_loss: 3.3779 - val_accuracy: 0.2000 - lr: 5.0000e-04
1/1 [==============================] - 0s 113ms/step - loss: 3.4983 - accuracy: 0.0000e+00
Found 60 images belonging to 6 classes.
Found 5 images belonging to 6 classes.
Found 7 images belonging to 6 classes.
Epoch 1/20
2/2 [==============================] - 2s 726ms/step - loss: 7.0698 - accuracy: 0.1167 - val_loss: 6.4532 - val_accuracy: 0.0000e+00 - lr: 5.0000e-04
Epoch 2/20
2/2 [==============================] - 1s 536ms/step - loss: 6.3515 - accuracy: 0.1500 - val_loss: 5.6659 - val_accuracy: 0.0000e+00 - lr: 5.0000e-04
Epoch 3/20
2/2 [==============================] - 1s 598ms/step - loss: 5.6469 - accuracy: 0.1667 - val_loss: 5.1472 - val_accuracy: 0.4000 - lr: 5.0000e-04
Epoch 4/20
2/2 [==============================] - 1s 635ms/step - loss: 5.1205 - accuracy: 0.2000 - val_loss: 4.7142 - val_accuracy: 0.4000 - lr: 5.0000e-04
Epoch 5/20
2/2 [==============================] - 1s 580ms/step - loss: 4.6375 - accuracy: 0.2667 - val_loss: 4.3482 - val_accuracy: 0.4000 - lr: 5.0000e-04
Epoch 6/20
2/2 [==============================] - 1s 649ms/step - loss: 4.2589 - accuracy: 0.3000 - val_loss: 4.0624 - val_accuracy: 0.4000 - lr: 5.0000e-04
Epoch 7/20
2/2 [==============================] - 1s 536ms/step - loss: 4.0126 - accuracy: 0.2667 - val_loss: 3.8125 - val_accuracy: 0.2000 - lr: 5.0000e-04
Epoch 8/20
2/2 [==============================] - 1s 561ms/step - loss: 3.7664 - accuracy: 0.1833 - val_loss: 3.6046 - val_accuracy: 0.2000 - lr: 5.0000e-04
Epoch 9/20
2/2 [==============================] - 1s 574ms/step - loss: 3.5433 - accuracy: 0.2500 - val_loss: 3.4410 - val_accuracy: 0.2000 - lr: 5.0000e-04
Epoch 10/20
2/2 [==============================] - 1s 639ms/step - loss: 3.4513 - accuracy: 0.1667 - val_loss: 3.3037 - val_accuracy: 0.4000 - lr: 5.0000e-04
Epoch 11/20
2/2 [==============================] - 1s 653ms/step - loss: 3.2527 - accuracy: 0.2667 - val_loss: 3.1881 - val_accuracy: 0.4000 - lr: 5.0000e-04
Epoch 12/20
2/2 [==============================] - 1s 528ms/step - loss: 3.1483 - accuracy: 0.3167 - val_loss: 3.0986 - val_accuracy: 0.4000 - lr: 5.0000e-04
Epoch 13/20
2/2 [==============================] - 1s 538ms/step - loss: 3.0596 - accuracy: 0.3000 - val_loss: 3.0252 - val_accuracy: 0.4000 - lr: 5.0000e-04
Epoch 14/20
2/2 [==============================] - 1s 570ms/step - loss: 3.0054 - accuracy: 0.2000 - val_loss: 2.9684 - val_accuracy: 0.2000 - lr: 5.0000e-04
Epoch 15/20
2/2 [==============================] - 1s 609ms/step - loss: 2.9346 - accuracy: 0.2333 - val_loss: 2.8979 - val_accuracy: 0.4000 - lr: 5.0000e-04
Epoch 16/20
2/2 [==============================] - 1s 556ms/step - loss: 2.8866 - accuracy: 0.2667 - val_loss: 2.8381 - val_accuracy: 0.4000 - lr: 5.0000e-04
Epoch 17/20
2/2 [==============================] - 1s 572ms/step - loss: 2.7998 - accuracy: 0.2000 - val_loss: 2.7833 - val_accuracy: 0.4000 - lr: 5.0000e-04
Epoch 18/20
2/2 [==============================] - 1s 605ms/step - loss: 2.7291 - accuracy: 0.3167 - val_loss: 2.7523 - val_accuracy: 0.2000 - lr: 5.0000e-04
Epoch 19/20
2/2 [==============================] - 1s 597ms/step - loss: 2.6936 - accuracy: 0.2667 - val_loss: 2.7001 - val_accuracy: 0.4000 - lr: 5.0000e-04
Epoch 20/20
2/2 [==============================] - 1s 628ms/step - loss: 2.5690 - accuracy: 0.3167 - val_loss: 2.6476 - val_accuracy: 0.2000 - lr: 5.0000e-04
1/1 [==============================] - 0s 136ms/step - loss: 2.6535 - accuracy: 0.2857
Found 60 images belonging to 6 classes.
Found 5 images belonging to 6 classes.
Found 7 images belonging to 6 classes.
Epoch 1/10
2/2 [==============================] - 2s 864ms/step - loss: 7.0528 - accuracy: 0.1500 - val_loss: 6.4651 - val_accuracy: 0.0000e+00 - lr: 5.0000e-04
Epoch 2/10
2/2 [==============================] - 1s 639ms/step - loss: 6.5520 - accuracy: 0.1167 - val_loss: 5.8257 - val_accuracy: 0.2000 - lr: 5.0000e-04
Epoch 3/10
2/2 [==============================] - 1s 595ms/step - loss: 5.9105 - accuracy: 0.2833 - val_loss: 5.4023 - val_accuracy: 0.2000 - lr: 5.0000e-04
Epoch 4/10
2/2 [==============================] - 1s 531ms/step - loss: 5.5554 - accuracy: 0.1833 - val_loss: 5.0650 - val_accuracy: 0.2000 - lr: 5.0000e-04
Epoch 5/10
2/2 [==============================] - 1s 550ms/step - loss: 5.1261 - accuracy: 0.2833 - val_loss: 4.7447 - val_accuracy: 0.2000 - lr: 5.0000e-04
Epoch 6/10
2/2 [==============================] - 1s 571ms/step - loss: 4.7373 - accuracy: 0.2333 - val_loss: 4.4649 - val_accuracy: 0.2000 - lr: 5.0000e-04
Epoch 7/10
2/2 [==============================] - 1s 543ms/step - loss: 4.5017 - accuracy: 0.2167 - val_loss: 4.2226 - val_accuracy: 0.4000 - lr: 5.0000e-04
Epoch 8/10
2/2 [==============================] - 1s 544ms/step - loss: 4.2267 - accuracy: 0.2833 - val_loss: 3.9943 - val_accuracy: 0.4000 - lr: 5.0000e-04
Epoch 9/10
2/2 [==============================] - 1s 590ms/step - loss: 4.0347 - accuracy: 0.1833 - val_loss: 3.8107 - val_accuracy: 0.4000 - lr: 5.0000e-04
Epoch 10/10
2/2 [==============================] - 1s 698ms/step - loss: 3.9140 - accuracy: 0.3000 - val_loss: 3.6590 - val_accuracy: 0.6000 - lr: 5.0000e-04
1/1 [==============================] - 0s 126ms/step - loss: 3.7291 - accuracy: 0.2857
Found 60 images belonging to 6 classes.
Found 5 images belonging to 6 classes.
Found 7 images belonging to 6 classes.
Epoch 1/20
2/2 [==============================] - 2s 739ms/step - loss: 7.0024 - accuracy: 0.1667 - val_loss: 6.3289 - val_accuracy: 0.4000 - lr: 5.0000e-04
Epoch 2/20
2/2 [==============================] - 1s 574ms/step - loss: 6.2603 - accuracy: 0.1667 - val_loss: 5.8889 - val_accuracy: 0.2000 - lr: 5.0000e-04
Epoch 3/20
2/2 [==============================] - 1s 599ms/step - loss: 5.6107 - accuracy: 0.1500 - val_loss: 5.3050 - val_accuracy: 0.2000 - lr: 5.0000e-04
Epoch 4/20
2/2 [==============================] - 1s 526ms/step - loss: 5.1093 - accuracy: 0.1333 - val_loss: 4.7791 - val_accuracy: 0.0000e+00 - lr: 5.0000e-04
Epoch 5/20
2/2 [==============================] - 1s 605ms/step - loss: 4.5538 - accuracy: 0.3167 - val_loss: 4.3331 - val_accuracy: 0.2000 - lr: 5.0000e-04
Epoch 6/20
2/2 [==============================] - 1s 511ms/step - loss: 4.2889 - accuracy: 0.2500 - val_loss: 3.9994 - val_accuracy: 0.2000 - lr: 5.0000e-04
Epoch 7/20
2/2 [==============================] - 1s 516ms/step - loss: 3.9902 - accuracy: 0.1667 - val_loss: 3.7370 - val_accuracy: 0.0000e+00 - lr: 5.0000e-04
Epoch 8/20
2/2 [==============================] - 1s 637ms/step - loss: 3.7375 - accuracy: 0.2333 - val_loss: 3.5499 - val_accuracy: 0.0000e+00 - lr: 5.0000e-04
Epoch 9/20
2/2 [==============================] - 1s 608ms/step - loss: 3.5018 - accuracy: 0.2333 - val_loss: 3.3999 - val_accuracy: 0.0000e+00 - lr: 5.0000e-04
Epoch 10/20
2/2 [==============================] - 1s 598ms/step - loss: 3.3593 - accuracy: 0.2833 - val_loss: 3.2636 - val_accuracy: 0.0000e+00 - lr: 5.0000e-04
Epoch 11/20
2/2 [==============================] - 1s 627ms/step - loss: 3.2493 - accuracy: 0.2167 - val_loss: 3.1558 - val_accuracy: 0.2000 - lr: 5.0000e-04
Epoch 12/20
2/2 [==============================] - 1s 644ms/step - loss: 3.1557 - accuracy: 0.2167 - val_loss: 3.0605 - val_accuracy: 0.2000 - lr: 5.0000e-04
Epoch 13/20
2/2 [==============================] - 1s 585ms/step - loss: 3.0371 - accuracy: 0.2167 - val_loss: 2.9931 - val_accuracy: 0.2000 - lr: 5.0000e-04
Epoch 14/20
2/2 [==============================] - 1s 531ms/step - loss: 2.9751 - accuracy: 0.2167 - val_loss: 2.9330 - val_accuracy: 0.0000e+00 - lr: 5.0000e-04
Epoch 15/20
2/2 [==============================] - 1s 523ms/step - loss: 2.8353 - accuracy: 0.3167 - val_loss: 2.8560 - val_accuracy: 0.2000 - lr: 5.0000e-04
Epoch 16/20
2/2 [==============================] - 1s 545ms/step - loss: 2.7842 - accuracy: 0.2833 - val_loss: 2.7694 - val_accuracy: 0.2000 - lr: 5.0000e-04
Epoch 17/20
2/2 [==============================] - 1s 535ms/step - loss: 2.7142 - accuracy: 0.3333 - val_loss: 2.6818 - val_accuracy: 0.2000 - lr: 5.0000e-04
Epoch 18/20
2/2 [==============================] - 1s 581ms/step - loss: 2.6120 - accuracy: 0.3833 - val_loss: 2.6247 - val_accuracy: 0.2000 - lr: 5.0000e-04
Epoch 19/20
2/2 [==============================] - 1s 630ms/step - loss: 2.5618 - accuracy: 0.3833 - val_loss: 2.5804 - val_accuracy: 0.2000 - lr: 5.0000e-04
Epoch 20/20
2/2 [==============================] - 1s 571ms/step - loss: 2.5473 - accuracy: 0.3667 - val_loss: 2.5217 - val_accuracy: 0.2000 - lr: 5.0000e-04
1/1 [==============================] - 0s 143ms/step - loss: 2.6968 - accuracy: 0.0000e+00
Found 60 images belonging to 6 classes.
Found 5 images belonging to 6 classes.
Found 7 images belonging to 6 classes.
Epoch 1/10
2/2 [==============================] - 2s 813ms/step - loss: 7.4449 - accuracy: 0.1667 - val_loss: 6.5132 - val_accuracy: 0.2000 - lr: 5.0000e-04
Epoch 2/10
2/2 [==============================] - 1s 606ms/step - loss: 6.4533 - accuracy: 0.1667 - val_loss: 5.9386 - val_accuracy: 0.2000 - lr: 5.0000e-04
Epoch 3/10
2/2 [==============================] - 1s 705ms/step - loss: 5.7169 - accuracy: 0.3000 - val_loss: 5.5696 - val_accuracy: 0.2000 - lr: 5.0000e-04
Epoch 4/10
2/2 [==============================] - 1s 762ms/step - loss: 5.3418 - accuracy: 0.1833 - val_loss: 4.9859 - val_accuracy: 0.2000 - lr: 5.0000e-04
Epoch 5/10
2/2 [==============================] - 1s 735ms/step - loss: 5.0010 - accuracy: 0.1167 - val_loss: 4.5107 - val_accuracy: 0.4000 - lr: 5.0000e-04
Epoch 6/10
2/2 [==============================] - 1s 715ms/step - loss: 4.5815 - accuracy: 0.2500 - val_loss: 4.2466 - val_accuracy: 0.4000 - lr: 5.0000e-04
Epoch 7/10
2/2 [==============================] - 1s 653ms/step - loss: 4.3541 - accuracy: 0.2333 - val_loss: 4.0840 - val_accuracy: 0.2000 - lr: 5.0000e-04
Epoch 8/10
2/2 [==============================] - 1s 589ms/step - loss: 4.1901 - accuracy: 0.1500 - val_loss: 3.9539 - val_accuracy: 0.6000 - lr: 5.0000e-04
Epoch 9/10
2/2 [==============================] - 1s 697ms/step - loss: 4.0632 - accuracy: 0.2167 - val_loss: 3.8731 - val_accuracy: 0.6000 - lr: 5.0000e-04
Epoch 10/10
2/2 [==============================] - 1s 707ms/step - loss: 3.9139 - accuracy: 0.2500 - val_loss: 3.7838 - val_accuracy: 0.6000 - lr: 5.0000e-04
1/1 [==============================] - 0s 131ms/step - loss: 3.8439 - accuracy: 0.2857
Found 60 images belonging to 6 classes.
Found 5 images belonging to 6 classes.
Found 7 images belonging to 6 classes.
Epoch 1/20
2/2 [==============================] - 2s 791ms/step - loss: 7.2536 - accuracy: 0.1000 - val_loss: 6.4877 - val_accuracy: 0.2000 - lr: 5.0000e-04
Epoch 2/20
2/2 [==============================] - 1s 689ms/step - loss: 6.2432 - accuracy: 0.1667 - val_loss: 5.6844 - val_accuracy: 0.4000 - lr: 5.0000e-04
Epoch 3/20
2/2 [==============================] - 1s 667ms/step - loss: 5.5235 - accuracy: 0.2000 - val_loss: 5.1206 - val_accuracy: 0.4000 - lr: 5.0000e-04
Epoch 4/20
2/2 [==============================] - 1s 640ms/step - loss: 4.9224 - accuracy: 0.2833 - val_loss: 4.6865 - val_accuracy: 0.2000 - lr: 5.0000e-04
Epoch 5/20
2/2 [==============================] - 1s 688ms/step - loss: 4.6155 - accuracy: 0.1333 - val_loss: 4.3012 - val_accuracy: 0.2000 - lr: 5.0000e-04
Epoch 6/20
2/2 [==============================] - 1s 616ms/step - loss: 4.2440 - accuracy: 0.2333 - val_loss: 4.0195 - val_accuracy: 0.2000 - lr: 5.0000e-04
Epoch 7/20
2/2 [==============================] - 1s 633ms/step - loss: 3.9989 - accuracy: 0.2333 - val_loss: 3.8247 - val_accuracy: 0.2000 - lr: 5.0000e-04
Epoch 8/20
2/2 [==============================] - 1s 674ms/step - loss: 3.7802 - accuracy: 0.2333 - val_loss: 3.6639 - val_accuracy: 0.2000 - lr: 5.0000e-04
Epoch 9/20
2/2 [==============================] - 1s 732ms/step - loss: 3.6597 - accuracy: 0.2500 - val_loss: 3.5335 - val_accuracy: 0.0000e+00 - lr: 5.0000e-04
Epoch 10/20
2/2 [==============================] - 1s 685ms/step - loss: 3.5141 - accuracy: 0.2500 - val_loss: 3.4260 - val_accuracy: 0.0000e+00 - lr: 5.0000e-04
Epoch 11/20
2/2 [==============================] - 1s 741ms/step - loss: 3.4377 - accuracy: 0.2500 - val_loss: 3.3154 - val_accuracy: 0.0000e+00 - lr: 5.0000e-04
Epoch 12/20
2/2 [==============================] - 1s 739ms/step - loss: 3.3086 - accuracy: 0.2667 - val_loss: 3.2278 - val_accuracy: 0.4000 - lr: 5.0000e-04
Epoch 13/20
2/2 [==============================] - 1s 687ms/step - loss: 3.2076 - accuracy: 0.3167 - val_loss: 3.1506 - val_accuracy: 0.4000 - lr: 5.0000e-04
Epoch 14/20
2/2 [==============================] - 1s 617ms/step - loss: 3.0924 - accuracy: 0.3167 - val_loss: 3.1014 - val_accuracy: 0.4000 - lr: 5.0000e-04
Epoch 15/20
2/2 [==============================] - 1s 715ms/step - loss: 2.9980 - accuracy: 0.3667 - val_loss: 3.0177 - val_accuracy: 0.2000 - lr: 5.0000e-04
Epoch 16/20
2/2 [==============================] - 1s 638ms/step - loss: 2.9717 - accuracy: 0.3667 - val_loss: 2.9414 - val_accuracy: 0.4000 - lr: 5.0000e-04
Epoch 17/20
2/2 [==============================] - 1s 622ms/step - loss: 2.8477 - accuracy: 0.3333 - val_loss: 2.8167 - val_accuracy: 0.4000 - lr: 5.0000e-04
Epoch 18/20
2/2 [==============================] - 1s 706ms/step - loss: 2.8117 - accuracy: 0.2833 - val_loss: 2.6740 - val_accuracy: 0.4000 - lr: 5.0000e-04
Epoch 19/20
2/2 [==============================] - 1s 652ms/step - loss: 2.6985 - accuracy: 0.2833 - val_loss: 2.5750 - val_accuracy: 0.4000 - lr: 5.0000e-04
Epoch 20/20
2/2 [==============================] - 1s 691ms/step - loss: 2.6664 - accuracy: 0.3500 - val_loss: 2.4433 - val_accuracy: 0.8000 - lr: 5.0000e-04
1/1 [==============================] - 0s 125ms/step - loss: 2.7600 - accuracy: 0.1429
Found 60 images belonging to 6 classes.
Found 5 images belonging to 6 classes.
Found 7 images belonging to 6 classes.
Epoch 1/10
2/2 [==============================] - 2s 819ms/step - loss: 7.1612 - accuracy: 0.1500 - val_loss: 6.2107 - val_accuracy: 0.2000 - lr: 5.0000e-04
Epoch 2/10
2/2 [==============================] - 1s 641ms/step - loss: 6.3382 - accuracy: 0.2167 - val_loss: 5.4431 - val_accuracy: 0.6000 - lr: 5.0000e-04
Epoch 3/10
2/2 [==============================] - 1s 733ms/step - loss: 5.7106 - accuracy: 0.1500 - val_loss: 5.0903 - val_accuracy: 0.6000 - lr: 5.0000e-04
Epoch 4/10
2/2 [==============================] - 1s 605ms/step - loss: 5.1069 - accuracy: 0.1833 - val_loss: 4.7028 - val_accuracy: 0.6000 - lr: 5.0000e-04
Epoch 5/10
2/2 [==============================] - 1s 593ms/step - loss: 4.6325 - accuracy: 0.1333 - val_loss: 4.3991 - val_accuracy: 0.4000 - lr: 5.0000e-04
Epoch 6/10
2/2 [==============================] - 1s 667ms/step - loss: 4.3056 - accuracy: 0.2167 - val_loss: 4.1428 - val_accuracy: 0.4000 - lr: 5.0000e-04
Epoch 7/10
2/2 [==============================] - 1s 608ms/step - loss: 4.0573 - accuracy: 0.3500 - val_loss: 3.9361 - val_accuracy: 0.4000 - lr: 5.0000e-04
Epoch 8/10
2/2 [==============================] - 1s 786ms/step - loss: 3.8783 - accuracy: 0.1667 - val_loss: 3.7610 - val_accuracy: 0.2000 - lr: 5.0000e-04
Epoch 9/10
2/2 [==============================] - 1s 666ms/step - loss: 3.7235 - accuracy: 0.1667 - val_loss: 3.6168 - val_accuracy: 0.0000e+00 - lr: 5.0000e-04
Epoch 10/10
2/2 [==============================] - 1s 729ms/step - loss: 3.5876 - accuracy: 0.3333 - val_loss: 3.4830 - val_accuracy: 0.2000 - lr: 5.0000e-04
1/1 [==============================] - 0s 118ms/step - loss: 3.5337 - accuracy: 0.1429
Found 60 images belonging to 6 classes.
Found 5 images belonging to 6 classes.
Found 7 images belonging to 6 classes.
Epoch 1/20
2/2 [==============================] - 2s 842ms/step - loss: 7.3775 - accuracy: 0.1167 - val_loss: 7.2728 - val_accuracy: 0.2000 - lr: 5.0000e-04
Epoch 2/20
2/2 [==============================] - 1s 744ms/step - loss: 6.7311 - accuracy: 0.1667 - val_loss: 6.3953 - val_accuracy: 0.2000 - lr: 5.0000e-04
Epoch 3/20
2/2 [==============================] - 1s 775ms/step - loss: 6.0701 - accuracy: 0.1167 - val_loss: 5.7439 - val_accuracy: 0.2000 - lr: 5.0000e-04
Epoch 4/20
2/2 [==============================] - 1s 643ms/step - loss: 5.5161 - accuracy: 0.1333 - val_loss: 5.2105 - val_accuracy: 0.2000 - lr: 5.0000e-04
Epoch 5/20
2/2 [==============================] - 1s 739ms/step - loss: 5.0236 - accuracy: 0.2000 - val_loss: 4.7933 - val_accuracy: 0.2000 - lr: 5.0000e-04
Epoch 6/20
2/2 [==============================] - 1s 652ms/step - loss: 4.7554 - accuracy: 0.2500 - val_loss: 4.5410 - val_accuracy: 0.2000 - lr: 5.0000e-04
Epoch 7/20
2/2 [==============================] - 1s 619ms/step - loss: 4.5760 - accuracy: 0.1833 - val_loss: 4.3517 - val_accuracy: 0.2000 - lr: 5.0000e-04
Epoch 8/20
2/2 [==============================] - 1s 699ms/step - loss: 4.3677 - accuracy: 0.2333 - val_loss: 4.2129 - val_accuracy: 0.2000 - lr: 5.0000e-04
Epoch 9/20
2/2 [==============================] - 1s 623ms/step - loss: 4.2056 - accuracy: 0.2667 - val_loss: 4.0883 - val_accuracy: 0.4000 - lr: 5.0000e-04
Epoch 10/20
2/2 [==============================] - 1s 696ms/step - loss: 4.0660 - accuracy: 0.2833 - val_loss: 3.9717 - val_accuracy: 0.4000 - lr: 5.0000e-04
Epoch 11/20
2/2 [==============================] - 1s 791ms/step - loss: 3.9562 - accuracy: 0.2833 - val_loss: 3.8653 - val_accuracy: 0.2000 - lr: 5.0000e-04
Epoch 12/20
2/2 [==============================] - 1s 696ms/step - loss: 3.8527 - accuracy: 0.2167 - val_loss: 3.7641 - val_accuracy: 0.2000 - lr: 5.0000e-04
Epoch 13/20
2/2 [==============================] - 1s 608ms/step - loss: 3.7389 - accuracy: 0.2167 - val_loss: 3.6564 - val_accuracy: 0.2000 - lr: 5.0000e-04
Epoch 14/20
2/2 [==============================] - 1s 714ms/step - loss: 3.6263 - accuracy: 0.2000 - val_loss: 3.5457 - val_accuracy: 0.2000 - lr: 5.0000e-04
Epoch 15/20
2/2 [==============================] - 1s 629ms/step - loss: 3.4977 - accuracy: 0.2667 - val_loss: 3.4318 - val_accuracy: 0.2000 - lr: 5.0000e-04
Epoch 16/20
2/2 [==============================] - 1s 668ms/step - loss: 3.4232 - accuracy: 0.1500 - val_loss: 3.3213 - val_accuracy: 0.2000 - lr: 5.0000e-04
Epoch 17/20
2/2 [==============================] - 1s 620ms/step - loss: 3.2955 - accuracy: 0.2833 - val_loss: 3.2021 - val_accuracy: 0.6000 - lr: 5.0000e-04
Epoch 18/20
2/2 [==============================] - 1s 582ms/step - loss: 3.1853 - accuracy: 0.3333 - val_loss: 3.0918 - val_accuracy: 0.6000 - lr: 5.0000e-04
Epoch 19/20
2/2 [==============================] - 1s 663ms/step - loss: 3.1266 - accuracy: 0.2833 - val_loss: 2.9908 - val_accuracy: 0.6000 - lr: 5.0000e-04
Epoch 20/20
2/2 [==============================] - 1s 624ms/step - loss: 3.0002 - accuracy: 0.2833 - val_loss: 2.9137 - val_accuracy: 0.6000 - lr: 5.0000e-04
1/1 [==============================] - 0s 130ms/step - loss: 2.9852 - accuracy: 0.4286
Found 60 images belonging to 6 classes.
Found 5 images belonging to 6 classes.
Found 7 images belonging to 6 classes.
Epoch 1/10
2/2 [==============================] - 2s 955ms/step - loss: 7.1618 - accuracy: 0.1167 - val_loss: 6.3196 - val_accuracy: 0.2000 - lr: 5.0000e-04
Epoch 2/10
2/2 [==============================] - 1s 587ms/step - loss: 6.3412 - accuracy: 0.1333 - val_loss: 5.7545 - val_accuracy: 0.2000 - lr: 5.0000e-04
Epoch 3/10
2/2 [==============================] - 1s 794ms/step - loss: 5.5280 - accuracy: 0.2000 - val_loss: 5.1243 - val_accuracy: 0.0000e+00 - lr: 5.0000e-04
Epoch 4/10
2/2 [==============================] - 1s 703ms/step - loss: 4.9694 - accuracy: 0.1167 - val_loss: 4.6005 - val_accuracy: 0.0000e+00 - lr: 5.0000e-04
Epoch 5/10
2/2 [==============================] - 1s 586ms/step - loss: 4.5318 - accuracy: 0.1500 - val_loss: 4.2313 - val_accuracy: 0.0000e+00 - lr: 5.0000e-04
Epoch 6/10
2/2 [==============================] - 1s 715ms/step - loss: 4.1335 - accuracy: 0.2167 - val_loss: 3.9521 - val_accuracy: 0.0000e+00 - lr: 5.0000e-04
Epoch 7/10
2/2 [==============================] - 1s 594ms/step - loss: 3.9110 - accuracy: 0.2000 - val_loss: 3.7524 - val_accuracy: 0.0000e+00 - lr: 5.0000e-04
Epoch 8/10
2/2 [==============================] - 1s 783ms/step - loss: 3.7513 - accuracy: 0.1167 - val_loss: 3.6026 - val_accuracy: 0.0000e+00 - lr: 5.0000e-04
Epoch 9/10
2/2 [==============================] - 1s 609ms/step - loss: 3.5925 - accuracy: 0.1500 - val_loss: 3.4804 - val_accuracy: 0.2000 - lr: 5.0000e-04
Epoch 10/10
2/2 [==============================] - 1s 714ms/step - loss: 3.4780 - accuracy: 0.1667 - val_loss: 3.3728 - val_accuracy: 0.2000 - lr: 5.0000e-04
1/1 [==============================] - 0s 124ms/step - loss: 3.3849 - accuracy: 0.1429
Found 60 images belonging to 6 classes.
Found 5 images belonging to 6 classes.
Found 7 images belonging to 6 classes.
Epoch 1/20
2/2 [==============================] - 2s 881ms/step - loss: 7.2655 - accuracy: 0.2167 - val_loss: 6.6788 - val_accuracy: 0.2000 - lr: 5.0000e-04
Epoch 2/20
2/2 [==============================] - 1s 690ms/step - loss: 6.3074 - accuracy: 0.2333 - val_loss: 5.8724 - val_accuracy: 0.2000 - lr: 5.0000e-04
Epoch 3/20
2/2 [==============================] - 1s 715ms/step - loss: 5.7608 - accuracy: 0.1667 - val_loss: 5.2306 - val_accuracy: 0.2000 - lr: 5.0000e-04
Epoch 4/20
2/2 [==============================] - 1s 657ms/step - loss: 5.2848 - accuracy: 0.1500 - val_loss: 4.8603 - val_accuracy: 0.2000 - lr: 5.0000e-04
Epoch 5/20
2/2 [==============================] - 1s 618ms/step - loss: 4.8088 - accuracy: 0.2500 - val_loss: 4.5479 - val_accuracy: 0.2000 - lr: 5.0000e-04
Epoch 6/20
2/2 [==============================] - 1s 583ms/step - loss: 4.4818 - accuracy: 0.2667 - val_loss: 4.2951 - val_accuracy: 0.2000 - lr: 5.0000e-04
Epoch 7/20
2/2 [==============================] - 1s 612ms/step - loss: 4.2313 - accuracy: 0.1667 - val_loss: 4.0776 - val_accuracy: 0.2000 - lr: 5.0000e-04
Epoch 8/20
2/2 [==============================] - 1s 684ms/step - loss: 4.0306 - accuracy: 0.2000 - val_loss: 3.8940 - val_accuracy: 0.4000 - lr: 5.0000e-04
Epoch 9/20
2/2 [==============================] - 1s 699ms/step - loss: 3.8688 - accuracy: 0.1667 - val_loss: 3.7425 - val_accuracy: 0.4000 - lr: 5.0000e-04
Epoch 10/20
2/2 [==============================] - 1s 616ms/step - loss: 3.7183 - accuracy: 0.3000 - val_loss: 3.6033 - val_accuracy: 0.2000 - lr: 5.0000e-04
Epoch 11/20
2/2 [==============================] - 1s 611ms/step - loss: 3.6127 - accuracy: 0.2500 - val_loss: 3.4578 - val_accuracy: 0.4000 - lr: 5.0000e-04
Epoch 12/20
2/2 [==============================] - 1s 681ms/step - loss: 3.5152 - accuracy: 0.2000 - val_loss: 3.3468 - val_accuracy: 0.4000 - lr: 5.0000e-04
Epoch 13/20
2/2 [==============================] - 1s 723ms/step - loss: 3.3744 - accuracy: 0.2333 - val_loss: 3.2493 - val_accuracy: 0.4000 - lr: 5.0000e-04
Epoch 14/20
2/2 [==============================] - 1s 598ms/step - loss: 3.2471 - accuracy: 0.2333 - val_loss: 3.1456 - val_accuracy: 0.6000 - lr: 5.0000e-04
Epoch 15/20
2/2 [==============================] - 1s 717ms/step - loss: 3.2043 - accuracy: 0.2500 - val_loss: 3.0735 - val_accuracy: 0.6000 - lr: 5.0000e-04
Epoch 16/20
2/2 [==============================] - 1s 590ms/step - loss: 3.0646 - accuracy: 0.2500 - val_loss: 3.0221 - val_accuracy: 0.6000 - lr: 5.0000e-04
Epoch 17/20
2/2 [==============================] - 1s 675ms/step - loss: 3.0245 - accuracy: 0.2667 - val_loss: 2.9348 - val_accuracy: 0.4000 - lr: 5.0000e-04
Epoch 18/20
2/2 [==============================] - 1s 656ms/step - loss: 2.8669 - accuracy: 0.3167 - val_loss: 2.8344 - val_accuracy: 0.4000 - lr: 5.0000e-04
Epoch 19/20
2/2 [==============================] - 1s 612ms/step - loss: 2.8542 - accuracy: 0.2667 - val_loss: 2.7123 - val_accuracy: 0.4000 - lr: 5.0000e-04
Epoch 20/20
2/2 [==============================] - 1s 595ms/step - loss: 2.6809 - accuracy: 0.4000 - val_loss: 2.5861 - val_accuracy: 0.4000 - lr: 5.0000e-04
1/1 [==============================] - 0s 139ms/step - loss: 2.7494 - accuracy: 0.1429
Found 60 images belonging to 6 classes.
Found 5 images belonging to 6 classes.
Found 7 images belonging to 6 classes.
Epoch 1/10
2/2 [==============================] - 2s 909ms/step - loss: 7.4586 - accuracy: 0.0667 - val_loss: 6.1799 - val_accuracy: 0.4000 - lr: 5.0000e-04
Epoch 2/10
2/2 [==============================] - 1s 722ms/step - loss: 6.6343 - accuracy: 0.1167 - val_loss: 5.6491 - val_accuracy: 0.4000 - lr: 5.0000e-04
Epoch 3/10
2/2 [==============================] - 1s 608ms/step - loss: 5.8453 - accuracy: 0.1833 - val_loss: 5.4005 - val_accuracy: 0.2000 - lr: 5.0000e-04
Epoch 4/10
2/2 [==============================] - 1s 638ms/step - loss: 5.3947 - accuracy: 0.2000 - val_loss: 5.1548 - val_accuracy: 0.0000e+00 - lr: 5.0000e-04
Epoch 5/10
2/2 [==============================] - 1s 723ms/step - loss: 4.9824 - accuracy: 0.1500 - val_loss: 4.8104 - val_accuracy: 0.0000e+00 - lr: 5.0000e-04
Epoch 6/10
2/2 [==============================] - 1s 752ms/step - loss: 4.6075 - accuracy: 0.1333 - val_loss: 4.4848 - val_accuracy: 0.2000 - lr: 5.0000e-04
Epoch 7/10
2/2 [==============================] - 1s 753ms/step - loss: 4.4420 - accuracy: 0.1500 - val_loss: 4.2654 - val_accuracy: 0.2000 - lr: 5.0000e-04
Epoch 8/10
2/2 [==============================] - 1s 740ms/step - loss: 4.2179 - accuracy: 0.2333 - val_loss: 4.1065 - val_accuracy: 0.4000 - lr: 5.0000e-04
Epoch 9/10
2/2 [==============================] - 1s 723ms/step - loss: 4.0710 - accuracy: 0.3000 - val_loss: 3.9789 - val_accuracy: 0.4000 - lr: 5.0000e-04
Epoch 10/10
2/2 [==============================] - 1s 710ms/step - loss: 3.9678 - accuracy: 0.2833 - val_loss: 3.8639 - val_accuracy: 0.4000 - lr: 5.0000e-04
1/1 [==============================] - 0s 139ms/step - loss: 3.8901 - accuracy: 0.4286
Found 60 images belonging to 6 classes.
Found 5 images belonging to 6 classes.
Found 7 images belonging to 6 classes.
Epoch 1/20
2/2 [==============================] - 2s 831ms/step - loss: 7.4268 - accuracy: 0.1333 - val_loss: 6.3571 - val_accuracy: 0.2000 - lr: 5.0000e-04
Epoch 2/20
2/2 [==============================] - 1s 592ms/step - loss: 6.2848 - accuracy: 0.2333 - val_loss: 5.9410 - val_accuracy: 0.0000e+00 - lr: 5.0000e-04
Epoch 3/20
2/2 [==============================] - 1s 714ms/step - loss: 5.6977 - accuracy: 0.1833 - val_loss: 5.3170 - val_accuracy: 0.2000 - lr: 5.0000e-04
Epoch 4/20
2/2 [==============================] - 1s 715ms/step - loss: 4.9875 - accuracy: 0.2667 - val_loss: 4.7605 - val_accuracy: 0.2000 - lr: 5.0000e-04
Epoch 5/20
2/2 [==============================] - 1s 627ms/step - loss: 4.5967 - accuracy: 0.2167 - val_loss: 4.3594 - val_accuracy: 0.2000 - lr: 5.0000e-04
Epoch 6/20
2/2 [==============================] - 1s 631ms/step - loss: 4.2512 - accuracy: 0.1833 - val_loss: 4.0498 - val_accuracy: 0.4000 - lr: 5.0000e-04
Epoch 7/20
2/2 [==============================] - 1s 731ms/step - loss: 4.0071 - accuracy: 0.1667 - val_loss: 3.8368 - val_accuracy: 0.4000 - lr: 5.0000e-04
Epoch 8/20
2/2 [==============================] - 1s 751ms/step - loss: 3.8714 - accuracy: 0.1667 - val_loss: 3.6758 - val_accuracy: 0.4000 - lr: 5.0000e-04
Epoch 9/20
2/2 [==============================] - 1s 785ms/step - loss: 3.7244 - accuracy: 0.2500 - val_loss: 3.5557 - val_accuracy: 0.4000 - lr: 5.0000e-04
Epoch 10/20
2/2 [==============================] - 1s 666ms/step - loss: 3.5638 - accuracy: 0.3167 - val_loss: 3.4378 - val_accuracy: 0.4000 - lr: 5.0000e-04
Epoch 11/20
2/2 [==============================] - 1s 627ms/step - loss: 3.5089 - accuracy: 0.2500 - val_loss: 3.3344 - val_accuracy: 0.4000 - lr: 5.0000e-04
Epoch 12/20
2/2 [==============================] - 1s 652ms/step - loss: 3.4268 - accuracy: 0.1167 - val_loss: 3.2350 - val_accuracy: 0.4000 - lr: 5.0000e-04
Epoch 13/20
2/2 [==============================] - 1s 747ms/step - loss: 3.3139 - accuracy: 0.2167 - val_loss: 3.1399 - val_accuracy: 0.4000 - lr: 5.0000e-04
Epoch 14/20
2/2 [==============================] - 1s 670ms/step - loss: 3.1924 - accuracy: 0.2333 - val_loss: 3.0405 - val_accuracy: 0.4000 - lr: 5.0000e-04
Epoch 15/20
2/2 [==============================] - 1s 668ms/step - loss: 3.0800 - accuracy: 0.3500 - val_loss: 2.9511 - val_accuracy: 0.4000 - lr: 5.0000e-04
Epoch 16/20
2/2 [==============================] - 1s 640ms/step - loss: 3.0396 - accuracy: 0.3000 - val_loss: 2.8535 - val_accuracy: 0.6000 - lr: 5.0000e-04
Epoch 17/20
2/2 [==============================] - 1s 744ms/step - loss: 2.9711 - accuracy: 0.2167 - val_loss: 2.7617 - val_accuracy: 0.4000 - lr: 5.0000e-04
Epoch 18/20
2/2 [==============================] - 1s 743ms/step - loss: 2.8389 - accuracy: 0.2500 - val_loss: 2.6684 - val_accuracy: 0.6000 - lr: 5.0000e-04
Epoch 19/20
2/2 [==============================] - 1s 614ms/step - loss: 2.7806 - accuracy: 0.2667 - val_loss: 2.5901 - val_accuracy: 0.4000 - lr: 5.0000e-04
Epoch 20/20
2/2 [==============================] - 1s 610ms/step - loss: 2.8751 - accuracy: 0.2000 - val_loss: 2.4911 - val_accuracy: 0.4000 - lr: 5.0000e-04
1/1 [==============================] - 0s 132ms/step - loss: 2.6825 - accuracy: 0.1429
Found 60 images belonging to 6 classes.
Found 5 images belonging to 6 classes.
Found 7 images belonging to 6 classes.
Epoch 1/10
2/2 [==============================] - 2s 788ms/step - loss: 7.1400 - accuracy: 0.0833 - val_loss: 7.0114 - val_accuracy: 0.2000 - lr: 1.0000e-04
Epoch 2/10
2/2 [==============================] - 1s 520ms/step - loss: 6.9882 - accuracy: 0.1667 - val_loss: 6.8768 - val_accuracy: 0.2000 - lr: 1.0000e-04
Epoch 3/10
2/2 [==============================] - 1s 557ms/step - loss: 6.8054 - accuracy: 0.1833 - val_loss: 6.7461 - val_accuracy: 0.0000e+00 - lr: 1.0000e-04
Epoch 4/10
2/2 [==============================] - 1s 555ms/step - loss: 6.6880 - accuracy: 0.1000 - val_loss: 6.6067 - val_accuracy: 0.0000e+00 - lr: 1.0000e-04
Epoch 5/10
2/2 [==============================] - 1s 655ms/step - loss: 6.4838 - accuracy: 0.2333 - val_loss: 6.4658 - val_accuracy: 0.2000 - lr: 1.0000e-04
Epoch 6/10
2/2 [==============================] - 1s 584ms/step - loss: 6.4100 - accuracy: 0.1667 - val_loss: 6.3057 - val_accuracy: 0.2000 - lr: 1.0000e-04
Epoch 7/10
2/2 [==============================] - 1s 771ms/step - loss: 6.2851 - accuracy: 0.1833 - val_loss: 6.1761 - val_accuracy: 0.2000 - lr: 1.0000e-04
Epoch 8/10
2/2 [==============================] - 1s 617ms/step - loss: 6.1321 - accuracy: 0.2333 - val_loss: 6.0315 - val_accuracy: 0.4000 - lr: 1.0000e-04
Epoch 9/10
2/2 [==============================] - 1s 610ms/step - loss: 6.0260 - accuracy: 0.2000 - val_loss: 5.8773 - val_accuracy: 0.4000 - lr: 1.0000e-04
Epoch 10/10
2/2 [==============================] - 1s 589ms/step - loss: 5.8723 - accuracy: 0.2500 - val_loss: 5.7297 - val_accuracy: 0.4000 - lr: 1.0000e-04
1/1 [==============================] - 0s 160ms/step - loss: 5.6841 - accuracy: 0.2857
Found 60 images belonging to 6 classes.
Found 5 images belonging to 6 classes.
Found 7 images belonging to 6 classes.
Epoch 1/20
2/2 [==============================] - 2s 782ms/step - loss: 7.2393 - accuracy: 0.1333 - val_loss: 6.9611 - val_accuracy: 0.2000 - lr: 1.0000e-04
Epoch 2/20
2/2 [==============================] - 1s 531ms/step - loss: 7.0537 - accuracy: 0.1833 - val_loss: 6.9247 - val_accuracy: 0.4000 - lr: 1.0000e-04
Epoch 3/20
2/2 [==============================] - 1s 551ms/step - loss: 6.8295 - accuracy: 0.3000 - val_loss: 6.8706 - val_accuracy: 0.2000 - lr: 1.0000e-04
Epoch 4/20
2/2 [==============================] - 1s 517ms/step - loss: 6.7498 - accuracy: 0.1667 - val_loss: 6.7196 - val_accuracy: 0.2000 - lr: 1.0000e-04
Epoch 5/20
2/2 [==============================] - 1s 568ms/step - loss: 6.6154 - accuracy: 0.2667 - val_loss: 6.5408 - val_accuracy: 0.2000 - lr: 1.0000e-04
Epoch 6/20
2/2 [==============================] - 1s 525ms/step - loss: 6.4461 - accuracy: 0.2333 - val_loss: 6.3713 - val_accuracy: 0.2000 - lr: 1.0000e-04
Epoch 7/20
2/2 [==============================] - 1s 588ms/step - loss: 6.2421 - accuracy: 0.3000 - val_loss: 6.2500 - val_accuracy: 0.2000 - lr: 1.0000e-04
Epoch 8/20
2/2 [==============================] - 1s 567ms/step - loss: 6.1309 - accuracy: 0.2833 - val_loss: 6.1486 - val_accuracy: 0.2000 - lr: 1.0000e-04
Epoch 9/20
2/2 [==============================] - 1s 533ms/step - loss: 6.1139 - accuracy: 0.2000 - val_loss: 6.0410 - val_accuracy: 0.4000 - lr: 1.0000e-04
Epoch 10/20
2/2 [==============================] - 1s 656ms/step - loss: 5.9074 - accuracy: 0.2833 - val_loss: 5.9387 - val_accuracy: 0.2000 - lr: 1.0000e-04
Epoch 11/20
2/2 [==============================] - 1s 512ms/step - loss: 5.8541 - accuracy: 0.2333 - val_loss: 5.8102 - val_accuracy: 0.4000 - lr: 1.0000e-04
Epoch 12/20
2/2 [==============================] - 1s 557ms/step - loss: 5.7072 - accuracy: 0.1833 - val_loss: 5.6249 - val_accuracy: 0.4000 - lr: 1.0000e-04
Epoch 13/20
2/2 [==============================] - 1s 548ms/step - loss: 5.4810 - accuracy: 0.4000 - val_loss: 5.4358 - val_accuracy: 0.4000 - lr: 1.0000e-04
Epoch 14/20
2/2 [==============================] - 1s 503ms/step - loss: 5.4294 - accuracy: 0.3333 - val_loss: 5.2936 - val_accuracy: 0.4000 - lr: 1.0000e-04
Epoch 15/20
2/2 [==============================] - 1s 568ms/step - loss: 5.3652 - accuracy: 0.3000 - val_loss: 5.1650 - val_accuracy: 0.2000 - lr: 1.0000e-04
Epoch 16/20
2/2 [==============================] - 1s 620ms/step - loss: 5.2783 - accuracy: 0.3000 - val_loss: 5.0354 - val_accuracy: 0.2000 - lr: 1.0000e-04
Epoch 17/20
2/2 [==============================] - 1s 513ms/step - loss: 5.2425 - accuracy: 0.2000 - val_loss: 4.9406 - val_accuracy: 0.2000 - lr: 1.0000e-04
Epoch 18/20
2/2 [==============================] - 1s 609ms/step - loss: 5.0416 - accuracy: 0.3500 - val_loss: 4.8336 - val_accuracy: 0.2000 - lr: 1.0000e-04
Epoch 19/20
2/2 [==============================] - 1s 528ms/step - loss: 4.9725 - accuracy: 0.3333 - val_loss: 4.7367 - val_accuracy: 0.2000 - lr: 1.0000e-04
Epoch 20/20
2/2 [==============================] - 1s 547ms/step - loss: 4.9058 - accuracy: 0.3333 - val_loss: 4.6507 - val_accuracy: 0.2000 - lr: 1.0000e-04
1/1 [==============================] - 0s 142ms/step - loss: 4.7655 - accuracy: 0.0000e+00
Found 60 images belonging to 6 classes.
Found 5 images belonging to 6 classes.
Found 7 images belonging to 6 classes.
Epoch 1/10
2/2 [==============================] - 2s 705ms/step - loss: 7.1223 - accuracy: 0.1500 - val_loss: 6.9688 - val_accuracy: 0.0000e+00 - lr: 1.0000e-04
Epoch 2/10
2/2 [==============================] - 1s 613ms/step - loss: 6.9674 - accuracy: 0.1333 - val_loss: 6.8152 - val_accuracy: 0.0000e+00 - lr: 1.0000e-04
Epoch 3/10
2/2 [==============================] - 1s 519ms/step - loss: 6.8953 - accuracy: 0.1000 - val_loss: 6.6643 - val_accuracy: 0.0000e+00 - lr: 1.0000e-04
Epoch 4/10
2/2 [==============================] - 1s 599ms/step - loss: 6.6773 - accuracy: 0.1667 - val_loss: 6.5308 - val_accuracy: 0.2000 - lr: 1.0000e-04
Epoch 5/10
2/2 [==============================] - 1s 559ms/step - loss: 6.5985 - accuracy: 0.2000 - val_loss: 6.3942 - val_accuracy: 0.2000 - lr: 1.0000e-04
Epoch 6/10
2/2 [==============================] - 1s 569ms/step - loss: 6.4767 - accuracy: 0.2000 - val_loss: 6.2562 - val_accuracy: 0.4000 - lr: 1.0000e-04
Epoch 7/10
2/2 [==============================] - 1s 634ms/step - loss: 6.2701 - accuracy: 0.3000 - val_loss: 6.1262 - val_accuracy: 0.4000 - lr: 1.0000e-04
Epoch 8/10
2/2 [==============================] - 1s 574ms/step - loss: 6.2351 - accuracy: 0.1333 - val_loss: 6.0321 - val_accuracy: 0.4000 - lr: 1.0000e-04
Epoch 9/10
2/2 [==============================] - 1s 522ms/step - loss: 6.0807 - accuracy: 0.2333 - val_loss: 5.9382 - val_accuracy: 0.4000 - lr: 1.0000e-04
Epoch 10/10
2/2 [==============================] - 2s 1s/step - loss: 5.9375 - accuracy: 0.2167 - val_loss: 5.8139 - val_accuracy: 0.4000 - lr: 1.0000e-04
1/1 [==============================] - 0s 150ms/step - loss: 5.8530 - accuracy: 0.1429
Found 60 images belonging to 6 classes.
Found 5 images belonging to 6 classes.
Found 7 images belonging to 6 classes.
Epoch 1/20
2/2 [==============================] - 2s 968ms/step - loss: 7.1669 - accuracy: 0.1333 - val_loss: 7.0820 - val_accuracy: 0.2000 - lr: 1.0000e-04
Epoch 2/20
2/2 [==============================] - 1s 695ms/step - loss: 6.9910 - accuracy: 0.2000 - val_loss: 7.0260 - val_accuracy: 0.2000 - lr: 1.0000e-04
Epoch 3/20
2/2 [==============================] - 1s 727ms/step - loss: 6.8513 - accuracy: 0.1667 - val_loss: 6.9361 - val_accuracy: 0.0000e+00 - lr: 1.0000e-04
Epoch 4/20
2/2 [==============================] - 1s 729ms/step - loss: 6.7813 - accuracy: 0.1333 - val_loss: 6.8047 - val_accuracy: 0.0000e+00 - lr: 1.0000e-04
Epoch 5/20
2/2 [==============================] - 1s 671ms/step - loss: 6.5938 - accuracy: 0.2000 - val_loss: 6.6515 - val_accuracy: 0.0000e+00 - lr: 1.0000e-04
Epoch 6/20
2/2 [==============================] - 1s 615ms/step - loss: 6.4806 - accuracy: 0.3167 - val_loss: 6.4904 - val_accuracy: 0.0000e+00 - lr: 1.0000e-04
Epoch 7/20
2/2 [==============================] - 1s 693ms/step - loss: 6.3745 - accuracy: 0.2500 - val_loss: 6.3729 - val_accuracy: 0.2000 - lr: 1.0000e-04
Epoch 8/20
2/2 [==============================] - 1s 667ms/step - loss: 6.3382 - accuracy: 0.2000 - val_loss: 6.2311 - val_accuracy: 0.2000 - lr: 1.0000e-04
Epoch 9/20
2/2 [==============================] - 1s 643ms/step - loss: 6.0637 - accuracy: 0.2833 - val_loss: 6.0697 - val_accuracy: 0.4000 - lr: 1.0000e-04
Epoch 10/20
2/2 [==============================] - 1s 747ms/step - loss: 6.0490 - accuracy: 0.2667 - val_loss: 5.9260 - val_accuracy: 0.4000 - lr: 1.0000e-04
Epoch 11/20
2/2 [==============================] - 1s 586ms/step - loss: 5.8983 - accuracy: 0.2667 - val_loss: 5.7914 - val_accuracy: 0.6000 - lr: 1.0000e-04
Epoch 12/20
2/2 [==============================] - 1s 707ms/step - loss: 5.8699 - accuracy: 0.2333 - val_loss: 5.6732 - val_accuracy: 0.4000 - lr: 1.0000e-04
Epoch 13/20
2/2 [==============================] - 1s 663ms/step - loss: 5.7490 - accuracy: 0.2500 - val_loss: 5.5624 - val_accuracy: 0.6000 - lr: 1.0000e-04
Epoch 14/20
2/2 [==============================] - 1s 710ms/step - loss: 5.6182 - accuracy: 0.2667 - val_loss: 5.4316 - val_accuracy: 0.6000 - lr: 1.0000e-04
Epoch 15/20
2/2 [==============================] - 1s 828ms/step - loss: 5.5477 - accuracy: 0.3000 - val_loss: 5.3085 - val_accuracy: 0.6000 - lr: 1.0000e-04
Epoch 16/20
2/2 [==============================] - 1s 797ms/step - loss: 5.4413 - accuracy: 0.2500 - val_loss: 5.2301 - val_accuracy: 0.4000 - lr: 1.0000e-04
Epoch 17/20
2/2 [==============================] - 1s 657ms/step - loss: 5.3204 - accuracy: 0.2833 - val_loss: 5.1479 - val_accuracy: 0.4000 - lr: 1.0000e-04
Epoch 18/20
2/2 [==============================] - 1s 785ms/step - loss: 5.2125 - accuracy: 0.3500 - val_loss: 5.0601 - val_accuracy: 0.4000 - lr: 1.0000e-04
Epoch 19/20
2/2 [==============================] - 1s 649ms/step - loss: 5.1427 - accuracy: 0.3000 - val_loss: 4.9685 - val_accuracy: 0.4000 - lr: 1.0000e-04
Epoch 20/20
2/2 [==============================] - 1s 782ms/step - loss: 5.1501 - accuracy: 0.3167 - val_loss: 4.8838 - val_accuracy: 0.4000 - lr: 1.0000e-04
1/1 [==============================] - 0s 157ms/step - loss: 5.1305 - accuracy: 0.2857
Found 60 images belonging to 6 classes.
Found 5 images belonging to 6 classes.
Found 7 images belonging to 6 classes.
Epoch 1/10
2/2 [==============================] - 2s 908ms/step - loss: 7.1377 - accuracy: 0.1333 - val_loss: 6.9923 - val_accuracy: 0.4000 - lr: 1.0000e-04
Epoch 2/10
2/2 [==============================] - 1s 767ms/step - loss: 7.0069 - accuracy: 0.1667 - val_loss: 6.8625 - val_accuracy: 0.2000 - lr: 1.0000e-04
Epoch 3/10
2/2 [==============================] - 1s 738ms/step - loss: 6.8123 - accuracy: 0.3000 - val_loss: 6.7630 - val_accuracy: 0.0000e+00 - lr: 1.0000e-04
Epoch 4/10
2/2 [==============================] - 1s 702ms/step - loss: 6.7554 - accuracy: 0.1333 - val_loss: 6.6676 - val_accuracy: 0.0000e+00 - lr: 1.0000e-04
Epoch 5/10
2/2 [==============================] - 1s 704ms/step - loss: 6.5757 - accuracy: 0.2000 - val_loss: 6.5578 - val_accuracy: 0.0000e+00 - lr: 1.0000e-04
Epoch 6/10
2/2 [==============================] - 1s 636ms/step - loss: 6.4593 - accuracy: 0.1833 - val_loss: 6.4184 - val_accuracy: 0.2000 - lr: 1.0000e-04
Epoch 7/10
2/2 [==============================] - 1s 622ms/step - loss: 6.3437 - accuracy: 0.2167 - val_loss: 6.2763 - val_accuracy: 0.2000 - lr: 1.0000e-04
Epoch 8/10
2/2 [==============================] - 1s 761ms/step - loss: 6.2428 - accuracy: 0.2500 - val_loss: 6.1150 - val_accuracy: 0.2000 - lr: 1.0000e-04
Epoch 9/10
2/2 [==============================] - 1s 823ms/step - loss: 6.0973 - accuracy: 0.2167 - val_loss: 5.9550 - val_accuracy: 0.2000 - lr: 1.0000e-04
Epoch 10/10
2/2 [==============================] - 1s 838ms/step - loss: 5.9641 - accuracy: 0.2333 - val_loss: 5.7653 - val_accuracy: 0.2000 - lr: 1.0000e-04
1/1 [==============================] - 0s 141ms/step - loss: 5.9682 - accuracy: 0.0000e+00
Found 60 images belonging to 6 classes.
Found 5 images belonging to 6 classes.
Found 7 images belonging to 6 classes.
Epoch 1/20
2/2 [==============================] - 2s 959ms/step - loss: 7.1491 - accuracy: 0.1167 - val_loss: 6.9105 - val_accuracy: 0.4000 - lr: 1.0000e-04
Epoch 2/20
2/2 [==============================] - 1s 661ms/step - loss: 6.9920 - accuracy: 0.1000 - val_loss: 6.8737 - val_accuracy: 0.4000 - lr: 1.0000e-04
Epoch 3/20
2/2 [==============================] - 1s 586ms/step - loss: 6.7687 - accuracy: 0.2000 - val_loss: 6.7881 - val_accuracy: 0.4000 - lr: 1.0000e-04
Epoch 4/20
2/2 [==============================] - 1s 724ms/step - loss: 6.6844 - accuracy: 0.1667 - val_loss: 6.6388 - val_accuracy: 0.2000 - lr: 1.0000e-04
Epoch 5/20
2/2 [==============================] - 1s 630ms/step - loss: 6.5602 - accuracy: 0.2167 - val_loss: 6.4496 - val_accuracy: 0.4000 - lr: 1.0000e-04
Epoch 6/20
2/2 [==============================] - 1s 636ms/step - loss: 6.4258 - accuracy: 0.1667 - val_loss: 6.2703 - val_accuracy: 0.6000 - lr: 1.0000e-04
Epoch 7/20
2/2 [==============================] - 1s 650ms/step - loss: 6.3700 - accuracy: 0.1500 - val_loss: 6.1122 - val_accuracy: 0.4000 - lr: 1.0000e-04
Epoch 8/20
2/2 [==============================] - 1s 619ms/step - loss: 6.1521 - accuracy: 0.1667 - val_loss: 5.9542 - val_accuracy: 0.4000 - lr: 1.0000e-04
Epoch 9/20
2/2 [==============================] - 1s 606ms/step - loss: 6.0343 - accuracy: 0.2167 - val_loss: 5.8282 - val_accuracy: 0.4000 - lr: 1.0000e-04
Epoch 10/20
2/2 [==============================] - 1s 697ms/step - loss: 5.8683 - accuracy: 0.2667 - val_loss: 5.7267 - val_accuracy: 0.2000 - lr: 1.0000e-04
Epoch 11/20
2/2 [==============================] - 1s 706ms/step - loss: 5.8618 - accuracy: 0.1833 - val_loss: 5.6101 - val_accuracy: 0.4000 - lr: 1.0000e-04
Epoch 12/20
2/2 [==============================] - 1s 680ms/step - loss: 5.6124 - accuracy: 0.3833 - val_loss: 5.4991 - val_accuracy: 0.4000 - lr: 1.0000e-04
Epoch 13/20
2/2 [==============================] - 1s 660ms/step - loss: 5.6030 - accuracy: 0.1667 - val_loss: 5.4214 - val_accuracy: 0.4000 - lr: 1.0000e-04
Epoch 14/20
2/2 [==============================] - 1s 608ms/step - loss: 5.5155 - accuracy: 0.2500 - val_loss: 5.3118 - val_accuracy: 0.4000 - lr: 1.0000e-04
Epoch 15/20
2/2 [==============================] - 1s 634ms/step - loss: 5.5347 - accuracy: 0.1500 - val_loss: 5.1919 - val_accuracy: 0.4000 - lr: 1.0000e-04
Epoch 16/20
2/2 [==============================] - 1s 793ms/step - loss: 5.2024 - accuracy: 0.4833 - val_loss: 5.0896 - val_accuracy: 0.4000 - lr: 1.0000e-04
Epoch 17/20
2/2 [==============================] - 1s 791ms/step - loss: 5.1426 - accuracy: 0.4000 - val_loss: 4.9833 - val_accuracy: 0.6000 - lr: 1.0000e-04
Epoch 18/20
2/2 [==============================] - 1s 635ms/step - loss: 5.0789 - accuracy: 0.3333 - val_loss: 4.8987 - val_accuracy: 0.6000 - lr: 1.0000e-04
Epoch 19/20
2/2 [==============================] - 1s 743ms/step - loss: 5.0517 - accuracy: 0.2500 - val_loss: 4.8314 - val_accuracy: 0.6000 - lr: 1.0000e-04
Epoch 20/20
2/2 [==============================] - 1s 627ms/step - loss: 4.9398 - accuracy: 0.2667 - val_loss: 4.7780 - val_accuracy: 0.4000 - lr: 1.0000e-04
1/1 [==============================] - 0s 154ms/step - loss: 4.9904 - accuracy: 0.1429
Found 60 images belonging to 6 classes.
Found 5 images belonging to 6 classes.
Found 7 images belonging to 6 classes.
Epoch 1/10
2/2 [==============================] - 2s 879ms/step - loss: 7.1321 - accuracy: 0.1333 - val_loss: 7.0514 - val_accuracy: 0.2000 - lr: 1.0000e-04
Epoch 2/10
2/2 [==============================] - 1s 730ms/step - loss: 6.9940 - accuracy: 0.1500 - val_loss: 6.9183 - val_accuracy: 0.2000 - lr: 1.0000e-04
Epoch 3/10
2/2 [==============================] - 1s 664ms/step - loss: 6.8542 - accuracy: 0.1667 - val_loss: 6.7431 - val_accuracy: 0.2000 - lr: 1.0000e-04
Epoch 4/10
2/2 [==============================] - 1s 718ms/step - loss: 6.6780 - accuracy: 0.1500 - val_loss: 6.5545 - val_accuracy: 0.4000 - lr: 1.0000e-04
Epoch 5/10
2/2 [==============================] - 1s 731ms/step - loss: 6.6165 - accuracy: 0.1500 - val_loss: 6.3524 - val_accuracy: 0.4000 - lr: 1.0000e-04
Epoch 6/10
2/2 [==============================] - 1s 726ms/step - loss: 6.4958 - accuracy: 0.1833 - val_loss: 6.2121 - val_accuracy: 0.2000 - lr: 1.0000e-04
Epoch 7/10
2/2 [==============================] - 1s 830ms/step - loss: 6.3058 - accuracy: 0.1500 - val_loss: 6.0865 - val_accuracy: 0.4000 - lr: 1.0000e-04
Epoch 8/10
2/2 [==============================] - 1s 746ms/step - loss: 6.2265 - accuracy: 0.1667 - val_loss: 5.9485 - val_accuracy: 0.4000 - lr: 1.0000e-04
Epoch 9/10
2/2 [==============================] - 1s 785ms/step - loss: 6.0573 - accuracy: 0.3667 - val_loss: 5.8105 - val_accuracy: 0.8000 - lr: 1.0000e-04
Epoch 10/10
2/2 [==============================] - 1s 717ms/step - loss: 5.9481 - accuracy: 0.3333 - val_loss: 5.6906 - val_accuracy: 0.6000 - lr: 1.0000e-04
1/1 [==============================] - 0s 148ms/step - loss: 5.8445 - accuracy: 0.4286
Found 60 images belonging to 6 classes.
Found 5 images belonging to 6 classes.
Found 7 images belonging to 6 classes.
Epoch 1/20
2/2 [==============================] - 3s 1s/step - loss: 7.1353 - accuracy: 0.1667 - val_loss: 7.0142 - val_accuracy: 0.2000 - lr: 1.0000e-04
Epoch 2/20
2/2 [==============================] - 1s 685ms/step - loss: 6.9824 - accuracy: 0.2000 - val_loss: 6.7721 - val_accuracy: 0.6000 - lr: 1.0000e-04
Epoch 3/20
2/2 [==============================] - 1s 635ms/step - loss: 6.8393 - accuracy: 0.1333 - val_loss: 6.6215 - val_accuracy: 0.4000 - lr: 1.0000e-04
Epoch 4/20
2/2 [==============================] - 1s 671ms/step - loss: 6.6890 - accuracy: 0.2000 - val_loss: 6.5220 - val_accuracy: 0.2000 - lr: 1.0000e-04
Epoch 5/20
2/2 [==============================] - 1s 671ms/step - loss: 6.5943 - accuracy: 0.1333 - val_loss: 6.4219 - val_accuracy: 0.2000 - lr: 1.0000e-04
Epoch 6/20
2/2 [==============================] - 1s 740ms/step - loss: 6.4313 - accuracy: 0.1833 - val_loss: 6.3294 - val_accuracy: 0.2000 - lr: 1.0000e-04
Epoch 7/20
2/2 [==============================] - 1s 799ms/step - loss: 6.2709 - accuracy: 0.2333 - val_loss: 6.2262 - val_accuracy: 0.2000 - lr: 1.0000e-04
Epoch 8/20
2/2 [==============================] - 1s 814ms/step - loss: 6.1451 - accuracy: 0.2167 - val_loss: 6.1253 - val_accuracy: 0.2000 - lr: 1.0000e-04
Epoch 9/20
2/2 [==============================] - 1s 777ms/step - loss: 6.0610 - accuracy: 0.1833 - val_loss: 5.9902 - val_accuracy: 0.0000e+00 - lr: 1.0000e-04
Epoch 10/20
2/2 [==============================] - 1s 777ms/step - loss: 5.9137 - accuracy: 0.2167 - val_loss: 5.8598 - val_accuracy: 0.0000e+00 - lr: 1.0000e-04
Epoch 11/20
2/2 [==============================] - 1s 711ms/step - loss: 5.8110 - accuracy: 0.1667 - val_loss: 5.7363 - val_accuracy: 0.0000e+00 - lr: 1.0000e-04
Epoch 12/20
2/2 [==============================] - 1s 828ms/step - loss: 5.6709 - accuracy: 0.2667 - val_loss: 5.6060 - val_accuracy: 0.2000 - lr: 1.0000e-04
Epoch 13/20
2/2 [==============================] - 1s 853ms/step - loss: 5.5574 - accuracy: 0.2833 - val_loss: 5.4751 - val_accuracy: 0.2000 - lr: 1.0000e-04
Epoch 14/20
2/2 [==============================] - 1s 722ms/step - loss: 5.4972 - accuracy: 0.3333 - val_loss: 5.3682 - val_accuracy: 0.4000 - lr: 1.0000e-04
Epoch 15/20
2/2 [==============================] - 2s 844ms/step - loss: 5.3724 - accuracy: 0.3000 - val_loss: 5.2454 - val_accuracy: 0.4000 - lr: 1.0000e-04
Epoch 16/20
2/2 [==============================] - 1s 642ms/step - loss: 5.3542 - accuracy: 0.2167 - val_loss: 5.1325 - val_accuracy: 0.2000 - lr: 1.0000e-04
Epoch 17/20
2/2 [==============================] - 1s 697ms/step - loss: 5.2098 - accuracy: 0.1833 - val_loss: 5.0240 - val_accuracy: 0.2000 - lr: 1.0000e-04
Epoch 18/20
2/2 [==============================] - 1s 745ms/step - loss: 5.0667 - accuracy: 0.3500 - val_loss: 4.9320 - val_accuracy: 0.2000 - lr: 1.0000e-04
Epoch 19/20
2/2 [==============================] - 1s 748ms/step - loss: 4.9665 - accuracy: 0.2667 - val_loss: 4.8498 - val_accuracy: 0.2000 - lr: 1.0000e-04
Epoch 20/20
2/2 [==============================] - 1s 671ms/step - loss: 4.8578 - accuracy: 0.3000 - val_loss: 4.7657 - val_accuracy: 0.2000 - lr: 1.0000e-04
1/1 [==============================] - 0s 142ms/step - loss: 4.8969 - accuracy: 0.0000e+00
Found 60 images belonging to 6 classes.
Found 5 images belonging to 6 classes.
Found 7 images belonging to 6 classes.
Epoch 1/10
2/2 [==============================] - 3s 1s/step - loss: 7.3808 - accuracy: 0.1333 - val_loss: 7.2920 - val_accuracy: 0.4000 - lr: 1.0000e-04
Epoch 2/10
2/2 [==============================] - 2s 894ms/step - loss: 7.2884 - accuracy: 0.1500 - val_loss: 6.9975 - val_accuracy: 0.4000 - lr: 1.0000e-04
Epoch 3/10
2/2 [==============================] - 2s 828ms/step - loss: 7.0723 - accuracy: 0.2000 - val_loss: 6.7532 - val_accuracy: 0.4000 - lr: 1.0000e-04
Epoch 4/10
2/2 [==============================] - 2s 893ms/step - loss: 6.8597 - accuracy: 0.2167 - val_loss: 6.6958 - val_accuracy: 0.2000 - lr: 1.0000e-04
Epoch 5/10
2/2 [==============================] - 2s 848ms/step - loss: 6.7504 - accuracy: 0.1500 - val_loss: 6.6497 - val_accuracy: 0.2000 - lr: 1.0000e-04
Epoch 6/10
2/2 [==============================] - 2s 741ms/step - loss: 6.4989 - accuracy: 0.2333 - val_loss: 6.5652 - val_accuracy: 0.2000 - lr: 1.0000e-04
Epoch 7/10
2/2 [==============================] - 2s 849ms/step - loss: 6.3452 - accuracy: 0.3000 - val_loss: 6.4354 - val_accuracy: 0.2000 - lr: 1.0000e-04
Epoch 8/10
2/2 [==============================] - 2s 821ms/step - loss: 6.2874 - accuracy: 0.2000 - val_loss: 6.2249 - val_accuracy: 0.2000 - lr: 1.0000e-04
Epoch 9/10
2/2 [==============================] - 2s 681ms/step - loss: 6.1184 - accuracy: 0.2000 - val_loss: 5.9888 - val_accuracy: 0.2000 - lr: 1.0000e-04
Epoch 10/10
2/2 [==============================] - 2s 679ms/step - loss: 5.9156 - accuracy: 0.2667 - val_loss: 5.7729 - val_accuracy: 0.2000 - lr: 1.0000e-04
1/1 [==============================] - 0s 191ms/step - loss: 5.8192 - accuracy: 0.1429
Found 60 images belonging to 6 classes.
Found 5 images belonging to 6 classes.
Found 7 images belonging to 6 classes.
Epoch 1/20
2/2 [==============================] - 3s 1s/step - loss: 7.3557 - accuracy: 0.1167 - val_loss: 7.0889 - val_accuracy: 0.2000 - lr: 1.0000e-04
Epoch 2/20
2/2 [==============================] - 2s 756ms/step - loss: 7.1003 - accuracy: 0.2000 - val_loss: 6.8404 - val_accuracy: 0.4000 - lr: 1.0000e-04
Epoch 3/20
2/2 [==============================] - 2s 680ms/step - loss: 6.8769 - accuracy: 0.2500 - val_loss: 6.6308 - val_accuracy: 0.4000 - lr: 1.0000e-04
Epoch 4/20
2/2 [==============================] - 2s 766ms/step - loss: 6.7194 - accuracy: 0.1667 - val_loss: 6.4612 - val_accuracy: 0.2000 - lr: 1.0000e-04
Epoch 5/20
2/2 [==============================] - 2s 798ms/step - loss: 6.4981 - accuracy: 0.1833 - val_loss: 6.3084 - val_accuracy: 0.0000e+00 - lr: 1.0000e-04
Epoch 6/20
2/2 [==============================] - 2s 820ms/step - loss: 6.2914 - accuracy: 0.2833 - val_loss: 6.1515 - val_accuracy: 0.0000e+00 - lr: 1.0000e-04
Epoch 7/20
2/2 [==============================] - 2s 770ms/step - loss: 6.1863 - accuracy: 0.1667 - val_loss: 5.9994 - val_accuracy: 0.2000 - lr: 1.0000e-04
Epoch 8/20
2/2 [==============================] - 2s 945ms/step - loss: 5.9457 - accuracy: 0.2500 - val_loss: 5.8331 - val_accuracy: 0.2000 - lr: 1.0000e-04
Epoch 9/20
2/2 [==============================] - 2s 1s/step - loss: 5.7824 - accuracy: 0.2000 - val_loss: 5.6480 - val_accuracy: 0.2000 - lr: 1.0000e-04
Epoch 10/20
2/2 [==============================] - 2s 798ms/step - loss: 5.5791 - accuracy: 0.2000 - val_loss: 5.4776 - val_accuracy: 0.4000 - lr: 1.0000e-04
Epoch 11/20
2/2 [==============================] - 2s 719ms/step - loss: 5.3709 - accuracy: 0.3667 - val_loss: 5.2840 - val_accuracy: 0.2000 - lr: 1.0000e-04
Epoch 12/20
2/2 [==============================] - 2s 863ms/step - loss: 5.3368 - accuracy: 0.3000 - val_loss: 5.0924 - val_accuracy: 0.2000 - lr: 1.0000e-04
Epoch 13/20
2/2 [==============================] - 2s 919ms/step - loss: 5.1540 - accuracy: 0.2833 - val_loss: 4.9185 - val_accuracy: 0.2000 - lr: 1.0000e-04
Epoch 14/20
2/2 [==============================] - 2s 833ms/step - loss: 5.0428 - accuracy: 0.2000 - val_loss: 4.7850 - val_accuracy: 0.2000 - lr: 1.0000e-04
Epoch 15/20
2/2 [==============================] - 2s 959ms/step - loss: 4.8655 - accuracy: 0.3000 - val_loss: 4.6647 - val_accuracy: 0.2000 - lr: 1.0000e-04
Epoch 16/20
2/2 [==============================] - 2s 834ms/step - loss: 4.8055 - accuracy: 0.2500 - val_loss: 4.5502 - val_accuracy: 0.2000 - lr: 1.0000e-04
Epoch 17/20
2/2 [==============================] - 2s 921ms/step - loss: 4.6345 - accuracy: 0.3333 - val_loss: 4.4284 - val_accuracy: 0.2000 - lr: 1.0000e-04
Epoch 18/20
2/2 [==============================] - 2s 774ms/step - loss: 4.5626 - accuracy: 0.3000 - val_loss: 4.3141 - val_accuracy: 0.4000 - lr: 1.0000e-04
Epoch 19/20
2/2 [==============================] - 2s 852ms/step - loss: 4.4843 - accuracy: 0.3000 - val_loss: 4.2075 - val_accuracy: 0.6000 - lr: 1.0000e-04
Epoch 20/20
2/2 [==============================] - 2s 787ms/step - loss: 4.2815 - accuracy: 0.3167 - val_loss: 4.0930 - val_accuracy: 0.6000 - lr: 1.0000e-04
1/1 [==============================] - 0s 148ms/step - loss: 4.3489 - accuracy: 0.1429
Found 60 images belonging to 6 classes.
Found 5 images belonging to 6 classes.
Found 7 images belonging to 6 classes.
Epoch 1/10
2/2 [==============================] - 3s 1s/step - loss: 7.3507 - accuracy: 0.1833 - val_loss: 7.1183 - val_accuracy: 0.2000 - lr: 1.0000e-04
Epoch 2/10
2/2 [==============================] - 2s 838ms/step - loss: 7.1012 - accuracy: 0.1833 - val_loss: 6.8500 - val_accuracy: 0.2000 - lr: 1.0000e-04
Epoch 3/10
2/2 [==============================] - 2s 839ms/step - loss: 6.9026 - accuracy: 0.1500 - val_loss: 6.6805 - val_accuracy: 0.2000 - lr: 1.0000e-04
Epoch 4/10
2/2 [==============================] - 2s 821ms/step - loss: 6.6680 - accuracy: 0.2500 - val_loss: 6.5057 - val_accuracy: 0.2000 - lr: 1.0000e-04
Epoch 5/10
2/2 [==============================] - 2s 797ms/step - loss: 6.4630 - accuracy: 0.2167 - val_loss: 6.3226 - val_accuracy: 0.2000 - lr: 1.0000e-04
Epoch 6/10
2/2 [==============================] - 2s 784ms/step - loss: 6.2725 - accuracy: 0.2500 - val_loss: 6.1660 - val_accuracy: 0.2000 - lr: 1.0000e-04
Epoch 7/10
2/2 [==============================] - 2s 767ms/step - loss: 6.1219 - accuracy: 0.1333 - val_loss: 6.0193 - val_accuracy: 0.2000 - lr: 1.0000e-04
Epoch 8/10
2/2 [==============================] - 2s 853ms/step - loss: 5.9503 - accuracy: 0.1333 - val_loss: 5.8608 - val_accuracy: 0.0000e+00 - lr: 1.0000e-04
Epoch 9/10
2/2 [==============================] - 2s 787ms/step - loss: 5.7760 - accuracy: 0.1333 - val_loss: 5.6734 - val_accuracy: 0.2000 - lr: 1.0000e-04
Epoch 10/10
2/2 [==============================] - 2s 865ms/step - loss: 5.5706 - accuracy: 0.2000 - val_loss: 5.4911 - val_accuracy: 0.2000 - lr: 1.0000e-04
1/1 [==============================] - 0s 168ms/step - loss: 5.4131 - accuracy: 0.1429
Found 60 images belonging to 6 classes.
Found 5 images belonging to 6 classes.
Found 7 images belonging to 6 classes.
Epoch 1/20
2/2 [==============================] - 3s 1s/step - loss: 7.3527 - accuracy: 0.2333 - val_loss: 7.3242 - val_accuracy: 0.2000 - lr: 1.0000e-04
Epoch 2/20
2/2 [==============================] - 2s 890ms/step - loss: 7.2274 - accuracy: 0.2333 - val_loss: 7.2223 - val_accuracy: 0.0000e+00 - lr: 1.0000e-04
Epoch 3/20
2/2 [==============================] - 2s 877ms/step - loss: 6.9936 - accuracy: 0.2000 - val_loss: 6.9518 - val_accuracy: 0.2000 - lr: 1.0000e-04
Epoch 4/20
2/2 [==============================] - 2s 766ms/step - loss: 6.8695 - accuracy: 0.2333 - val_loss: 6.7549 - val_accuracy: 0.2000 - lr: 1.0000e-04
Epoch 5/20
2/2 [==============================] - 2s 720ms/step - loss: 6.7265 - accuracy: 0.2667 - val_loss: 6.4997 - val_accuracy: 0.6000 - lr: 1.0000e-04
Epoch 6/20
2/2 [==============================] - 2s 863ms/step - loss: 6.5897 - accuracy: 0.2667 - val_loss: 6.2556 - val_accuracy: 0.6000 - lr: 1.0000e-04
Epoch 7/20
2/2 [==============================] - 2s 718ms/step - loss: 6.4071 - accuracy: 0.2500 - val_loss: 6.0691 - val_accuracy: 0.4000 - lr: 1.0000e-04
Epoch 8/20
2/2 [==============================] - 2s 822ms/step - loss: 6.2574 - accuracy: 0.2333 - val_loss: 5.9243 - val_accuracy: 0.4000 - lr: 1.0000e-04
Epoch 9/20
2/2 [==============================] - 2s 901ms/step - loss: 6.0591 - accuracy: 0.2000 - val_loss: 5.8294 - val_accuracy: 0.2000 - lr: 1.0000e-04
Epoch 10/20
2/2 [==============================] - 2s 904ms/step - loss: 5.9148 - accuracy: 0.2333 - val_loss: 5.7521 - val_accuracy: 0.2000 - lr: 1.0000e-04
Epoch 11/20
2/2 [==============================] - 2s 786ms/step - loss: 5.8195 - accuracy: 0.2333 - val_loss: 5.6540 - val_accuracy: 0.2000 - lr: 1.0000e-04
Epoch 12/20
2/2 [==============================] - 2s 881ms/step - loss: 5.6813 - accuracy: 0.2333 - val_loss: 5.5291 - val_accuracy: 0.2000 - lr: 1.0000e-04
Epoch 13/20
2/2 [==============================] - 2s 756ms/step - loss: 5.5483 - accuracy: 0.2333 - val_loss: 5.3790 - val_accuracy: 0.2000 - lr: 1.0000e-04
Epoch 14/20
2/2 [==============================] - 2s 788ms/step - loss: 5.4678 - accuracy: 0.2667 - val_loss: 5.2260 - val_accuracy: 0.2000 - lr: 1.0000e-04
Epoch 15/20
2/2 [==============================] - 2s 855ms/step - loss: 5.2736 - accuracy: 0.3167 - val_loss: 5.0996 - val_accuracy: 0.2000 - lr: 1.0000e-04
Epoch 16/20
2/2 [==============================] - 2s 741ms/step - loss: 5.1564 - accuracy: 0.2500 - val_loss: 4.9837 - val_accuracy: 0.2000 - lr: 1.0000e-04
Epoch 17/20
2/2 [==============================] - 2s 898ms/step - loss: 5.0794 - accuracy: 0.2833 - val_loss: 4.8769 - val_accuracy: 0.2000 - lr: 1.0000e-04
Epoch 18/20
2/2 [==============================] - 2s 789ms/step - loss: 4.9660 - accuracy: 0.2333 - val_loss: 4.7606 - val_accuracy: 0.2000 - lr: 1.0000e-04
Epoch 19/20
2/2 [==============================] - 2s 884ms/step - loss: 4.8632 - accuracy: 0.3000 - val_loss: 4.6458 - val_accuracy: 0.2000 - lr: 1.0000e-04
Epoch 20/20
2/2 [==============================] - 2s 830ms/step - loss: 4.7495 - accuracy: 0.3333 - val_loss: 4.5507 - val_accuracy: 0.4000 - lr: 1.0000e-04
1/1 [==============================] - 0s 168ms/step - loss: 4.6927 - accuracy: 0.2857
Found 60 images belonging to 6 classes.
Found 5 images belonging to 6 classes.
Found 7 images belonging to 6 classes.
Epoch 1/10
2/2 [==============================] - 3s 966ms/step - loss: 7.3546 - accuracy: 0.1667 - val_loss: 7.1487 - val_accuracy: 0.2000 - lr: 1.0000e-04
Epoch 2/10
2/2 [==============================] - 1s 695ms/step - loss: 7.0900 - accuracy: 0.1333 - val_loss: 7.0285 - val_accuracy: 0.2000 - lr: 1.0000e-04
Epoch 3/10
2/2 [==============================] - 2s 786ms/step - loss: 6.8752 - accuracy: 0.1667 - val_loss: 6.7855 - val_accuracy: 0.2000 - lr: 1.0000e-04
Epoch 4/10
2/2 [==============================] - 2s 798ms/step - loss: 6.6914 - accuracy: 0.1667 - val_loss: 6.5474 - val_accuracy: 0.2000 - lr: 1.0000e-04
Epoch 5/10
2/2 [==============================] - 2s 783ms/step - loss: 6.5155 - accuracy: 0.2167 - val_loss: 6.3120 - val_accuracy: 0.2000 - lr: 1.0000e-04
Epoch 6/10
2/2 [==============================] - 2s 935ms/step - loss: 6.2607 - accuracy: 0.1833 - val_loss: 6.1054 - val_accuracy: 0.2000 - lr: 1.0000e-04
Epoch 7/10
2/2 [==============================] - 2s 874ms/step - loss: 6.0462 - accuracy: 0.2000 - val_loss: 5.9331 - val_accuracy: 0.2000 - lr: 1.0000e-04
Epoch 8/10
2/2 [==============================] - 2s 771ms/step - loss: 5.9050 - accuracy: 0.1833 - val_loss: 5.7558 - val_accuracy: 0.2000 - lr: 1.0000e-04
Epoch 9/10
2/2 [==============================] - 2s 871ms/step - loss: 5.7244 - accuracy: 0.3167 - val_loss: 5.5766 - val_accuracy: 0.0000e+00 - lr: 1.0000e-04
Epoch 10/10
2/2 [==============================] - 1s 672ms/step - loss: 5.5555 - accuracy: 0.2500 - val_loss: 5.4019 - val_accuracy: 0.4000 - lr: 1.0000e-04
1/1 [==============================] - 0s 137ms/step - loss: 5.4069 - accuracy: 0.2857
Found 60 images belonging to 6 classes.
Found 5 images belonging to 6 classes.
Found 7 images belonging to 6 classes.
Epoch 1/20
2/2 [==============================] - 3s 948ms/step - loss: 7.3504 - accuracy: 0.1667 - val_loss: 7.2309 - val_accuracy: 0.0000e+00 - lr: 1.0000e-04
Epoch 2/20
2/2 [==============================] - 2s 779ms/step - loss: 7.1453 - accuracy: 0.1500 - val_loss: 7.0478 - val_accuracy: 0.2000 - lr: 1.0000e-04
Epoch 3/20
2/2 [==============================] - 2s 835ms/step - loss: 6.9542 - accuracy: 0.1167 - val_loss: 6.8639 - val_accuracy: 0.2000 - lr: 1.0000e-04
Epoch 4/20
2/2 [==============================] - 2s 768ms/step - loss: 6.6972 - accuracy: 0.1500 - val_loss: 6.6515 - val_accuracy: 0.2000 - lr: 1.0000e-04
Epoch 5/20
2/2 [==============================] - 2s 704ms/step - loss: 6.4745 - accuracy: 0.2167 - val_loss: 6.4753 - val_accuracy: 0.2000 - lr: 1.0000e-04
Epoch 6/20
2/2 [==============================] - 2s 743ms/step - loss: 6.2809 - accuracy: 0.2833 - val_loss: 6.2818 - val_accuracy: 0.4000 - lr: 1.0000e-04
Epoch 7/20
2/2 [==============================] - 2s 800ms/step - loss: 6.1380 - accuracy: 0.1500 - val_loss: 6.0541 - val_accuracy: 0.4000 - lr: 1.0000e-04
Epoch 8/20
2/2 [==============================] - 2s 720ms/step - loss: 5.9699 - accuracy: 0.3333 - val_loss: 5.8443 - val_accuracy: 0.4000 - lr: 1.0000e-04
Epoch 9/20
2/2 [==============================] - 2s 913ms/step - loss: 5.7974 - accuracy: 0.2000 - val_loss: 5.6591 - val_accuracy: 0.4000 - lr: 1.0000e-04
Epoch 10/20
2/2 [==============================] - 2s 843ms/step - loss: 5.6449 - accuracy: 0.2667 - val_loss: 5.4716 - val_accuracy: 0.4000 - lr: 1.0000e-04
Epoch 11/20
2/2 [==============================] - 2s 741ms/step - loss: 5.5112 - accuracy: 0.2167 - val_loss: 5.2942 - val_accuracy: 0.4000 - lr: 1.0000e-04
Epoch 12/20
2/2 [==============================] - 2s 850ms/step - loss: 5.3375 - accuracy: 0.2500 - val_loss: 5.1393 - val_accuracy: 0.2000 - lr: 1.0000e-04
Epoch 13/20
2/2 [==============================] - 2s 764ms/step - loss: 5.1775 - accuracy: 0.2833 - val_loss: 4.9925 - val_accuracy: 0.4000 - lr: 1.0000e-04
Epoch 14/20
2/2 [==============================] - 2s 754ms/step - loss: 5.0321 - accuracy: 0.2167 - val_loss: 4.8352 - val_accuracy: 0.4000 - lr: 1.0000e-04
Epoch 15/20
2/2 [==============================] - 2s 971ms/step - loss: 4.9361 - accuracy: 0.3333 - val_loss: 4.7063 - val_accuracy: 0.4000 - lr: 1.0000e-04
Epoch 16/20
2/2 [==============================] - 2s 727ms/step - loss: 4.7792 - accuracy: 0.2667 - val_loss: 4.5835 - val_accuracy: 0.4000 - lr: 1.0000e-04
Epoch 17/20
2/2 [==============================] - 2s 836ms/step - loss: 4.7011 - accuracy: 0.3167 - val_loss: 4.5063 - val_accuracy: 0.4000 - lr: 1.0000e-04
Epoch 18/20
2/2 [==============================] - 2s 835ms/step - loss: 4.6698 - accuracy: 0.2667 - val_loss: 4.4428 - val_accuracy: 0.4000 - lr: 1.0000e-04
Epoch 19/20
2/2 [==============================] - 2s 805ms/step - loss: 4.5690 - accuracy: 0.2333 - val_loss: 4.3524 - val_accuracy: 0.2000 - lr: 1.0000e-04
Epoch 20/20
2/2 [==============================] - 2s 773ms/step - loss: 4.3976 - accuracy: 0.2000 - val_loss: 4.2622 - val_accuracy: 0.4000 - lr: 1.0000e-04
1/1 [==============================] - 0s 151ms/step - loss: 4.3170 - accuracy: 0.2857
Found 60 images belonging to 6 classes.
Found 5 images belonging to 6 classes.
Found 7 images belonging to 6 classes.
Epoch 1/10
2/2 [==============================] - 3s 1s/step - loss: 7.3836 - accuracy: 0.1833 - val_loss: 7.2682 - val_accuracy: 0.0000e+00 - lr: 1.0000e-04
Epoch 2/10
2/2 [==============================] - 2s 699ms/step - loss: 7.0872 - accuracy: 0.2500 - val_loss: 7.1321 - val_accuracy: 0.0000e+00 - lr: 1.0000e-04
Epoch 3/10
2/2 [==============================] - 2s 729ms/step - loss: 6.9136 - accuracy: 0.1667 - val_loss: 6.9414 - val_accuracy: 0.0000e+00 - lr: 1.0000e-04
Epoch 4/10
2/2 [==============================] - 2s 747ms/step - loss: 6.7410 - accuracy: 0.1833 - val_loss: 6.6874 - val_accuracy: 0.0000e+00 - lr: 1.0000e-04
Epoch 5/10
2/2 [==============================] - 2s 730ms/step - loss: 6.5420 - accuracy: 0.2833 - val_loss: 6.4560 - val_accuracy: 0.0000e+00 - lr: 1.0000e-04
Epoch 6/10
2/2 [==============================] - 2s 822ms/step - loss: 6.3383 - accuracy: 0.2167 - val_loss: 6.2484 - val_accuracy: 0.4000 - lr: 1.0000e-04
Epoch 7/10
2/2 [==============================] - 2s 757ms/step - loss: 6.2329 - accuracy: 0.2000 - val_loss: 6.0619 - val_accuracy: 0.2000 - lr: 1.0000e-04
Epoch 8/10
2/2 [==============================] - 2s 833ms/step - loss: 6.0050 - accuracy: 0.2333 - val_loss: 5.9008 - val_accuracy: 0.2000 - lr: 1.0000e-04
Epoch 9/10
2/2 [==============================] - 2s 797ms/step - loss: 5.8014 - accuracy: 0.1833 - val_loss: 5.7255 - val_accuracy: 0.2000 - lr: 1.0000e-04
Epoch 10/10
2/2 [==============================] - 2s 691ms/step - loss: 5.6271 - accuracy: 0.2667 - val_loss: 5.5450 - val_accuracy: 0.2000 - lr: 1.0000e-04
1/1 [==============================] - 0s 142ms/step - loss: 5.6085 - accuracy: 0.0000e+00
Found 60 images belonging to 6 classes.
Found 5 images belonging to 6 classes.
Found 7 images belonging to 6 classes.
Epoch 1/20
2/2 [==============================] - 3s 1s/step - loss: 7.3500 - accuracy: 0.2167 - val_loss: 7.1763 - val_accuracy: 0.2000 - lr: 1.0000e-04
Epoch 2/20
2/2 [==============================] - 2s 798ms/step - loss: 7.1843 - accuracy: 0.1500 - val_loss: 6.9591 - val_accuracy: 0.2000 - lr: 1.0000e-04
Epoch 3/20
2/2 [==============================] - 2s 688ms/step - loss: 7.0132 - accuracy: 0.1833 - val_loss: 6.7826 - val_accuracy: 0.2000 - lr: 1.0000e-04
Epoch 4/20
2/2 [==============================] - 2s 852ms/step - loss: 6.8843 - accuracy: 0.1000 - val_loss: 6.5957 - val_accuracy: 0.4000 - lr: 1.0000e-04
Epoch 5/20
2/2 [==============================] - 2s 714ms/step - loss: 6.6553 - accuracy: 0.1833 - val_loss: 6.4603 - val_accuracy: 0.4000 - lr: 1.0000e-04
Epoch 6/20
2/2 [==============================] - 2s 816ms/step - loss: 6.5665 - accuracy: 0.1000 - val_loss: 6.3670 - val_accuracy: 0.4000 - lr: 1.0000e-04
Epoch 7/20
2/2 [==============================] - 1s 700ms/step - loss: 6.3093 - accuracy: 0.3000 - val_loss: 6.2795 - val_accuracy: 0.2000 - lr: 1.0000e-04
Epoch 8/20
2/2 [==============================] - 2s 694ms/step - loss: 6.1970 - accuracy: 0.2500 - val_loss: 6.1308 - val_accuracy: 0.2000 - lr: 1.0000e-04
Epoch 9/20
2/2 [==============================] - 2s 777ms/step - loss: 6.0516 - accuracy: 0.2333 - val_loss: 5.9784 - val_accuracy: 0.2000 - lr: 1.0000e-04
Epoch 10/20
2/2 [==============================] - 2s 780ms/step - loss: 5.9541 - accuracy: 0.2500 - val_loss: 5.8189 - val_accuracy: 0.2000 - lr: 1.0000e-04
Epoch 11/20
2/2 [==============================] - 2s 882ms/step - loss: 5.7658 - accuracy: 0.2667 - val_loss: 5.6468 - val_accuracy: 0.2000 - lr: 1.0000e-04
Epoch 12/20
2/2 [==============================] - 2s 880ms/step - loss: 5.6591 - accuracy: 0.2667 - val_loss: 5.4512 - val_accuracy: 0.2000 - lr: 1.0000e-04
Epoch 13/20
2/2 [==============================] - 2s 843ms/step - loss: 5.5891 - accuracy: 0.2000 - val_loss: 5.2609 - val_accuracy: 0.4000 - lr: 1.0000e-04
Epoch 14/20
2/2 [==============================] - 2s 887ms/step - loss: 5.4403 - accuracy: 0.2667 - val_loss: 5.1223 - val_accuracy: 0.4000 - lr: 1.0000e-04
Epoch 15/20
2/2 [==============================] - 2s 890ms/step - loss: 5.2334 - accuracy: 0.3500 - val_loss: 4.9968 - val_accuracy: 0.4000 - lr: 1.0000e-04
Epoch 16/20
2/2 [==============================] - 2s 827ms/step - loss: 5.1212 - accuracy: 0.3333 - val_loss: 4.8665 - val_accuracy: 0.4000 - lr: 1.0000e-04
Epoch 17/20
2/2 [==============================] - 2s 956ms/step - loss: 5.0809 - accuracy: 0.3333 - val_loss: 4.7456 - val_accuracy: 0.6000 - lr: 1.0000e-04
Epoch 18/20
2/2 [==============================] - 2s 742ms/step - loss: 5.0275 - accuracy: 0.2833 - val_loss: 4.6269 - val_accuracy: 0.6000 - lr: 1.0000e-04
Epoch 19/20
2/2 [==============================] - 2s 864ms/step - loss: 4.9269 - accuracy: 0.1667 - val_loss: 4.5140 - val_accuracy: 0.6000 - lr: 1.0000e-04
Epoch 20/20
2/2 [==============================] - 2s 756ms/step - loss: 4.7937 - accuracy: 0.3000 - val_loss: 4.4303 - val_accuracy: 0.6000 - lr: 1.0000e-04
1/1 [==============================] - 0s 147ms/step - loss: 4.6923 - accuracy: 0.2857
Found 60 images belonging to 6 classes.
Found 5 images belonging to 6 classes.
Found 7 images belonging to 6 classes.
Epoch 1/10
2/2 [==============================] - 2s 953ms/step - loss: 7.1030 - accuracy: 0.1167 - val_loss: 6.9634 - val_accuracy: 0.0000e+00 - lr: 1.0000e-04
Epoch 2/10
2/2 [==============================] - 1s 658ms/step - loss: 6.9143 - accuracy: 0.2333 - val_loss: 6.8349 - val_accuracy: 0.0000e+00 - lr: 1.0000e-04
Epoch 3/10
2/2 [==============================] - 1s 710ms/step - loss: 6.7708 - accuracy: 0.2500 - val_loss: 6.7207 - val_accuracy: 0.0000e+00 - lr: 1.0000e-04
Epoch 4/10
2/2 [==============================] - 1s 716ms/step - loss: 6.6817 - accuracy: 0.1333 - val_loss: 6.6083 - val_accuracy: 0.0000e+00 - lr: 1.0000e-04
Epoch 5/10
2/2 [==============================] - 1s 780ms/step - loss: 6.5561 - accuracy: 0.1667 - val_loss: 6.4908 - val_accuracy: 0.0000e+00 - lr: 1.0000e-04
Epoch 6/10
2/2 [==============================] - 1s 761ms/step - loss: 6.4727 - accuracy: 0.1333 - val_loss: 6.3743 - val_accuracy: 0.0000e+00 - lr: 1.0000e-04
Epoch 7/10
2/2 [==============================] - 1s 729ms/step - loss: 6.2813 - accuracy: 0.1833 - val_loss: 6.2430 - val_accuracy: 0.2000 - lr: 1.0000e-04
Epoch 8/10
2/2 [==============================] - 1s 744ms/step - loss: 6.1894 - accuracy: 0.1333 - val_loss: 6.1023 - val_accuracy: 0.2000 - lr: 1.0000e-04
Epoch 9/10
2/2 [==============================] - 1s 736ms/step - loss: 6.0420 - accuracy: 0.2667 - val_loss: 5.9841 - val_accuracy: 0.2000 - lr: 1.0000e-04
Epoch 10/10
2/2 [==============================] - 1s 614ms/step - loss: 5.9014 - accuracy: 0.2000 - val_loss: 5.8554 - val_accuracy: 0.2000 - lr: 1.0000e-04
1/1 [==============================] - 0s 146ms/step - loss: 5.8314 - accuracy: 0.2857
Found 60 images belonging to 6 classes.
Found 5 images belonging to 6 classes.
Found 7 images belonging to 6 classes.
Epoch 1/20
2/2 [==============================] - 2s 970ms/step - loss: 7.1357 - accuracy: 0.1833 - val_loss: 6.9586 - val_accuracy: 0.2000 - lr: 1.0000e-04
Epoch 2/20
2/2 [==============================] - 1s 638ms/step - loss: 6.9452 - accuracy: 0.1667 - val_loss: 6.8000 - val_accuracy: 0.4000 - lr: 1.0000e-04
Epoch 3/20
2/2 [==============================] - 1s 608ms/step - loss: 6.8324 - accuracy: 0.2167 - val_loss: 6.6414 - val_accuracy: 0.4000 - lr: 1.0000e-04
Epoch 4/20
2/2 [==============================] - 1s 653ms/step - loss: 6.6798 - accuracy: 0.1333 - val_loss: 6.4857 - val_accuracy: 0.4000 - lr: 1.0000e-04
Epoch 5/20
2/2 [==============================] - 1s 605ms/step - loss: 6.5770 - accuracy: 0.1833 - val_loss: 6.3249 - val_accuracy: 0.2000 - lr: 1.0000e-04
Epoch 6/20
2/2 [==============================] - 1s 713ms/step - loss: 6.4137 - accuracy: 0.2000 - val_loss: 6.1909 - val_accuracy: 0.4000 - lr: 1.0000e-04
Epoch 7/20
2/2 [==============================] - 1s 615ms/step - loss: 6.2978 - accuracy: 0.1833 - val_loss: 6.0807 - val_accuracy: 0.2000 - lr: 1.0000e-04
Epoch 8/20
2/2 [==============================] - 1s 719ms/step - loss: 6.2152 - accuracy: 0.2000 - val_loss: 5.9743 - val_accuracy: 0.4000 - lr: 1.0000e-04
Epoch 9/20
2/2 [==============================] - 1s 754ms/step - loss: 6.1615 - accuracy: 0.1000 - val_loss: 5.9072 - val_accuracy: 0.2000 - lr: 1.0000e-04
Epoch 10/20
2/2 [==============================] - 1s 771ms/step - loss: 5.9684 - accuracy: 0.2000 - val_loss: 5.8479 - val_accuracy: 0.4000 - lr: 1.0000e-04
Epoch 11/20
2/2 [==============================] - 1s 614ms/step - loss: 5.8516 - accuracy: 0.2833 - val_loss: 5.7911 - val_accuracy: 0.4000 - lr: 1.0000e-04
Epoch 12/20
2/2 [==============================] - 1s 597ms/step - loss: 5.7637 - accuracy: 0.2667 - val_loss: 5.7076 - val_accuracy: 0.4000 - lr: 1.0000e-04
Epoch 13/20
2/2 [==============================] - 1s 624ms/step - loss: 5.6714 - accuracy: 0.3000 - val_loss: 5.6211 - val_accuracy: 0.4000 - lr: 1.0000e-04
Epoch 14/20
2/2 [==============================] - 1s 718ms/step - loss: 5.5906 - accuracy: 0.1833 - val_loss: 5.5276 - val_accuracy: 0.4000 - lr: 1.0000e-04
Epoch 15/20
2/2 [==============================] - 1s 616ms/step - loss: 5.4808 - accuracy: 0.2833 - val_loss: 5.4257 - val_accuracy: 0.4000 - lr: 1.0000e-04
Epoch 16/20
2/2 [==============================] - 1s 648ms/step - loss: 5.3859 - accuracy: 0.2833 - val_loss: 5.3393 - val_accuracy: 0.4000 - lr: 1.0000e-04
Epoch 17/20
2/2 [==============================] - 1s 731ms/step - loss: 5.3333 - accuracy: 0.2833 - val_loss: 5.2482 - val_accuracy: 0.2000 - lr: 1.0000e-04
Epoch 18/20
2/2 [==============================] - 1s 616ms/step - loss: 5.2383 - accuracy: 0.3000 - val_loss: 5.1704 - val_accuracy: 0.2000 - lr: 1.0000e-04
Epoch 19/20
2/2 [==============================] - 1s 614ms/step - loss: 5.0984 - accuracy: 0.2833 - val_loss: 5.0773 - val_accuracy: 0.2000 - lr: 1.0000e-04
Epoch 20/20
2/2 [==============================] - 1s 589ms/step - loss: 5.1328 - accuracy: 0.2833 - val_loss: 4.9886 - val_accuracy: 0.2000 - lr: 1.0000e-04
1/1 [==============================] - 0s 137ms/step - loss: 5.1384 - accuracy: 0.1429
Found 60 images belonging to 6 classes.
Found 5 images belonging to 6 classes.
Found 7 images belonging to 6 classes.
Epoch 1/10
2/2 [==============================] - 2s 964ms/step - loss: 7.1115 - accuracy: 0.2000 - val_loss: 6.9287 - val_accuracy: 0.2000 - lr: 1.0000e-04
Epoch 2/10
2/2 [==============================] - 1s 773ms/step - loss: 6.9128 - accuracy: 0.1667 - val_loss: 6.7805 - val_accuracy: 0.2000 - lr: 1.0000e-04
Epoch 3/10
2/2 [==============================] - 1s 758ms/step - loss: 6.7976 - accuracy: 0.1167 - val_loss: 6.6467 - val_accuracy: 0.2000 - lr: 1.0000e-04
Epoch 4/10
2/2 [==============================] - 1s 698ms/step - loss: 6.6715 - accuracy: 0.1333 - val_loss: 6.5204 - val_accuracy: 0.2000 - lr: 1.0000e-04
Epoch 5/10
2/2 [==============================] - 1s 648ms/step - loss: 6.4960 - accuracy: 0.1167 - val_loss: 6.3923 - val_accuracy: 0.2000 - lr: 1.0000e-04
Epoch 6/10
2/2 [==============================] - 1s 597ms/step - loss: 6.3373 - accuracy: 0.1833 - val_loss: 6.2611 - val_accuracy: 0.2000 - lr: 1.0000e-04
Epoch 7/10
2/2 [==============================] - 1s 730ms/step - loss: 6.2181 - accuracy: 0.2000 - val_loss: 6.1309 - val_accuracy: 0.2000 - lr: 1.0000e-04
Epoch 8/10
2/2 [==============================] - 1s 760ms/step - loss: 6.1060 - accuracy: 0.1500 - val_loss: 5.9942 - val_accuracy: 0.2000 - lr: 1.0000e-04
Epoch 9/10
2/2 [==============================] - 1s 769ms/step - loss: 5.9422 - accuracy: 0.1667 - val_loss: 5.8564 - val_accuracy: 0.0000e+00 - lr: 1.0000e-04
Epoch 10/10
2/2 [==============================] - 1s 634ms/step - loss: 5.8512 - accuracy: 0.1667 - val_loss: 5.7231 - val_accuracy: 0.0000e+00 - lr: 1.0000e-04
1/1 [==============================] - 0s 155ms/step - loss: 5.6698 - accuracy: 0.1429
Found 60 images belonging to 6 classes.
Found 5 images belonging to 6 classes.
Found 7 images belonging to 6 classes.
Epoch 1/20
2/2 [==============================] - 2s 949ms/step - loss: 7.1301 - accuracy: 0.1500 - val_loss: 6.9073 - val_accuracy: 0.2000 - lr: 1.0000e-04
Epoch 2/20
2/2 [==============================] - 1s 830ms/step - loss: 6.9480 - accuracy: 0.2167 - val_loss: 6.7384 - val_accuracy: 0.4000 - lr: 1.0000e-04
Epoch 3/20
2/2 [==============================] - 1s 744ms/step - loss: 6.7965 - accuracy: 0.1833 - val_loss: 6.6194 - val_accuracy: 0.4000 - lr: 1.0000e-04
Epoch 4/20
2/2 [==============================] - 1s 826ms/step - loss: 6.6962 - accuracy: 0.2000 - val_loss: 6.5096 - val_accuracy: 0.4000 - lr: 1.0000e-04
Epoch 5/20
2/2 [==============================] - 1s 659ms/step - loss: 6.5442 - accuracy: 0.2500 - val_loss: 6.3812 - val_accuracy: 0.4000 - lr: 1.0000e-04
Epoch 6/20
2/2 [==============================] - 1s 690ms/step - loss: 6.4241 - accuracy: 0.1667 - val_loss: 6.2727 - val_accuracy: 0.4000 - lr: 1.0000e-04
Epoch 7/20
2/2 [==============================] - 1s 623ms/step - loss: 6.3133 - accuracy: 0.1667 - val_loss: 6.1739 - val_accuracy: 0.4000 - lr: 1.0000e-04
Epoch 8/20
2/2 [==============================] - 1s 651ms/step - loss: 6.1526 - accuracy: 0.2333 - val_loss: 6.0797 - val_accuracy: 0.4000 - lr: 1.0000e-04
Epoch 9/20
2/2 [==============================] - 1s 840ms/step - loss: 6.0748 - accuracy: 0.2667 - val_loss: 5.9738 - val_accuracy: 0.4000 - lr: 1.0000e-04
Epoch 10/20
2/2 [==============================] - 1s 747ms/step - loss: 6.0043 - accuracy: 0.0833 - val_loss: 5.8647 - val_accuracy: 0.4000 - lr: 1.0000e-04
Epoch 11/20
2/2 [==============================] - 1s 700ms/step - loss: 5.8722 - accuracy: 0.1500 - val_loss: 5.7421 - val_accuracy: 0.4000 - lr: 1.0000e-04
Epoch 12/20
2/2 [==============================] - 1s 769ms/step - loss: 5.7211 - accuracy: 0.2833 - val_loss: 5.6201 - val_accuracy: 0.4000 - lr: 1.0000e-04
Epoch 13/20
2/2 [==============================] - 1s 722ms/step - loss: 5.6488 - accuracy: 0.2167 - val_loss: 5.5051 - val_accuracy: 0.4000 - lr: 1.0000e-04
Epoch 14/20
2/2 [==============================] - 1s 641ms/step - loss: 5.5506 - accuracy: 0.2167 - val_loss: 5.3985 - val_accuracy: 0.4000 - lr: 1.0000e-04
Epoch 15/20
2/2 [==============================] - 1s 682ms/step - loss: 5.4221 - accuracy: 0.3167 - val_loss: 5.2959 - val_accuracy: 0.6000 - lr: 1.0000e-04
Epoch 16/20
2/2 [==============================] - 1s 797ms/step - loss: 5.3839 - accuracy: 0.2000 - val_loss: 5.1900 - val_accuracy: 0.4000 - lr: 1.0000e-04
Epoch 17/20
2/2 [==============================] - 1s 783ms/step - loss: 5.2488 - accuracy: 0.2167 - val_loss: 5.0860 - val_accuracy: 0.4000 - lr: 1.0000e-04
Epoch 18/20
2/2 [==============================] - 1s 692ms/step - loss: 5.2477 - accuracy: 0.1500 - val_loss: 4.9888 - val_accuracy: 0.4000 - lr: 1.0000e-04
Epoch 19/20
2/2 [==============================] - 1s 709ms/step - loss: 5.1178 - accuracy: 0.3000 - val_loss: 4.8913 - val_accuracy: 0.4000 - lr: 1.0000e-04
Epoch 20/20
2/2 [==============================] - 1s 751ms/step - loss: 5.0007 - accuracy: 0.2000 - val_loss: 4.8088 - val_accuracy: 0.4000 - lr: 1.0000e-04
1/1 [==============================] - 0s 156ms/step - loss: 4.8932 - accuracy: 0.2857
Found 60 images belonging to 6 classes.
Found 5 images belonging to 6 classes.
Found 7 images belonging to 6 classes.
Epoch 1/10
2/2 [==============================] - 2s 889ms/step - loss: 7.1335 - accuracy: 0.1000 - val_loss: 7.0027 - val_accuracy: 0.4000 - lr: 1.0000e-04
Epoch 2/10
2/2 [==============================] - 1s 831ms/step - loss: 6.9621 - accuracy: 0.1833 - val_loss: 6.8817 - val_accuracy: 0.2000 - lr: 1.0000e-04
Epoch 3/10
2/2 [==============================] - 2s 893ms/step - loss: 6.8089 - accuracy: 0.2333 - val_loss: 6.7768 - val_accuracy: 0.2000 - lr: 1.0000e-04
Epoch 4/10
2/2 [==============================] - 2s 814ms/step - loss: 6.7198 - accuracy: 0.1500 - val_loss: 6.6351 - val_accuracy: 0.2000 - lr: 1.0000e-04
Epoch 5/10
2/2 [==============================] - 1s 827ms/step - loss: 6.5312 - accuracy: 0.2667 - val_loss: 6.5038 - val_accuracy: 0.2000 - lr: 1.0000e-04
Epoch 6/10
2/2 [==============================] - 1s 666ms/step - loss: 6.4607 - accuracy: 0.1333 - val_loss: 6.3808 - val_accuracy: 0.2000 - lr: 1.0000e-04
Epoch 7/10
2/2 [==============================] - 1s 621ms/step - loss: 6.3746 - accuracy: 0.1667 - val_loss: 6.2365 - val_accuracy: 0.2000 - lr: 1.0000e-04
Epoch 8/10
2/2 [==============================] - 1s 706ms/step - loss: 6.2292 - accuracy: 0.1500 - val_loss: 6.0869 - val_accuracy: 0.4000 - lr: 1.0000e-04
Epoch 9/10
2/2 [==============================] - 1s 654ms/step - loss: 6.0791 - accuracy: 0.2167 - val_loss: 5.9402 - val_accuracy: 0.4000 - lr: 1.0000e-04
Epoch 10/10
2/2 [==============================] - 1s 836ms/step - loss: 6.0489 - accuracy: 0.1667 - val_loss: 5.8222 - val_accuracy: 0.4000 - lr: 1.0000e-04
1/1 [==============================] - 0s 169ms/step - loss: 5.7725 - accuracy: 0.4286
Found 60 images belonging to 6 classes.
Found 5 images belonging to 6 classes.
Found 7 images belonging to 6 classes.
Epoch 1/20
2/2 [==============================] - 3s 1s/step - loss: 7.1098 - accuracy: 0.1167 - val_loss: 6.9597 - val_accuracy: 0.2000 - lr: 1.0000e-04
Epoch 2/20
2/2 [==============================] - 1s 666ms/step - loss: 6.9583 - accuracy: 0.1667 - val_loss: 6.8600 - val_accuracy: 0.2000 - lr: 1.0000e-04
Epoch 3/20
2/2 [==============================] - 1s 687ms/step - loss: 6.8203 - accuracy: 0.2000 - val_loss: 6.7931 - val_accuracy: 0.0000e+00 - lr: 1.0000e-04
Epoch 4/20
2/2 [==============================] - 1s 762ms/step - loss: 6.6819 - accuracy: 0.1500 - val_loss: 6.6445 - val_accuracy: 0.0000e+00 - lr: 1.0000e-04
Epoch 5/20
2/2 [==============================] - 1s 643ms/step - loss: 6.5986 - accuracy: 0.1333 - val_loss: 6.4950 - val_accuracy: 0.0000e+00 - lr: 1.0000e-04
Epoch 6/20
2/2 [==============================] - 1s 822ms/step - loss: 6.4402 - accuracy: 0.1333 - val_loss: 6.3331 - val_accuracy: 0.2000 - lr: 1.0000e-04
Epoch 7/20
2/2 [==============================] - 1s 705ms/step - loss: 6.3305 - accuracy: 0.2000 - val_loss: 6.1977 - val_accuracy: 0.2000 - lr: 1.0000e-04
Epoch 8/20
2/2 [==============================] - 2s 833ms/step - loss: 6.2265 - accuracy: 0.1500 - val_loss: 6.0752 - val_accuracy: 0.2000 - lr: 1.0000e-04
Epoch 9/20
2/2 [==============================] - 2s 779ms/step - loss: 6.0796 - accuracy: 0.1333 - val_loss: 5.9441 - val_accuracy: 0.2000 - lr: 1.0000e-04
Epoch 10/20
2/2 [==============================] - 1s 757ms/step - loss: 5.9746 - accuracy: 0.1667 - val_loss: 5.8261 - val_accuracy: 0.2000 - lr: 1.0000e-04
Epoch 11/20
2/2 [==============================] - 1s 694ms/step - loss: 5.8687 - accuracy: 0.2000 - val_loss: 5.7035 - val_accuracy: 0.2000 - lr: 1.0000e-04
Epoch 12/20
2/2 [==============================] - 1s 812ms/step - loss: 5.7867 - accuracy: 0.2167 - val_loss: 5.5981 - val_accuracy: 0.2000 - lr: 1.0000e-04
Epoch 13/20
2/2 [==============================] - 1s 748ms/step - loss: 5.6885 - accuracy: 0.1500 - val_loss: 5.4907 - val_accuracy: 0.2000 - lr: 1.0000e-04
Epoch 14/20
2/2 [==============================] - 1s 752ms/step - loss: 5.6422 - accuracy: 0.1333 - val_loss: 5.3896 - val_accuracy: 0.2000 - lr: 1.0000e-04
Epoch 15/20
2/2 [==============================] - 1s 675ms/step - loss: 5.4788 - accuracy: 0.2500 - val_loss: 5.2912 - val_accuracy: 0.2000 - lr: 1.0000e-04
Epoch 16/20
2/2 [==============================] - 1s 717ms/step - loss: 5.4103 - accuracy: 0.1667 - val_loss: 5.2068 - val_accuracy: 0.2000 - lr: 1.0000e-04
Epoch 17/20
2/2 [==============================] - 1s 663ms/step - loss: 5.3307 - accuracy: 0.2333 - val_loss: 5.1273 - val_accuracy: 0.4000 - lr: 1.0000e-04
Epoch 18/20
2/2 [==============================] - 1s 761ms/step - loss: 5.2995 - accuracy: 0.0833 - val_loss: 5.0762 - val_accuracy: 0.4000 - lr: 1.0000e-04
Epoch 19/20
2/2 [==============================] - 1s 652ms/step - loss: 5.1379 - accuracy: 0.3167 - val_loss: 5.0170 - val_accuracy: 0.4000 - lr: 1.0000e-04
Epoch 20/20
2/2 [==============================] - 1s 682ms/step - loss: 5.0862 - accuracy: 0.2333 - val_loss: 4.9555 - val_accuracy: 0.4000 - lr: 1.0000e-04
1/1 [==============================] - 0s 169ms/step - loss: 4.9211 - accuracy: 0.1429
Found 60 images belonging to 6 classes.
Found 5 images belonging to 6 classes.
Found 7 images belonging to 6 classes.
Epoch 1/10
2/2 [==============================] - 2s 986ms/step - loss: 7.1256 - accuracy: 0.1333 - val_loss: 6.9871 - val_accuracy: 0.0000e+00 - lr: 1.0000e-04
Epoch 2/10
2/2 [==============================] - 2s 716ms/step - loss: 6.9249 - accuracy: 0.1167 - val_loss: 6.8143 - val_accuracy: 0.0000e+00 - lr: 1.0000e-04
Epoch 3/10
2/2 [==============================] - 1s 665ms/step - loss: 6.7787 - accuracy: 0.1667 - val_loss: 6.6481 - val_accuracy: 0.2000 - lr: 1.0000e-04
Epoch 4/10
2/2 [==============================] - 1s 768ms/step - loss: 6.6065 - accuracy: 0.2000 - val_loss: 6.4818 - val_accuracy: 0.4000 - lr: 1.0000e-04
Epoch 5/10
2/2 [==============================] - 1s 744ms/step - loss: 6.4329 - accuracy: 0.2000 - val_loss: 6.3373 - val_accuracy: 0.2000 - lr: 1.0000e-04
Epoch 6/10
2/2 [==============================] - 1s 772ms/step - loss: 6.2750 - accuracy: 0.2333 - val_loss: 6.2091 - val_accuracy: 0.2000 - lr: 1.0000e-04
Epoch 7/10
2/2 [==============================] - 1s 611ms/step - loss: 6.1875 - accuracy: 0.1000 - val_loss: 6.0853 - val_accuracy: 0.2000 - lr: 1.0000e-04
Epoch 8/10
2/2 [==============================] - 1s 700ms/step - loss: 6.0525 - accuracy: 0.0833 - val_loss: 5.9620 - val_accuracy: 0.2000 - lr: 1.0000e-04
Epoch 9/10
2/2 [==============================] - 1s 668ms/step - loss: 5.9074 - accuracy: 0.2167 - val_loss: 5.8344 - val_accuracy: 0.2000 - lr: 1.0000e-04
Epoch 10/10
2/2 [==============================] - 1s 717ms/step - loss: 5.7561 - accuracy: 0.2667 - val_loss: 5.7030 - val_accuracy: 0.2000 - lr: 1.0000e-04
1/1 [==============================] - 0s 149ms/step - loss: 5.7064 - accuracy: 0.2857
Found 60 images belonging to 6 classes.
Found 5 images belonging to 6 classes.
Found 7 images belonging to 6 classes.
Epoch 1/20
2/2 [==============================] - 2s 880ms/step - loss: 7.1486 - accuracy: 0.2333 - val_loss: 7.0262 - val_accuracy: 0.0000e+00 - lr: 1.0000e-04
Epoch 2/20
2/2 [==============================] - 1s 700ms/step - loss: 7.0329 - accuracy: 0.1500 - val_loss: 6.8894 - val_accuracy: 0.0000e+00 - lr: 1.0000e-04
Epoch 3/20
2/2 [==============================] - 1s 742ms/step - loss: 6.8394 - accuracy: 0.1333 - val_loss: 6.7349 - val_accuracy: 0.2000 - lr: 1.0000e-04
Epoch 4/20
2/2 [==============================] - 1s 617ms/step - loss: 6.6882 - accuracy: 0.2000 - val_loss: 6.5682 - val_accuracy: 0.2000 - lr: 1.0000e-04
Epoch 5/20
2/2 [==============================] - 1s 673ms/step - loss: 6.5989 - accuracy: 0.1667 - val_loss: 6.3951 - val_accuracy: 0.2000 - lr: 1.0000e-04
Epoch 6/20
2/2 [==============================] - 1s 637ms/step - loss: 6.4527 - accuracy: 0.2333 - val_loss: 6.2675 - val_accuracy: 0.2000 - lr: 1.0000e-04
Epoch 7/20
2/2 [==============================] - 1s 736ms/step - loss: 6.3208 - accuracy: 0.2000 - val_loss: 6.1484 - val_accuracy: 0.2000 - lr: 1.0000e-04
Epoch 8/20
2/2 [==============================] - 1s 784ms/step - loss: 6.2114 - accuracy: 0.2333 - val_loss: 6.0494 - val_accuracy: 0.2000 - lr: 1.0000e-04
Epoch 9/20
2/2 [==============================] - 1s 744ms/step - loss: 6.1026 - accuracy: 0.2500 - val_loss: 5.9456 - val_accuracy: 0.2000 - lr: 1.0000e-04
Epoch 10/20
2/2 [==============================] - 1s 801ms/step - loss: 5.9497 - accuracy: 0.2167 - val_loss: 5.8655 - val_accuracy: 0.2000 - lr: 1.0000e-04
Epoch 11/20
2/2 [==============================] - 1s 716ms/step - loss: 5.9305 - accuracy: 0.1167 - val_loss: 5.7877 - val_accuracy: 0.2000 - lr: 1.0000e-04
Epoch 12/20
2/2 [==============================] - 2s 816ms/step - loss: 5.7374 - accuracy: 0.2500 - val_loss: 5.6995 - val_accuracy: 0.2000 - lr: 1.0000e-04
Epoch 13/20
2/2 [==============================] - 1s 706ms/step - loss: 5.7120 - accuracy: 0.1667 - val_loss: 5.6136 - val_accuracy: 0.2000 - lr: 1.0000e-04
Epoch 14/20
2/2 [==============================] - 2s 792ms/step - loss: 5.6278 - accuracy: 0.1500 - val_loss: 5.5114 - val_accuracy: 0.2000 - lr: 1.0000e-04
Epoch 15/20
2/2 [==============================] - 2s 832ms/step - loss: 5.5058 - accuracy: 0.2667 - val_loss: 5.4199 - val_accuracy: 0.2000 - lr: 1.0000e-04
Epoch 16/20
2/2 [==============================] - 1s 688ms/step - loss: 5.4397 - accuracy: 0.3167 - val_loss: 5.3341 - val_accuracy: 0.2000 - lr: 1.0000e-04
Epoch 17/20
2/2 [==============================] - 1s 683ms/step - loss: 5.3518 - accuracy: 0.2167 - val_loss: 5.2382 - val_accuracy: 0.2000 - lr: 1.0000e-04
Epoch 18/20
2/2 [==============================] - 1s 775ms/step - loss: 5.3326 - accuracy: 0.1500 - val_loss: 5.1520 - val_accuracy: 0.2000 - lr: 1.0000e-04
Epoch 19/20
2/2 [==============================] - 1s 693ms/step - loss: 5.2056 - accuracy: 0.2000 - val_loss: 5.0591 - val_accuracy: 0.2000 - lr: 1.0000e-04
Epoch 20/20
2/2 [==============================] - 1s 641ms/step - loss: 5.0546 - accuracy: 0.3000 - val_loss: 4.9641 - val_accuracy: 0.2000 - lr: 1.0000e-04
1/1 [==============================] - 0s 156ms/step - loss: 5.0448 - accuracy: 0.0000e+00
Found 60 images belonging to 6 classes.
Found 5 images belonging to 6 classes.
Found 7 images belonging to 6 classes.
Epoch 1/10
2/2 [==============================] - 3s 1s/step - loss: 7.3364 - accuracy: 0.1167 - val_loss: 7.1887 - val_accuracy: 0.2000 - lr: 1.0000e-04
Epoch 2/10
2/2 [==============================] - 2s 820ms/step - loss: 7.0594 - accuracy: 0.2000 - val_loss: 6.8381 - val_accuracy: 0.4000 - lr: 1.0000e-04
Epoch 3/10
2/2 [==============================] - 2s 699ms/step - loss: 7.0224 - accuracy: 0.1167 - val_loss: 6.6306 - val_accuracy: 0.4000 - lr: 1.0000e-04
Epoch 4/10
2/2 [==============================] - 2s 962ms/step - loss: 6.6806 - accuracy: 0.1667 - val_loss: 6.4396 - val_accuracy: 0.4000 - lr: 1.0000e-04
Epoch 5/10
2/2 [==============================] - 2s 767ms/step - loss: 6.5194 - accuracy: 0.2167 - val_loss: 6.2790 - val_accuracy: 0.4000 - lr: 1.0000e-04
Epoch 6/10
2/2 [==============================] - 2s 755ms/step - loss: 6.3536 - accuracy: 0.2167 - val_loss: 6.1361 - val_accuracy: 0.2000 - lr: 1.0000e-04
Epoch 7/10
2/2 [==============================] - 2s 828ms/step - loss: 6.3276 - accuracy: 0.1333 - val_loss: 6.0130 - val_accuracy: 0.2000 - lr: 1.0000e-04
Epoch 8/10
2/2 [==============================] - 2s 793ms/step - loss: 6.0887 - accuracy: 0.2000 - val_loss: 5.8901 - val_accuracy: 0.4000 - lr: 1.0000e-04
Epoch 9/10
2/2 [==============================] - 2s 830ms/step - loss: 5.9502 - accuracy: 0.2500 - val_loss: 5.7920 - val_accuracy: 0.4000 - lr: 1.0000e-04
Epoch 10/10
2/2 [==============================] - 2s 922ms/step - loss: 5.8302 - accuracy: 0.2000 - val_loss: 5.6995 - val_accuracy: 0.4000 - lr: 1.0000e-04
1/1 [==============================] - 0s 220ms/step - loss: 5.8081 - accuracy: 0.1429
Found 60 images belonging to 6 classes.
Found 5 images belonging to 6 classes.
Found 7 images belonging to 6 classes.
Epoch 1/20
2/2 [==============================] - 3s 2s/step - loss: 7.3317 - accuracy: 0.1500 - val_loss: 7.1683 - val_accuracy: 0.2000 - lr: 1.0000e-04
Epoch 2/20
2/2 [==============================] - 2s 804ms/step - loss: 7.1845 - accuracy: 0.1333 - val_loss: 7.0252 - val_accuracy: 0.2000 - lr: 1.0000e-04
Epoch 3/20
2/2 [==============================] - 2s 728ms/step - loss: 7.0058 - accuracy: 0.1167 - val_loss: 6.8967 - val_accuracy: 0.2000 - lr: 1.0000e-04
Epoch 4/20
2/2 [==============================] - 2s 711ms/step - loss: 6.8066 - accuracy: 0.2000 - val_loss: 6.6805 - val_accuracy: 0.2000 - lr: 1.0000e-04
Epoch 5/20
2/2 [==============================] - 2s 896ms/step - loss: 6.6314 - accuracy: 0.2000 - val_loss: 6.5022 - val_accuracy: 0.0000e+00 - lr: 1.0000e-04
Epoch 6/20
2/2 [==============================] - 2s 822ms/step - loss: 6.5081 - accuracy: 0.1167 - val_loss: 6.3179 - val_accuracy: 0.2000 - lr: 1.0000e-04
Epoch 7/20
2/2 [==============================] - 2s 821ms/step - loss: 6.4403 - accuracy: 0.0833 - val_loss: 6.1603 - val_accuracy: 0.2000 - lr: 1.0000e-04
Epoch 8/20
2/2 [==============================] - 2s 701ms/step - loss: 6.1462 - accuracy: 0.2333 - val_loss: 6.0326 - val_accuracy: 0.2000 - lr: 1.0000e-04
Epoch 9/20
2/2 [==============================] - 2s 695ms/step - loss: 6.0558 - accuracy: 0.1833 - val_loss: 5.8892 - val_accuracy: 0.2000 - lr: 1.0000e-04
Epoch 10/20
2/2 [==============================] - 2s 878ms/step - loss: 5.9300 - accuracy: 0.2333 - val_loss: 5.7628 - val_accuracy: 0.2000 - lr: 1.0000e-04
Epoch 11/20
2/2 [==============================] - 2s 880ms/step - loss: 5.7642 - accuracy: 0.2500 - val_loss: 5.6506 - val_accuracy: 0.4000 - lr: 1.0000e-04
Epoch 12/20
2/2 [==============================] - 2s 733ms/step - loss: 5.7182 - accuracy: 0.2000 - val_loss: 5.5292 - val_accuracy: 0.4000 - lr: 1.0000e-04
Epoch 13/20
2/2 [==============================] - 2s 869ms/step - loss: 5.5825 - accuracy: 0.1833 - val_loss: 5.4146 - val_accuracy: 0.4000 - lr: 1.0000e-04
Epoch 14/20
2/2 [==============================] - 2s 754ms/step - loss: 5.5019 - accuracy: 0.1833 - val_loss: 5.3030 - val_accuracy: 0.4000 - lr: 1.0000e-04
Epoch 15/20
2/2 [==============================] - 2s 709ms/step - loss: 5.3333 - accuracy: 0.3000 - val_loss: 5.1929 - val_accuracy: 0.4000 - lr: 1.0000e-04
Epoch 16/20
2/2 [==============================] - 2s 841ms/step - loss: 5.3163 - accuracy: 0.1000 - val_loss: 5.0917 - val_accuracy: 0.4000 - lr: 1.0000e-04
Epoch 17/20
2/2 [==============================] - 2s 797ms/step - loss: 5.0708 - accuracy: 0.2333 - val_loss: 4.9784 - val_accuracy: 0.6000 - lr: 1.0000e-04
Epoch 18/20
2/2 [==============================] - 2s 925ms/step - loss: 5.0074 - accuracy: 0.2833 - val_loss: 4.8826 - val_accuracy: 0.6000 - lr: 1.0000e-04
Epoch 19/20
2/2 [==============================] - 2s 822ms/step - loss: 4.9540 - accuracy: 0.2500 - val_loss: 4.8047 - val_accuracy: 0.4000 - lr: 1.0000e-04
Epoch 20/20
2/2 [==============================] - 2s 860ms/step - loss: 4.9028 - accuracy: 0.2167 - val_loss: 4.7225 - val_accuracy: 0.4000 - lr: 1.0000e-04
1/1 [==============================] - 0s 181ms/step - loss: 4.8252 - accuracy: 0.2857
Found 60 images belonging to 6 classes.
Found 5 images belonging to 6 classes.
Found 7 images belonging to 6 classes.
Epoch 1/10
2/2 [==============================] - 3s 1s/step - loss: 7.3507 - accuracy: 0.2333 - val_loss: 7.0891 - val_accuracy: 0.2000 - lr: 1.0000e-04
Epoch 2/10
2/2 [==============================] - 2s 893ms/step - loss: 7.1545 - accuracy: 0.2000 - val_loss: 6.9461 - val_accuracy: 0.4000 - lr: 1.0000e-04
Epoch 3/10
2/2 [==============================] - 2s 812ms/step - loss: 6.8927 - accuracy: 0.3000 - val_loss: 6.8090 - val_accuracy: 0.0000e+00 - lr: 1.0000e-04
Epoch 4/10
2/2 [==============================] - 2s 743ms/step - loss: 6.7704 - accuracy: 0.1667 - val_loss: 6.6672 - val_accuracy: 0.2000 - lr: 1.0000e-04
Epoch 5/10
2/2 [==============================] - 2s 974ms/step - loss: 6.6232 - accuracy: 0.1500 - val_loss: 6.5260 - val_accuracy: 0.2000 - lr: 1.0000e-04
Epoch 6/10
2/2 [==============================] - 2s 726ms/step - loss: 6.4574 - accuracy: 0.1667 - val_loss: 6.3875 - val_accuracy: 0.2000 - lr: 1.0000e-04
Epoch 7/10
2/2 [==============================] - 2s 825ms/step - loss: 6.2717 - accuracy: 0.2333 - val_loss: 6.2556 - val_accuracy: 0.2000 - lr: 1.0000e-04
Epoch 8/10
2/2 [==============================] - 2s 800ms/step - loss: 6.1843 - accuracy: 0.1167 - val_loss: 6.0672 - val_accuracy: 0.4000 - lr: 1.0000e-04
Epoch 9/10
2/2 [==============================] - 2s 781ms/step - loss: 5.9945 - accuracy: 0.1667 - val_loss: 5.8750 - val_accuracy: 0.4000 - lr: 1.0000e-04
Epoch 10/10
2/2 [==============================] - 2s 674ms/step - loss: 5.8529 - accuracy: 0.1833 - val_loss: 5.6993 - val_accuracy: 0.4000 - lr: 1.0000e-04
1/1 [==============================] - 0s 157ms/step - loss: 5.8070 - accuracy: 0.1429
Found 60 images belonging to 6 classes.
Found 5 images belonging to 6 classes.
Found 7 images belonging to 6 classes.
Epoch 1/20
2/2 [==============================] - 3s 1s/step - loss: 7.3313 - accuracy: 0.1833 - val_loss: 7.2441 - val_accuracy: 0.2000 - lr: 1.0000e-04
Epoch 2/20
2/2 [==============================] - 2s 678ms/step - loss: 7.0735 - accuracy: 0.2333 - val_loss: 7.0661 - val_accuracy: 0.2000 - lr: 1.0000e-04
Epoch 3/20
2/2 [==============================] - 2s 839ms/step - loss: 6.8848 - accuracy: 0.2833 - val_loss: 6.8903 - val_accuracy: 0.2000 - lr: 1.0000e-04
Epoch 4/20
2/2 [==============================] - 2s 790ms/step - loss: 6.8135 - accuracy: 0.1333 - val_loss: 6.6805 - val_accuracy: 0.2000 - lr: 1.0000e-04
Epoch 5/20
2/2 [==============================] - 2s 695ms/step - loss: 6.6608 - accuracy: 0.1167 - val_loss: 6.4522 - val_accuracy: 0.0000e+00 - lr: 1.0000e-04
Epoch 6/20
2/2 [==============================] - 2s 818ms/step - loss: 6.4126 - accuracy: 0.2333 - val_loss: 6.2579 - val_accuracy: 0.2000 - lr: 1.0000e-04
Epoch 7/20
2/2 [==============================] - 2s 785ms/step - loss: 6.3154 - accuracy: 0.1167 - val_loss: 6.0624 - val_accuracy: 0.2000 - lr: 1.0000e-04
Epoch 8/20
2/2 [==============================] - 2s 863ms/step - loss: 6.0478 - accuracy: 0.2500 - val_loss: 5.8987 - val_accuracy: 0.2000 - lr: 1.0000e-04
Epoch 9/20
2/2 [==============================] - 2s 714ms/step - loss: 5.9554 - accuracy: 0.1333 - val_loss: 5.7465 - val_accuracy: 0.2000 - lr: 1.0000e-04
Epoch 10/20
2/2 [==============================] - 2s 820ms/step - loss: 5.8409 - accuracy: 0.0833 - val_loss: 5.6016 - val_accuracy: 0.2000 - lr: 1.0000e-04
Epoch 11/20
2/2 [==============================] - 2s 718ms/step - loss: 5.6574 - accuracy: 0.1667 - val_loss: 5.4725 - val_accuracy: 0.4000 - lr: 1.0000e-04
Epoch 12/20
2/2 [==============================] - 2s 699ms/step - loss: 5.5179 - accuracy: 0.2000 - val_loss: 5.3511 - val_accuracy: 0.4000 - lr: 1.0000e-04
Epoch 13/20
2/2 [==============================] - 2s 886ms/step - loss: 5.3895 - accuracy: 0.2333 - val_loss: 5.2396 - val_accuracy: 0.4000 - lr: 1.0000e-04
Epoch 14/20
2/2 [==============================] - 2s 814ms/step - loss: 5.2723 - accuracy: 0.2500 - val_loss: 5.1297 - val_accuracy: 0.2000 - lr: 1.0000e-04
Epoch 15/20
2/2 [==============================] - 2s 969ms/step - loss: 5.1240 - accuracy: 0.2667 - val_loss: 5.0371 - val_accuracy: 0.2000 - lr: 1.0000e-04
Epoch 16/20
2/2 [==============================] - 2s 868ms/step - loss: 5.0307 - accuracy: 0.2833 - val_loss: 4.9471 - val_accuracy: 0.2000 - lr: 1.0000e-04
Epoch 17/20
2/2 [==============================] - 2s 789ms/step - loss: 5.0240 - accuracy: 0.1500 - val_loss: 4.8585 - val_accuracy: 0.2000 - lr: 1.0000e-04
Epoch 18/20
2/2 [==============================] - 2s 800ms/step - loss: 4.8690 - accuracy: 0.2000 - val_loss: 4.7662 - val_accuracy: 0.2000 - lr: 1.0000e-04
Epoch 19/20
2/2 [==============================] - 2s 758ms/step - loss: 4.7827 - accuracy: 0.2333 - val_loss: 4.6678 - val_accuracy: 0.2000 - lr: 1.0000e-04
Epoch 20/20
2/2 [==============================] - 2s 747ms/step - loss: 4.6496 - accuracy: 0.2667 - val_loss: 4.5789 - val_accuracy: 0.2000 - lr: 1.0000e-04
1/1 [==============================] - 0s 173ms/step - loss: 4.6871 - accuracy: 0.1429
Found 60 images belonging to 6 classes.
Found 5 images belonging to 6 classes.
Found 7 images belonging to 6 classes.
Epoch 1/10
2/2 [==============================] - 3s 921ms/step - loss: 7.3137 - accuracy: 0.1333 - val_loss: 7.1878 - val_accuracy: 0.2000 - lr: 1.0000e-04
Epoch 2/10
2/2 [==============================] - 2s 786ms/step - loss: 7.0750 - accuracy: 0.3000 - val_loss: 7.0478 - val_accuracy: 0.2000 - lr: 1.0000e-04
Epoch 3/10
2/2 [==============================] - 2s 922ms/step - loss: 6.9132 - accuracy: 0.1667 - val_loss: 6.8353 - val_accuracy: 0.2000 - lr: 1.0000e-04
Epoch 4/10
2/2 [==============================] - 2s 973ms/step - loss: 6.7155 - accuracy: 0.1833 - val_loss: 6.6313 - val_accuracy: 0.2000 - lr: 1.0000e-04
Epoch 5/10
2/2 [==============================] - 2s 718ms/step - loss: 6.5947 - accuracy: 0.1667 - val_loss: 6.4268 - val_accuracy: 0.2000 - lr: 1.0000e-04
Epoch 6/10
2/2 [==============================] - 2s 866ms/step - loss: 6.3944 - accuracy: 0.1333 - val_loss: 6.2280 - val_accuracy: 0.0000e+00 - lr: 1.0000e-04
Epoch 7/10
2/2 [==============================] - 2s 749ms/step - loss: 6.2255 - accuracy: 0.2333 - val_loss: 6.0526 - val_accuracy: 0.0000e+00 - lr: 1.0000e-04
Epoch 8/10
2/2 [==============================] - 2s 805ms/step - loss: 6.0330 - accuracy: 0.1833 - val_loss: 5.8692 - val_accuracy: 0.2000 - lr: 1.0000e-04
Epoch 9/10
2/2 [==============================] - 2s 743ms/step - loss: 5.8897 - accuracy: 0.2667 - val_loss: 5.6869 - val_accuracy: 0.2000 - lr: 1.0000e-04
Epoch 10/10
2/2 [==============================] - 2s 817ms/step - loss: 5.6754 - accuracy: 0.4000 - val_loss: 5.5209 - val_accuracy: 0.4000 - lr: 1.0000e-04
1/1 [==============================] - 0s 177ms/step - loss: 5.5357 - accuracy: 0.2857
Found 60 images belonging to 6 classes.
Found 5 images belonging to 6 classes.
Found 7 images belonging to 6 classes.
Epoch 1/20
2/2 [==============================] - 3s 1s/step - loss: 7.3644 - accuracy: 0.1667 - val_loss: 7.1218 - val_accuracy: 0.2000 - lr: 1.0000e-04
Epoch 2/20
2/2 [==============================] - 2s 793ms/step - loss: 7.1396 - accuracy: 0.2667 - val_loss: 6.9712 - val_accuracy: 0.2000 - lr: 1.0000e-04
Epoch 3/20
2/2 [==============================] - 2s 744ms/step - loss: 7.0065 - accuracy: 0.2000 - val_loss: 6.8602 - val_accuracy: 0.0000e+00 - lr: 1.0000e-04
Epoch 4/20
2/2 [==============================] - 2s 745ms/step - loss: 6.8410 - accuracy: 0.1500 - val_loss: 6.7343 - val_accuracy: 0.2000 - lr: 1.0000e-04
Epoch 5/20
2/2 [==============================] - 2s 663ms/step - loss: 6.5844 - accuracy: 0.2500 - val_loss: 6.5892 - val_accuracy: 0.2000 - lr: 1.0000e-04
Epoch 6/20
2/2 [==============================] - 2s 878ms/step - loss: 6.4433 - accuracy: 0.2667 - val_loss: 6.4435 - val_accuracy: 0.2000 - lr: 1.0000e-04
Epoch 7/20
2/2 [==============================] - 2s 729ms/step - loss: 6.3339 - accuracy: 0.1500 - val_loss: 6.2913 - val_accuracy: 0.2000 - lr: 1.0000e-04
Epoch 8/20
2/2 [==============================] - 2s 719ms/step - loss: 6.1553 - accuracy: 0.1500 - val_loss: 6.1321 - val_accuracy: 0.2000 - lr: 1.0000e-04
Epoch 9/20
2/2 [==============================] - 2s 793ms/step - loss: 6.0250 - accuracy: 0.2000 - val_loss: 5.9501 - val_accuracy: 0.2000 - lr: 1.0000e-04
Epoch 10/20
2/2 [==============================] - 2s 891ms/step - loss: 5.9217 - accuracy: 0.2000 - val_loss: 5.7716 - val_accuracy: 0.2000 - lr: 1.0000e-04
Epoch 11/20
2/2 [==============================] - 2s 781ms/step - loss: 5.7394 - accuracy: 0.1667 - val_loss: 5.6249 - val_accuracy: 0.2000 - lr: 1.0000e-04
Epoch 12/20
2/2 [==============================] - 2s 854ms/step - loss: 5.6434 - accuracy: 0.2167 - val_loss: 5.4858 - val_accuracy: 0.2000 - lr: 1.0000e-04
Epoch 13/20
2/2 [==============================] - 2s 930ms/step - loss: 5.5286 - accuracy: 0.1500 - val_loss: 5.3433 - val_accuracy: 0.2000 - lr: 1.0000e-04
Epoch 14/20
2/2 [==============================] - 2s 772ms/step - loss: 5.3780 - accuracy: 0.2333 - val_loss: 5.2232 - val_accuracy: 0.2000 - lr: 1.0000e-04
Epoch 15/20
2/2 [==============================] - 2s 838ms/step - loss: 5.3288 - accuracy: 0.2500 - val_loss: 5.1191 - val_accuracy: 0.2000 - lr: 1.0000e-04
Epoch 16/20
2/2 [==============================] - 2s 808ms/step - loss: 5.1904 - accuracy: 0.2667 - val_loss: 5.0272 - val_accuracy: 0.2000 - lr: 1.0000e-04
Epoch 17/20
2/2 [==============================] - 2s 888ms/step - loss: 5.1201 - accuracy: 0.2000 - val_loss: 4.9471 - val_accuracy: 0.2000 - lr: 1.0000e-04
Epoch 18/20
2/2 [==============================] - 2s 816ms/step - loss: 4.9905 - accuracy: 0.2833 - val_loss: 4.8566 - val_accuracy: 0.2000 - lr: 1.0000e-04
Epoch 19/20
2/2 [==============================] - 2s 883ms/step - loss: 4.9555 - accuracy: 0.1667 - val_loss: 4.7633 - val_accuracy: 0.4000 - lr: 1.0000e-04
Epoch 20/20
2/2 [==============================] - 2s 903ms/step - loss: 4.8159 - accuracy: 0.2667 - val_loss: 4.6720 - val_accuracy: 0.4000 - lr: 1.0000e-04
1/1 [==============================] - 0s 161ms/step - loss: 4.8556 - accuracy: 0.2857
Found 60 images belonging to 6 classes.
Found 5 images belonging to 6 classes.
Found 7 images belonging to 6 classes.
Epoch 1/10
2/2 [==============================] - 3s 1s/step - loss: 7.3659 - accuracy: 0.1000 - val_loss: 7.0777 - val_accuracy: 0.2000 - lr: 1.0000e-04
Epoch 2/10
2/2 [==============================] - 2s 811ms/step - loss: 7.2257 - accuracy: 0.0833 - val_loss: 6.9055 - val_accuracy: 0.2000 - lr: 1.0000e-04
Epoch 3/10
2/2 [==============================] - 2s 853ms/step - loss: 6.9741 - accuracy: 0.2000 - val_loss: 6.7999 - val_accuracy: 0.4000 - lr: 1.0000e-04
Epoch 4/10
2/2 [==============================] - 2s 697ms/step - loss: 6.8635 - accuracy: 0.1500 - val_loss: 6.6355 - val_accuracy: 0.2000 - lr: 1.0000e-04
Epoch 5/10
2/2 [==============================] - 2s 725ms/step - loss: 6.6484 - accuracy: 0.1333 - val_loss: 6.5039 - val_accuracy: 0.4000 - lr: 1.0000e-04
Epoch 6/10
2/2 [==============================] - 2s 761ms/step - loss: 6.4650 - accuracy: 0.1833 - val_loss: 6.3544 - val_accuracy: 0.4000 - lr: 1.0000e-04
Epoch 7/10
2/2 [==============================] - 2s 804ms/step - loss: 6.2857 - accuracy: 0.1500 - val_loss: 6.2014 - val_accuracy: 0.4000 - lr: 1.0000e-04
Epoch 8/10
2/2 [==============================] - 2s 886ms/step - loss: 6.1826 - accuracy: 0.2833 - val_loss: 6.0509 - val_accuracy: 0.4000 - lr: 1.0000e-04
Epoch 9/10
2/2 [==============================] - 2s 875ms/step - loss: 6.0099 - accuracy: 0.2833 - val_loss: 5.9059 - val_accuracy: 0.4000 - lr: 1.0000e-04
Epoch 10/10
2/2 [==============================] - 2s 699ms/step - loss: 5.9051 - accuracy: 0.1667 - val_loss: 5.8068 - val_accuracy: 0.2000 - lr: 1.0000e-04
1/1 [==============================] - 0s 141ms/step - loss: 5.8290 - accuracy: 0.1429
Found 60 images belonging to 6 classes.
Found 5 images belonging to 6 classes.
Found 7 images belonging to 6 classes.
Epoch 1/20
2/2 [==============================] - 3s 1s/step - loss: 7.3604 - accuracy: 0.1333 - val_loss: 7.2307 - val_accuracy: 0.0000e+00 - lr: 1.0000e-04
Epoch 2/20
2/2 [==============================] - 2s 811ms/step - loss: 7.1038 - accuracy: 0.1833 - val_loss: 7.0557 - val_accuracy: 0.2000 - lr: 1.0000e-04
Epoch 3/20
2/2 [==============================] - 2s 801ms/step - loss: 6.8481 - accuracy: 0.2500 - val_loss: 6.7953 - val_accuracy: 0.2000 - lr: 1.0000e-04
Epoch 4/20
2/2 [==============================] - 2s 708ms/step - loss: 6.7419 - accuracy: 0.1500 - val_loss: 6.5923 - val_accuracy: 0.2000 - lr: 1.0000e-04
Epoch 5/20
2/2 [==============================] - 2s 756ms/step - loss: 6.5339 - accuracy: 0.2000 - val_loss: 6.4089 - val_accuracy: 0.2000 - lr: 1.0000e-04
Epoch 6/20
2/2 [==============================] - 2s 818ms/step - loss: 6.4339 - accuracy: 0.3000 - val_loss: 6.2253 - val_accuracy: 0.4000 - lr: 1.0000e-04
Epoch 7/20
2/2 [==============================] - 2s 716ms/step - loss: 6.1541 - accuracy: 0.2333 - val_loss: 6.0743 - val_accuracy: 0.4000 - lr: 1.0000e-04
Epoch 8/20
2/2 [==============================] - 2s 751ms/step - loss: 6.0554 - accuracy: 0.1833 - val_loss: 5.9376 - val_accuracy: 0.4000 - lr: 1.0000e-04
Epoch 9/20
2/2 [==============================] - 2s 899ms/step - loss: 5.8699 - accuracy: 0.2167 - val_loss: 5.8025 - val_accuracy: 0.4000 - lr: 1.0000e-04
Epoch 10/20
2/2 [==============================] - 2s 811ms/step - loss: 5.7565 - accuracy: 0.2500 - val_loss: 5.6556 - val_accuracy: 0.4000 - lr: 1.0000e-04
Epoch 11/20
2/2 [==============================] - 2s 777ms/step - loss: 5.6003 - accuracy: 0.2500 - val_loss: 5.5125 - val_accuracy: 0.4000 - lr: 1.0000e-04
Epoch 12/20
2/2 [==============================] - 2s 896ms/step - loss: 5.5310 - accuracy: 0.1667 - val_loss: 5.3677 - val_accuracy: 0.4000 - lr: 1.0000e-04
Epoch 13/20
2/2 [==============================] - 2s 871ms/step - loss: 5.3405 - accuracy: 0.2000 - val_loss: 5.2371 - val_accuracy: 0.2000 - lr: 1.0000e-04
Epoch 14/20
2/2 [==============================] - 2s 752ms/step - loss: 5.2856 - accuracy: 0.1833 - val_loss: 5.1077 - val_accuracy: 0.2000 - lr: 1.0000e-04
Epoch 15/20
2/2 [==============================] - 2s 841ms/step - loss: 5.1128 - accuracy: 0.2000 - val_loss: 4.9823 - val_accuracy: 0.2000 - lr: 1.0000e-04
Epoch 16/20
2/2 [==============================] - 2s 725ms/step - loss: 4.9708 - accuracy: 0.2333 - val_loss: 4.8722 - val_accuracy: 0.2000 - lr: 1.0000e-04
Epoch 17/20
2/2 [==============================] - 2s 822ms/step - loss: 4.9000 - accuracy: 0.2000 - val_loss: 4.7653 - val_accuracy: 0.2000 - lr: 1.0000e-04
Epoch 18/20
2/2 [==============================] - 2s 745ms/step - loss: 4.8191 - accuracy: 0.1833 - val_loss: 4.6576 - val_accuracy: 0.2000 - lr: 1.0000e-04
Epoch 19/20
2/2 [==============================] - 2s 780ms/step - loss: 4.6694 - accuracy: 0.2167 - val_loss: 4.5429 - val_accuracy: 0.4000 - lr: 1.0000e-04
Epoch 20/20
2/2 [==============================] - 2s 970ms/step - loss: 4.6543 - accuracy: 0.2333 - val_loss: 4.4321 - val_accuracy: 0.4000 - lr: 1.0000e-04
1/1 [==============================] - 0s 186ms/step - loss: 4.5468 - accuracy: 0.1429

Process finished with exit code 0
