C:\Users\tom.zbc\PycharmProjects\fungis_bacterias_project\.venv\Scripts\python.exe C:\Users\tom.zbc\PycharmProjects\fungis_bacterias_project\3_model_training_and_evaluation_FNN_6_33pr.py
Class 'Aero' meets the sample requirement.
Class 'Bacillus' meets the sample requirement.
Class 'Bor' meets the sample requirement.
Class 'E' meets the sample requirement.
Class 'Morganella' meets the sample requirement.
Class 'stapholococcus' meets the sample requirement.
Data check passed for directory: 'C:/Users/tom.zbc/PycharmProjects/fungis_bacterias_project/data/train'
Class 'Aero' meets the sample requirement.
Warning: Class 'Bacillus' has only 0 samples, expected at least 2.
Warning: Class 'Bor' has only 1 samples, expected at least 2.
Warning: Class 'E' has only 0 samples, expected at least 2.
Warning: Class 'Morganella' has only 1 samples, expected at least 2.
Warning: Class 'stapholococcus' has only 1 samples, expected at least 2.
Data check passed for directory: 'C:/Users/tom.zbc/PycharmProjects/fungis_bacterias_project/data/validation'
Class 'Aero' meets the sample requirement.
Warning: Class 'Bacillus' has only 1 samples, expected at least 2.
Warning: Class 'Bor' has only 0 samples, expected at least 2.
Warning: Class 'E' has only 0 samples, expected at least 2.
Warning: Class 'Morganella' has only 1 samples, expected at least 2.
Class 'stapholococcus' meets the sample requirement.
Data check passed for directory: 'C:/Users/tom.zbc/PycharmProjects/fungis_bacterias_project/data/test'
Found 60 images belonging to 6 classes.
Found 5 images belonging to 6 classes.
Found 7 images belonging to 6 classes.
2024-09-26 17:11:45.670564: I tensorflow/core/platform/cpu_feature_guard.cc:182] This TensorFlow binary is optimized to use available CPU instructions in performance-critical operations.
To enable the following instructions: SSE SSE2 SSE3 SSE4.1 SSE4.2 AVX AVX2 AVX_VNNI FMA, in other operations, rebuild TensorFlow with the appropriate compiler flags.
Epoch 1/10
2/2 [==============================] - ETA: 0s - loss: 2.3958 - accuracy: 0.2000C:\Users\tom.zbc\PycharmProjects\fungis_bacterias_project\.venv\lib\site-packages\keras\src\engine\training.py:3000: UserWarning: You are saving your model as an HDF5 file via `model.save()`. This file format is considered legacy. We recommend using instead the native Keras format, e.g. `model.save('my_model.keras')`.
  saving_api.save_model(
2/2 [==============================] - 2s 899ms/step - loss: 2.3958 - accuracy: 0.2000 - val_loss: 2.1812 - val_accuracy: 0.4000 - lr: 5.0000e-04
Epoch 2/10
2/2 [==============================] - 1s 774ms/step - loss: 2.3825 - accuracy: 0.1333 - val_loss: 2.1389 - val_accuracy: 0.2000 - lr: 5.0000e-04
Epoch 3/10
2/2 [==============================] - 1s 782ms/step - loss: 2.2485 - accuracy: 0.2000 - val_loss: 2.1010 - val_accuracy: 0.4000 - lr: 5.0000e-04
Epoch 4/10
2/2 [==============================] - 1s 777ms/step - loss: 2.2794 - accuracy: 0.2333 - val_loss: 2.0331 - val_accuracy: 0.6000 - lr: 5.0000e-04
Epoch 5/10
2/2 [==============================] - 1s 756ms/step - loss: 2.1974 - accuracy: 0.1500 - val_loss: 1.9986 - val_accuracy: 0.8000 - lr: 5.0000e-04
Epoch 6/10
2/2 [==============================] - 1s 799ms/step - loss: 2.1499 - accuracy: 0.2167 - val_loss: 1.9475 - val_accuracy: 0.8000 - lr: 5.0000e-04
Epoch 7/10
2/2 [==============================] - 1s 722ms/step - loss: 2.1377 - accuracy: 0.2000 - val_loss: 1.8902 - val_accuracy: 0.6000 - lr: 5.0000e-04
Epoch 8/10
2/2 [==============================] - 1s 506ms/step - loss: 2.1700 - accuracy: 0.2167 - val_loss: 1.8942 - val_accuracy: 0.2000 - lr: 5.0000e-04
Epoch 9/10
2/2 [==============================] - 1s 505ms/step - loss: 2.1511 - accuracy: 0.2000 - val_loss: 1.9313 - val_accuracy: 0.4000 - lr: 5.0000e-04
1/1 [==============================] - 0s 91ms/step - loss: 1.9537 - accuracy: 0.7143
Found 60 images belonging to 6 classes.
Found 5 images belonging to 6 classes.
Found 7 images belonging to 6 classes.
Epoch 1/15
2/2 [==============================] - ETA: 0s - loss: 2.4440 - accuracy: 0.2167C:\Users\tom.zbc\PycharmProjects\fungis_bacterias_project\.venv\lib\site-packages\keras\src\engine\training.py:3000: UserWarning: You are saving your model as an HDF5 file via `model.save()`. This file format is considered legacy. We recommend using instead the native Keras format, e.g. `model.save('my_model.keras')`.
  saving_api.save_model(
2/2 [==============================] - 2s 903ms/step - loss: 2.4440 - accuracy: 0.2167 - val_loss: 2.0943 - val_accuracy: 0.2000 - lr: 5.0000e-04
Epoch 2/15
2/2 [==============================] - 1s 749ms/step - loss: 2.4402 - accuracy: 0.1833 - val_loss: 1.9715 - val_accuracy: 0.6000 - lr: 5.0000e-04
Epoch 3/15
2/2 [==============================] - 1s 410ms/step - loss: 2.5505 - accuracy: 0.1500 - val_loss: 2.2928 - val_accuracy: 0.4000 - lr: 5.0000e-04
Epoch 4/15
2/2 [==============================] - 1s 482ms/step - loss: 2.2821 - accuracy: 0.1667 - val_loss: 2.2202 - val_accuracy: 0.2000 - lr: 5.0000e-04
1/1 [==============================] - 0s 108ms/step - loss: 2.0233 - accuracy: 0.4286
Found 60 images belonging to 6 classes.
Found 5 images belonging to 6 classes.
Found 7 images belonging to 6 classes.
Epoch 1/10
2/2 [==============================] - ETA: 0s - loss: 2.3485 - accuracy: 0.1833C:\Users\tom.zbc\PycharmProjects\fungis_bacterias_project\.venv\lib\site-packages\keras\src\engine\training.py:3000: UserWarning: You are saving your model as an HDF5 file via `model.save()`. This file format is considered legacy. We recommend using instead the native Keras format, e.g. `model.save('my_model.keras')`.
  saving_api.save_model(
2/2 [==============================] - 2s 902ms/step - loss: 2.3485 - accuracy: 0.1833 - val_loss: 2.4792 - val_accuracy: 0.2000 - lr: 5.0000e-04
Epoch 2/10
2/2 [==============================] - 1s 486ms/step - loss: 2.2471 - accuracy: 0.2000 - val_loss: 2.5089 - val_accuracy: 0.4000 - lr: 5.0000e-04
Epoch 3/10
2/2 [==============================] - 1s 673ms/step - loss: 2.3377 - accuracy: 0.2167 - val_loss: 2.3602 - val_accuracy: 0.2000 - lr: 5.0000e-04
Epoch 4/10
2/2 [==============================] - 1s 690ms/step - loss: 2.2786 - accuracy: 0.1833 - val_loss: 2.2570 - val_accuracy: 0.2000 - lr: 5.0000e-04
Epoch 5/10
2/2 [==============================] - 1s 688ms/step - loss: 2.2427 - accuracy: 0.2333 - val_loss: 2.1698 - val_accuracy: 0.0000e+00 - lr: 5.0000e-04
Epoch 6/10
2/2 [==============================] - 1s 772ms/step - loss: 2.1283 - accuracy: 0.2667 - val_loss: 2.1422 - val_accuracy: 0.0000e+00 - lr: 5.0000e-04
Epoch 7/10
2/2 [==============================] - 1s 747ms/step - loss: 2.1259 - accuracy: 0.1667 - val_loss: 2.1271 - val_accuracy: 0.0000e+00 - lr: 5.0000e-04
Epoch 8/10
2/2 [==============================] - 1s 704ms/step - loss: 2.0833 - accuracy: 0.2500 - val_loss: 2.1142 - val_accuracy: 0.0000e+00 - lr: 5.0000e-04
Epoch 9/10
2/2 [==============================] - 1s 766ms/step - loss: 2.0818 - accuracy: 0.2833 - val_loss: 2.0816 - val_accuracy: 0.0000e+00 - lr: 5.0000e-04
Epoch 10/10
2/2 [==============================] - 1s 753ms/step - loss: 2.0881 - accuracy: 0.2667 - val_loss: 2.0501 - val_accuracy: 0.2000 - lr: 5.0000e-04
1/1 [==============================] - 0s 86ms/step - loss: 2.0172 - accuracy: 0.1429
Found 60 images belonging to 6 classes.
Found 5 images belonging to 6 classes.
Found 7 images belonging to 6 classes.
Epoch 1/15
2/2 [==============================] - ETA: 0s - loss: 2.4680 - accuracy: 0.1667C:\Users\tom.zbc\PycharmProjects\fungis_bacterias_project\.venv\lib\site-packages\keras\src\engine\training.py:3000: UserWarning: You are saving your model as an HDF5 file via `model.save()`. This file format is considered legacy. We recommend using instead the native Keras format, e.g. `model.save('my_model.keras')`.
  saving_api.save_model(
2/2 [==============================] - 2s 839ms/step - loss: 2.4680 - accuracy: 0.1667 - val_loss: 2.4732 - val_accuracy: 0.4000 - lr: 5.0000e-04
Epoch 2/15
2/2 [==============================] - 1s 715ms/step - loss: 2.5193 - accuracy: 0.1667 - val_loss: 2.4359 - val_accuracy: 0.0000e+00 - lr: 5.0000e-04
Epoch 3/15
2/2 [==============================] - 1s 766ms/step - loss: 2.2331 - accuracy: 0.2167 - val_loss: 2.2465 - val_accuracy: 0.2000 - lr: 5.0000e-04
Epoch 4/15
2/2 [==============================] - 1s 695ms/step - loss: 2.1646 - accuracy: 0.2000 - val_loss: 2.1872 - val_accuracy: 0.2000 - lr: 5.0000e-04
Epoch 5/15
2/2 [==============================] - 1s 763ms/step - loss: 2.1809 - accuracy: 0.1833 - val_loss: 2.1786 - val_accuracy: 0.4000 - lr: 5.0000e-04
Epoch 6/15
2/2 [==============================] - 1s 693ms/step - loss: 2.1835 - accuracy: 0.1833 - val_loss: 2.1691 - val_accuracy: 0.4000 - lr: 5.0000e-04
Epoch 7/15
2/2 [==============================] - 1s 492ms/step - loss: 2.1539 - accuracy: 0.2167 - val_loss: 2.1770 - val_accuracy: 0.4000 - lr: 5.0000e-04
Epoch 8/15
2/2 [==============================] - 1s 697ms/step - loss: 2.1210 - accuracy: 0.2833 - val_loss: 2.1602 - val_accuracy: 0.2000 - lr: 5.0000e-04
Epoch 9/15
2/2 [==============================] - 1s 725ms/step - loss: 2.1444 - accuracy: 0.3000 - val_loss: 2.1333 - val_accuracy: 0.4000 - lr: 5.0000e-04
Epoch 10/15
2/2 [==============================] - 1s 756ms/step - loss: 2.1387 - accuracy: 0.2000 - val_loss: 2.0978 - val_accuracy: 0.4000 - lr: 5.0000e-04
Epoch 11/15
2/2 [==============================] - 1s 752ms/step - loss: 2.0955 - accuracy: 0.3333 - val_loss: 2.0693 - val_accuracy: 0.4000 - lr: 5.0000e-04
Epoch 12/15
2/2 [==============================] - 1s 759ms/step - loss: 2.0845 - accuracy: 0.2667 - val_loss: 2.0396 - val_accuracy: 0.4000 - lr: 5.0000e-04
Epoch 13/15
2/2 [==============================] - 1s 775ms/step - loss: 2.0820 - accuracy: 0.1833 - val_loss: 2.0110 - val_accuracy: 0.4000 - lr: 5.0000e-04
Epoch 14/15
2/2 [==============================] - 3s 3s/step - loss: 2.0675 - accuracy: 0.2167 - val_loss: 1.9802 - val_accuracy: 0.4000 - lr: 5.0000e-04
Epoch 15/15
2/2 [==============================] - 2s 992ms/step - loss: 2.0435 - accuracy: 0.3000 - val_loss: 1.9452 - val_accuracy: 0.4000 - lr: 5.0000e-04
1/1 [==============================] - 0s 113ms/step - loss: 2.1531 - accuracy: 0.1429
Found 60 images belonging to 6 classes.
Found 5 images belonging to 6 classes.
Found 7 images belonging to 6 classes.
Epoch 1/10
2/2 [==============================] - ETA: 0s - loss: 2.5664 - accuracy: 0.1167C:\Users\tom.zbc\PycharmProjects\fungis_bacterias_project\.venv\lib\site-packages\keras\src\engine\training.py:3000: UserWarning: You are saving your model as an HDF5 file via `model.save()`. This file format is considered legacy. We recommend using instead the native Keras format, e.g. `model.save('my_model.keras')`.
  saving_api.save_model(
2/2 [==============================] - 2s 1s/step - loss: 2.5664 - accuracy: 0.1167 - val_loss: 2.2079 - val_accuracy: 0.2000 - lr: 5.0000e-04
Epoch 2/10
2/2 [==============================] - 2s 979ms/step - loss: 2.5430 - accuracy: 0.2333 - val_loss: 2.1482 - val_accuracy: 0.4000 - lr: 5.0000e-04
Epoch 3/10
2/2 [==============================] - 2s 1s/step - loss: 2.5318 - accuracy: 0.1833 - val_loss: 2.0151 - val_accuracy: 0.2000 - lr: 5.0000e-04
Epoch 4/10
2/2 [==============================] - 2s 963ms/step - loss: 2.2945 - accuracy: 0.2667 - val_loss: 1.9722 - val_accuracy: 0.4000 - lr: 5.0000e-04
Epoch 5/10
2/2 [==============================] - 1s 646ms/step - loss: 2.1553 - accuracy: 0.3167 - val_loss: 2.0245 - val_accuracy: 0.4000 - lr: 5.0000e-04
Epoch 6/10
2/2 [==============================] - 1s 615ms/step - loss: 2.1775 - accuracy: 0.2667 - val_loss: 2.0679 - val_accuracy: 0.2000 - lr: 5.0000e-04
1/1 [==============================] - 0s 126ms/step - loss: 2.0183 - accuracy: 0.4286
Found 60 images belonging to 6 classes.
Found 5 images belonging to 6 classes.
Found 7 images belonging to 6 classes.
Epoch 1/15
2/2 [==============================] - ETA: 0s - loss: 2.4781 - accuracy: 0.1000C:\Users\tom.zbc\PycharmProjects\fungis_bacterias_project\.venv\lib\site-packages\keras\src\engine\training.py:3000: UserWarning: You are saving your model as an HDF5 file via `model.save()`. This file format is considered legacy. We recommend using instead the native Keras format, e.g. `model.save('my_model.keras')`.
  saving_api.save_model(
2/2 [==============================] - 2s 1s/step - loss: 2.4781 - accuracy: 0.1000 - val_loss: 2.0377 - val_accuracy: 0.4000 - lr: 5.0000e-04
Epoch 2/15
2/2 [==============================] - 1s 632ms/step - loss: 2.4451 - accuracy: 0.2000 - val_loss: 2.3269 - val_accuracy: 0.2000 - lr: 5.0000e-04
Epoch 3/15
2/2 [==============================] - 1s 675ms/step - loss: 2.3002 - accuracy: 0.2333 - val_loss: 2.2748 - val_accuracy: 0.2000 - lr: 5.0000e-04
1/1 [==============================] - 0s 142ms/step - loss: 2.2752 - accuracy: 0.4286
Found 60 images belonging to 6 classes.
Found 5 images belonging to 6 classes.
Found 7 images belonging to 6 classes.
Epoch 1/10
2/2 [==============================] - ETA: 0s - loss: 2.5481 - accuracy: 0.1500C:\Users\tom.zbc\PycharmProjects\fungis_bacterias_project\.venv\lib\site-packages\keras\src\engine\training.py:3000: UserWarning: You are saving your model as an HDF5 file via `model.save()`. This file format is considered legacy. We recommend using instead the native Keras format, e.g. `model.save('my_model.keras')`.
  saving_api.save_model(
2/2 [==============================] - 3s 1s/step - loss: 2.5481 - accuracy: 0.1500 - val_loss: 2.6248 - val_accuracy: 0.2000 - lr: 5.0000e-04
Epoch 2/10
2/2 [==============================] - 2s 1s/step - loss: 2.4697 - accuracy: 0.2333 - val_loss: 2.4114 - val_accuracy: 0.4000 - lr: 5.0000e-04
Epoch 3/10
2/2 [==============================] - 2s 1s/step - loss: 2.4638 - accuracy: 0.1333 - val_loss: 2.3074 - val_accuracy: 0.2000 - lr: 5.0000e-04
Epoch 4/10
2/2 [==============================] - 2s 1s/step - loss: 2.2529 - accuracy: 0.2000 - val_loss: 2.2521 - val_accuracy: 0.2000 - lr: 5.0000e-04
Epoch 5/10
2/2 [==============================] - 2s 1s/step - loss: 2.2268 - accuracy: 0.2000 - val_loss: 2.2089 - val_accuracy: 0.2000 - lr: 5.0000e-04
Epoch 6/10
2/2 [==============================] - 2s 1s/step - loss: 2.1768 - accuracy: 0.2500 - val_loss: 2.1830 - val_accuracy: 0.4000 - lr: 5.0000e-04
Epoch 7/10
2/2 [==============================] - 3s 2s/step - loss: 2.1883 - accuracy: 0.1833 - val_loss: 2.1617 - val_accuracy: 0.4000 - lr: 5.0000e-04
Epoch 8/10
2/2 [==============================] - 3s 988ms/step - loss: 2.1679 - accuracy: 0.2333 - val_loss: 2.1526 - val_accuracy: 0.4000 - lr: 5.0000e-04
Epoch 9/10
2/2 [==============================] - 2s 1s/step - loss: 2.1461 - accuracy: 0.2667 - val_loss: 2.1425 - val_accuracy: 0.4000 - lr: 5.0000e-04
Epoch 10/10
2/2 [==============================] - 2s 1s/step - loss: 2.1453 - accuracy: 0.2500 - val_loss: 2.1247 - val_accuracy: 0.4000 - lr: 5.0000e-04
1/1 [==============================] - 0s 115ms/step - loss: 2.1058 - accuracy: 0.4286
Found 60 images belonging to 6 classes.
Found 5 images belonging to 6 classes.
Found 7 images belonging to 6 classes.
Epoch 1/15
2/2 [==============================] - ETA: 0s - loss: 2.7676 - accuracy: 0.1333C:\Users\tom.zbc\PycharmProjects\fungis_bacterias_project\.venv\lib\site-packages\keras\src\engine\training.py:3000: UserWarning: You are saving your model as an HDF5 file via `model.save()`. This file format is considered legacy. We recommend using instead the native Keras format, e.g. `model.save('my_model.keras')`.
  saving_api.save_model(
2/2 [==============================] - 2s 849ms/step - loss: 2.7676 - accuracy: 0.1333 - val_loss: 2.5793 - val_accuracy: 0.0000e+00 - lr: 5.0000e-04
Epoch 2/15
2/2 [==============================] - 1s 777ms/step - loss: 2.3125 - accuracy: 0.2167 - val_loss: 2.3773 - val_accuracy: 0.2000 - lr: 5.0000e-04
Epoch 3/15
2/2 [==============================] - 1s 717ms/step - loss: 2.5203 - accuracy: 0.1667 - val_loss: 2.2692 - val_accuracy: 0.4000 - lr: 5.0000e-04
Epoch 4/15
2/2 [==============================] - 1s 712ms/step - loss: 2.2212 - accuracy: 0.2667 - val_loss: 2.2201 - val_accuracy: 0.4000 - lr: 5.0000e-04
Epoch 5/15
2/2 [==============================] - 1s 693ms/step - loss: 2.1905 - accuracy: 0.2667 - val_loss: 2.2071 - val_accuracy: 0.4000 - lr: 5.0000e-04
Epoch 6/15
2/2 [==============================] - 1s 782ms/step - loss: 2.2348 - accuracy: 0.1667 - val_loss: 2.2023 - val_accuracy: 0.4000 - lr: 5.0000e-04
Epoch 7/15
2/2 [==============================] - 1s 721ms/step - loss: 2.1811 - accuracy: 0.1500 - val_loss: 2.2010 - val_accuracy: 0.2000 - lr: 5.0000e-04
Epoch 8/15
2/2 [==============================] - 3s 3s/step - loss: 2.1852 - accuracy: 0.2167 - val_loss: 2.2000 - val_accuracy: 0.2000 - lr: 5.0000e-04
Epoch 9/15
2/2 [==============================] - 2s 1s/step - loss: 2.1896 - accuracy: 0.2167 - val_loss: 2.1954 - val_accuracy: 0.0000e+00 - lr: 5.0000e-04
Epoch 10/15
2/2 [==============================] - 1s 703ms/step - loss: 2.1780 - accuracy: 0.2500 - val_loss: 2.1850 - val_accuracy: 0.0000e+00 - lr: 5.0000e-04
Epoch 11/15
2/2 [==============================] - 1s 712ms/step - loss: 2.1589 - accuracy: 0.2667 - val_loss: 2.1748 - val_accuracy: 0.0000e+00 - lr: 5.0000e-04
Epoch 12/15
2/2 [==============================] - 1s 719ms/step - loss: 2.1671 - accuracy: 0.2333 - val_loss: 2.1653 - val_accuracy: 0.0000e+00 - lr: 5.0000e-04
Epoch 13/15
2/2 [==============================] - 1s 720ms/step - loss: 2.1368 - accuracy: 0.2667 - val_loss: 2.1558 - val_accuracy: 0.2000 - lr: 5.0000e-04
Epoch 14/15
2/2 [==============================] - 1s 799ms/step - loss: 2.1312 - accuracy: 0.3167 - val_loss: 2.1487 - val_accuracy: 0.2000 - lr: 5.0000e-04
Epoch 15/15
2/2 [==============================] - 1s 545ms/step - loss: 2.1119 - accuracy: 0.3000 - val_loss: 2.1533 - val_accuracy: 0.0000e+00 - lr: 5.0000e-04
1/1 [==============================] - 0s 90ms/step - loss: 2.1183 - accuracy: 0.1429
Found 60 images belonging to 6 classes.
Found 5 images belonging to 6 classes.
Found 7 images belonging to 6 classes.
Epoch 1/10
2/2 [==============================] - ETA: 0s - loss: 2.4991 - accuracy: 0.1333C:\Users\tom.zbc\PycharmProjects\fungis_bacterias_project\.venv\lib\site-packages\keras\src\engine\training.py:3000: UserWarning: You are saving your model as an HDF5 file via `model.save()`. This file format is considered legacy. We recommend using instead the native Keras format, e.g. `model.save('my_model.keras')`.
  saving_api.save_model(
2/2 [==============================] - 2s 1s/step - loss: 2.4991 - accuracy: 0.1333 - val_loss: 3.2686 - val_accuracy: 0.2000 - lr: 5.0000e-04
Epoch 2/10
2/2 [==============================] - 2s 1s/step - loss: 2.5294 - accuracy: 0.2167 - val_loss: 2.4132 - val_accuracy: 0.0000e+00 - lr: 5.0000e-04
Epoch 3/10
2/2 [==============================] - 2s 1s/step - loss: 2.3015 - accuracy: 0.2333 - val_loss: 2.2873 - val_accuracy: 0.2000 - lr: 5.0000e-04
Epoch 4/10
2/2 [==============================] - 2s 1s/step - loss: 2.2231 - accuracy: 0.2500 - val_loss: 2.2849 - val_accuracy: 0.2000 - lr: 5.0000e-04
Epoch 5/10
2/2 [==============================] - 1s 552ms/step - loss: 2.2498 - accuracy: 0.1000 - val_loss: 2.3008 - val_accuracy: 0.2000 - lr: 5.0000e-04
Epoch 6/10
2/2 [==============================] - 1s 694ms/step - loss: 2.2185 - accuracy: 0.2500 - val_loss: 2.3079 - val_accuracy: 0.2000 - lr: 5.0000e-04
1/1 [==============================] - 0s 100ms/step - loss: 2.2757 - accuracy: 0.1429
Found 60 images belonging to 6 classes.
Found 5 images belonging to 6 classes.
Found 7 images belonging to 6 classes.
Epoch 1/15
2/2 [==============================] - ETA: 0s - loss: 3.2697 - accuracy: 0.1000C:\Users\tom.zbc\PycharmProjects\fungis_bacterias_project\.venv\lib\site-packages\keras\src\engine\training.py:3000: UserWarning: You are saving your model as an HDF5 file via `model.save()`. This file format is considered legacy. We recommend using instead the native Keras format, e.g. `model.save('my_model.keras')`.
  saving_api.save_model(
2/2 [==============================] - 2s 1s/step - loss: 3.2697 - accuracy: 0.1000 - val_loss: 2.2912 - val_accuracy: 0.2000 - lr: 5.0000e-04
Epoch 2/15
2/2 [==============================] - 2s 1s/step - loss: 2.5580 - accuracy: 0.1167 - val_loss: 2.1970 - val_accuracy: 0.2000 - lr: 5.0000e-04
Epoch 3/15
2/2 [==============================] - 2s 1s/step - loss: 2.4116 - accuracy: 0.2000 - val_loss: 2.1525 - val_accuracy: 0.2000 - lr: 5.0000e-04
Epoch 4/15
2/2 [==============================] - 2s 1s/step - loss: 2.2774 - accuracy: 0.1500 - val_loss: 2.1522 - val_accuracy: 0.4000 - lr: 5.0000e-04
Epoch 5/15
2/2 [==============================] - 1s 610ms/step - loss: 2.2325 - accuracy: 0.2833 - val_loss: 2.1830 - val_accuracy: 0.4000 - lr: 5.0000e-04
Epoch 6/15
2/2 [==============================] - 1s 688ms/step - loss: 2.2450 - accuracy: 0.2333 - val_loss: 2.2100 - val_accuracy: 0.4000 - lr: 5.0000e-04
1/1 [==============================] - 0s 99ms/step - loss: 2.2930 - accuracy: 0.1429
Found 60 images belonging to 6 classes.
Found 5 images belonging to 6 classes.
Found 7 images belonging to 6 classes.
Epoch 1/10
2/2 [==============================] - ETA: 0s - loss: 3.0282 - accuracy: 0.1833C:\Users\tom.zbc\PycharmProjects\fungis_bacterias_project\.venv\lib\site-packages\keras\src\engine\training.py:3000: UserWarning: You are saving your model as an HDF5 file via `model.save()`. This file format is considered legacy. We recommend using instead the native Keras format, e.g. `model.save('my_model.keras')`.
  saving_api.save_model(
2/2 [==============================] - 2s 1s/step - loss: 3.0282 - accuracy: 0.1833 - val_loss: 2.6671 - val_accuracy: 0.2000 - lr: 5.0000e-04
Epoch 2/10
2/2 [==============================] - 2s 1s/step - loss: 2.6504 - accuracy: 0.1500 - val_loss: 2.4462 - val_accuracy: 0.2000 - lr: 5.0000e-04
Epoch 3/10
2/2 [==============================] - 2s 1s/step - loss: 2.3973 - accuracy: 0.2167 - val_loss: 2.3550 - val_accuracy: 0.2000 - lr: 5.0000e-04
Epoch 4/10
2/2 [==============================] - 2s 1s/step - loss: 2.1776 - accuracy: 0.2667 - val_loss: 2.3284 - val_accuracy: 0.2000 - lr: 5.0000e-04
Epoch 5/10
2/2 [==============================] - 2s 1s/step - loss: 2.2753 - accuracy: 0.1167 - val_loss: 2.2575 - val_accuracy: 0.2000 - lr: 5.0000e-04
Epoch 6/10
2/2 [==============================] - 2s 1s/step - loss: 2.1960 - accuracy: 0.2167 - val_loss: 2.2295 - val_accuracy: 0.2000 - lr: 5.0000e-04
Epoch 7/10
2/2 [==============================] - 2s 1s/step - loss: 2.2053 - accuracy: 0.2833 - val_loss: 2.2233 - val_accuracy: 0.2000 - lr: 5.0000e-04
Epoch 8/10
2/2 [==============================] - 1s 592ms/step - loss: 2.1905 - accuracy: 0.2667 - val_loss: 2.2240 - val_accuracy: 0.2000 - lr: 5.0000e-04
Epoch 9/10
2/2 [==============================] - 1s 706ms/step - loss: 2.1890 - accuracy: 0.2667 - val_loss: 2.2241 - val_accuracy: 0.2000 - lr: 5.0000e-04
1/1 [==============================] - 0s 100ms/step - loss: 2.2226 - accuracy: 0.0000e+00
Found 60 images belonging to 6 classes.
Found 5 images belonging to 6 classes.
Found 7 images belonging to 6 classes.
Epoch 1/15
2/2 [==============================] - ETA: 0s - loss: 2.9355 - accuracy: 0.1000C:\Users\tom.zbc\PycharmProjects\fungis_bacterias_project\.venv\lib\site-packages\keras\src\engine\training.py:3000: UserWarning: You are saving your model as an HDF5 file via `model.save()`. This file format is considered legacy. We recommend using instead the native Keras format, e.g. `model.save('my_model.keras')`.
  saving_api.save_model(
2/2 [==============================] - 2s 1s/step - loss: 2.9355 - accuracy: 0.1000 - val_loss: 3.0403 - val_accuracy: 0.4000 - lr: 5.0000e-04
Epoch 2/15
2/2 [==============================] - 1s 590ms/step - loss: 2.6064 - accuracy: 0.1667 - val_loss: 3.1065 - val_accuracy: 0.2000 - lr: 5.0000e-04
Epoch 3/15
2/2 [==============================] - 2s 1s/step - loss: 2.4419 - accuracy: 0.2167 - val_loss: 2.4151 - val_accuracy: 0.2000 - lr: 5.0000e-04
Epoch 4/15
2/2 [==============================] - 2s 1s/step - loss: 2.3265 - accuracy: 0.1667 - val_loss: 2.2311 - val_accuracy: 0.4000 - lr: 5.0000e-04
Epoch 5/15
2/2 [==============================] - 2s 1s/step - loss: 2.2436 - accuracy: 0.2333 - val_loss: 2.2073 - val_accuracy: 0.2000 - lr: 5.0000e-04
Epoch 6/15
2/2 [==============================] - 1s 585ms/step - loss: 2.2295 - accuracy: 0.1833 - val_loss: 2.2119 - val_accuracy: 0.2000 - lr: 5.0000e-04
Epoch 7/15
2/2 [==============================] - 1s 634ms/step - loss: 2.2148 - accuracy: 0.3000 - val_loss: 2.2147 - val_accuracy: 0.2000 - lr: 5.0000e-04
1/1 [==============================] - 0s 99ms/step - loss: 2.2320 - accuracy: 0.2857
Found 60 images belonging to 6 classes.
Found 5 images belonging to 6 classes.
Found 7 images belonging to 6 classes.
Epoch 1/10
2/2 [==============================] - ETA: 0s - loss: 2.8147 - accuracy: 0.2000C:\Users\tom.zbc\PycharmProjects\fungis_bacterias_project\.venv\lib\site-packages\keras\src\engine\training.py:3000: UserWarning: You are saving your model as an HDF5 file via `model.save()`. This file format is considered legacy. We recommend using instead the native Keras format, e.g. `model.save('my_model.keras')`.
  saving_api.save_model(
2/2 [==============================] - 2s 1s/step - loss: 2.8147 - accuracy: 0.2000 - val_loss: 2.5818 - val_accuracy: 0.2000 - lr: 5.0000e-04
Epoch 2/10
2/2 [==============================] - 2s 1s/step - loss: 2.7203 - accuracy: 0.1667 - val_loss: 2.4114 - val_accuracy: 0.2000 - lr: 5.0000e-04
Epoch 3/10
2/2 [==============================] - 2s 1s/step - loss: 2.3746 - accuracy: 0.2333 - val_loss: 2.3378 - val_accuracy: 0.2000 - lr: 5.0000e-04
Epoch 4/10
2/2 [==============================] - 2s 1s/step - loss: 2.2704 - accuracy: 0.2167 - val_loss: 2.2461 - val_accuracy: 0.2000 - lr: 5.0000e-04
Epoch 5/10
2/2 [==============================] - 2s 1s/step - loss: 2.2240 - accuracy: 0.2667 - val_loss: 2.1979 - val_accuracy: 0.2000 - lr: 5.0000e-04
Epoch 6/10
2/2 [==============================] - 2s 1s/step - loss: 2.2172 - accuracy: 0.2167 - val_loss: 2.1815 - val_accuracy: 0.2000 - lr: 5.0000e-04
Epoch 7/10
2/2 [==============================] - 1s 580ms/step - loss: 2.2376 - accuracy: 0.1667 - val_loss: 2.1860 - val_accuracy: 0.4000 - lr: 5.0000e-04
Epoch 8/10
2/2 [==============================] - 2s 1s/step - loss: 2.2112 - accuracy: 0.2500 - val_loss: 2.1708 - val_accuracy: 0.4000 - lr: 5.0000e-04
Epoch 9/10
2/2 [==============================] - 2s 1s/step - loss: 2.2295 - accuracy: 0.2167 - val_loss: 2.1488 - val_accuracy: 0.8000 - lr: 5.0000e-04
Epoch 10/10
2/2 [==============================] - 2s 1s/step - loss: 2.2315 - accuracy: 0.2167 - val_loss: 2.1221 - val_accuracy: 0.8000 - lr: 5.0000e-04
1/1 [==============================] - 0s 105ms/step - loss: 2.1838 - accuracy: 0.4286
Found 60 images belonging to 6 classes.
Found 5 images belonging to 6 classes.
Found 7 images belonging to 6 classes.
Epoch 1/15
2/2 [==============================] - ETA: 0s - loss: 2.6980 - accuracy: 0.1500C:\Users\tom.zbc\PycharmProjects\fungis_bacterias_project\.venv\lib\site-packages\keras\src\engine\training.py:3000: UserWarning: You are saving your model as an HDF5 file via `model.save()`. This file format is considered legacy. We recommend using instead the native Keras format, e.g. `model.save('my_model.keras')`.
  saving_api.save_model(
2/2 [==============================] - 2s 1s/step - loss: 2.6980 - accuracy: 0.1500 - val_loss: 2.9881 - val_accuracy: 0.2000 - lr: 5.0000e-04
Epoch 2/15
2/2 [==============================] - 2s 1s/step - loss: 2.7400 - accuracy: 0.1833 - val_loss: 2.6789 - val_accuracy: 0.2000 - lr: 5.0000e-04
Epoch 3/15
2/2 [==============================] - 2s 1s/step - loss: 2.4215 - accuracy: 0.1667 - val_loss: 2.2437 - val_accuracy: 0.2000 - lr: 5.0000e-04
Epoch 4/15
2/2 [==============================] - 2s 1s/step - loss: 2.3035 - accuracy: 0.1833 - val_loss: 2.2100 - val_accuracy: 0.2000 - lr: 5.0000e-04
Epoch 5/15
2/2 [==============================] - 1s 547ms/step - loss: 2.2597 - accuracy: 0.1333 - val_loss: 2.2287 - val_accuracy: 0.2000 - lr: 5.0000e-04
Epoch 6/15
2/2 [==============================] - 1s 629ms/step - loss: 2.2495 - accuracy: 0.2000 - val_loss: 2.2356 - val_accuracy: 0.4000 - lr: 5.0000e-04
1/1 [==============================] - 0s 101ms/step - loss: 2.2359 - accuracy: 0.2857
Found 60 images belonging to 6 classes.
Found 5 images belonging to 6 classes.
Found 7 images belonging to 6 classes.
Epoch 1/10
2/2 [==============================] - ETA: 0s - loss: 2.6900 - accuracy: 0.2000C:\Users\tom.zbc\PycharmProjects\fungis_bacterias_project\.venv\lib\site-packages\keras\src\engine\training.py:3000: UserWarning: You are saving your model as an HDF5 file via `model.save()`. This file format is considered legacy. We recommend using instead the native Keras format, e.g. `model.save('my_model.keras')`.
  saving_api.save_model(
2/2 [==============================] - 2s 1s/step - loss: 2.6900 - accuracy: 0.2000 - val_loss: 2.8087 - val_accuracy: 0.2000 - lr: 5.0000e-04
Epoch 2/10
2/2 [==============================] - 2s 1s/step - loss: 2.8550 - accuracy: 0.1500 - val_loss: 2.3478 - val_accuracy: 0.2000 - lr: 5.0000e-04
Epoch 3/10
2/2 [==============================] - 2s 1s/step - loss: 2.4520 - accuracy: 0.1167 - val_loss: 2.3282 - val_accuracy: 0.0000e+00 - lr: 5.0000e-04
Epoch 4/10
2/2 [==============================] - 2s 1s/step - loss: 2.2686 - accuracy: 0.1333 - val_loss: 2.2942 - val_accuracy: 0.2000 - lr: 5.0000e-04
Epoch 5/10
2/2 [==============================] - 2s 1s/step - loss: 2.2433 - accuracy: 0.1833 - val_loss: 2.2570 - val_accuracy: 0.2000 - lr: 5.0000e-04
Epoch 6/10
2/2 [==============================] - 2s 1s/step - loss: 2.2243 - accuracy: 0.3000 - val_loss: 2.2391 - val_accuracy: 0.2000 - lr: 5.0000e-04
Epoch 7/10
2/2 [==============================] - 2s 1s/step - loss: 2.2241 - accuracy: 0.1833 - val_loss: 2.2320 - val_accuracy: 0.2000 - lr: 5.0000e-04
Epoch 8/10
2/2 [==============================] - 2s 1s/step - loss: 2.2215 - accuracy: 0.2333 - val_loss: 2.2255 - val_accuracy: 0.2000 - lr: 5.0000e-04
Epoch 9/10
2/2 [==============================] - 2s 1s/step - loss: 2.2216 - accuracy: 0.1333 - val_loss: 2.2196 - val_accuracy: 0.2000 - lr: 5.0000e-04
Epoch 10/10
2/2 [==============================] - 2s 1s/step - loss: 2.2152 - accuracy: 0.1167 - val_loss: 2.2156 - val_accuracy: 0.2000 - lr: 5.0000e-04
1/1 [==============================] - 0s 102ms/step - loss: 2.2769 - accuracy: 0.0000e+00
Found 60 images belonging to 6 classes.
Found 5 images belonging to 6 classes.
Found 7 images belonging to 6 classes.
Epoch 1/15
2/2 [==============================] - ETA: 0s - loss: 3.4527 - accuracy: 0.1000C:\Users\tom.zbc\PycharmProjects\fungis_bacterias_project\.venv\lib\site-packages\keras\src\engine\training.py:3000: UserWarning: You are saving your model as an HDF5 file via `model.save()`. This file format is considered legacy. We recommend using instead the native Keras format, e.g. `model.save('my_model.keras')`.
  saving_api.save_model(
2/2 [==============================] - 2s 1s/step - loss: 3.4527 - accuracy: 0.1000 - val_loss: 2.5177 - val_accuracy: 0.2000 - lr: 5.0000e-04
Epoch 2/15
2/2 [==============================] - 2s 1s/step - loss: 2.4751 - accuracy: 0.2000 - val_loss: 2.5065 - val_accuracy: 0.2000 - lr: 5.0000e-04
Epoch 3/15
2/2 [==============================] - 2s 1s/step - loss: 2.4095 - accuracy: 0.1833 - val_loss: 2.3591 - val_accuracy: 0.4000 - lr: 5.0000e-04
Epoch 4/15
2/2 [==============================] - 2s 1s/step - loss: 2.2449 - accuracy: 0.2333 - val_loss: 2.2884 - val_accuracy: 0.2000 - lr: 5.0000e-04
Epoch 5/15
2/2 [==============================] - 2s 1s/step - loss: 2.2703 - accuracy: 0.1667 - val_loss: 2.2572 - val_accuracy: 0.2000 - lr: 5.0000e-04
Epoch 6/15
2/2 [==============================] - 2s 1s/step - loss: 2.2248 - accuracy: 0.1667 - val_loss: 2.2331 - val_accuracy: 0.2000 - lr: 5.0000e-04
Epoch 7/15
2/2 [==============================] - 2s 1s/step - loss: 2.2096 - accuracy: 0.2333 - val_loss: 2.2278 - val_accuracy: 0.2000 - lr: 5.0000e-04
Epoch 8/15
2/2 [==============================] - 2s 1s/step - loss: 2.2340 - accuracy: 0.1833 - val_loss: 2.2225 - val_accuracy: 0.2000 - lr: 5.0000e-04
Epoch 9/15
2/2 [==============================] - 2s 1s/step - loss: 2.2089 - accuracy: 0.1833 - val_loss: 2.2183 - val_accuracy: 0.2000 - lr: 5.0000e-04
Epoch 10/15
2/2 [==============================] - 2s 1s/step - loss: 2.2054 - accuracy: 0.2333 - val_loss: 2.2095 - val_accuracy: 0.4000 - lr: 5.0000e-04
Epoch 11/15
2/2 [==============================] - 2s 1s/step - loss: 2.1961 - accuracy: 0.2667 - val_loss: 2.1986 - val_accuracy: 0.4000 - lr: 5.0000e-04
Epoch 12/15
2/2 [==============================] - 2s 1s/step - loss: 2.2010 - accuracy: 0.2000 - val_loss: 2.1853 - val_accuracy: 0.4000 - lr: 5.0000e-04
Epoch 13/15
2/2 [==============================] - 2s 1s/step - loss: 2.1632 - accuracy: 0.2833 - val_loss: 2.1720 - val_accuracy: 0.4000 - lr: 5.0000e-04
Epoch 14/15
2/2 [==============================] - 2s 1s/step - loss: 2.1429 - accuracy: 0.2667 - val_loss: 2.1594 - val_accuracy: 0.4000 - lr: 5.0000e-04
Epoch 15/15
2/2 [==============================] - 2s 1s/step - loss: 2.1550 - accuracy: 0.2333 - val_loss: 2.1579 - val_accuracy: 0.2000 - lr: 5.0000e-04
1/1 [==============================] - 0s 108ms/step - loss: 2.2518 - accuracy: 0.1429
Found 60 images belonging to 6 classes.
Found 5 images belonging to 6 classes.
Found 7 images belonging to 6 classes.
Epoch 1/10
2/2 [==============================] - ETA: 0s - loss: 2.7801 - accuracy: 0.1333C:\Users\tom.zbc\PycharmProjects\fungis_bacterias_project\.venv\lib\site-packages\keras\src\engine\training.py:3000: UserWarning: You are saving your model as an HDF5 file via `model.save()`. This file format is considered legacy. We recommend using instead the native Keras format, e.g. `model.save('my_model.keras')`.
  saving_api.save_model(
2/2 [==============================] - 2s 942ms/step - loss: 2.7801 - accuracy: 0.1333 - val_loss: 2.4429 - val_accuracy: 0.0000e+00 - lr: 5.0000e-04
Epoch 2/10
2/2 [==============================] - 1s 779ms/step - loss: 2.3567 - accuracy: 0.1500 - val_loss: 2.3680 - val_accuracy: 0.0000e+00 - lr: 5.0000e-04
Epoch 3/10
2/2 [==============================] - 1s 775ms/step - loss: 2.2231 - accuracy: 0.2333 - val_loss: 2.3218 - val_accuracy: 0.2000 - lr: 5.0000e-04
Epoch 4/10
2/2 [==============================] - 1s 725ms/step - loss: 2.2752 - accuracy: 0.1833 - val_loss: 2.2161 - val_accuracy: 0.2000 - lr: 5.0000e-04
Epoch 5/10
2/2 [==============================] - 1s 726ms/step - loss: 2.2179 - accuracy: 0.2167 - val_loss: 2.1685 - val_accuracy: 0.4000 - lr: 5.0000e-04
Epoch 6/10
2/2 [==============================] - 1s 765ms/step - loss: 2.2211 - accuracy: 0.1833 - val_loss: 2.1235 - val_accuracy: 0.4000 - lr: 5.0000e-04
Epoch 7/10
2/2 [==============================] - 1s 777ms/step - loss: 2.1515 - accuracy: 0.2167 - val_loss: 2.0990 - val_accuracy: 0.2000 - lr: 5.0000e-04
Epoch 8/10
2/2 [==============================] - 1s 792ms/step - loss: 2.1643 - accuracy: 0.1667 - val_loss: 2.0929 - val_accuracy: 0.2000 - lr: 5.0000e-04
Epoch 9/10
2/2 [==============================] - 1s 762ms/step - loss: 2.1457 - accuracy: 0.3167 - val_loss: 2.0854 - val_accuracy: 0.2000 - lr: 5.0000e-04
Epoch 10/10
2/2 [==============================] - 1s 693ms/step - loss: 2.1089 - accuracy: 0.2167 - val_loss: 2.0673 - val_accuracy: 0.4000 - lr: 5.0000e-04
1/1 [==============================] - 0s 91ms/step - loss: 2.1059 - accuracy: 0.1429
Found 60 images belonging to 6 classes.
Found 5 images belonging to 6 classes.
Found 7 images belonging to 6 classes.
Epoch 1/15
2/2 [==============================] - ETA: 0s - loss: 2.7114 - accuracy: 0.1667C:\Users\tom.zbc\PycharmProjects\fungis_bacterias_project\.venv\lib\site-packages\keras\src\engine\training.py:3000: UserWarning: You are saving your model as an HDF5 file via `model.save()`. This file format is considered legacy. We recommend using instead the native Keras format, e.g. `model.save('my_model.keras')`.
  saving_api.save_model(
2/2 [==============================] - 2s 847ms/step - loss: 2.7114 - accuracy: 0.1667 - val_loss: 3.0632 - val_accuracy: 0.0000e+00 - lr: 5.0000e-04
Epoch 2/15
2/2 [==============================] - 1s 765ms/step - loss: 2.6047 - accuracy: 0.2000 - val_loss: 2.0878 - val_accuracy: 0.2000 - lr: 5.0000e-04
Epoch 3/15
2/2 [==============================] - 1s 773ms/step - loss: 2.5154 - accuracy: 0.1333 - val_loss: 2.0824 - val_accuracy: 0.2000 - lr: 5.0000e-04
Epoch 4/15
2/2 [==============================] - 1s 439ms/step - loss: 2.3143 - accuracy: 0.1833 - val_loss: 2.1929 - val_accuracy: 0.2000 - lr: 5.0000e-04
Epoch 5/15
2/2 [==============================] - 1s 498ms/step - loss: 2.1331 - accuracy: 0.3667 - val_loss: 2.2706 - val_accuracy: 0.4000 - lr: 5.0000e-04
1/1 [==============================] - 0s 92ms/step - loss: 2.1438 - accuracy: 0.2857
Found 60 images belonging to 6 classes.
Found 5 images belonging to 6 classes.
Found 7 images belonging to 6 classes.
Epoch 1/10
2/2 [==============================] - ETA: 0s - loss: 2.5563 - accuracy: 0.1500C:\Users\tom.zbc\PycharmProjects\fungis_bacterias_project\.venv\lib\site-packages\keras\src\engine\training.py:3000: UserWarning: You are saving your model as an HDF5 file via `model.save()`. This file format is considered legacy. We recommend using instead the native Keras format, e.g. `model.save('my_model.keras')`.
  saving_api.save_model(
2/2 [==============================] - 2s 938ms/step - loss: 2.5563 - accuracy: 0.1500 - val_loss: 2.9713 - val_accuracy: 0.2000 - lr: 5.0000e-04
Epoch 2/10
2/2 [==============================] - 1s 758ms/step - loss: 2.6018 - accuracy: 0.1833 - val_loss: 2.3181 - val_accuracy: 0.0000e+00 - lr: 5.0000e-04
Epoch 3/10
2/2 [==============================] - 1s 801ms/step - loss: 2.4167 - accuracy: 0.2333 - val_loss: 2.1114 - val_accuracy: 0.2000 - lr: 5.0000e-04
Epoch 4/10
2/2 [==============================] - 1s 786ms/step - loss: 2.3480 - accuracy: 0.1500 - val_loss: 2.0814 - val_accuracy: 0.4000 - lr: 5.0000e-04
Epoch 5/10
2/2 [==============================] - 1s 463ms/step - loss: 2.2436 - accuracy: 0.1833 - val_loss: 2.1011 - val_accuracy: 0.4000 - lr: 5.0000e-04
Epoch 6/10
2/2 [==============================] - 1s 457ms/step - loss: 2.2510 - accuracy: 0.1667 - val_loss: 2.1327 - val_accuracy: 0.4000 - lr: 5.0000e-04
1/1 [==============================] - 0s 87ms/step - loss: 2.2768 - accuracy: 0.0000e+00
Found 60 images belonging to 6 classes.
Found 5 images belonging to 6 classes.
Found 7 images belonging to 6 classes.
Epoch 1/15
2/2 [==============================] - ETA: 0s - loss: 2.6519 - accuracy: 0.1000C:\Users\tom.zbc\PycharmProjects\fungis_bacterias_project\.venv\lib\site-packages\keras\src\engine\training.py:3000: UserWarning: You are saving your model as an HDF5 file via `model.save()`. This file format is considered legacy. We recommend using instead the native Keras format, e.g. `model.save('my_model.keras')`.
  saving_api.save_model(
2/2 [==============================] - 2s 889ms/step - loss: 2.6519 - accuracy: 0.1000 - val_loss: 2.7340 - val_accuracy: 0.2000 - lr: 5.0000e-04
Epoch 2/15
2/2 [==============================] - 1s 744ms/step - loss: 2.3331 - accuracy: 0.2500 - val_loss: 2.4171 - val_accuracy: 0.2000 - lr: 5.0000e-04
Epoch 3/15
2/2 [==============================] - 1s 720ms/step - loss: 2.2322 - accuracy: 0.2500 - val_loss: 2.2350 - val_accuracy: 0.2000 - lr: 5.0000e-04
Epoch 4/15
2/2 [==============================] - 1s 785ms/step - loss: 2.3105 - accuracy: 0.2167 - val_loss: 2.2034 - val_accuracy: 0.0000e+00 - lr: 5.0000e-04
Epoch 5/15
2/2 [==============================] - 1s 440ms/step - loss: 2.2462 - accuracy: 0.1500 - val_loss: 2.2098 - val_accuracy: 0.0000e+00 - lr: 5.0000e-04
Epoch 6/15
2/2 [==============================] - 1s 716ms/step - loss: 2.1734 - accuracy: 0.1500 - val_loss: 2.1971 - val_accuracy: 0.0000e+00 - lr: 5.0000e-04
Epoch 7/15
2/2 [==============================] - 1s 716ms/step - loss: 2.1367 - accuracy: 0.2000 - val_loss: 2.1694 - val_accuracy: 0.0000e+00 - lr: 5.0000e-04
Epoch 8/15
2/2 [==============================] - 1s 714ms/step - loss: 2.1328 - accuracy: 0.2500 - val_loss: 2.1471 - val_accuracy: 0.0000e+00 - lr: 5.0000e-04
Epoch 9/15
2/2 [==============================] - 1s 724ms/step - loss: 2.1124 - accuracy: 0.2833 - val_loss: 2.1311 - val_accuracy: 0.2000 - lr: 5.0000e-04
Epoch 10/15
2/2 [==============================] - 1s 711ms/step - loss: 2.1256 - accuracy: 0.2167 - val_loss: 2.1182 - val_accuracy: 0.4000 - lr: 5.0000e-04
Epoch 11/15
2/2 [==============================] - 1s 746ms/step - loss: 2.1046 - accuracy: 0.2333 - val_loss: 2.1123 - val_accuracy: 0.4000 - lr: 5.0000e-04
Epoch 12/15
2/2 [==============================] - 1s 791ms/step - loss: 2.1083 - accuracy: 0.2500 - val_loss: 2.1012 - val_accuracy: 0.4000 - lr: 5.0000e-04
Epoch 13/15
2/2 [==============================] - 1s 719ms/step - loss: 2.1105 - accuracy: 0.2167 - val_loss: 2.0939 - val_accuracy: 0.4000 - lr: 5.0000e-04
Epoch 14/15
2/2 [==============================] - 1s 487ms/step - loss: 2.0814 - accuracy: 0.3167 - val_loss: 2.0944 - val_accuracy: 0.4000 - lr: 5.0000e-04
Epoch 15/15
2/2 [==============================] - 1s 526ms/step - loss: 2.0518 - accuracy: 0.2833 - val_loss: 2.1003 - val_accuracy: 0.4000 - lr: 5.0000e-04
1/1 [==============================] - 0s 87ms/step - loss: 2.1691 - accuracy: 0.1429
Found 60 images belonging to 6 classes.
Found 5 images belonging to 6 classes.
Found 7 images belonging to 6 classes.
Epoch 1/10
2/2 [==============================] - ETA: 0s - loss: 2.5511 - accuracy: 0.1500C:\Users\tom.zbc\PycharmProjects\fungis_bacterias_project\.venv\lib\site-packages\keras\src\engine\training.py:3000: UserWarning: You are saving your model as an HDF5 file via `model.save()`. This file format is considered legacy. We recommend using instead the native Keras format, e.g. `model.save('my_model.keras')`.
  saving_api.save_model(
2/2 [==============================] - 2s 834ms/step - loss: 2.5511 - accuracy: 0.1500 - val_loss: 2.2990 - val_accuracy: 0.2000 - lr: 5.0000e-04
Epoch 2/10
2/2 [==============================] - 1s 767ms/step - loss: 2.4329 - accuracy: 0.1500 - val_loss: 2.2871 - val_accuracy: 0.2000 - lr: 5.0000e-04
Epoch 3/10
2/2 [==============================] - 1s 498ms/step - loss: 2.2948 - accuracy: 0.1333 - val_loss: 2.3176 - val_accuracy: 0.2000 - lr: 5.0000e-04
Epoch 4/10
2/2 [==============================] - 1s 437ms/step - loss: 2.2527 - accuracy: 0.2667 - val_loss: 2.3186 - val_accuracy: 0.0000e+00 - lr: 5.0000e-04
1/1 [==============================] - 0s 88ms/step - loss: 2.2094 - accuracy: 0.1429
Found 60 images belonging to 6 classes.
Found 5 images belonging to 6 classes.
Found 7 images belonging to 6 classes.
Epoch 1/15
2/2 [==============================] - ETA: 0s - loss: 2.3674 - accuracy: 0.2333C:\Users\tom.zbc\PycharmProjects\fungis_bacterias_project\.venv\lib\site-packages\keras\src\engine\training.py:3000: UserWarning: You are saving your model as an HDF5 file via `model.save()`. This file format is considered legacy. We recommend using instead the native Keras format, e.g. `model.save('my_model.keras')`.
  saving_api.save_model(
2/2 [==============================] - 2s 935ms/step - loss: 2.3674 - accuracy: 0.2333 - val_loss: 2.3737 - val_accuracy: 0.4000 - lr: 5.0000e-04
Epoch 2/15
2/2 [==============================] - 1s 761ms/step - loss: 2.4103 - accuracy: 0.2000 - val_loss: 2.2875 - val_accuracy: 0.2000 - lr: 5.0000e-04
Epoch 3/15
2/2 [==============================] - 1s 766ms/step - loss: 2.4750 - accuracy: 0.0833 - val_loss: 2.1354 - val_accuracy: 0.2000 - lr: 5.0000e-04
Epoch 4/15
2/2 [==============================] - 1s 517ms/step - loss: 2.2148 - accuracy: 0.1833 - val_loss: 2.2033 - val_accuracy: 0.2000 - lr: 5.0000e-04
Epoch 5/15
2/2 [==============================] - 1s 518ms/step - loss: 2.2302 - accuracy: 0.2167 - val_loss: 2.1797 - val_accuracy: 0.2000 - lr: 5.0000e-04
1/1 [==============================] - 0s 94ms/step - loss: 2.0756 - accuracy: 0.1429
Found 60 images belonging to 6 classes.
Found 5 images belonging to 6 classes.
Found 7 images belonging to 6 classes.
Epoch 1/10
2/2 [==============================] - ETA: 0s - loss: 2.5001 - accuracy: 0.1500C:\Users\tom.zbc\PycharmProjects\fungis_bacterias_project\.venv\lib\site-packages\keras\src\engine\training.py:3000: UserWarning: You are saving your model as an HDF5 file via `model.save()`. This file format is considered legacy. We recommend using instead the native Keras format, e.g. `model.save('my_model.keras')`.
  saving_api.save_model(
2/2 [==============================] - 2s 925ms/step - loss: 2.5001 - accuracy: 0.1500 - val_loss: 2.2126 - val_accuracy: 0.4000 - lr: 5.0000e-04
Epoch 2/10
2/2 [==============================] - 1s 695ms/step - loss: 2.6039 - accuracy: 0.1500 - val_loss: 1.9872 - val_accuracy: 0.4000 - lr: 5.0000e-04
Epoch 3/10
2/2 [==============================] - 1s 519ms/step - loss: 2.5002 - accuracy: 0.1667 - val_loss: 2.1753 - val_accuracy: 0.2000 - lr: 5.0000e-04
Epoch 4/10
2/2 [==============================] - 1s 567ms/step - loss: 2.2251 - accuracy: 0.3500 - val_loss: 2.2248 - val_accuracy: 0.2000 - lr: 5.0000e-04
1/1 [==============================] - 0s 96ms/step - loss: 2.2789 - accuracy: 0.2857
Found 60 images belonging to 6 classes.
Found 5 images belonging to 6 classes.
Found 7 images belonging to 6 classes.
Epoch 1/15
2/2 [==============================] - ETA: 0s - loss: 2.4805 - accuracy: 0.0667C:\Users\tom.zbc\PycharmProjects\fungis_bacterias_project\.venv\lib\site-packages\keras\src\engine\training.py:3000: UserWarning: You are saving your model as an HDF5 file via `model.save()`. This file format is considered legacy. We recommend using instead the native Keras format, e.g. `model.save('my_model.keras')`.
  saving_api.save_model(
2/2 [==============================] - 2s 909ms/step - loss: 2.4805 - accuracy: 0.0667 - val_loss: 1.9970 - val_accuracy: 0.2000 - lr: 5.0000e-04
Epoch 2/15
2/2 [==============================] - 1s 726ms/step - loss: 2.5034 - accuracy: 0.0833 - val_loss: 1.8777 - val_accuracy: 0.6000 - lr: 5.0000e-04
Epoch 3/15
2/2 [==============================] - 1s 442ms/step - loss: 2.2750 - accuracy: 0.2333 - val_loss: 2.0699 - val_accuracy: 0.2000 - lr: 5.0000e-04
Epoch 4/15
2/2 [==============================] - 1s 440ms/step - loss: 2.3021 - accuracy: 0.2167 - val_loss: 2.1508 - val_accuracy: 0.2000 - lr: 5.0000e-04
1/1 [==============================] - 0s 91ms/step - loss: 2.1200 - accuracy: 0.4286
Found 60 images belonging to 6 classes.
Found 5 images belonging to 6 classes.
Found 7 images belonging to 6 classes.
Epoch 1/10
2/2 [==============================] - ETA: 0s - loss: 2.5390 - accuracy: 0.1833C:\Users\tom.zbc\PycharmProjects\fungis_bacterias_project\.venv\lib\site-packages\keras\src\engine\training.py:3000: UserWarning: You are saving your model as an HDF5 file via `model.save()`. This file format is considered legacy. We recommend using instead the native Keras format, e.g. `model.save('my_model.keras')`.
  saving_api.save_model(
2/2 [==============================] - 2s 1s/step - loss: 2.5390 - accuracy: 0.1833 - val_loss: 2.8386 - val_accuracy: 0.0000e+00 - lr: 5.0000e-04
Epoch 2/10
2/2 [==============================] - 2s 1s/step - loss: 2.7205 - accuracy: 0.1833 - val_loss: 2.4356 - val_accuracy: 0.2000 - lr: 5.0000e-04
Epoch 3/10
2/2 [==============================] - 2s 1s/step - loss: 2.4629 - accuracy: 0.2000 - val_loss: 2.2175 - val_accuracy: 0.2000 - lr: 5.0000e-04
Epoch 4/10
2/2 [==============================] - 2s 1s/step - loss: 2.2867 - accuracy: 0.1500 - val_loss: 2.1853 - val_accuracy: 0.2000 - lr: 5.0000e-04
Epoch 5/10
2/2 [==============================] - 1s 606ms/step - loss: 2.2510 - accuracy: 0.1167 - val_loss: 2.1953 - val_accuracy: 0.2000 - lr: 5.0000e-04
Epoch 6/10
2/2 [==============================] - 1s 644ms/step - loss: 2.2348 - accuracy: 0.2333 - val_loss: 2.1998 - val_accuracy: 0.4000 - lr: 5.0000e-04
1/1 [==============================] - 0s 100ms/step - loss: 2.2382 - accuracy: 0.1429
Found 60 images belonging to 6 classes.
Found 5 images belonging to 6 classes.
Found 7 images belonging to 6 classes.
Epoch 1/15
2/2 [==============================] - ETA: 0s - loss: 2.7295 - accuracy: 0.1000C:\Users\tom.zbc\PycharmProjects\fungis_bacterias_project\.venv\lib\site-packages\keras\src\engine\training.py:3000: UserWarning: You are saving your model as an HDF5 file via `model.save()`. This file format is considered legacy. We recommend using instead the native Keras format, e.g. `model.save('my_model.keras')`.
  saving_api.save_model(
2/2 [==============================] - 3s 1s/step - loss: 2.7295 - accuracy: 0.1000 - val_loss: 2.4260 - val_accuracy: 0.4000 - lr: 5.0000e-04
Epoch 2/15
2/2 [==============================] - 1s 580ms/step - loss: 2.9625 - accuracy: 0.1167 - val_loss: 2.6131 - val_accuracy: 0.2000 - lr: 5.0000e-04
Epoch 3/15
2/2 [==============================] - 2s 1s/step - loss: 2.4851 - accuracy: 0.3500 - val_loss: 2.4214 - val_accuracy: 0.4000 - lr: 5.0000e-04
Epoch 4/15
2/2 [==============================] - 2s 1s/step - loss: 2.2274 - accuracy: 0.2833 - val_loss: 2.3183 - val_accuracy: 0.4000 - lr: 5.0000e-04
Epoch 5/15
2/2 [==============================] - 2s 1s/step - loss: 2.2090 - accuracy: 0.2667 - val_loss: 2.2679 - val_accuracy: 0.4000 - lr: 5.0000e-04
Epoch 6/15
2/2 [==============================] - 2s 1s/step - loss: 2.2204 - accuracy: 0.2833 - val_loss: 2.2459 - val_accuracy: 0.4000 - lr: 5.0000e-04
Epoch 7/15
2/2 [==============================] - 2s 1s/step - loss: 2.2105 - accuracy: 0.3000 - val_loss: 2.2367 - val_accuracy: 0.2000 - lr: 5.0000e-04
Epoch 8/15
2/2 [==============================] - 2s 1s/step - loss: 2.2207 - accuracy: 0.2333 - val_loss: 2.2319 - val_accuracy: 0.2000 - lr: 5.0000e-04
Epoch 9/15
2/2 [==============================] - 2s 1s/step - loss: 2.2251 - accuracy: 0.2333 - val_loss: 2.2265 - val_accuracy: 0.2000 - lr: 5.0000e-04
Epoch 10/15
2/2 [==============================] - 2s 1s/step - loss: 2.2198 - accuracy: 0.1833 - val_loss: 2.2146 - val_accuracy: 0.2000 - lr: 5.0000e-04
Epoch 11/15
2/2 [==============================] - 2s 1s/step - loss: 2.2197 - accuracy: 0.2333 - val_loss: 2.2012 - val_accuracy: 0.4000 - lr: 5.0000e-04
Epoch 12/15
2/2 [==============================] - 2s 1s/step - loss: 2.1973 - accuracy: 0.2667 - val_loss: 2.1780 - val_accuracy: 0.2000 - lr: 5.0000e-04
Epoch 13/15
2/2 [==============================] - 2s 1s/step - loss: 2.1840 - accuracy: 0.2333 - val_loss: 2.1590 - val_accuracy: 0.4000 - lr: 5.0000e-04
Epoch 14/15
2/2 [==============================] - 2s 1s/step - loss: 2.1897 - accuracy: 0.1833 - val_loss: 2.1310 - val_accuracy: 0.4000 - lr: 5.0000e-04
Epoch 15/15
2/2 [==============================] - 2s 1s/step - loss: 2.1607 - accuracy: 0.2000 - val_loss: 2.1247 - val_accuracy: 0.4000 - lr: 5.0000e-04
1/1 [==============================] - 0s 98ms/step - loss: 2.1886 - accuracy: 0.2857
Found 60 images belonging to 6 classes.
Found 5 images belonging to 6 classes.
Found 7 images belonging to 6 classes.
Epoch 1/10
2/2 [==============================] - ETA: 0s - loss: 2.6641 - accuracy: 0.1000C:\Users\tom.zbc\PycharmProjects\fungis_bacterias_project\.venv\lib\site-packages\keras\src\engine\training.py:3000: UserWarning: You are saving your model as an HDF5 file via `model.save()`. This file format is considered legacy. We recommend using instead the native Keras format, e.g. `model.save('my_model.keras')`.
  saving_api.save_model(
2/2 [==============================] - 2s 1s/step - loss: 2.6641 - accuracy: 0.1000 - val_loss: 2.6216 - val_accuracy: 0.2000 - lr: 5.0000e-04
Epoch 2/10
2/2 [==============================] - 2s 1s/step - loss: 2.4660 - accuracy: 0.1833 - val_loss: 2.3170 - val_accuracy: 0.4000 - lr: 5.0000e-04
Epoch 3/10
2/2 [==============================] - 2s 1s/step - loss: 2.2460 - accuracy: 0.2333 - val_loss: 2.2310 - val_accuracy: 0.2000 - lr: 5.0000e-04
Epoch 4/10
2/2 [==============================] - 2s 1s/step - loss: 2.2590 - accuracy: 0.1833 - val_loss: 2.1949 - val_accuracy: 0.2000 - lr: 5.0000e-04
Epoch 5/10
2/2 [==============================] - 2s 1s/step - loss: 2.2208 - accuracy: 0.2000 - val_loss: 2.1905 - val_accuracy: 0.4000 - lr: 5.0000e-04
Epoch 6/10
2/2 [==============================] - 1s 614ms/step - loss: 2.2020 - accuracy: 0.2000 - val_loss: 2.1911 - val_accuracy: 0.4000 - lr: 5.0000e-04
Epoch 7/10
2/2 [==============================] - 1s 668ms/step - loss: 2.2043 - accuracy: 0.2500 - val_loss: 2.2008 - val_accuracy: 0.2000 - lr: 5.0000e-04
1/1 [==============================] - 0s 100ms/step - loss: 2.2287 - accuracy: 0.1429
Found 60 images belonging to 6 classes.
Found 5 images belonging to 6 classes.
Found 7 images belonging to 6 classes.
Epoch 1/15
2/2 [==============================] - ETA: 0s - loss: 2.8525 - accuracy: 0.2167C:\Users\tom.zbc\PycharmProjects\fungis_bacterias_project\.venv\lib\site-packages\keras\src\engine\training.py:3000: UserWarning: You are saving your model as an HDF5 file via `model.save()`. This file format is considered legacy. We recommend using instead the native Keras format, e.g. `model.save('my_model.keras')`.
  saving_api.save_model(
2/2 [==============================] - 2s 1s/step - loss: 2.8525 - accuracy: 0.2167 - val_loss: 2.5239 - val_accuracy: 0.2000 - lr: 5.0000e-04
Epoch 2/15
2/2 [==============================] - 2s 1s/step - loss: 2.6517 - accuracy: 0.1667 - val_loss: 2.0409 - val_accuracy: 0.6000 - lr: 5.0000e-04
Epoch 3/15
2/2 [==============================] - 1s 576ms/step - loss: 2.4848 - accuracy: 0.2167 - val_loss: 2.1439 - val_accuracy: 0.6000 - lr: 5.0000e-04
Epoch 4/15
2/2 [==============================] - 1s 701ms/step - loss: 2.2895 - accuracy: 0.2167 - val_loss: 2.1979 - val_accuracy: 0.4000 - lr: 5.0000e-04
1/1 [==============================] - 0s 107ms/step - loss: 2.2063 - accuracy: 0.1429
Found 60 images belonging to 6 classes.
Found 5 images belonging to 6 classes.
Found 7 images belonging to 6 classes.
Epoch 1/10
2/2 [==============================] - ETA: 0s - loss: 3.1356 - accuracy: 0.1333C:\Users\tom.zbc\PycharmProjects\fungis_bacterias_project\.venv\lib\site-packages\keras\src\engine\training.py:3000: UserWarning: You are saving your model as an HDF5 file via `model.save()`. This file format is considered legacy. We recommend using instead the native Keras format, e.g. `model.save('my_model.keras')`.
  saving_api.save_model(
2/2 [==============================] - 3s 1s/step - loss: 3.1356 - accuracy: 0.1333 - val_loss: 5.2342 - val_accuracy: 0.0000e+00 - lr: 5.0000e-04
Epoch 2/10
2/2 [==============================] - 2s 1s/step - loss: 2.9985 - accuracy: 0.1500 - val_loss: 3.7020 - val_accuracy: 0.0000e+00 - lr: 5.0000e-04
Epoch 3/10
2/2 [==============================] - 2s 1s/step - loss: 2.5830 - accuracy: 0.2000 - val_loss: 2.8091 - val_accuracy: 0.0000e+00 - lr: 5.0000e-04
Epoch 4/10
2/2 [==============================] - 2s 1s/step - loss: 2.4184 - accuracy: 0.2667 - val_loss: 2.3945 - val_accuracy: 0.2000 - lr: 5.0000e-04
Epoch 5/10
2/2 [==============================] - 2s 1s/step - loss: 2.2148 - accuracy: 0.2167 - val_loss: 2.2760 - val_accuracy: 0.2000 - lr: 5.0000e-04
Epoch 6/10
2/2 [==============================] - 2s 1s/step - loss: 2.2538 - accuracy: 0.2000 - val_loss: 2.2427 - val_accuracy: 0.2000 - lr: 5.0000e-04
Epoch 7/10
2/2 [==============================] - 2s 1s/step - loss: 2.2328 - accuracy: 0.1333 - val_loss: 2.2379 - val_accuracy: 0.4000 - lr: 5.0000e-04
Epoch 8/10
2/2 [==============================] - 2s 1s/step - loss: 2.2350 - accuracy: 0.1833 - val_loss: 2.2351 - val_accuracy: 0.2000 - lr: 5.0000e-04
Epoch 9/10
2/2 [==============================] - 2s 1s/step - loss: 2.2360 - accuracy: 0.1667 - val_loss: 2.2342 - val_accuracy: 0.2000 - lr: 5.0000e-04
Epoch 10/10
2/2 [==============================] - 2s 1s/step - loss: 2.2355 - accuracy: 0.1667 - val_loss: 2.2335 - val_accuracy: 0.2000 - lr: 5.0000e-04
1/1 [==============================] - 0s 105ms/step - loss: 2.2425 - accuracy: 0.0000e+00
Found 60 images belonging to 6 classes.
Found 5 images belonging to 6 classes.
Found 7 images belonging to 6 classes.
Epoch 1/15
2/2 [==============================] - ETA: 0s - loss: 2.5686 - accuracy: 0.1167C:\Users\tom.zbc\PycharmProjects\fungis_bacterias_project\.venv\lib\site-packages\keras\src\engine\training.py:3000: UserWarning: You are saving your model as an HDF5 file via `model.save()`. This file format is considered legacy. We recommend using instead the native Keras format, e.g. `model.save('my_model.keras')`.
  saving_api.save_model(
2/2 [==============================] - 2s 1s/step - loss: 2.5686 - accuracy: 0.1167 - val_loss: 2.6646 - val_accuracy: 0.0000e+00 - lr: 5.0000e-04
Epoch 2/15
2/2 [==============================] - 2s 1s/step - loss: 2.5998 - accuracy: 0.1667 - val_loss: 2.4892 - val_accuracy: 0.0000e+00 - lr: 5.0000e-04
Epoch 3/15
2/2 [==============================] - 2s 1s/step - loss: 2.3238 - accuracy: 0.2000 - val_loss: 2.3143 - val_accuracy: 0.2000 - lr: 5.0000e-04
Epoch 4/15
2/2 [==============================] - 2s 1s/step - loss: 2.2967 - accuracy: 0.1667 - val_loss: 2.2443 - val_accuracy: 0.2000 - lr: 5.0000e-04
Epoch 5/15
2/2 [==============================] - 2s 1s/step - loss: 2.2410 - accuracy: 0.2333 - val_loss: 2.2067 - val_accuracy: 0.2000 - lr: 5.0000e-04
Epoch 6/15
2/2 [==============================] - 2s 1s/step - loss: 2.2357 - accuracy: 0.2333 - val_loss: 2.1669 - val_accuracy: 0.2000 - lr: 5.0000e-04
Epoch 7/15
2/2 [==============================] - 2s 1s/step - loss: 2.2290 - accuracy: 0.2167 - val_loss: 2.1485 - val_accuracy: 0.4000 - lr: 5.0000e-04
Epoch 8/15
2/2 [==============================] - 2s 1s/step - loss: 2.2323 - accuracy: 0.1167 - val_loss: 2.1390 - val_accuracy: 0.4000 - lr: 5.0000e-04
Epoch 9/15
2/2 [==============================] - 1s 672ms/step - loss: 2.2068 - accuracy: 0.2000 - val_loss: 2.1408 - val_accuracy: 0.4000 - lr: 5.0000e-04
Epoch 10/15
2/2 [==============================] - 1s 643ms/step - loss: 2.2076 - accuracy: 0.2333 - val_loss: 2.1409 - val_accuracy: 0.4000 - lr: 5.0000e-04
1/1 [==============================] - 0s 106ms/step - loss: 2.1899 - accuracy: 0.1429
Found 60 images belonging to 6 classes.
Found 5 images belonging to 6 classes.
Found 7 images belonging to 6 classes.
Epoch 1/10
2/2 [==============================] - ETA: 0s - loss: 2.5884 - accuracy: 0.1333C:\Users\tom.zbc\PycharmProjects\fungis_bacterias_project\.venv\lib\site-packages\keras\src\engine\training.py:3000: UserWarning: You are saving your model as an HDF5 file via `model.save()`. This file format is considered legacy. We recommend using instead the native Keras format, e.g. `model.save('my_model.keras')`.
  saving_api.save_model(
2/2 [==============================] - 2s 1s/step - loss: 2.5884 - accuracy: 0.1333 - val_loss: 2.6024 - val_accuracy: 0.2000 - lr: 5.0000e-04
Epoch 2/10
2/2 [==============================] - 2s 1s/step - loss: 2.5350 - accuracy: 0.1833 - val_loss: 2.4020 - val_accuracy: 0.2000 - lr: 5.0000e-04
Epoch 3/10
2/2 [==============================] - 2s 1s/step - loss: 2.3022 - accuracy: 0.1833 - val_loss: 2.2808 - val_accuracy: 0.2000 - lr: 5.0000e-04
Epoch 4/10
2/2 [==============================] - 2s 1s/step - loss: 2.2651 - accuracy: 0.2000 - val_loss: 2.2526 - val_accuracy: 0.0000e+00 - lr: 5.0000e-04
Epoch 5/10
2/2 [==============================] - 2s 1s/step - loss: 2.2159 - accuracy: 0.2500 - val_loss: 2.2508 - val_accuracy: 0.0000e+00 - lr: 5.0000e-04
Epoch 6/10
2/2 [==============================] - 2s 1s/step - loss: 2.2061 - accuracy: 0.2833 - val_loss: 2.2452 - val_accuracy: 0.0000e+00 - lr: 5.0000e-04
Epoch 7/10
2/2 [==============================] - 2s 1s/step - loss: 2.2057 - accuracy: 0.2500 - val_loss: 2.2327 - val_accuracy: 0.0000e+00 - lr: 5.0000e-04
Epoch 8/10
2/2 [==============================] - 1s 663ms/step - loss: 2.2302 - accuracy: 0.2167 - val_loss: 2.2398 - val_accuracy: 0.0000e+00 - lr: 5.0000e-04
Epoch 9/10
2/2 [==============================] - 1s 719ms/step - loss: 2.1838 - accuracy: 0.2833 - val_loss: 2.2415 - val_accuracy: 0.0000e+00 - lr: 5.0000e-04
1/1 [==============================] - 0s 101ms/step - loss: 2.2754 - accuracy: 0.0000e+00
Found 60 images belonging to 6 classes.
Found 5 images belonging to 6 classes.
Found 7 images belonging to 6 classes.
Epoch 1/15
2/2 [==============================] - ETA: 0s - loss: 3.0150 - accuracy: 0.1500C:\Users\tom.zbc\PycharmProjects\fungis_bacterias_project\.venv\lib\site-packages\keras\src\engine\training.py:3000: UserWarning: You are saving your model as an HDF5 file via `model.save()`. This file format is considered legacy. We recommend using instead the native Keras format, e.g. `model.save('my_model.keras')`.
  saving_api.save_model(
2/2 [==============================] - 2s 1s/step - loss: 3.0150 - accuracy: 0.1500 - val_loss: 2.9581 - val_accuracy: 0.0000e+00 - lr: 5.0000e-04
Epoch 2/15
2/2 [==============================] - 2s 1s/step - loss: 2.4399 - accuracy: 0.1833 - val_loss: 2.4253 - val_accuracy: 0.2000 - lr: 5.0000e-04
Epoch 3/15
2/2 [==============================] - 2s 1s/step - loss: 2.3480 - accuracy: 0.1833 - val_loss: 2.1791 - val_accuracy: 0.2000 - lr: 5.0000e-04
Epoch 4/15
2/2 [==============================] - 2s 1s/step - loss: 2.1901 - accuracy: 0.2667 - val_loss: 2.1635 - val_accuracy: 0.4000 - lr: 5.0000e-04
Epoch 5/15
2/2 [==============================] - 1s 578ms/step - loss: 2.2116 - accuracy: 0.1667 - val_loss: 2.1857 - val_accuracy: 0.2000 - lr: 5.0000e-04
Epoch 6/15
2/2 [==============================] - 1s 630ms/step - loss: 2.1720 - accuracy: 0.2000 - val_loss: 2.2066 - val_accuracy: 0.2000 - lr: 5.0000e-04
1/1 [==============================] - 0s 104ms/step - loss: 2.2672 - accuracy: 0.1429
Found 60 images belonging to 6 classes.
Found 5 images belonging to 6 classes.
Found 7 images belonging to 6 classes.
Epoch 1/10
2/2 [==============================] - ETA: 0s - loss: 2.4017 - accuracy: 0.1000C:\Users\tom.zbc\PycharmProjects\fungis_bacterias_project\.venv\lib\site-packages\keras\src\engine\training.py:3000: UserWarning: You are saving your model as an HDF5 file via `model.save()`. This file format is considered legacy. We recommend using instead the native Keras format, e.g. `model.save('my_model.keras')`.
  saving_api.save_model(
2/2 [==============================] - 2s 941ms/step - loss: 2.4017 - accuracy: 0.1000 - val_loss: 2.1353 - val_accuracy: 0.0000e+00 - lr: 1.0000e-04
Epoch 2/10
2/2 [==============================] - 1s 456ms/step - loss: 2.3625 - accuracy: 0.1167 - val_loss: 2.1882 - val_accuracy: 0.0000e+00 - lr: 1.0000e-04
Epoch 3/10
2/2 [==============================] - 1s 568ms/step - loss: 2.3287 - accuracy: 0.1833 - val_loss: 2.3292 - val_accuracy: 0.2000 - lr: 1.0000e-04
1/1 [==============================] - 0s 93ms/step - loss: 2.2202 - accuracy: 0.1429
Found 60 images belonging to 6 classes.
Found 5 images belonging to 6 classes.
Found 7 images belonging to 6 classes.
Epoch 1/15
2/2 [==============================] - ETA: 0s - loss: 2.3983 - accuracy: 0.1500C:\Users\tom.zbc\PycharmProjects\fungis_bacterias_project\.venv\lib\site-packages\keras\src\engine\training.py:3000: UserWarning: You are saving your model as an HDF5 file via `model.save()`. This file format is considered legacy. We recommend using instead the native Keras format, e.g. `model.save('my_model.keras')`.
  saving_api.save_model(
2/2 [==============================] - 2s 944ms/step - loss: 2.3983 - accuracy: 0.1500 - val_loss: 2.2413 - val_accuracy: 0.4000 - lr: 1.0000e-04
Epoch 2/15
2/2 [==============================] - 1s 454ms/step - loss: 2.4305 - accuracy: 0.1333 - val_loss: 2.3128 - val_accuracy: 0.2000 - lr: 1.0000e-04
Epoch 3/15
2/2 [==============================] - 1s 530ms/step - loss: 2.3352 - accuracy: 0.1833 - val_loss: 2.3436 - val_accuracy: 0.4000 - lr: 1.0000e-04
1/1 [==============================] - 0s 87ms/step - loss: 2.2451 - accuracy: 0.4286
Found 60 images belonging to 6 classes.
Found 5 images belonging to 6 classes.
Found 7 images belonging to 6 classes.
Epoch 1/10
2/2 [==============================] - ETA: 0s - loss: 2.4156 - accuracy: 0.1333C:\Users\tom.zbc\PycharmProjects\fungis_bacterias_project\.venv\lib\site-packages\keras\src\engine\training.py:3000: UserWarning: You are saving your model as an HDF5 file via `model.save()`. This file format is considered legacy. We recommend using instead the native Keras format, e.g. `model.save('my_model.keras')`.
  saving_api.save_model(
2/2 [==============================] - 2s 856ms/step - loss: 2.4156 - accuracy: 0.1333 - val_loss: 2.2653 - val_accuracy: 0.2000 - lr: 1.0000e-04
Epoch 2/10
2/2 [==============================] - 1s 698ms/step - loss: 2.3151 - accuracy: 0.1500 - val_loss: 2.2104 - val_accuracy: 0.0000e+00 - lr: 1.0000e-04
Epoch 3/10
2/2 [==============================] - 1s 764ms/step - loss: 2.3322 - accuracy: 0.2167 - val_loss: 2.1924 - val_accuracy: 0.2000 - lr: 1.0000e-04
Epoch 4/10
2/2 [==============================] - 1s 782ms/step - loss: 2.3280 - accuracy: 0.1667 - val_loss: 2.1805 - val_accuracy: 0.4000 - lr: 1.0000e-04
Epoch 5/10
2/2 [==============================] - 1s 512ms/step - loss: 2.3130 - accuracy: 0.3000 - val_loss: 2.1870 - val_accuracy: 0.4000 - lr: 1.0000e-04
Epoch 6/10
2/2 [==============================] - 1s 517ms/step - loss: 2.2751 - accuracy: 0.2500 - val_loss: 2.2375 - val_accuracy: 0.4000 - lr: 1.0000e-04
1/1 [==============================] - 0s 88ms/step - loss: 2.1843 - accuracy: 0.4286
Found 60 images belonging to 6 classes.
Found 5 images belonging to 6 classes.
Found 7 images belonging to 6 classes.
Epoch 1/15
2/2 [==============================] - ETA: 0s - loss: 2.3617 - accuracy: 0.1167C:\Users\tom.zbc\PycharmProjects\fungis_bacterias_project\.venv\lib\site-packages\keras\src\engine\training.py:3000: UserWarning: You are saving your model as an HDF5 file via `model.save()`. This file format is considered legacy. We recommend using instead the native Keras format, e.g. `model.save('my_model.keras')`.
  saving_api.save_model(
2/2 [==============================] - 2s 918ms/step - loss: 2.3617 - accuracy: 0.1167 - val_loss: 2.2522 - val_accuracy: 0.4000 - lr: 1.0000e-04
Epoch 2/15
2/2 [==============================] - 1s 432ms/step - loss: 2.3085 - accuracy: 0.2167 - val_loss: 2.3118 - val_accuracy: 0.2000 - lr: 1.0000e-04
Epoch 3/15
2/2 [==============================] - 1s 451ms/step - loss: 2.3416 - accuracy: 0.1667 - val_loss: 2.2866 - val_accuracy: 0.4000 - lr: 1.0000e-04
1/1 [==============================] - 0s 90ms/step - loss: 2.2272 - accuracy: 0.4286
Found 60 images belonging to 6 classes.
Found 5 images belonging to 6 classes.
Found 7 images belonging to 6 classes.
Epoch 1/10
2/2 [==============================] - ETA: 0s - loss: 2.3583 - accuracy: 0.1167C:\Users\tom.zbc\PycharmProjects\fungis_bacterias_project\.venv\lib\site-packages\keras\src\engine\training.py:3000: UserWarning: You are saving your model as an HDF5 file via `model.save()`. This file format is considered legacy. We recommend using instead the native Keras format, e.g. `model.save('my_model.keras')`.
  saving_api.save_model(
2/2 [==============================] - 2s 843ms/step - loss: 2.3583 - accuracy: 0.1167 - val_loss: 2.3565 - val_accuracy: 0.2000 - lr: 1.0000e-04
Epoch 2/10
2/2 [==============================] - 1s 514ms/step - loss: 2.3798 - accuracy: 0.1333 - val_loss: 2.3708 - val_accuracy: 0.2000 - lr: 1.0000e-04
Epoch 3/10
2/2 [==============================] - 1s 543ms/step - loss: 2.2940 - accuracy: 0.2833 - val_loss: 2.3939 - val_accuracy: 0.2000 - lr: 1.0000e-04
1/1 [==============================] - 0s 99ms/step - loss: 2.3220 - accuracy: 0.2857
Found 60 images belonging to 6 classes.
Found 5 images belonging to 6 classes.
Found 7 images belonging to 6 classes.
Epoch 1/15
2/2 [==============================] - ETA: 0s - loss: 2.3436 - accuracy: 0.1667C:\Users\tom.zbc\PycharmProjects\fungis_bacterias_project\.venv\lib\site-packages\keras\src\engine\training.py:3000: UserWarning: You are saving your model as an HDF5 file via `model.save()`. This file format is considered legacy. We recommend using instead the native Keras format, e.g. `model.save('my_model.keras')`.
  saving_api.save_model(
2/2 [==============================] - 2s 851ms/step - loss: 2.3436 - accuracy: 0.1667 - val_loss: 2.4288 - val_accuracy: 0.2000 - lr: 1.0000e-04
Epoch 2/15
2/2 [==============================] - 1s 779ms/step - loss: 2.3471 - accuracy: 0.1500 - val_loss: 2.3989 - val_accuracy: 0.0000e+00 - lr: 1.0000e-04
Epoch 3/15
2/2 [==============================] - 1s 776ms/step - loss: 2.3272 - accuracy: 0.1667 - val_loss: 2.2948 - val_accuracy: 0.2000 - lr: 1.0000e-04
Epoch 4/15
2/2 [==============================] - 1s 750ms/step - loss: 2.3711 - accuracy: 0.2000 - val_loss: 2.1826 - val_accuracy: 0.4000 - lr: 1.0000e-04
Epoch 5/15
2/2 [==============================] - 1s 719ms/step - loss: 2.2826 - accuracy: 0.2833 - val_loss: 2.1041 - val_accuracy: 0.4000 - lr: 1.0000e-04
Epoch 6/15
2/2 [==============================] - 1s 749ms/step - loss: 2.2924 - accuracy: 0.1833 - val_loss: 2.0783 - val_accuracy: 0.6000 - lr: 1.0000e-04
Epoch 7/15
2/2 [==============================] - 1s 431ms/step - loss: 2.2792 - accuracy: 0.2167 - val_loss: 2.0912 - val_accuracy: 0.4000 - lr: 1.0000e-04
Epoch 8/15
2/2 [==============================] - 1s 558ms/step - loss: 2.2276 - accuracy: 0.2667 - val_loss: 2.1284 - val_accuracy: 0.4000 - lr: 1.0000e-04
1/1 [==============================] - 0s 88ms/step - loss: 2.2171 - accuracy: 0.1429
Found 60 images belonging to 6 classes.
Found 5 images belonging to 6 classes.
Found 7 images belonging to 6 classes.
Epoch 1/10
2/2 [==============================] - ETA: 0s - loss: 2.3541 - accuracy: 0.1500C:\Users\tom.zbc\PycharmProjects\fungis_bacterias_project\.venv\lib\site-packages\keras\src\engine\training.py:3000: UserWarning: You are saving your model as an HDF5 file via `model.save()`. This file format is considered legacy. We recommend using instead the native Keras format, e.g. `model.save('my_model.keras')`.
  saving_api.save_model(
2/2 [==============================] - 2s 847ms/step - loss: 2.3541 - accuracy: 0.1500 - val_loss: 2.2418 - val_accuracy: 0.4000 - lr: 1.0000e-04
Epoch 2/10
2/2 [==============================] - 1s 788ms/step - loss: 2.3271 - accuracy: 0.2000 - val_loss: 2.1277 - val_accuracy: 0.2000 - lr: 1.0000e-04
Epoch 3/10
2/2 [==============================] - 1s 440ms/step - loss: 2.3380 - accuracy: 0.2333 - val_loss: 2.1520 - val_accuracy: 0.2000 - lr: 1.0000e-04
Epoch 4/10
2/2 [==============================] - 1s 543ms/step - loss: 2.3418 - accuracy: 0.1667 - val_loss: 2.1713 - val_accuracy: 0.4000 - lr: 1.0000e-04
1/1 [==============================] - 0s 95ms/step - loss: 2.1639 - accuracy: 0.0000e+00
Found 60 images belonging to 6 classes.
Found 5 images belonging to 6 classes.
Found 7 images belonging to 6 classes.
Epoch 1/15
2/2 [==============================] - ETA: 0s - loss: 2.3458 - accuracy: 0.1833C:\Users\tom.zbc\PycharmProjects\fungis_bacterias_project\.venv\lib\site-packages\keras\src\engine\training.py:3000: UserWarning: You are saving your model as an HDF5 file via `model.save()`. This file format is considered legacy. We recommend using instead the native Keras format, e.g. `model.save('my_model.keras')`.
  saving_api.save_model(
2/2 [==============================] - 2s 910ms/step - loss: 2.3458 - accuracy: 0.1833 - val_loss: 2.2571 - val_accuracy: 0.2000 - lr: 1.0000e-04
Epoch 2/15
2/2 [==============================] - 1s 418ms/step - loss: 2.3102 - accuracy: 0.2333 - val_loss: 2.2633 - val_accuracy: 0.2000 - lr: 1.0000e-04
Epoch 3/15
2/2 [==============================] - 1s 463ms/step - loss: 2.3401 - accuracy: 0.2500 - val_loss: 2.3129 - val_accuracy: 0.0000e+00 - lr: 1.0000e-04
1/1 [==============================] - 0s 91ms/step - loss: 2.3296 - accuracy: 0.1429
Found 60 images belonging to 6 classes.
Found 5 images belonging to 6 classes.
Found 7 images belonging to 6 classes.
Epoch 1/10
2/2 [==============================] - ETA: 0s - loss: 2.4303 - accuracy: 0.1333C:\Users\tom.zbc\PycharmProjects\fungis_bacterias_project\.venv\lib\site-packages\keras\src\engine\training.py:3000: UserWarning: You are saving your model as an HDF5 file via `model.save()`. This file format is considered legacy. We recommend using instead the native Keras format, e.g. `model.save('my_model.keras')`.
  saving_api.save_model(
2/2 [==============================] - 2s 1s/step - loss: 2.4303 - accuracy: 0.1333 - val_loss: 2.3404 - val_accuracy: 0.2000 - lr: 1.0000e-04
Epoch 2/10
2/2 [==============================] - 2s 1s/step - loss: 2.4180 - accuracy: 0.1667 - val_loss: 2.2886 - val_accuracy: 0.2000 - lr: 1.0000e-04
Epoch 3/10
2/2 [==============================] - 1s 580ms/step - loss: 2.4033 - accuracy: 0.1833 - val_loss: 2.2902 - val_accuracy: 0.2000 - lr: 1.0000e-04
Epoch 4/10
2/2 [==============================] - 2s 1s/step - loss: 2.2763 - accuracy: 0.2500 - val_loss: 2.2720 - val_accuracy: 0.2000 - lr: 1.0000e-04
Epoch 5/10
2/2 [==============================] - 2s 1s/step - loss: 2.3039 - accuracy: 0.1667 - val_loss: 2.2329 - val_accuracy: 0.2000 - lr: 1.0000e-04
Epoch 6/10
2/2 [==============================] - 2s 1s/step - loss: 2.3297 - accuracy: 0.1667 - val_loss: 2.2206 - val_accuracy: 0.2000 - lr: 1.0000e-04
Epoch 7/10
2/2 [==============================] - 2s 1s/step - loss: 2.2732 - accuracy: 0.2333 - val_loss: 2.1967 - val_accuracy: 0.2000 - lr: 1.0000e-04
Epoch 8/10
2/2 [==============================] - 2s 1s/step - loss: 2.2932 - accuracy: 0.1333 - val_loss: 2.1634 - val_accuracy: 0.2000 - lr: 1.0000e-04
Epoch 9/10
2/2 [==============================] - 2s 1s/step - loss: 2.2814 - accuracy: 0.1833 - val_loss: 2.1419 - val_accuracy: 0.2000 - lr: 1.0000e-04
Epoch 10/10
2/2 [==============================] - 1s 652ms/step - loss: 2.2455 - accuracy: 0.2167 - val_loss: 2.1471 - val_accuracy: 0.2000 - lr: 1.0000e-04
1/1 [==============================] - 0s 106ms/step - loss: 2.1605 - accuracy: 0.1429
Found 60 images belonging to 6 classes.
Found 5 images belonging to 6 classes.
Found 7 images belonging to 6 classes.
Epoch 1/15
2/2 [==============================] - ETA: 0s - loss: 2.4724 - accuracy: 0.2000C:\Users\tom.zbc\PycharmProjects\fungis_bacterias_project\.venv\lib\site-packages\keras\src\engine\training.py:3000: UserWarning: You are saving your model as an HDF5 file via `model.save()`. This file format is considered legacy. We recommend using instead the native Keras format, e.g. `model.save('my_model.keras')`.
  saving_api.save_model(
2/2 [==============================] - 2s 1s/step - loss: 2.4724 - accuracy: 0.2000 - val_loss: 2.3574 - val_accuracy: 0.2000 - lr: 1.0000e-04
Epoch 2/15
2/2 [==============================] - 1s 569ms/step - loss: 2.4298 - accuracy: 0.1667 - val_loss: 2.3630 - val_accuracy: 0.2000 - lr: 1.0000e-04
Epoch 3/15
2/2 [==============================] - 1s 644ms/step - loss: 2.3828 - accuracy: 0.2167 - val_loss: 2.4354 - val_accuracy: 0.2000 - lr: 1.0000e-04
1/1 [==============================] - 0s 115ms/step - loss: 2.3231 - accuracy: 0.1429
Found 60 images belonging to 6 classes.
Found 5 images belonging to 6 classes.
Found 7 images belonging to 6 classes.
Epoch 1/10
2/2 [==============================] - ETA: 0s - loss: 2.5821 - accuracy: 0.1167C:\Users\tom.zbc\PycharmProjects\fungis_bacterias_project\.venv\lib\site-packages\keras\src\engine\training.py:3000: UserWarning: You are saving your model as an HDF5 file via `model.save()`. This file format is considered legacy. We recommend using instead the native Keras format, e.g. `model.save('my_model.keras')`.
  saving_api.save_model(
2/2 [==============================] - 2s 1s/step - loss: 2.5821 - accuracy: 0.1167 - val_loss: 2.3334 - val_accuracy: 0.2000 - lr: 1.0000e-04
Epoch 2/10
2/2 [==============================] - 1s 652ms/step - loss: 2.4349 - accuracy: 0.2667 - val_loss: 2.3810 - val_accuracy: 0.2000 - lr: 1.0000e-04
Epoch 3/10
2/2 [==============================] - 2s 1s/step - loss: 2.4738 - accuracy: 0.1833 - val_loss: 2.2066 - val_accuracy: 0.2000 - lr: 1.0000e-04
Epoch 4/10
2/2 [==============================] - 2s 1s/step - loss: 2.4202 - accuracy: 0.2167 - val_loss: 2.1126 - val_accuracy: 0.4000 - lr: 1.0000e-04
Epoch 5/10
2/2 [==============================] - 2s 1s/step - loss: 2.3802 - accuracy: 0.2167 - val_loss: 2.1106 - val_accuracy: 0.4000 - lr: 1.0000e-04
Epoch 6/10
2/2 [==============================] - 1s 564ms/step - loss: 2.3126 - accuracy: 0.2333 - val_loss: 2.1158 - val_accuracy: 0.4000 - lr: 1.0000e-04
Epoch 7/10
2/2 [==============================] - 2s 1s/step - loss: 2.2748 - accuracy: 0.2500 - val_loss: 2.1077 - val_accuracy: 0.2000 - lr: 1.0000e-04
Epoch 8/10
2/2 [==============================] - 2s 1s/step - loss: 2.2683 - accuracy: 0.2167 - val_loss: 2.0833 - val_accuracy: 0.2000 - lr: 1.0000e-04
Epoch 9/10
2/2 [==============================] - 2s 1s/step - loss: 2.2846 - accuracy: 0.3000 - val_loss: 2.0790 - val_accuracy: 0.4000 - lr: 1.0000e-04
Epoch 10/10
2/2 [==============================] - 1s 638ms/step - loss: 2.2971 - accuracy: 0.3333 - val_loss: 2.0812 - val_accuracy: 0.2000 - lr: 1.0000e-04
1/1 [==============================] - 0s 105ms/step - loss: 2.2421 - accuracy: 0.1429
Found 60 images belonging to 6 classes.
Found 5 images belonging to 6 classes.
Found 7 images belonging to 6 classes.
Epoch 1/15
2/2 [==============================] - ETA: 0s - loss: 2.4264 - accuracy: 0.1500C:\Users\tom.zbc\PycharmProjects\fungis_bacterias_project\.venv\lib\site-packages\keras\src\engine\training.py:3000: UserWarning: You are saving your model as an HDF5 file via `model.save()`. This file format is considered legacy. We recommend using instead the native Keras format, e.g. `model.save('my_model.keras')`.
  saving_api.save_model(
2/2 [==============================] - 2s 1s/step - loss: 2.4264 - accuracy: 0.1500 - val_loss: 2.6305 - val_accuracy: 0.2000 - lr: 1.0000e-04
Epoch 2/15
2/2 [==============================] - 1s 646ms/step - loss: 2.4062 - accuracy: 0.2333 - val_loss: 2.6359 - val_accuracy: 0.0000e+00 - lr: 1.0000e-04
Epoch 3/15
2/2 [==============================] - 2s 1s/step - loss: 2.3796 - accuracy: 0.1500 - val_loss: 2.5582 - val_accuracy: 0.0000e+00 - lr: 1.0000e-04
Epoch 4/15
2/2 [==============================] - 2s 1s/step - loss: 2.4189 - accuracy: 0.1833 - val_loss: 2.5242 - val_accuracy: 0.2000 - lr: 1.0000e-04
Epoch 5/15
2/2 [==============================] - 2s 1s/step - loss: 2.2655 - accuracy: 0.2667 - val_loss: 2.4952 - val_accuracy: 0.2000 - lr: 1.0000e-04
Epoch 6/15
2/2 [==============================] - 2s 1s/step - loss: 2.2804 - accuracy: 0.2833 - val_loss: 2.4553 - val_accuracy: 0.2000 - lr: 1.0000e-04
Epoch 7/15
2/2 [==============================] - 2s 1s/step - loss: 2.2213 - accuracy: 0.2500 - val_loss: 2.4470 - val_accuracy: 0.4000 - lr: 1.0000e-04
Epoch 8/15
2/2 [==============================] - 2s 1s/step - loss: 2.2948 - accuracy: 0.2500 - val_loss: 2.3731 - val_accuracy: 0.4000 - lr: 1.0000e-04
Epoch 9/15
2/2 [==============================] - 2s 1s/step - loss: 2.2040 - accuracy: 0.2667 - val_loss: 2.3369 - val_accuracy: 0.2000 - lr: 1.0000e-04
Epoch 10/15
2/2 [==============================] - 2s 1s/step - loss: 2.2423 - accuracy: 0.2167 - val_loss: 2.2901 - val_accuracy: 0.2000 - lr: 1.0000e-04
Epoch 11/15
2/2 [==============================] - 2s 1s/step - loss: 2.2628 - accuracy: 0.2333 - val_loss: 2.2603 - val_accuracy: 0.2000 - lr: 1.0000e-04
Epoch 12/15
2/2 [==============================] - 2s 1s/step - loss: 2.2376 - accuracy: 0.1667 - val_loss: 2.2510 - val_accuracy: 0.2000 - lr: 1.0000e-04
Epoch 13/15
2/2 [==============================] - 2s 1s/step - loss: 2.2581 - accuracy: 0.2000 - val_loss: 2.2400 - val_accuracy: 0.2000 - lr: 1.0000e-04
Epoch 14/15
2/2 [==============================] - 2s 1s/step - loss: 2.1614 - accuracy: 0.3167 - val_loss: 2.2151 - val_accuracy: 0.4000 - lr: 1.0000e-04
Epoch 15/15
2/2 [==============================] - 2s 1s/step - loss: 2.1711 - accuracy: 0.2833 - val_loss: 2.1845 - val_accuracy: 0.4000 - lr: 1.0000e-04
1/1 [==============================] - 0s 102ms/step - loss: 2.2425 - accuracy: 0.0000e+00
Found 60 images belonging to 6 classes.
Found 5 images belonging to 6 classes.
Found 7 images belonging to 6 classes.
Epoch 1/10
2/2 [==============================] - ETA: 0s - loss: 2.3995 - accuracy: 0.1667C:\Users\tom.zbc\PycharmProjects\fungis_bacterias_project\.venv\lib\site-packages\keras\src\engine\training.py:3000: UserWarning: You are saving your model as an HDF5 file via `model.save()`. This file format is considered legacy. We recommend using instead the native Keras format, e.g. `model.save('my_model.keras')`.
  saving_api.save_model(
2/2 [==============================] - 3s 1s/step - loss: 2.3995 - accuracy: 0.1667 - val_loss: 2.3078 - val_accuracy: 0.2000 - lr: 1.0000e-04
Epoch 2/10
2/2 [==============================] - 1s 676ms/step - loss: 2.4317 - accuracy: 0.1667 - val_loss: 2.3407 - val_accuracy: 0.2000 - lr: 1.0000e-04
Epoch 3/10
2/2 [==============================] - 1s 743ms/step - loss: 2.3327 - accuracy: 0.2167 - val_loss: 2.3966 - val_accuracy: 0.2000 - lr: 1.0000e-04
1/1 [==============================] - 0s 103ms/step - loss: 2.2141 - accuracy: 0.4286
Found 60 images belonging to 6 classes.
Found 5 images belonging to 6 classes.
Found 7 images belonging to 6 classes.
Epoch 1/15
2/2 [==============================] - ETA: 0s - loss: 2.3963 - accuracy: 0.2167C:\Users\tom.zbc\PycharmProjects\fungis_bacterias_project\.venv\lib\site-packages\keras\src\engine\training.py:3000: UserWarning: You are saving your model as an HDF5 file via `model.save()`. This file format is considered legacy. We recommend using instead the native Keras format, e.g. `model.save('my_model.keras')`.
  saving_api.save_model(
2/2 [==============================] - 3s 1s/step - loss: 2.3963 - accuracy: 0.2167 - val_loss: 2.4153 - val_accuracy: 0.2000 - lr: 1.0000e-04
Epoch 2/15
2/2 [==============================] - 1s 604ms/step - loss: 2.4263 - accuracy: 0.1000 - val_loss: 2.5027 - val_accuracy: 0.0000e+00 - lr: 1.0000e-04
Epoch 3/15
2/2 [==============================] - 1s 699ms/step - loss: 2.4539 - accuracy: 0.0833 - val_loss: 2.4674 - val_accuracy: 0.0000e+00 - lr: 1.0000e-04
1/1 [==============================] - 0s 117ms/step - loss: 2.3527 - accuracy: 0.1429
Found 60 images belonging to 6 classes.
Found 5 images belonging to 6 classes.
Found 7 images belonging to 6 classes.
Epoch 1/10
2/2 [==============================] - ETA: 0s - loss: 2.3929 - accuracy: 0.1167C:\Users\tom.zbc\PycharmProjects\fungis_bacterias_project\.venv\lib\site-packages\keras\src\engine\training.py:3000: UserWarning: You are saving your model as an HDF5 file via `model.save()`. This file format is considered legacy. We recommend using instead the native Keras format, e.g. `model.save('my_model.keras')`.
  saving_api.save_model(
2/2 [==============================] - 2s 1s/step - loss: 2.3929 - accuracy: 0.1167 - val_loss: 2.3609 - val_accuracy: 0.4000 - lr: 1.0000e-04
Epoch 2/10
2/2 [==============================] - 2s 1s/step - loss: 2.4193 - accuracy: 0.2167 - val_loss: 2.2606 - val_accuracy: 0.4000 - lr: 1.0000e-04
Epoch 3/10
2/2 [==============================] - 2s 1s/step - loss: 2.4131 - accuracy: 0.1500 - val_loss: 2.1546 - val_accuracy: 0.4000 - lr: 1.0000e-04
Epoch 4/10
2/2 [==============================] - 2s 1s/step - loss: 2.3410 - accuracy: 0.2500 - val_loss: 2.1433 - val_accuracy: 0.4000 - lr: 1.0000e-04
Epoch 5/10
2/2 [==============================] - 2s 1s/step - loss: 2.3166 - accuracy: 0.1833 - val_loss: 2.1404 - val_accuracy: 0.4000 - lr: 1.0000e-04
Epoch 6/10
2/2 [==============================] - 2s 1s/step - loss: 2.2835 - accuracy: 0.1833 - val_loss: 2.1386 - val_accuracy: 0.2000 - lr: 1.0000e-04
Epoch 7/10
2/2 [==============================] - 1s 600ms/step - loss: 2.2982 - accuracy: 0.2167 - val_loss: 2.1837 - val_accuracy: 0.2000 - lr: 1.0000e-04
Epoch 8/10
2/2 [==============================] - 1s 583ms/step - loss: 2.3375 - accuracy: 0.1500 - val_loss: 2.2015 - val_accuracy: 0.2000 - lr: 1.0000e-04
1/1 [==============================] - 0s 103ms/step - loss: 2.2626 - accuracy: 0.1429
Found 60 images belonging to 6 classes.
Found 5 images belonging to 6 classes.
Found 7 images belonging to 6 classes.
Epoch 1/15
2/2 [==============================] - ETA: 0s - loss: 2.4295 - accuracy: 0.1667C:\Users\tom.zbc\PycharmProjects\fungis_bacterias_project\.venv\lib\site-packages\keras\src\engine\training.py:3000: UserWarning: You are saving your model as an HDF5 file via `model.save()`. This file format is considered legacy. We recommend using instead the native Keras format, e.g. `model.save('my_model.keras')`.
  saving_api.save_model(
2/2 [==============================] - 2s 1s/step - loss: 2.4295 - accuracy: 0.1667 - val_loss: 2.3582 - val_accuracy: 0.4000 - lr: 1.0000e-04
Epoch 2/15
2/2 [==============================] - 2s 1s/step - loss: 2.4107 - accuracy: 0.1667 - val_loss: 2.2075 - val_accuracy: 0.4000 - lr: 1.0000e-04
Epoch 3/15
2/2 [==============================] - 2s 1s/step - loss: 2.3281 - accuracy: 0.1833 - val_loss: 2.1500 - val_accuracy: 0.4000 - lr: 1.0000e-04
Epoch 4/15
2/2 [==============================] - 1s 618ms/step - loss: 2.3467 - accuracy: 0.2167 - val_loss: 2.1689 - val_accuracy: 0.2000 - lr: 1.0000e-04
Epoch 5/15
2/2 [==============================] - 1s 637ms/step - loss: 2.3606 - accuracy: 0.1500 - val_loss: 2.1927 - val_accuracy: 0.2000 - lr: 1.0000e-04
1/1 [==============================] - 0s 102ms/step - loss: 2.1552 - accuracy: 0.2857
Found 60 images belonging to 6 classes.
Found 5 images belonging to 6 classes.
Found 7 images belonging to 6 classes.
Epoch 1/10
2/2 [==============================] - ETA: 0s - loss: 2.3562 - accuracy: 0.1667C:\Users\tom.zbc\PycharmProjects\fungis_bacterias_project\.venv\lib\site-packages\keras\src\engine\training.py:3000: UserWarning: You are saving your model as an HDF5 file via `model.save()`. This file format is considered legacy. We recommend using instead the native Keras format, e.g. `model.save('my_model.keras')`.
  saving_api.save_model(
2/2 [==============================] - 2s 881ms/step - loss: 2.3562 - accuracy: 0.1667 - val_loss: 2.2516 - val_accuracy: 0.2000 - lr: 1.0000e-04
Epoch 2/10
2/2 [==============================] - 1s 456ms/step - loss: 2.3644 - accuracy: 0.1667 - val_loss: 2.3535 - val_accuracy: 0.0000e+00 - lr: 1.0000e-04
Epoch 3/10
2/2 [==============================] - 1s 529ms/step - loss: 2.3826 - accuracy: 0.2333 - val_loss: 2.3291 - val_accuracy: 0.2000 - lr: 1.0000e-04
1/1 [==============================] - 0s 90ms/step - loss: 2.2215 - accuracy: 0.1429
Found 60 images belonging to 6 classes.
Found 5 images belonging to 6 classes.
Found 7 images belonging to 6 classes.
Epoch 1/15
2/2 [==============================] - ETA: 0s - loss: 2.3784 - accuracy: 0.1333C:\Users\tom.zbc\PycharmProjects\fungis_bacterias_project\.venv\lib\site-packages\keras\src\engine\training.py:3000: UserWarning: You are saving your model as an HDF5 file via `model.save()`. This file format is considered legacy. We recommend using instead the native Keras format, e.g. `model.save('my_model.keras')`.
  saving_api.save_model(
2/2 [==============================] - 2s 866ms/step - loss: 2.3784 - accuracy: 0.1333 - val_loss: 2.4551 - val_accuracy: 0.0000e+00 - lr: 1.0000e-04
Epoch 2/15
2/2 [==============================] - 1s 771ms/step - loss: 2.3447 - accuracy: 0.1333 - val_loss: 2.3980 - val_accuracy: 0.0000e+00 - lr: 1.0000e-04
Epoch 3/15
2/2 [==============================] - 1s 724ms/step - loss: 2.3291 - accuracy: 0.2167 - val_loss: 2.3516 - val_accuracy: 0.2000 - lr: 1.0000e-04
Epoch 4/15
2/2 [==============================] - 1s 706ms/step - loss: 2.3202 - accuracy: 0.1667 - val_loss: 2.3196 - val_accuracy: 0.2000 - lr: 1.0000e-04
Epoch 5/15
2/2 [==============================] - 1s 704ms/step - loss: 2.2694 - accuracy: 0.3167 - val_loss: 2.2761 - val_accuracy: 0.2000 - lr: 1.0000e-04
Epoch 6/15
2/2 [==============================] - 1s 764ms/step - loss: 2.3374 - accuracy: 0.1667 - val_loss: 2.2464 - val_accuracy: 0.2000 - lr: 1.0000e-04
Epoch 7/15
2/2 [==============================] - 1s 763ms/step - loss: 2.2829 - accuracy: 0.1667 - val_loss: 2.2201 - val_accuracy: 0.2000 - lr: 1.0000e-04
Epoch 8/15
2/2 [==============================] - 1s 781ms/step - loss: 2.2396 - accuracy: 0.1500 - val_loss: 2.1997 - val_accuracy: 0.2000 - lr: 1.0000e-04
Epoch 9/15
2/2 [==============================] - 1s 759ms/step - loss: 2.2553 - accuracy: 0.2000 - val_loss: 2.1827 - val_accuracy: 0.2000 - lr: 1.0000e-04
Epoch 10/15
2/2 [==============================] - 1s 725ms/step - loss: 2.2472 - accuracy: 0.2167 - val_loss: 2.1557 - val_accuracy: 0.4000 - lr: 1.0000e-04
Epoch 11/15
2/2 [==============================] - 1s 788ms/step - loss: 2.2247 - accuracy: 0.2500 - val_loss: 2.1313 - val_accuracy: 0.4000 - lr: 1.0000e-04
Epoch 12/15
2/2 [==============================] - 1s 785ms/step - loss: 2.2425 - accuracy: 0.2500 - val_loss: 2.1088 - val_accuracy: 0.4000 - lr: 1.0000e-04
Epoch 13/15
2/2 [==============================] - 1s 792ms/step - loss: 2.1771 - accuracy: 0.2000 - val_loss: 2.0758 - val_accuracy: 0.4000 - lr: 1.0000e-04
Epoch 14/15
2/2 [==============================] - 1s 736ms/step - loss: 2.2108 - accuracy: 0.2667 - val_loss: 2.0675 - val_accuracy: 0.4000 - lr: 1.0000e-04
Epoch 15/15
2/2 [==============================] - 1s 740ms/step - loss: 2.2380 - accuracy: 0.1500 - val_loss: 2.0560 - val_accuracy: 0.4000 - lr: 1.0000e-04
1/1 [==============================] - 0s 86ms/step - loss: 2.1616 - accuracy: 0.2857
Found 60 images belonging to 6 classes.
Found 5 images belonging to 6 classes.
Found 7 images belonging to 6 classes.
Epoch 1/10
2/2 [==============================] - ETA: 0s - loss: 2.3775 - accuracy: 0.1833C:\Users\tom.zbc\PycharmProjects\fungis_bacterias_project\.venv\lib\site-packages\keras\src\engine\training.py:3000: UserWarning: You are saving your model as an HDF5 file via `model.save()`. This file format is considered legacy. We recommend using instead the native Keras format, e.g. `model.save('my_model.keras')`.
  saving_api.save_model(
2/2 [==============================] - 2s 929ms/step - loss: 2.3775 - accuracy: 0.1833 - val_loss: 2.3642 - val_accuracy: 0.0000e+00 - lr: 1.0000e-04
Epoch 2/10
2/2 [==============================] - 1s 770ms/step - loss: 2.3804 - accuracy: 0.2500 - val_loss: 2.3190 - val_accuracy: 0.2000 - lr: 1.0000e-04
Epoch 3/10
2/2 [==============================] - 1s 722ms/step - loss: 2.3526 - accuracy: 0.2333 - val_loss: 2.2695 - val_accuracy: 0.2000 - lr: 1.0000e-04
Epoch 4/10
2/2 [==============================] - 1s 714ms/step - loss: 2.3345 - accuracy: 0.1000 - val_loss: 2.2374 - val_accuracy: 0.4000 - lr: 1.0000e-04
Epoch 5/10
2/2 [==============================] - 1s 785ms/step - loss: 2.2573 - accuracy: 0.2167 - val_loss: 2.2170 - val_accuracy: 0.2000 - lr: 1.0000e-04
Epoch 6/10
2/2 [==============================] - 1s 748ms/step - loss: 2.3090 - accuracy: 0.1500 - val_loss: 2.2084 - val_accuracy: 0.2000 - lr: 1.0000e-04
Epoch 7/10
2/2 [==============================] - 1s 700ms/step - loss: 2.3086 - accuracy: 0.1833 - val_loss: 2.1909 - val_accuracy: 0.2000 - lr: 1.0000e-04
Epoch 8/10
2/2 [==============================] - 1s 494ms/step - loss: 2.3257 - accuracy: 0.2167 - val_loss: 2.1919 - val_accuracy: 0.2000 - lr: 1.0000e-04
Epoch 9/10
2/2 [==============================] - 1s 446ms/step - loss: 2.2838 - accuracy: 0.2500 - val_loss: 2.1937 - val_accuracy: 0.2000 - lr: 1.0000e-04
1/1 [==============================] - 0s 87ms/step - loss: 2.1288 - accuracy: 0.2857
Found 60 images belonging to 6 classes.
Found 5 images belonging to 6 classes.
Found 7 images belonging to 6 classes.
Epoch 1/15
2/2 [==============================] - ETA: 0s - loss: 2.3821 - accuracy: 0.1667C:\Users\tom.zbc\PycharmProjects\fungis_bacterias_project\.venv\lib\site-packages\keras\src\engine\training.py:3000: UserWarning: You are saving your model as an HDF5 file via `model.save()`. This file format is considered legacy. We recommend using instead the native Keras format, e.g. `model.save('my_model.keras')`.
  saving_api.save_model(
2/2 [==============================] - 2s 853ms/step - loss: 2.3821 - accuracy: 0.1667 - val_loss: 2.4091 - val_accuracy: 0.0000e+00 - lr: 1.0000e-04
Epoch 2/15
2/2 [==============================] - 1s 797ms/step - loss: 2.3512 - accuracy: 0.1833 - val_loss: 2.4044 - val_accuracy: 0.0000e+00 - lr: 1.0000e-04
Epoch 3/15
2/2 [==============================] - 1s 718ms/step - loss: 2.2791 - accuracy: 0.2167 - val_loss: 2.3663 - val_accuracy: 0.2000 - lr: 1.0000e-04
Epoch 4/15
2/2 [==============================] - 1s 778ms/step - loss: 2.3540 - accuracy: 0.2000 - val_loss: 2.2547 - val_accuracy: 0.2000 - lr: 1.0000e-04
Epoch 5/15
2/2 [==============================] - 1s 703ms/step - loss: 2.3635 - accuracy: 0.2000 - val_loss: 2.2173 - val_accuracy: 0.4000 - lr: 1.0000e-04
Epoch 6/15
2/2 [==============================] - 1s 723ms/step - loss: 2.2530 - accuracy: 0.2500 - val_loss: 2.2148 - val_accuracy: 0.4000 - lr: 1.0000e-04
Epoch 7/15
2/2 [==============================] - 1s 425ms/step - loss: 2.3048 - accuracy: 0.1667 - val_loss: 2.2274 - val_accuracy: 0.6000 - lr: 1.0000e-04
Epoch 8/15
2/2 [==============================] - 1s 515ms/step - loss: 2.4246 - accuracy: 0.1500 - val_loss: 2.2403 - val_accuracy: 0.4000 - lr: 1.0000e-04
1/1 [==============================] - 0s 89ms/step - loss: 2.1309 - accuracy: 0.4286
Found 60 images belonging to 6 classes.
Found 5 images belonging to 6 classes.
Found 7 images belonging to 6 classes.
Epoch 1/10
2/2 [==============================] - ETA: 0s - loss: 2.3663 - accuracy: 0.0833C:\Users\tom.zbc\PycharmProjects\fungis_bacterias_project\.venv\lib\site-packages\keras\src\engine\training.py:3000: UserWarning: You are saving your model as an HDF5 file via `model.save()`. This file format is considered legacy. We recommend using instead the native Keras format, e.g. `model.save('my_model.keras')`.
  saving_api.save_model(
2/2 [==============================] - 2s 876ms/step - loss: 2.3663 - accuracy: 0.0833 - val_loss: 2.2766 - val_accuracy: 0.2000 - lr: 1.0000e-04
Epoch 2/10
2/2 [==============================] - 1s 812ms/step - loss: 2.3578 - accuracy: 0.1333 - val_loss: 2.2719 - val_accuracy: 0.2000 - lr: 1.0000e-04
Epoch 3/10
2/2 [==============================] - 1s 722ms/step - loss: 2.3078 - accuracy: 0.1333 - val_loss: 2.2572 - val_accuracy: 0.4000 - lr: 1.0000e-04
Epoch 4/10
2/2 [==============================] - 1s 793ms/step - loss: 2.2918 - accuracy: 0.2333 - val_loss: 2.2331 - val_accuracy: 0.4000 - lr: 1.0000e-04
Epoch 5/10
2/2 [==============================] - 1s 544ms/step - loss: 2.3075 - accuracy: 0.2167 - val_loss: 2.2331 - val_accuracy: 0.4000 - lr: 1.0000e-04
Epoch 6/10
2/2 [==============================] - 1s 732ms/step - loss: 2.3000 - accuracy: 0.1667 - val_loss: 2.2130 - val_accuracy: 0.2000 - lr: 1.0000e-04
Epoch 7/10
2/2 [==============================] - 1s 782ms/step - loss: 2.2854 - accuracy: 0.2333 - val_loss: 2.1899 - val_accuracy: 0.2000 - lr: 1.0000e-04
Epoch 8/10
2/2 [==============================] - 1s 802ms/step - loss: 2.2126 - accuracy: 0.1500 - val_loss: 2.1783 - val_accuracy: 0.4000 - lr: 1.0000e-04
Epoch 9/10
2/2 [==============================] - 1s 448ms/step - loss: 2.2640 - accuracy: 0.1667 - val_loss: 2.1838 - val_accuracy: 0.6000 - lr: 1.0000e-04
Epoch 10/10
2/2 [==============================] - 1s 540ms/step - loss: 2.2421 - accuracy: 0.2333 - val_loss: 2.1994 - val_accuracy: 0.6000 - lr: 1.0000e-04
1/1 [==============================] - 0s 90ms/step - loss: 2.2700 - accuracy: 0.2857
Found 60 images belonging to 6 classes.
Found 5 images belonging to 6 classes.
Found 7 images belonging to 6 classes.
Epoch 1/15
2/2 [==============================] - ETA: 0s - loss: 2.3437 - accuracy: 0.2167C:\Users\tom.zbc\PycharmProjects\fungis_bacterias_project\.venv\lib\site-packages\keras\src\engine\training.py:3000: UserWarning: You are saving your model as an HDF5 file via `model.save()`. This file format is considered legacy. We recommend using instead the native Keras format, e.g. `model.save('my_model.keras')`.
  saving_api.save_model(
2/2 [==============================] - 2s 849ms/step - loss: 2.3437 - accuracy: 0.2167 - val_loss: 2.2739 - val_accuracy: 0.2000 - lr: 1.0000e-04
Epoch 2/15
2/2 [==============================] - 1s 434ms/step - loss: 2.3095 - accuracy: 0.2167 - val_loss: 2.2827 - val_accuracy: 0.2000 - lr: 1.0000e-04
Epoch 3/15
2/2 [==============================] - 1s 453ms/step - loss: 2.4096 - accuracy: 0.1333 - val_loss: 2.3036 - val_accuracy: 0.0000e+00 - lr: 1.0000e-04
1/1 [==============================] - 0s 96ms/step - loss: 2.1837 - accuracy: 0.4286
Found 60 images belonging to 6 classes.
Found 5 images belonging to 6 classes.
Found 7 images belonging to 6 classes.
Epoch 1/10
2/2 [==============================] - ETA: 0s - loss: 2.3695 - accuracy: 0.1000C:\Users\tom.zbc\PycharmProjects\fungis_bacterias_project\.venv\lib\site-packages\keras\src\engine\training.py:3000: UserWarning: You are saving your model as an HDF5 file via `model.save()`. This file format is considered legacy. We recommend using instead the native Keras format, e.g. `model.save('my_model.keras')`.
  saving_api.save_model(
2/2 [==============================] - 2s 854ms/step - loss: 2.3695 - accuracy: 0.1000 - val_loss: 2.3816 - val_accuracy: 0.0000e+00 - lr: 1.0000e-04
Epoch 2/10
2/2 [==============================] - 1s 706ms/step - loss: 2.3626 - accuracy: 0.1333 - val_loss: 2.3065 - val_accuracy: 0.2000 - lr: 1.0000e-04
Epoch 3/10
2/2 [==============================] - 1s 433ms/step - loss: 2.3324 - accuracy: 0.0667 - val_loss: 2.3383 - val_accuracy: 0.4000 - lr: 1.0000e-04
Epoch 4/10
2/2 [==============================] - 1s 476ms/step - loss: 2.3117 - accuracy: 0.1333 - val_loss: 2.3896 - val_accuracy: 0.0000e+00 - lr: 1.0000e-04
1/1 [==============================] - 0s 102ms/step - loss: 2.3346 - accuracy: 0.2857
Found 60 images belonging to 6 classes.
Found 5 images belonging to 6 classes.
Found 7 images belonging to 6 classes.
Epoch 1/15
2/2 [==============================] - ETA: 0s - loss: 2.4016 - accuracy: 0.1167C:\Users\tom.zbc\PycharmProjects\fungis_bacterias_project\.venv\lib\site-packages\keras\src\engine\training.py:3000: UserWarning: You are saving your model as an HDF5 file via `model.save()`. This file format is considered legacy. We recommend using instead the native Keras format, e.g. `model.save('my_model.keras')`.
  saving_api.save_model(
2/2 [==============================] - 2s 923ms/step - loss: 2.4016 - accuracy: 0.1167 - val_loss: 2.4322 - val_accuracy: 0.2000 - lr: 1.0000e-04
Epoch 2/15
2/2 [==============================] - 1s 728ms/step - loss: 2.3825 - accuracy: 0.1833 - val_loss: 2.2809 - val_accuracy: 0.0000e+00 - lr: 1.0000e-04
Epoch 3/15
2/2 [==============================] - 1s 796ms/step - loss: 2.2943 - accuracy: 0.2000 - val_loss: 2.2732 - val_accuracy: 0.0000e+00 - lr: 1.0000e-04
Epoch 4/15
2/2 [==============================] - 1s 797ms/step - loss: 2.3299 - accuracy: 0.2167 - val_loss: 2.2577 - val_accuracy: 0.0000e+00 - lr: 1.0000e-04
Epoch 5/15
2/2 [==============================] - 1s 777ms/step - loss: 2.3044 - accuracy: 0.1667 - val_loss: 2.2453 - val_accuracy: 0.0000e+00 - lr: 1.0000e-04
Epoch 6/15
2/2 [==============================] - 1s 763ms/step - loss: 2.3777 - accuracy: 0.2167 - val_loss: 2.1988 - val_accuracy: 0.0000e+00 - lr: 1.0000e-04
Epoch 7/15
2/2 [==============================] - 1s 806ms/step - loss: 2.2635 - accuracy: 0.2000 - val_loss: 2.1843 - val_accuracy: 0.0000e+00 - lr: 1.0000e-04
Epoch 8/15
2/2 [==============================] - 1s 509ms/step - loss: 2.2674 - accuracy: 0.1833 - val_loss: 2.1920 - val_accuracy: 0.2000 - lr: 1.0000e-04
Epoch 9/15
2/2 [==============================] - 1s 515ms/step - loss: 2.2704 - accuracy: 0.2167 - val_loss: 2.1980 - val_accuracy: 0.2000 - lr: 1.0000e-04
1/1 [==============================] - 0s 90ms/step - loss: 2.3148 - accuracy: 0.0000e+00
Found 60 images belonging to 6 classes.
Found 5 images belonging to 6 classes.
Found 7 images belonging to 6 classes.
Epoch 1/10
2/2 [==============================] - ETA: 0s - loss: 2.4108 - accuracy: 0.1167C:\Users\tom.zbc\PycharmProjects\fungis_bacterias_project\.venv\lib\site-packages\keras\src\engine\training.py:3000: UserWarning: You are saving your model as an HDF5 file via `model.save()`. This file format is considered legacy. We recommend using instead the native Keras format, e.g. `model.save('my_model.keras')`.
  saving_api.save_model(
2/2 [==============================] - 2s 1s/step - loss: 2.4108 - accuracy: 0.1167 - val_loss: 2.4576 - val_accuracy: 0.0000e+00 - lr: 1.0000e-04
Epoch 2/10
2/2 [==============================] - 1s 665ms/step - loss: 2.4267 - accuracy: 0.1500 - val_loss: 2.4649 - val_accuracy: 0.0000e+00 - lr: 1.0000e-04
Epoch 3/10
2/2 [==============================] - 2s 1s/step - loss: 2.4143 - accuracy: 0.1167 - val_loss: 2.3748 - val_accuracy: 0.2000 - lr: 1.0000e-04
Epoch 4/10
2/2 [==============================] - 2s 1s/step - loss: 2.3144 - accuracy: 0.1833 - val_loss: 2.2660 - val_accuracy: 0.2000 - lr: 1.0000e-04
Epoch 5/10
2/2 [==============================] - 2s 1s/step - loss: 2.3056 - accuracy: 0.2500 - val_loss: 2.1617 - val_accuracy: 0.2000 - lr: 1.0000e-04
Epoch 6/10
2/2 [==============================] - 2s 1s/step - loss: 2.3233 - accuracy: 0.1333 - val_loss: 2.0931 - val_accuracy: 0.4000 - lr: 1.0000e-04
Epoch 7/10
2/2 [==============================] - 2s 1s/step - loss: 2.2575 - accuracy: 0.2667 - val_loss: 2.0617 - val_accuracy: 0.6000 - lr: 1.0000e-04
Epoch 8/10
2/2 [==============================] - 2s 1s/step - loss: 2.2961 - accuracy: 0.2000 - val_loss: 2.0554 - val_accuracy: 0.4000 - lr: 1.0000e-04
Epoch 9/10
2/2 [==============================] - 1s 677ms/step - loss: 2.3376 - accuracy: 0.2000 - val_loss: 2.0687 - val_accuracy: 0.4000 - lr: 1.0000e-04
Epoch 10/10
2/2 [==============================] - 1s 638ms/step - loss: 2.2462 - accuracy: 0.2833 - val_loss: 2.0757 - val_accuracy: 0.4000 - lr: 1.0000e-04
1/1 [==============================] - 0s 104ms/step - loss: 2.1396 - accuracy: 0.2857
Found 60 images belonging to 6 classes.
Found 5 images belonging to 6 classes.
Found 7 images belonging to 6 classes.
Epoch 1/15
2/2 [==============================] - ETA: 0s - loss: 2.4186 - accuracy: 0.1167C:\Users\tom.zbc\PycharmProjects\fungis_bacterias_project\.venv\lib\site-packages\keras\src\engine\training.py:3000: UserWarning: You are saving your model as an HDF5 file via `model.save()`. This file format is considered legacy. We recommend using instead the native Keras format, e.g. `model.save('my_model.keras')`.
  saving_api.save_model(
2/2 [==============================] - 2s 1s/step - loss: 2.4186 - accuracy: 0.1167 - val_loss: 2.4870 - val_accuracy: 0.0000e+00 - lr: 1.0000e-04
Epoch 2/15
2/2 [==============================] - 2s 1s/step - loss: 2.3829 - accuracy: 0.1667 - val_loss: 2.4834 - val_accuracy: 0.2000 - lr: 1.0000e-04
Epoch 3/15
2/2 [==============================] - 2s 1s/step - loss: 2.3953 - accuracy: 0.2167 - val_loss: 2.4717 - val_accuracy: 0.2000 - lr: 1.0000e-04
Epoch 4/15
2/2 [==============================] - 1s 634ms/step - loss: 2.3138 - accuracy: 0.1667 - val_loss: 2.4800 - val_accuracy: 0.2000 - lr: 1.0000e-04
Epoch 5/15
2/2 [==============================] - 2s 1s/step - loss: 2.3543 - accuracy: 0.2667 - val_loss: 2.4311 - val_accuracy: 0.2000 - lr: 1.0000e-04
Epoch 6/15
2/2 [==============================] - 2s 1s/step - loss: 2.4008 - accuracy: 0.2000 - val_loss: 2.3398 - val_accuracy: 0.4000 - lr: 1.0000e-04
Epoch 7/15
2/2 [==============================] - 2s 1s/step - loss: 2.2825 - accuracy: 0.3000 - val_loss: 2.2812 - val_accuracy: 0.4000 - lr: 1.0000e-04
Epoch 8/15
2/2 [==============================] - 2s 1s/step - loss: 2.3250 - accuracy: 0.1500 - val_loss: 2.2404 - val_accuracy: 0.4000 - lr: 1.0000e-04
Epoch 9/15
2/2 [==============================] - 3s 2s/step - loss: 2.2468 - accuracy: 0.3167 - val_loss: 2.1992 - val_accuracy: 0.2000 - lr: 1.0000e-04
Epoch 10/15
2/2 [==============================] - 3s 2s/step - loss: 2.2321 - accuracy: 0.2333 - val_loss: 2.1775 - val_accuracy: 0.2000 - lr: 1.0000e-04
Epoch 11/15
2/2 [==============================] - 3s 2s/step - loss: 2.2527 - accuracy: 0.3167 - val_loss: 2.1608 - val_accuracy: 0.2000 - lr: 1.0000e-04
Epoch 12/15
2/2 [==============================] - 2s 1s/step - loss: 2.2781 - accuracy: 0.3000 - val_loss: 2.1675 - val_accuracy: 0.2000 - lr: 1.0000e-04
Epoch 13/15
2/2 [==============================] - 2s 1s/step - loss: 2.1889 - accuracy: 0.2833 - val_loss: 2.1612 - val_accuracy: 0.2000 - lr: 1.0000e-04
1/1 [==============================] - 0s 161ms/step - loss: 2.0281 - accuracy: 0.5714
Found 60 images belonging to 6 classes.
Found 5 images belonging to 6 classes.
Found 7 images belonging to 6 classes.
Epoch 1/10
2/2 [==============================] - ETA: 0s - loss: 2.4499 - accuracy: 0.1833C:\Users\tom.zbc\PycharmProjects\fungis_bacterias_project\.venv\lib\site-packages\keras\src\engine\training.py:3000: UserWarning: You are saving your model as an HDF5 file via `model.save()`. This file format is considered legacy. We recommend using instead the native Keras format, e.g. `model.save('my_model.keras')`.
  saving_api.save_model(
2/2 [==============================] - 4s 2s/step - loss: 2.4499 - accuracy: 0.1833 - val_loss: 2.2293 - val_accuracy: 0.2000 - lr: 1.0000e-04
Epoch 2/10
2/2 [==============================] - 1s 702ms/step - loss: 2.3934 - accuracy: 0.2667 - val_loss: 2.3142 - val_accuracy: 0.2000 - lr: 1.0000e-04
Epoch 3/10
2/2 [==============================] - 2s 1s/step - loss: 2.4769 - accuracy: 0.2000 - val_loss: 2.2503 - val_accuracy: 0.6000 - lr: 1.0000e-04
1/1 [==============================] - 0s 144ms/step - loss: 2.1791 - accuracy: 0.1429
Found 60 images belonging to 6 classes.
Found 5 images belonging to 6 classes.
Found 7 images belonging to 6 classes.
Epoch 1/15
2/2 [==============================] - ETA: 0s - loss: 2.4190 - accuracy: 0.1500C:\Users\tom.zbc\PycharmProjects\fungis_bacterias_project\.venv\lib\site-packages\keras\src\engine\training.py:3000: UserWarning: You are saving your model as an HDF5 file via `model.save()`. This file format is considered legacy. We recommend using instead the native Keras format, e.g. `model.save('my_model.keras')`.
  saving_api.save_model(
2/2 [==============================] - 3s 2s/step - loss: 2.4190 - accuracy: 0.1500 - val_loss: 2.3008 - val_accuracy: 0.4000 - lr: 1.0000e-04
Epoch 2/15
2/2 [==============================] - 2s 2s/step - loss: 2.4356 - accuracy: 0.1667 - val_loss: 2.1938 - val_accuracy: 0.4000 - lr: 1.0000e-04
Epoch 3/15
2/2 [==============================] - 2s 1s/step - loss: 2.4049 - accuracy: 0.1833 - val_loss: 2.0411 - val_accuracy: 0.4000 - lr: 1.0000e-04
Epoch 4/15
2/2 [==============================] - 2s 2s/step - loss: 2.2679 - accuracy: 0.2167 - val_loss: 2.0302 - val_accuracy: 0.4000 - lr: 1.0000e-04
Epoch 5/15
2/2 [==============================] - 2s 819ms/step - loss: 2.3314 - accuracy: 0.2000 - val_loss: 2.0556 - val_accuracy: 0.6000 - lr: 1.0000e-04
Epoch 6/15
2/2 [==============================] - 2s 816ms/step - loss: 2.3163 - accuracy: 0.1667 - val_loss: 2.0755 - val_accuracy: 0.6000 - lr: 1.0000e-04
1/1 [==============================] - 0s 121ms/step - loss: 2.1461 - accuracy: 0.4286
Found 60 images belonging to 6 classes.
Found 5 images belonging to 6 classes.
Found 7 images belonging to 6 classes.
Epoch 1/10
2/2 [==============================] - ETA: 0s - loss: 2.4041 - accuracy: 0.2167C:\Users\tom.zbc\PycharmProjects\fungis_bacterias_project\.venv\lib\site-packages\keras\src\engine\training.py:3000: UserWarning: You are saving your model as an HDF5 file via `model.save()`. This file format is considered legacy. We recommend using instead the native Keras format, e.g. `model.save('my_model.keras')`.
  saving_api.save_model(
2/2 [==============================] - 3s 2s/step - loss: 2.4041 - accuracy: 0.2167 - val_loss: 2.3501 - val_accuracy: 0.2000 - lr: 1.0000e-04
Epoch 2/10
2/2 [==============================] - 2s 748ms/step - loss: 2.3536 - accuracy: 0.2333 - val_loss: 2.3579 - val_accuracy: 0.2000 - lr: 1.0000e-04
Epoch 3/10
2/2 [==============================] - 2s 856ms/step - loss: 2.4051 - accuracy: 0.1833 - val_loss: 2.3687 - val_accuracy: 0.2000 - lr: 1.0000e-04
1/1 [==============================] - 0s 115ms/step - loss: 2.4784 - accuracy: 0.1429
Found 60 images belonging to 6 classes.
Found 5 images belonging to 6 classes.
Found 7 images belonging to 6 classes.
Epoch 1/15
2/2 [==============================] - ETA: 0s - loss: 2.3956 - accuracy: 0.2333C:\Users\tom.zbc\PycharmProjects\fungis_bacterias_project\.venv\lib\site-packages\keras\src\engine\training.py:3000: UserWarning: You are saving your model as an HDF5 file via `model.save()`. This file format is considered legacy. We recommend using instead the native Keras format, e.g. `model.save('my_model.keras')`.
  saving_api.save_model(
2/2 [==============================] - 3s 2s/step - loss: 2.3956 - accuracy: 0.2333 - val_loss: 2.3947 - val_accuracy: 0.0000e+00 - lr: 1.0000e-04
Epoch 2/15
2/2 [==============================] - 2s 1s/step - loss: 2.3929 - accuracy: 0.2667 - val_loss: 2.3285 - val_accuracy: 0.0000e+00 - lr: 1.0000e-04
Epoch 3/15
2/2 [==============================] - 2s 1s/step - loss: 2.4163 - accuracy: 0.1667 - val_loss: 2.3000 - val_accuracy: 0.0000e+00 - lr: 1.0000e-04
Epoch 4/15
2/2 [==============================] - 2s 1s/step - loss: 2.3491 - accuracy: 0.2167 - val_loss: 2.2116 - val_accuracy: 0.2000 - lr: 1.0000e-04
Epoch 5/15
2/2 [==============================] - 2s 1s/step - loss: 2.3603 - accuracy: 0.1333 - val_loss: 2.1552 - val_accuracy: 0.2000 - lr: 1.0000e-04
Epoch 6/15
2/2 [==============================] - 2s 1s/step - loss: 2.3504 - accuracy: 0.1833 - val_loss: 2.1520 - val_accuracy: 0.8000 - lr: 1.0000e-04
Epoch 7/15
2/2 [==============================] - 1s 695ms/step - loss: 2.2981 - accuracy: 0.2000 - val_loss: 2.1757 - val_accuracy: 0.6000 - lr: 1.0000e-04
Epoch 8/15
2/2 [==============================] - 2s 719ms/step - loss: 2.2939 - accuracy: 0.1667 - val_loss: 2.1728 - val_accuracy: 0.2000 - lr: 1.0000e-04
1/1 [==============================] - 0s 106ms/step - loss: 2.3696 - accuracy: 0.1429
Found 60 images belonging to 6 classes.
Found 5 images belonging to 6 classes.
Found 7 images belonging to 6 classes.
Epoch 1/10
2/2 [==============================] - ETA: 0s - loss: 2.4311 - accuracy: 0.0833C:\Users\tom.zbc\PycharmProjects\fungis_bacterias_project\.venv\lib\site-packages\keras\src\engine\training.py:3000: UserWarning: You are saving your model as an HDF5 file via `model.save()`. This file format is considered legacy. We recommend using instead the native Keras format, e.g. `model.save('my_model.keras')`.
  saving_api.save_model(
2/2 [==============================] - 2s 1s/step - loss: 2.4311 - accuracy: 0.0833 - val_loss: 2.3803 - val_accuracy: 0.0000e+00 - lr: 1.0000e-04
Epoch 2/10
2/2 [==============================] - 1s 567ms/step - loss: 2.3649 - accuracy: 0.2333 - val_loss: 2.4780 - val_accuracy: 0.0000e+00 - lr: 1.0000e-04
Epoch 3/10
2/2 [==============================] - 1s 618ms/step - loss: 2.3415 - accuracy: 0.2000 - val_loss: 2.4938 - val_accuracy: 0.0000e+00 - lr: 1.0000e-04
1/1 [==============================] - 0s 100ms/step - loss: 2.3015 - accuracy: 0.0000e+00
Found 60 images belonging to 6 classes.
Found 5 images belonging to 6 classes.
Found 7 images belonging to 6 classes.
Epoch 1/15
2/2 [==============================] - ETA: 0s - loss: 2.4161 - accuracy: 0.1667C:\Users\tom.zbc\PycharmProjects\fungis_bacterias_project\.venv\lib\site-packages\keras\src\engine\training.py:3000: UserWarning: You are saving your model as an HDF5 file via `model.save()`. This file format is considered legacy. We recommend using instead the native Keras format, e.g. `model.save('my_model.keras')`.
  saving_api.save_model(
2/2 [==============================] - 2s 1s/step - loss: 2.4161 - accuracy: 0.1667 - val_loss: 2.5706 - val_accuracy: 0.2000 - lr: 1.0000e-04
Epoch 2/15
2/2 [==============================] - 1s 650ms/step - loss: 2.5102 - accuracy: 0.1167 - val_loss: 2.7320 - val_accuracy: 0.2000 - lr: 1.0000e-04
Epoch 3/15
2/2 [==============================] - 2s 1s/step - loss: 2.3900 - accuracy: 0.1667 - val_loss: 2.4413 - val_accuracy: 0.4000 - lr: 1.0000e-04
Epoch 4/15
2/2 [==============================] - 2s 1s/step - loss: 2.5151 - accuracy: 0.0833 - val_loss: 2.3071 - val_accuracy: 0.2000 - lr: 1.0000e-04
Epoch 5/15
2/2 [==============================] - 2s 1s/step - loss: 2.2930 - accuracy: 0.2833 - val_loss: 2.2571 - val_accuracy: 0.4000 - lr: 1.0000e-04
Epoch 6/15
2/2 [==============================] - 2s 1s/step - loss: 2.3785 - accuracy: 0.1833 - val_loss: 2.2105 - val_accuracy: 0.2000 - lr: 1.0000e-04
Epoch 7/15
2/2 [==============================] - 2s 1s/step - loss: 2.3225 - accuracy: 0.2333 - val_loss: 2.1744 - val_accuracy: 0.2000 - lr: 1.0000e-04
Epoch 8/15
2/2 [==============================] - 2s 1s/step - loss: 2.3007 - accuracy: 0.2000 - val_loss: 2.1587 - val_accuracy: 0.2000 - lr: 1.0000e-04
Epoch 9/15
2/2 [==============================] - 2s 1s/step - loss: 2.2496 - accuracy: 0.2667 - val_loss: 2.1484 - val_accuracy: 0.2000 - lr: 1.0000e-04
Epoch 10/15
2/2 [==============================] - 2s 1s/step - loss: 2.1995 - accuracy: 0.2167 - val_loss: 2.1284 - val_accuracy: 0.2000 - lr: 1.0000e-04
Epoch 11/15
2/2 [==============================] - 2s 1s/step - loss: 2.2372 - accuracy: 0.2167 - val_loss: 2.1184 - val_accuracy: 0.2000 - lr: 1.0000e-04
Epoch 12/15
2/2 [==============================] - 2s 1s/step - loss: 2.3115 - accuracy: 0.2500 - val_loss: 2.0923 - val_accuracy: 0.2000 - lr: 1.0000e-04
Epoch 13/15
2/2 [==============================] - 2s 1s/step - loss: 2.1891 - accuracy: 0.2667 - val_loss: 2.0809 - val_accuracy: 0.2000 - lr: 1.0000e-04
Epoch 14/15
2/2 [==============================] - 2s 1s/step - loss: 2.2076 - accuracy: 0.2333 - val_loss: 2.0790 - val_accuracy: 0.2000 - lr: 1.0000e-04
Epoch 15/15
2/2 [==============================] - 2s 1s/step - loss: 2.2261 - accuracy: 0.2333 - val_loss: 2.0675 - val_accuracy: 0.2000 - lr: 1.0000e-04
1/1 [==============================] - 0s 101ms/step - loss: 2.1469 - accuracy: 0.1429

Process finished with exit code 0
