C:\Users\tom.zbc\PycharmProjects\fungis_bacterias_project\.venv\Scripts\python.exe C:\Users\tom.zbc\PycharmProjects\fungis_bacterias_project\3_model_training_and_evaluation_FNN_6_5pr.py
Class 'Aero' meets the sample requirement.
Class 'Bacillus' meets the sample requirement.
Class 'Bor' meets the sample requirement.
Class 'E' meets the sample requirement.
Class 'Morganella' meets the sample requirement.
Class 'stapholococcus' meets the sample requirement.
Data check passed for directory: 'C:/Users/tom.zbc/PycharmProjects/fungis_bacterias_project/data/train'
Class 'Aero' meets the sample requirement.
Warning: Class 'Bacillus' has only 0 samples, expected at least 2.
Warning: Class 'Bor' has only 1 samples, expected at least 2.
Warning: Class 'E' has only 0 samples, expected at least 2.
Warning: Class 'Morganella' has only 1 samples, expected at least 2.
Warning: Class 'stapholococcus' has only 1 samples, expected at least 2.
Data check passed for directory: 'C:/Users/tom.zbc/PycharmProjects/fungis_bacterias_project/data/validation'
Class 'Aero' meets the sample requirement.
Warning: Class 'Bacillus' has only 1 samples, expected at least 2.
Warning: Class 'Bor' has only 0 samples, expected at least 2.
Warning: Class 'E' has only 0 samples, expected at least 2.
Warning: Class 'Morganella' has only 1 samples, expected at least 2.
Class 'stapholococcus' meets the sample requirement.
Data check passed for directory: 'C:/Users/tom.zbc/PycharmProjects/fungis_bacterias_project/data/test'
Found 60 images belonging to 6 classes.
Found 5 images belonging to 6 classes.
Found 7 images belonging to 6 classes.
2024-09-24 18:02:37.773710: I tensorflow/core/platform/cpu_feature_guard.cc:182] This TensorFlow binary is optimized to use available CPU instructions in performance-critical operations.
To enable the following instructions: SSE SSE2 SSE3 SSE4.1 SSE4.2 AVX AVX2 AVX_VNNI FMA, in other operations, rebuild TensorFlow with the appropriate compiler flags.
Epoch 1/10
2/2 [==============================] - 3s 892ms/step - loss: 3.1512 - accuracy: 0.1333 - val_loss: 2.9757 - val_accuracy: 0.2000 - lr: 0.0010
Epoch 2/10
2/2 [==============================] - 1s 665ms/step - loss: 2.9390 - accuracy: 0.1333 - val_loss: 2.6930 - val_accuracy: 0.2000 - lr: 0.0010
Epoch 3/10
2/2 [==============================] - 1s 742ms/step - loss: 2.6931 - accuracy: 0.1833 - val_loss: 2.6202 - val_accuracy: 0.2000 - lr: 0.0010
Epoch 4/10
2/2 [==============================] - 1s 631ms/step - loss: 2.6167 - accuracy: 0.0833 - val_loss: 2.5638 - val_accuracy: 0.2000 - lr: 0.0010
Epoch 5/10
2/2 [==============================] - 1s 735ms/step - loss: 2.5609 - accuracy: 0.1500 - val_loss: 2.5125 - val_accuracy: 0.4000 - lr: 0.0010
Epoch 6/10
2/2 [==============================] - 1s 714ms/step - loss: 2.5099 - accuracy: 0.1500 - val_loss: 2.4748 - val_accuracy: 0.2000 - lr: 0.0010
Epoch 7/10
2/2 [==============================] - 1s 707ms/step - loss: 2.4696 - accuracy: 0.1667 - val_loss: 2.4434 - val_accuracy: 0.4000 - lr: 0.0010
Epoch 8/10
2/2 [==============================] - 1s 660ms/step - loss: 2.4414 - accuracy: 0.1667 - val_loss: 2.4126 - val_accuracy: 0.2000 - lr: 0.0010
Epoch 9/10
2/2 [==============================] - 1s 753ms/step - loss: 2.4062 - accuracy: 0.1667 - val_loss: 2.3666 - val_accuracy: 0.2000 - lr: 0.0010
Epoch 10/10
2/2 [==============================] - 1s 646ms/step - loss: 2.3930 - accuracy: 0.2333 - val_loss: 2.3315 - val_accuracy: 0.0000e+00 - lr: 0.0010
1/1 [==============================] - 0s 132ms/step - loss: 2.3274 - accuracy: 0.0000e+00
Found 60 images belonging to 6 classes.
Found 5 images belonging to 6 classes.
Found 7 images belonging to 6 classes.
Epoch 1/30
2/2 [==============================] - 2s 853ms/step - loss: 3.4588 - accuracy: 0.1500 - val_loss: 3.0202 - val_accuracy: 0.2000 - lr: 0.0010
Epoch 2/30
2/2 [==============================] - 1s 742ms/step - loss: 2.8964 - accuracy: 0.1667 - val_loss: 2.6230 - val_accuracy: 0.2000 - lr: 0.0010
Epoch 3/30
2/2 [==============================] - 1s 664ms/step - loss: 2.6865 - accuracy: 0.1500 - val_loss: 2.5557 - val_accuracy: 0.2000 - lr: 0.0010
Epoch 4/30
2/2 [==============================] - 1s 733ms/step - loss: 2.5893 - accuracy: 0.3000 - val_loss: 2.5046 - val_accuracy: 0.2000 - lr: 0.0010
Epoch 5/30
2/2 [==============================] - 1s 709ms/step - loss: 2.5340 - accuracy: 0.2167 - val_loss: 2.4747 - val_accuracy: 0.2000 - lr: 0.0010
Epoch 6/30
2/2 [==============================] - 1s 707ms/step - loss: 2.5135 - accuracy: 0.0833 - val_loss: 2.4448 - val_accuracy: 0.2000 - lr: 0.0010
Epoch 7/30
2/2 [==============================] - 1s 711ms/step - loss: 2.4730 - accuracy: 0.2000 - val_loss: 2.4076 - val_accuracy: 0.2000 - lr: 0.0010
Epoch 8/30
2/2 [==============================] - 1s 728ms/step - loss: 2.4318 - accuracy: 0.2833 - val_loss: 2.3775 - val_accuracy: 0.4000 - lr: 0.0010
Epoch 9/30
2/2 [==============================] - 1s 612ms/step - loss: 2.3951 - accuracy: 0.3167 - val_loss: 2.3503 - val_accuracy: 0.4000 - lr: 0.0010
Epoch 10/30
2/2 [==============================] - 1s 620ms/step - loss: 2.3650 - accuracy: 0.3500 - val_loss: 2.3418 - val_accuracy: 0.2000 - lr: 0.0010
Epoch 11/30
2/2 [==============================] - 1s 626ms/step - loss: 2.3177 - accuracy: 0.3333 - val_loss: 2.3421 - val_accuracy: 0.0000e+00 - lr: 0.0010
1/1 [==============================] - 0s 135ms/step - loss: 2.2875 - accuracy: 0.2857
Found 60 images belonging to 6 classes.
Found 5 images belonging to 6 classes.
Found 7 images belonging to 6 classes.
Epoch 1/10
2/2 [==============================] - 2s 806ms/step - loss: 3.7040 - accuracy: 0.2000 - val_loss: 2.6837 - val_accuracy: 0.2000 - lr: 0.0010
Epoch 2/10
2/2 [==============================] - 1s 721ms/step - loss: 2.9274 - accuracy: 0.1333 - val_loss: 2.7916 - val_accuracy: 0.2000 - lr: 0.0010
1/1 [==============================] - 0s 142ms/step - loss: 2.6841 - accuracy: 0.4286
Found 60 images belonging to 6 classes.
Found 5 images belonging to 6 classes.
Found 7 images belonging to 6 classes.
Epoch 1/30
2/2 [==============================] - 2s 934ms/step - loss: 3.0054 - accuracy: 0.2000 - val_loss: 2.9100 - val_accuracy: 0.0000e+00 - lr: 0.0010
Epoch 2/30
2/2 [==============================] - 1s 733ms/step - loss: 2.7822 - accuracy: 0.2167 - val_loss: 2.6362 - val_accuracy: 0.4000 - lr: 0.0010
Epoch 3/30
2/2 [==============================] - 1s 639ms/step - loss: 2.6714 - accuracy: 0.2000 - val_loss: 2.5520 - val_accuracy: 0.4000 - lr: 0.0010
Epoch 4/30
2/2 [==============================] - 1s 721ms/step - loss: 2.5734 - accuracy: 0.2000 - val_loss: 2.4657 - val_accuracy: 0.2000 - lr: 0.0010
Epoch 5/30
2/2 [==============================] - 1s 730ms/step - loss: 2.4918 - accuracy: 0.2667 - val_loss: 2.3158 - val_accuracy: 0.2000 - lr: 0.0010
Epoch 6/30
2/2 [==============================] - 1s 729ms/step - loss: 2.4762 - accuracy: 0.2000 - val_loss: 2.2230 - val_accuracy: 0.4000 - lr: 0.0010
Epoch 7/30
2/2 [==============================] - 1s 722ms/step - loss: 2.4148 - accuracy: 0.2000 - val_loss: 2.2220 - val_accuracy: 0.4000 - lr: 0.0010
Epoch 8/30
2/2 [==============================] - 1s 719ms/step - loss: 2.3707 - accuracy: 0.2333 - val_loss: 2.2249 - val_accuracy: 0.4000 - lr: 0.0010
1/1 [==============================] - 0s 137ms/step - loss: 2.3529 - accuracy: 0.4286
Found 60 images belonging to 6 classes.
Found 5 images belonging to 6 classes.
Found 7 images belonging to 6 classes.
Epoch 1/10
2/2 [==============================] - 2s 841ms/step - loss: 3.6427 - accuracy: 0.1333 - val_loss: 3.0687 - val_accuracy: 0.6000 - lr: 0.0010
Epoch 2/10
2/2 [==============================] - 1s 717ms/step - loss: 3.0295 - accuracy: 0.1833 - val_loss: 2.8973 - val_accuracy: 0.0000e+00 - lr: 0.0010
Epoch 3/10
2/2 [==============================] - 1s 629ms/step - loss: 2.7821 - accuracy: 0.2000 - val_loss: 2.7237 - val_accuracy: 0.0000e+00 - lr: 0.0010
Epoch 4/10
2/2 [==============================] - 1s 647ms/step - loss: 2.6801 - accuracy: 0.1833 - val_loss: 2.6544 - val_accuracy: 0.0000e+00 - lr: 0.0010
Epoch 5/10
2/2 [==============================] - 1s 626ms/step - loss: 2.6310 - accuracy: 0.2333 - val_loss: 2.6227 - val_accuracy: 0.2000 - lr: 0.0010
Epoch 6/10
2/2 [==============================] - 1s 708ms/step - loss: 2.5961 - accuracy: 0.1833 - val_loss: 2.6073 - val_accuracy: 0.2000 - lr: 0.0010
Epoch 7/10
2/2 [==============================] - 1s 651ms/step - loss: 2.5697 - accuracy: 0.1667 - val_loss: 2.5685 - val_accuracy: 0.2000 - lr: 0.0010
Epoch 8/10
2/2 [==============================] - 1s 702ms/step - loss: 2.5403 - accuracy: 0.1667 - val_loss: 2.5377 - val_accuracy: 0.2000 - lr: 0.0010
Epoch 9/10
2/2 [==============================] - 1s 667ms/step - loss: 2.5109 - accuracy: 0.2167 - val_loss: 2.5152 - val_accuracy: 0.0000e+00 - lr: 0.0010
Epoch 10/10
2/2 [==============================] - 1s 647ms/step - loss: 2.4733 - accuracy: 0.2667 - val_loss: 2.5088 - val_accuracy: 0.2000 - lr: 0.0010
1/1 [==============================] - 0s 135ms/step - loss: 2.5159 - accuracy: 0.0000e+00
Found 60 images belonging to 6 classes.
Found 5 images belonging to 6 classes.
Found 7 images belonging to 6 classes.
Epoch 1/30
2/2 [==============================] - 2s 833ms/step - loss: 3.3382 - accuracy: 0.0833 - val_loss: 2.7283 - val_accuracy: 0.4000 - lr: 0.0010
Epoch 2/30
2/2 [==============================] - 2s 737ms/step - loss: 2.8098 - accuracy: 0.1833 - val_loss: 2.7838 - val_accuracy: 0.2000 - lr: 0.0010
1/1 [==============================] - 0s 120ms/step - loss: 2.5943 - accuracy: 0.5714
Found 60 images belonging to 6 classes.
Found 5 images belonging to 6 classes.
Found 7 images belonging to 6 classes.
Epoch 1/10
2/2 [==============================] - 2s 1s/step - loss: 3.0020 - accuracy: 0.1000 - val_loss: 2.7292 - val_accuracy: 0.4000 - lr: 0.0010
Epoch 2/10
2/2 [==============================] - 1s 752ms/step - loss: 2.7802 - accuracy: 0.1833 - val_loss: 2.7292 - val_accuracy: 0.0000e+00 - lr: 0.0010
1/1 [==============================] - 0s 138ms/step - loss: 2.7528 - accuracy: 0.2857
Found 60 images belonging to 6 classes.
Found 5 images belonging to 6 classes.
Found 7 images belonging to 6 classes.
Epoch 1/30
2/2 [==============================] - 2s 821ms/step - loss: 3.1088 - accuracy: 0.1667 - val_loss: 3.3926 - val_accuracy: 0.2000 - lr: 0.0010
Epoch 2/30
2/2 [==============================] - 2s 764ms/step - loss: 3.0208 - accuracy: 0.1000 - val_loss: 2.8518 - val_accuracy: 0.2000 - lr: 0.0010
Epoch 3/30
2/2 [==============================] - 1s 746ms/step - loss: 2.7255 - accuracy: 0.1833 - val_loss: 2.6723 - val_accuracy: 0.0000e+00 - lr: 0.0010
Epoch 4/30
2/2 [==============================] - 1s 625ms/step - loss: 2.6303 - accuracy: 0.2000 - val_loss: 2.6071 - val_accuracy: 0.0000e+00 - lr: 0.0010
Epoch 5/30
2/2 [==============================] - 1s 657ms/step - loss: 2.5808 - accuracy: 0.2000 - val_loss: 2.5632 - val_accuracy: 0.0000e+00 - lr: 0.0010
Epoch 6/30
2/2 [==============================] - 1s 749ms/step - loss: 2.5367 - accuracy: 0.1833 - val_loss: 2.5278 - val_accuracy: 0.2000 - lr: 0.0010
Epoch 7/30
2/2 [==============================] - 1s 743ms/step - loss: 2.5048 - accuracy: 0.2000 - val_loss: 2.5044 - val_accuracy: 0.2000 - lr: 0.0010
Epoch 8/30
2/2 [==============================] - 1s 754ms/step - loss: 2.4743 - accuracy: 0.2000 - val_loss: 2.4676 - val_accuracy: 0.2000 - lr: 0.0010
Epoch 9/30
2/2 [==============================] - 1s 732ms/step - loss: 2.4419 - accuracy: 0.2667 - val_loss: 2.4420 - val_accuracy: 0.2000 - lr: 0.0010
Epoch 10/30
2/2 [==============================] - 1s 667ms/step - loss: 2.4134 - accuracy: 0.2000 - val_loss: 2.4098 - val_accuracy: 0.2000 - lr: 0.0010
Epoch 11/30
2/2 [==============================] - 1s 648ms/step - loss: 2.3825 - accuracy: 0.2000 - val_loss: 2.3777 - val_accuracy: 0.2000 - lr: 0.0010
Epoch 12/30
2/2 [==============================] - 1s 656ms/step - loss: 2.3430 - accuracy: 0.2167 - val_loss: 2.3575 - val_accuracy: 0.2000 - lr: 0.0010
Epoch 13/30
2/2 [==============================] - 1s 616ms/step - loss: 2.3397 - accuracy: 0.1333 - val_loss: 2.3206 - val_accuracy: 0.2000 - lr: 0.0010
Epoch 14/30
2/2 [==============================] - 1s 687ms/step - loss: 2.2983 - accuracy: 0.2000 - val_loss: 2.2963 - val_accuracy: 0.2000 - lr: 0.0010
Epoch 15/30
2/2 [==============================] - 2s 822ms/step - loss: 2.2568 - accuracy: 0.2000 - val_loss: 2.2586 - val_accuracy: 0.2000 - lr: 0.0010
Epoch 16/30
2/2 [==============================] - 1s 728ms/step - loss: 2.2267 - accuracy: 0.3000 - val_loss: 2.2011 - val_accuracy: 0.2000 - lr: 0.0010
Epoch 17/30
2/2 [==============================] - 2s 771ms/step - loss: 2.1859 - accuracy: 0.2500 - val_loss: 2.1393 - val_accuracy: 0.2000 - lr: 0.0010
Epoch 18/30
2/2 [==============================] - 1s 657ms/step - loss: 2.1477 - accuracy: 0.2667 - val_loss: 2.0612 - val_accuracy: 0.4000 - lr: 0.0010
Epoch 19/30
2/2 [==============================] - 1s 741ms/step - loss: 2.1375 - accuracy: 0.2167 - val_loss: 2.0617 - val_accuracy: 0.2000 - lr: 0.0010
1/1 [==============================] - 0s 145ms/step - loss: 2.2652 - accuracy: 0.1429
Found 60 images belonging to 6 classes.
Found 5 images belonging to 6 classes.
Found 7 images belonging to 6 classes.
Epoch 1/10
2/2 [==============================] - 3s 1s/step - loss: 3.3867 - accuracy: 0.2167 - val_loss: 2.6532 - val_accuracy: 0.2000 - lr: 0.0010
Epoch 2/10
2/2 [==============================] - 2s 1s/step - loss: 2.9230 - accuracy: 0.1667 - val_loss: 2.7353 - val_accuracy: 0.2000 - lr: 0.0010
1/1 [==============================] - 0s 148ms/step - loss: 2.6888 - accuracy: 0.2857
Found 60 images belonging to 6 classes.
Found 5 images belonging to 6 classes.
Found 7 images belonging to 6 classes.
Epoch 1/30
2/2 [==============================] - 3s 1s/step - loss: 3.9299 - accuracy: 0.2000 - val_loss: 3.2551 - val_accuracy: 0.4000 - lr: 0.0010
Epoch 2/30
2/2 [==============================] - 2s 1s/step - loss: 3.0622 - accuracy: 0.1500 - val_loss: 2.8446 - val_accuracy: 0.2000 - lr: 0.0010
Epoch 3/30
2/2 [==============================] - 2s 1s/step - loss: 2.7940 - accuracy: 0.2167 - val_loss: 2.7692 - val_accuracy: 0.0000e+00 - lr: 0.0010
Epoch 4/30
2/2 [==============================] - 2s 1s/step - loss: 2.7541 - accuracy: 0.2333 - val_loss: 2.7302 - val_accuracy: 0.0000e+00 - lr: 0.0010
Epoch 5/30
2/2 [==============================] - 2s 1s/step - loss: 2.7194 - accuracy: 0.1500 - val_loss: 2.7124 - val_accuracy: 0.2000 - lr: 0.0010
Epoch 6/30
2/2 [==============================] - 2s 837ms/step - loss: 2.6905 - accuracy: 0.2000 - val_loss: 2.6778 - val_accuracy: 0.2000 - lr: 0.0010
Epoch 7/30
2/2 [==============================] - 2s 889ms/step - loss: 2.6627 - accuracy: 0.2667 - val_loss: 2.6336 - val_accuracy: 0.2000 - lr: 0.0010
Epoch 8/30
2/2 [==============================] - 2s 840ms/step - loss: 2.6380 - accuracy: 0.2167 - val_loss: 2.6077 - val_accuracy: 0.2000 - lr: 0.0010
Epoch 9/30
2/2 [==============================] - 2s 1s/step - loss: 2.5949 - accuracy: 0.2333 - val_loss: 2.5834 - val_accuracy: 0.2000 - lr: 0.0010
Epoch 10/30
2/2 [==============================] - 2s 983ms/step - loss: 2.5018 - accuracy: 0.3333 - val_loss: 2.5504 - val_accuracy: 0.2000 - lr: 0.0010
Epoch 11/30
2/2 [==============================] - 2s 936ms/step - loss: 2.4556 - accuracy: 0.2833 - val_loss: 2.4852 - val_accuracy: 0.2000 - lr: 0.0010
Epoch 12/30
2/2 [==============================] - 2s 1s/step - loss: 2.4345 - accuracy: 0.2833 - val_loss: 2.4610 - val_accuracy: 0.2000 - lr: 0.0010
Epoch 13/30
2/2 [==============================] - 2s 867ms/step - loss: 2.4214 - accuracy: 0.2333 - val_loss: 2.3991 - val_accuracy: 0.2000 - lr: 0.0010
Epoch 14/30
2/2 [==============================] - 2s 974ms/step - loss: 2.2915 - accuracy: 0.2833 - val_loss: 2.3153 - val_accuracy: 0.4000 - lr: 0.0010
Epoch 15/30
2/2 [==============================] - 2s 997ms/step - loss: 2.3407 - accuracy: 0.2500 - val_loss: 2.2757 - val_accuracy: 0.4000 - lr: 0.0010
Epoch 16/30
2/2 [==============================] - 2s 827ms/step - loss: 2.2102 - accuracy: 0.4000 - val_loss: 2.2725 - val_accuracy: 0.2000 - lr: 0.0010
Epoch 17/30
2/2 [==============================] - 2s 1s/step - loss: 2.2536 - accuracy: 0.2833 - val_loss: 2.2943 - val_accuracy: 0.2000 - lr: 0.0010
1/1 [==============================] - 0s 153ms/step - loss: 2.6483 - accuracy: 0.1429
Found 60 images belonging to 6 classes.
Found 5 images belonging to 6 classes.
Found 7 images belonging to 6 classes.
Epoch 1/10
2/2 [==============================] - 3s 1s/step - loss: 3.6643 - accuracy: 0.1667 - val_loss: 3.1145 - val_accuracy: 0.2000 - lr: 0.0010
Epoch 2/10
2/2 [==============================] - 2s 962ms/step - loss: 2.9409 - accuracy: 0.1333 - val_loss: 2.7471 - val_accuracy: 0.4000 - lr: 0.0010
Epoch 3/10
2/2 [==============================] - 2s 1s/step - loss: 2.7993 - accuracy: 0.1667 - val_loss: 2.7184 - val_accuracy: 0.2000 - lr: 0.0010
Epoch 4/10
2/2 [==============================] - 2s 993ms/step - loss: 2.7273 - accuracy: 0.1667 - val_loss: 2.6866 - val_accuracy: 0.2000 - lr: 0.0010
Epoch 5/10
2/2 [==============================] - 2s 1s/step - loss: 2.6891 - accuracy: 0.2500 - val_loss: 2.6429 - val_accuracy: 0.2000 - lr: 0.0010
Epoch 6/10
2/2 [==============================] - 2s 865ms/step - loss: 2.6801 - accuracy: 0.1333 - val_loss: 2.6515 - val_accuracy: 0.2000 - lr: 0.0010
1/1 [==============================] - 0s 147ms/step - loss: 2.6921 - accuracy: 0.0000e+00
Found 60 images belonging to 6 classes.
Found 5 images belonging to 6 classes.
Found 7 images belonging to 6 classes.
Epoch 1/30
2/2 [==============================] - 3s 1s/step - loss: 3.0425 - accuracy: 0.1333 - val_loss: 2.6543 - val_accuracy: 0.2000 - lr: 0.0010
Epoch 2/30
2/2 [==============================] - 2s 867ms/step - loss: 2.9436 - accuracy: 0.1667 - val_loss: 2.8439 - val_accuracy: 0.0000e+00 - lr: 0.0010
1/1 [==============================] - 0s 174ms/step - loss: 2.8706 - accuracy: 0.1429
Found 60 images belonging to 6 classes.
Found 5 images belonging to 6 classes.
Found 7 images belonging to 6 classes.
Epoch 1/10
2/2 [==============================] - 3s 1s/step - loss: 3.5323 - accuracy: 0.1167 - val_loss: 3.0894 - val_accuracy: 0.2000 - lr: 0.0010
Epoch 2/10
2/2 [==============================] - 2s 1s/step - loss: 3.0335 - accuracy: 0.2167 - val_loss: 2.7826 - val_accuracy: 0.2000 - lr: 0.0010
Epoch 3/10
2/2 [==============================] - 2s 1s/step - loss: 2.7744 - accuracy: 0.1167 - val_loss: 2.7209 - val_accuracy: 0.2000 - lr: 0.0010
Epoch 4/10
2/2 [==============================] - 2s 849ms/step - loss: 2.7078 - accuracy: 0.1667 - val_loss: 2.6793 - val_accuracy: 0.0000e+00 - lr: 0.0010
Epoch 5/10
2/2 [==============================] - 2s 849ms/step - loss: 2.6609 - accuracy: 0.1500 - val_loss: 2.6392 - val_accuracy: 0.0000e+00 - lr: 0.0010
Epoch 6/10
2/2 [==============================] - 2s 1s/step - loss: 2.6246 - accuracy: 0.2667 - val_loss: 2.6141 - val_accuracy: 0.0000e+00 - lr: 0.0010
Epoch 7/10
2/2 [==============================] - 2s 975ms/step - loss: 2.5980 - accuracy: 0.2333 - val_loss: 2.5913 - val_accuracy: 0.2000 - lr: 0.0010
Epoch 8/10
2/2 [==============================] - 2s 943ms/step - loss: 2.5645 - accuracy: 0.2500 - val_loss: 2.5480 - val_accuracy: 0.2000 - lr: 0.0010
Epoch 9/10
2/2 [==============================] - 2s 1s/step - loss: 2.5311 - accuracy: 0.2000 - val_loss: 2.5096 - val_accuracy: 0.0000e+00 - lr: 0.0010
Epoch 10/10
2/2 [==============================] - 2s 1s/step - loss: 2.4925 - accuracy: 0.2000 - val_loss: 2.4731 - val_accuracy: 0.0000e+00 - lr: 0.0010
1/1 [==============================] - 0s 195ms/step - loss: 2.4790 - accuracy: 0.1429
Found 60 images belonging to 6 classes.
Found 5 images belonging to 6 classes.
Found 7 images belonging to 6 classes.
Epoch 1/30
2/2 [==============================] - 3s 1s/step - loss: 3.6986 - accuracy: 0.1167 - val_loss: 3.0914 - val_accuracy: 0.2000 - lr: 0.0010
Epoch 2/30
2/2 [==============================] - 2s 838ms/step - loss: 2.9339 - accuracy: 0.1167 - val_loss: 2.7589 - val_accuracy: 0.2000 - lr: 0.0010
Epoch 3/30
2/2 [==============================] - 2s 816ms/step - loss: 2.7400 - accuracy: 0.1333 - val_loss: 2.6763 - val_accuracy: 0.2000 - lr: 0.0010
Epoch 4/30
2/2 [==============================] - 2s 881ms/step - loss: 2.6646 - accuracy: 0.1667 - val_loss: 2.6271 - val_accuracy: 0.2000 - lr: 0.0010
Epoch 5/30
2/2 [==============================] - 2s 1s/step - loss: 2.6156 - accuracy: 0.1500 - val_loss: 2.5930 - val_accuracy: 0.2000 - lr: 0.0010
Epoch 6/30
2/2 [==============================] - 2s 807ms/step - loss: 2.5827 - accuracy: 0.1833 - val_loss: 2.5640 - val_accuracy: 0.2000 - lr: 0.0010
Epoch 7/30
2/2 [==============================] - 2s 984ms/step - loss: 2.5512 - accuracy: 0.1167 - val_loss: 2.5319 - val_accuracy: 0.2000 - lr: 0.0010
Epoch 8/30
2/2 [==============================] - 2s 830ms/step - loss: 2.5192 - accuracy: 0.1833 - val_loss: 2.4963 - val_accuracy: 0.2000 - lr: 0.0010
Epoch 9/30
2/2 [==============================] - 2s 967ms/step - loss: 2.4807 - accuracy: 0.2167 - val_loss: 2.4552 - val_accuracy: 0.2000 - lr: 0.0010
Epoch 10/30
2/2 [==============================] - 2s 837ms/step - loss: 2.4408 - accuracy: 0.1833 - val_loss: 2.4148 - val_accuracy: 0.2000 - lr: 0.0010
Epoch 11/30
2/2 [==============================] - 2s 988ms/step - loss: 2.3933 - accuracy: 0.2000 - val_loss: 2.3747 - val_accuracy: 0.2000 - lr: 0.0010
Epoch 12/30
2/2 [==============================] - 2s 1s/step - loss: 2.3485 - accuracy: 0.2167 - val_loss: 2.3389 - val_accuracy: 0.2000 - lr: 0.0010
Epoch 13/30
2/2 [==============================] - 2s 921ms/step - loss: 2.3163 - accuracy: 0.2000 - val_loss: 2.3113 - val_accuracy: 0.2000 - lr: 0.0010
Epoch 14/30
2/2 [==============================] - 2s 1s/step - loss: 2.2706 - accuracy: 0.1667 - val_loss: 2.2871 - val_accuracy: 0.2000 - lr: 0.0010
Epoch 15/30
2/2 [==============================] - 2s 867ms/step - loss: 2.2481 - accuracy: 0.1667 - val_loss: 2.2520 - val_accuracy: 0.2000 - lr: 0.0010
Epoch 16/30
2/2 [==============================] - 2s 876ms/step - loss: 2.2190 - accuracy: 0.2000 - val_loss: 2.2211 - val_accuracy: 0.2000 - lr: 0.0010
Epoch 17/30
2/2 [==============================] - 2s 984ms/step - loss: 2.1886 - accuracy: 0.1500 - val_loss: 2.1912 - val_accuracy: 0.2000 - lr: 0.0010
Epoch 18/30
2/2 [==============================] - 2s 1s/step - loss: 2.1615 - accuracy: 0.2333 - val_loss: 2.1710 - val_accuracy: 0.2000 - lr: 0.0010
Epoch 19/30
2/2 [==============================] - 2s 846ms/step - loss: 2.1414 - accuracy: 0.1667 - val_loss: 2.1496 - val_accuracy: 0.2000 - lr: 0.0010
Epoch 20/30
2/2 [==============================] - 2s 971ms/step - loss: 2.1079 - accuracy: 0.2333 - val_loss: 2.1336 - val_accuracy: 0.0000e+00 - lr: 0.0010
Epoch 21/30
2/2 [==============================] - 2s 834ms/step - loss: 2.1009 - accuracy: 0.2500 - val_loss: 2.1130 - val_accuracy: 0.0000e+00 - lr: 0.0010
Epoch 22/30
2/2 [==============================] - 2s 1s/step - loss: 2.0788 - accuracy: 0.1833 - val_loss: 2.0855 - val_accuracy: 0.0000e+00 - lr: 0.0010
Epoch 23/30
2/2 [==============================] - 2s 975ms/step - loss: 2.0309 - accuracy: 0.1667 - val_loss: 2.0571 - val_accuracy: 0.2000 - lr: 0.0010
Epoch 24/30
2/2 [==============================] - 2s 953ms/step - loss: 2.0293 - accuracy: 0.2667 - val_loss: 2.0028 - val_accuracy: 0.4000 - lr: 0.0010
Epoch 25/30
2/2 [==============================] - 2s 992ms/step - loss: 2.0060 - accuracy: 0.3667 - val_loss: 1.9502 - val_accuracy: 0.4000 - lr: 0.0010
Epoch 26/30
2/2 [==============================] - 2s 1s/step - loss: 1.9363 - accuracy: 0.3500 - val_loss: 1.9026 - val_accuracy: 0.4000 - lr: 0.0010
Epoch 27/30
2/2 [==============================] - 2s 1s/step - loss: 1.9693 - accuracy: 0.2500 - val_loss: 1.8484 - val_accuracy: 0.4000 - lr: 0.0010
Epoch 28/30
2/2 [==============================] - 2s 849ms/step - loss: 1.9966 - accuracy: 0.1667 - val_loss: 1.8058 - val_accuracy: 0.2000 - lr: 0.0010
Epoch 29/30
2/2 [==============================] - 2s 835ms/step - loss: 1.9198 - accuracy: 0.2833 - val_loss: 1.8409 - val_accuracy: 0.2000 - lr: 0.0010
1/1 [==============================] - 0s 152ms/step - loss: 1.9980 - accuracy: 0.1429
Found 60 images belonging to 6 classes.
Found 5 images belonging to 6 classes.
Found 7 images belonging to 6 classes.
Epoch 1/10
2/2 [==============================] - 3s 1s/step - loss: 3.4543 - accuracy: 0.2167 - val_loss: 3.4049 - val_accuracy: 0.2000 - lr: 0.0010
Epoch 2/10
2/2 [==============================] - 2s 1s/step - loss: 2.9946 - accuracy: 0.1833 - val_loss: 2.8810 - val_accuracy: 0.0000e+00 - lr: 0.0010
Epoch 3/10
2/2 [==============================] - 2s 824ms/step - loss: 2.8022 - accuracy: 0.1667 - val_loss: 2.7658 - val_accuracy: 0.0000e+00 - lr: 0.0010
Epoch 4/10
2/2 [==============================] - 2s 990ms/step - loss: 2.7374 - accuracy: 0.1333 - val_loss: 2.7215 - val_accuracy: 0.0000e+00 - lr: 0.0010
Epoch 5/10
2/2 [==============================] - 2s 859ms/step - loss: 2.7005 - accuracy: 0.2833 - val_loss: 2.6908 - val_accuracy: 0.0000e+00 - lr: 0.0010
Epoch 6/10
2/2 [==============================] - 2s 978ms/step - loss: 2.6706 - accuracy: 0.2500 - val_loss: 2.6808 - val_accuracy: 0.2000 - lr: 0.0010
Epoch 7/10
2/2 [==============================] - 2s 1s/step - loss: 2.6588 - accuracy: 0.1667 - val_loss: 2.6603 - val_accuracy: 0.2000 - lr: 0.0010
Epoch 8/10
2/2 [==============================] - 2s 947ms/step - loss: 2.6095 - accuracy: 0.2000 - val_loss: 2.6122 - val_accuracy: 0.2000 - lr: 0.0010
Epoch 9/10
2/2 [==============================] - 2s 1s/step - loss: 2.5548 - accuracy: 0.2667 - val_loss: 2.5645 - val_accuracy: 0.2000 - lr: 0.0010
Epoch 10/10
2/2 [==============================] - 2s 844ms/step - loss: 2.5164 - accuracy: 0.2333 - val_loss: 2.5417 - val_accuracy: 0.0000e+00 - lr: 0.0010
1/1 [==============================] - 0s 165ms/step - loss: 2.5445 - accuracy: 0.0000e+00
Found 60 images belonging to 6 classes.
Found 5 images belonging to 6 classes.
Found 7 images belonging to 6 classes.
Epoch 1/30
2/2 [==============================] - 3s 1s/step - loss: 3.7644 - accuracy: 0.1333 - val_loss: 3.7117 - val_accuracy: 0.0000e+00 - lr: 0.0010
Epoch 2/30
2/2 [==============================] - 2s 1s/step - loss: 2.9236 - accuracy: 0.1667 - val_loss: 2.8842 - val_accuracy: 0.4000 - lr: 0.0010
Epoch 3/30
2/2 [==============================] - 2s 832ms/step - loss: 2.8074 - accuracy: 0.1333 - val_loss: 2.7510 - val_accuracy: 0.2000 - lr: 0.0010
Epoch 4/30
2/2 [==============================] - 2s 1s/step - loss: 2.7532 - accuracy: 0.2333 - val_loss: 2.6777 - val_accuracy: 0.2000 - lr: 0.0010
Epoch 5/30
2/2 [==============================] - 2s 978ms/step - loss: 2.7166 - accuracy: 0.1000 - val_loss: 2.6599 - val_accuracy: 0.2000 - lr: 0.0010
Epoch 6/30
2/2 [==============================] - 2s 812ms/step - loss: 2.6721 - accuracy: 0.2500 - val_loss: 2.6139 - val_accuracy: 0.2000 - lr: 0.0010
Epoch 7/30
2/2 [==============================] - 2s 846ms/step - loss: 2.6193 - accuracy: 0.2167 - val_loss: 2.5579 - val_accuracy: 0.2000 - lr: 0.0010
Epoch 8/30
2/2 [==============================] - 2s 999ms/step - loss: 2.6538 - accuracy: 0.2167 - val_loss: 2.5378 - val_accuracy: 0.2000 - lr: 0.0010
Epoch 9/30
2/2 [==============================] - 2s 829ms/step - loss: 2.5675 - accuracy: 0.2000 - val_loss: 2.5200 - val_accuracy: 0.2000 - lr: 0.0010
Epoch 10/30
2/2 [==============================] - 2s 842ms/step - loss: 2.5153 - accuracy: 0.2167 - val_loss: 2.5155 - val_accuracy: 0.2000 - lr: 0.0010
Epoch 11/30
2/2 [==============================] - 2s 883ms/step - loss: 2.4689 - accuracy: 0.2500 - val_loss: 2.4424 - val_accuracy: 0.2000 - lr: 0.0010
Epoch 12/30
2/2 [==============================] - 2s 988ms/step - loss: 2.4391 - accuracy: 0.2333 - val_loss: 2.3859 - val_accuracy: 0.2000 - lr: 0.0010
Epoch 13/30
2/2 [==============================] - 2s 987ms/step - loss: 2.3727 - accuracy: 0.2500 - val_loss: 2.3301 - val_accuracy: 0.2000 - lr: 0.0010
Epoch 14/30
2/2 [==============================] - 2s 881ms/step - loss: 2.3380 - accuracy: 0.2167 - val_loss: 2.2847 - val_accuracy: 0.2000 - lr: 0.0010
Epoch 15/30
2/2 [==============================] - 2s 998ms/step - loss: 2.2834 - accuracy: 0.2333 - val_loss: 2.2213 - val_accuracy: 0.2000 - lr: 0.0010
Epoch 16/30
2/2 [==============================] - 2s 1s/step - loss: 2.2552 - accuracy: 0.2833 - val_loss: 2.1970 - val_accuracy: 0.4000 - lr: 0.0010
Epoch 17/30
2/2 [==============================] - 2s 935ms/step - loss: 2.2022 - accuracy: 0.3167 - val_loss: 2.2044 - val_accuracy: 0.4000 - lr: 0.0010
1/1 [==============================] - 0s 185ms/step - loss: 2.3023 - accuracy: 0.1429
Found 60 images belonging to 6 classes.
Found 5 images belonging to 6 classes.
Found 7 images belonging to 6 classes.
Epoch 1/10
2/2 [==============================] - 2s 1s/step - loss: 3.3048 - accuracy: 0.1833 - val_loss: 2.8269 - val_accuracy: 0.2000 - lr: 0.0010
Epoch 2/10
2/2 [==============================] - 1s 638ms/step - loss: 2.7769 - accuracy: 0.1333 - val_loss: 2.7647 - val_accuracy: 0.2000 - lr: 0.0010
Epoch 3/10
2/2 [==============================] - 1s 724ms/step - loss: 2.6717 - accuracy: 0.1500 - val_loss: 2.6466 - val_accuracy: 0.2000 - lr: 0.0010
Epoch 4/10
2/2 [==============================] - 1s 732ms/step - loss: 2.5785 - accuracy: 0.1833 - val_loss: 2.5669 - val_accuracy: 0.2000 - lr: 0.0010
Epoch 5/10
2/2 [==============================] - 1s 703ms/step - loss: 2.5328 - accuracy: 0.2167 - val_loss: 2.5232 - val_accuracy: 0.2000 - lr: 0.0010
Epoch 6/10
2/2 [==============================] - 1s 726ms/step - loss: 2.4838 - accuracy: 0.1667 - val_loss: 2.4937 - val_accuracy: 0.2000 - lr: 0.0010
Epoch 7/10
2/2 [==============================] - 1s 678ms/step - loss: 2.4678 - accuracy: 0.2000 - val_loss: 2.4675 - val_accuracy: 0.2000 - lr: 0.0010
Epoch 8/10
2/2 [==============================] - 1s 719ms/step - loss: 2.4286 - accuracy: 0.3167 - val_loss: 2.4422 - val_accuracy: 0.2000 - lr: 0.0010
Epoch 9/10
2/2 [==============================] - 1s 707ms/step - loss: 2.4105 - accuracy: 0.2333 - val_loss: 2.4128 - val_accuracy: 0.2000 - lr: 0.0010
Epoch 10/10
2/2 [==============================] - 1s 713ms/step - loss: 2.3561 - accuracy: 0.2833 - val_loss: 2.3881 - val_accuracy: 0.2000 - lr: 0.0010
1/1 [==============================] - 0s 124ms/step - loss: 2.3659 - accuracy: 0.2857
Found 60 images belonging to 6 classes.
Found 5 images belonging to 6 classes.
Found 7 images belonging to 6 classes.
Epoch 1/30
2/2 [==============================] - 2s 909ms/step - loss: 3.1694 - accuracy: 0.1667 - val_loss: 2.8044 - val_accuracy: 0.0000e+00 - lr: 0.0010
Epoch 2/30
2/2 [==============================] - 1s 636ms/step - loss: 2.8264 - accuracy: 0.1000 - val_loss: 2.6241 - val_accuracy: 0.4000 - lr: 0.0010
Epoch 3/30
2/2 [==============================] - 1s 744ms/step - loss: 2.7107 - accuracy: 0.2167 - val_loss: 2.6021 - val_accuracy: 0.0000e+00 - lr: 0.0010
Epoch 4/30
2/2 [==============================] - 1s 703ms/step - loss: 2.6129 - accuracy: 0.2667 - val_loss: 2.5681 - val_accuracy: 0.2000 - lr: 0.0010
Epoch 5/30
2/2 [==============================] - 1s 721ms/step - loss: 2.5823 - accuracy: 0.2333 - val_loss: 2.5388 - val_accuracy: 0.2000 - lr: 0.0010
Epoch 6/30
2/2 [==============================] - 1s 610ms/step - loss: 2.5487 - accuracy: 0.1667 - val_loss: 2.5257 - val_accuracy: 0.2000 - lr: 0.0010
Epoch 7/30
2/2 [==============================] - 1s 627ms/step - loss: 2.5171 - accuracy: 0.2667 - val_loss: 2.5087 - val_accuracy: 0.2000 - lr: 0.0010
Epoch 8/30
2/2 [==============================] - 1s 716ms/step - loss: 2.5501 - accuracy: 0.1667 - val_loss: 2.4816 - val_accuracy: 0.2000 - lr: 0.0010
Epoch 9/30
2/2 [==============================] - 1s 651ms/step - loss: 2.4698 - accuracy: 0.2000 - val_loss: 2.4639 - val_accuracy: 0.2000 - lr: 0.0010
Epoch 10/30
2/2 [==============================] - 1s 620ms/step - loss: 2.4477 - accuracy: 0.1833 - val_loss: 2.4604 - val_accuracy: 0.0000e+00 - lr: 0.0010
Epoch 11/30
2/2 [==============================] - 1s 628ms/step - loss: 2.4061 - accuracy: 0.3167 - val_loss: 2.4387 - val_accuracy: 0.0000e+00 - lr: 0.0010
Epoch 12/30
2/2 [==============================] - 1s 707ms/step - loss: 2.3316 - accuracy: 0.3000 - val_loss: 2.3984 - val_accuracy: 0.0000e+00 - lr: 0.0010
Epoch 13/30
2/2 [==============================] - 1s 621ms/step - loss: 2.4109 - accuracy: 0.2333 - val_loss: 2.3772 - val_accuracy: 0.2000 - lr: 0.0010
Epoch 14/30
2/2 [==============================] - 1s 637ms/step - loss: 2.3327 - accuracy: 0.3167 - val_loss: 2.3851 - val_accuracy: 0.2000 - lr: 0.0010
1/1 [==============================] - 0s 135ms/step - loss: 2.5170 - accuracy: 0.0000e+00
Found 60 images belonging to 6 classes.
Found 5 images belonging to 6 classes.
Found 7 images belonging to 6 classes.
Epoch 1/10
2/2 [==============================] - 2s 881ms/step - loss: 3.1707 - accuracy: 0.2000 - val_loss: 2.7550 - val_accuracy: 0.0000e+00 - lr: 0.0010
Epoch 2/10
2/2 [==============================] - 1s 612ms/step - loss: 2.9240 - accuracy: 0.1333 - val_loss: 2.7491 - val_accuracy: 0.0000e+00 - lr: 0.0010
Epoch 3/10
2/2 [==============================] - 1s 637ms/step - loss: 2.7324 - accuracy: 0.2500 - val_loss: 2.6494 - val_accuracy: 0.2000 - lr: 0.0010
Epoch 4/10
2/2 [==============================] - 1s 619ms/step - loss: 2.6393 - accuracy: 0.2833 - val_loss: 2.6043 - val_accuracy: 0.2000 - lr: 0.0010
Epoch 5/10
2/2 [==============================] - 1s 742ms/step - loss: 2.5949 - accuracy: 0.2500 - val_loss: 2.5579 - val_accuracy: 0.4000 - lr: 0.0010
Epoch 6/10
2/2 [==============================] - 1s 637ms/step - loss: 2.5772 - accuracy: 0.1667 - val_loss: 2.5172 - val_accuracy: 0.4000 - lr: 0.0010
Epoch 7/10
2/2 [==============================] - 1s 744ms/step - loss: 2.5415 - accuracy: 0.2500 - val_loss: 2.4945 - val_accuracy: 0.6000 - lr: 0.0010
Epoch 8/10
2/2 [==============================] - 1s 632ms/step - loss: 2.5295 - accuracy: 0.1667 - val_loss: 2.4749 - val_accuracy: 0.4000 - lr: 0.0010
Epoch 9/10
2/2 [==============================] - 1s 656ms/step - loss: 2.4607 - accuracy: 0.3000 - val_loss: 2.4485 - val_accuracy: 0.4000 - lr: 0.0010
Epoch 10/10
2/2 [==============================] - 1s 724ms/step - loss: 2.4555 - accuracy: 0.2333 - val_loss: 2.4338 - val_accuracy: 0.6000 - lr: 0.0010
1/1 [==============================] - 0s 134ms/step - loss: 2.5996 - accuracy: 0.1429
Found 60 images belonging to 6 classes.
Found 5 images belonging to 6 classes.
Found 7 images belonging to 6 classes.
Epoch 1/30
2/2 [==============================] - 3s 906ms/step - loss: 3.0150 - accuracy: 0.1667 - val_loss: 2.6573 - val_accuracy: 0.4000 - lr: 0.0010
Epoch 2/30
2/2 [==============================] - 2s 872ms/step - loss: 2.8175 - accuracy: 0.2000 - val_loss: 2.5836 - val_accuracy: 0.2000 - lr: 0.0010
Epoch 3/30
2/2 [==============================] - 2s 645ms/step - loss: 2.6497 - accuracy: 0.1667 - val_loss: 2.5792 - val_accuracy: 0.2000 - lr: 0.0010
Epoch 4/30
2/2 [==============================] - 2s 779ms/step - loss: 2.5587 - accuracy: 0.2333 - val_loss: 2.5429 - val_accuracy: 0.2000 - lr: 0.0010
Epoch 5/30
2/2 [==============================] - 2s 657ms/step - loss: 2.5251 - accuracy: 0.1333 - val_loss: 2.5081 - val_accuracy: 0.2000 - lr: 0.0010
Epoch 6/30
2/2 [==============================] - 2s 652ms/step - loss: 2.4726 - accuracy: 0.2500 - val_loss: 2.4709 - val_accuracy: 0.2000 - lr: 0.0010
Epoch 7/30
2/2 [==============================] - 2s 811ms/step - loss: 2.4400 - accuracy: 0.2333 - val_loss: 2.4318 - val_accuracy: 0.4000 - lr: 0.0010
Epoch 8/30
2/2 [==============================] - 2s 771ms/step - loss: 2.4267 - accuracy: 0.2333 - val_loss: 2.3864 - val_accuracy: 0.2000 - lr: 0.0010
Epoch 9/30
2/2 [==============================] - 2s 730ms/step - loss: 2.4120 - accuracy: 0.2333 - val_loss: 2.3386 - val_accuracy: 0.4000 - lr: 0.0010
Epoch 10/30
2/2 [==============================] - 2s 772ms/step - loss: 2.3929 - accuracy: 0.1667 - val_loss: 2.3291 - val_accuracy: 0.2000 - lr: 0.0010
Epoch 11/30
2/2 [==============================] - 2s 799ms/step - loss: 2.3279 - accuracy: 0.3333 - val_loss: 2.2924 - val_accuracy: 0.2000 - lr: 0.0010
Epoch 12/30
2/2 [==============================] - 2s 695ms/step - loss: 2.2476 - accuracy: 0.3500 - val_loss: 2.2443 - val_accuracy: 0.2000 - lr: 0.0010
Epoch 13/30
2/2 [==============================] - 2s 651ms/step - loss: 2.2994 - accuracy: 0.2333 - val_loss: 2.2148 - val_accuracy: 0.2000 - lr: 0.0010
Epoch 14/30
2/2 [==============================] - 2s 649ms/step - loss: 2.2436 - accuracy: 0.2333 - val_loss: 2.1931 - val_accuracy: 0.2000 - lr: 0.0010
Epoch 15/30
2/2 [==============================] - 2s 663ms/step - loss: 2.1301 - accuracy: 0.3000 - val_loss: 2.1279 - val_accuracy: 0.2000 - lr: 0.0010
Epoch 16/30
2/2 [==============================] - 2s 862ms/step - loss: 2.1007 - accuracy: 0.3333 - val_loss: 2.1022 - val_accuracy: 0.2000 - lr: 0.0010
Epoch 17/30
2/2 [==============================] - 2s 671ms/step - loss: 2.0710 - accuracy: 0.3500 - val_loss: 2.0930 - val_accuracy: 0.2000 - lr: 0.0010
Epoch 18/30
2/2 [==============================] - 2s 712ms/step - loss: 2.1058 - accuracy: 0.2167 - val_loss: 2.1781 - val_accuracy: 0.2000 - lr: 0.0010
1/1 [==============================] - 0s 134ms/step - loss: 2.3020 - accuracy: 0.0000e+00
Found 60 images belonging to 6 classes.
Found 5 images belonging to 6 classes.
Found 7 images belonging to 6 classes.
Epoch 1/10
2/2 [==============================] - 2s 888ms/step - loss: 3.0718 - accuracy: 0.1167 - val_loss: 2.9033 - val_accuracy: 0.2000 - lr: 0.0010
Epoch 2/10
2/2 [==============================] - 2s 632ms/step - loss: 2.8179 - accuracy: 0.2167 - val_loss: 2.7490 - val_accuracy: 0.0000e+00 - lr: 0.0010
Epoch 3/10
2/2 [==============================] - 2s 816ms/step - loss: 2.6777 - accuracy: 0.1833 - val_loss: 2.6530 - val_accuracy: 0.2000 - lr: 0.0010
Epoch 4/10
2/2 [==============================] - 2s 631ms/step - loss: 2.6199 - accuracy: 0.1500 - val_loss: 2.5836 - val_accuracy: 0.0000e+00 - lr: 0.0010
Epoch 5/10
2/2 [==============================] - 2s 758ms/step - loss: 2.5695 - accuracy: 0.2000 - val_loss: 2.5097 - val_accuracy: 0.0000e+00 - lr: 0.0010
Epoch 6/10
2/2 [==============================] - 2s 720ms/step - loss: 2.5564 - accuracy: 0.1333 - val_loss: 2.4705 - val_accuracy: 0.2000 - lr: 0.0010
Epoch 7/10
2/2 [==============================] - 2s 744ms/step - loss: 2.4940 - accuracy: 0.2333 - val_loss: 2.4065 - val_accuracy: 0.2000 - lr: 0.0010
Epoch 8/10
2/2 [==============================] - 1s 739ms/step - loss: 2.5220 - accuracy: 0.2167 - val_loss: 2.4277 - val_accuracy: 0.0000e+00 - lr: 0.0010
1/1 [==============================] - 0s 142ms/step - loss: 2.3893 - accuracy: 0.2857
Found 60 images belonging to 6 classes.
Found 5 images belonging to 6 classes.
Found 7 images belonging to 6 classes.
Epoch 1/30
2/2 [==============================] - 2s 878ms/step - loss: 2.9428 - accuracy: 0.1667 - val_loss: 2.9548 - val_accuracy: 0.0000e+00 - lr: 0.0010
Epoch 2/30
2/2 [==============================] - 2s 675ms/step - loss: 2.8550 - accuracy: 0.1333 - val_loss: 2.7900 - val_accuracy: 0.0000e+00 - lr: 0.0010
Epoch 3/30
2/2 [==============================] - 2s 711ms/step - loss: 2.6905 - accuracy: 0.1833 - val_loss: 2.6577 - val_accuracy: 0.0000e+00 - lr: 0.0010
Epoch 4/30
2/2 [==============================] - 2s 647ms/step - loss: 2.6163 - accuracy: 0.1667 - val_loss: 2.5976 - val_accuracy: 0.2000 - lr: 0.0010
Epoch 5/30
2/2 [==============================] - 1s 644ms/step - loss: 2.5669 - accuracy: 0.2500 - val_loss: 2.5453 - val_accuracy: 0.2000 - lr: 0.0010
Epoch 6/30
2/2 [==============================] - 2s 772ms/step - loss: 2.5377 - accuracy: 0.1667 - val_loss: 2.5169 - val_accuracy: 0.2000 - lr: 0.0010
Epoch 7/30
2/2 [==============================] - 2s 653ms/step - loss: 2.5229 - accuracy: 0.1167 - val_loss: 2.4937 - val_accuracy: 0.2000 - lr: 0.0010
Epoch 8/30
2/2 [==============================] - 2s 775ms/step - loss: 2.4678 - accuracy: 0.3167 - val_loss: 2.4589 - val_accuracy: 0.2000 - lr: 0.0010
Epoch 9/30
2/2 [==============================] - 2s 778ms/step - loss: 2.4439 - accuracy: 0.2667 - val_loss: 2.4099 - val_accuracy: 0.2000 - lr: 0.0010
Epoch 10/30
2/2 [==============================] - 2s 665ms/step - loss: 2.3566 - accuracy: 0.3167 - val_loss: 2.3528 - val_accuracy: 0.4000 - lr: 0.0010
Epoch 11/30
2/2 [==============================] - 2s 717ms/step - loss: 2.3668 - accuracy: 0.2500 - val_loss: 2.3262 - val_accuracy: 0.2000 - lr: 0.0010
Epoch 12/30
2/2 [==============================] - 2s 781ms/step - loss: 2.3847 - accuracy: 0.2333 - val_loss: 2.2863 - val_accuracy: 0.4000 - lr: 0.0010
Epoch 13/30
2/2 [==============================] - 2s 767ms/step - loss: 2.3732 - accuracy: 0.2333 - val_loss: 2.2395 - val_accuracy: 0.2000 - lr: 0.0010
Epoch 14/30
2/2 [==============================] - 2s 678ms/step - loss: 2.2467 - accuracy: 0.3000 - val_loss: 2.1888 - val_accuracy: 0.2000 - lr: 0.0010
Epoch 15/30
2/2 [==============================] - 2s 648ms/step - loss: 2.2307 - accuracy: 0.2167 - val_loss: 2.1664 - val_accuracy: 0.4000 - lr: 0.0010
Epoch 16/30
2/2 [==============================] - 2s 673ms/step - loss: 2.0903 - accuracy: 0.3667 - val_loss: 2.0716 - val_accuracy: 0.4000 - lr: 0.0010
Epoch 17/30
2/2 [==============================] - 2s 769ms/step - loss: 2.2478 - accuracy: 0.3000 - val_loss: 2.0055 - val_accuracy: 0.6000 - lr: 0.0010
Epoch 18/30
2/2 [==============================] - 2s 636ms/step - loss: 2.1956 - accuracy: 0.2000 - val_loss: 1.9631 - val_accuracy: 0.4000 - lr: 0.0010
Epoch 19/30
2/2 [==============================] - 2s 747ms/step - loss: 2.0966 - accuracy: 0.1833 - val_loss: 2.0484 - val_accuracy: 0.4000 - lr: 0.0010
1/1 [==============================] - 0s 127ms/step - loss: 2.1667 - accuracy: 0.2857
Found 60 images belonging to 6 classes.
Found 5 images belonging to 6 classes.
Found 7 images belonging to 6 classes.
Epoch 1/10
2/2 [==============================] - 2s 851ms/step - loss: 2.9655 - accuracy: 0.1500 - val_loss: 2.7972 - val_accuracy: 0.2000 - lr: 0.0010
Epoch 2/10
2/2 [==============================] - 1s 643ms/step - loss: 2.7862 - accuracy: 0.1000 - val_loss: 2.6300 - val_accuracy: 0.4000 - lr: 0.0010
Epoch 3/10
2/2 [==============================] - 1s 638ms/step - loss: 2.6766 - accuracy: 0.1667 - val_loss: 2.5270 - val_accuracy: 0.4000 - lr: 0.0010
Epoch 4/10
2/2 [==============================] - 1s 722ms/step - loss: 2.6174 - accuracy: 0.1500 - val_loss: 2.4965 - val_accuracy: 0.4000 - lr: 0.0010
Epoch 5/10
2/2 [==============================] - 1s 620ms/step - loss: 2.5589 - accuracy: 0.3333 - val_loss: 2.4655 - val_accuracy: 0.2000 - lr: 0.0010
Epoch 6/10
2/2 [==============================] - 1s 759ms/step - loss: 2.5241 - accuracy: 0.1500 - val_loss: 2.4144 - val_accuracy: 0.4000 - lr: 0.0010
Epoch 7/10
2/2 [==============================] - 1s 626ms/step - loss: 2.4709 - accuracy: 0.2833 - val_loss: 2.3347 - val_accuracy: 0.4000 - lr: 0.0010
Epoch 8/10
2/2 [==============================] - 1s 619ms/step - loss: 2.4770 - accuracy: 0.2333 - val_loss: 2.2845 - val_accuracy: 0.4000 - lr: 0.0010
Epoch 9/10
2/2 [==============================] - 1s 730ms/step - loss: 2.4388 - accuracy: 0.2667 - val_loss: 2.2787 - val_accuracy: 0.4000 - lr: 0.0010
Epoch 10/10
2/2 [==============================] - 2s 627ms/step - loss: 2.3708 - accuracy: 0.2333 - val_loss: 2.2230 - val_accuracy: 0.4000 - lr: 0.0010
1/1 [==============================] - 0s 174ms/step - loss: 2.3272 - accuracy: 0.2857
Found 60 images belonging to 6 classes.
Found 5 images belonging to 6 classes.
Found 7 images belonging to 6 classes.
Epoch 1/30
2/2 [==============================] - 3s 906ms/step - loss: 2.9987 - accuracy: 0.2333 - val_loss: 3.0061 - val_accuracy: 0.2000 - lr: 0.0010
Epoch 2/30
2/2 [==============================] - 1s 790ms/step - loss: 2.8272 - accuracy: 0.1333 - val_loss: 2.8477 - val_accuracy: 0.2000 - lr: 0.0010
Epoch 3/30
2/2 [==============================] - 1s 698ms/step - loss: 2.6453 - accuracy: 0.2333 - val_loss: 2.6559 - val_accuracy: 0.2000 - lr: 0.0010
Epoch 4/30
2/2 [==============================] - 1s 753ms/step - loss: 2.5747 - accuracy: 0.1667 - val_loss: 2.5621 - val_accuracy: 0.0000e+00 - lr: 0.0010
Epoch 5/30
2/2 [==============================] - 1s 714ms/step - loss: 2.5293 - accuracy: 0.1167 - val_loss: 2.5208 - val_accuracy: 0.0000e+00 - lr: 0.0010
Epoch 6/30
2/2 [==============================] - 1s 736ms/step - loss: 2.4907 - accuracy: 0.3000 - val_loss: 2.4965 - val_accuracy: 0.0000e+00 - lr: 0.0010
Epoch 7/30
2/2 [==============================] - 1s 768ms/step - loss: 2.4745 - accuracy: 0.1667 - val_loss: 2.4804 - val_accuracy: 0.0000e+00 - lr: 0.0010
Epoch 8/30
2/2 [==============================] - 1s 758ms/step - loss: 2.4459 - accuracy: 0.2167 - val_loss: 2.4868 - val_accuracy: 0.0000e+00 - lr: 0.0010
1/1 [==============================] - 0s 135ms/step - loss: 2.5008 - accuracy: 0.0000e+00
Found 60 images belonging to 6 classes.
Found 5 images belonging to 6 classes.
Found 7 images belonging to 6 classes.
Epoch 1/10
2/2 [==============================] - 3s 1s/step - loss: 3.7512 - accuracy: 0.2167 - val_loss: 2.6097 - val_accuracy: 0.2000 - lr: 0.0010
Epoch 2/10
2/2 [==============================] - 2s 885ms/step - loss: 3.0175 - accuracy: 0.2333 - val_loss: 2.7338 - val_accuracy: 0.4000 - lr: 0.0010
1/1 [==============================] - 0s 148ms/step - loss: 2.9801 - accuracy: 0.2857
Found 60 images belonging to 6 classes.
Found 5 images belonging to 6 classes.
Found 7 images belonging to 6 classes.
Epoch 1/30
2/2 [==============================] - 3s 1s/step - loss: 3.2340 - accuracy: 0.1167 - val_loss: 2.7964 - val_accuracy: 0.4000 - lr: 0.0010
Epoch 2/30
2/2 [==============================] - 2s 978ms/step - loss: 3.0213 - accuracy: 0.1833 - val_loss: 2.7330 - val_accuracy: 0.2000 - lr: 0.0010
Epoch 3/30
2/2 [==============================] - 2s 883ms/step - loss: 2.7373 - accuracy: 0.2667 - val_loss: 2.6918 - val_accuracy: 0.2000 - lr: 0.0010
Epoch 4/30
2/2 [==============================] - 2s 842ms/step - loss: 2.6958 - accuracy: 0.2167 - val_loss: 2.6735 - val_accuracy: 0.2000 - lr: 0.0010
Epoch 5/30
2/2 [==============================] - 2s 853ms/step - loss: 2.6647 - accuracy: 0.2333 - val_loss: 2.6484 - val_accuracy: 0.2000 - lr: 0.0010
Epoch 6/30
2/2 [==============================] - 2s 861ms/step - loss: 2.6531 - accuracy: 0.2667 - val_loss: 2.6176 - val_accuracy: 0.4000 - lr: 0.0010
Epoch 7/30
2/2 [==============================] - 2s 831ms/step - loss: 2.6231 - accuracy: 0.2500 - val_loss: 2.5721 - val_accuracy: 0.2000 - lr: 0.0010
Epoch 8/30
2/2 [==============================] - 2s 958ms/step - loss: 2.6123 - accuracy: 0.2333 - val_loss: 2.5442 - val_accuracy: 0.2000 - lr: 0.0010
Epoch 9/30
2/2 [==============================] - 2s 1000ms/step - loss: 2.5706 - accuracy: 0.2667 - val_loss: 2.5248 - val_accuracy: 0.2000 - lr: 0.0010
Epoch 10/30
2/2 [==============================] - 2s 985ms/step - loss: 2.5358 - accuracy: 0.1833 - val_loss: 2.4420 - val_accuracy: 0.2000 - lr: 0.0010
Epoch 11/30
2/2 [==============================] - 2s 825ms/step - loss: 2.4876 - accuracy: 0.3167 - val_loss: 2.3854 - val_accuracy: 0.2000 - lr: 0.0010
Epoch 12/30
2/2 [==============================] - 2s 991ms/step - loss: 2.4188 - accuracy: 0.2833 - val_loss: 2.3740 - val_accuracy: 0.2000 - lr: 0.0010
Epoch 13/30
2/2 [==============================] - 2s 1s/step - loss: 2.4182 - accuracy: 0.3000 - val_loss: 2.3025 - val_accuracy: 0.2000 - lr: 0.0010
Epoch 14/30
2/2 [==============================] - 2s 1s/step - loss: 2.3276 - accuracy: 0.3000 - val_loss: 2.2127 - val_accuracy: 0.2000 - lr: 0.0010
Epoch 15/30
2/2 [==============================] - 2s 878ms/step - loss: 2.3196 - accuracy: 0.2333 - val_loss: 2.1776 - val_accuracy: 0.2000 - lr: 0.0010
Epoch 16/30
2/2 [==============================] - 2s 860ms/step - loss: 2.2519 - accuracy: 0.2667 - val_loss: 2.1219 - val_accuracy: 0.2000 - lr: 0.0010
Epoch 17/30
2/2 [==============================] - 2s 854ms/step - loss: 2.2935 - accuracy: 0.2500 - val_loss: 2.0974 - val_accuracy: 0.2000 - lr: 0.0010
Epoch 18/30
2/2 [==============================] - 2s 853ms/step - loss: 2.2185 - accuracy: 0.3000 - val_loss: 2.0385 - val_accuracy: 0.2000 - lr: 0.0010
Epoch 19/30
2/2 [==============================] - 2s 984ms/step - loss: 2.1462 - accuracy: 0.3333 - val_loss: 1.9999 - val_accuracy: 0.4000 - lr: 0.0010
Epoch 20/30
2/2 [==============================] - 2s 855ms/step - loss: 2.2047 - accuracy: 0.2833 - val_loss: 1.9498 - val_accuracy: 0.4000 - lr: 0.0010
Epoch 21/30
2/2 [==============================] - 2s 815ms/step - loss: 2.2240 - accuracy: 0.2000 - val_loss: 1.9613 - val_accuracy: 0.4000 - lr: 0.0010
1/1 [==============================] - 0s 161ms/step - loss: 2.0906 - accuracy: 0.4286
Found 60 images belonging to 6 classes.
Found 5 images belonging to 6 classes.
Found 7 images belonging to 6 classes.
Epoch 1/10
2/2 [==============================] - 3s 1s/step - loss: 3.0955 - accuracy: 0.1333 - val_loss: 3.1890 - val_accuracy: 0.2000 - lr: 0.0010
Epoch 2/10
2/2 [==============================] - 2s 904ms/step - loss: 2.9445 - accuracy: 0.2333 - val_loss: 2.7423 - val_accuracy: 0.4000 - lr: 0.0010
Epoch 3/10
2/2 [==============================] - 2s 819ms/step - loss: 2.7878 - accuracy: 0.2000 - val_loss: 2.7249 - val_accuracy: 0.4000 - lr: 0.0010
Epoch 4/10
2/2 [==============================] - 2s 878ms/step - loss: 2.7444 - accuracy: 0.1667 - val_loss: 2.6975 - val_accuracy: 0.4000 - lr: 0.0010
Epoch 5/10
2/2 [==============================] - 2s 1s/step - loss: 2.7103 - accuracy: 0.1500 - val_loss: 2.6935 - val_accuracy: 0.2000 - lr: 0.0010
Epoch 6/10
2/2 [==============================] - 2s 980ms/step - loss: 2.6976 - accuracy: 0.2833 - val_loss: 2.6970 - val_accuracy: 0.2000 - lr: 0.0010
1/1 [==============================] - 0s 162ms/step - loss: 2.7075 - accuracy: 0.2857
Found 60 images belonging to 6 classes.
Found 5 images belonging to 6 classes.
Found 7 images belonging to 6 classes.
Epoch 1/30
2/2 [==============================] - 3s 1s/step - loss: 3.3292 - accuracy: 0.2000 - val_loss: 3.1600 - val_accuracy: 0.2000 - lr: 0.0010
Epoch 2/30
2/2 [==============================] - 2s 838ms/step - loss: 2.9900 - accuracy: 0.1833 - val_loss: 2.7786 - val_accuracy: 0.4000 - lr: 0.0010
Epoch 3/30
2/2 [==============================] - 2s 872ms/step - loss: 2.8036 - accuracy: 0.2167 - val_loss: 2.7488 - val_accuracy: 0.4000 - lr: 0.0010
Epoch 4/30
2/2 [==============================] - 2s 896ms/step - loss: 2.7726 - accuracy: 0.1000 - val_loss: 2.7413 - val_accuracy: 0.2000 - lr: 0.0010
Epoch 5/30
2/2 [==============================] - 2s 1s/step - loss: 2.7489 - accuracy: 0.1833 - val_loss: 2.7367 - val_accuracy: 0.2000 - lr: 0.0010
Epoch 6/30
2/2 [==============================] - 2s 1s/step - loss: 2.7423 - accuracy: 0.2333 - val_loss: 2.7332 - val_accuracy: 0.2000 - lr: 0.0010
Epoch 7/30
2/2 [==============================] - 2s 864ms/step - loss: 2.7209 - accuracy: 0.1833 - val_loss: 2.7241 - val_accuracy: 0.0000e+00 - lr: 0.0010
Epoch 8/30
2/2 [==============================] - 2s 1s/step - loss: 2.6956 - accuracy: 0.1667 - val_loss: 2.7103 - val_accuracy: 0.0000e+00 - lr: 0.0010
Epoch 9/30
2/2 [==============================] - 2s 1s/step - loss: 2.6705 - accuracy: 0.1167 - val_loss: 2.6785 - val_accuracy: 0.0000e+00 - lr: 0.0010
Epoch 10/30
2/2 [==============================] - 2s 1s/step - loss: 2.6093 - accuracy: 0.3333 - val_loss: 2.6198 - val_accuracy: 0.0000e+00 - lr: 0.0010
Epoch 11/30
2/2 [==============================] - 2s 857ms/step - loss: 2.5294 - accuracy: 0.3167 - val_loss: 2.5770 - val_accuracy: 0.2000 - lr: 0.0010
Epoch 12/30
2/2 [==============================] - 2s 868ms/step - loss: 2.5256 - accuracy: 0.2167 - val_loss: 2.5155 - val_accuracy: 0.2000 - lr: 0.0010
Epoch 13/30
2/2 [==============================] - 2s 840ms/step - loss: 2.4623 - accuracy: 0.2000 - val_loss: 2.4739 - val_accuracy: 0.4000 - lr: 0.0010
Epoch 14/30
2/2 [==============================] - 2s 925ms/step - loss: 2.4976 - accuracy: 0.2167 - val_loss: 2.4524 - val_accuracy: 0.2000 - lr: 0.0010
Epoch 15/30
2/2 [==============================] - 2s 907ms/step - loss: 2.3803 - accuracy: 0.2667 - val_loss: 2.4812 - val_accuracy: 0.2000 - lr: 0.0010
1/1 [==============================] - 0s 162ms/step - loss: 2.5966 - accuracy: 0.0000e+00
Found 60 images belonging to 6 classes.
Found 5 images belonging to 6 classes.
Found 7 images belonging to 6 classes.
Epoch 1/10
2/2 [==============================] - 3s 1s/step - loss: 4.2021 - accuracy: 0.1500 - val_loss: 2.6733 - val_accuracy: 0.4000 - lr: 0.0010
Epoch 2/10
2/2 [==============================] - 2s 1s/step - loss: 3.0043 - accuracy: 0.1500 - val_loss: 2.7347 - val_accuracy: 0.2000 - lr: 0.0010
1/1 [==============================] - 0s 160ms/step - loss: 3.0706 - accuracy: 0.0000e+00
Found 60 images belonging to 6 classes.
Found 5 images belonging to 6 classes.
Found 7 images belonging to 6 classes.
Epoch 1/30
2/2 [==============================] - 3s 1s/step - loss: 3.2577 - accuracy: 0.0667 - val_loss: 3.0111 - val_accuracy: 0.4000 - lr: 0.0010
Epoch 2/30
2/2 [==============================] - 2s 836ms/step - loss: 2.8320 - accuracy: 0.2500 - val_loss: 2.8393 - val_accuracy: 0.2000 - lr: 0.0010
Epoch 3/30
2/2 [==============================] - 2s 1s/step - loss: 2.7449 - accuracy: 0.1333 - val_loss: 2.7465 - val_accuracy: 0.0000e+00 - lr: 0.0010
Epoch 4/30
2/2 [==============================] - 2s 865ms/step - loss: 2.6940 - accuracy: 0.2000 - val_loss: 2.6886 - val_accuracy: 0.0000e+00 - lr: 0.0010
Epoch 5/30
2/2 [==============================] - 2s 985ms/step - loss: 2.6551 - accuracy: 0.2000 - val_loss: 2.6804 - val_accuracy: 0.2000 - lr: 0.0010
Epoch 6/30
2/2 [==============================] - 2s 969ms/step - loss: 2.6264 - accuracy: 0.3000 - val_loss: 2.6888 - val_accuracy: 0.2000 - lr: 0.0010
1/1 [==============================] - 0s 178ms/step - loss: 2.6505 - accuracy: 0.2857
Found 60 images belonging to 6 classes.
Found 5 images belonging to 6 classes.
Found 7 images belonging to 6 classes.
Epoch 1/10
2/2 [==============================] - 3s 1s/step - loss: 2.9910 - accuracy: 0.2167 - val_loss: 3.3458 - val_accuracy: 0.0000e+00 - lr: 0.0010
Epoch 2/10
2/2 [==============================] - 3s 1s/step - loss: 2.9201 - accuracy: 0.1667 - val_loss: 2.7736 - val_accuracy: 0.0000e+00 - lr: 0.0010
Epoch 3/10
2/2 [==============================] - 2s 979ms/step - loss: 2.7240 - accuracy: 0.1500 - val_loss: 2.6803 - val_accuracy: 0.2000 - lr: 0.0010
Epoch 4/10
2/2 [==============================] - 2s 884ms/step - loss: 2.6621 - accuracy: 0.1667 - val_loss: 2.6408 - val_accuracy: 0.2000 - lr: 0.0010
Epoch 5/10
2/2 [==============================] - 2s 1s/step - loss: 2.6172 - accuracy: 0.2500 - val_loss: 2.6123 - val_accuracy: 0.2000 - lr: 0.0010
Epoch 6/10
2/2 [==============================] - 2s 841ms/step - loss: 2.6087 - accuracy: 0.1500 - val_loss: 2.5921 - val_accuracy: 0.2000 - lr: 0.0010
Epoch 7/10
2/2 [==============================] - 2s 850ms/step - loss: 2.5847 - accuracy: 0.1333 - val_loss: 2.5846 - val_accuracy: 0.2000 - lr: 0.0010
Epoch 8/10
2/2 [==============================] - 2s 1s/step - loss: 2.5361 - accuracy: 0.2333 - val_loss: 2.5662 - val_accuracy: 0.4000 - lr: 0.0010
Epoch 9/10
2/2 [==============================] - 2s 887ms/step - loss: 2.5574 - accuracy: 0.2167 - val_loss: 2.4877 - val_accuracy: 0.2000 - lr: 0.0010
Epoch 10/10
2/2 [==============================] - 2s 1s/step - loss: 2.4359 - accuracy: 0.3500 - val_loss: 2.4054 - val_accuracy: 0.4000 - lr: 0.0010
1/1 [==============================] - 0s 155ms/step - loss: 2.4426 - accuracy: 0.2857
Found 60 images belonging to 6 classes.
Found 5 images belonging to 6 classes.
Found 7 images belonging to 6 classes.
Epoch 1/30
2/2 [==============================] - 3s 1s/step - loss: 3.1183 - accuracy: 0.2333 - val_loss: 3.1754 - val_accuracy: 0.0000e+00 - lr: 0.0010
Epoch 2/30
2/2 [==============================] - 2s 1s/step - loss: 2.9574 - accuracy: 0.1167 - val_loss: 2.7118 - val_accuracy: 0.2000 - lr: 0.0010
Epoch 3/30
2/2 [==============================] - 2s 1s/step - loss: 2.7204 - accuracy: 0.1833 - val_loss: 2.6752 - val_accuracy: 0.2000 - lr: 0.0010
Epoch 4/30
2/2 [==============================] - 2s 877ms/step - loss: 2.6653 - accuracy: 0.2167 - val_loss: 2.6556 - val_accuracy: 0.2000 - lr: 0.0010
Epoch 5/30
2/2 [==============================] - 2s 1s/step - loss: 2.6349 - accuracy: 0.2333 - val_loss: 2.6686 - val_accuracy: 0.2000 - lr: 0.0010
1/1 [==============================] - 0s 208ms/step - loss: 2.6567 - accuracy: 0.0000e+00
Found 60 images belonging to 6 classes.
Found 5 images belonging to 6 classes.
Found 7 images belonging to 6 classes.
Epoch 1/10
2/2 [==============================] - 3s 979ms/step - loss: 2.9393 - accuracy: 0.1667 - val_loss: 2.9638 - val_accuracy: 0.0000e+00 - lr: 5.0000e-04
Epoch 2/10
2/2 [==============================] - 1s 684ms/step - loss: 2.8673 - accuracy: 0.2000 - val_loss: 3.1037 - val_accuracy: 0.0000e+00 - lr: 5.0000e-04
1/1 [==============================] - 0s 132ms/step - loss: 2.9978 - accuracy: 0.0000e+00
Found 60 images belonging to 6 classes.
Found 5 images belonging to 6 classes.
Found 7 images belonging to 6 classes.
Epoch 1/30
2/2 [==============================] - 2s 880ms/step - loss: 2.9850 - accuracy: 0.1333 - val_loss: 2.8419 - val_accuracy: 0.2000 - lr: 5.0000e-04
Epoch 2/30
2/2 [==============================] - 1s 746ms/step - loss: 2.8106 - accuracy: 0.2167 - val_loss: 2.6358 - val_accuracy: 0.6000 - lr: 5.0000e-04
Epoch 3/30
2/2 [==============================] - 2s 770ms/step - loss: 2.7729 - accuracy: 0.2000 - val_loss: 2.5989 - val_accuracy: 0.2000 - lr: 5.0000e-04
Epoch 4/30
2/2 [==============================] - 1s 638ms/step - loss: 2.6602 - accuracy: 0.1667 - val_loss: 2.5712 - val_accuracy: 0.2000 - lr: 5.0000e-04
Epoch 5/30
2/2 [==============================] - 1s 637ms/step - loss: 2.5619 - accuracy: 0.2167 - val_loss: 2.5377 - val_accuracy: 0.2000 - lr: 5.0000e-04
Epoch 6/30
2/2 [==============================] - 1s 750ms/step - loss: 2.4743 - accuracy: 0.3167 - val_loss: 2.4903 - val_accuracy: 0.2000 - lr: 5.0000e-04
Epoch 7/30
2/2 [==============================] - 2s 786ms/step - loss: 2.4506 - accuracy: 0.3167 - val_loss: 2.4193 - val_accuracy: 0.2000 - lr: 5.0000e-04
Epoch 8/30
2/2 [==============================] - 2s 737ms/step - loss: 2.4388 - accuracy: 0.2167 - val_loss: 2.3607 - val_accuracy: 0.4000 - lr: 5.0000e-04
Epoch 9/30
2/2 [==============================] - 2s 782ms/step - loss: 2.3604 - accuracy: 0.3000 - val_loss: 2.2944 - val_accuracy: 0.4000 - lr: 5.0000e-04
Epoch 10/30
2/2 [==============================] - 2s 671ms/step - loss: 2.4078 - accuracy: 0.2333 - val_loss: 2.2671 - val_accuracy: 0.4000 - lr: 5.0000e-04
Epoch 11/30
2/2 [==============================] - 2s 743ms/step - loss: 2.2671 - accuracy: 0.2333 - val_loss: 2.2572 - val_accuracy: 0.4000 - lr: 5.0000e-04
Epoch 12/30
2/2 [==============================] - 2s 753ms/step - loss: 2.2257 - accuracy: 0.3833 - val_loss: 2.2225 - val_accuracy: 0.4000 - lr: 5.0000e-04
Epoch 13/30
2/2 [==============================] - 1s 626ms/step - loss: 2.2128 - accuracy: 0.3333 - val_loss: 2.1662 - val_accuracy: 0.6000 - lr: 5.0000e-04
Epoch 14/30
2/2 [==============================] - 2s 756ms/step - loss: 2.1473 - accuracy: 0.3500 - val_loss: 2.0900 - val_accuracy: 0.6000 - lr: 5.0000e-04
Epoch 15/30
2/2 [==============================] - 2s 684ms/step - loss: 2.0963 - accuracy: 0.3833 - val_loss: 2.0497 - val_accuracy: 0.4000 - lr: 5.0000e-04
Epoch 16/30
2/2 [==============================] - 2s 682ms/step - loss: 2.1896 - accuracy: 0.2333 - val_loss: 1.9654 - val_accuracy: 0.4000 - lr: 5.0000e-04
Epoch 17/30
2/2 [==============================] - 1s 621ms/step - loss: 2.1143 - accuracy: 0.3167 - val_loss: 1.9277 - val_accuracy: 0.6000 - lr: 5.0000e-04
Epoch 18/30
2/2 [==============================] - 2s 751ms/step - loss: 2.0417 - accuracy: 0.3167 - val_loss: 2.0162 - val_accuracy: 0.4000 - lr: 5.0000e-04
1/1 [==============================] - 0s 130ms/step - loss: 2.1573 - accuracy: 0.2857
Found 60 images belonging to 6 classes.
Found 5 images belonging to 6 classes.
Found 7 images belonging to 6 classes.
Epoch 1/10
2/2 [==============================] - 2s 892ms/step - loss: 2.9822 - accuracy: 0.1167 - val_loss: 2.8044 - val_accuracy: 0.4000 - lr: 5.0000e-04
Epoch 2/10
2/2 [==============================] - 1s 748ms/step - loss: 2.8801 - accuracy: 0.1167 - val_loss: 2.8513 - val_accuracy: 0.0000e+00 - lr: 5.0000e-04
1/1 [==============================] - 0s 181ms/step - loss: 2.7454 - accuracy: 0.2857
Found 60 images belonging to 6 classes.
Found 5 images belonging to 6 classes.
Found 7 images belonging to 6 classes.
Epoch 1/30
2/2 [==============================] - 2s 918ms/step - loss: 2.9955 - accuracy: 0.0500 - val_loss: 2.7568 - val_accuracy: 0.2000 - lr: 5.0000e-04
Epoch 2/30
2/2 [==============================] - 1s 737ms/step - loss: 2.8976 - accuracy: 0.1333 - val_loss: 2.6645 - val_accuracy: 0.2000 - lr: 5.0000e-04
Epoch 3/30
2/2 [==============================] - 1s 632ms/step - loss: 2.6960 - accuracy: 0.2000 - val_loss: 2.5924 - val_accuracy: 0.4000 - lr: 5.0000e-04
Epoch 4/30
2/2 [==============================] - 1s 736ms/step - loss: 2.7155 - accuracy: 0.1500 - val_loss: 2.5834 - val_accuracy: 0.2000 - lr: 5.0000e-04
Epoch 5/30
2/2 [==============================] - 1s 645ms/step - loss: 2.6089 - accuracy: 0.2167 - val_loss: 2.5609 - val_accuracy: 0.4000 - lr: 5.0000e-04
Epoch 6/30
2/2 [==============================] - 1s 674ms/step - loss: 2.5516 - accuracy: 0.2167 - val_loss: 2.5204 - val_accuracy: 0.4000 - lr: 5.0000e-04
Epoch 7/30
2/2 [==============================] - 1s 732ms/step - loss: 2.5046 - accuracy: 0.3000 - val_loss: 2.4759 - val_accuracy: 0.4000 - lr: 5.0000e-04
Epoch 8/30
2/2 [==============================] - 1s 673ms/step - loss: 2.4660 - accuracy: 0.2000 - val_loss: 2.4142 - val_accuracy: 0.2000 - lr: 5.0000e-04
Epoch 9/30
2/2 [==============================] - 1s 629ms/step - loss: 2.4126 - accuracy: 0.3167 - val_loss: 2.3509 - val_accuracy: 0.4000 - lr: 5.0000e-04
Epoch 10/30
2/2 [==============================] - 1s 758ms/step - loss: 2.3791 - accuracy: 0.2833 - val_loss: 2.2986 - val_accuracy: 0.4000 - lr: 5.0000e-04
Epoch 11/30
2/2 [==============================] - 1s 722ms/step - loss: 2.3004 - accuracy: 0.3333 - val_loss: 2.2083 - val_accuracy: 0.4000 - lr: 5.0000e-04
Epoch 12/30
2/2 [==============================] - 1s 710ms/step - loss: 2.3118 - accuracy: 0.3000 - val_loss: 2.1060 - val_accuracy: 0.4000 - lr: 5.0000e-04
Epoch 13/30
2/2 [==============================] - 1s 695ms/step - loss: 2.1601 - accuracy: 0.4000 - val_loss: 2.0074 - val_accuracy: 0.6000 - lr: 5.0000e-04
Epoch 14/30
2/2 [==============================] - 1s 629ms/step - loss: 2.1199 - accuracy: 0.3833 - val_loss: 1.9734 - val_accuracy: 0.4000 - lr: 5.0000e-04
Epoch 15/30
2/2 [==============================] - 1s 719ms/step - loss: 2.0987 - accuracy: 0.4333 - val_loss: 1.9508 - val_accuracy: 0.2000 - lr: 5.0000e-04
Epoch 16/30
2/2 [==============================] - 1s 615ms/step - loss: 2.1953 - accuracy: 0.3167 - val_loss: 1.9040 - val_accuracy: 0.4000 - lr: 5.0000e-04
Epoch 17/30
2/2 [==============================] - 1s 774ms/step - loss: 2.0022 - accuracy: 0.4167 - val_loss: 1.9116 - val_accuracy: 0.4000 - lr: 5.0000e-04
1/1 [==============================] - 0s 147ms/step - loss: 2.0299 - accuracy: 0.5714
Found 60 images belonging to 6 classes.
Found 5 images belonging to 6 classes.
Found 7 images belonging to 6 classes.
Epoch 1/10
2/2 [==============================] - 3s 984ms/step - loss: 3.0675 - accuracy: 0.1167 - val_loss: 3.1129 - val_accuracy: 0.0000e+00 - lr: 5.0000e-04
Epoch 2/10
2/2 [==============================] - 2s 806ms/step - loss: 2.8919 - accuracy: 0.1333 - val_loss: 2.8088 - val_accuracy: 0.4000 - lr: 5.0000e-04
Epoch 3/10
2/2 [==============================] - 1s 774ms/step - loss: 2.7932 - accuracy: 0.2333 - val_loss: 2.7556 - val_accuracy: 0.2000 - lr: 5.0000e-04
Epoch 4/10
2/2 [==============================] - 1s 774ms/step - loss: 2.7241 - accuracy: 0.2167 - val_loss: 2.6798 - val_accuracy: 0.2000 - lr: 5.0000e-04
Epoch 5/10
2/2 [==============================] - 1s 720ms/step - loss: 2.6604 - accuracy: 0.2000 - val_loss: 2.6213 - val_accuracy: 0.2000 - lr: 5.0000e-04
Epoch 6/10
2/2 [==============================] - 1s 589ms/step - loss: 2.6289 - accuracy: 0.1000 - val_loss: 2.5728 - val_accuracy: 0.2000 - lr: 5.0000e-04
Epoch 7/10
2/2 [==============================] - 1s 747ms/step - loss: 2.5721 - accuracy: 0.1667 - val_loss: 2.5353 - val_accuracy: 0.2000 - lr: 5.0000e-04
Epoch 8/10
2/2 [==============================] - 2s 797ms/step - loss: 2.5341 - accuracy: 0.2667 - val_loss: 2.4959 - val_accuracy: 0.4000 - lr: 5.0000e-04
Epoch 9/10
2/2 [==============================] - 1s 732ms/step - loss: 2.5023 - accuracy: 0.2333 - val_loss: 2.4557 - val_accuracy: 0.2000 - lr: 5.0000e-04
Epoch 10/10
2/2 [==============================] - 1s 651ms/step - loss: 2.4735 - accuracy: 0.2500 - val_loss: 2.4296 - val_accuracy: 0.4000 - lr: 5.0000e-04
1/1 [==============================] - 0s 142ms/step - loss: 2.4495 - accuracy: 0.0000e+00
Found 60 images belonging to 6 classes.
Found 5 images belonging to 6 classes.
Found 7 images belonging to 6 classes.
Epoch 1/30
2/2 [==============================] - 2s 955ms/step - loss: 2.9541 - accuracy: 0.1833 - val_loss: 2.9556 - val_accuracy: 0.4000 - lr: 5.0000e-04
Epoch 2/30
2/2 [==============================] - 1s 618ms/step - loss: 2.8576 - accuracy: 0.1833 - val_loss: 2.8688 - val_accuracy: 0.2000 - lr: 5.0000e-04
Epoch 3/30
2/2 [==============================] - 1s 739ms/step - loss: 2.7423 - accuracy: 0.2833 - val_loss: 2.7519 - val_accuracy: 0.2000 - lr: 5.0000e-04
Epoch 4/30
2/2 [==============================] - 1s 652ms/step - loss: 2.7334 - accuracy: 0.1667 - val_loss: 2.6410 - val_accuracy: 0.2000 - lr: 5.0000e-04
Epoch 5/30
2/2 [==============================] - 1s 652ms/step - loss: 2.6505 - accuracy: 0.1500 - val_loss: 2.5697 - val_accuracy: 0.2000 - lr: 5.0000e-04
Epoch 6/30
2/2 [==============================] - 1s 706ms/step - loss: 2.5640 - accuracy: 0.2333 - val_loss: 2.5273 - val_accuracy: 0.4000 - lr: 5.0000e-04
Epoch 7/30
2/2 [==============================] - 1s 693ms/step - loss: 2.5507 - accuracy: 0.3000 - val_loss: 2.5214 - val_accuracy: 0.4000 - lr: 5.0000e-04
Epoch 8/30
2/2 [==============================] - 1s 717ms/step - loss: 2.4665 - accuracy: 0.2833 - val_loss: 2.4524 - val_accuracy: 0.4000 - lr: 5.0000e-04
Epoch 9/30
2/2 [==============================] - 1s 687ms/step - loss: 2.4455 - accuracy: 0.4000 - val_loss: 2.4179 - val_accuracy: 0.4000 - lr: 5.0000e-04
Epoch 10/30
2/2 [==============================] - 1s 671ms/step - loss: 2.3724 - accuracy: 0.3667 - val_loss: 2.3779 - val_accuracy: 0.4000 - lr: 5.0000e-04
Epoch 11/30
2/2 [==============================] - 1s 714ms/step - loss: 2.3849 - accuracy: 0.2167 - val_loss: 2.3138 - val_accuracy: 0.2000 - lr: 5.0000e-04
Epoch 12/30
2/2 [==============================] - 1s 682ms/step - loss: 2.3228 - accuracy: 0.3333 - val_loss: 2.2022 - val_accuracy: 0.4000 - lr: 5.0000e-04
Epoch 13/30
2/2 [==============================] - 1s 675ms/step - loss: 2.1947 - accuracy: 0.3333 - val_loss: 2.1851 - val_accuracy: 0.4000 - lr: 5.0000e-04
Epoch 14/30
2/2 [==============================] - 1s 702ms/step - loss: 2.2301 - accuracy: 0.3667 - val_loss: 2.1149 - val_accuracy: 0.2000 - lr: 5.0000e-04
Epoch 15/30
2/2 [==============================] - 1s 611ms/step - loss: 2.0770 - accuracy: 0.4000 - val_loss: 2.0182 - val_accuracy: 0.6000 - lr: 5.0000e-04
Epoch 16/30
2/2 [==============================] - 1s 673ms/step - loss: 2.1079 - accuracy: 0.3667 - val_loss: 2.0163 - val_accuracy: 0.4000 - lr: 5.0000e-04
Epoch 17/30
2/2 [==============================] - 1s 618ms/step - loss: 2.1335 - accuracy: 0.3667 - val_loss: 1.8282 - val_accuracy: 0.6000 - lr: 5.0000e-04
Epoch 18/30
2/2 [==============================] - 1s 799ms/step - loss: 2.0490 - accuracy: 0.3667 - val_loss: 1.7937 - val_accuracy: 0.6000 - lr: 5.0000e-04
Epoch 19/30
2/2 [==============================] - 1s 701ms/step - loss: 2.0506 - accuracy: 0.3833 - val_loss: 1.7167 - val_accuracy: 0.6000 - lr: 5.0000e-04
Epoch 20/30
2/2 [==============================] - 1s 739ms/step - loss: 1.9919 - accuracy: 0.4000 - val_loss: 1.7794 - val_accuracy: 0.4000 - lr: 5.0000e-04
1/1 [==============================] - 0s 152ms/step - loss: 1.8946 - accuracy: 0.5714
Found 60 images belonging to 6 classes.
Found 5 images belonging to 6 classes.
Found 7 images belonging to 6 classes.
Epoch 1/10
2/2 [==============================] - 2s 863ms/step - loss: 3.0507 - accuracy: 0.1000 - val_loss: 2.8508 - val_accuracy: 0.2000 - lr: 5.0000e-04
Epoch 2/10
2/2 [==============================] - 1s 620ms/step - loss: 2.9245 - accuracy: 0.2333 - val_loss: 2.8727 - val_accuracy: 0.2000 - lr: 5.0000e-04
1/1 [==============================] - 0s 124ms/step - loss: 2.9645 - accuracy: 0.1429
Found 60 images belonging to 6 classes.
Found 5 images belonging to 6 classes.
Found 7 images belonging to 6 classes.
Epoch 1/30
2/2 [==============================] - 3s 825ms/step - loss: 3.0212 - accuracy: 0.1167 - val_loss: 2.8386 - val_accuracy: 0.0000e+00 - lr: 5.0000e-04
Epoch 2/30
2/2 [==============================] - 1s 797ms/step - loss: 2.8646 - accuracy: 0.1667 - val_loss: 2.7003 - val_accuracy: 0.0000e+00 - lr: 5.0000e-04
Epoch 3/30
2/2 [==============================] - 2s 743ms/step - loss: 2.7333 - accuracy: 0.2333 - val_loss: 2.6417 - val_accuracy: 0.0000e+00 - lr: 5.0000e-04
Epoch 4/30
2/2 [==============================] - 2s 693ms/step - loss: 2.7096 - accuracy: 0.1333 - val_loss: 2.6101 - val_accuracy: 0.2000 - lr: 5.0000e-04
Epoch 5/30
2/2 [==============================] - 2s 684ms/step - loss: 2.5869 - accuracy: 0.2333 - val_loss: 2.5554 - val_accuracy: 0.0000e+00 - lr: 5.0000e-04
Epoch 6/30
2/2 [==============================] - 1s 660ms/step - loss: 2.5375 - accuracy: 0.2167 - val_loss: 2.5000 - val_accuracy: 0.0000e+00 - lr: 5.0000e-04
Epoch 7/30
2/2 [==============================] - 2s 788ms/step - loss: 2.4884 - accuracy: 0.2500 - val_loss: 2.4486 - val_accuracy: 0.4000 - lr: 5.0000e-04
Epoch 8/30
2/2 [==============================] - 1s 653ms/step - loss: 2.4522 - accuracy: 0.2167 - val_loss: 2.4005 - val_accuracy: 0.6000 - lr: 5.0000e-04
Epoch 9/30
2/2 [==============================] - 2s 716ms/step - loss: 2.3764 - accuracy: 0.2333 - val_loss: 2.3659 - val_accuracy: 0.6000 - lr: 5.0000e-04
Epoch 10/30
2/2 [==============================] - 1s 701ms/step - loss: 2.3376 - accuracy: 0.2667 - val_loss: 2.3219 - val_accuracy: 0.6000 - lr: 5.0000e-04
Epoch 11/30
2/2 [==============================] - 2s 637ms/step - loss: 2.3136 - accuracy: 0.2667 - val_loss: 2.2754 - val_accuracy: 0.6000 - lr: 5.0000e-04
Epoch 12/30
2/2 [==============================] - 1s 659ms/step - loss: 2.2708 - accuracy: 0.2333 - val_loss: 2.2608 - val_accuracy: 0.6000 - lr: 5.0000e-04
Epoch 13/30
2/2 [==============================] - 2s 663ms/step - loss: 2.1620 - accuracy: 0.3833 - val_loss: 2.2218 - val_accuracy: 0.6000 - lr: 5.0000e-04
Epoch 14/30
2/2 [==============================] - 2s 785ms/step - loss: 2.1750 - accuracy: 0.2667 - val_loss: 2.1518 - val_accuracy: 0.6000 - lr: 5.0000e-04
Epoch 15/30
2/2 [==============================] - 2s 843ms/step - loss: 2.2468 - accuracy: 0.2333 - val_loss: 2.0595 - val_accuracy: 0.6000 - lr: 5.0000e-04
Epoch 16/30
2/2 [==============================] - 2s 821ms/step - loss: 2.1376 - accuracy: 0.3167 - val_loss: 1.9874 - val_accuracy: 0.6000 - lr: 5.0000e-04
Epoch 17/30
2/2 [==============================] - 2s 695ms/step - loss: 2.0966 - accuracy: 0.3333 - val_loss: 1.9122 - val_accuracy: 0.4000 - lr: 5.0000e-04
Epoch 18/30
2/2 [==============================] - 1s 783ms/step - loss: 2.1130 - accuracy: 0.3167 - val_loss: 1.9542 - val_accuracy: 0.6000 - lr: 5.0000e-04
1/1 [==============================] - 0s 154ms/step - loss: 2.0504 - accuracy: 0.2857
Found 60 images belonging to 6 classes.
Found 5 images belonging to 6 classes.
Found 7 images belonging to 6 classes.
Epoch 1/10
2/2 [==============================] - 3s 1s/step - loss: 3.2514 - accuracy: 0.1000 - val_loss: 3.0269 - val_accuracy: 0.0000e+00 - lr: 5.0000e-04
Epoch 2/10
2/2 [==============================] - 2s 917ms/step - loss: 2.9700 - accuracy: 0.1500 - val_loss: 2.8509 - val_accuracy: 0.2000 - lr: 5.0000e-04
Epoch 3/10
2/2 [==============================] - 2s 1s/step - loss: 2.8591 - accuracy: 0.1500 - val_loss: 2.7631 - val_accuracy: 0.2000 - lr: 5.0000e-04
Epoch 4/10
2/2 [==============================] - 2s 902ms/step - loss: 2.7697 - accuracy: 0.2167 - val_loss: 2.6955 - val_accuracy: 0.4000 - lr: 5.0000e-04
Epoch 5/10
2/2 [==============================] - 2s 1s/step - loss: 2.7027 - accuracy: 0.2167 - val_loss: 2.6356 - val_accuracy: 0.4000 - lr: 5.0000e-04
Epoch 6/10
2/2 [==============================] - 2s 899ms/step - loss: 2.6394 - accuracy: 0.2833 - val_loss: 2.5707 - val_accuracy: 0.4000 - lr: 5.0000e-04
Epoch 7/10
2/2 [==============================] - 2s 893ms/step - loss: 2.5736 - accuracy: 0.3000 - val_loss: 2.4934 - val_accuracy: 0.6000 - lr: 5.0000e-04
Epoch 8/10
2/2 [==============================] - 2s 884ms/step - loss: 2.5091 - accuracy: 0.3500 - val_loss: 2.4129 - val_accuracy: 0.4000 - lr: 5.0000e-04
Epoch 9/10
2/2 [==============================] - 2s 1s/step - loss: 2.4407 - accuracy: 0.3500 - val_loss: 2.3080 - val_accuracy: 0.4000 - lr: 5.0000e-04
Epoch 10/10
2/2 [==============================] - 2s 1s/step - loss: 2.3729 - accuracy: 0.3500 - val_loss: 2.1593 - val_accuracy: 0.6000 - lr: 5.0000e-04
1/1 [==============================] - 0s 186ms/step - loss: 2.2760 - accuracy: 0.2857
Found 60 images belonging to 6 classes.
Found 5 images belonging to 6 classes.
Found 7 images belonging to 6 classes.
Epoch 1/30
2/2 [==============================] - 3s 1s/step - loss: 3.7827 - accuracy: 0.0500 - val_loss: 3.0865 - val_accuracy: 0.2000 - lr: 5.0000e-04
Epoch 2/30
2/2 [==============================] - 2s 1s/step - loss: 3.0184 - accuracy: 0.2333 - val_loss: 3.0657 - val_accuracy: 0.2000 - lr: 5.0000e-04
Epoch 3/30
2/2 [==============================] - 2s 912ms/step - loss: 2.9043 - accuracy: 0.1500 - val_loss: 2.9080 - val_accuracy: 0.2000 - lr: 5.0000e-04
Epoch 4/30
2/2 [==============================] - 2s 1s/step - loss: 2.8068 - accuracy: 0.2500 - val_loss: 2.8028 - val_accuracy: 0.0000e+00 - lr: 5.0000e-04
Epoch 5/30
2/2 [==============================] - 2s 871ms/step - loss: 2.7538 - accuracy: 0.2000 - val_loss: 2.7355 - val_accuracy: 0.0000e+00 - lr: 5.0000e-04
Epoch 6/30
2/2 [==============================] - 2s 1s/step - loss: 2.6988 - accuracy: 0.2000 - val_loss: 2.6843 - val_accuracy: 0.0000e+00 - lr: 5.0000e-04
Epoch 7/30
2/2 [==============================] - 2s 1s/step - loss: 2.6460 - accuracy: 0.1667 - val_loss: 2.6573 - val_accuracy: 0.0000e+00 - lr: 5.0000e-04
Epoch 8/30
2/2 [==============================] - 2s 1s/step - loss: 2.6049 - accuracy: 0.1667 - val_loss: 2.6489 - val_accuracy: 0.0000e+00 - lr: 5.0000e-04
Epoch 9/30
2/2 [==============================] - 2s 923ms/step - loss: 2.5778 - accuracy: 0.1667 - val_loss: 2.6129 - val_accuracy: 0.0000e+00 - lr: 5.0000e-04
Epoch 10/30
2/2 [==============================] - 2s 1s/step - loss: 2.5187 - accuracy: 0.2500 - val_loss: 2.5981 - val_accuracy: 0.2000 - lr: 5.0000e-04
Epoch 11/30
2/2 [==============================] - 2s 1s/step - loss: 2.4923 - accuracy: 0.3167 - val_loss: 2.5511 - val_accuracy: 0.2000 - lr: 5.0000e-04
Epoch 12/30
2/2 [==============================] - 2s 986ms/step - loss: 2.4451 - accuracy: 0.3000 - val_loss: 2.4687 - val_accuracy: 0.4000 - lr: 5.0000e-04
Epoch 13/30
2/2 [==============================] - 2s 865ms/step - loss: 2.4324 - accuracy: 0.2000 - val_loss: 2.3809 - val_accuracy: 0.4000 - lr: 5.0000e-04
Epoch 14/30
2/2 [==============================] - 2s 1s/step - loss: 2.3947 - accuracy: 0.2833 - val_loss: 2.3451 - val_accuracy: 0.4000 - lr: 5.0000e-04
Epoch 15/30
2/2 [==============================] - 2s 1s/step - loss: 2.3135 - accuracy: 0.4000 - val_loss: 2.3274 - val_accuracy: 0.2000 - lr: 5.0000e-04
Epoch 16/30
2/2 [==============================] - 2s 1s/step - loss: 2.3397 - accuracy: 0.2167 - val_loss: 2.3153 - val_accuracy: 0.2000 - lr: 5.0000e-04
Epoch 17/30
2/2 [==============================] - 2s 1s/step - loss: 2.3070 - accuracy: 0.2833 - val_loss: 2.2523 - val_accuracy: 0.2000 - lr: 5.0000e-04
Epoch 18/30
2/2 [==============================] - 2s 893ms/step - loss: 2.1477 - accuracy: 0.3667 - val_loss: 2.1780 - val_accuracy: 0.4000 - lr: 5.0000e-04
Epoch 19/30
2/2 [==============================] - 2s 1s/step - loss: 2.2682 - accuracy: 0.3500 - val_loss: 2.1312 - val_accuracy: 0.4000 - lr: 5.0000e-04
Epoch 20/30
2/2 [==============================] - 2s 1s/step - loss: 2.1709 - accuracy: 0.3167 - val_loss: 2.1337 - val_accuracy: 0.4000 - lr: 5.0000e-04
1/1 [==============================] - 0s 186ms/step - loss: 2.3549 - accuracy: 0.1429
Found 60 images belonging to 6 classes.
Found 5 images belonging to 6 classes.
Found 7 images belonging to 6 classes.
Epoch 1/10
2/2 [==============================] - 3s 1s/step - loss: 3.1391 - accuracy: 0.1333 - val_loss: 3.1331 - val_accuracy: 0.2000 - lr: 5.0000e-04
Epoch 2/10
2/2 [==============================] - 2s 1s/step - loss: 2.9111 - accuracy: 0.2667 - val_loss: 2.8219 - val_accuracy: 0.2000 - lr: 5.0000e-04
Epoch 3/10
2/2 [==============================] - 2s 875ms/step - loss: 2.8700 - accuracy: 0.2000 - val_loss: 2.7240 - val_accuracy: 0.2000 - lr: 5.0000e-04
Epoch 4/10
2/2 [==============================] - 2s 1s/step - loss: 2.7919 - accuracy: 0.2000 - val_loss: 2.6804 - val_accuracy: 0.2000 - lr: 5.0000e-04
Epoch 5/10
2/2 [==============================] - 2s 891ms/step - loss: 2.7270 - accuracy: 0.1333 - val_loss: 2.6271 - val_accuracy: 0.2000 - lr: 5.0000e-04
Epoch 6/10
2/2 [==============================] - 2s 876ms/step - loss: 2.6661 - accuracy: 0.1667 - val_loss: 2.6050 - val_accuracy: 0.0000e+00 - lr: 5.0000e-04
Epoch 7/10
2/2 [==============================] - 2s 846ms/step - loss: 2.6108 - accuracy: 0.2167 - val_loss: 2.5646 - val_accuracy: 0.2000 - lr: 5.0000e-04
Epoch 8/10
2/2 [==============================] - 2s 847ms/step - loss: 2.5569 - accuracy: 0.2500 - val_loss: 2.4992 - val_accuracy: 0.2000 - lr: 5.0000e-04
Epoch 9/10
2/2 [==============================] - 2s 1s/step - loss: 2.5362 - accuracy: 0.1500 - val_loss: 2.4176 - val_accuracy: 0.4000 - lr: 5.0000e-04
Epoch 10/10
2/2 [==============================] - 2s 851ms/step - loss: 2.4668 - accuracy: 0.2167 - val_loss: 2.3029 - val_accuracy: 0.4000 - lr: 5.0000e-04
1/1 [==============================] - 0s 157ms/step - loss: 2.4589 - accuracy: 0.4286
Found 60 images belonging to 6 classes.
Found 5 images belonging to 6 classes.
Found 7 images belonging to 6 classes.
Epoch 1/30
2/2 [==============================] - 3s 1s/step - loss: 3.1224 - accuracy: 0.2000 - val_loss: 2.8937 - val_accuracy: 0.4000 - lr: 5.0000e-04
Epoch 2/30
2/2 [==============================] - 2s 894ms/step - loss: 3.0014 - accuracy: 0.1667 - val_loss: 2.8155 - val_accuracy: 0.4000 - lr: 5.0000e-04
Epoch 3/30
2/2 [==============================] - 2s 929ms/step - loss: 2.8478 - accuracy: 0.1667 - val_loss: 2.7324 - val_accuracy: 0.4000 - lr: 5.0000e-04
Epoch 4/30
2/2 [==============================] - 2s 1s/step - loss: 2.7753 - accuracy: 0.2333 - val_loss: 2.6740 - val_accuracy: 0.4000 - lr: 5.0000e-04
Epoch 5/30
2/2 [==============================] - 2s 997ms/step - loss: 2.6928 - accuracy: 0.2167 - val_loss: 2.6238 - val_accuracy: 0.4000 - lr: 5.0000e-04
Epoch 6/30
2/2 [==============================] - 2s 986ms/step - loss: 2.6460 - accuracy: 0.1667 - val_loss: 2.5958 - val_accuracy: 0.4000 - lr: 5.0000e-04
Epoch 7/30
2/2 [==============================] - 2s 832ms/step - loss: 2.5995 - accuracy: 0.2333 - val_loss: 2.5755 - val_accuracy: 0.4000 - lr: 5.0000e-04
Epoch 8/30
2/2 [==============================] - 2s 980ms/step - loss: 2.5194 - accuracy: 0.3167 - val_loss: 2.5284 - val_accuracy: 0.4000 - lr: 5.0000e-04
Epoch 9/30
2/2 [==============================] - 2s 1s/step - loss: 2.4846 - accuracy: 0.3000 - val_loss: 2.4981 - val_accuracy: 0.4000 - lr: 5.0000e-04
Epoch 10/30
2/2 [==============================] - 2s 912ms/step - loss: 2.4795 - accuracy: 0.2833 - val_loss: 2.3802 - val_accuracy: 0.4000 - lr: 5.0000e-04
Epoch 11/30
2/2 [==============================] - 2s 958ms/step - loss: 2.4329 - accuracy: 0.2833 - val_loss: 2.2111 - val_accuracy: 0.6000 - lr: 5.0000e-04
Epoch 12/30
2/2 [==============================] - 2s 883ms/step - loss: 2.3411 - accuracy: 0.2833 - val_loss: 2.0920 - val_accuracy: 0.6000 - lr: 5.0000e-04
Epoch 13/30
2/2 [==============================] - 2s 805ms/step - loss: 2.3539 - accuracy: 0.2833 - val_loss: 2.0815 - val_accuracy: 0.6000 - lr: 5.0000e-04
Epoch 14/30
2/2 [==============================] - 2s 1s/step - loss: 2.3203 - accuracy: 0.2667 - val_loss: 2.0976 - val_accuracy: 0.6000 - lr: 5.0000e-04
1/1 [==============================] - 0s 151ms/step - loss: 2.3432 - accuracy: 0.4286
Found 60 images belonging to 6 classes.
Found 5 images belonging to 6 classes.
Found 7 images belonging to 6 classes.
Epoch 1/10
2/2 [==============================] - 3s 1s/step - loss: 3.1456 - accuracy: 0.1667 - val_loss: 2.9053 - val_accuracy: 0.4000 - lr: 5.0000e-04
Epoch 2/10
2/2 [==============================] - 2s 808ms/step - loss: 2.9895 - accuracy: 0.2833 - val_loss: 2.8995 - val_accuracy: 0.2000 - lr: 5.0000e-04
Epoch 3/10
2/2 [==============================] - 2s 992ms/step - loss: 2.8599 - accuracy: 0.1500 - val_loss: 2.7970 - val_accuracy: 0.0000e+00 - lr: 5.0000e-04
Epoch 4/10
2/2 [==============================] - 2s 1s/step - loss: 2.7731 - accuracy: 0.1667 - val_loss: 2.7157 - val_accuracy: 0.2000 - lr: 5.0000e-04
Epoch 5/10
2/2 [==============================] - 2s 959ms/step - loss: 2.7129 - accuracy: 0.1667 - val_loss: 2.6527 - val_accuracy: 0.2000 - lr: 5.0000e-04
Epoch 6/10
2/2 [==============================] - 2s 843ms/step - loss: 2.6451 - accuracy: 0.2167 - val_loss: 2.5969 - val_accuracy: 0.0000e+00 - lr: 5.0000e-04
Epoch 7/10
2/2 [==============================] - 2s 873ms/step - loss: 2.5835 - accuracy: 0.3333 - val_loss: 2.5371 - val_accuracy: 0.2000 - lr: 5.0000e-04
Epoch 8/10
2/2 [==============================] - 2s 839ms/step - loss: 2.5379 - accuracy: 0.2167 - val_loss: 2.4720 - val_accuracy: 0.4000 - lr: 5.0000e-04
Epoch 9/10
2/2 [==============================] - 2s 836ms/step - loss: 2.4894 - accuracy: 0.2000 - val_loss: 2.3967 - val_accuracy: 0.2000 - lr: 5.0000e-04
Epoch 10/10
2/2 [==============================] - 2s 830ms/step - loss: 2.4672 - accuracy: 0.2667 - val_loss: 2.3353 - val_accuracy: 0.2000 - lr: 5.0000e-04
1/1 [==============================] - 0s 161ms/step - loss: 2.4530 - accuracy: 0.2857
Found 60 images belonging to 6 classes.
Found 5 images belonging to 6 classes.
Found 7 images belonging to 6 classes.
Epoch 1/30
2/2 [==============================] - 3s 1s/step - loss: 3.4241 - accuracy: 0.1333 - val_loss: 3.2920 - val_accuracy: 0.2000 - lr: 5.0000e-04
Epoch 2/30
2/2 [==============================] - 2s 1s/step - loss: 3.0072 - accuracy: 0.1500 - val_loss: 3.1735 - val_accuracy: 0.0000e+00 - lr: 5.0000e-04
Epoch 3/30
2/2 [==============================] - 2s 866ms/step - loss: 2.8990 - accuracy: 0.2333 - val_loss: 2.8932 - val_accuracy: 0.0000e+00 - lr: 5.0000e-04
Epoch 4/30
2/2 [==============================] - 2s 893ms/step - loss: 2.8012 - accuracy: 0.2500 - val_loss: 2.7634 - val_accuracy: 0.0000e+00 - lr: 5.0000e-04
Epoch 5/30
2/2 [==============================] - 2s 1s/step - loss: 2.7141 - accuracy: 0.2500 - val_loss: 2.6973 - val_accuracy: 0.0000e+00 - lr: 5.0000e-04
Epoch 6/30
2/2 [==============================] - 2s 1s/step - loss: 2.6576 - accuracy: 0.1833 - val_loss: 2.6434 - val_accuracy: 0.0000e+00 - lr: 5.0000e-04
Epoch 7/30
2/2 [==============================] - 2s 989ms/step - loss: 2.6066 - accuracy: 0.1833 - val_loss: 2.6034 - val_accuracy: 0.0000e+00 - lr: 5.0000e-04
Epoch 8/30
2/2 [==============================] - 2s 1s/step - loss: 2.5625 - accuracy: 0.2167 - val_loss: 2.5712 - val_accuracy: 0.0000e+00 - lr: 5.0000e-04
Epoch 9/30
2/2 [==============================] - 2s 857ms/step - loss: 2.5233 - accuracy: 0.2667 - val_loss: 2.5437 - val_accuracy: 0.0000e+00 - lr: 5.0000e-04
Epoch 10/30
2/2 [==============================] - 2s 852ms/step - loss: 2.4936 - accuracy: 0.2167 - val_loss: 2.5047 - val_accuracy: 0.0000e+00 - lr: 5.0000e-04
Epoch 11/30
2/2 [==============================] - 2s 884ms/step - loss: 2.4442 - accuracy: 0.2333 - val_loss: 2.4782 - val_accuracy: 0.2000 - lr: 5.0000e-04
Epoch 12/30
2/2 [==============================] - 2s 1s/step - loss: 2.4131 - accuracy: 0.2000 - val_loss: 2.4667 - val_accuracy: 0.2000 - lr: 5.0000e-04
Epoch 13/30
2/2 [==============================] - 2s 1s/step - loss: 2.3961 - accuracy: 0.1833 - val_loss: 2.4162 - val_accuracy: 0.2000 - lr: 5.0000e-04
Epoch 14/30
2/2 [==============================] - 2s 864ms/step - loss: 2.3393 - accuracy: 0.2333 - val_loss: 2.3912 - val_accuracy: 0.2000 - lr: 5.0000e-04
Epoch 15/30
2/2 [==============================] - 2s 1s/step - loss: 2.2901 - accuracy: 0.2833 - val_loss: 2.3925 - val_accuracy: 0.4000 - lr: 5.0000e-04
1/1 [==============================] - 0s 176ms/step - loss: 2.3842 - accuracy: 0.2857
Found 60 images belonging to 6 classes.
Found 5 images belonging to 6 classes.
Found 7 images belonging to 6 classes.
Epoch 1/10
2/2 [==============================] - 3s 1s/step - loss: 3.1928 - accuracy: 0.1167 - val_loss: 2.9850 - val_accuracy: 0.2000 - lr: 5.0000e-04
Epoch 2/10
2/2 [==============================] - 2s 1s/step - loss: 2.9504 - accuracy: 0.2333 - val_loss: 2.9748 - val_accuracy: 0.0000e+00 - lr: 5.0000e-04
Epoch 3/10
2/2 [==============================] - 2s 947ms/step - loss: 2.8571 - accuracy: 0.1833 - val_loss: 2.8182 - val_accuracy: 0.0000e+00 - lr: 5.0000e-04
Epoch 4/10
2/2 [==============================] - 2s 1s/step - loss: 2.7892 - accuracy: 0.1000 - val_loss: 2.7172 - val_accuracy: 0.2000 - lr: 5.0000e-04
Epoch 5/10
2/2 [==============================] - 2s 1s/step - loss: 2.6904 - accuracy: 0.1667 - val_loss: 2.6466 - val_accuracy: 0.2000 - lr: 5.0000e-04
Epoch 6/10
2/2 [==============================] - 2s 1s/step - loss: 2.6204 - accuracy: 0.2833 - val_loss: 2.5795 - val_accuracy: 0.2000 - lr: 5.0000e-04
Epoch 7/10
2/2 [==============================] - 2s 902ms/step - loss: 2.5683 - accuracy: 0.1667 - val_loss: 2.5082 - val_accuracy: 0.4000 - lr: 5.0000e-04
Epoch 8/10
2/2 [==============================] - 2s 908ms/step - loss: 2.5080 - accuracy: 0.3000 - val_loss: 2.4439 - val_accuracy: 0.2000 - lr: 5.0000e-04
Epoch 9/10
2/2 [==============================] - 2s 1s/step - loss: 2.4652 - accuracy: 0.3000 - val_loss: 2.3784 - val_accuracy: 0.2000 - lr: 5.0000e-04
Epoch 10/10
2/2 [==============================] - 2s 897ms/step - loss: 2.4015 - accuracy: 0.2667 - val_loss: 2.3249 - val_accuracy: 0.2000 - lr: 5.0000e-04
1/1 [==============================] - 0s 148ms/step - loss: 2.3582 - accuracy: 0.1429
Found 60 images belonging to 6 classes.
Found 5 images belonging to 6 classes.
Found 7 images belonging to 6 classes.
Epoch 1/30
2/2 [==============================] - 3s 1s/step - loss: 3.1120 - accuracy: 0.1500 - val_loss: 2.8392 - val_accuracy: 0.4000 - lr: 5.0000e-04
Epoch 2/30
2/2 [==============================] - 2s 907ms/step - loss: 2.9789 - accuracy: 0.2000 - val_loss: 2.8198 - val_accuracy: 0.2000 - lr: 5.0000e-04
Epoch 3/30
2/2 [==============================] - 2s 863ms/step - loss: 2.8323 - accuracy: 0.2500 - val_loss: 2.7418 - val_accuracy: 0.4000 - lr: 5.0000e-04
Epoch 4/30
2/2 [==============================] - 2s 1s/step - loss: 2.7765 - accuracy: 0.2333 - val_loss: 2.6920 - val_accuracy: 0.2000 - lr: 5.0000e-04
Epoch 5/30
2/2 [==============================] - 2s 831ms/step - loss: 2.6984 - accuracy: 0.1333 - val_loss: 2.6340 - val_accuracy: 0.4000 - lr: 5.0000e-04
Epoch 6/30
2/2 [==============================] - 2s 876ms/step - loss: 2.6518 - accuracy: 0.1667 - val_loss: 2.5574 - val_accuracy: 0.4000 - lr: 5.0000e-04
Epoch 7/30
2/2 [==============================] - 2s 875ms/step - loss: 2.5473 - accuracy: 0.2667 - val_loss: 2.4718 - val_accuracy: 0.4000 - lr: 5.0000e-04
Epoch 8/30
2/2 [==============================] - 2s 958ms/step - loss: 2.5277 - accuracy: 0.2500 - val_loss: 2.3994 - val_accuracy: 0.2000 - lr: 5.0000e-04
Epoch 9/30
2/2 [==============================] - 2s 882ms/step - loss: 2.4517 - accuracy: 0.2500 - val_loss: 2.3458 - val_accuracy: 0.2000 - lr: 5.0000e-04
Epoch 10/30
2/2 [==============================] - 2s 1s/step - loss: 2.4155 - accuracy: 0.2500 - val_loss: 2.3161 - val_accuracy: 0.2000 - lr: 5.0000e-04
Epoch 11/30
2/2 [==============================] - 2s 881ms/step - loss: 2.3730 - accuracy: 0.3167 - val_loss: 2.2561 - val_accuracy: 0.2000 - lr: 5.0000e-04
Epoch 12/30
2/2 [==============================] - 3s 2s/step - loss: 2.3233 - accuracy: 0.3000 - val_loss: 2.1512 - val_accuracy: 0.4000 - lr: 5.0000e-04
Epoch 13/30
2/2 [==============================] - 2s 850ms/step - loss: 2.2542 - accuracy: 0.3000 - val_loss: 2.0335 - val_accuracy: 0.4000 - lr: 5.0000e-04
Epoch 14/30
2/2 [==============================] - 2s 849ms/step - loss: 2.2579 - accuracy: 0.4500 - val_loss: 1.9858 - val_accuracy: 0.4000 - lr: 5.0000e-04
Epoch 15/30
2/2 [==============================] - 2s 1s/step - loss: 2.1307 - accuracy: 0.4000 - val_loss: 1.8566 - val_accuracy: 0.4000 - lr: 5.0000e-04
Epoch 16/30
2/2 [==============================] - 2s 914ms/step - loss: 2.2316 - accuracy: 0.3000 - val_loss: 1.9032 - val_accuracy: 0.4000 - lr: 5.0000e-04
1/1 [==============================] - 0s 165ms/step - loss: 2.1672 - accuracy: 0.1429
Found 60 images belonging to 6 classes.
Found 5 images belonging to 6 classes.
Found 7 images belonging to 6 classes.
Epoch 1/10
2/2 [==============================] - 2s 992ms/step - loss: 2.9649 - accuracy: 0.1167 - val_loss: 2.8248 - val_accuracy: 0.2000 - lr: 5.0000e-04
Epoch 2/10
2/2 [==============================] - 1s 604ms/step - loss: 2.8452 - accuracy: 0.1833 - val_loss: 2.7131 - val_accuracy: 0.2000 - lr: 5.0000e-04
Epoch 3/10
2/2 [==============================] - 2s 659ms/step - loss: 2.7817 - accuracy: 0.2167 - val_loss: 2.6523 - val_accuracy: 0.2000 - lr: 5.0000e-04
Epoch 4/10
2/2 [==============================] - 2s 744ms/step - loss: 2.6826 - accuracy: 0.1500 - val_loss: 2.6033 - val_accuracy: 0.2000 - lr: 5.0000e-04
Epoch 5/10
2/2 [==============================] - 2s 771ms/step - loss: 2.6158 - accuracy: 0.2333 - val_loss: 2.5687 - val_accuracy: 0.0000e+00 - lr: 5.0000e-04
Epoch 6/10
2/2 [==============================] - 1s 765ms/step - loss: 2.5506 - accuracy: 0.2333 - val_loss: 2.5250 - val_accuracy: 0.0000e+00 - lr: 5.0000e-04
Epoch 7/10
2/2 [==============================] - 2s 757ms/step - loss: 2.5183 - accuracy: 0.1833 - val_loss: 2.4564 - val_accuracy: 0.0000e+00 - lr: 5.0000e-04
Epoch 8/10
2/2 [==============================] - 2s 670ms/step - loss: 2.4657 - accuracy: 0.2000 - val_loss: 2.3928 - val_accuracy: 0.2000 - lr: 5.0000e-04
Epoch 9/10
2/2 [==============================] - 2s 754ms/step - loss: 2.4281 - accuracy: 0.2167 - val_loss: 2.3391 - val_accuracy: 0.4000 - lr: 5.0000e-04
Epoch 10/10
2/2 [==============================] - 2s 761ms/step - loss: 2.3700 - accuracy: 0.3333 - val_loss: 2.3377 - val_accuracy: 0.2000 - lr: 5.0000e-04
1/1 [==============================] - 0s 133ms/step - loss: 2.3616 - accuracy: 0.1429
Found 60 images belonging to 6 classes.
Found 5 images belonging to 6 classes.
Found 7 images belonging to 6 classes.
Epoch 1/30
2/2 [==============================] - 3s 1s/step - loss: 2.9705 - accuracy: 0.1667 - val_loss: 2.9242 - val_accuracy: 0.2000 - lr: 5.0000e-04
Epoch 2/30
2/2 [==============================] - 2s 765ms/step - loss: 2.9020 - accuracy: 0.1500 - val_loss: 2.8232 - val_accuracy: 0.2000 - lr: 5.0000e-04
Epoch 3/30
2/2 [==============================] - 2s 781ms/step - loss: 2.7753 - accuracy: 0.2000 - val_loss: 2.7405 - val_accuracy: 0.4000 - lr: 5.0000e-04
Epoch 4/30
2/2 [==============================] - 2s 665ms/step - loss: 2.6902 - accuracy: 0.2333 - val_loss: 2.6592 - val_accuracy: 0.2000 - lr: 5.0000e-04
Epoch 5/30
2/2 [==============================] - 2s 824ms/step - loss: 2.6555 - accuracy: 0.1667 - val_loss: 2.5906 - val_accuracy: 0.2000 - lr: 5.0000e-04
Epoch 6/30
2/2 [==============================] - 2s 809ms/step - loss: 2.6104 - accuracy: 0.2333 - val_loss: 2.5216 - val_accuracy: 0.4000 - lr: 5.0000e-04
Epoch 7/30
2/2 [==============================] - 2s 640ms/step - loss: 2.5671 - accuracy: 0.2333 - val_loss: 2.4533 - val_accuracy: 0.2000 - lr: 5.0000e-04
Epoch 8/30
2/2 [==============================] - 1s 642ms/step - loss: 2.4924 - accuracy: 0.3167 - val_loss: 2.3865 - val_accuracy: 0.4000 - lr: 5.0000e-04
Epoch 9/30
2/2 [==============================] - 2s 657ms/step - loss: 2.4917 - accuracy: 0.3167 - val_loss: 2.3324 - val_accuracy: 0.6000 - lr: 5.0000e-04
Epoch 10/30
2/2 [==============================] - 1s 632ms/step - loss: 2.4713 - accuracy: 0.2167 - val_loss: 2.3235 - val_accuracy: 0.6000 - lr: 5.0000e-04
Epoch 11/30
2/2 [==============================] - 1s 681ms/step - loss: 2.4212 - accuracy: 0.2333 - val_loss: 2.3092 - val_accuracy: 0.4000 - lr: 5.0000e-04
Epoch 12/30
2/2 [==============================] - 1s 729ms/step - loss: 2.4085 - accuracy: 0.2167 - val_loss: 2.2964 - val_accuracy: 0.4000 - lr: 5.0000e-04
Epoch 13/30
2/2 [==============================] - 2s 733ms/step - loss: 2.3687 - accuracy: 0.2667 - val_loss: 2.2977 - val_accuracy: 0.4000 - lr: 5.0000e-04
1/1 [==============================] - 0s 146ms/step - loss: 2.4636 - accuracy: 0.1429
Found 60 images belonging to 6 classes.
Found 5 images belonging to 6 classes.
Found 7 images belonging to 6 classes.
Epoch 1/10
2/2 [==============================] - 3s 917ms/step - loss: 2.9224 - accuracy: 0.1167 - val_loss: 2.8690 - val_accuracy: 0.0000e+00 - lr: 5.0000e-04
Epoch 2/10
2/2 [==============================] - 2s 743ms/step - loss: 2.9547 - accuracy: 0.1000 - val_loss: 2.8168 - val_accuracy: 0.2000 - lr: 5.0000e-04
Epoch 3/10
2/2 [==============================] - 2s 776ms/step - loss: 2.7794 - accuracy: 0.2667 - val_loss: 2.7806 - val_accuracy: 0.0000e+00 - lr: 5.0000e-04
Epoch 4/10
2/2 [==============================] - 2s 637ms/step - loss: 2.7004 - accuracy: 0.2167 - val_loss: 2.7105 - val_accuracy: 0.2000 - lr: 5.0000e-04
Epoch 5/10
2/2 [==============================] - 2s 635ms/step - loss: 2.6574 - accuracy: 0.1500 - val_loss: 2.6300 - val_accuracy: 0.2000 - lr: 5.0000e-04
Epoch 6/10
2/2 [==============================] - 1s 727ms/step - loss: 2.6043 - accuracy: 0.2000 - val_loss: 2.5715 - val_accuracy: 0.2000 - lr: 5.0000e-04
Epoch 7/10
2/2 [==============================] - 1s 606ms/step - loss: 2.5465 - accuracy: 0.2667 - val_loss: 2.5275 - val_accuracy: 0.2000 - lr: 5.0000e-04
Epoch 8/10
2/2 [==============================] - 2s 638ms/step - loss: 2.5129 - accuracy: 0.2000 - val_loss: 2.4841 - val_accuracy: 0.2000 - lr: 5.0000e-04
Epoch 9/10
2/2 [==============================] - 1s 644ms/step - loss: 2.4828 - accuracy: 0.2000 - val_loss: 2.4445 - val_accuracy: 0.2000 - lr: 5.0000e-04
Epoch 10/10
2/2 [==============================] - 1s 741ms/step - loss: 2.4283 - accuracy: 0.2333 - val_loss: 2.4133 - val_accuracy: 0.2000 - lr: 5.0000e-04
1/1 [==============================] - 0s 143ms/step - loss: 2.3949 - accuracy: 0.2857
Found 60 images belonging to 6 classes.
Found 5 images belonging to 6 classes.
Found 7 images belonging to 6 classes.
Epoch 1/30
2/2 [==============================] - 2s 893ms/step - loss: 2.9272 - accuracy: 0.2500 - val_loss: 2.9376 - val_accuracy: 0.2000 - lr: 5.0000e-04
Epoch 2/30
2/2 [==============================] - 1s 750ms/step - loss: 2.8729 - accuracy: 0.2000 - val_loss: 2.7033 - val_accuracy: 0.2000 - lr: 5.0000e-04
Epoch 3/30
2/2 [==============================] - 1s 751ms/step - loss: 2.8102 - accuracy: 0.2167 - val_loss: 2.7133 - val_accuracy: 0.2000 - lr: 5.0000e-04
1/1 [==============================] - 0s 132ms/step - loss: 2.5951 - accuracy: 0.2857
Found 60 images belonging to 6 classes.
Found 5 images belonging to 6 classes.
Found 7 images belonging to 6 classes.
Epoch 1/10
2/2 [==============================] - 2s 944ms/step - loss: 3.0087 - accuracy: 0.1500 - val_loss: 2.7312 - val_accuracy: 0.2000 - lr: 5.0000e-04
Epoch 2/10
2/2 [==============================] - 1s 623ms/step - loss: 2.9028 - accuracy: 0.1500 - val_loss: 2.7006 - val_accuracy: 0.2000 - lr: 5.0000e-04
Epoch 3/10
2/2 [==============================] - 1s 642ms/step - loss: 2.8077 - accuracy: 0.1833 - val_loss: 2.6131 - val_accuracy: 0.2000 - lr: 5.0000e-04
Epoch 4/10
2/2 [==============================] - 1s 714ms/step - loss: 2.7223 - accuracy: 0.2167 - val_loss: 2.6244 - val_accuracy: 0.2000 - lr: 5.0000e-04
1/1 [==============================] - 0s 145ms/step - loss: 2.6611 - accuracy: 0.1429
Found 60 images belonging to 6 classes.
Found 5 images belonging to 6 classes.
Found 7 images belonging to 6 classes.
Epoch 1/30
2/2 [==============================] - 2s 911ms/step - loss: 3.1664 - accuracy: 0.1667 - val_loss: 3.0017 - val_accuracy: 0.0000e+00 - lr: 5.0000e-04
Epoch 2/30
2/2 [==============================] - 1s 638ms/step - loss: 2.8484 - accuracy: 0.1167 - val_loss: 2.8090 - val_accuracy: 0.2000 - lr: 5.0000e-04
Epoch 3/30
2/2 [==============================] - 1s 622ms/step - loss: 2.8558 - accuracy: 0.2167 - val_loss: 2.6946 - val_accuracy: 0.2000 - lr: 5.0000e-04
Epoch 4/30
2/2 [==============================] - 1s 662ms/step - loss: 2.7777 - accuracy: 0.1667 - val_loss: 2.6798 - val_accuracy: 0.4000 - lr: 5.0000e-04
Epoch 5/30
2/2 [==============================] - 1s 712ms/step - loss: 2.7018 - accuracy: 0.1833 - val_loss: 2.6538 - val_accuracy: 0.4000 - lr: 5.0000e-04
Epoch 6/30
2/2 [==============================] - 1s 646ms/step - loss: 2.6556 - accuracy: 0.0833 - val_loss: 2.6416 - val_accuracy: 0.2000 - lr: 5.0000e-04
Epoch 7/30
2/2 [==============================] - 1s 760ms/step - loss: 2.6067 - accuracy: 0.2333 - val_loss: 2.6148 - val_accuracy: 0.2000 - lr: 5.0000e-04
Epoch 8/30
2/2 [==============================] - 1s 743ms/step - loss: 2.5977 - accuracy: 0.1500 - val_loss: 2.5877 - val_accuracy: 0.2000 - lr: 5.0000e-04
Epoch 9/30
2/2 [==============================] - 1s 727ms/step - loss: 2.5678 - accuracy: 0.1833 - val_loss: 2.5566 - val_accuracy: 0.4000 - lr: 5.0000e-04
Epoch 10/30
2/2 [==============================] - 1s 621ms/step - loss: 2.5077 - accuracy: 0.2500 - val_loss: 2.5360 - val_accuracy: 0.2000 - lr: 5.0000e-04
Epoch 11/30
2/2 [==============================] - 1s 636ms/step - loss: 2.4940 - accuracy: 0.3333 - val_loss: 2.5266 - val_accuracy: 0.2000 - lr: 5.0000e-04
Epoch 12/30
2/2 [==============================] - 1s 642ms/step - loss: 2.4864 - accuracy: 0.1833 - val_loss: 2.5066 - val_accuracy: 0.2000 - lr: 5.0000e-04
Epoch 13/30
2/2 [==============================] - 1s 623ms/step - loss: 2.4165 - accuracy: 0.4000 - val_loss: 2.4833 - val_accuracy: 0.2000 - lr: 5.0000e-04
Epoch 14/30
2/2 [==============================] - 1s 734ms/step - loss: 2.4585 - accuracy: 0.2500 - val_loss: 2.4603 - val_accuracy: 0.2000 - lr: 5.0000e-04
Epoch 15/30
2/2 [==============================] - 1s 650ms/step - loss: 2.3896 - accuracy: 0.1833 - val_loss: 2.4053 - val_accuracy: 0.2000 - lr: 5.0000e-04
Epoch 16/30
2/2 [==============================] - 1s 688ms/step - loss: 2.3472 - accuracy: 0.2833 - val_loss: 2.3188 - val_accuracy: 0.4000 - lr: 5.0000e-04
Epoch 17/30
2/2 [==============================] - 1s 600ms/step - loss: 2.3178 - accuracy: 0.2833 - val_loss: 2.2173 - val_accuracy: 0.4000 - lr: 5.0000e-04
Epoch 18/30
2/2 [==============================] - 1s 629ms/step - loss: 2.3164 - accuracy: 0.3833 - val_loss: 2.0934 - val_accuracy: 0.4000 - lr: 5.0000e-04
Epoch 19/30
2/2 [==============================] - 1s 707ms/step - loss: 2.3016 - accuracy: 0.3333 - val_loss: 2.0594 - val_accuracy: 0.4000 - lr: 5.0000e-04
Epoch 20/30
2/2 [==============================] - 1s 686ms/step - loss: 2.3210 - accuracy: 0.2167 - val_loss: 2.0632 - val_accuracy: 0.4000 - lr: 5.0000e-04
1/1 [==============================] - 0s 128ms/step - loss: 2.3374 - accuracy: 0.2857
Found 60 images belonging to 6 classes.
Found 5 images belonging to 6 classes.
Found 7 images belonging to 6 classes.
Epoch 1/10
2/2 [==============================] - 3s 1s/step - loss: 2.9661 - accuracy: 0.1500 - val_loss: 2.6883 - val_accuracy: 0.2000 - lr: 5.0000e-04
Epoch 2/10
2/2 [==============================] - 1s 767ms/step - loss: 2.8611 - accuracy: 0.1167 - val_loss: 2.6994 - val_accuracy: 0.2000 - lr: 5.0000e-04
1/1 [==============================] - 0s 119ms/step - loss: 2.6662 - accuracy: 0.5714
Found 60 images belonging to 6 classes.
Found 5 images belonging to 6 classes.
Found 7 images belonging to 6 classes.
Epoch 1/30
2/2 [==============================] - 2s 896ms/step - loss: 2.9294 - accuracy: 0.1333 - val_loss: 2.9058 - val_accuracy: 0.0000e+00 - lr: 5.0000e-04
Epoch 2/30
2/2 [==============================] - 1s 631ms/step - loss: 2.8538 - accuracy: 0.1500 - val_loss: 2.7880 - val_accuracy: 0.2000 - lr: 5.0000e-04
Epoch 3/30
2/2 [==============================] - 1s 752ms/step - loss: 2.7851 - accuracy: 0.1000 - val_loss: 2.7102 - val_accuracy: 0.2000 - lr: 5.0000e-04
Epoch 4/30
2/2 [==============================] - 1s 727ms/step - loss: 2.6898 - accuracy: 0.2167 - val_loss: 2.6201 - val_accuracy: 0.2000 - lr: 5.0000e-04
Epoch 5/30
2/2 [==============================] - 1s 747ms/step - loss: 2.6509 - accuracy: 0.2667 - val_loss: 2.5692 - val_accuracy: 0.2000 - lr: 5.0000e-04
Epoch 6/30
2/2 [==============================] - 1s 628ms/step - loss: 2.5966 - accuracy: 0.2500 - val_loss: 2.5286 - val_accuracy: 0.4000 - lr: 5.0000e-04
Epoch 7/30
2/2 [==============================] - 2s 651ms/step - loss: 2.5536 - accuracy: 0.1833 - val_loss: 2.4875 - val_accuracy: 0.2000 - lr: 5.0000e-04
Epoch 8/30
2/2 [==============================] - 2s 780ms/step - loss: 2.5410 - accuracy: 0.2167 - val_loss: 2.4488 - val_accuracy: 0.2000 - lr: 5.0000e-04
Epoch 9/30
2/2 [==============================] - 1s 632ms/step - loss: 2.4975 - accuracy: 0.2500 - val_loss: 2.4129 - val_accuracy: 0.4000 - lr: 5.0000e-04
Epoch 10/30
2/2 [==============================] - 1s 659ms/step - loss: 2.4499 - accuracy: 0.2333 - val_loss: 2.3719 - val_accuracy: 0.4000 - lr: 5.0000e-04
Epoch 11/30
2/2 [==============================] - 1s 777ms/step - loss: 2.3803 - accuracy: 0.3833 - val_loss: 2.3017 - val_accuracy: 0.4000 - lr: 5.0000e-04
Epoch 12/30
2/2 [==============================] - 1s 752ms/step - loss: 2.4211 - accuracy: 0.2333 - val_loss: 2.2514 - val_accuracy: 0.4000 - lr: 5.0000e-04
Epoch 13/30
2/2 [==============================] - 2s 629ms/step - loss: 2.3603 - accuracy: 0.2500 - val_loss: 2.2298 - val_accuracy: 0.4000 - lr: 5.0000e-04
Epoch 14/30
2/2 [==============================] - 2s 879ms/step - loss: 2.3314 - accuracy: 0.2333 - val_loss: 2.2235 - val_accuracy: 0.6000 - lr: 5.0000e-04
Epoch 15/30
2/2 [==============================] - 1s 727ms/step - loss: 2.2677 - accuracy: 0.2667 - val_loss: 2.1830 - val_accuracy: 0.6000 - lr: 5.0000e-04
Epoch 16/30
2/2 [==============================] - 1s 650ms/step - loss: 2.2664 - accuracy: 0.3500 - val_loss: 2.1804 - val_accuracy: 0.6000 - lr: 5.0000e-04
Epoch 17/30
2/2 [==============================] - 1s 618ms/step - loss: 2.2872 - accuracy: 0.2500 - val_loss: 2.1137 - val_accuracy: 0.6000 - lr: 5.0000e-04
Epoch 18/30
2/2 [==============================] - 2s 784ms/step - loss: 2.1775 - accuracy: 0.3500 - val_loss: 2.0027 - val_accuracy: 0.6000 - lr: 5.0000e-04
Epoch 19/30
2/2 [==============================] - 1s 720ms/step - loss: 2.2497 - accuracy: 0.2333 - val_loss: 1.9449 - val_accuracy: 0.6000 - lr: 5.0000e-04
Epoch 20/30
2/2 [==============================] - 2s 790ms/step - loss: 2.2992 - accuracy: 0.2167 - val_loss: 2.0889 - val_accuracy: 0.4000 - lr: 5.0000e-04
1/1 [==============================] - 0s 127ms/step - loss: 2.1418 - accuracy: 0.2857
Found 60 images belonging to 6 classes.
Found 5 images belonging to 6 classes.
Found 7 images belonging to 6 classes.
Epoch 1/10
2/2 [==============================] - 3s 1s/step - loss: 3.1334 - accuracy: 0.2000 - val_loss: 3.0820 - val_accuracy: 0.2000 - lr: 5.0000e-04
Epoch 2/10
2/2 [==============================] - 2s 1s/step - loss: 2.9436 - accuracy: 0.1667 - val_loss: 2.9302 - val_accuracy: 0.2000 - lr: 5.0000e-04
Epoch 3/10
2/2 [==============================] - 2s 844ms/step - loss: 2.8600 - accuracy: 0.2167 - val_loss: 2.7789 - val_accuracy: 0.2000 - lr: 5.0000e-04
Epoch 4/10
2/2 [==============================] - 2s 813ms/step - loss: 2.7594 - accuracy: 0.2500 - val_loss: 2.7169 - val_accuracy: 0.2000 - lr: 5.0000e-04
Epoch 5/10
2/2 [==============================] - 2s 826ms/step - loss: 2.7237 - accuracy: 0.2000 - val_loss: 2.6727 - val_accuracy: 0.4000 - lr: 5.0000e-04
Epoch 6/10
2/2 [==============================] - 2s 835ms/step - loss: 2.6515 - accuracy: 0.2167 - val_loss: 2.6313 - val_accuracy: 0.4000 - lr: 5.0000e-04
Epoch 7/10
2/2 [==============================] - 2s 870ms/step - loss: 2.6230 - accuracy: 0.3000 - val_loss: 2.6058 - val_accuracy: 0.4000 - lr: 5.0000e-04
Epoch 8/10
2/2 [==============================] - 2s 838ms/step - loss: 2.5773 - accuracy: 0.2167 - val_loss: 2.5685 - val_accuracy: 0.2000 - lr: 5.0000e-04
Epoch 9/10
2/2 [==============================] - 2s 850ms/step - loss: 2.4885 - accuracy: 0.3833 - val_loss: 2.5273 - val_accuracy: 0.4000 - lr: 5.0000e-04
Epoch 10/10
2/2 [==============================] - 2s 815ms/step - loss: 2.4903 - accuracy: 0.2667 - val_loss: 2.4767 - val_accuracy: 0.4000 - lr: 5.0000e-04
1/1 [==============================] - 0s 161ms/step - loss: 2.6250 - accuracy: 0.1429
Found 60 images belonging to 6 classes.
Found 5 images belonging to 6 classes.
Found 7 images belonging to 6 classes.
Epoch 1/30
2/2 [==============================] - 3s 1s/step - loss: 3.1565 - accuracy: 0.1333 - val_loss: 3.0997 - val_accuracy: 0.0000e+00 - lr: 5.0000e-04
Epoch 2/30
2/2 [==============================] - 2s 879ms/step - loss: 2.9824 - accuracy: 0.1833 - val_loss: 2.9214 - val_accuracy: 0.4000 - lr: 5.0000e-04
Epoch 3/30
2/2 [==============================] - 2s 868ms/step - loss: 2.8300 - accuracy: 0.2000 - val_loss: 2.8135 - val_accuracy: 0.2000 - lr: 5.0000e-04
Epoch 4/30
2/2 [==============================] - 2s 859ms/step - loss: 2.7830 - accuracy: 0.1833 - val_loss: 2.7473 - val_accuracy: 0.0000e+00 - lr: 5.0000e-04
Epoch 5/30
2/2 [==============================] - 2s 879ms/step - loss: 2.7152 - accuracy: 0.2167 - val_loss: 2.6793 - val_accuracy: 0.0000e+00 - lr: 5.0000e-04
Epoch 6/30
2/2 [==============================] - 2s 1s/step - loss: 2.6480 - accuracy: 0.2500 - val_loss: 2.6310 - val_accuracy: 0.2000 - lr: 5.0000e-04
Epoch 7/30
2/2 [==============================] - 2s 848ms/step - loss: 2.6184 - accuracy: 0.2333 - val_loss: 2.5894 - val_accuracy: 0.0000e+00 - lr: 5.0000e-04
Epoch 8/30
2/2 [==============================] - 2s 891ms/step - loss: 2.5677 - accuracy: 0.2833 - val_loss: 2.5613 - val_accuracy: 0.0000e+00 - lr: 5.0000e-04
Epoch 9/30
2/2 [==============================] - 2s 850ms/step - loss: 2.5224 - accuracy: 0.2667 - val_loss: 2.5430 - val_accuracy: 0.0000e+00 - lr: 5.0000e-04
Epoch 10/30
2/2 [==============================] - 2s 800ms/step - loss: 2.4870 - accuracy: 0.2667 - val_loss: 2.5306 - val_accuracy: 0.0000e+00 - lr: 5.0000e-04
Epoch 11/30
2/2 [==============================] - 2s 920ms/step - loss: 2.5040 - accuracy: 0.1667 - val_loss: 2.4860 - val_accuracy: 0.0000e+00 - lr: 5.0000e-04
Epoch 12/30
2/2 [==============================] - 2s 884ms/step - loss: 2.4537 - accuracy: 0.2833 - val_loss: 2.4426 - val_accuracy: 0.2000 - lr: 5.0000e-04
Epoch 13/30
2/2 [==============================] - 2s 1s/step - loss: 2.3926 - accuracy: 0.2500 - val_loss: 2.3897 - val_accuracy: 0.2000 - lr: 5.0000e-04
Epoch 14/30
2/2 [==============================] - 2s 988ms/step - loss: 2.3941 - accuracy: 0.3000 - val_loss: 2.3124 - val_accuracy: 0.4000 - lr: 5.0000e-04
Epoch 15/30
2/2 [==============================] - 2s 1s/step - loss: 2.3554 - accuracy: 0.2833 - val_loss: 2.2929 - val_accuracy: 0.4000 - lr: 5.0000e-04
Epoch 16/30
2/2 [==============================] - 2s 885ms/step - loss: 2.3539 - accuracy: 0.2000 - val_loss: 2.3101 - val_accuracy: 0.2000 - lr: 5.0000e-04
1/1 [==============================] - 0s 148ms/step - loss: 2.3436 - accuracy: 0.5714
Found 60 images belonging to 6 classes.
Found 5 images belonging to 6 classes.
Found 7 images belonging to 6 classes.
Epoch 1/10
2/2 [==============================] - 3s 1s/step - loss: 3.1886 - accuracy: 0.0833 - val_loss: 2.7700 - val_accuracy: 0.4000 - lr: 5.0000e-04
Epoch 2/10
2/2 [==============================] - 2s 872ms/step - loss: 2.9115 - accuracy: 0.2167 - val_loss: 2.7674 - val_accuracy: 0.2000 - lr: 5.0000e-04
Epoch 3/10
2/2 [==============================] - 2s 1s/step - loss: 2.8586 - accuracy: 0.2000 - val_loss: 2.7457 - val_accuracy: 0.0000e+00 - lr: 5.0000e-04
Epoch 4/10
2/2 [==============================] - 2s 950ms/step - loss: 2.7434 - accuracy: 0.1833 - val_loss: 2.7011 - val_accuracy: 0.0000e+00 - lr: 5.0000e-04
Epoch 5/10
2/2 [==============================] - 2s 841ms/step - loss: 2.6779 - accuracy: 0.2667 - val_loss: 2.6468 - val_accuracy: 0.0000e+00 - lr: 5.0000e-04
Epoch 6/10
2/2 [==============================] - 2s 883ms/step - loss: 2.6054 - accuracy: 0.2667 - val_loss: 2.6374 - val_accuracy: 0.0000e+00 - lr: 5.0000e-04
Epoch 7/10
2/2 [==============================] - 2s 859ms/step - loss: 2.5818 - accuracy: 0.1667 - val_loss: 2.6394 - val_accuracy: 0.0000e+00 - lr: 5.0000e-04
1/1 [==============================] - 0s 211ms/step - loss: 2.6194 - accuracy: 0.0000e+00
Found 60 images belonging to 6 classes.
Found 5 images belonging to 6 classes.
Found 7 images belonging to 6 classes.
Epoch 1/30
2/2 [==============================] - 3s 1s/step - loss: 3.1474 - accuracy: 0.1333 - val_loss: 2.7986 - val_accuracy: 0.4000 - lr: 5.0000e-04
Epoch 2/30
2/2 [==============================] - 2s 959ms/step - loss: 3.0126 - accuracy: 0.1833 - val_loss: 2.6938 - val_accuracy: 0.4000 - lr: 5.0000e-04
Epoch 3/30
2/2 [==============================] - 2s 877ms/step - loss: 2.8389 - accuracy: 0.2333 - val_loss: 2.7740 - val_accuracy: 0.2000 - lr: 5.0000e-04
1/1 [==============================] - 0s 151ms/step - loss: 2.7761 - accuracy: 0.2857
Found 60 images belonging to 6 classes.
Found 5 images belonging to 6 classes.
Found 7 images belonging to 6 classes.
Epoch 1/10
2/2 [==============================] - 3s 1s/step - loss: 3.2163 - accuracy: 0.2000 - val_loss: 2.9515 - val_accuracy: 0.2000 - lr: 5.0000e-04
Epoch 2/10
2/2 [==============================] - 2s 1s/step - loss: 2.9387 - accuracy: 0.2000 - val_loss: 2.8650 - val_accuracy: 0.2000 - lr: 5.0000e-04
Epoch 3/10
2/2 [==============================] - 2s 1s/step - loss: 2.8577 - accuracy: 0.2000 - val_loss: 2.7838 - val_accuracy: 0.2000 - lr: 5.0000e-04
Epoch 4/10
2/2 [==============================] - 2s 839ms/step - loss: 2.7612 - accuracy: 0.1667 - val_loss: 2.7158 - val_accuracy: 0.2000 - lr: 5.0000e-04
Epoch 5/10
2/2 [==============================] - 2s 880ms/step - loss: 2.6848 - accuracy: 0.2500 - val_loss: 2.6500 - val_accuracy: 0.2000 - lr: 5.0000e-04
Epoch 6/10
2/2 [==============================] - 2s 983ms/step - loss: 2.6357 - accuracy: 0.1667 - val_loss: 2.5941 - val_accuracy: 0.2000 - lr: 5.0000e-04
Epoch 7/10
2/2 [==============================] - 2s 1s/step - loss: 2.5982 - accuracy: 0.1667 - val_loss: 2.5443 - val_accuracy: 0.2000 - lr: 5.0000e-04
Epoch 8/10
2/2 [==============================] - 2s 892ms/step - loss: 2.5150 - accuracy: 0.3500 - val_loss: 2.4926 - val_accuracy: 0.2000 - lr: 5.0000e-04
Epoch 9/10
2/2 [==============================] - 2s 864ms/step - loss: 2.4839 - accuracy: 0.3000 - val_loss: 2.4304 - val_accuracy: 0.2000 - lr: 5.0000e-04
Epoch 10/10
2/2 [==============================] - 2s 1s/step - loss: 2.4705 - accuracy: 0.2833 - val_loss: 2.3578 - val_accuracy: 0.2000 - lr: 5.0000e-04
1/1 [==============================] - 0s 172ms/step - loss: 2.3741 - accuracy: 0.0000e+00
Found 60 images belonging to 6 classes.
Found 5 images belonging to 6 classes.
Found 7 images belonging to 6 classes.
Epoch 1/30
2/2 [==============================] - 3s 1s/step - loss: 3.0814 - accuracy: 0.1000 - val_loss: 2.9073 - val_accuracy: 0.2000 - lr: 5.0000e-04
Epoch 2/30
2/2 [==============================] - 2s 928ms/step - loss: 2.9077 - accuracy: 0.1833 - val_loss: 2.7574 - val_accuracy: 0.2000 - lr: 5.0000e-04
Epoch 3/30
2/2 [==============================] - 2s 1s/step - loss: 2.8826 - accuracy: 0.1167 - val_loss: 2.7054 - val_accuracy: 0.4000 - lr: 5.0000e-04
Epoch 4/30
2/2 [==============================] - 2s 890ms/step - loss: 2.7432 - accuracy: 0.2333 - val_loss: 2.6592 - val_accuracy: 0.2000 - lr: 5.0000e-04
Epoch 5/30
2/2 [==============================] - 2s 937ms/step - loss: 2.6623 - accuracy: 0.3167 - val_loss: 2.5969 - val_accuracy: 0.4000 - lr: 5.0000e-04
Epoch 6/30
2/2 [==============================] - 2s 1s/step - loss: 2.6553 - accuracy: 0.2167 - val_loss: 2.5413 - val_accuracy: 0.4000 - lr: 5.0000e-04
Epoch 7/30
2/2 [==============================] - 2s 910ms/step - loss: 2.5892 - accuracy: 0.2000 - val_loss: 2.4963 - val_accuracy: 0.4000 - lr: 5.0000e-04
Epoch 8/30
2/2 [==============================] - 2s 1s/step - loss: 2.5321 - accuracy: 0.2667 - val_loss: 2.4650 - val_accuracy: 0.4000 - lr: 5.0000e-04
Epoch 9/30
2/2 [==============================] - 2s 938ms/step - loss: 2.4989 - accuracy: 0.2500 - val_loss: 2.4436 - val_accuracy: 0.4000 - lr: 5.0000e-04
Epoch 10/30
2/2 [==============================] - 2s 1s/step - loss: 2.4845 - accuracy: 0.1833 - val_loss: 2.3908 - val_accuracy: 0.6000 - lr: 5.0000e-04
Epoch 11/30
2/2 [==============================] - 2s 1s/step - loss: 2.4626 - accuracy: 0.2333 - val_loss: 2.3545 - val_accuracy: 0.2000 - lr: 5.0000e-04
Epoch 12/30
2/2 [==============================] - 2s 917ms/step - loss: 2.4717 - accuracy: 0.2333 - val_loss: 2.2679 - val_accuracy: 0.6000 - lr: 5.0000e-04
Epoch 13/30
2/2 [==============================] - 2s 911ms/step - loss: 2.3882 - accuracy: 0.2667 - val_loss: 2.2025 - val_accuracy: 0.4000 - lr: 5.0000e-04
Epoch 14/30
2/2 [==============================] - 2s 874ms/step - loss: 2.3575 - accuracy: 0.2667 - val_loss: 2.1714 - val_accuracy: 0.4000 - lr: 5.0000e-04
Epoch 15/30
2/2 [==============================] - 2s 883ms/step - loss: 2.3335 - accuracy: 0.2167 - val_loss: 2.1505 - val_accuracy: 0.4000 - lr: 5.0000e-04
Epoch 16/30
2/2 [==============================] - 2s 868ms/step - loss: 2.2837 - accuracy: 0.3500 - val_loss: 2.1125 - val_accuracy: 0.4000 - lr: 5.0000e-04
Epoch 17/30
2/2 [==============================] - 2s 1s/step - loss: 2.2646 - accuracy: 0.2333 - val_loss: 2.1307 - val_accuracy: 0.4000 - lr: 5.0000e-04
1/1 [==============================] - 0s 158ms/step - loss: 2.3216 - accuracy: 0.1429
Found 60 images belonging to 6 classes.
Found 5 images belonging to 6 classes.
Found 7 images belonging to 6 classes.
Epoch 1/10
2/2 [==============================] - 4s 1s/step - loss: 3.0639 - accuracy: 0.1667 - val_loss: 2.9118 - val_accuracy: 0.4000 - lr: 5.0000e-04
Epoch 2/10
2/2 [==============================] - 2s 842ms/step - loss: 2.9872 - accuracy: 0.1000 - val_loss: 2.7685 - val_accuracy: 0.4000 - lr: 5.0000e-04
Epoch 3/10
2/2 [==============================] - 2s 874ms/step - loss: 2.8440 - accuracy: 0.2167 - val_loss: 2.7461 - val_accuracy: 0.0000e+00 - lr: 5.0000e-04
Epoch 4/10
2/2 [==============================] - 2s 860ms/step - loss: 2.7356 - accuracy: 0.2833 - val_loss: 2.6932 - val_accuracy: 0.0000e+00 - lr: 5.0000e-04
Epoch 5/10
2/2 [==============================] - 2s 829ms/step - loss: 2.6742 - accuracy: 0.2500 - val_loss: 2.6335 - val_accuracy: 0.2000 - lr: 5.0000e-04
Epoch 6/10
2/2 [==============================] - 2s 883ms/step - loss: 2.6044 - accuracy: 0.2167 - val_loss: 2.5775 - val_accuracy: 0.2000 - lr: 5.0000e-04
Epoch 7/10
2/2 [==============================] - 2s 991ms/step - loss: 2.5318 - accuracy: 0.2167 - val_loss: 2.5270 - val_accuracy: 0.2000 - lr: 5.0000e-04
Epoch 8/10
2/2 [==============================] - 2s 1s/step - loss: 2.4570 - accuracy: 0.2500 - val_loss: 2.5027 - val_accuracy: 0.2000 - lr: 5.0000e-04
Epoch 9/10
2/2 [==============================] - 2s 867ms/step - loss: 2.5062 - accuracy: 0.2667 - val_loss: 2.4718 - val_accuracy: 0.0000e+00 - lr: 5.0000e-04
Epoch 10/10
2/2 [==============================] - 2s 1s/step - loss: 2.4464 - accuracy: 0.2333 - val_loss: 2.4377 - val_accuracy: 0.2000 - lr: 5.0000e-04
1/1 [==============================] - 0s 160ms/step - loss: 2.3578 - accuracy: 0.4286
Found 60 images belonging to 6 classes.
Found 5 images belonging to 6 classes.
Found 7 images belonging to 6 classes.
Epoch 1/30
2/2 [==============================] - 3s 1s/step - loss: 3.0598 - accuracy: 0.2000 - val_loss: 2.9972 - val_accuracy: 0.2000 - lr: 5.0000e-04
Epoch 2/30
2/2 [==============================] - 2s 808ms/step - loss: 3.0366 - accuracy: 0.2667 - val_loss: 2.7888 - val_accuracy: 0.2000 - lr: 5.0000e-04
Epoch 3/30
2/2 [==============================] - 2s 959ms/step - loss: 2.8944 - accuracy: 0.0833 - val_loss: 2.8240 - val_accuracy: 0.2000 - lr: 5.0000e-04
1/1 [==============================] - 0s 153ms/step - loss: 2.8817 - accuracy: 0.1429

Process finished with exit code 0
