C:\Users\tom.zbc\PycharmProjects\fungis_bacterias_project\.venv\Scripts\python.exe C:\Users\tom.zbc\PycharmProjects\fungis_bacterias_project\epoch.py
Class 'Aero' meets the sample requirement.
Class 'Bacillus' meets the sample requirement.
Class 'Bor' meets the sample requirement.
Class 'E' meets the sample requirement.
Class 'Morganella' meets the sample requirement.
Class 'stapholococcus' meets the sample requirement.
Data check passed for directory: 'C:/Users/tom.zbc/PycharmProjects/fungis_bacterias_project/data/train'
Class 'Aero' meets the sample requirement.
Warning: Class 'Bacillus' has only 0 samples, expected at least 2.
Warning: Class 'Bor' has only 1 samples, expected at least 2.
Warning: Class 'E' has only 0 samples, expected at least 2.
Warning: Class 'Morganella' has only 1 samples, expected at least 2.
Warning: Class 'stapholococcus' has only 1 samples, expected at least 2.
Data check passed for directory: 'C:/Users/tom.zbc/PycharmProjects/fungis_bacterias_project/data/validation'
Class 'Aero' meets the sample requirement.
Warning: Class 'Bacillus' has only 1 samples, expected at least 2.
Warning: Class 'Bor' has only 0 samples, expected at least 2.
Warning: Class 'E' has only 0 samples, expected at least 2.
Warning: Class 'Morganella' has only 1 samples, expected at least 2.
Class 'stapholococcus' meets the sample requirement.
Data check passed for directory: 'C:/Users/tom.zbc/PycharmProjects/fungis_bacterias_project/data/test'
Found 60 images belonging to 6 classes.
Found 5 images belonging to 6 classes.
Found 7 images belonging to 6 classes.
2024-09-26 19:57:05.772503: I tensorflow/core/platform/cpu_feature_guard.cc:182] This TensorFlow binary is optimized to use available CPU instructions in performance-critical operations.
To enable the following instructions: SSE SSE2 SSE3 SSE4.1 SSE4.2 AVX AVX2 AVX_VNNI FMA, in other operations, rebuild TensorFlow with the appropriate compiler flags.
Epoch 1/10
2/2 [==============================] - ETA: 0s - loss: 7.2040 - accuracy: 0.2167C:\Users\tom.zbc\PycharmProjects\fungis_bacterias_project\.venv\lib\site-packages\keras\src\engine\training.py:3000: UserWarning: You are saving your model as an HDF5 file via `model.save()`. This file format is considered legacy. We recommend using instead the native Keras format, e.g. `model.save('my_model.keras')`.
  saving_api.save_model(
2/2 [==============================] - 2s 871ms/step - loss: 7.2040 - accuracy: 0.2167 - val_loss: 6.4161 - val_accuracy: 0.2000 - lr: 5.0000e-04
Epoch 2/10
2/2 [==============================] - 1s 755ms/step - loss: 6.1832 - accuracy: 0.0667 - val_loss: 5.4131 - val_accuracy: 0.0000e+00 - lr: 5.0000e-04
Epoch 3/10
2/2 [==============================] - 1s 753ms/step - loss: 5.3154 - accuracy: 0.1167 - val_loss: 4.6980 - val_accuracy: 0.2000 - lr: 5.0000e-04
Epoch 4/10
2/2 [==============================] - 1s 736ms/step - loss: 4.6505 - accuracy: 0.2333 - val_loss: 4.2062 - val_accuracy: 0.4000 - lr: 5.0000e-04
Epoch 5/10
2/2 [==============================] - 1s 759ms/step - loss: 4.1255 - accuracy: 0.3000 - val_loss: 3.8261 - val_accuracy: 0.4000 - lr: 5.0000e-04
Epoch 6/10
2/2 [==============================] - 1s 761ms/step - loss: 3.7654 - accuracy: 0.2167 - val_loss: 3.5311 - val_accuracy: 0.2000 - lr: 5.0000e-04
Epoch 7/10
2/2 [==============================] - 1s 678ms/step - loss: 3.4615 - accuracy: 0.2000 - val_loss: 3.2715 - val_accuracy: 0.2000 - lr: 5.0000e-04
Epoch 8/10
2/2 [==============================] - 1s 801ms/step - loss: 3.2464 - accuracy: 0.2167 - val_loss: 3.0950 - val_accuracy: 0.2000 - lr: 5.0000e-04
Epoch 9/10
2/2 [==============================] - 1s 755ms/step - loss: 3.0358 - accuracy: 0.3833 - val_loss: 2.9335 - val_accuracy: 0.2000 - lr: 5.0000e-04
Epoch 10/10
2/2 [==============================] - 1s 749ms/step - loss: 2.9684 - accuracy: 0.1333 - val_loss: 2.8046 - val_accuracy: 0.2000 - lr: 5.0000e-04
1/1 [==============================] - 0s 83ms/step - loss: 2.7069 - accuracy: 0.2857
Found 60 images belonging to 6 classes.
Found 5 images belonging to 6 classes.
Found 7 images belonging to 6 classes.
Epoch 1/15
2/2 [==============================] - ETA: 0s - loss: 7.2844 - accuracy: 0.1167C:\Users\tom.zbc\PycharmProjects\fungis_bacterias_project\.venv\lib\site-packages\keras\src\engine\training.py:3000: UserWarning: You are saving your model as an HDF5 file via `model.save()`. This file format is considered legacy. We recommend using instead the native Keras format, e.g. `model.save('my_model.keras')`.
  saving_api.save_model(
2/2 [==============================] - 2s 882ms/step - loss: 7.2844 - accuracy: 0.1167 - val_loss: 6.3455 - val_accuracy: 0.0000e+00 - lr: 5.0000e-04
Epoch 2/15
2/2 [==============================] - 1s 773ms/step - loss: 6.6615 - accuracy: 0.0833 - val_loss: 5.4869 - val_accuracy: 0.2000 - lr: 5.0000e-04
Epoch 3/15
2/2 [==============================] - 1s 708ms/step - loss: 5.9190 - accuracy: 0.1500 - val_loss: 5.3704 - val_accuracy: 0.0000e+00 - lr: 5.0000e-04
Epoch 4/15
2/2 [==============================] - 1s 754ms/step - loss: 5.2297 - accuracy: 0.1667 - val_loss: 5.0434 - val_accuracy: 0.0000e+00 - lr: 5.0000e-04
Epoch 5/15
2/2 [==============================] - 1s 691ms/step - loss: 4.7157 - accuracy: 0.2333 - val_loss: 4.5607 - val_accuracy: 0.2000 - lr: 5.0000e-04
Epoch 6/15
2/2 [==============================] - 1s 710ms/step - loss: 4.3986 - accuracy: 0.2833 - val_loss: 4.1792 - val_accuracy: 0.2000 - lr: 5.0000e-04
Epoch 7/15
2/2 [==============================] - 1s 792ms/step - loss: 4.1140 - accuracy: 0.2167 - val_loss: 3.9163 - val_accuracy: 0.0000e+00 - lr: 5.0000e-04
Epoch 8/15
2/2 [==============================] - 1s 737ms/step - loss: 3.8475 - accuracy: 0.3333 - val_loss: 3.7252 - val_accuracy: 0.4000 - lr: 5.0000e-04
Epoch 9/15
2/2 [==============================] - 1s 697ms/step - loss: 3.7102 - accuracy: 0.2500 - val_loss: 3.5385 - val_accuracy: 0.4000 - lr: 5.0000e-04
Epoch 10/15
2/2 [==============================] - 1s 681ms/step - loss: 3.5753 - accuracy: 0.2000 - val_loss: 3.3721 - val_accuracy: 0.4000 - lr: 5.0000e-04
Epoch 11/15
2/2 [==============================] - 1s 711ms/step - loss: 3.4535 - accuracy: 0.2500 - val_loss: 3.2380 - val_accuracy: 0.4000 - lr: 5.0000e-04
Epoch 12/15
2/2 [==============================] - 1s 784ms/step - loss: 3.3264 - accuracy: 0.3000 - val_loss: 3.1453 - val_accuracy: 0.2000 - lr: 5.0000e-04
Epoch 13/15
2/2 [==============================] - 1s 753ms/step - loss: 3.2342 - accuracy: 0.2333 - val_loss: 3.0932 - val_accuracy: 0.4000 - lr: 5.0000e-04
Epoch 14/15
2/2 [==============================] - 1s 713ms/step - loss: 3.1432 - accuracy: 0.2833 - val_loss: 3.0578 - val_accuracy: 0.4000 - lr: 5.0000e-04
Epoch 15/15
2/2 [==============================] - 1s 809ms/step - loss: 3.0214 - accuracy: 0.3500 - val_loss: 2.9919 - val_accuracy: 0.2000 - lr: 5.0000e-04
1/1 [==============================] - 0s 88ms/step - loss: 3.1372 - accuracy: 0.0000e+00
Found 60 images belonging to 6 classes.
Found 5 images belonging to 6 classes.
Found 7 images belonging to 6 classes.
Epoch 1/10
2/2 [==============================] - ETA: 0s - loss: 7.3802 - accuracy: 0.1000C:\Users\tom.zbc\PycharmProjects\fungis_bacterias_project\.venv\lib\site-packages\keras\src\engine\training.py:3000: UserWarning: You are saving your model as an HDF5 file via `model.save()`. This file format is considered legacy. We recommend using instead the native Keras format, e.g. `model.save('my_model.keras')`.
  saving_api.save_model(
2/2 [==============================] - 2s 818ms/step - loss: 7.3802 - accuracy: 0.1000 - val_loss: 6.3662 - val_accuracy: 0.4000 - lr: 5.0000e-04
Epoch 2/10
2/2 [==============================] - 1s 682ms/step - loss: 6.5922 - accuracy: 0.2667 - val_loss: 5.6533 - val_accuracy: 0.2000 - lr: 5.0000e-04
Epoch 3/10
2/2 [==============================] - 1s 765ms/step - loss: 5.8714 - accuracy: 0.2333 - val_loss: 5.1981 - val_accuracy: 0.4000 - lr: 5.0000e-04
Epoch 4/10
2/2 [==============================] - 1s 716ms/step - loss: 5.4681 - accuracy: 0.3000 - val_loss: 4.8734 - val_accuracy: 0.4000 - lr: 5.0000e-04
Epoch 5/10
2/2 [==============================] - 1s 752ms/step - loss: 4.8436 - accuracy: 0.1833 - val_loss: 4.5801 - val_accuracy: 0.4000 - lr: 5.0000e-04
Epoch 6/10
2/2 [==============================] - 1s 711ms/step - loss: 4.5272 - accuracy: 0.1833 - val_loss: 4.3178 - val_accuracy: 0.4000 - lr: 5.0000e-04
Epoch 7/10
2/2 [==============================] - 1s 729ms/step - loss: 4.2492 - accuracy: 0.2000 - val_loss: 4.0869 - val_accuracy: 0.2000 - lr: 5.0000e-04
Epoch 8/10
2/2 [==============================] - 1s 702ms/step - loss: 4.0439 - accuracy: 0.2667 - val_loss: 3.9028 - val_accuracy: 0.2000 - lr: 5.0000e-04
Epoch 9/10
2/2 [==============================] - 1s 680ms/step - loss: 3.8673 - accuracy: 0.1833 - val_loss: 3.7459 - val_accuracy: 0.2000 - lr: 5.0000e-04
Epoch 10/10
2/2 [==============================] - 1s 745ms/step - loss: 3.7051 - accuracy: 0.1667 - val_loss: 3.6064 - val_accuracy: 0.2000 - lr: 5.0000e-04
1/1 [==============================] - 0s 84ms/step - loss: 3.6376 - accuracy: 0.0000e+00
Found 60 images belonging to 6 classes.
Found 5 images belonging to 6 classes.
Found 7 images belonging to 6 classes.
Epoch 1/15
2/2 [==============================] - ETA: 0s - loss: 7.2002 - accuracy: 0.1333C:\Users\tom.zbc\PycharmProjects\fungis_bacterias_project\.venv\lib\site-packages\keras\src\engine\training.py:3000: UserWarning: You are saving your model as an HDF5 file via `model.save()`. This file format is considered legacy. We recommend using instead the native Keras format, e.g. `model.save('my_model.keras')`.
  saving_api.save_model(
2/2 [==============================] - 2s 887ms/step - loss: 7.2002 - accuracy: 0.1333 - val_loss: 6.7184 - val_accuracy: 0.2000 - lr: 5.0000e-04
Epoch 2/15
2/2 [==============================] - 1s 720ms/step - loss: 6.4510 - accuracy: 0.2167 - val_loss: 5.8497 - val_accuracy: 0.4000 - lr: 5.0000e-04
Epoch 3/15
2/2 [==============================] - 1s 740ms/step - loss: 5.7872 - accuracy: 0.1667 - val_loss: 5.1851 - val_accuracy: 0.4000 - lr: 5.0000e-04
Epoch 4/15
2/2 [==============================] - 1s 727ms/step - loss: 5.2067 - accuracy: 0.1500 - val_loss: 4.8122 - val_accuracy: 0.2000 - lr: 5.0000e-04
Epoch 5/15
2/2 [==============================] - 1s 800ms/step - loss: 4.7258 - accuracy: 0.2000 - val_loss: 4.4865 - val_accuracy: 0.2000 - lr: 5.0000e-04
Epoch 6/15
2/2 [==============================] - 1s 711ms/step - loss: 4.3427 - accuracy: 0.3167 - val_loss: 4.2067 - val_accuracy: 0.2000 - lr: 5.0000e-04
Epoch 7/15
2/2 [==============================] - 1s 680ms/step - loss: 4.1069 - accuracy: 0.2000 - val_loss: 3.9607 - val_accuracy: 0.4000 - lr: 5.0000e-04
Epoch 8/15
2/2 [==============================] - 1s 719ms/step - loss: 3.8800 - accuracy: 0.2833 - val_loss: 3.7674 - val_accuracy: 0.2000 - lr: 5.0000e-04
Epoch 9/15
2/2 [==============================] - 1s 705ms/step - loss: 3.7252 - accuracy: 0.2000 - val_loss: 3.5963 - val_accuracy: 0.2000 - lr: 5.0000e-04
Epoch 10/15
2/2 [==============================] - 1s 777ms/step - loss: 3.5631 - accuracy: 0.2000 - val_loss: 3.4384 - val_accuracy: 0.4000 - lr: 5.0000e-04
Epoch 11/15
2/2 [==============================] - 1s 726ms/step - loss: 3.4363 - accuracy: 0.3000 - val_loss: 3.2864 - val_accuracy: 0.6000 - lr: 5.0000e-04
Epoch 12/15
2/2 [==============================] - 1s 684ms/step - loss: 3.2885 - accuracy: 0.3167 - val_loss: 3.1465 - val_accuracy: 0.4000 - lr: 5.0000e-04
Epoch 13/15
2/2 [==============================] - 1s 768ms/step - loss: 3.2240 - accuracy: 0.3333 - val_loss: 2.9938 - val_accuracy: 0.6000 - lr: 5.0000e-04
Epoch 14/15
2/2 [==============================] - 1s 707ms/step - loss: 3.0586 - accuracy: 0.3333 - val_loss: 2.8824 - val_accuracy: 0.4000 - lr: 5.0000e-04
Epoch 15/15
2/2 [==============================] - 1s 747ms/step - loss: 2.9606 - accuracy: 0.3833 - val_loss: 2.8029 - val_accuracy: 0.4000 - lr: 5.0000e-04
1/1 [==============================] - 0s 92ms/step - loss: 3.1082 - accuracy: 0.0000e+00
Found 60 images belonging to 6 classes.
Found 5 images belonging to 6 classes.
Found 7 images belonging to 6 classes.
Epoch 1/10
2/2 [==============================] - ETA: 0s - loss: 7.6586 - accuracy: 0.1333C:\Users\tom.zbc\PycharmProjects\fungis_bacterias_project\.venv\lib\site-packages\keras\src\engine\training.py:3000: UserWarning: You are saving your model as an HDF5 file via `model.save()`. This file format is considered legacy. We recommend using instead the native Keras format, e.g. `model.save('my_model.keras')`.
  saving_api.save_model(
2/2 [==============================] - 2s 875ms/step - loss: 7.6586 - accuracy: 0.1333 - val_loss: 7.0767 - val_accuracy: 0.2000 - lr: 5.0000e-04
Epoch 2/10
2/2 [==============================] - 1s 745ms/step - loss: 6.6498 - accuracy: 0.1333 - val_loss: 5.5976 - val_accuracy: 0.4000 - lr: 5.0000e-04
Epoch 3/10
2/2 [==============================] - 1s 702ms/step - loss: 6.0290 - accuracy: 0.1333 - val_loss: 4.8723 - val_accuracy: 0.4000 - lr: 5.0000e-04
Epoch 4/10
2/2 [==============================] - 1s 694ms/step - loss: 5.2370 - accuracy: 0.2000 - val_loss: 4.5320 - val_accuracy: 0.4000 - lr: 5.0000e-04
Epoch 5/10
2/2 [==============================] - 1s 685ms/step - loss: 4.7130 - accuracy: 0.2000 - val_loss: 4.3001 - val_accuracy: 0.6000 - lr: 5.0000e-04
Epoch 6/10
2/2 [==============================] - 1s 793ms/step - loss: 4.3461 - accuracy: 0.2000 - val_loss: 4.1071 - val_accuracy: 0.4000 - lr: 5.0000e-04
Epoch 7/10
2/2 [==============================] - 1s 665ms/step - loss: 4.1339 - accuracy: 0.2000 - val_loss: 3.9633 - val_accuracy: 0.4000 - lr: 5.0000e-04
Epoch 8/10
2/2 [==============================] - 1s 752ms/step - loss: 3.9629 - accuracy: 0.2333 - val_loss: 3.8401 - val_accuracy: 0.2000 - lr: 5.0000e-04
Epoch 9/10
2/2 [==============================] - 1s 758ms/step - loss: 3.7802 - accuracy: 0.2333 - val_loss: 3.7303 - val_accuracy: 0.2000 - lr: 5.0000e-04
Epoch 10/10
2/2 [==============================] - 1s 768ms/step - loss: 3.6907 - accuracy: 0.2167 - val_loss: 3.6203 - val_accuracy: 0.2000 - lr: 5.0000e-04
1/1 [==============================] - 0s 92ms/step - loss: 3.6566 - accuracy: 0.1429
Found 60 images belonging to 6 classes.
Found 5 images belonging to 6 classes.
Found 7 images belonging to 6 classes.
Epoch 1/15
2/2 [==============================] - ETA: 0s - loss: 7.3238 - accuracy: 0.1667C:\Users\tom.zbc\PycharmProjects\fungis_bacterias_project\.venv\lib\site-packages\keras\src\engine\training.py:3000: UserWarning: You are saving your model as an HDF5 file via `model.save()`. This file format is considered legacy. We recommend using instead the native Keras format, e.g. `model.save('my_model.keras')`.
  saving_api.save_model(
2/2 [==============================] - 2s 884ms/step - loss: 7.3238 - accuracy: 0.1667 - val_loss: 6.4060 - val_accuracy: 0.2000 - lr: 5.0000e-04
Epoch 2/15
2/2 [==============================] - 1s 719ms/step - loss: 6.2289 - accuracy: 0.1500 - val_loss: 5.8394 - val_accuracy: 0.0000e+00 - lr: 5.0000e-04
Epoch 3/15
2/2 [==============================] - 1s 717ms/step - loss: 5.5212 - accuracy: 0.1667 - val_loss: 5.1894 - val_accuracy: 0.0000e+00 - lr: 5.0000e-04
Epoch 4/15
2/2 [==============================] - 1s 754ms/step - loss: 4.9029 - accuracy: 0.1167 - val_loss: 4.5788 - val_accuracy: 0.0000e+00 - lr: 5.0000e-04
Epoch 5/15
2/2 [==============================] - 1s 726ms/step - loss: 4.3935 - accuracy: 0.2333 - val_loss: 4.1500 - val_accuracy: 0.0000e+00 - lr: 5.0000e-04
Epoch 6/15
2/2 [==============================] - 1s 703ms/step - loss: 4.0682 - accuracy: 0.2000 - val_loss: 3.8266 - val_accuracy: 0.2000 - lr: 5.0000e-04
Epoch 7/15
2/2 [==============================] - 1s 703ms/step - loss: 3.8191 - accuracy: 0.2667 - val_loss: 3.6056 - val_accuracy: 0.4000 - lr: 5.0000e-04
Epoch 8/15
2/2 [==============================] - 1s 737ms/step - loss: 3.5998 - accuracy: 0.2167 - val_loss: 3.4380 - val_accuracy: 0.4000 - lr: 5.0000e-04
Epoch 9/15
2/2 [==============================] - 1s 687ms/step - loss: 3.4691 - accuracy: 0.3000 - val_loss: 3.2927 - val_accuracy: 0.6000 - lr: 5.0000e-04
Epoch 10/15
2/2 [==============================] - 1s 745ms/step - loss: 3.3343 - accuracy: 0.2667 - val_loss: 3.1669 - val_accuracy: 0.4000 - lr: 5.0000e-04
Epoch 11/15
2/2 [==============================] - 1s 751ms/step - loss: 3.2582 - accuracy: 0.2167 - val_loss: 3.0756 - val_accuracy: 0.4000 - lr: 5.0000e-04
Epoch 12/15
2/2 [==============================] - 1s 674ms/step - loss: 3.1352 - accuracy: 0.3500 - val_loss: 2.9836 - val_accuracy: 0.4000 - lr: 5.0000e-04
Epoch 13/15
2/2 [==============================] - 1s 688ms/step - loss: 3.0500 - accuracy: 0.3333 - val_loss: 2.8490 - val_accuracy: 0.4000 - lr: 5.0000e-04
Epoch 14/15
2/2 [==============================] - 1s 698ms/step - loss: 2.8656 - accuracy: 0.4167 - val_loss: 2.7413 - val_accuracy: 0.4000 - lr: 5.0000e-04
Epoch 15/15
2/2 [==============================] - 1s 691ms/step - loss: 2.8523 - accuracy: 0.3167 - val_loss: 2.6653 - val_accuracy: 0.6000 - lr: 5.0000e-04
1/1 [==============================] - 0s 88ms/step - loss: 2.7499 - accuracy: 0.4286
Found 60 images belonging to 6 classes.
Found 5 images belonging to 6 classes.
Found 7 images belonging to 6 classes.
Epoch 1/10
2/2 [==============================] - ETA: 0s - loss: 7.6046 - accuracy: 0.1000C:\Users\tom.zbc\PycharmProjects\fungis_bacterias_project\.venv\lib\site-packages\keras\src\engine\training.py:3000: UserWarning: You are saving your model as an HDF5 file via `model.save()`. This file format is considered legacy. We recommend using instead the native Keras format, e.g. `model.save('my_model.keras')`.
  saving_api.save_model(
2/2 [==============================] - 2s 900ms/step - loss: 7.6046 - accuracy: 0.1000 - val_loss: 6.6200 - val_accuracy: 0.2000 - lr: 5.0000e-04
Epoch 2/10
2/2 [==============================] - 1s 750ms/step - loss: 6.4201 - accuracy: 0.2000 - val_loss: 5.7385 - val_accuracy: 0.4000 - lr: 5.0000e-04
Epoch 3/10
2/2 [==============================] - 1s 776ms/step - loss: 5.6135 - accuracy: 0.3500 - val_loss: 5.0869 - val_accuracy: 0.4000 - lr: 5.0000e-04
Epoch 4/10
2/2 [==============================] - 1s 741ms/step - loss: 5.2518 - accuracy: 0.2333 - val_loss: 4.6730 - val_accuracy: 0.4000 - lr: 5.0000e-04
Epoch 5/10
2/2 [==============================] - 1s 726ms/step - loss: 4.7627 - accuracy: 0.1833 - val_loss: 4.4348 - val_accuracy: 0.0000e+00 - lr: 5.0000e-04
Epoch 6/10
2/2 [==============================] - 1s 676ms/step - loss: 4.4982 - accuracy: 0.2167 - val_loss: 4.2275 - val_accuracy: 0.2000 - lr: 5.0000e-04
Epoch 7/10
2/2 [==============================] - 1s 758ms/step - loss: 4.1986 - accuracy: 0.1667 - val_loss: 4.0389 - val_accuracy: 0.2000 - lr: 5.0000e-04
Epoch 8/10
2/2 [==============================] - 1s 707ms/step - loss: 4.0156 - accuracy: 0.2333 - val_loss: 3.8812 - val_accuracy: 0.4000 - lr: 5.0000e-04
Epoch 9/10
2/2 [==============================] - 1s 689ms/step - loss: 3.8692 - accuracy: 0.1167 - val_loss: 3.7444 - val_accuracy: 0.4000 - lr: 5.0000e-04
Epoch 10/10
2/2 [==============================] - 1s 687ms/step - loss: 3.7349 - accuracy: 0.2000 - val_loss: 3.6234 - val_accuracy: 0.4000 - lr: 5.0000e-04
1/1 [==============================] - 0s 87ms/step - loss: 3.6125 - accuracy: 0.4286
Found 60 images belonging to 6 classes.
Found 5 images belonging to 6 classes.
Found 7 images belonging to 6 classes.
Epoch 1/15
2/2 [==============================] - ETA: 0s - loss: 7.4079 - accuracy: 0.1167C:\Users\tom.zbc\PycharmProjects\fungis_bacterias_project\.venv\lib\site-packages\keras\src\engine\training.py:3000: UserWarning: You are saving your model as an HDF5 file via `model.save()`. This file format is considered legacy. We recommend using instead the native Keras format, e.g. `model.save('my_model.keras')`.
  saving_api.save_model(
2/2 [==============================] - 2s 925ms/step - loss: 7.4079 - accuracy: 0.1167 - val_loss: 6.3749 - val_accuracy: 0.2000 - lr: 5.0000e-04
Epoch 2/15
2/2 [==============================] - 1s 771ms/step - loss: 6.1987 - accuracy: 0.2167 - val_loss: 5.5980 - val_accuracy: 0.2000 - lr: 5.0000e-04
Epoch 3/15
2/2 [==============================] - 1s 717ms/step - loss: 5.5292 - accuracy: 0.1833 - val_loss: 4.9033 - val_accuracy: 0.2000 - lr: 5.0000e-04
Epoch 4/15
2/2 [==============================] - 1s 696ms/step - loss: 4.9550 - accuracy: 0.1333 - val_loss: 4.3827 - val_accuracy: 0.2000 - lr: 5.0000e-04
Epoch 5/15
2/2 [==============================] - 1s 768ms/step - loss: 4.4539 - accuracy: 0.1333 - val_loss: 4.0467 - val_accuracy: 0.2000 - lr: 5.0000e-04
Epoch 6/15
2/2 [==============================] - 1s 721ms/step - loss: 4.1263 - accuracy: 0.1833 - val_loss: 3.7815 - val_accuracy: 0.2000 - lr: 5.0000e-04
Epoch 7/15
2/2 [==============================] - 1s 702ms/step - loss: 3.8657 - accuracy: 0.2167 - val_loss: 3.5818 - val_accuracy: 0.6000 - lr: 5.0000e-04
Epoch 8/15
2/2 [==============================] - 1s 794ms/step - loss: 3.6168 - accuracy: 0.2667 - val_loss: 3.4090 - val_accuracy: 0.6000 - lr: 5.0000e-04
Epoch 9/15
2/2 [==============================] - 1s 684ms/step - loss: 3.4789 - accuracy: 0.2000 - val_loss: 3.2668 - val_accuracy: 0.4000 - lr: 5.0000e-04
Epoch 10/15
2/2 [==============================] - 1s 770ms/step - loss: 3.3478 - accuracy: 0.2500 - val_loss: 3.1567 - val_accuracy: 0.8000 - lr: 5.0000e-04
Epoch 11/15
2/2 [==============================] - 1s 706ms/step - loss: 3.2458 - accuracy: 0.2833 - val_loss: 3.0512 - val_accuracy: 0.8000 - lr: 5.0000e-04
Epoch 12/15
2/2 [==============================] - 1s 765ms/step - loss: 3.2040 - accuracy: 0.1667 - val_loss: 2.9754 - val_accuracy: 0.6000 - lr: 5.0000e-04
Epoch 13/15
2/2 [==============================] - 1s 778ms/step - loss: 3.0863 - accuracy: 0.2500 - val_loss: 2.9070 - val_accuracy: 0.4000 - lr: 5.0000e-04
Epoch 14/15
2/2 [==============================] - 1s 733ms/step - loss: 3.0045 - accuracy: 0.2833 - val_loss: 2.7990 - val_accuracy: 0.6000 - lr: 5.0000e-04
Epoch 15/15
2/2 [==============================] - 1s 781ms/step - loss: 2.8999 - accuracy: 0.2500 - val_loss: 2.6965 - val_accuracy: 0.2000 - lr: 5.0000e-04
1/1 [==============================] - 0s 89ms/step - loss: 2.7389 - accuracy: 0.1429
Found 60 images belonging to 6 classes.
Found 5 images belonging to 6 classes.
Found 7 images belonging to 6 classes.
Epoch 1/10
2/2 [==============================] - ETA: 0s - loss: 7.8404 - accuracy: 0.1500C:\Users\tom.zbc\PycharmProjects\fungis_bacterias_project\.venv\lib\site-packages\keras\src\engine\training.py:3000: UserWarning: You are saving your model as an HDF5 file via `model.save()`. This file format is considered legacy. We recommend using instead the native Keras format, e.g. `model.save('my_model.keras')`.
  saving_api.save_model(
2/2 [==============================] - 2s 1s/step - loss: 7.8404 - accuracy: 0.1500 - val_loss: 6.3957 - val_accuracy: 0.4000 - lr: 5.0000e-04
Epoch 2/10
2/2 [==============================] - 2s 1s/step - loss: 6.6819 - accuracy: 0.1667 - val_loss: 5.5307 - val_accuracy: 0.0000e+00 - lr: 5.0000e-04
Epoch 3/10
2/2 [==============================] - 2s 1s/step - loss: 5.6630 - accuracy: 0.1000 - val_loss: 5.0665 - val_accuracy: 0.4000 - lr: 5.0000e-04
Epoch 4/10
2/2 [==============================] - 2s 1s/step - loss: 5.0069 - accuracy: 0.2000 - val_loss: 4.6937 - val_accuracy: 0.2000 - lr: 5.0000e-04
Epoch 5/10
2/2 [==============================] - 2s 1s/step - loss: 4.6053 - accuracy: 0.2167 - val_loss: 4.4081 - val_accuracy: 0.2000 - lr: 5.0000e-04
Epoch 6/10
2/2 [==============================] - 2s 1s/step - loss: 4.3495 - accuracy: 0.2000 - val_loss: 4.2028 - val_accuracy: 0.2000 - lr: 5.0000e-04
Epoch 7/10
2/2 [==============================] - 2s 1s/step - loss: 4.1634 - accuracy: 0.2000 - val_loss: 4.0338 - val_accuracy: 0.2000 - lr: 5.0000e-04
Epoch 8/10
2/2 [==============================] - 2s 1s/step - loss: 4.0081 - accuracy: 0.2000 - val_loss: 3.8776 - val_accuracy: 0.2000 - lr: 5.0000e-04
Epoch 9/10
2/2 [==============================] - 2s 1s/step - loss: 3.8761 - accuracy: 0.2333 - val_loss: 3.7208 - val_accuracy: 0.2000 - lr: 5.0000e-04
Epoch 10/10
2/2 [==============================] - 2s 1s/step - loss: 3.7447 - accuracy: 0.1833 - val_loss: 3.5912 - val_accuracy: 0.2000 - lr: 5.0000e-04
1/1 [==============================] - 0s 100ms/step - loss: 3.6121 - accuracy: 0.1429
Found 60 images belonging to 6 classes.
Found 5 images belonging to 6 classes.
Found 7 images belonging to 6 classes.
Epoch 1/15
2/2 [==============================] - ETA: 0s - loss: 8.0945 - accuracy: 0.0833C:\Users\tom.zbc\PycharmProjects\fungis_bacterias_project\.venv\lib\site-packages\keras\src\engine\training.py:3000: UserWarning: You are saving your model as an HDF5 file via `model.save()`. This file format is considered legacy. We recommend using instead the native Keras format, e.g. `model.save('my_model.keras')`.
  saving_api.save_model(
2/2 [==============================] - 2s 1s/step - loss: 8.0945 - accuracy: 0.0833 - val_loss: 7.9468 - val_accuracy: 0.2000 - lr: 5.0000e-04
Epoch 2/15
2/2 [==============================] - 2s 1s/step - loss: 6.9269 - accuracy: 0.1333 - val_loss: 5.9957 - val_accuracy: 0.4000 - lr: 5.0000e-04
Epoch 3/15
2/2 [==============================] - 2s 1s/step - loss: 5.8546 - accuracy: 0.2000 - val_loss: 5.4724 - val_accuracy: 0.2000 - lr: 5.0000e-04
Epoch 4/15
2/2 [==============================] - 2s 1s/step - loss: 5.2284 - accuracy: 0.2167 - val_loss: 4.9731 - val_accuracy: 0.2000 - lr: 5.0000e-04
Epoch 5/15
2/2 [==============================] - 2s 1s/step - loss: 4.9237 - accuracy: 0.1000 - val_loss: 4.6277 - val_accuracy: 0.2000 - lr: 5.0000e-04
Epoch 6/15
2/2 [==============================] - 2s 1s/step - loss: 4.5942 - accuracy: 0.1833 - val_loss: 4.4311 - val_accuracy: 0.2000 - lr: 5.0000e-04
Epoch 7/15
2/2 [==============================] - 2s 1s/step - loss: 4.4197 - accuracy: 0.1667 - val_loss: 4.3000 - val_accuracy: 0.2000 - lr: 5.0000e-04
Epoch 8/15
2/2 [==============================] - 2s 1s/step - loss: 4.2904 - accuracy: 0.1333 - val_loss: 4.1781 - val_accuracy: 0.2000 - lr: 5.0000e-04
Epoch 9/15
2/2 [==============================] - 2s 1s/step - loss: 4.1527 - accuracy: 0.1500 - val_loss: 4.0514 - val_accuracy: 0.2000 - lr: 5.0000e-04
Epoch 10/15
2/2 [==============================] - 2s 1s/step - loss: 4.0184 - accuracy: 0.1667 - val_loss: 3.9156 - val_accuracy: 0.2000 - lr: 5.0000e-04
Epoch 11/15
2/2 [==============================] - 2s 1s/step - loss: 3.8832 - accuracy: 0.1667 - val_loss: 3.7756 - val_accuracy: 0.2000 - lr: 5.0000e-04
Epoch 12/15
2/2 [==============================] - 2s 1s/step - loss: 3.7365 - accuracy: 0.1833 - val_loss: 3.6352 - val_accuracy: 0.2000 - lr: 5.0000e-04
Epoch 13/15
2/2 [==============================] - 2s 1s/step - loss: 3.5998 - accuracy: 0.1833 - val_loss: 3.5120 - val_accuracy: 0.2000 - lr: 5.0000e-04
Epoch 14/15
2/2 [==============================] - 2s 1s/step - loss: 3.4797 - accuracy: 0.2000 - val_loss: 3.3941 - val_accuracy: 0.0000e+00 - lr: 5.0000e-04
Epoch 15/15
2/2 [==============================] - 2s 1s/step - loss: 3.3454 - accuracy: 0.2000 - val_loss: 3.2747 - val_accuracy: 0.2000 - lr: 5.0000e-04
1/1 [==============================] - 0s 96ms/step - loss: 3.2735 - accuracy: 0.2857
Found 60 images belonging to 6 classes.
Found 5 images belonging to 6 classes.
Found 7 images belonging to 6 classes.
Epoch 1/10
2/2 [==============================] - ETA: 0s - loss: 7.9600 - accuracy: 0.1333C:\Users\tom.zbc\PycharmProjects\fungis_bacterias_project\.venv\lib\site-packages\keras\src\engine\training.py:3000: UserWarning: You are saving your model as an HDF5 file via `model.save()`. This file format is considered legacy. We recommend using instead the native Keras format, e.g. `model.save('my_model.keras')`.
  saving_api.save_model(
2/2 [==============================] - 3s 1s/step - loss: 7.9600 - accuracy: 0.1333 - val_loss: 7.4937 - val_accuracy: 0.4000 - lr: 5.0000e-04
Epoch 2/10
2/2 [==============================] - 2s 1s/step - loss: 7.0256 - accuracy: 0.1500 - val_loss: 6.2556 - val_accuracy: 0.2000 - lr: 5.0000e-04
Epoch 3/10
2/2 [==============================] - 2s 1s/step - loss: 5.7617 - accuracy: 0.3167 - val_loss: 5.4383 - val_accuracy: 0.0000e+00 - lr: 5.0000e-04
Epoch 4/10
2/2 [==============================] - 2s 1s/step - loss: 5.0962 - accuracy: 0.1500 - val_loss: 4.8673 - val_accuracy: 0.0000e+00 - lr: 5.0000e-04
Epoch 5/10
2/2 [==============================] - 2s 1s/step - loss: 4.7116 - accuracy: 0.2167 - val_loss: 4.5543 - val_accuracy: 0.0000e+00 - lr: 5.0000e-04
Epoch 6/10
2/2 [==============================] - 2s 1s/step - loss: 4.5137 - accuracy: 0.0667 - val_loss: 4.3638 - val_accuracy: 0.2000 - lr: 5.0000e-04
Epoch 7/10
2/2 [==============================] - 2s 1s/step - loss: 4.3272 - accuracy: 0.2000 - val_loss: 4.2196 - val_accuracy: 0.4000 - lr: 5.0000e-04
Epoch 8/10
2/2 [==============================] - 2s 1s/step - loss: 4.1997 - accuracy: 0.2667 - val_loss: 4.0903 - val_accuracy: 0.4000 - lr: 5.0000e-04
Epoch 9/10
2/2 [==============================] - 2s 1s/step - loss: 4.0844 - accuracy: 0.1333 - val_loss: 3.9556 - val_accuracy: 0.4000 - lr: 5.0000e-04
Epoch 10/10
2/2 [==============================] - 2s 1s/step - loss: 3.9534 - accuracy: 0.2500 - val_loss: 3.8160 - val_accuracy: 0.2000 - lr: 5.0000e-04
1/1 [==============================] - 0s 97ms/step - loss: 3.8241 - accuracy: 0.4286
Found 60 images belonging to 6 classes.
Found 5 images belonging to 6 classes.
Found 7 images belonging to 6 classes.
Epoch 1/15
2/2 [==============================] - ETA: 0s - loss: 7.6622 - accuracy: 0.1500C:\Users\tom.zbc\PycharmProjects\fungis_bacterias_project\.venv\lib\site-packages\keras\src\engine\training.py:3000: UserWarning: You are saving your model as an HDF5 file via `model.save()`. This file format is considered legacy. We recommend using instead the native Keras format, e.g. `model.save('my_model.keras')`.
  saving_api.save_model(
2/2 [==============================] - 2s 1s/step - loss: 7.6622 - accuracy: 0.1500 - val_loss: 7.0663 - val_accuracy: 0.0000e+00 - lr: 5.0000e-04
Epoch 2/15
2/2 [==============================] - 2s 1s/step - loss: 6.5716 - accuracy: 0.2500 - val_loss: 6.0981 - val_accuracy: 0.0000e+00 - lr: 5.0000e-04
Epoch 3/15
2/2 [==============================] - 2s 1s/step - loss: 5.6617 - accuracy: 0.1833 - val_loss: 5.1541 - val_accuracy: 0.2000 - lr: 5.0000e-04
Epoch 4/15
2/2 [==============================] - 2s 1s/step - loss: 5.0214 - accuracy: 0.2167 - val_loss: 4.6703 - val_accuracy: 0.2000 - lr: 5.0000e-04
Epoch 5/15
2/2 [==============================] - 2s 1s/step - loss: 4.6082 - accuracy: 0.2000 - val_loss: 4.3943 - val_accuracy: 0.4000 - lr: 5.0000e-04
Epoch 6/15
2/2 [==============================] - 2s 1s/step - loss: 4.3377 - accuracy: 0.2167 - val_loss: 4.1844 - val_accuracy: 0.2000 - lr: 5.0000e-04
Epoch 7/15
2/2 [==============================] - 2s 1s/step - loss: 4.1449 - accuracy: 0.2167 - val_loss: 3.9956 - val_accuracy: 0.2000 - lr: 5.0000e-04
Epoch 8/15
2/2 [==============================] - 2s 1s/step - loss: 3.9976 - accuracy: 0.2000 - val_loss: 3.8321 - val_accuracy: 0.2000 - lr: 5.0000e-04
Epoch 9/15
2/2 [==============================] - 2s 1s/step - loss: 3.8662 - accuracy: 0.2000 - val_loss: 3.6911 - val_accuracy: 0.4000 - lr: 5.0000e-04
Epoch 10/15
2/2 [==============================] - 2s 1s/step - loss: 3.7210 - accuracy: 0.2833 - val_loss: 3.5542 - val_accuracy: 0.4000 - lr: 5.0000e-04
Epoch 11/15
2/2 [==============================] - 2s 1s/step - loss: 3.5504 - accuracy: 0.2333 - val_loss: 3.4237 - val_accuracy: 0.4000 - lr: 5.0000e-04
Epoch 12/15
2/2 [==============================] - 2s 1s/step - loss: 3.3711 - accuracy: 0.3167 - val_loss: 3.3155 - val_accuracy: 0.2000 - lr: 5.0000e-04
Epoch 13/15
2/2 [==============================] - 2s 1s/step - loss: 3.3041 - accuracy: 0.2667 - val_loss: 3.2100 - val_accuracy: 0.2000 - lr: 5.0000e-04
Epoch 14/15
2/2 [==============================] - 2s 1s/step - loss: 3.1599 - accuracy: 0.3000 - val_loss: 3.0781 - val_accuracy: 0.2000 - lr: 5.0000e-04
Epoch 15/15
2/2 [==============================] - 2s 1s/step - loss: 3.0554 - accuracy: 0.2167 - val_loss: 2.9796 - val_accuracy: 0.2000 - lr: 5.0000e-04
1/1 [==============================] - 0s 109ms/step - loss: 3.0206 - accuracy: 0.1429
Found 60 images belonging to 6 classes.
Found 5 images belonging to 6 classes.
Found 7 images belonging to 6 classes.
Epoch 1/10
2/2 [==============================] - ETA: 0s - loss: 8.6307 - accuracy: 0.1667C:\Users\tom.zbc\PycharmProjects\fungis_bacterias_project\.venv\lib\site-packages\keras\src\engine\training.py:3000: UserWarning: You are saving your model as an HDF5 file via `model.save()`. This file format is considered legacy. We recommend using instead the native Keras format, e.g. `model.save('my_model.keras')`.
  saving_api.save_model(
2/2 [==============================] - 2s 1s/step - loss: 8.6307 - accuracy: 0.1667 - val_loss: 7.1674 - val_accuracy: 0.2000 - lr: 5.0000e-04
Epoch 2/10
2/2 [==============================] - 2s 1s/step - loss: 6.6913 - accuracy: 0.2167 - val_loss: 5.8871 - val_accuracy: 0.4000 - lr: 5.0000e-04
Epoch 3/10
2/2 [==============================] - 2s 1s/step - loss: 5.7528 - accuracy: 0.1000 - val_loss: 5.1432 - val_accuracy: 0.6000 - lr: 5.0000e-04
Epoch 4/10
2/2 [==============================] - 2s 1s/step - loss: 5.1954 - accuracy: 0.1667 - val_loss: 4.7226 - val_accuracy: 0.4000 - lr: 5.0000e-04
Epoch 5/10
2/2 [==============================] - 2s 1s/step - loss: 4.7619 - accuracy: 0.2333 - val_loss: 4.4879 - val_accuracy: 0.4000 - lr: 5.0000e-04
Epoch 6/10
2/2 [==============================] - 2s 1s/step - loss: 4.4962 - accuracy: 0.2333 - val_loss: 4.3296 - val_accuracy: 0.2000 - lr: 5.0000e-04
Epoch 7/10
2/2 [==============================] - 2s 1s/step - loss: 4.3174 - accuracy: 0.2833 - val_loss: 4.2062 - val_accuracy: 0.2000 - lr: 5.0000e-04
Epoch 8/10
2/2 [==============================] - 2s 1s/step - loss: 4.1867 - accuracy: 0.1333 - val_loss: 4.0881 - val_accuracy: 0.2000 - lr: 5.0000e-04
Epoch 9/10
2/2 [==============================] - 2s 1s/step - loss: 4.0373 - accuracy: 0.2167 - val_loss: 3.9612 - val_accuracy: 0.4000 - lr: 5.0000e-04
Epoch 10/10
2/2 [==============================] - 2s 1s/step - loss: 3.9225 - accuracy: 0.2167 - val_loss: 3.8153 - val_accuracy: 0.4000 - lr: 5.0000e-04
1/1 [==============================] - 0s 98ms/step - loss: 3.8558 - accuracy: 0.1429
Found 60 images belonging to 6 classes.
Found 5 images belonging to 6 classes.
Found 7 images belonging to 6 classes.
Epoch 1/15
2/2 [==============================] - ETA: 0s - loss: 8.2285 - accuracy: 0.1167C:\Users\tom.zbc\PycharmProjects\fungis_bacterias_project\.venv\lib\site-packages\keras\src\engine\training.py:3000: UserWarning: You are saving your model as an HDF5 file via `model.save()`. This file format is considered legacy. We recommend using instead the native Keras format, e.g. `model.save('my_model.keras')`.
  saving_api.save_model(
2/2 [==============================] - 2s 1s/step - loss: 8.2285 - accuracy: 0.1167 - val_loss: 7.5574 - val_accuracy: 0.0000e+00 - lr: 5.0000e-04
Epoch 2/15
2/2 [==============================] - 2s 1s/step - loss: 7.1553 - accuracy: 0.0333 - val_loss: 6.3838 - val_accuracy: 0.0000e+00 - lr: 5.0000e-04
Epoch 3/15
2/2 [==============================] - 2s 1s/step - loss: 5.9419 - accuracy: 0.1500 - val_loss: 5.4046 - val_accuracy: 0.2000 - lr: 5.0000e-04
Epoch 4/15
2/2 [==============================] - 2s 1s/step - loss: 5.3166 - accuracy: 0.1667 - val_loss: 4.9470 - val_accuracy: 0.2000 - lr: 5.0000e-04
Epoch 5/15
2/2 [==============================] - 2s 1s/step - loss: 4.8792 - accuracy: 0.2000 - val_loss: 4.6882 - val_accuracy: 0.2000 - lr: 5.0000e-04
Epoch 6/15
2/2 [==============================] - 2s 1s/step - loss: 4.6252 - accuracy: 0.2833 - val_loss: 4.5118 - val_accuracy: 0.2000 - lr: 5.0000e-04
Epoch 7/15
2/2 [==============================] - 2s 1s/step - loss: 4.4690 - accuracy: 0.2000 - val_loss: 4.3750 - val_accuracy: 0.2000 - lr: 5.0000e-04
Epoch 8/15
2/2 [==============================] - 2s 1s/step - loss: 4.3357 - accuracy: 0.2000 - val_loss: 4.2520 - val_accuracy: 0.0000e+00 - lr: 5.0000e-04
Epoch 9/15
2/2 [==============================] - 2s 1s/step - loss: 4.2080 - accuracy: 0.2667 - val_loss: 4.1288 - val_accuracy: 0.0000e+00 - lr: 5.0000e-04
Epoch 10/15
2/2 [==============================] - 2s 1s/step - loss: 4.0642 - accuracy: 0.3000 - val_loss: 3.9940 - val_accuracy: 0.0000e+00 - lr: 5.0000e-04
Epoch 11/15
2/2 [==============================] - 2s 1s/step - loss: 3.9439 - accuracy: 0.2333 - val_loss: 3.8547 - val_accuracy: 0.0000e+00 - lr: 5.0000e-04
Epoch 12/15
2/2 [==============================] - 2s 1s/step - loss: 3.7887 - accuracy: 0.2667 - val_loss: 3.7197 - val_accuracy: 0.0000e+00 - lr: 5.0000e-04
Epoch 13/15
2/2 [==============================] - 2s 1s/step - loss: 3.6374 - accuracy: 0.2333 - val_loss: 3.5920 - val_accuracy: 0.0000e+00 - lr: 5.0000e-04
Epoch 14/15
2/2 [==============================] - 2s 1s/step - loss: 3.4923 - accuracy: 0.3000 - val_loss: 3.4689 - val_accuracy: 0.2000 - lr: 5.0000e-04
Epoch 15/15
2/2 [==============================] - 2s 1s/step - loss: 3.3696 - accuracy: 0.2667 - val_loss: 3.3517 - val_accuracy: 0.2000 - lr: 5.0000e-04
1/1 [==============================] - 0s 97ms/step - loss: 3.3634 - accuracy: 0.1429
Found 60 images belonging to 6 classes.
Found 5 images belonging to 6 classes.
Found 7 images belonging to 6 classes.
Epoch 1/10
2/2 [==============================] - ETA: 0s - loss: 7.8803 - accuracy: 0.1833C:\Users\tom.zbc\PycharmProjects\fungis_bacterias_project\.venv\lib\site-packages\keras\src\engine\training.py:3000: UserWarning: You are saving your model as an HDF5 file via `model.save()`. This file format is considered legacy. We recommend using instead the native Keras format, e.g. `model.save('my_model.keras')`.
  saving_api.save_model(
2/2 [==============================] - 3s 1s/step - loss: 7.8803 - accuracy: 0.1833 - val_loss: 7.6815 - val_accuracy: 0.0000e+00 - lr: 5.0000e-04
Epoch 2/10
2/2 [==============================] - 2s 1s/step - loss: 7.0651 - accuracy: 0.2167 - val_loss: 5.4840 - val_accuracy: 0.6000 - lr: 5.0000e-04
Epoch 3/10
2/2 [==============================] - 2s 1s/step - loss: 5.9299 - accuracy: 0.1667 - val_loss: 4.9961 - val_accuracy: 0.8000 - lr: 5.0000e-04
Epoch 4/10
2/2 [==============================] - 2s 1s/step - loss: 5.1643 - accuracy: 0.2000 - val_loss: 4.7431 - val_accuracy: 0.6000 - lr: 5.0000e-04
Epoch 5/10
2/2 [==============================] - 2s 1s/step - loss: 4.7356 - accuracy: 0.2667 - val_loss: 4.5340 - val_accuracy: 0.2000 - lr: 5.0000e-04
Epoch 6/10
2/2 [==============================] - 2s 1s/step - loss: 4.5091 - accuracy: 0.2833 - val_loss: 4.3674 - val_accuracy: 0.2000 - lr: 5.0000e-04
Epoch 7/10
2/2 [==============================] - 2s 1s/step - loss: 4.3385 - accuracy: 0.2167 - val_loss: 4.2295 - val_accuracy: 0.2000 - lr: 5.0000e-04
Epoch 8/10
2/2 [==============================] - 2s 1s/step - loss: 4.2089 - accuracy: 0.2167 - val_loss: 4.1060 - val_accuracy: 0.4000 - lr: 5.0000e-04
Epoch 9/10
2/2 [==============================] - 2s 1s/step - loss: 4.0814 - accuracy: 0.1500 - val_loss: 3.9714 - val_accuracy: 0.4000 - lr: 5.0000e-04
Epoch 10/10
2/2 [==============================] - 2s 1s/step - loss: 3.9320 - accuracy: 0.2333 - val_loss: 3.8257 - val_accuracy: 0.2000 - lr: 5.0000e-04
1/1 [==============================] - 0s 101ms/step - loss: 3.8591 - accuracy: 0.0000e+00
Found 60 images belonging to 6 classes.
Found 5 images belonging to 6 classes.
Found 7 images belonging to 6 classes.
Epoch 1/15
2/2 [==============================] - ETA: 0s - loss: 8.1558 - accuracy: 0.1500C:\Users\tom.zbc\PycharmProjects\fungis_bacterias_project\.venv\lib\site-packages\keras\src\engine\training.py:3000: UserWarning: You are saving your model as an HDF5 file via `model.save()`. This file format is considered legacy. We recommend using instead the native Keras format, e.g. `model.save('my_model.keras')`.
  saving_api.save_model(
2/2 [==============================] - 3s 1s/step - loss: 8.1558 - accuracy: 0.1500 - val_loss: 7.6061 - val_accuracy: 0.2000 - lr: 5.0000e-04
Epoch 2/15
2/2 [==============================] - 2s 1s/step - loss: 6.9350 - accuracy: 0.1333 - val_loss: 6.4473 - val_accuracy: 0.4000 - lr: 5.0000e-04
Epoch 3/15
2/2 [==============================] - 2s 1s/step - loss: 5.8307 - accuracy: 0.2667 - val_loss: 5.3581 - val_accuracy: 0.2000 - lr: 5.0000e-04
Epoch 4/15
2/2 [==============================] - 2s 1s/step - loss: 5.2146 - accuracy: 0.1333 - val_loss: 4.8832 - val_accuracy: 0.2000 - lr: 5.0000e-04
Epoch 5/15
2/2 [==============================] - 2s 1s/step - loss: 4.8600 - accuracy: 0.2667 - val_loss: 4.6224 - val_accuracy: 0.2000 - lr: 5.0000e-04
Epoch 6/15
2/2 [==============================] - 2s 1s/step - loss: 4.5666 - accuracy: 0.3000 - val_loss: 4.4484 - val_accuracy: 0.2000 - lr: 5.0000e-04
Epoch 7/15
2/2 [==============================] - 2s 1s/step - loss: 4.4312 - accuracy: 0.1667 - val_loss: 4.3077 - val_accuracy: 0.2000 - lr: 5.0000e-04
Epoch 8/15
2/2 [==============================] - 2s 1s/step - loss: 4.2799 - accuracy: 0.1667 - val_loss: 4.1747 - val_accuracy: 0.2000 - lr: 5.0000e-04
Epoch 9/15
2/2 [==============================] - 2s 1s/step - loss: 4.1329 - accuracy: 0.2500 - val_loss: 4.0335 - val_accuracy: 0.2000 - lr: 5.0000e-04
Epoch 10/15
2/2 [==============================] - 2s 1s/step - loss: 3.9944 - accuracy: 0.2667 - val_loss: 3.8866 - val_accuracy: 0.2000 - lr: 5.0000e-04
Epoch 11/15
2/2 [==============================] - 2s 1s/step - loss: 3.8544 - accuracy: 0.1833 - val_loss: 3.7349 - val_accuracy: 0.4000 - lr: 5.0000e-04
Epoch 12/15
2/2 [==============================] - 2s 1s/step - loss: 3.7006 - accuracy: 0.3000 - val_loss: 3.5844 - val_accuracy: 0.4000 - lr: 5.0000e-04
Epoch 13/15
2/2 [==============================] - 2s 1s/step - loss: 3.5381 - accuracy: 0.2167 - val_loss: 3.4450 - val_accuracy: 0.2000 - lr: 5.0000e-04
Epoch 14/15
2/2 [==============================] - 2s 1s/step - loss: 3.4054 - accuracy: 0.2833 - val_loss: 3.3136 - val_accuracy: 0.2000 - lr: 5.0000e-04
Epoch 15/15
2/2 [==============================] - 2s 1s/step - loss: 3.2868 - accuracy: 0.2000 - val_loss: 3.1953 - val_accuracy: 0.4000 - lr: 5.0000e-04
1/1 [==============================] - 0s 104ms/step - loss: 3.2446 - accuracy: 0.2857
Found 60 images belonging to 6 classes.
Found 5 images belonging to 6 classes.
Found 7 images belonging to 6 classes.
Epoch 1/10
2/2 [==============================] - ETA: 0s - loss: 7.1345 - accuracy: 0.1500C:\Users\tom.zbc\PycharmProjects\fungis_bacterias_project\.venv\lib\site-packages\keras\src\engine\training.py:3000: UserWarning: You are saving your model as an HDF5 file via `model.save()`. This file format is considered legacy. We recommend using instead the native Keras format, e.g. `model.save('my_model.keras')`.
  saving_api.save_model(
2/2 [==============================] - 2s 943ms/step - loss: 7.1345 - accuracy: 0.1500 - val_loss: 6.1996 - val_accuracy: 0.2000 - lr: 5.0000e-04
Epoch 2/10
2/2 [==============================] - 1s 712ms/step - loss: 6.4860 - accuracy: 0.1500 - val_loss: 5.3527 - val_accuracy: 0.2000 - lr: 5.0000e-04
Epoch 3/10
2/2 [==============================] - 1s 711ms/step - loss: 5.5570 - accuracy: 0.1667 - val_loss: 4.8949 - val_accuracy: 0.4000 - lr: 5.0000e-04
Epoch 4/10
2/2 [==============================] - 1s 730ms/step - loss: 5.1106 - accuracy: 0.1500 - val_loss: 4.5643 - val_accuracy: 0.4000 - lr: 5.0000e-04
Epoch 5/10
2/2 [==============================] - 1s 801ms/step - loss: 4.6582 - accuracy: 0.2167 - val_loss: 4.3273 - val_accuracy: 0.2000 - lr: 5.0000e-04
Epoch 6/10
2/2 [==============================] - 1s 713ms/step - loss: 4.3155 - accuracy: 0.2500 - val_loss: 4.1258 - val_accuracy: 0.2000 - lr: 5.0000e-04
Epoch 7/10
2/2 [==============================] - 1s 831ms/step - loss: 4.1143 - accuracy: 0.2333 - val_loss: 3.9725 - val_accuracy: 0.2000 - lr: 5.0000e-04
Epoch 8/10
2/2 [==============================] - 1s 717ms/step - loss: 3.9803 - accuracy: 0.1833 - val_loss: 3.8436 - val_accuracy: 0.4000 - lr: 5.0000e-04
Epoch 9/10
2/2 [==============================] - 1s 724ms/step - loss: 3.8881 - accuracy: 0.2333 - val_loss: 3.7356 - val_accuracy: 0.4000 - lr: 5.0000e-04
Epoch 10/10
2/2 [==============================] - 1s 798ms/step - loss: 3.7455 - accuracy: 0.2833 - val_loss: 3.6385 - val_accuracy: 0.4000 - lr: 5.0000e-04
1/1 [==============================] - 0s 87ms/step - loss: 3.7136 - accuracy: 0.1429
Found 60 images belonging to 6 classes.
Found 5 images belonging to 6 classes.
Found 7 images belonging to 6 classes.
Epoch 1/15
2/2 [==============================] - ETA: 0s - loss: 7.1592 - accuracy: 0.1667C:\Users\tom.zbc\PycharmProjects\fungis_bacterias_project\.venv\lib\site-packages\keras\src\engine\training.py:3000: UserWarning: You are saving your model as an HDF5 file via `model.save()`. This file format is considered legacy. We recommend using instead the native Keras format, e.g. `model.save('my_model.keras')`.
  saving_api.save_model(
2/2 [==============================] - 2s 871ms/step - loss: 7.1592 - accuracy: 0.1667 - val_loss: 6.8332 - val_accuracy: 0.2000 - lr: 5.0000e-04
Epoch 2/15
2/2 [==============================] - 1s 791ms/step - loss: 6.3355 - accuracy: 0.2167 - val_loss: 5.8724 - val_accuracy: 0.2000 - lr: 5.0000e-04
Epoch 3/15
2/2 [==============================] - 1s 780ms/step - loss: 5.7072 - accuracy: 0.1833 - val_loss: 5.0387 - val_accuracy: 0.4000 - lr: 5.0000e-04
Epoch 4/15
2/2 [==============================] - 1s 671ms/step - loss: 5.0943 - accuracy: 0.1667 - val_loss: 4.5886 - val_accuracy: 0.2000 - lr: 5.0000e-04
Epoch 5/15
2/2 [==============================] - 1s 752ms/step - loss: 4.5907 - accuracy: 0.2333 - val_loss: 4.2888 - val_accuracy: 0.2000 - lr: 5.0000e-04
Epoch 6/15
2/2 [==============================] - 1s 777ms/step - loss: 4.2200 - accuracy: 0.2500 - val_loss: 4.0680 - val_accuracy: 0.2000 - lr: 5.0000e-04
Epoch 7/15
2/2 [==============================] - 1s 812ms/step - loss: 4.1113 - accuracy: 0.1833 - val_loss: 3.9008 - val_accuracy: 0.2000 - lr: 5.0000e-04
Epoch 8/15
2/2 [==============================] - 1s 701ms/step - loss: 3.8941 - accuracy: 0.2667 - val_loss: 3.7721 - val_accuracy: 0.4000 - lr: 5.0000e-04
Epoch 9/15
2/2 [==============================] - 1s 784ms/step - loss: 3.7761 - accuracy: 0.2333 - val_loss: 3.6690 - val_accuracy: 0.4000 - lr: 5.0000e-04
Epoch 10/15
2/2 [==============================] - 1s 693ms/step - loss: 3.6437 - accuracy: 0.2833 - val_loss: 3.5740 - val_accuracy: 0.4000 - lr: 5.0000e-04
Epoch 11/15
2/2 [==============================] - 1s 791ms/step - loss: 3.5652 - accuracy: 0.2000 - val_loss: 3.4823 - val_accuracy: 0.4000 - lr: 5.0000e-04
Epoch 12/15
2/2 [==============================] - 1s 749ms/step - loss: 3.4478 - accuracy: 0.2667 - val_loss: 3.3884 - val_accuracy: 0.6000 - lr: 5.0000e-04
Epoch 13/15
2/2 [==============================] - 1s 714ms/step - loss: 3.3819 - accuracy: 0.1833 - val_loss: 3.2956 - val_accuracy: 0.2000 - lr: 5.0000e-04
Epoch 14/15
2/2 [==============================] - 1s 689ms/step - loss: 3.2976 - accuracy: 0.1500 - val_loss: 3.2077 - val_accuracy: 0.4000 - lr: 5.0000e-04
Epoch 15/15
2/2 [==============================] - 1s 756ms/step - loss: 3.1971 - accuracy: 0.2667 - val_loss: 3.1209 - val_accuracy: 0.2000 - lr: 5.0000e-04
1/1 [==============================] - 0s 83ms/step - loss: 3.1376 - accuracy: 0.0000e+00
Found 60 images belonging to 6 classes.
Found 5 images belonging to 6 classes.
Found 7 images belonging to 6 classes.
Epoch 1/10
2/2 [==============================] - ETA: 0s - loss: 7.3221 - accuracy: 0.1500C:\Users\tom.zbc\PycharmProjects\fungis_bacterias_project\.venv\lib\site-packages\keras\src\engine\training.py:3000: UserWarning: You are saving your model as an HDF5 file via `model.save()`. This file format is considered legacy. We recommend using instead the native Keras format, e.g. `model.save('my_model.keras')`.
  saving_api.save_model(
2/2 [==============================] - 2s 839ms/step - loss: 7.3221 - accuracy: 0.1500 - val_loss: 6.1022 - val_accuracy: 0.4000 - lr: 5.0000e-04
Epoch 2/10
2/2 [==============================] - 1s 753ms/step - loss: 6.5842 - accuracy: 0.1833 - val_loss: 5.5399 - val_accuracy: 0.2000 - lr: 5.0000e-04
Epoch 3/10
2/2 [==============================] - 1s 698ms/step - loss: 5.8965 - accuracy: 0.1333 - val_loss: 5.2977 - val_accuracy: 0.0000e+00 - lr: 5.0000e-04
Epoch 4/10
2/2 [==============================] - 1s 761ms/step - loss: 5.0563 - accuracy: 0.2500 - val_loss: 5.0084 - val_accuracy: 0.0000e+00 - lr: 5.0000e-04
Epoch 5/10
2/2 [==============================] - 1s 780ms/step - loss: 4.7233 - accuracy: 0.2000 - val_loss: 4.7358 - val_accuracy: 0.0000e+00 - lr: 5.0000e-04
Epoch 6/10
2/2 [==============================] - 1s 731ms/step - loss: 4.4711 - accuracy: 0.1833 - val_loss: 4.4642 - val_accuracy: 0.0000e+00 - lr: 5.0000e-04
Epoch 7/10
2/2 [==============================] - 1s 770ms/step - loss: 4.1660 - accuracy: 0.3000 - val_loss: 4.2449 - val_accuracy: 0.0000e+00 - lr: 5.0000e-04
Epoch 8/10
2/2 [==============================] - 1s 784ms/step - loss: 4.0622 - accuracy: 0.2000 - val_loss: 4.0809 - val_accuracy: 0.0000e+00 - lr: 5.0000e-04
Epoch 9/10
2/2 [==============================] - 1s 812ms/step - loss: 3.9390 - accuracy: 0.1833 - val_loss: 3.9489 - val_accuracy: 0.0000e+00 - lr: 5.0000e-04
Epoch 10/10
2/2 [==============================] - 1s 701ms/step - loss: 3.9507 - accuracy: 0.1167 - val_loss: 3.8376 - val_accuracy: 0.0000e+00 - lr: 5.0000e-04
1/1 [==============================] - 0s 82ms/step - loss: 3.8824 - accuracy: 0.0000e+00
Found 60 images belonging to 6 classes.
Found 5 images belonging to 6 classes.
Found 7 images belonging to 6 classes.
Epoch 1/15
2/2 [==============================] - ETA: 0s - loss: 7.1586 - accuracy: 0.0833C:\Users\tom.zbc\PycharmProjects\fungis_bacterias_project\.venv\lib\site-packages\keras\src\engine\training.py:3000: UserWarning: You are saving your model as an HDF5 file via `model.save()`. This file format is considered legacy. We recommend using instead the native Keras format, e.g. `model.save('my_model.keras')`.
  saving_api.save_model(
2/2 [==============================] - 2s 825ms/step - loss: 7.1586 - accuracy: 0.0833 - val_loss: 6.2377 - val_accuracy: 0.2000 - lr: 5.0000e-04
Epoch 2/15
2/2 [==============================] - 1s 770ms/step - loss: 6.1893 - accuracy: 0.1833 - val_loss: 5.3345 - val_accuracy: 0.6000 - lr: 5.0000e-04
Epoch 3/15
2/2 [==============================] - 1s 719ms/step - loss: 5.4802 - accuracy: 0.1500 - val_loss: 4.8455 - val_accuracy: 0.4000 - lr: 5.0000e-04
Epoch 4/15
2/2 [==============================] - 1s 686ms/step - loss: 4.8111 - accuracy: 0.2000 - val_loss: 4.4469 - val_accuracy: 0.4000 - lr: 5.0000e-04
Epoch 5/15
2/2 [==============================] - 1s 719ms/step - loss: 4.4169 - accuracy: 0.1833 - val_loss: 4.1373 - val_accuracy: 0.2000 - lr: 5.0000e-04
Epoch 6/15
2/2 [==============================] - 1s 759ms/step - loss: 4.0953 - accuracy: 0.2500 - val_loss: 3.8873 - val_accuracy: 0.2000 - lr: 5.0000e-04
Epoch 7/15
2/2 [==============================] - 1s 778ms/step - loss: 3.8200 - accuracy: 0.2167 - val_loss: 3.7025 - val_accuracy: 0.2000 - lr: 5.0000e-04
Epoch 8/15
2/2 [==============================] - 1s 690ms/step - loss: 3.6996 - accuracy: 0.1833 - val_loss: 3.5593 - val_accuracy: 0.2000 - lr: 5.0000e-04
Epoch 9/15
2/2 [==============================] - 1s 705ms/step - loss: 3.5446 - accuracy: 0.2333 - val_loss: 3.4445 - val_accuracy: 0.2000 - lr: 5.0000e-04
Epoch 10/15
2/2 [==============================] - 1s 797ms/step - loss: 3.4483 - accuracy: 0.2667 - val_loss: 3.3434 - val_accuracy: 0.2000 - lr: 5.0000e-04
Epoch 11/15
2/2 [==============================] - 1s 769ms/step - loss: 3.3472 - accuracy: 0.3000 - val_loss: 3.2559 - val_accuracy: 0.4000 - lr: 5.0000e-04
Epoch 12/15
2/2 [==============================] - 1s 699ms/step - loss: 3.3069 - accuracy: 0.1333 - val_loss: 3.1538 - val_accuracy: 0.6000 - lr: 5.0000e-04
Epoch 13/15
2/2 [==============================] - 1s 775ms/step - loss: 3.1683 - accuracy: 0.3000 - val_loss: 3.0436 - val_accuracy: 0.6000 - lr: 5.0000e-04
Epoch 14/15
2/2 [==============================] - 1s 713ms/step - loss: 3.1169 - accuracy: 0.1833 - val_loss: 2.9667 - val_accuracy: 0.4000 - lr: 5.0000e-04
Epoch 15/15
2/2 [==============================] - 1s 771ms/step - loss: 3.0656 - accuracy: 0.2667 - val_loss: 2.9452 - val_accuracy: 0.4000 - lr: 5.0000e-04
1/1 [==============================] - 0s 84ms/step - loss: 3.0560 - accuracy: 0.1429
Found 60 images belonging to 6 classes.
Found 5 images belonging to 6 classes.
Found 7 images belonging to 6 classes.
Epoch 1/10
2/2 [==============================] - ETA: 0s - loss: 7.2831 - accuracy: 0.1500C:\Users\tom.zbc\PycharmProjects\fungis_bacterias_project\.venv\lib\site-packages\keras\src\engine\training.py:3000: UserWarning: You are saving your model as an HDF5 file via `model.save()`. This file format is considered legacy. We recommend using instead the native Keras format, e.g. `model.save('my_model.keras')`.
  saving_api.save_model(
2/2 [==============================] - 2s 872ms/step - loss: 7.2831 - accuracy: 0.1500 - val_loss: 6.4410 - val_accuracy: 0.4000 - lr: 5.0000e-04
Epoch 2/10
2/2 [==============================] - 1s 798ms/step - loss: 6.4803 - accuracy: 0.1500 - val_loss: 5.7610 - val_accuracy: 0.2000 - lr: 5.0000e-04
Epoch 3/10
2/2 [==============================] - 1s 787ms/step - loss: 5.6511 - accuracy: 0.1667 - val_loss: 5.1679 - val_accuracy: 0.2000 - lr: 5.0000e-04
Epoch 4/10
2/2 [==============================] - 1s 750ms/step - loss: 5.0798 - accuracy: 0.1333 - val_loss: 4.7151 - val_accuracy: 0.2000 - lr: 5.0000e-04
Epoch 5/10
2/2 [==============================] - 1s 766ms/step - loss: 4.6519 - accuracy: 0.1667 - val_loss: 4.4096 - val_accuracy: 0.2000 - lr: 5.0000e-04
Epoch 6/10
2/2 [==============================] - 1s 795ms/step - loss: 4.3589 - accuracy: 0.1667 - val_loss: 4.1767 - val_accuracy: 0.2000 - lr: 5.0000e-04
Epoch 7/10
2/2 [==============================] - 1s 714ms/step - loss: 4.1349 - accuracy: 0.2333 - val_loss: 3.9973 - val_accuracy: 0.2000 - lr: 5.0000e-04
Epoch 8/10
2/2 [==============================] - 1s 761ms/step - loss: 3.9316 - accuracy: 0.2333 - val_loss: 3.8509 - val_accuracy: 0.2000 - lr: 5.0000e-04
Epoch 9/10
2/2 [==============================] - 1s 699ms/step - loss: 3.8231 - accuracy: 0.2167 - val_loss: 3.7326 - val_accuracy: 0.2000 - lr: 5.0000e-04
Epoch 10/10
2/2 [==============================] - 1s 746ms/step - loss: 3.7001 - accuracy: 0.2167 - val_loss: 3.6310 - val_accuracy: 0.2000 - lr: 5.0000e-04
1/1 [==============================] - 0s 92ms/step - loss: 3.6313 - accuracy: 0.0000e+00
Found 60 images belonging to 6 classes.
Found 5 images belonging to 6 classes.
Found 7 images belonging to 6 classes.
Epoch 1/15
2/2 [==============================] - ETA: 0s - loss: 7.0542 - accuracy: 0.1333C:\Users\tom.zbc\PycharmProjects\fungis_bacterias_project\.venv\lib\site-packages\keras\src\engine\training.py:3000: UserWarning: You are saving your model as an HDF5 file via `model.save()`. This file format is considered legacy. We recommend using instead the native Keras format, e.g. `model.save('my_model.keras')`.
  saving_api.save_model(
2/2 [==============================] - 2s 913ms/step - loss: 7.0542 - accuracy: 0.1333 - val_loss: 6.3591 - val_accuracy: 0.2000 - lr: 5.0000e-04
Epoch 2/15
2/2 [==============================] - 1s 683ms/step - loss: 6.3101 - accuracy: 0.1667 - val_loss: 5.5437 - val_accuracy: 0.4000 - lr: 5.0000e-04
Epoch 3/15
2/2 [==============================] - 1s 806ms/step - loss: 5.5492 - accuracy: 0.2333 - val_loss: 4.9785 - val_accuracy: 0.4000 - lr: 5.0000e-04
Epoch 4/15
2/2 [==============================] - 1s 774ms/step - loss: 5.1020 - accuracy: 0.1500 - val_loss: 4.4750 - val_accuracy: 0.6000 - lr: 5.0000e-04
Epoch 5/15
2/2 [==============================] - 1s 777ms/step - loss: 4.6711 - accuracy: 0.1833 - val_loss: 4.1604 - val_accuracy: 0.6000 - lr: 5.0000e-04
Epoch 6/15
2/2 [==============================] - 1s 748ms/step - loss: 4.2880 - accuracy: 0.2833 - val_loss: 3.9249 - val_accuracy: 0.4000 - lr: 5.0000e-04
Epoch 7/15
2/2 [==============================] - 1s 720ms/step - loss: 4.0649 - accuracy: 0.2167 - val_loss: 3.7509 - val_accuracy: 0.6000 - lr: 5.0000e-04
Epoch 8/15
2/2 [==============================] - 1s 776ms/step - loss: 3.8752 - accuracy: 0.1833 - val_loss: 3.6096 - val_accuracy: 0.6000 - lr: 5.0000e-04
Epoch 9/15
2/2 [==============================] - 1s 825ms/step - loss: 3.7255 - accuracy: 0.1667 - val_loss: 3.4868 - val_accuracy: 0.8000 - lr: 5.0000e-04
Epoch 10/15
2/2 [==============================] - 1s 776ms/step - loss: 3.6168 - accuracy: 0.1500 - val_loss: 3.3872 - val_accuracy: 0.8000 - lr: 5.0000e-04
Epoch 11/15
2/2 [==============================] - 1s 774ms/step - loss: 3.4759 - accuracy: 0.1833 - val_loss: 3.2871 - val_accuracy: 0.4000 - lr: 5.0000e-04
Epoch 12/15
2/2 [==============================] - 1s 757ms/step - loss: 3.3622 - accuracy: 0.2500 - val_loss: 3.1885 - val_accuracy: 0.4000 - lr: 5.0000e-04
Epoch 13/15
2/2 [==============================] - 1s 755ms/step - loss: 3.2645 - accuracy: 0.2667 - val_loss: 3.0851 - val_accuracy: 0.4000 - lr: 5.0000e-04
Epoch 14/15
2/2 [==============================] - 1s 809ms/step - loss: 3.1920 - accuracy: 0.2667 - val_loss: 2.9912 - val_accuracy: 0.4000 - lr: 5.0000e-04
Epoch 15/15
2/2 [==============================] - 1s 724ms/step - loss: 3.0859 - accuracy: 0.2500 - val_loss: 2.8946 - val_accuracy: 0.4000 - lr: 5.0000e-04
1/1 [==============================] - 0s 97ms/step - loss: 3.0197 - accuracy: 0.1429
Found 60 images belonging to 6 classes.
Found 5 images belonging to 6 classes.
Found 7 images belonging to 6 classes.
Epoch 1/10
2/2 [==============================] - ETA: 0s - loss: 7.1789 - accuracy: 0.2167C:\Users\tom.zbc\PycharmProjects\fungis_bacterias_project\.venv\lib\site-packages\keras\src\engine\training.py:3000: UserWarning: You are saving your model as an HDF5 file via `model.save()`. This file format is considered legacy. We recommend using instead the native Keras format, e.g. `model.save('my_model.keras')`.
  saving_api.save_model(
2/2 [==============================] - 2s 924ms/step - loss: 7.1789 - accuracy: 0.2167 - val_loss: 6.3308 - val_accuracy: 0.4000 - lr: 5.0000e-04
Epoch 2/10
2/2 [==============================] - 1s 710ms/step - loss: 6.2972 - accuracy: 0.2167 - val_loss: 5.8881 - val_accuracy: 0.0000e+00 - lr: 5.0000e-04
Epoch 3/10
2/2 [==============================] - 1s 783ms/step - loss: 5.8008 - accuracy: 0.1667 - val_loss: 5.4775 - val_accuracy: 0.0000e+00 - lr: 5.0000e-04
Epoch 4/10
2/2 [==============================] - 1s 787ms/step - loss: 5.1143 - accuracy: 0.2333 - val_loss: 5.0131 - val_accuracy: 0.0000e+00 - lr: 5.0000e-04
Epoch 5/10
2/2 [==============================] - 1s 697ms/step - loss: 4.7845 - accuracy: 0.2167 - val_loss: 4.6668 - val_accuracy: 0.2000 - lr: 5.0000e-04
Epoch 6/10
2/2 [==============================] - 1s 786ms/step - loss: 4.5179 - accuracy: 0.1500 - val_loss: 4.3763 - val_accuracy: 0.2000 - lr: 5.0000e-04
Epoch 7/10
2/2 [==============================] - 1s 724ms/step - loss: 4.2997 - accuracy: 0.2333 - val_loss: 4.1620 - val_accuracy: 0.2000 - lr: 5.0000e-04
Epoch 8/10
2/2 [==============================] - 1s 767ms/step - loss: 4.1533 - accuracy: 0.1500 - val_loss: 4.0006 - val_accuracy: 0.2000 - lr: 5.0000e-04
Epoch 9/10
2/2 [==============================] - 1s 783ms/step - loss: 4.0445 - accuracy: 0.1333 - val_loss: 3.8724 - val_accuracy: 0.2000 - lr: 5.0000e-04
Epoch 10/10
2/2 [==============================] - 1s 751ms/step - loss: 3.9157 - accuracy: 0.2333 - val_loss: 3.7702 - val_accuracy: 0.2000 - lr: 5.0000e-04
1/1 [==============================] - 0s 91ms/step - loss: 3.7831 - accuracy: 0.2857
Found 60 images belonging to 6 classes.
Found 5 images belonging to 6 classes.
Found 7 images belonging to 6 classes.
Epoch 1/15
2/2 [==============================] - ETA: 0s - loss: 7.2419 - accuracy: 0.0833C:\Users\tom.zbc\PycharmProjects\fungis_bacterias_project\.venv\lib\site-packages\keras\src\engine\training.py:3000: UserWarning: You are saving your model as an HDF5 file via `model.save()`. This file format is considered legacy. We recommend using instead the native Keras format, e.g. `model.save('my_model.keras')`.
  saving_api.save_model(
2/2 [==============================] - 2s 927ms/step - loss: 7.2419 - accuracy: 0.0833 - val_loss: 6.3760 - val_accuracy: 0.2000 - lr: 5.0000e-04
Epoch 2/15
2/2 [==============================] - 1s 775ms/step - loss: 6.2567 - accuracy: 0.1833 - val_loss: 5.5737 - val_accuracy: 0.2000 - lr: 5.0000e-04
Epoch 3/15
2/2 [==============================] - 1s 816ms/step - loss: 5.5795 - accuracy: 0.1833 - val_loss: 4.9292 - val_accuracy: 0.4000 - lr: 5.0000e-04
Epoch 4/15
2/2 [==============================] - 1s 782ms/step - loss: 5.1019 - accuracy: 0.2000 - val_loss: 4.5357 - val_accuracy: 0.6000 - lr: 5.0000e-04
Epoch 5/15
2/2 [==============================] - 1s 703ms/step - loss: 4.6437 - accuracy: 0.2000 - val_loss: 4.2591 - val_accuracy: 0.4000 - lr: 5.0000e-04
Epoch 6/15
2/2 [==============================] - 1s 710ms/step - loss: 4.3272 - accuracy: 0.1833 - val_loss: 4.0465 - val_accuracy: 0.4000 - lr: 5.0000e-04
Epoch 7/15
2/2 [==============================] - 1s 708ms/step - loss: 4.0919 - accuracy: 0.2000 - val_loss: 3.8982 - val_accuracy: 0.2000 - lr: 5.0000e-04
Epoch 8/15
2/2 [==============================] - 1s 787ms/step - loss: 3.8759 - accuracy: 0.2333 - val_loss: 3.7710 - val_accuracy: 0.2000 - lr: 5.0000e-04
Epoch 9/15
2/2 [==============================] - 1s 728ms/step - loss: 3.7532 - accuracy: 0.1333 - val_loss: 3.6527 - val_accuracy: 0.2000 - lr: 5.0000e-04
Epoch 10/15
2/2 [==============================] - 1s 701ms/step - loss: 3.6203 - accuracy: 0.2667 - val_loss: 3.5400 - val_accuracy: 0.2000 - lr: 5.0000e-04
Epoch 11/15
2/2 [==============================] - 1s 696ms/step - loss: 3.5152 - accuracy: 0.2500 - val_loss: 3.4266 - val_accuracy: 0.2000 - lr: 5.0000e-04
Epoch 12/15
2/2 [==============================] - 1s 718ms/step - loss: 3.3899 - accuracy: 0.2833 - val_loss: 3.3240 - val_accuracy: 0.2000 - lr: 5.0000e-04
Epoch 13/15
2/2 [==============================] - 1s 821ms/step - loss: 3.2912 - accuracy: 0.2833 - val_loss: 3.2181 - val_accuracy: 0.2000 - lr: 5.0000e-04
Epoch 14/15
2/2 [==============================] - 1s 769ms/step - loss: 3.2578 - accuracy: 0.1667 - val_loss: 3.1349 - val_accuracy: 0.2000 - lr: 5.0000e-04
Epoch 15/15
2/2 [==============================] - 1s 715ms/step - loss: 3.1066 - accuracy: 0.2500 - val_loss: 3.0456 - val_accuracy: 0.2000 - lr: 5.0000e-04
1/1 [==============================] - 0s 86ms/step - loss: 3.0685 - accuracy: 0.1429
Found 60 images belonging to 6 classes.
Found 5 images belonging to 6 classes.
Found 7 images belonging to 6 classes.
Epoch 1/10
2/2 [==============================] - ETA: 0s - loss: 7.6624 - accuracy: 0.1167C:\Users\tom.zbc\PycharmProjects\fungis_bacterias_project\.venv\lib\site-packages\keras\src\engine\training.py:3000: UserWarning: You are saving your model as an HDF5 file via `model.save()`. This file format is considered legacy. We recommend using instead the native Keras format, e.g. `model.save('my_model.keras')`.
  saving_api.save_model(
2/2 [==============================] - 2s 1s/step - loss: 7.6624 - accuracy: 0.1167 - val_loss: 6.8311 - val_accuracy: 0.2000 - lr: 5.0000e-04
Epoch 2/10
2/2 [==============================] - 2s 1s/step - loss: 6.5263 - accuracy: 0.1333 - val_loss: 5.6300 - val_accuracy: 0.4000 - lr: 5.0000e-04
Epoch 3/10
2/2 [==============================] - 2s 1s/step - loss: 5.5657 - accuracy: 0.2000 - val_loss: 5.0075 - val_accuracy: 0.6000 - lr: 5.0000e-04
Epoch 4/10
2/2 [==============================] - 2s 1s/step - loss: 5.0381 - accuracy: 0.1833 - val_loss: 4.7176 - val_accuracy: 0.6000 - lr: 5.0000e-04
Epoch 5/10
2/2 [==============================] - 2s 1s/step - loss: 4.7099 - accuracy: 0.2500 - val_loss: 4.5562 - val_accuracy: 0.2000 - lr: 5.0000e-04
Epoch 6/10
2/2 [==============================] - 2s 1s/step - loss: 4.5667 - accuracy: 0.1667 - val_loss: 4.4573 - val_accuracy: 0.2000 - lr: 5.0000e-04
Epoch 7/10
2/2 [==============================] - 2s 1s/step - loss: 4.4509 - accuracy: 0.2833 - val_loss: 4.3774 - val_accuracy: 0.2000 - lr: 5.0000e-04
Epoch 8/10
2/2 [==============================] - 2s 1s/step - loss: 4.3464 - accuracy: 0.2500 - val_loss: 4.2953 - val_accuracy: 0.2000 - lr: 5.0000e-04
Epoch 9/10
2/2 [==============================] - 2s 1s/step - loss: 4.2745 - accuracy: 0.2500 - val_loss: 4.1991 - val_accuracy: 0.2000 - lr: 5.0000e-04
Epoch 10/10
2/2 [==============================] - 2s 1s/step - loss: 4.1619 - accuracy: 0.1667 - val_loss: 4.0653 - val_accuracy: 0.2000 - lr: 5.0000e-04
1/1 [==============================] - 0s 98ms/step - loss: 4.0751 - accuracy: 0.0000e+00
Found 60 images belonging to 6 classes.
Found 5 images belonging to 6 classes.
Found 7 images belonging to 6 classes.
Epoch 1/15
2/2 [==============================] - ETA: 0s - loss: 7.8533 - accuracy: 0.1000C:\Users\tom.zbc\PycharmProjects\fungis_bacterias_project\.venv\lib\site-packages\keras\src\engine\training.py:3000: UserWarning: You are saving your model as an HDF5 file via `model.save()`. This file format is considered legacy. We recommend using instead the native Keras format, e.g. `model.save('my_model.keras')`.
  saving_api.save_model(
2/2 [==============================] - 2s 1s/step - loss: 7.8533 - accuracy: 0.1000 - val_loss: 7.1393 - val_accuracy: 0.0000e+00 - lr: 5.0000e-04
Epoch 2/15
2/2 [==============================] - 2s 1s/step - loss: 6.7800 - accuracy: 0.0833 - val_loss: 6.0395 - val_accuracy: 0.2000 - lr: 5.0000e-04
Epoch 3/15
2/2 [==============================] - 2s 1s/step - loss: 5.6643 - accuracy: 0.1833 - val_loss: 5.2335 - val_accuracy: 0.2000 - lr: 5.0000e-04
Epoch 4/15
2/2 [==============================] - 2s 1s/step - loss: 5.0981 - accuracy: 0.1833 - val_loss: 4.8694 - val_accuracy: 0.2000 - lr: 5.0000e-04
Epoch 5/15
2/2 [==============================] - 2s 1s/step - loss: 4.8217 - accuracy: 0.1500 - val_loss: 4.6685 - val_accuracy: 0.2000 - lr: 5.0000e-04
Epoch 6/15
2/2 [==============================] - 2s 1s/step - loss: 4.6606 - accuracy: 0.2000 - val_loss: 4.5507 - val_accuracy: 0.2000 - lr: 5.0000e-04
Epoch 7/15
2/2 [==============================] - 2s 1s/step - loss: 4.5388 - accuracy: 0.2167 - val_loss: 4.4643 - val_accuracy: 0.2000 - lr: 5.0000e-04
Epoch 8/15
2/2 [==============================] - 2s 1s/step - loss: 4.4510 - accuracy: 0.1833 - val_loss: 4.3786 - val_accuracy: 0.2000 - lr: 5.0000e-04
Epoch 9/15
2/2 [==============================] - 2s 1s/step - loss: 4.3690 - accuracy: 0.2000 - val_loss: 4.2784 - val_accuracy: 0.2000 - lr: 5.0000e-04
Epoch 10/15
2/2 [==============================] - 2s 1s/step - loss: 4.2497 - accuracy: 0.2333 - val_loss: 4.1509 - val_accuracy: 0.0000e+00 - lr: 5.0000e-04
Epoch 11/15
2/2 [==============================] - 2s 1s/step - loss: 4.1071 - accuracy: 0.2500 - val_loss: 3.9968 - val_accuracy: 0.0000e+00 - lr: 5.0000e-04
Epoch 12/15
2/2 [==============================] - 2s 1s/step - loss: 4.0083 - accuracy: 0.1500 - val_loss: 3.8349 - val_accuracy: 0.2000 - lr: 5.0000e-04
Epoch 13/15
2/2 [==============================] - 2s 1s/step - loss: 3.8732 - accuracy: 0.1500 - val_loss: 3.6949 - val_accuracy: 0.2000 - lr: 5.0000e-04
Epoch 14/15
2/2 [==============================] - 2s 1s/step - loss: 3.7135 - accuracy: 0.2500 - val_loss: 3.5673 - val_accuracy: 0.2000 - lr: 5.0000e-04
Epoch 15/15
2/2 [==============================] - 2s 1s/step - loss: 3.5726 - accuracy: 0.2333 - val_loss: 3.4548 - val_accuracy: 0.4000 - lr: 5.0000e-04
1/1 [==============================] - 0s 98ms/step - loss: 3.4655 - accuracy: 0.5714
Found 60 images belonging to 6 classes.
Found 5 images belonging to 6 classes.
Found 7 images belonging to 6 classes.
Epoch 1/10
2/2 [==============================] - ETA: 0s - loss: 7.7094 - accuracy: 0.1333C:\Users\tom.zbc\PycharmProjects\fungis_bacterias_project\.venv\lib\site-packages\keras\src\engine\training.py:3000: UserWarning: You are saving your model as an HDF5 file via `model.save()`. This file format is considered legacy. We recommend using instead the native Keras format, e.g. `model.save('my_model.keras')`.
  saving_api.save_model(
2/2 [==============================] - 2s 1s/step - loss: 7.7094 - accuracy: 0.1333 - val_loss: 6.4087 - val_accuracy: 0.2000 - lr: 5.0000e-04
Epoch 2/10
2/2 [==============================] - 2s 1s/step - loss: 6.6775 - accuracy: 0.1833 - val_loss: 5.5844 - val_accuracy: 0.2000 - lr: 5.0000e-04
Epoch 3/10
2/2 [==============================] - 2s 1s/step - loss: 5.7736 - accuracy: 0.1667 - val_loss: 5.1337 - val_accuracy: 0.2000 - lr: 5.0000e-04
Epoch 4/10
2/2 [==============================] - 2s 1s/step - loss: 5.0887 - accuracy: 0.2000 - val_loss: 4.8716 - val_accuracy: 0.2000 - lr: 5.0000e-04
Epoch 5/10
2/2 [==============================] - 2s 1s/step - loss: 4.8478 - accuracy: 0.2500 - val_loss: 4.7109 - val_accuracy: 0.4000 - lr: 5.0000e-04
Epoch 6/10
2/2 [==============================] - 2s 1s/step - loss: 4.7172 - accuracy: 0.1667 - val_loss: 4.6145 - val_accuracy: 0.4000 - lr: 5.0000e-04
Epoch 7/10
2/2 [==============================] - 2s 1s/step - loss: 4.6058 - accuracy: 0.2333 - val_loss: 4.5259 - val_accuracy: 0.4000 - lr: 5.0000e-04
Epoch 8/10
2/2 [==============================] - 2s 1s/step - loss: 4.5362 - accuracy: 0.1833 - val_loss: 4.4282 - val_accuracy: 0.4000 - lr: 5.0000e-04
Epoch 9/10
2/2 [==============================] - 2s 1s/step - loss: 4.4597 - accuracy: 0.2500 - val_loss: 4.3235 - val_accuracy: 0.4000 - lr: 5.0000e-04
Epoch 10/10
2/2 [==============================] - 2s 1s/step - loss: 4.3314 - accuracy: 0.2333 - val_loss: 4.2088 - val_accuracy: 0.6000 - lr: 5.0000e-04
1/1 [==============================] - 0s 107ms/step - loss: 4.2688 - accuracy: 0.1429
Found 60 images belonging to 6 classes.
Found 5 images belonging to 6 classes.
Found 7 images belonging to 6 classes.
Epoch 1/15
2/2 [==============================] - ETA: 0s - loss: 7.8130 - accuracy: 0.1333C:\Users\tom.zbc\PycharmProjects\fungis_bacterias_project\.venv\lib\site-packages\keras\src\engine\training.py:3000: UserWarning: You are saving your model as an HDF5 file via `model.save()`. This file format is considered legacy. We recommend using instead the native Keras format, e.g. `model.save('my_model.keras')`.
  saving_api.save_model(
2/2 [==============================] - 2s 1s/step - loss: 7.8130 - accuracy: 0.1333 - val_loss: 6.7433 - val_accuracy: 0.2000 - lr: 5.0000e-04
Epoch 2/15
2/2 [==============================] - 2s 1s/step - loss: 6.7059 - accuracy: 0.2000 - val_loss: 5.9920 - val_accuracy: 0.2000 - lr: 5.0000e-04
Epoch 3/15
2/2 [==============================] - 2s 1s/step - loss: 5.9116 - accuracy: 0.1667 - val_loss: 5.2342 - val_accuracy: 0.0000e+00 - lr: 5.0000e-04
Epoch 4/15
2/2 [==============================] - 2s 1s/step - loss: 5.1845 - accuracy: 0.2833 - val_loss: 4.9105 - val_accuracy: 0.4000 - lr: 5.0000e-04
Epoch 5/15
2/2 [==============================] - 2s 1s/step - loss: 4.9400 - accuracy: 0.1833 - val_loss: 4.7534 - val_accuracy: 0.4000 - lr: 5.0000e-04
Epoch 6/15
2/2 [==============================] - 2s 1s/step - loss: 4.7554 - accuracy: 0.1667 - val_loss: 4.6527 - val_accuracy: 0.2000 - lr: 5.0000e-04
Epoch 7/15
2/2 [==============================] - 2s 1s/step - loss: 4.6409 - accuracy: 0.2500 - val_loss: 4.5641 - val_accuracy: 0.2000 - lr: 5.0000e-04
Epoch 8/15
2/2 [==============================] - 2s 1s/step - loss: 4.5523 - accuracy: 0.1667 - val_loss: 4.4717 - val_accuracy: 0.2000 - lr: 5.0000e-04
Epoch 9/15
2/2 [==============================] - 2s 1s/step - loss: 4.4456 - accuracy: 0.2167 - val_loss: 4.3611 - val_accuracy: 0.2000 - lr: 5.0000e-04
Epoch 10/15
2/2 [==============================] - 2s 1s/step - loss: 4.3311 - accuracy: 0.2667 - val_loss: 4.2337 - val_accuracy: 0.2000 - lr: 5.0000e-04
Epoch 11/15
2/2 [==============================] - 2s 1s/step - loss: 4.2021 - accuracy: 0.2000 - val_loss: 4.0937 - val_accuracy: 0.2000 - lr: 5.0000e-04
Epoch 12/15
2/2 [==============================] - 2s 1s/step - loss: 4.0547 - accuracy: 0.1667 - val_loss: 3.9476 - val_accuracy: 0.2000 - lr: 5.0000e-04
Epoch 13/15
2/2 [==============================] - 2s 1s/step - loss: 3.9060 - accuracy: 0.2667 - val_loss: 3.8024 - val_accuracy: 0.2000 - lr: 5.0000e-04
Epoch 14/15
2/2 [==============================] - 2s 1s/step - loss: 3.7637 - accuracy: 0.1500 - val_loss: 3.6642 - val_accuracy: 0.2000 - lr: 5.0000e-04
Epoch 15/15
2/2 [==============================] - 2s 1s/step - loss: 3.6357 - accuracy: 0.2167 - val_loss: 3.5343 - val_accuracy: 0.2000 - lr: 5.0000e-04
1/1 [==============================] - 0s 96ms/step - loss: 3.5588 - accuracy: 0.0000e+00
Found 60 images belonging to 6 classes.
Found 5 images belonging to 6 classes.
Found 7 images belonging to 6 classes.
Epoch 1/10
2/2 [==============================] - ETA: 0s - loss: 7.7754 - accuracy: 0.1167C:\Users\tom.zbc\PycharmProjects\fungis_bacterias_project\.venv\lib\site-packages\keras\src\engine\training.py:3000: UserWarning: You are saving your model as an HDF5 file via `model.save()`. This file format is considered legacy. We recommend using instead the native Keras format, e.g. `model.save('my_model.keras')`.
  saving_api.save_model(
2/2 [==============================] - 2s 1s/step - loss: 7.7754 - accuracy: 0.1167 - val_loss: 6.4972 - val_accuracy: 0.2000 - lr: 5.0000e-04
Epoch 2/10
2/2 [==============================] - 2s 1s/step - loss: 6.6819 - accuracy: 0.1000 - val_loss: 5.7664 - val_accuracy: 0.0000e+00 - lr: 5.0000e-04
Epoch 3/10
2/2 [==============================] - 2s 1s/step - loss: 5.7647 - accuracy: 0.1500 - val_loss: 5.1454 - val_accuracy: 0.4000 - lr: 5.0000e-04
Epoch 4/10
2/2 [==============================] - 2s 1s/step - loss: 5.2331 - accuracy: 0.1833 - val_loss: 4.8855 - val_accuracy: 0.2000 - lr: 5.0000e-04
Epoch 5/10
2/2 [==============================] - 2s 1s/step - loss: 4.8972 - accuracy: 0.1833 - val_loss: 4.7074 - val_accuracy: 0.2000 - lr: 5.0000e-04
Epoch 6/10
2/2 [==============================] - 2s 1s/step - loss: 4.7129 - accuracy: 0.1500 - val_loss: 4.5694 - val_accuracy: 0.4000 - lr: 5.0000e-04
Epoch 7/10
2/2 [==============================] - 2s 1s/step - loss: 4.5781 - accuracy: 0.2500 - val_loss: 4.4483 - val_accuracy: 0.2000 - lr: 5.0000e-04
Epoch 8/10
2/2 [==============================] - 2s 1s/step - loss: 4.4591 - accuracy: 0.2000 - val_loss: 4.3556 - val_accuracy: 0.2000 - lr: 5.0000e-04
Epoch 9/10
2/2 [==============================] - 2s 1s/step - loss: 4.3460 - accuracy: 0.0833 - val_loss: 4.2436 - val_accuracy: 0.0000e+00 - lr: 5.0000e-04
Epoch 10/10
2/2 [==============================] - 2s 1s/step - loss: 4.2122 - accuracy: 0.2500 - val_loss: 4.1091 - val_accuracy: 0.0000e+00 - lr: 5.0000e-04
1/1 [==============================] - 0s 93ms/step - loss: 4.0589 - accuracy: 0.2857
Found 60 images belonging to 6 classes.
Found 5 images belonging to 6 classes.
Found 7 images belonging to 6 classes.
Epoch 1/15
2/2 [==============================] - ETA: 0s - loss: 7.5585 - accuracy: 0.0667C:\Users\tom.zbc\PycharmProjects\fungis_bacterias_project\.venv\lib\site-packages\keras\src\engine\training.py:3000: UserWarning: You are saving your model as an HDF5 file via `model.save()`. This file format is considered legacy. We recommend using instead the native Keras format, e.g. `model.save('my_model.keras')`.
  saving_api.save_model(
2/2 [==============================] - 3s 1s/step - loss: 7.5585 - accuracy: 0.0667 - val_loss: 6.2396 - val_accuracy: 0.6000 - lr: 5.0000e-04
Epoch 2/15
2/2 [==============================] - 2s 1s/step - loss: 6.2404 - accuracy: 0.2167 - val_loss: 5.3189 - val_accuracy: 0.2000 - lr: 5.0000e-04
Epoch 3/15
2/2 [==============================] - 2s 1s/step - loss: 5.5604 - accuracy: 0.1667 - val_loss: 4.9192 - val_accuracy: 0.2000 - lr: 5.0000e-04
Epoch 4/15
2/2 [==============================] - 2s 1s/step - loss: 4.9476 - accuracy: 0.1833 - val_loss: 4.6466 - val_accuracy: 0.4000 - lr: 5.0000e-04
Epoch 5/15
2/2 [==============================] - 2s 1s/step - loss: 4.5993 - accuracy: 0.2000 - val_loss: 4.4342 - val_accuracy: 0.4000 - lr: 5.0000e-04
Epoch 6/15
2/2 [==============================] - 2s 1s/step - loss: 4.3486 - accuracy: 0.3000 - val_loss: 4.2934 - val_accuracy: 0.4000 - lr: 5.0000e-04
Epoch 7/15
2/2 [==============================] - 2s 1s/step - loss: 4.2428 - accuracy: 0.1833 - val_loss: 4.1805 - val_accuracy: 0.4000 - lr: 5.0000e-04
Epoch 8/15
2/2 [==============================] - 2s 1s/step - loss: 4.1280 - accuracy: 0.2333 - val_loss: 4.0636 - val_accuracy: 0.4000 - lr: 5.0000e-04
Epoch 9/15
2/2 [==============================] - 2s 1s/step - loss: 4.0304 - accuracy: 0.2333 - val_loss: 3.9346 - val_accuracy: 0.4000 - lr: 5.0000e-04
Epoch 10/15
2/2 [==============================] - 2s 1s/step - loss: 3.8996 - accuracy: 0.2500 - val_loss: 3.7965 - val_accuracy: 0.4000 - lr: 5.0000e-04
Epoch 11/15
2/2 [==============================] - 2s 1s/step - loss: 3.7918 - accuracy: 0.1667 - val_loss: 3.6558 - val_accuracy: 0.2000 - lr: 5.0000e-04
Epoch 12/15
2/2 [==============================] - 2s 1s/step - loss: 3.6451 - accuracy: 0.2000 - val_loss: 3.5108 - val_accuracy: 0.4000 - lr: 5.0000e-04
Epoch 13/15
2/2 [==============================] - 2s 1s/step - loss: 3.4847 - accuracy: 0.2833 - val_loss: 3.3568 - val_accuracy: 0.4000 - lr: 5.0000e-04
Epoch 14/15
2/2 [==============================] - 2s 1s/step - loss: 3.4030 - accuracy: 0.1667 - val_loss: 3.2011 - val_accuracy: 0.4000 - lr: 5.0000e-04
Epoch 15/15
2/2 [==============================] - 2s 1s/step - loss: 3.3124 - accuracy: 0.1500 - val_loss: 3.0929 - val_accuracy: 0.4000 - lr: 5.0000e-04
1/1 [==============================] - 0s 101ms/step - loss: 3.1410 - accuracy: 0.2857
Found 60 images belonging to 6 classes.
Found 5 images belonging to 6 classes.
Found 7 images belonging to 6 classes.
Epoch 1/10
2/2 [==============================] - ETA: 0s - loss: 7.7712 - accuracy: 0.0500C:\Users\tom.zbc\PycharmProjects\fungis_bacterias_project\.venv\lib\site-packages\keras\src\engine\training.py:3000: UserWarning: You are saving your model as an HDF5 file via `model.save()`. This file format is considered legacy. We recommend using instead the native Keras format, e.g. `model.save('my_model.keras')`.
  saving_api.save_model(
2/2 [==============================] - 2s 1s/step - loss: 7.7712 - accuracy: 0.0500 - val_loss: 6.4331 - val_accuracy: 0.2000 - lr: 5.0000e-04
Epoch 2/10
2/2 [==============================] - 2s 1s/step - loss: 6.8277 - accuracy: 0.1333 - val_loss: 6.0592 - val_accuracy: 0.0000e+00 - lr: 5.0000e-04
Epoch 3/10
2/2 [==============================] - 2s 1s/step - loss: 5.6997 - accuracy: 0.2667 - val_loss: 5.2917 - val_accuracy: 0.2000 - lr: 5.0000e-04
Epoch 4/10
2/2 [==============================] - 2s 1s/step - loss: 5.3536 - accuracy: 0.0833 - val_loss: 4.9321 - val_accuracy: 0.2000 - lr: 5.0000e-04
Epoch 5/10
2/2 [==============================] - 2s 1s/step - loss: 5.0039 - accuracy: 0.1167 - val_loss: 4.7435 - val_accuracy: 0.2000 - lr: 5.0000e-04
Epoch 6/10
2/2 [==============================] - 2s 1s/step - loss: 4.7726 - accuracy: 0.1167 - val_loss: 4.6134 - val_accuracy: 0.2000 - lr: 5.0000e-04
Epoch 7/10
2/2 [==============================] - 2s 1s/step - loss: 4.6443 - accuracy: 0.1833 - val_loss: 4.5139 - val_accuracy: 0.6000 - lr: 5.0000e-04
Epoch 8/10
2/2 [==============================] - 2s 1s/step - loss: 4.5380 - accuracy: 0.2167 - val_loss: 4.4101 - val_accuracy: 0.4000 - lr: 5.0000e-04
Epoch 9/10
2/2 [==============================] - 2s 1s/step - loss: 4.4240 - accuracy: 0.2500 - val_loss: 4.2973 - val_accuracy: 0.4000 - lr: 5.0000e-04
Epoch 10/10
2/2 [==============================] - 2s 1s/step - loss: 4.2973 - accuracy: 0.2333 - val_loss: 4.1669 - val_accuracy: 0.0000e+00 - lr: 5.0000e-04
1/1 [==============================] - 0s 108ms/step - loss: 4.1749 - accuracy: 0.0000e+00
Found 60 images belonging to 6 classes.
Found 5 images belonging to 6 classes.
Found 7 images belonging to 6 classes.
Epoch 1/15
2/2 [==============================] - ETA: 0s - loss: 7.4656 - accuracy: 0.1667C:\Users\tom.zbc\PycharmProjects\fungis_bacterias_project\.venv\lib\site-packages\keras\src\engine\training.py:3000: UserWarning: You are saving your model as an HDF5 file via `model.save()`. This file format is considered legacy. We recommend using instead the native Keras format, e.g. `model.save('my_model.keras')`.
  saving_api.save_model(
2/2 [==============================] - 2s 1s/step - loss: 7.4656 - accuracy: 0.1667 - val_loss: 6.8620 - val_accuracy: 0.0000e+00 - lr: 5.0000e-04
Epoch 2/15
2/2 [==============================] - 2s 1s/step - loss: 6.3515 - accuracy: 0.1167 - val_loss: 5.7431 - val_accuracy: 0.0000e+00 - lr: 5.0000e-04
Epoch 3/15
2/2 [==============================] - 2s 1s/step - loss: 5.4236 - accuracy: 0.2500 - val_loss: 5.0959 - val_accuracy: 0.2000 - lr: 5.0000e-04
Epoch 4/15
2/2 [==============================] - 2s 1s/step - loss: 4.9393 - accuracy: 0.2167 - val_loss: 4.6640 - val_accuracy: 0.0000e+00 - lr: 5.0000e-04
Epoch 5/15
2/2 [==============================] - 2s 1s/step - loss: 4.5488 - accuracy: 0.2000 - val_loss: 4.4194 - val_accuracy: 0.2000 - lr: 5.0000e-04
Epoch 6/15
2/2 [==============================] - 2s 1s/step - loss: 4.3471 - accuracy: 0.2667 - val_loss: 4.2800 - val_accuracy: 0.4000 - lr: 5.0000e-04
Epoch 7/15
2/2 [==============================] - 2s 1s/step - loss: 4.2555 - accuracy: 0.1833 - val_loss: 4.1810 - val_accuracy: 0.4000 - lr: 5.0000e-04
Epoch 8/15
2/2 [==============================] - 2s 1s/step - loss: 4.1770 - accuracy: 0.1167 - val_loss: 4.0878 - val_accuracy: 0.4000 - lr: 5.0000e-04
Epoch 9/15
2/2 [==============================] - 2s 1s/step - loss: 4.0712 - accuracy: 0.2500 - val_loss: 3.9779 - val_accuracy: 0.2000 - lr: 5.0000e-04
Epoch 10/15
2/2 [==============================] - 2s 1s/step - loss: 3.9325 - accuracy: 0.3167 - val_loss: 3.8522 - val_accuracy: 0.0000e+00 - lr: 5.0000e-04
Epoch 11/15
2/2 [==============================] - 2s 1s/step - loss: 3.8335 - accuracy: 0.2000 - val_loss: 3.7087 - val_accuracy: 0.2000 - lr: 5.0000e-04
Epoch 12/15
2/2 [==============================] - 2s 1s/step - loss: 3.6969 - accuracy: 0.2333 - val_loss: 3.5548 - val_accuracy: 0.2000 - lr: 5.0000e-04
Epoch 13/15
2/2 [==============================] - 2s 1s/step - loss: 3.5461 - accuracy: 0.2333 - val_loss: 3.4122 - val_accuracy: 0.2000 - lr: 5.0000e-04
Epoch 14/15
2/2 [==============================] - 2s 1s/step - loss: 3.4196 - accuracy: 0.2000 - val_loss: 3.2890 - val_accuracy: 0.2000 - lr: 5.0000e-04
Epoch 15/15
2/2 [==============================] - 2s 1s/step - loss: 3.3072 - accuracy: 0.1833 - val_loss: 3.1814 - val_accuracy: 0.2000 - lr: 5.0000e-04
1/1 [==============================] - 0s 98ms/step - loss: 3.2432 - accuracy: 0.2857
Found 60 images belonging to 6 classes.
Found 5 images belonging to 6 classes.
Found 7 images belonging to 6 classes.
Epoch 1/10
2/2 [==============================] - ETA: 0s - loss: 7.3142 - accuracy: 0.3000C:\Users\tom.zbc\PycharmProjects\fungis_bacterias_project\.venv\lib\site-packages\keras\src\engine\training.py:3000: UserWarning: You are saving your model as an HDF5 file via `model.save()`. This file format is considered legacy. We recommend using instead the native Keras format, e.g. `model.save('my_model.keras')`.
  saving_api.save_model(
2/2 [==============================] - 2s 919ms/step - loss: 7.3142 - accuracy: 0.3000 - val_loss: 7.2479 - val_accuracy: 0.0000e+00 - lr: 1.0000e-04
Epoch 2/10
2/2 [==============================] - 1s 741ms/step - loss: 7.0760 - accuracy: 0.2667 - val_loss: 7.0497 - val_accuracy: 0.0000e+00 - lr: 1.0000e-04
Epoch 3/10
2/2 [==============================] - 1s 705ms/step - loss: 6.9410 - accuracy: 0.2000 - val_loss: 6.8622 - val_accuracy: 0.0000e+00 - lr: 1.0000e-04
Epoch 4/10
2/2 [==============================] - 1s 789ms/step - loss: 6.8043 - accuracy: 0.2167 - val_loss: 6.7026 - val_accuracy: 0.0000e+00 - lr: 1.0000e-04
Epoch 5/10
2/2 [==============================] - 1s 750ms/step - loss: 6.6024 - accuracy: 0.1833 - val_loss: 6.4913 - val_accuracy: 0.0000e+00 - lr: 1.0000e-04
Epoch 6/10
2/2 [==============================] - 1s 725ms/step - loss: 6.4483 - accuracy: 0.2500 - val_loss: 6.2954 - val_accuracy: 0.0000e+00 - lr: 1.0000e-04
Epoch 7/10
2/2 [==============================] - 1s 718ms/step - loss: 6.2742 - accuracy: 0.1833 - val_loss: 6.1482 - val_accuracy: 0.2000 - lr: 1.0000e-04
Epoch 8/10
2/2 [==============================] - 1s 728ms/step - loss: 6.0918 - accuracy: 0.2333 - val_loss: 6.0164 - val_accuracy: 0.2000 - lr: 1.0000e-04
Epoch 9/10
2/2 [==============================] - 1s 779ms/step - loss: 5.9330 - accuracy: 0.2333 - val_loss: 5.8610 - val_accuracy: 0.2000 - lr: 1.0000e-04
Epoch 10/10
2/2 [==============================] - 1s 715ms/step - loss: 5.7391 - accuracy: 0.2500 - val_loss: 5.7210 - val_accuracy: 0.0000e+00 - lr: 1.0000e-04
1/1 [==============================] - 0s 87ms/step - loss: 5.6390 - accuracy: 0.2857
Found 60 images belonging to 6 classes.
Found 5 images belonging to 6 classes.
Found 7 images belonging to 6 classes.
Epoch 1/15
2/2 [==============================] - ETA: 0s - loss: 7.3375 - accuracy: 0.1667C:\Users\tom.zbc\PycharmProjects\fungis_bacterias_project\.venv\lib\site-packages\keras\src\engine\training.py:3000: UserWarning: You are saving your model as an HDF5 file via `model.save()`. This file format is considered legacy. We recommend using instead the native Keras format, e.g. `model.save('my_model.keras')`.
  saving_api.save_model(
2/2 [==============================] - 2s 954ms/step - loss: 7.3375 - accuracy: 0.1667 - val_loss: 7.2546 - val_accuracy: 0.2000 - lr: 1.0000e-04
Epoch 2/15
2/2 [==============================] - 1s 721ms/step - loss: 7.2714 - accuracy: 0.1833 - val_loss: 6.9985 - val_accuracy: 0.0000e+00 - lr: 1.0000e-04
Epoch 3/15
2/2 [==============================] - 1s 694ms/step - loss: 7.0566 - accuracy: 0.1000 - val_loss: 6.7716 - val_accuracy: 0.2000 - lr: 1.0000e-04
Epoch 4/15
2/2 [==============================] - 1s 717ms/step - loss: 6.8738 - accuracy: 0.1833 - val_loss: 6.5599 - val_accuracy: 0.4000 - lr: 1.0000e-04
Epoch 5/15
2/2 [==============================] - 1s 765ms/step - loss: 6.6469 - accuracy: 0.2333 - val_loss: 6.3682 - val_accuracy: 0.6000 - lr: 1.0000e-04
Epoch 6/15
2/2 [==============================] - 1s 701ms/step - loss: 6.4915 - accuracy: 0.2000 - val_loss: 6.1849 - val_accuracy: 0.6000 - lr: 1.0000e-04
Epoch 7/15
2/2 [==============================] - 1s 751ms/step - loss: 6.3634 - accuracy: 0.2167 - val_loss: 6.0357 - val_accuracy: 0.4000 - lr: 1.0000e-04
Epoch 8/15
2/2 [==============================] - 1s 740ms/step - loss: 6.2259 - accuracy: 0.2333 - val_loss: 5.9324 - val_accuracy: 0.4000 - lr: 1.0000e-04
Epoch 9/15
2/2 [==============================] - 1s 682ms/step - loss: 6.1136 - accuracy: 0.1833 - val_loss: 5.8383 - val_accuracy: 0.6000 - lr: 1.0000e-04
Epoch 10/15
2/2 [==============================] - 1s 757ms/step - loss: 5.9485 - accuracy: 0.1667 - val_loss: 5.7513 - val_accuracy: 0.6000 - lr: 1.0000e-04
Epoch 11/15
2/2 [==============================] - 1s 789ms/step - loss: 5.7718 - accuracy: 0.3833 - val_loss: 5.6520 - val_accuracy: 0.6000 - lr: 1.0000e-04
Epoch 12/15
2/2 [==============================] - 1s 723ms/step - loss: 5.6624 - accuracy: 0.2333 - val_loss: 5.5108 - val_accuracy: 0.6000 - lr: 1.0000e-04
Epoch 13/15
2/2 [==============================] - 1s 779ms/step - loss: 5.5661 - accuracy: 0.3000 - val_loss: 5.3762 - val_accuracy: 0.6000 - lr: 1.0000e-04
Epoch 14/15
2/2 [==============================] - 1s 722ms/step - loss: 5.4254 - accuracy: 0.2833 - val_loss: 5.2152 - val_accuracy: 0.6000 - lr: 1.0000e-04
Epoch 15/15
2/2 [==============================] - 1s 793ms/step - loss: 5.3098 - accuracy: 0.2833 - val_loss: 5.0727 - val_accuracy: 0.6000 - lr: 1.0000e-04
1/1 [==============================] - 0s 95ms/step - loss: 5.2443 - accuracy: 0.2857
Found 60 images belonging to 6 classes.
Found 5 images belonging to 6 classes.
Found 7 images belonging to 6 classes.
Epoch 1/10
2/2 [==============================] - ETA: 0s - loss: 7.3511 - accuracy: 0.1167C:\Users\tom.zbc\PycharmProjects\fungis_bacterias_project\.venv\lib\site-packages\keras\src\engine\training.py:3000: UserWarning: You are saving your model as an HDF5 file via `model.save()`. This file format is considered legacy. We recommend using instead the native Keras format, e.g. `model.save('my_model.keras')`.
  saving_api.save_model(
2/2 [==============================] - 2s 926ms/step - loss: 7.3511 - accuracy: 0.1167 - val_loss: 7.1903 - val_accuracy: 0.2000 - lr: 1.0000e-04
Epoch 2/10
2/2 [==============================] - 1s 716ms/step - loss: 7.1130 - accuracy: 0.1167 - val_loss: 6.9861 - val_accuracy: 0.2000 - lr: 1.0000e-04
Epoch 3/10
2/2 [==============================] - 1s 710ms/step - loss: 6.9173 - accuracy: 0.2333 - val_loss: 6.7309 - val_accuracy: 0.2000 - lr: 1.0000e-04
Epoch 4/10
2/2 [==============================] - 1s 712ms/step - loss: 6.6639 - accuracy: 0.3167 - val_loss: 6.4921 - val_accuracy: 0.2000 - lr: 1.0000e-04
Epoch 5/10
2/2 [==============================] - 1s 709ms/step - loss: 6.4785 - accuracy: 0.1833 - val_loss: 6.3068 - val_accuracy: 0.2000 - lr: 1.0000e-04
Epoch 6/10
2/2 [==============================] - 1s 716ms/step - loss: 6.3477 - accuracy: 0.1500 - val_loss: 6.1401 - val_accuracy: 0.2000 - lr: 1.0000e-04
Epoch 7/10
2/2 [==============================] - 1s 710ms/step - loss: 6.1567 - accuracy: 0.1333 - val_loss: 5.9928 - val_accuracy: 0.2000 - lr: 1.0000e-04
Epoch 8/10
2/2 [==============================] - 1s 739ms/step - loss: 5.9336 - accuracy: 0.2167 - val_loss: 5.8450 - val_accuracy: 0.0000e+00 - lr: 1.0000e-04
Epoch 9/10
2/2 [==============================] - 1s 744ms/step - loss: 5.8060 - accuracy: 0.1500 - val_loss: 5.6853 - val_accuracy: 0.0000e+00 - lr: 1.0000e-04
Epoch 10/10
2/2 [==============================] - 1s 705ms/step - loss: 5.6144 - accuracy: 0.2833 - val_loss: 5.5153 - val_accuracy: 0.0000e+00 - lr: 1.0000e-04
1/1 [==============================] - 0s 85ms/step - loss: 5.4569 - accuracy: 0.2857
Found 60 images belonging to 6 classes.
Found 5 images belonging to 6 classes.
Found 7 images belonging to 6 classes.
Epoch 1/15
2/2 [==============================] - ETA: 0s - loss: 7.3815 - accuracy: 0.1000C:\Users\tom.zbc\PycharmProjects\fungis_bacterias_project\.venv\lib\site-packages\keras\src\engine\training.py:3000: UserWarning: You are saving your model as an HDF5 file via `model.save()`. This file format is considered legacy. We recommend using instead the native Keras format, e.g. `model.save('my_model.keras')`.
  saving_api.save_model(
2/2 [==============================] - 2s 869ms/step - loss: 7.3815 - accuracy: 0.1000 - val_loss: 7.2120 - val_accuracy: 0.2000 - lr: 1.0000e-04
Epoch 2/15
2/2 [==============================] - 1s 775ms/step - loss: 7.1293 - accuracy: 0.1833 - val_loss: 6.9366 - val_accuracy: 0.2000 - lr: 1.0000e-04
Epoch 3/15
2/2 [==============================] - 1s 781ms/step - loss: 6.8946 - accuracy: 0.2000 - val_loss: 6.7104 - val_accuracy: 0.4000 - lr: 1.0000e-04
Epoch 4/15
2/2 [==============================] - 1s 760ms/step - loss: 6.7244 - accuracy: 0.1833 - val_loss: 6.5190 - val_accuracy: 0.4000 - lr: 1.0000e-04
Epoch 5/15
2/2 [==============================] - 1s 788ms/step - loss: 6.5013 - accuracy: 0.2000 - val_loss: 6.3296 - val_accuracy: 0.2000 - lr: 1.0000e-04
Epoch 6/15
2/2 [==============================] - 1s 771ms/step - loss: 6.3786 - accuracy: 0.1333 - val_loss: 6.1543 - val_accuracy: 0.2000 - lr: 1.0000e-04
Epoch 7/15
2/2 [==============================] - 1s 757ms/step - loss: 6.1715 - accuracy: 0.1500 - val_loss: 5.9762 - val_accuracy: 0.2000 - lr: 1.0000e-04
Epoch 8/15
2/2 [==============================] - 1s 765ms/step - loss: 5.9434 - accuracy: 0.3000 - val_loss: 5.8050 - val_accuracy: 0.2000 - lr: 1.0000e-04
Epoch 9/15
2/2 [==============================] - 1s 762ms/step - loss: 5.7956 - accuracy: 0.2000 - val_loss: 5.6428 - val_accuracy: 0.2000 - lr: 1.0000e-04
Epoch 10/15
2/2 [==============================] - 1s 767ms/step - loss: 5.6456 - accuracy: 0.2333 - val_loss: 5.4959 - val_accuracy: 0.2000 - lr: 1.0000e-04
Epoch 11/15
2/2 [==============================] - 1s 746ms/step - loss: 5.4776 - accuracy: 0.3000 - val_loss: 5.3465 - val_accuracy: 0.2000 - lr: 1.0000e-04
Epoch 12/15
2/2 [==============================] - 1s 724ms/step - loss: 5.3112 - accuracy: 0.3667 - val_loss: 5.2046 - val_accuracy: 0.4000 - lr: 1.0000e-04
Epoch 13/15
2/2 [==============================] - 1s 784ms/step - loss: 5.1727 - accuracy: 0.2500 - val_loss: 5.0616 - val_accuracy: 0.2000 - lr: 1.0000e-04
Epoch 14/15
2/2 [==============================] - 1s 771ms/step - loss: 5.0768 - accuracy: 0.2000 - val_loss: 4.9157 - val_accuracy: 0.4000 - lr: 1.0000e-04
Epoch 15/15
2/2 [==============================] - 1s 706ms/step - loss: 4.9454 - accuracy: 0.2500 - val_loss: 4.7897 - val_accuracy: 0.4000 - lr: 1.0000e-04
1/1 [==============================] - 0s 86ms/step - loss: 4.7582 - accuracy: 0.2857
Found 60 images belonging to 6 classes.
Found 5 images belonging to 6 classes.
Found 7 images belonging to 6 classes.
Epoch 1/10
2/2 [==============================] - ETA: 0s - loss: 7.3496 - accuracy: 0.1167C:\Users\tom.zbc\PycharmProjects\fungis_bacterias_project\.venv\lib\site-packages\keras\src\engine\training.py:3000: UserWarning: You are saving your model as an HDF5 file via `model.save()`. This file format is considered legacy. We recommend using instead the native Keras format, e.g. `model.save('my_model.keras')`.
  saving_api.save_model(
2/2 [==============================] - 2s 918ms/step - loss: 7.3496 - accuracy: 0.1167 - val_loss: 7.2928 - val_accuracy: 0.0000e+00 - lr: 1.0000e-04
Epoch 2/10
2/2 [==============================] - 1s 761ms/step - loss: 7.1158 - accuracy: 0.1667 - val_loss: 6.9955 - val_accuracy: 0.0000e+00 - lr: 1.0000e-04
Epoch 3/10
2/2 [==============================] - 1s 762ms/step - loss: 6.9188 - accuracy: 0.1833 - val_loss: 6.7653 - val_accuracy: 0.2000 - lr: 1.0000e-04
Epoch 4/10
2/2 [==============================] - 1s 699ms/step - loss: 6.7302 - accuracy: 0.2167 - val_loss: 6.5585 - val_accuracy: 0.2000 - lr: 1.0000e-04
Epoch 5/10
2/2 [==============================] - 1s 794ms/step - loss: 6.5537 - accuracy: 0.1500 - val_loss: 6.3410 - val_accuracy: 0.4000 - lr: 1.0000e-04
Epoch 6/10
2/2 [==============================] - 1s 778ms/step - loss: 6.3166 - accuracy: 0.2000 - val_loss: 6.1362 - val_accuracy: 0.6000 - lr: 1.0000e-04
Epoch 7/10
2/2 [==============================] - 1s 706ms/step - loss: 6.1233 - accuracy: 0.2667 - val_loss: 5.9459 - val_accuracy: 0.6000 - lr: 1.0000e-04
Epoch 8/10
2/2 [==============================] - 1s 712ms/step - loss: 6.0047 - accuracy: 0.1833 - val_loss: 5.7652 - val_accuracy: 0.6000 - lr: 1.0000e-04
Epoch 9/10
2/2 [==============================] - 1s 681ms/step - loss: 5.8879 - accuracy: 0.1167 - val_loss: 5.5916 - val_accuracy: 0.6000 - lr: 1.0000e-04
Epoch 10/10
2/2 [==============================] - 1s 789ms/step - loss: 5.6686 - accuracy: 0.2500 - val_loss: 5.4305 - val_accuracy: 0.6000 - lr: 1.0000e-04
1/1 [==============================] - 0s 94ms/step - loss: 5.5169 - accuracy: 0.4286
Found 60 images belonging to 6 classes.
Found 5 images belonging to 6 classes.
Found 7 images belonging to 6 classes.
Epoch 1/15
2/2 [==============================] - ETA: 0s - loss: 7.3532 - accuracy: 0.1833C:\Users\tom.zbc\PycharmProjects\fungis_bacterias_project\.venv\lib\site-packages\keras\src\engine\training.py:3000: UserWarning: You are saving your model as an HDF5 file via `model.save()`. This file format is considered legacy. We recommend using instead the native Keras format, e.g. `model.save('my_model.keras')`.
  saving_api.save_model(
2/2 [==============================] - 2s 888ms/step - loss: 7.3532 - accuracy: 0.1833 - val_loss: 7.2108 - val_accuracy: 0.2000 - lr: 1.0000e-04
Epoch 2/15
2/2 [==============================] - 1s 800ms/step - loss: 7.1411 - accuracy: 0.1667 - val_loss: 6.9642 - val_accuracy: 0.2000 - lr: 1.0000e-04
Epoch 3/15
2/2 [==============================] - 1s 720ms/step - loss: 6.9739 - accuracy: 0.1667 - val_loss: 6.8687 - val_accuracy: 0.2000 - lr: 1.0000e-04
Epoch 4/15
2/2 [==============================] - 1s 778ms/step - loss: 6.8753 - accuracy: 0.1833 - val_loss: 6.6936 - val_accuracy: 0.2000 - lr: 1.0000e-04
Epoch 5/15
2/2 [==============================] - 1s 784ms/step - loss: 6.6452 - accuracy: 0.2333 - val_loss: 6.5570 - val_accuracy: 0.2000 - lr: 1.0000e-04
Epoch 6/15
2/2 [==============================] - 1s 715ms/step - loss: 6.4251 - accuracy: 0.1667 - val_loss: 6.4087 - val_accuracy: 0.2000 - lr: 1.0000e-04
Epoch 7/15
2/2 [==============================] - 1s 703ms/step - loss: 6.3499 - accuracy: 0.1500 - val_loss: 6.2208 - val_accuracy: 0.2000 - lr: 1.0000e-04
Epoch 8/15
2/2 [==============================] - 1s 735ms/step - loss: 6.2131 - accuracy: 0.2000 - val_loss: 6.0280 - val_accuracy: 0.2000 - lr: 1.0000e-04
Epoch 9/15
2/2 [==============================] - 1s 799ms/step - loss: 6.0248 - accuracy: 0.2167 - val_loss: 5.8396 - val_accuracy: 0.2000 - lr: 1.0000e-04
Epoch 10/15
2/2 [==============================] - 1s 698ms/step - loss: 5.9222 - accuracy: 0.3000 - val_loss: 5.6582 - val_accuracy: 0.2000 - lr: 1.0000e-04
Epoch 11/15
2/2 [==============================] - 1s 769ms/step - loss: 5.6692 - accuracy: 0.3667 - val_loss: 5.5108 - val_accuracy: 0.2000 - lr: 1.0000e-04
Epoch 12/15
2/2 [==============================] - 1s 747ms/step - loss: 5.6228 - accuracy: 0.2167 - val_loss: 5.3745 - val_accuracy: 0.2000 - lr: 1.0000e-04
Epoch 13/15
2/2 [==============================] - 1s 715ms/step - loss: 5.4762 - accuracy: 0.2500 - val_loss: 5.2436 - val_accuracy: 0.4000 - lr: 1.0000e-04
Epoch 14/15
2/2 [==============================] - 1s 770ms/step - loss: 5.3643 - accuracy: 0.2667 - val_loss: 5.1521 - val_accuracy: 0.2000 - lr: 1.0000e-04
Epoch 15/15
2/2 [==============================] - 1s 730ms/step - loss: 5.2900 - accuracy: 0.2667 - val_loss: 5.0696 - val_accuracy: 0.2000 - lr: 1.0000e-04
1/1 [==============================] - 0s 88ms/step - loss: 5.1573 - accuracy: 0.0000e+00
Found 60 images belonging to 6 classes.
Found 5 images belonging to 6 classes.
Found 7 images belonging to 6 classes.
Epoch 1/10
2/2 [==============================] - ETA: 0s - loss: 7.3640 - accuracy: 0.1167C:\Users\tom.zbc\PycharmProjects\fungis_bacterias_project\.venv\lib\site-packages\keras\src\engine\training.py:3000: UserWarning: You are saving your model as an HDF5 file via `model.save()`. This file format is considered legacy. We recommend using instead the native Keras format, e.g. `model.save('my_model.keras')`.
  saving_api.save_model(
2/2 [==============================] - 2s 861ms/step - loss: 7.3640 - accuracy: 0.1167 - val_loss: 7.1466 - val_accuracy: 0.2000 - lr: 1.0000e-04
Epoch 2/10
2/2 [==============================] - 1s 778ms/step - loss: 7.1932 - accuracy: 0.0833 - val_loss: 6.9274 - val_accuracy: 0.4000 - lr: 1.0000e-04
Epoch 3/10
2/2 [==============================] - 1s 718ms/step - loss: 7.0336 - accuracy: 0.1167 - val_loss: 6.7411 - val_accuracy: 0.4000 - lr: 1.0000e-04
Epoch 4/10
2/2 [==============================] - 1s 783ms/step - loss: 6.7907 - accuracy: 0.2167 - val_loss: 6.5301 - val_accuracy: 0.2000 - lr: 1.0000e-04
Epoch 5/10
2/2 [==============================] - 1s 718ms/step - loss: 6.6552 - accuracy: 0.2667 - val_loss: 6.3576 - val_accuracy: 0.2000 - lr: 1.0000e-04
Epoch 6/10
2/2 [==============================] - 1s 743ms/step - loss: 6.4861 - accuracy: 0.2000 - val_loss: 6.1872 - val_accuracy: 0.2000 - lr: 1.0000e-04
Epoch 7/10
2/2 [==============================] - 1s 703ms/step - loss: 6.3654 - accuracy: 0.1667 - val_loss: 6.0382 - val_accuracy: 0.6000 - lr: 1.0000e-04
Epoch 8/10
2/2 [==============================] - 1s 701ms/step - loss: 6.1876 - accuracy: 0.1667 - val_loss: 5.9022 - val_accuracy: 0.6000 - lr: 1.0000e-04
Epoch 9/10
2/2 [==============================] - 1s 716ms/step - loss: 5.9723 - accuracy: 0.2500 - val_loss: 5.7712 - val_accuracy: 0.4000 - lr: 1.0000e-04
Epoch 10/10
2/2 [==============================] - 1s 748ms/step - loss: 5.8903 - accuracy: 0.1500 - val_loss: 5.6387 - val_accuracy: 0.4000 - lr: 1.0000e-04
1/1 [==============================] - 0s 86ms/step - loss: 5.6542 - accuracy: 0.1429
Found 60 images belonging to 6 classes.
Found 5 images belonging to 6 classes.
Found 7 images belonging to 6 classes.
Epoch 1/15
2/2 [==============================] - ETA: 0s - loss: 7.3808 - accuracy: 0.1000C:\Users\tom.zbc\PycharmProjects\fungis_bacterias_project\.venv\lib\site-packages\keras\src\engine\training.py:3000: UserWarning: You are saving your model as an HDF5 file via `model.save()`. This file format is considered legacy. We recommend using instead the native Keras format, e.g. `model.save('my_model.keras')`.
  saving_api.save_model(
2/2 [==============================] - 2s 871ms/step - loss: 7.3808 - accuracy: 0.1000 - val_loss: 7.1692 - val_accuracy: 0.4000 - lr: 1.0000e-04
Epoch 2/15
2/2 [==============================] - 1s 742ms/step - loss: 7.1126 - accuracy: 0.1833 - val_loss: 6.8742 - val_accuracy: 0.2000 - lr: 1.0000e-04
Epoch 3/15
2/2 [==============================] - 1s 780ms/step - loss: 6.9405 - accuracy: 0.2333 - val_loss: 6.6642 - val_accuracy: 0.2000 - lr: 1.0000e-04
Epoch 4/15
2/2 [==============================] - 1s 750ms/step - loss: 6.7573 - accuracy: 0.2000 - val_loss: 6.4376 - val_accuracy: 0.4000 - lr: 1.0000e-04
Epoch 5/15
2/2 [==============================] - 1s 720ms/step - loss: 6.5098 - accuracy: 0.2833 - val_loss: 6.2510 - val_accuracy: 0.4000 - lr: 1.0000e-04
Epoch 6/15
2/2 [==============================] - 1s 777ms/step - loss: 6.3251 - accuracy: 0.2667 - val_loss: 6.1032 - val_accuracy: 0.4000 - lr: 1.0000e-04
Epoch 7/15
2/2 [==============================] - 1s 782ms/step - loss: 6.2274 - accuracy: 0.2000 - val_loss: 5.9639 - val_accuracy: 0.4000 - lr: 1.0000e-04
Epoch 8/15
2/2 [==============================] - 1s 693ms/step - loss: 6.0662 - accuracy: 0.2000 - val_loss: 5.7831 - val_accuracy: 0.4000 - lr: 1.0000e-04
Epoch 9/15
2/2 [==============================] - 1s 722ms/step - loss: 5.8857 - accuracy: 0.2167 - val_loss: 5.6107 - val_accuracy: 0.4000 - lr: 1.0000e-04
Epoch 10/15
2/2 [==============================] - 1s 767ms/step - loss: 5.7069 - accuracy: 0.1500 - val_loss: 5.4399 - val_accuracy: 0.4000 - lr: 1.0000e-04
Epoch 11/15
2/2 [==============================] - 1s 708ms/step - loss: 5.5779 - accuracy: 0.2167 - val_loss: 5.3060 - val_accuracy: 0.6000 - lr: 1.0000e-04
Epoch 12/15
2/2 [==============================] - 1s 786ms/step - loss: 5.4107 - accuracy: 0.2833 - val_loss: 5.1929 - val_accuracy: 0.6000 - lr: 1.0000e-04
Epoch 13/15
2/2 [==============================] - 1s 771ms/step - loss: 5.3087 - accuracy: 0.2500 - val_loss: 5.0797 - val_accuracy: 0.4000 - lr: 1.0000e-04
Epoch 14/15
2/2 [==============================] - 1s 710ms/step - loss: 5.2491 - accuracy: 0.2333 - val_loss: 4.9776 - val_accuracy: 0.2000 - lr: 1.0000e-04
Epoch 15/15
2/2 [==============================] - 1s 721ms/step - loss: 5.1128 - accuracy: 0.2500 - val_loss: 4.8787 - val_accuracy: 0.2000 - lr: 1.0000e-04
1/1 [==============================] - 0s 89ms/step - loss: 4.9881 - accuracy: 0.1429
Found 60 images belonging to 6 classes.
Found 5 images belonging to 6 classes.
Found 7 images belonging to 6 classes.
Epoch 1/10
2/2 [==============================] - ETA: 0s - loss: 7.7934 - accuracy: 0.1000C:\Users\tom.zbc\PycharmProjects\fungis_bacterias_project\.venv\lib\site-packages\keras\src\engine\training.py:3000: UserWarning: You are saving your model as an HDF5 file via `model.save()`. This file format is considered legacy. We recommend using instead the native Keras format, e.g. `model.save('my_model.keras')`.
  saving_api.save_model(
2/2 [==============================] - 2s 1s/step - loss: 7.7934 - accuracy: 0.1000 - val_loss: 7.4780 - val_accuracy: 0.2000 - lr: 1.0000e-04
Epoch 2/10
2/2 [==============================] - 2s 1s/step - loss: 7.4749 - accuracy: 0.1333 - val_loss: 7.2167 - val_accuracy: 0.2000 - lr: 1.0000e-04
Epoch 3/10
2/2 [==============================] - 2s 1s/step - loss: 7.1729 - accuracy: 0.2167 - val_loss: 6.9251 - val_accuracy: 0.2000 - lr: 1.0000e-04
Epoch 4/10
2/2 [==============================] - 2s 1s/step - loss: 6.9577 - accuracy: 0.2333 - val_loss: 6.6453 - val_accuracy: 0.2000 - lr: 1.0000e-04
Epoch 5/10
2/2 [==============================] - 2s 1s/step - loss: 6.6720 - accuracy: 0.2833 - val_loss: 6.3730 - val_accuracy: 0.4000 - lr: 1.0000e-04
Epoch 6/10
2/2 [==============================] - 2s 1s/step - loss: 6.4008 - accuracy: 0.2167 - val_loss: 6.1374 - val_accuracy: 0.4000 - lr: 1.0000e-04
Epoch 7/10
2/2 [==============================] - 2s 1s/step - loss: 6.2479 - accuracy: 0.2167 - val_loss: 5.9312 - val_accuracy: 0.4000 - lr: 1.0000e-04
Epoch 8/10
2/2 [==============================] - 2s 1s/step - loss: 6.0431 - accuracy: 0.2333 - val_loss: 5.7280 - val_accuracy: 0.4000 - lr: 1.0000e-04
Epoch 9/10
2/2 [==============================] - 2s 1s/step - loss: 5.8304 - accuracy: 0.2667 - val_loss: 5.5377 - val_accuracy: 0.4000 - lr: 1.0000e-04
Epoch 10/10
2/2 [==============================] - 2s 1s/step - loss: 5.6821 - accuracy: 0.2500 - val_loss: 5.3699 - val_accuracy: 0.4000 - lr: 1.0000e-04
1/1 [==============================] - 0s 100ms/step - loss: 5.5693 - accuracy: 0.0000e+00
Found 60 images belonging to 6 classes.
Found 5 images belonging to 6 classes.
Found 7 images belonging to 6 classes.
Epoch 1/15
2/2 [==============================] - ETA: 0s - loss: 7.7501 - accuracy: 0.2500C:\Users\tom.zbc\PycharmProjects\fungis_bacterias_project\.venv\lib\site-packages\keras\src\engine\training.py:3000: UserWarning: You are saving your model as an HDF5 file via `model.save()`. This file format is considered legacy. We recommend using instead the native Keras format, e.g. `model.save('my_model.keras')`.
  saving_api.save_model(
2/2 [==============================] - 2s 1s/step - loss: 7.7501 - accuracy: 0.2500 - val_loss: 7.5304 - val_accuracy: 0.2000 - lr: 1.0000e-04
Epoch 2/15
2/2 [==============================] - 2s 1s/step - loss: 7.3714 - accuracy: 0.2500 - val_loss: 7.1567 - val_accuracy: 0.0000e+00 - lr: 1.0000e-04
Epoch 3/15
2/2 [==============================] - 2s 1s/step - loss: 7.2166 - accuracy: 0.1000 - val_loss: 6.8749 - val_accuracy: 0.0000e+00 - lr: 1.0000e-04
Epoch 4/15
2/2 [==============================] - 2s 1s/step - loss: 6.8422 - accuracy: 0.2500 - val_loss: 6.5930 - val_accuracy: 0.0000e+00 - lr: 1.0000e-04
Epoch 5/15
2/2 [==============================] - 2s 1s/step - loss: 6.5280 - accuracy: 0.2000 - val_loss: 6.3287 - val_accuracy: 0.0000e+00 - lr: 1.0000e-04
Epoch 6/15
2/2 [==============================] - 2s 1s/step - loss: 6.3163 - accuracy: 0.1667 - val_loss: 6.0925 - val_accuracy: 0.2000 - lr: 1.0000e-04
Epoch 7/15
2/2 [==============================] - 2s 1s/step - loss: 6.0708 - accuracy: 0.2667 - val_loss: 5.8643 - val_accuracy: 0.2000 - lr: 1.0000e-04
Epoch 8/15
2/2 [==============================] - 2s 1s/step - loss: 5.8002 - accuracy: 0.2833 - val_loss: 5.6365 - val_accuracy: 0.2000 - lr: 1.0000e-04
Epoch 9/15
2/2 [==============================] - 2s 1s/step - loss: 5.5886 - accuracy: 0.2500 - val_loss: 5.4095 - val_accuracy: 0.2000 - lr: 1.0000e-04
Epoch 10/15
2/2 [==============================] - 2s 1s/step - loss: 5.3848 - accuracy: 0.3333 - val_loss: 5.1897 - val_accuracy: 0.4000 - lr: 1.0000e-04
Epoch 11/15
2/2 [==============================] - 2s 1s/step - loss: 5.2541 - accuracy: 0.2167 - val_loss: 4.9939 - val_accuracy: 0.6000 - lr: 1.0000e-04
Epoch 12/15
2/2 [==============================] - 2s 1s/step - loss: 5.0172 - accuracy: 0.2333 - val_loss: 4.8299 - val_accuracy: 0.4000 - lr: 1.0000e-04
Epoch 13/15
2/2 [==============================] - 2s 1s/step - loss: 4.8373 - accuracy: 0.3167 - val_loss: 4.6725 - val_accuracy: 0.4000 - lr: 1.0000e-04
Epoch 14/15
2/2 [==============================] - 2s 1s/step - loss: 4.8594 - accuracy: 0.2000 - val_loss: 4.5229 - val_accuracy: 0.4000 - lr: 1.0000e-04
Epoch 15/15
2/2 [==============================] - 2s 1s/step - loss: 4.5484 - accuracy: 0.3833 - val_loss: 4.3992 - val_accuracy: 0.2000 - lr: 1.0000e-04
1/1 [==============================] - 0s 99ms/step - loss: 4.5579 - accuracy: 0.1429
Found 60 images belonging to 6 classes.
Found 5 images belonging to 6 classes.
Found 7 images belonging to 6 classes.
Epoch 1/10
2/2 [==============================] - ETA: 0s - loss: 7.8020 - accuracy: 0.1667C:\Users\tom.zbc\PycharmProjects\fungis_bacterias_project\.venv\lib\site-packages\keras\src\engine\training.py:3000: UserWarning: You are saving your model as an HDF5 file via `model.save()`. This file format is considered legacy. We recommend using instead the native Keras format, e.g. `model.save('my_model.keras')`.
  saving_api.save_model(
2/2 [==============================] - 2s 1s/step - loss: 7.8020 - accuracy: 0.1667 - val_loss: 7.5329 - val_accuracy: 0.2000 - lr: 1.0000e-04
Epoch 2/10
2/2 [==============================] - 2s 1s/step - loss: 7.4566 - accuracy: 0.1667 - val_loss: 7.2697 - val_accuracy: 0.2000 - lr: 1.0000e-04
Epoch 3/10
2/2 [==============================] - 2s 1s/step - loss: 7.2866 - accuracy: 0.1667 - val_loss: 7.0006 - val_accuracy: 0.2000 - lr: 1.0000e-04
Epoch 4/10
2/2 [==============================] - 2s 1s/step - loss: 7.0076 - accuracy: 0.2333 - val_loss: 6.7266 - val_accuracy: 0.6000 - lr: 1.0000e-04
Epoch 5/10
2/2 [==============================] - 2s 1s/step - loss: 6.8388 - accuracy: 0.1333 - val_loss: 6.5612 - val_accuracy: 0.4000 - lr: 1.0000e-04
Epoch 6/10
2/2 [==============================] - 2s 1s/step - loss: 6.6125 - accuracy: 0.1500 - val_loss: 6.3669 - val_accuracy: 0.4000 - lr: 1.0000e-04
Epoch 7/10
2/2 [==============================] - 2s 1s/step - loss: 6.3071 - accuracy: 0.2833 - val_loss: 6.1541 - val_accuracy: 0.4000 - lr: 1.0000e-04
Epoch 8/10
2/2 [==============================] - 2s 1s/step - loss: 6.1929 - accuracy: 0.2667 - val_loss: 5.9506 - val_accuracy: 0.4000 - lr: 1.0000e-04
Epoch 9/10
2/2 [==============================] - 2s 1s/step - loss: 5.9735 - accuracy: 0.1833 - val_loss: 5.7723 - val_accuracy: 0.4000 - lr: 1.0000e-04
Epoch 10/10
2/2 [==============================] - 2s 1s/step - loss: 5.7796 - accuracy: 0.2000 - val_loss: 5.6035 - val_accuracy: 0.6000 - lr: 1.0000e-04
1/1 [==============================] - 0s 97ms/step - loss: 5.6519 - accuracy: 0.1429
Found 60 images belonging to 6 classes.
Found 5 images belonging to 6 classes.
Found 7 images belonging to 6 classes.
Epoch 1/15
2/2 [==============================] - ETA: 0s - loss: 7.7837 - accuracy: 0.0833C:\Users\tom.zbc\PycharmProjects\fungis_bacterias_project\.venv\lib\site-packages\keras\src\engine\training.py:3000: UserWarning: You are saving your model as an HDF5 file via `model.save()`. This file format is considered legacy. We recommend using instead the native Keras format, e.g. `model.save('my_model.keras')`.
  saving_api.save_model(
2/2 [==============================] - 2s 1s/step - loss: 7.7837 - accuracy: 0.0833 - val_loss: 7.6814 - val_accuracy: 0.0000e+00 - lr: 1.0000e-04
Epoch 2/15
2/2 [==============================] - 2s 1s/step - loss: 7.5130 - accuracy: 0.0833 - val_loss: 7.5198 - val_accuracy: 0.0000e+00 - lr: 1.0000e-04
Epoch 3/15
2/2 [==============================] - 2s 1s/step - loss: 7.1319 - accuracy: 0.2167 - val_loss: 7.1627 - val_accuracy: 0.0000e+00 - lr: 1.0000e-04
Epoch 4/15
2/2 [==============================] - 2s 1s/step - loss: 6.9330 - accuracy: 0.2500 - val_loss: 6.7693 - val_accuracy: 0.2000 - lr: 1.0000e-04
Epoch 5/15
2/2 [==============================] - 2s 1s/step - loss: 6.6383 - accuracy: 0.2333 - val_loss: 6.5262 - val_accuracy: 0.0000e+00 - lr: 1.0000e-04
Epoch 6/15
2/2 [==============================] - 2s 1s/step - loss: 6.3985 - accuracy: 0.3333 - val_loss: 6.3818 - val_accuracy: 0.0000e+00 - lr: 1.0000e-04
Epoch 7/15
2/2 [==============================] - 2s 1s/step - loss: 6.3077 - accuracy: 0.2167 - val_loss: 6.1900 - val_accuracy: 0.0000e+00 - lr: 1.0000e-04
Epoch 8/15
2/2 [==============================] - 2s 1s/step - loss: 6.1105 - accuracy: 0.1667 - val_loss: 5.9106 - val_accuracy: 0.0000e+00 - lr: 1.0000e-04
Epoch 9/15
2/2 [==============================] - 2s 1s/step - loss: 5.8651 - accuracy: 0.2167 - val_loss: 5.6004 - val_accuracy: 0.2000 - lr: 1.0000e-04
Epoch 10/15
2/2 [==============================] - 2s 1s/step - loss: 5.6188 - accuracy: 0.2833 - val_loss: 5.3281 - val_accuracy: 0.4000 - lr: 1.0000e-04
Epoch 11/15
2/2 [==============================] - 2s 1s/step - loss: 5.4686 - accuracy: 0.3000 - val_loss: 5.1048 - val_accuracy: 0.4000 - lr: 1.0000e-04
Epoch 12/15
2/2 [==============================] - 2s 1s/step - loss: 5.3293 - accuracy: 0.2167 - val_loss: 4.9217 - val_accuracy: 0.6000 - lr: 1.0000e-04
Epoch 13/15
2/2 [==============================] - 2s 1s/step - loss: 5.2001 - accuracy: 0.2333 - val_loss: 4.7605 - val_accuracy: 0.8000 - lr: 1.0000e-04
Epoch 14/15
2/2 [==============================] - 2s 1s/step - loss: 5.0677 - accuracy: 0.2000 - val_loss: 4.6441 - val_accuracy: 0.8000 - lr: 1.0000e-04
Epoch 15/15
2/2 [==============================] - 2s 1s/step - loss: 4.9949 - accuracy: 0.2000 - val_loss: 4.5877 - val_accuracy: 0.6000 - lr: 1.0000e-04
1/1 [==============================] - 0s 102ms/step - loss: 4.7075 - accuracy: 0.1429
Found 60 images belonging to 6 classes.
Found 5 images belonging to 6 classes.
Found 7 images belonging to 6 classes.
Epoch 1/10
2/2 [==============================] - ETA: 0s - loss: 7.8463 - accuracy: 0.1000C:\Users\tom.zbc\PycharmProjects\fungis_bacterias_project\.venv\lib\site-packages\keras\src\engine\training.py:3000: UserWarning: You are saving your model as an HDF5 file via `model.save()`. This file format is considered legacy. We recommend using instead the native Keras format, e.g. `model.save('my_model.keras')`.
  saving_api.save_model(
2/2 [==============================] - 2s 1s/step - loss: 7.8463 - accuracy: 0.1000 - val_loss: 7.6749 - val_accuracy: 0.2000 - lr: 1.0000e-04
Epoch 2/10
2/2 [==============================] - 2s 1s/step - loss: 7.5214 - accuracy: 0.1333 - val_loss: 7.3088 - val_accuracy: 0.2000 - lr: 1.0000e-04
Epoch 3/10
2/2 [==============================] - 2s 1s/step - loss: 7.1896 - accuracy: 0.2667 - val_loss: 7.0992 - val_accuracy: 0.4000 - lr: 1.0000e-04
Epoch 4/10
2/2 [==============================] - 2s 1s/step - loss: 6.9922 - accuracy: 0.1667 - val_loss: 6.9220 - val_accuracy: 0.2000 - lr: 1.0000e-04
Epoch 5/10
2/2 [==============================] - 2s 1s/step - loss: 6.7905 - accuracy: 0.2167 - val_loss: 6.6992 - val_accuracy: 0.2000 - lr: 1.0000e-04
Epoch 6/10
2/2 [==============================] - 2s 1s/step - loss: 6.4609 - accuracy: 0.3333 - val_loss: 6.4709 - val_accuracy: 0.4000 - lr: 1.0000e-04
Epoch 7/10
2/2 [==============================] - 2s 1s/step - loss: 6.4801 - accuracy: 0.2667 - val_loss: 6.2481 - val_accuracy: 0.4000 - lr: 1.0000e-04
Epoch 8/10
2/2 [==============================] - 2s 1s/step - loss: 6.1835 - accuracy: 0.2333 - val_loss: 6.0374 - val_accuracy: 0.2000 - lr: 1.0000e-04
Epoch 9/10
2/2 [==============================] - 2s 1s/step - loss: 5.9888 - accuracy: 0.1833 - val_loss: 5.8312 - val_accuracy: 0.2000 - lr: 1.0000e-04
Epoch 10/10
2/2 [==============================] - 2s 1s/step - loss: 5.7711 - accuracy: 0.2333 - val_loss: 5.6388 - val_accuracy: 0.2000 - lr: 1.0000e-04
1/1 [==============================] - 0s 98ms/step - loss: 5.6766 - accuracy: 0.1429
Found 60 images belonging to 6 classes.
Found 5 images belonging to 6 classes.
Found 7 images belonging to 6 classes.
Epoch 1/15
2/2 [==============================] - ETA: 0s - loss: 7.7702 - accuracy: 0.1833C:\Users\tom.zbc\PycharmProjects\fungis_bacterias_project\.venv\lib\site-packages\keras\src\engine\training.py:3000: UserWarning: You are saving your model as an HDF5 file via `model.save()`. This file format is considered legacy. We recommend using instead the native Keras format, e.g. `model.save('my_model.keras')`.
  saving_api.save_model(
2/2 [==============================] - 2s 1s/step - loss: 7.7702 - accuracy: 0.1833 - val_loss: 7.5671 - val_accuracy: 0.0000e+00 - lr: 1.0000e-04
Epoch 2/15
2/2 [==============================] - 2s 1s/step - loss: 7.4799 - accuracy: 0.1500 - val_loss: 7.2290 - val_accuracy: 0.2000 - lr: 1.0000e-04
Epoch 3/15
2/2 [==============================] - 2s 1s/step - loss: 7.2022 - accuracy: 0.2167 - val_loss: 6.9468 - val_accuracy: 0.2000 - lr: 1.0000e-04
Epoch 4/15
2/2 [==============================] - 2s 1s/step - loss: 7.0007 - accuracy: 0.1500 - val_loss: 6.7362 - val_accuracy: 0.2000 - lr: 1.0000e-04
Epoch 5/15
2/2 [==============================] - 2s 1s/step - loss: 6.6447 - accuracy: 0.3000 - val_loss: 6.5229 - val_accuracy: 0.4000 - lr: 1.0000e-04
Epoch 6/15
2/2 [==============================] - 2s 1s/step - loss: 6.3853 - accuracy: 0.2000 - val_loss: 6.3118 - val_accuracy: 0.2000 - lr: 1.0000e-04
Epoch 7/15
2/2 [==============================] - 2s 1s/step - loss: 6.1809 - accuracy: 0.2833 - val_loss: 6.1295 - val_accuracy: 0.0000e+00 - lr: 1.0000e-04
Epoch 8/15
2/2 [==============================] - 2s 1s/step - loss: 5.9939 - accuracy: 0.1833 - val_loss: 5.9216 - val_accuracy: 0.0000e+00 - lr: 1.0000e-04
Epoch 9/15
2/2 [==============================] - 2s 1s/step - loss: 5.8604 - accuracy: 0.1833 - val_loss: 5.7252 - val_accuracy: 0.4000 - lr: 1.0000e-04
Epoch 10/15
2/2 [==============================] - 2s 1s/step - loss: 5.5826 - accuracy: 0.3000 - val_loss: 5.5303 - val_accuracy: 0.4000 - lr: 1.0000e-04
Epoch 11/15
2/2 [==============================] - 2s 1s/step - loss: 5.5121 - accuracy: 0.2000 - val_loss: 5.3289 - val_accuracy: 0.4000 - lr: 1.0000e-04
Epoch 12/15
2/2 [==============================] - 2s 1s/step - loss: 5.2652 - accuracy: 0.2000 - val_loss: 5.1253 - val_accuracy: 0.2000 - lr: 1.0000e-04
Epoch 13/15
2/2 [==============================] - 2s 1s/step - loss: 5.1119 - accuracy: 0.2000 - val_loss: 4.9509 - val_accuracy: 0.2000 - lr: 1.0000e-04
Epoch 14/15
2/2 [==============================] - 2s 1s/step - loss: 5.0031 - accuracy: 0.1833 - val_loss: 4.7733 - val_accuracy: 0.2000 - lr: 1.0000e-04
Epoch 15/15
2/2 [==============================] - 2s 1s/step - loss: 4.7891 - accuracy: 0.3000 - val_loss: 4.6297 - val_accuracy: 0.2000 - lr: 1.0000e-04
1/1 [==============================] - 0s 103ms/step - loss: 4.7601 - accuracy: 0.1429
Found 60 images belonging to 6 classes.
Found 5 images belonging to 6 classes.
Found 7 images belonging to 6 classes.
Epoch 1/10
2/2 [==============================] - ETA: 0s - loss: 7.7956 - accuracy: 0.1833C:\Users\tom.zbc\PycharmProjects\fungis_bacterias_project\.venv\lib\site-packages\keras\src\engine\training.py:3000: UserWarning: You are saving your model as an HDF5 file via `model.save()`. This file format is considered legacy. We recommend using instead the native Keras format, e.g. `model.save('my_model.keras')`.
  saving_api.save_model(
2/2 [==============================] - 2s 1s/step - loss: 7.7956 - accuracy: 0.1833 - val_loss: 7.4372 - val_accuracy: 0.2000 - lr: 1.0000e-04
Epoch 2/10
2/2 [==============================] - 2s 1s/step - loss: 7.4642 - accuracy: 0.2167 - val_loss: 7.3963 - val_accuracy: 0.0000e+00 - lr: 1.0000e-04
Epoch 3/10
2/2 [==============================] - 2s 1s/step - loss: 7.2182 - accuracy: 0.1833 - val_loss: 7.1854 - val_accuracy: 0.2000 - lr: 1.0000e-04
Epoch 4/10
2/2 [==============================] - 2s 1s/step - loss: 7.0378 - accuracy: 0.2000 - val_loss: 6.8891 - val_accuracy: 0.2000 - lr: 1.0000e-04
Epoch 5/10
2/2 [==============================] - 2s 1s/step - loss: 6.8591 - accuracy: 0.1333 - val_loss: 6.6019 - val_accuracy: 0.4000 - lr: 1.0000e-04
Epoch 6/10
2/2 [==============================] - 2s 1s/step - loss: 6.5209 - accuracy: 0.2167 - val_loss: 6.3498 - val_accuracy: 0.0000e+00 - lr: 1.0000e-04
Epoch 7/10
2/2 [==============================] - 2s 1s/step - loss: 6.3550 - accuracy: 0.1833 - val_loss: 6.1197 - val_accuracy: 0.0000e+00 - lr: 1.0000e-04
Epoch 8/10
2/2 [==============================] - 2s 1s/step - loss: 6.1383 - accuracy: 0.2000 - val_loss: 5.9170 - val_accuracy: 0.0000e+00 - lr: 1.0000e-04
Epoch 9/10
2/2 [==============================] - 2s 1s/step - loss: 5.8926 - accuracy: 0.3167 - val_loss: 5.7316 - val_accuracy: 0.0000e+00 - lr: 1.0000e-04
Epoch 10/10
2/2 [==============================] - 2s 1s/step - loss: 5.7590 - accuracy: 0.2667 - val_loss: 5.5545 - val_accuracy: 0.0000e+00 - lr: 1.0000e-04
1/1 [==============================] - 0s 100ms/step - loss: 5.5597 - accuracy: 0.2857
Found 60 images belonging to 6 classes.
Found 5 images belonging to 6 classes.
Found 7 images belonging to 6 classes.
Epoch 1/15
2/2 [==============================] - ETA: 0s - loss: 7.8475 - accuracy: 0.1333C:\Users\tom.zbc\PycharmProjects\fungis_bacterias_project\.venv\lib\site-packages\keras\src\engine\training.py:3000: UserWarning: You are saving your model as an HDF5 file via `model.save()`. This file format is considered legacy. We recommend using instead the native Keras format, e.g. `model.save('my_model.keras')`.
  saving_api.save_model(
2/2 [==============================] - 2s 1s/step - loss: 7.8475 - accuracy: 0.1333 - val_loss: 7.7129 - val_accuracy: 0.2000 - lr: 1.0000e-04
Epoch 2/15
2/2 [==============================] - 2s 1s/step - loss: 7.6086 - accuracy: 0.1500 - val_loss: 7.2225 - val_accuracy: 0.4000 - lr: 1.0000e-04
Epoch 3/15
2/2 [==============================] - 2s 1s/step - loss: 7.3068 - accuracy: 0.0833 - val_loss: 6.9369 - val_accuracy: 0.2000 - lr: 1.0000e-04
Epoch 4/15
2/2 [==============================] - 2s 1s/step - loss: 7.0240 - accuracy: 0.2167 - val_loss: 6.7137 - val_accuracy: 0.2000 - lr: 1.0000e-04
Epoch 5/15
2/2 [==============================] - 2s 1s/step - loss: 6.7984 - accuracy: 0.2333 - val_loss: 6.4981 - val_accuracy: 0.2000 - lr: 1.0000e-04
Epoch 6/15
2/2 [==============================] - 2s 1s/step - loss: 6.6199 - accuracy: 0.1833 - val_loss: 6.3018 - val_accuracy: 0.0000e+00 - lr: 1.0000e-04
Epoch 7/15
2/2 [==============================] - 2s 1s/step - loss: 6.4148 - accuracy: 0.1833 - val_loss: 6.1290 - val_accuracy: 0.0000e+00 - lr: 1.0000e-04
Epoch 8/15
2/2 [==============================] - 2s 1s/step - loss: 6.2330 - accuracy: 0.1333 - val_loss: 5.9498 - val_accuracy: 0.4000 - lr: 1.0000e-04
Epoch 9/15
2/2 [==============================] - 2s 1s/step - loss: 6.0477 - accuracy: 0.1667 - val_loss: 5.7960 - val_accuracy: 0.6000 - lr: 1.0000e-04
Epoch 10/15
2/2 [==============================] - 2s 1s/step - loss: 5.8138 - accuracy: 0.2833 - val_loss: 5.6381 - val_accuracy: 0.4000 - lr: 1.0000e-04
Epoch 11/15
2/2 [==============================] - 2s 1s/step - loss: 5.6585 - accuracy: 0.2167 - val_loss: 5.4792 - val_accuracy: 0.4000 - lr: 1.0000e-04
Epoch 12/15
2/2 [==============================] - 2s 1s/step - loss: 5.5232 - accuracy: 0.2500 - val_loss: 5.3280 - val_accuracy: 0.4000 - lr: 1.0000e-04
Epoch 13/15
2/2 [==============================] - 2s 1s/step - loss: 5.3571 - accuracy: 0.2167 - val_loss: 5.1886 - val_accuracy: 0.4000 - lr: 1.0000e-04
Epoch 14/15
2/2 [==============================] - 2s 1s/step - loss: 5.2254 - accuracy: 0.3167 - val_loss: 5.0614 - val_accuracy: 0.4000 - lr: 1.0000e-04
Epoch 15/15
2/2 [==============================] - 2s 1s/step - loss: 5.0858 - accuracy: 0.3333 - val_loss: 4.9379 - val_accuracy: 0.4000 - lr: 1.0000e-04
1/1 [==============================] - 0s 100ms/step - loss: 4.9949 - accuracy: 0.1429
Found 60 images belonging to 6 classes.
Found 5 images belonging to 6 classes.
Found 7 images belonging to 6 classes.
Epoch 1/10
2/2 [==============================] - ETA: 0s - loss: 7.3415 - accuracy: 0.0833C:\Users\tom.zbc\PycharmProjects\fungis_bacterias_project\.venv\lib\site-packages\keras\src\engine\training.py:3000: UserWarning: You are saving your model as an HDF5 file via `model.save()`. This file format is considered legacy. We recommend using instead the native Keras format, e.g. `model.save('my_model.keras')`.
  saving_api.save_model(
2/2 [==============================] - 2s 858ms/step - loss: 7.3415 - accuracy: 0.0833 - val_loss: 7.1038 - val_accuracy: 0.4000 - lr: 1.0000e-04
Epoch 2/10
2/2 [==============================] - 1s 711ms/step - loss: 7.0964 - accuracy: 0.1167 - val_loss: 6.8655 - val_accuracy: 0.2000 - lr: 1.0000e-04
Epoch 3/10
2/2 [==============================] - 1s 694ms/step - loss: 6.8878 - accuracy: 0.2167 - val_loss: 6.6749 - val_accuracy: 0.2000 - lr: 1.0000e-04
Epoch 4/10
2/2 [==============================] - 1s 706ms/step - loss: 6.7342 - accuracy: 0.2333 - val_loss: 6.4871 - val_accuracy: 0.2000 - lr: 1.0000e-04
Epoch 5/10
2/2 [==============================] - 1s 777ms/step - loss: 6.5279 - accuracy: 0.1667 - val_loss: 6.3121 - val_accuracy: 0.2000 - lr: 1.0000e-04
Epoch 6/10
2/2 [==============================] - 1s 804ms/step - loss: 6.3621 - accuracy: 0.3000 - val_loss: 6.1369 - val_accuracy: 0.2000 - lr: 1.0000e-04
Epoch 7/10
2/2 [==============================] - 1s 707ms/step - loss: 6.2045 - accuracy: 0.2667 - val_loss: 5.9808 - val_accuracy: 0.2000 - lr: 1.0000e-04
Epoch 8/10
2/2 [==============================] - 1s 704ms/step - loss: 6.0458 - accuracy: 0.2333 - val_loss: 5.8106 - val_accuracy: 0.2000 - lr: 1.0000e-04
Epoch 9/10
2/2 [==============================] - 1s 716ms/step - loss: 5.9295 - accuracy: 0.2333 - val_loss: 5.6665 - val_accuracy: 0.2000 - lr: 1.0000e-04
Epoch 10/10
2/2 [==============================] - 1s 800ms/step - loss: 5.7995 - accuracy: 0.2333 - val_loss: 5.5338 - val_accuracy: 0.2000 - lr: 1.0000e-04
1/1 [==============================] - 0s 85ms/step - loss: 5.5984 - accuracy: 0.4286
Found 60 images belonging to 6 classes.
Found 5 images belonging to 6 classes.
Found 7 images belonging to 6 classes.
Epoch 1/15
2/2 [==============================] - ETA: 0s - loss: 7.3255 - accuracy: 0.1667C:\Users\tom.zbc\PycharmProjects\fungis_bacterias_project\.venv\lib\site-packages\keras\src\engine\training.py:3000: UserWarning: You are saving your model as an HDF5 file via `model.save()`. This file format is considered legacy. We recommend using instead the native Keras format, e.g. `model.save('my_model.keras')`.
  saving_api.save_model(
2/2 [==============================] - 2s 908ms/step - loss: 7.3255 - accuracy: 0.1667 - val_loss: 7.1240 - val_accuracy: 0.2000 - lr: 1.0000e-04
Epoch 2/15
2/2 [==============================] - 1s 686ms/step - loss: 7.2213 - accuracy: 0.1333 - val_loss: 7.0180 - val_accuracy: 0.0000e+00 - lr: 1.0000e-04
Epoch 3/15
2/2 [==============================] - 1s 795ms/step - loss: 7.0783 - accuracy: 0.1000 - val_loss: 6.9128 - val_accuracy: 0.2000 - lr: 1.0000e-04
Epoch 4/15
2/2 [==============================] - 1s 762ms/step - loss: 6.9481 - accuracy: 0.1000 - val_loss: 6.7570 - val_accuracy: 0.2000 - lr: 1.0000e-04
Epoch 5/15
2/2 [==============================] - 1s 685ms/step - loss: 6.7360 - accuracy: 0.1833 - val_loss: 6.5449 - val_accuracy: 0.2000 - lr: 1.0000e-04
Epoch 6/15
2/2 [==============================] - 1s 717ms/step - loss: 6.4846 - accuracy: 0.2000 - val_loss: 6.3568 - val_accuracy: 0.4000 - lr: 1.0000e-04
Epoch 7/15
2/2 [==============================] - 1s 712ms/step - loss: 6.4001 - accuracy: 0.2167 - val_loss: 6.1973 - val_accuracy: 0.4000 - lr: 1.0000e-04
Epoch 8/15
2/2 [==============================] - 1s 766ms/step - loss: 6.2213 - accuracy: 0.2500 - val_loss: 6.0813 - val_accuracy: 0.4000 - lr: 1.0000e-04
Epoch 9/15
2/2 [==============================] - 1s 704ms/step - loss: 6.2175 - accuracy: 0.2333 - val_loss: 5.9878 - val_accuracy: 0.2000 - lr: 1.0000e-04
Epoch 10/15
2/2 [==============================] - 1s 717ms/step - loss: 6.0541 - accuracy: 0.2000 - val_loss: 5.8855 - val_accuracy: 0.2000 - lr: 1.0000e-04
Epoch 11/15
2/2 [==============================] - 1s 817ms/step - loss: 5.9841 - accuracy: 0.1500 - val_loss: 5.7794 - val_accuracy: 0.2000 - lr: 1.0000e-04
Epoch 12/15
2/2 [==============================] - 1s 707ms/step - loss: 5.8025 - accuracy: 0.2500 - val_loss: 5.6861 - val_accuracy: 0.2000 - lr: 1.0000e-04
Epoch 13/15
2/2 [==============================] - 1s 706ms/step - loss: 5.7236 - accuracy: 0.1667 - val_loss: 5.5937 - val_accuracy: 0.2000 - lr: 1.0000e-04
Epoch 14/15
2/2 [==============================] - 1s 702ms/step - loss: 5.5887 - accuracy: 0.3333 - val_loss: 5.5273 - val_accuracy: 0.2000 - lr: 1.0000e-04
Epoch 15/15
2/2 [==============================] - 1s 724ms/step - loss: 5.5484 - accuracy: 0.2833 - val_loss: 5.4457 - val_accuracy: 0.2000 - lr: 1.0000e-04
1/1 [==============================] - 0s 87ms/step - loss: 5.5406 - accuracy: 0.1429
Found 60 images belonging to 6 classes.
Found 5 images belonging to 6 classes.
Found 7 images belonging to 6 classes.
Epoch 1/10
2/2 [==============================] - ETA: 0s - loss: 7.3142 - accuracy: 0.1500C:\Users\tom.zbc\PycharmProjects\fungis_bacterias_project\.venv\lib\site-packages\keras\src\engine\training.py:3000: UserWarning: You are saving your model as an HDF5 file via `model.save()`. This file format is considered legacy. We recommend using instead the native Keras format, e.g. `model.save('my_model.keras')`.
  saving_api.save_model(
2/2 [==============================] - 2s 909ms/step - loss: 7.3142 - accuracy: 0.1500 - val_loss: 7.1618 - val_accuracy: 0.2000 - lr: 1.0000e-04
Epoch 2/10
2/2 [==============================] - 1s 711ms/step - loss: 7.1843 - accuracy: 0.1500 - val_loss: 6.9886 - val_accuracy: 0.2000 - lr: 1.0000e-04
Epoch 3/10
2/2 [==============================] - 1s 699ms/step - loss: 6.9184 - accuracy: 0.1667 - val_loss: 6.8181 - val_accuracy: 0.0000e+00 - lr: 1.0000e-04
Epoch 4/10
2/2 [==============================] - 1s 695ms/step - loss: 6.6549 - accuracy: 0.1833 - val_loss: 6.6471 - val_accuracy: 0.2000 - lr: 1.0000e-04
Epoch 5/10
2/2 [==============================] - 1s 705ms/step - loss: 6.6333 - accuracy: 0.1333 - val_loss: 6.5182 - val_accuracy: 0.2000 - lr: 1.0000e-04
Epoch 6/10
2/2 [==============================] - 1s 677ms/step - loss: 6.4848 - accuracy: 0.1667 - val_loss: 6.3677 - val_accuracy: 0.2000 - lr: 1.0000e-04
Epoch 7/10
2/2 [==============================] - 1s 764ms/step - loss: 6.2719 - accuracy: 0.2000 - val_loss: 6.2059 - val_accuracy: 0.2000 - lr: 1.0000e-04
Epoch 8/10
2/2 [==============================] - 1s 725ms/step - loss: 6.1574 - accuracy: 0.1667 - val_loss: 6.0640 - val_accuracy: 0.2000 - lr: 1.0000e-04
Epoch 9/10
2/2 [==============================] - 1s 748ms/step - loss: 6.1230 - accuracy: 0.1333 - val_loss: 5.9256 - val_accuracy: 0.4000 - lr: 1.0000e-04
Epoch 10/10
2/2 [==============================] - 1s 689ms/step - loss: 5.8546 - accuracy: 0.3500 - val_loss: 5.7863 - val_accuracy: 0.4000 - lr: 1.0000e-04
1/1 [==============================] - 0s 91ms/step - loss: 5.9124 - accuracy: 0.1429
Found 60 images belonging to 6 classes.
Found 5 images belonging to 6 classes.
Found 7 images belonging to 6 classes.
Epoch 1/15
2/2 [==============================] - ETA: 0s - loss: 7.3494 - accuracy: 0.2333C:\Users\tom.zbc\PycharmProjects\fungis_bacterias_project\.venv\lib\site-packages\keras\src\engine\training.py:3000: UserWarning: You are saving your model as an HDF5 file via `model.save()`. This file format is considered legacy. We recommend using instead the native Keras format, e.g. `model.save('my_model.keras')`.
  saving_api.save_model(
2/2 [==============================] - 2s 845ms/step - loss: 7.3494 - accuracy: 0.2333 - val_loss: 7.1375 - val_accuracy: 0.2000 - lr: 1.0000e-04
Epoch 2/15
2/2 [==============================] - 1s 766ms/step - loss: 7.1361 - accuracy: 0.2500 - val_loss: 6.9108 - val_accuracy: 0.2000 - lr: 1.0000e-04
Epoch 3/15
2/2 [==============================] - 1s 709ms/step - loss: 6.9570 - accuracy: 0.2000 - val_loss: 6.7211 - val_accuracy: 0.4000 - lr: 1.0000e-04
Epoch 4/15
2/2 [==============================] - 1s 679ms/step - loss: 6.7738 - accuracy: 0.2333 - val_loss: 6.5263 - val_accuracy: 0.4000 - lr: 1.0000e-04
Epoch 5/15
2/2 [==============================] - 1s 778ms/step - loss: 6.6276 - accuracy: 0.2167 - val_loss: 6.3528 - val_accuracy: 0.4000 - lr: 1.0000e-04
Epoch 6/15
2/2 [==============================] - 1s 757ms/step - loss: 6.4774 - accuracy: 0.1833 - val_loss: 6.1951 - val_accuracy: 0.4000 - lr: 1.0000e-04
Epoch 7/15
2/2 [==============================] - 1s 706ms/step - loss: 6.3510 - accuracy: 0.1833 - val_loss: 6.0514 - val_accuracy: 0.4000 - lr: 1.0000e-04
Epoch 8/15
2/2 [==============================] - 1s 691ms/step - loss: 6.1928 - accuracy: 0.2000 - val_loss: 5.9152 - val_accuracy: 0.2000 - lr: 1.0000e-04
Epoch 9/15
2/2 [==============================] - 1s 710ms/step - loss: 6.0441 - accuracy: 0.3000 - val_loss: 5.7832 - val_accuracy: 0.4000 - lr: 1.0000e-04
Epoch 10/15
2/2 [==============================] - 1s 777ms/step - loss: 5.9037 - accuracy: 0.2000 - val_loss: 5.6680 - val_accuracy: 0.4000 - lr: 1.0000e-04
Epoch 11/15
2/2 [==============================] - 1s 764ms/step - loss: 5.7700 - accuracy: 0.2500 - val_loss: 5.5626 - val_accuracy: 0.4000 - lr: 1.0000e-04
Epoch 12/15
2/2 [==============================] - 1s 709ms/step - loss: 5.6652 - accuracy: 0.2000 - val_loss: 5.4493 - val_accuracy: 0.4000 - lr: 1.0000e-04
Epoch 13/15
2/2 [==============================] - 1s 787ms/step - loss: 5.5836 - accuracy: 0.1667 - val_loss: 5.3355 - val_accuracy: 0.6000 - lr: 1.0000e-04
Epoch 14/15
2/2 [==============================] - 1s 702ms/step - loss: 5.4557 - accuracy: 0.2333 - val_loss: 5.2347 - val_accuracy: 0.6000 - lr: 1.0000e-04
Epoch 15/15
2/2 [==============================] - 1s 716ms/step - loss: 5.3385 - accuracy: 0.2000 - val_loss: 5.1276 - val_accuracy: 0.6000 - lr: 1.0000e-04
1/1 [==============================] - 0s 82ms/step - loss: 5.2234 - accuracy: 0.2857
Found 60 images belonging to 6 classes.
Found 5 images belonging to 6 classes.
Found 7 images belonging to 6 classes.
Epoch 1/10
2/2 [==============================] - ETA: 0s - loss: 7.3800 - accuracy: 0.1667C:\Users\tom.zbc\PycharmProjects\fungis_bacterias_project\.venv\lib\site-packages\keras\src\engine\training.py:3000: UserWarning: You are saving your model as an HDF5 file via `model.save()`. This file format is considered legacy. We recommend using instead the native Keras format, e.g. `model.save('my_model.keras')`.
  saving_api.save_model(
2/2 [==============================] - 2s 916ms/step - loss: 7.3800 - accuracy: 0.1667 - val_loss: 7.2007 - val_accuracy: 0.2000 - lr: 1.0000e-04
Epoch 2/10
2/2 [==============================] - 1s 782ms/step - loss: 7.1769 - accuracy: 0.1500 - val_loss: 6.9640 - val_accuracy: 0.0000e+00 - lr: 1.0000e-04
Epoch 3/10
2/2 [==============================] - 1s 755ms/step - loss: 6.9593 - accuracy: 0.1833 - val_loss: 6.7717 - val_accuracy: 0.0000e+00 - lr: 1.0000e-04
Epoch 4/10
2/2 [==============================] - 1s 684ms/step - loss: 6.7578 - accuracy: 0.2000 - val_loss: 6.5937 - val_accuracy: 0.0000e+00 - lr: 1.0000e-04
Epoch 5/10
2/2 [==============================] - 1s 768ms/step - loss: 6.6412 - accuracy: 0.2500 - val_loss: 6.3918 - val_accuracy: 0.4000 - lr: 1.0000e-04
Epoch 6/10
2/2 [==============================] - 1s 717ms/step - loss: 6.4201 - accuracy: 0.1500 - val_loss: 6.2219 - val_accuracy: 0.4000 - lr: 1.0000e-04
Epoch 7/10
2/2 [==============================] - 1s 783ms/step - loss: 6.2650 - accuracy: 0.2000 - val_loss: 6.0695 - val_accuracy: 0.6000 - lr: 1.0000e-04
Epoch 8/10
2/2 [==============================] - 1s 746ms/step - loss: 6.1544 - accuracy: 0.1500 - val_loss: 5.9376 - val_accuracy: 0.6000 - lr: 1.0000e-04
Epoch 9/10
2/2 [==============================] - 1s 766ms/step - loss: 6.1172 - accuracy: 0.1833 - val_loss: 5.8077 - val_accuracy: 0.6000 - lr: 1.0000e-04
Epoch 10/10
2/2 [==============================] - 1s 717ms/step - loss: 5.8875 - accuracy: 0.2000 - val_loss: 5.6836 - val_accuracy: 0.8000 - lr: 1.0000e-04
1/1 [==============================] - 0s 85ms/step - loss: 5.7052 - accuracy: 0.2857
Found 60 images belonging to 6 classes.
Found 5 images belonging to 6 classes.
Found 7 images belonging to 6 classes.
Epoch 1/15
2/2 [==============================] - ETA: 0s - loss: 7.3244 - accuracy: 0.1833C:\Users\tom.zbc\PycharmProjects\fungis_bacterias_project\.venv\lib\site-packages\keras\src\engine\training.py:3000: UserWarning: You are saving your model as an HDF5 file via `model.save()`. This file format is considered legacy. We recommend using instead the native Keras format, e.g. `model.save('my_model.keras')`.
  saving_api.save_model(
2/2 [==============================] - 2s 853ms/step - loss: 7.3244 - accuracy: 0.1833 - val_loss: 7.1436 - val_accuracy: 0.2000 - lr: 1.0000e-04
Epoch 2/15
2/2 [==============================] - 1s 717ms/step - loss: 7.1533 - accuracy: 0.2167 - val_loss: 6.8790 - val_accuracy: 0.2000 - lr: 1.0000e-04
Epoch 3/15
2/2 [==============================] - 1s 713ms/step - loss: 6.9469 - accuracy: 0.1333 - val_loss: 6.7137 - val_accuracy: 0.2000 - lr: 1.0000e-04
Epoch 4/15
2/2 [==============================] - 1s 698ms/step - loss: 6.7765 - accuracy: 0.1833 - val_loss: 6.5590 - val_accuracy: 0.2000 - lr: 1.0000e-04
Epoch 5/15
2/2 [==============================] - 1s 717ms/step - loss: 6.5809 - accuracy: 0.1500 - val_loss: 6.4335 - val_accuracy: 0.2000 - lr: 1.0000e-04
Epoch 6/15
2/2 [==============================] - 1s 680ms/step - loss: 6.4694 - accuracy: 0.1833 - val_loss: 6.3047 - val_accuracy: 0.2000 - lr: 1.0000e-04
Epoch 7/15
2/2 [==============================] - 1s 792ms/step - loss: 6.2514 - accuracy: 0.2500 - val_loss: 6.1837 - val_accuracy: 0.4000 - lr: 1.0000e-04
Epoch 8/15
2/2 [==============================] - 1s 715ms/step - loss: 6.1571 - accuracy: 0.1667 - val_loss: 6.0460 - val_accuracy: 0.4000 - lr: 1.0000e-04
Epoch 9/15
2/2 [==============================] - 1s 764ms/step - loss: 6.0223 - accuracy: 0.2000 - val_loss: 5.9221 - val_accuracy: 0.2000 - lr: 1.0000e-04
Epoch 10/15
2/2 [==============================] - 1s 712ms/step - loss: 5.8643 - accuracy: 0.2333 - val_loss: 5.7916 - val_accuracy: 0.2000 - lr: 1.0000e-04
Epoch 11/15
2/2 [==============================] - 1s 817ms/step - loss: 5.7389 - accuracy: 0.2167 - val_loss: 5.6678 - val_accuracy: 0.2000 - lr: 1.0000e-04
Epoch 12/15
2/2 [==============================] - 1s 791ms/step - loss: 5.5923 - accuracy: 0.2333 - val_loss: 5.5581 - val_accuracy: 0.2000 - lr: 1.0000e-04
Epoch 13/15
2/2 [==============================] - 1s 767ms/step - loss: 5.4521 - accuracy: 0.2500 - val_loss: 5.4570 - val_accuracy: 0.2000 - lr: 1.0000e-04
Epoch 14/15
2/2 [==============================] - 1s 735ms/step - loss: 5.3681 - accuracy: 0.2500 - val_loss: 5.3535 - val_accuracy: 0.2000 - lr: 1.0000e-04
Epoch 15/15
2/2 [==============================] - 1s 728ms/step - loss: 5.3025 - accuracy: 0.2000 - val_loss: 5.2494 - val_accuracy: 0.2000 - lr: 1.0000e-04
1/1 [==============================] - 0s 87ms/step - loss: 5.1756 - accuracy: 0.2857
Found 60 images belonging to 6 classes.
Found 5 images belonging to 6 classes.
Found 7 images belonging to 6 classes.
Epoch 1/10
2/2 [==============================] - ETA: 0s - loss: 7.3772 - accuracy: 0.1167C:\Users\tom.zbc\PycharmProjects\fungis_bacterias_project\.venv\lib\site-packages\keras\src\engine\training.py:3000: UserWarning: You are saving your model as an HDF5 file via `model.save()`. This file format is considered legacy. We recommend using instead the native Keras format, e.g. `model.save('my_model.keras')`.
  saving_api.save_model(
2/2 [==============================] - 2s 916ms/step - loss: 7.3772 - accuracy: 0.1167 - val_loss: 7.0536 - val_accuracy: 0.6000 - lr: 1.0000e-04
Epoch 2/10
2/2 [==============================] - 1s 750ms/step - loss: 7.1109 - accuracy: 0.2000 - val_loss: 6.9055 - val_accuracy: 0.2000 - lr: 1.0000e-04
Epoch 3/10
2/2 [==============================] - 1s 704ms/step - loss: 6.9463 - accuracy: 0.1833 - val_loss: 6.7333 - val_accuracy: 0.2000 - lr: 1.0000e-04
Epoch 4/10
2/2 [==============================] - 1s 692ms/step - loss: 6.7641 - accuracy: 0.1833 - val_loss: 6.5334 - val_accuracy: 0.4000 - lr: 1.0000e-04
Epoch 5/10
2/2 [==============================] - 1s 841ms/step - loss: 6.6719 - accuracy: 0.2333 - val_loss: 6.3975 - val_accuracy: 0.4000 - lr: 1.0000e-04
Epoch 6/10
2/2 [==============================] - 1s 711ms/step - loss: 6.5537 - accuracy: 0.2500 - val_loss: 6.2733 - val_accuracy: 0.4000 - lr: 1.0000e-04
Epoch 7/10
2/2 [==============================] - 1s 705ms/step - loss: 6.3114 - accuracy: 0.2333 - val_loss: 6.1765 - val_accuracy: 0.4000 - lr: 1.0000e-04
Epoch 8/10
2/2 [==============================] - 1s 709ms/step - loss: 6.1265 - accuracy: 0.2500 - val_loss: 6.0640 - val_accuracy: 0.2000 - lr: 1.0000e-04
Epoch 9/10
2/2 [==============================] - 1s 715ms/step - loss: 6.1565 - accuracy: 0.1667 - val_loss: 5.9483 - val_accuracy: 0.2000 - lr: 1.0000e-04
Epoch 10/10
2/2 [==============================] - 1s 708ms/step - loss: 6.0157 - accuracy: 0.1833 - val_loss: 5.8315 - val_accuracy: 0.2000 - lr: 1.0000e-04
1/1 [==============================] - 0s 82ms/step - loss: 5.9787 - accuracy: 0.1429
Found 60 images belonging to 6 classes.
Found 5 images belonging to 6 classes.
Found 7 images belonging to 6 classes.
Epoch 1/15
2/2 [==============================] - ETA: 0s - loss: 7.3195 - accuracy: 0.1000C:\Users\tom.zbc\PycharmProjects\fungis_bacterias_project\.venv\lib\site-packages\keras\src\engine\training.py:3000: UserWarning: You are saving your model as an HDF5 file via `model.save()`. This file format is considered legacy. We recommend using instead the native Keras format, e.g. `model.save('my_model.keras')`.
  saving_api.save_model(
2/2 [==============================] - 2s 923ms/step - loss: 7.3195 - accuracy: 0.1000 - val_loss: 7.1988 - val_accuracy: 0.2000 - lr: 1.0000e-04
Epoch 2/15
2/2 [==============================] - 1s 728ms/step - loss: 7.1163 - accuracy: 0.2833 - val_loss: 6.9930 - val_accuracy: 0.2000 - lr: 1.0000e-04
Epoch 3/15
2/2 [==============================] - 1s 807ms/step - loss: 6.9175 - accuracy: 0.2167 - val_loss: 6.7752 - val_accuracy: 0.2000 - lr: 1.0000e-04
Epoch 4/15
2/2 [==============================] - 1s 707ms/step - loss: 6.8264 - accuracy: 0.1500 - val_loss: 6.5677 - val_accuracy: 0.2000 - lr: 1.0000e-04
Epoch 5/15
2/2 [==============================] - 1s 777ms/step - loss: 6.5481 - accuracy: 0.1833 - val_loss: 6.3864 - val_accuracy: 0.2000 - lr: 1.0000e-04
Epoch 6/15
2/2 [==============================] - 1s 710ms/step - loss: 6.4105 - accuracy: 0.1667 - val_loss: 6.2136 - val_accuracy: 0.2000 - lr: 1.0000e-04
Epoch 7/15
2/2 [==============================] - 1s 696ms/step - loss: 6.2466 - accuracy: 0.2333 - val_loss: 6.0319 - val_accuracy: 0.2000 - lr: 1.0000e-04
Epoch 8/15
2/2 [==============================] - 1s 736ms/step - loss: 6.1292 - accuracy: 0.2500 - val_loss: 5.8759 - val_accuracy: 0.2000 - lr: 1.0000e-04
Epoch 9/15
2/2 [==============================] - 1s 708ms/step - loss: 6.0306 - accuracy: 0.1333 - val_loss: 5.7562 - val_accuracy: 0.6000 - lr: 1.0000e-04
Epoch 10/15
2/2 [==============================] - 1s 768ms/step - loss: 5.8462 - accuracy: 0.1833 - val_loss: 5.6513 - val_accuracy: 0.4000 - lr: 1.0000e-04
Epoch 11/15
2/2 [==============================] - 1s 765ms/step - loss: 5.7340 - accuracy: 0.1500 - val_loss: 5.5459 - val_accuracy: 0.4000 - lr: 1.0000e-04
Epoch 12/15
2/2 [==============================] - 1s 805ms/step - loss: 5.6223 - accuracy: 0.2000 - val_loss: 5.4576 - val_accuracy: 0.2000 - lr: 1.0000e-04
Epoch 13/15
2/2 [==============================] - 1s 771ms/step - loss: 5.4570 - accuracy: 0.2333 - val_loss: 5.3588 - val_accuracy: 0.2000 - lr: 1.0000e-04
Epoch 14/15
2/2 [==============================] - 1s 724ms/step - loss: 5.3426 - accuracy: 0.2167 - val_loss: 5.2563 - val_accuracy: 0.2000 - lr: 1.0000e-04
Epoch 15/15
2/2 [==============================] - 1s 766ms/step - loss: 5.2649 - accuracy: 0.2167 - val_loss: 5.1627 - val_accuracy: 0.2000 - lr: 1.0000e-04
1/1 [==============================] - 0s 89ms/step - loss: 5.2317 - accuracy: 0.1429
Found 60 images belonging to 6 classes.
Found 5 images belonging to 6 classes.
Found 7 images belonging to 6 classes.
Epoch 1/10
2/2 [==============================] - ETA: 0s - loss: 7.7748 - accuracy: 0.1167C:\Users\tom.zbc\PycharmProjects\fungis_bacterias_project\.venv\lib\site-packages\keras\src\engine\training.py:3000: UserWarning: You are saving your model as an HDF5 file via `model.save()`. This file format is considered legacy. We recommend using instead the native Keras format, e.g. `model.save('my_model.keras')`.
  saving_api.save_model(
2/2 [==============================] - 2s 1s/step - loss: 7.7748 - accuracy: 0.1167 - val_loss: 7.4162 - val_accuracy: 0.2000 - lr: 1.0000e-04
Epoch 2/10
2/2 [==============================] - 2s 1s/step - loss: 7.4200 - accuracy: 0.1667 - val_loss: 7.1608 - val_accuracy: 0.2000 - lr: 1.0000e-04
Epoch 3/10
2/2 [==============================] - 2s 1s/step - loss: 7.2570 - accuracy: 0.1333 - val_loss: 6.9893 - val_accuracy: 0.2000 - lr: 1.0000e-04
Epoch 4/10
2/2 [==============================] - 2s 1s/step - loss: 6.8271 - accuracy: 0.2833 - val_loss: 6.7542 - val_accuracy: 0.2000 - lr: 1.0000e-04
Epoch 5/10
2/2 [==============================] - 2s 1s/step - loss: 6.7441 - accuracy: 0.2500 - val_loss: 6.5590 - val_accuracy: 0.2000 - lr: 1.0000e-04
Epoch 6/10
2/2 [==============================] - 2s 1s/step - loss: 6.5362 - accuracy: 0.1833 - val_loss: 6.3543 - val_accuracy: 0.2000 - lr: 1.0000e-04
Epoch 7/10
2/2 [==============================] - 2s 1s/step - loss: 6.3158 - accuracy: 0.1667 - val_loss: 6.1579 - val_accuracy: 0.2000 - lr: 1.0000e-04
Epoch 8/10
2/2 [==============================] - 2s 1s/step - loss: 6.1555 - accuracy: 0.2333 - val_loss: 5.9864 - val_accuracy: 0.2000 - lr: 1.0000e-04
Epoch 9/10
2/2 [==============================] - 2s 1s/step - loss: 6.0077 - accuracy: 0.1167 - val_loss: 5.7860 - val_accuracy: 0.2000 - lr: 1.0000e-04
Epoch 10/10
2/2 [==============================] - 2s 1s/step - loss: 5.7896 - accuracy: 0.2000 - val_loss: 5.6093 - val_accuracy: 0.4000 - lr: 1.0000e-04
1/1 [==============================] - 0s 124ms/step - loss: 5.5960 - accuracy: 0.2857
Found 60 images belonging to 6 classes.
Found 5 images belonging to 6 classes.
Found 7 images belonging to 6 classes.
Epoch 1/15
2/2 [==============================] - ETA: 0s - loss: 7.7143 - accuracy: 0.2667C:\Users\tom.zbc\PycharmProjects\fungis_bacterias_project\.venv\lib\site-packages\keras\src\engine\training.py:3000: UserWarning: You are saving your model as an HDF5 file via `model.save()`. This file format is considered legacy. We recommend using instead the native Keras format, e.g. `model.save('my_model.keras')`.
  saving_api.save_model(
2/2 [==============================] - 2s 1s/step - loss: 7.7143 - accuracy: 0.2667 - val_loss: 7.5627 - val_accuracy: 0.0000e+00 - lr: 1.0000e-04
Epoch 2/15
2/2 [==============================] - 2s 1s/step - loss: 7.5220 - accuracy: 0.2000 - val_loss: 7.2693 - val_accuracy: 0.2000 - lr: 1.0000e-04
Epoch 3/15
2/2 [==============================] - 2s 1s/step - loss: 7.2017 - accuracy: 0.1833 - val_loss: 6.8927 - val_accuracy: 0.4000 - lr: 1.0000e-04
Epoch 4/15
2/2 [==============================] - 2s 1s/step - loss: 6.9525 - accuracy: 0.1167 - val_loss: 6.6131 - val_accuracy: 0.4000 - lr: 1.0000e-04
Epoch 5/15
2/2 [==============================] - 2s 1s/step - loss: 6.8348 - accuracy: 0.1000 - val_loss: 6.4055 - val_accuracy: 0.4000 - lr: 1.0000e-04
Epoch 6/15
2/2 [==============================] - 2s 1s/step - loss: 6.5591 - accuracy: 0.1167 - val_loss: 6.2349 - val_accuracy: 0.2000 - lr: 1.0000e-04
Epoch 7/15
2/2 [==============================] - 2s 1s/step - loss: 6.3135 - accuracy: 0.1667 - val_loss: 6.0558 - val_accuracy: 0.4000 - lr: 1.0000e-04
Epoch 8/15
2/2 [==============================] - 2s 1s/step - loss: 6.1356 - accuracy: 0.2833 - val_loss: 5.8800 - val_accuracy: 0.4000 - lr: 1.0000e-04
Epoch 9/15
2/2 [==============================] - 2s 1s/step - loss: 5.9140 - accuracy: 0.2167 - val_loss: 5.7083 - val_accuracy: 0.4000 - lr: 1.0000e-04
Epoch 10/15
2/2 [==============================] - 2s 1s/step - loss: 5.8076 - accuracy: 0.1833 - val_loss: 5.5458 - val_accuracy: 0.4000 - lr: 1.0000e-04
Epoch 11/15
2/2 [==============================] - 2s 1s/step - loss: 5.6855 - accuracy: 0.1500 - val_loss: 5.3995 - val_accuracy: 0.4000 - lr: 1.0000e-04
Epoch 12/15
2/2 [==============================] - 2s 1s/step - loss: 5.4503 - accuracy: 0.2333 - val_loss: 5.2568 - val_accuracy: 0.4000 - lr: 1.0000e-04
Epoch 13/15
2/2 [==============================] - 2s 1s/step - loss: 5.3023 - accuracy: 0.2167 - val_loss: 5.1294 - val_accuracy: 0.4000 - lr: 1.0000e-04
Epoch 14/15
2/2 [==============================] - 2s 1s/step - loss: 5.2322 - accuracy: 0.1500 - val_loss: 5.0162 - val_accuracy: 0.4000 - lr: 1.0000e-04
Epoch 15/15
2/2 [==============================] - 2s 1s/step - loss: 5.1351 - accuracy: 0.1333 - val_loss: 4.9104 - val_accuracy: 0.4000 - lr: 1.0000e-04
1/1 [==============================] - 0s 97ms/step - loss: 5.0295 - accuracy: 0.0000e+00
Found 60 images belonging to 6 classes.
Found 5 images belonging to 6 classes.
Found 7 images belonging to 6 classes.
Epoch 1/10
2/2 [==============================] - ETA: 0s - loss: 7.7287 - accuracy: 0.1667C:\Users\tom.zbc\PycharmProjects\fungis_bacterias_project\.venv\lib\site-packages\keras\src\engine\training.py:3000: UserWarning: You are saving your model as an HDF5 file via `model.save()`. This file format is considered legacy. We recommend using instead the native Keras format, e.g. `model.save('my_model.keras')`.
  saving_api.save_model(
2/2 [==============================] - 2s 1s/step - loss: 7.7287 - accuracy: 0.1667 - val_loss: 7.5158 - val_accuracy: 0.2000 - lr: 1.0000e-04
Epoch 2/10
2/2 [==============================] - 2s 1s/step - loss: 7.4542 - accuracy: 0.1667 - val_loss: 7.3136 - val_accuracy: 0.0000e+00 - lr: 1.0000e-04
Epoch 3/10
2/2 [==============================] - 2s 1s/step - loss: 7.2270 - accuracy: 0.1167 - val_loss: 7.1067 - val_accuracy: 0.0000e+00 - lr: 1.0000e-04
Epoch 4/10
2/2 [==============================] - 2s 1s/step - loss: 6.9336 - accuracy: 0.1833 - val_loss: 6.8871 - val_accuracy: 0.0000e+00 - lr: 1.0000e-04
Epoch 5/10
2/2 [==============================] - 2s 1s/step - loss: 6.7817 - accuracy: 0.1500 - val_loss: 6.6352 - val_accuracy: 0.0000e+00 - lr: 1.0000e-04
Epoch 6/10
2/2 [==============================] - 2s 1s/step - loss: 6.4635 - accuracy: 0.1667 - val_loss: 6.3615 - val_accuracy: 0.0000e+00 - lr: 1.0000e-04
Epoch 7/10
2/2 [==============================] - 2s 1s/step - loss: 6.2600 - accuracy: 0.2667 - val_loss: 6.1293 - val_accuracy: 0.0000e+00 - lr: 1.0000e-04
Epoch 8/10
2/2 [==============================] - 2s 1s/step - loss: 6.1073 - accuracy: 0.2000 - val_loss: 5.9026 - val_accuracy: 0.4000 - lr: 1.0000e-04
Epoch 9/10
2/2 [==============================] - 2s 1s/step - loss: 5.8749 - accuracy: 0.1667 - val_loss: 5.6851 - val_accuracy: 0.4000 - lr: 1.0000e-04
Epoch 10/10
2/2 [==============================] - 2s 1s/step - loss: 5.7139 - accuracy: 0.2000 - val_loss: 5.4924 - val_accuracy: 0.4000 - lr: 1.0000e-04
1/1 [==============================] - 0s 105ms/step - loss: 5.6196 - accuracy: 0.1429
Found 60 images belonging to 6 classes.
Found 5 images belonging to 6 classes.
Found 7 images belonging to 6 classes.
Epoch 1/15
2/2 [==============================] - ETA: 0s - loss: 7.8124 - accuracy: 0.1500C:\Users\tom.zbc\PycharmProjects\fungis_bacterias_project\.venv\lib\site-packages\keras\src\engine\training.py:3000: UserWarning: You are saving your model as an HDF5 file via `model.save()`. This file format is considered legacy. We recommend using instead the native Keras format, e.g. `model.save('my_model.keras')`.
  saving_api.save_model(
2/2 [==============================] - 2s 1s/step - loss: 7.8124 - accuracy: 0.1500 - val_loss: 7.5796 - val_accuracy: 0.0000e+00 - lr: 1.0000e-04
Epoch 2/15
2/2 [==============================] - 2s 1s/step - loss: 7.4764 - accuracy: 0.2167 - val_loss: 7.1866 - val_accuracy: 0.2000 - lr: 1.0000e-04
Epoch 3/15
2/2 [==============================] - 2s 1s/step - loss: 7.1717 - accuracy: 0.2500 - val_loss: 6.9605 - val_accuracy: 0.2000 - lr: 1.0000e-04
Epoch 4/15
2/2 [==============================] - 2s 1s/step - loss: 6.9037 - accuracy: 0.2333 - val_loss: 6.7853 - val_accuracy: 0.2000 - lr: 1.0000e-04
Epoch 5/15
2/2 [==============================] - 2s 1s/step - loss: 6.9059 - accuracy: 0.1333 - val_loss: 6.5865 - val_accuracy: 0.2000 - lr: 1.0000e-04
Epoch 6/15
2/2 [==============================] - 2s 1s/step - loss: 6.5746 - accuracy: 0.2000 - val_loss: 6.3799 - val_accuracy: 0.2000 - lr: 1.0000e-04
Epoch 7/15
2/2 [==============================] - 2s 1s/step - loss: 6.3988 - accuracy: 0.1833 - val_loss: 6.1612 - val_accuracy: 0.2000 - lr: 1.0000e-04
Epoch 8/15
2/2 [==============================] - 2s 1s/step - loss: 6.1919 - accuracy: 0.2333 - val_loss: 5.9664 - val_accuracy: 0.4000 - lr: 1.0000e-04
Epoch 9/15
2/2 [==============================] - 2s 1s/step - loss: 5.9358 - accuracy: 0.3167 - val_loss: 5.7973 - val_accuracy: 0.4000 - lr: 1.0000e-04
Epoch 10/15
2/2 [==============================] - 2s 1s/step - loss: 5.8670 - accuracy: 0.2167 - val_loss: 5.6344 - val_accuracy: 0.4000 - lr: 1.0000e-04
Epoch 11/15
2/2 [==============================] - 2s 1s/step - loss: 5.6954 - accuracy: 0.1667 - val_loss: 5.4842 - val_accuracy: 0.4000 - lr: 1.0000e-04
Epoch 12/15
2/2 [==============================] - 2s 1s/step - loss: 5.4980 - accuracy: 0.2833 - val_loss: 5.3478 - val_accuracy: 0.4000 - lr: 1.0000e-04
Epoch 13/15
2/2 [==============================] - 2s 1s/step - loss: 5.4136 - accuracy: 0.2167 - val_loss: 5.2213 - val_accuracy: 0.4000 - lr: 1.0000e-04
Epoch 14/15
2/2 [==============================] - 2s 1s/step - loss: 5.2332 - accuracy: 0.2167 - val_loss: 5.1055 - val_accuracy: 0.4000 - lr: 1.0000e-04
Epoch 15/15
2/2 [==============================] - 2s 1s/step - loss: 5.1287 - accuracy: 0.2333 - val_loss: 5.0040 - val_accuracy: 0.4000 - lr: 1.0000e-04
1/1 [==============================] - 0s 96ms/step - loss: 5.0448 - accuracy: 0.1429
Found 60 images belonging to 6 classes.
Found 5 images belonging to 6 classes.
Found 7 images belonging to 6 classes.
Epoch 1/10
2/2 [==============================] - ETA: 0s - loss: 7.7434 - accuracy: 0.1333C:\Users\tom.zbc\PycharmProjects\fungis_bacterias_project\.venv\lib\site-packages\keras\src\engine\training.py:3000: UserWarning: You are saving your model as an HDF5 file via `model.save()`. This file format is considered legacy. We recommend using instead the native Keras format, e.g. `model.save('my_model.keras')`.
  saving_api.save_model(
2/2 [==============================] - 2s 1s/step - loss: 7.7434 - accuracy: 0.1333 - val_loss: 7.4440 - val_accuracy: 0.4000 - lr: 1.0000e-04
Epoch 2/10
2/2 [==============================] - 2s 1s/step - loss: 7.4974 - accuracy: 0.1833 - val_loss: 7.2476 - val_accuracy: 0.2000 - lr: 1.0000e-04
Epoch 3/10
2/2 [==============================] - 2s 1s/step - loss: 7.2167 - accuracy: 0.1833 - val_loss: 7.0313 - val_accuracy: 0.2000 - lr: 1.0000e-04
Epoch 4/10
2/2 [==============================] - 2s 1s/step - loss: 7.1023 - accuracy: 0.2000 - val_loss: 6.7766 - val_accuracy: 0.2000 - lr: 1.0000e-04
Epoch 5/10
2/2 [==============================] - 2s 1s/step - loss: 6.7353 - accuracy: 0.2667 - val_loss: 6.5599 - val_accuracy: 0.4000 - lr: 1.0000e-04
Epoch 6/10
2/2 [==============================] - 2s 1s/step - loss: 6.6113 - accuracy: 0.2333 - val_loss: 6.3690 - val_accuracy: 0.2000 - lr: 1.0000e-04
Epoch 7/10
2/2 [==============================] - 2s 1s/step - loss: 6.4226 - accuracy: 0.2333 - val_loss: 6.1773 - val_accuracy: 0.4000 - lr: 1.0000e-04
Epoch 8/10
2/2 [==============================] - 2s 1s/step - loss: 6.3223 - accuracy: 0.2167 - val_loss: 6.0256 - val_accuracy: 0.2000 - lr: 1.0000e-04
Epoch 9/10
2/2 [==============================] - 2s 1s/step - loss: 6.0397 - accuracy: 0.3000 - val_loss: 5.8662 - val_accuracy: 0.2000 - lr: 1.0000e-04
Epoch 10/10
2/2 [==============================] - 2s 1s/step - loss: 5.9861 - accuracy: 0.1667 - val_loss: 5.7307 - val_accuracy: 0.2000 - lr: 1.0000e-04
1/1 [==============================] - 0s 96ms/step - loss: 5.8699 - accuracy: 0.0000e+00
Found 60 images belonging to 6 classes.
Found 5 images belonging to 6 classes.
Found 7 images belonging to 6 classes.
Epoch 1/15
2/2 [==============================] - ETA: 0s - loss: 7.8188 - accuracy: 0.1333C:\Users\tom.zbc\PycharmProjects\fungis_bacterias_project\.venv\lib\site-packages\keras\src\engine\training.py:3000: UserWarning: You are saving your model as an HDF5 file via `model.save()`. This file format is considered legacy. We recommend using instead the native Keras format, e.g. `model.save('my_model.keras')`.
  saving_api.save_model(
2/2 [==============================] - 3s 1s/step - loss: 7.8188 - accuracy: 0.1333 - val_loss: 7.5006 - val_accuracy: 0.4000 - lr: 1.0000e-04
Epoch 2/15
2/2 [==============================] - 2s 1s/step - loss: 7.4993 - accuracy: 0.1500 - val_loss: 7.3640 - val_accuracy: 0.2000 - lr: 1.0000e-04
Epoch 3/15
2/2 [==============================] - 2s 1s/step - loss: 7.2648 - accuracy: 0.2167 - val_loss: 7.1695 - val_accuracy: 0.0000e+00 - lr: 1.0000e-04
Epoch 4/15
2/2 [==============================] - 2s 1s/step - loss: 6.9969 - accuracy: 0.2667 - val_loss: 6.8903 - val_accuracy: 0.2000 - lr: 1.0000e-04
Epoch 5/15
2/2 [==============================] - 2s 1s/step - loss: 6.7825 - accuracy: 0.2167 - val_loss: 6.5846 - val_accuracy: 0.2000 - lr: 1.0000e-04
Epoch 6/15
2/2 [==============================] - 2s 1s/step - loss: 6.5700 - accuracy: 0.2500 - val_loss: 6.3336 - val_accuracy: 0.4000 - lr: 1.0000e-04
Epoch 7/15
2/2 [==============================] - 2s 1s/step - loss: 6.4788 - accuracy: 0.1833 - val_loss: 6.1281 - val_accuracy: 0.4000 - lr: 1.0000e-04
Epoch 8/15
2/2 [==============================] - 2s 1s/step - loss: 6.2878 - accuracy: 0.1500 - val_loss: 5.9480 - val_accuracy: 0.2000 - lr: 1.0000e-04
Epoch 9/15
2/2 [==============================] - 2s 1s/step - loss: 6.1161 - accuracy: 0.2167 - val_loss: 5.8111 - val_accuracy: 0.2000 - lr: 1.0000e-04
Epoch 10/15
2/2 [==============================] - 2s 1s/step - loss: 5.9358 - accuracy: 0.2000 - val_loss: 5.6801 - val_accuracy: 0.2000 - lr: 1.0000e-04
Epoch 11/15
2/2 [==============================] - 2s 1s/step - loss: 5.7381 - accuracy: 0.1500 - val_loss: 5.5554 - val_accuracy: 0.2000 - lr: 1.0000e-04
Epoch 12/15
2/2 [==============================] - 2s 1s/step - loss: 5.5730 - accuracy: 0.2333 - val_loss: 5.4303 - val_accuracy: 0.2000 - lr: 1.0000e-04
Epoch 13/15
2/2 [==============================] - 2s 1s/step - loss: 5.4536 - accuracy: 0.2833 - val_loss: 5.3103 - val_accuracy: 0.2000 - lr: 1.0000e-04
Epoch 14/15
2/2 [==============================] - 2s 1s/step - loss: 5.2935 - accuracy: 0.2833 - val_loss: 5.1922 - val_accuracy: 0.4000 - lr: 1.0000e-04
Epoch 15/15
2/2 [==============================] - 2s 1s/step - loss: 5.2119 - accuracy: 0.1833 - val_loss: 5.0858 - val_accuracy: 0.4000 - lr: 1.0000e-04
1/1 [==============================] - 0s 100ms/step - loss: 5.1178 - accuracy: 0.2857
Found 60 images belonging to 6 classes.
Found 5 images belonging to 6 classes.
Found 7 images belonging to 6 classes.
Epoch 1/10
2/2 [==============================] - ETA: 0s - loss: 7.7269 - accuracy: 0.1000C:\Users\tom.zbc\PycharmProjects\fungis_bacterias_project\.venv\lib\site-packages\keras\src\engine\training.py:3000: UserWarning: You are saving your model as an HDF5 file via `model.save()`. This file format is considered legacy. We recommend using instead the native Keras format, e.g. `model.save('my_model.keras')`.
  saving_api.save_model(
2/2 [==============================] - 2s 1s/step - loss: 7.7269 - accuracy: 0.1000 - val_loss: 7.5612 - val_accuracy: 0.2000 - lr: 1.0000e-04
Epoch 2/10
2/2 [==============================] - 2s 1s/step - loss: 7.4428 - accuracy: 0.1500 - val_loss: 7.3792 - val_accuracy: 0.2000 - lr: 1.0000e-04
Epoch 3/10
2/2 [==============================] - 2s 1s/step - loss: 7.1699 - accuracy: 0.1167 - val_loss: 7.0967 - val_accuracy: 0.2000 - lr: 1.0000e-04
Epoch 4/10
2/2 [==============================] - 2s 1s/step - loss: 6.9947 - accuracy: 0.1667 - val_loss: 6.7547 - val_accuracy: 0.2000 - lr: 1.0000e-04
Epoch 5/10
2/2 [==============================] - 2s 1s/step - loss: 6.7539 - accuracy: 0.1833 - val_loss: 6.4382 - val_accuracy: 0.2000 - lr: 1.0000e-04
Epoch 6/10
2/2 [==============================] - 2s 1s/step - loss: 6.4951 - accuracy: 0.1667 - val_loss: 6.1899 - val_accuracy: 0.4000 - lr: 1.0000e-04
Epoch 7/10
2/2 [==============================] - 2s 1s/step - loss: 6.3275 - accuracy: 0.1500 - val_loss: 5.9684 - val_accuracy: 0.4000 - lr: 1.0000e-04
Epoch 8/10
2/2 [==============================] - 2s 1s/step - loss: 6.1152 - accuracy: 0.2167 - val_loss: 5.7975 - val_accuracy: 0.2000 - lr: 1.0000e-04
Epoch 9/10
2/2 [==============================] - 2s 1s/step - loss: 5.9132 - accuracy: 0.1833 - val_loss: 5.6467 - val_accuracy: 0.4000 - lr: 1.0000e-04
Epoch 10/10
2/2 [==============================] - 2s 1s/step - loss: 5.7315 - accuracy: 0.3000 - val_loss: 5.5068 - val_accuracy: 0.4000 - lr: 1.0000e-04
1/1 [==============================] - 0s 98ms/step - loss: 5.5764 - accuracy: 0.1429
Found 60 images belonging to 6 classes.
Found 5 images belonging to 6 classes.
Found 7 images belonging to 6 classes.
Epoch 1/15
2/2 [==============================] - ETA: 0s - loss: 7.7712 - accuracy: 0.1667C:\Users\tom.zbc\PycharmProjects\fungis_bacterias_project\.venv\lib\site-packages\keras\src\engine\training.py:3000: UserWarning: You are saving your model as an HDF5 file via `model.save()`. This file format is considered legacy. We recommend using instead the native Keras format, e.g. `model.save('my_model.keras')`.
  saving_api.save_model(
2/2 [==============================] - 2s 1s/step - loss: 7.7712 - accuracy: 0.1667 - val_loss: 7.4876 - val_accuracy: 0.2000 - lr: 1.0000e-04
Epoch 2/15
2/2 [==============================] - 2s 1s/step - loss: 7.4454 - accuracy: 0.1500 - val_loss: 7.2675 - val_accuracy: 0.2000 - lr: 1.0000e-04
Epoch 3/15
2/2 [==============================] - 2s 1s/step - loss: 7.1687 - accuracy: 0.1667 - val_loss: 7.0572 - val_accuracy: 0.2000 - lr: 1.0000e-04
Epoch 4/15
2/2 [==============================] - 2s 1s/step - loss: 6.8593 - accuracy: 0.2167 - val_loss: 6.8553 - val_accuracy: 0.0000e+00 - lr: 1.0000e-04
Epoch 5/15
2/2 [==============================] - 2s 1s/step - loss: 6.7019 - accuracy: 0.2333 - val_loss: 6.6190 - val_accuracy: 0.0000e+00 - lr: 1.0000e-04
Epoch 6/15
2/2 [==============================] - 2s 1s/step - loss: 6.4585 - accuracy: 0.2667 - val_loss: 6.3415 - val_accuracy: 0.0000e+00 - lr: 1.0000e-04
Epoch 7/15
2/2 [==============================] - 2s 1s/step - loss: 6.3394 - accuracy: 0.1167 - val_loss: 6.1248 - val_accuracy: 0.0000e+00 - lr: 1.0000e-04
Epoch 8/15
2/2 [==============================] - 2s 1s/step - loss: 6.2058 - accuracy: 0.1667 - val_loss: 5.9349 - val_accuracy: 0.2000 - lr: 1.0000e-04
Epoch 9/15
2/2 [==============================] - 2s 1s/step - loss: 5.9750 - accuracy: 0.1667 - val_loss: 5.7614 - val_accuracy: 0.2000 - lr: 1.0000e-04
Epoch 10/15
2/2 [==============================] - 2s 1s/step - loss: 5.6760 - accuracy: 0.2667 - val_loss: 5.6261 - val_accuracy: 0.2000 - lr: 1.0000e-04
Epoch 11/15
2/2 [==============================] - 2s 1s/step - loss: 5.5346 - accuracy: 0.2333 - val_loss: 5.4994 - val_accuracy: 0.2000 - lr: 1.0000e-04
Epoch 12/15
2/2 [==============================] - 2s 1s/step - loss: 5.3932 - accuracy: 0.3000 - val_loss: 5.3695 - val_accuracy: 0.2000 - lr: 1.0000e-04
Epoch 13/15
2/2 [==============================] - 2s 1s/step - loss: 5.2882 - accuracy: 0.2167 - val_loss: 5.2439 - val_accuracy: 0.2000 - lr: 1.0000e-04
Epoch 14/15
2/2 [==============================] - 2s 1s/step - loss: 5.2113 - accuracy: 0.1167 - val_loss: 5.1278 - val_accuracy: 0.2000 - lr: 1.0000e-04
Epoch 15/15
2/2 [==============================] - 2s 1s/step - loss: 5.0761 - accuracy: 0.2500 - val_loss: 5.0107 - val_accuracy: 0.2000 - lr: 1.0000e-04
1/1 [==============================] - 0s 98ms/step - loss: 4.9842 - accuracy: 0.1429

Process finished with exit code 0
