C:\Users\tom.zbc\PycharmProjects\fungis_bacterias_project\.venv\Scripts\python.exe C:\Users\tom.zbc\PycharmProjects\fungis_bacterias_project\3_model_training_and_evaluation_FNN_6_4pr.py
Class 'Aero' meets the sample requirement.
Class 'Bacillus' meets the sample requirement.
Class 'Bor' meets the sample requirement.
Class 'E' meets the sample requirement.
Class 'Morganella' meets the sample requirement.
Class 'stapholococcus' meets the sample requirement.
Data check passed for directory: 'C:/Users/tom.zbc/PycharmProjects/fungis_bacterias_project/data/train'
Class 'Aero' meets the sample requirement.
Warning: Class 'Bacillus' has only 0 samples, expected at least 2.
Warning: Class 'Bor' has only 1 samples, expected at least 2.
Warning: Class 'E' has only 0 samples, expected at least 2.
Warning: Class 'Morganella' has only 1 samples, expected at least 2.
Warning: Class 'stapholococcus' has only 1 samples, expected at least 2.
Data check passed for directory: 'C:/Users/tom.zbc/PycharmProjects/fungis_bacterias_project/data/validation'
Class 'Aero' meets the sample requirement.
Warning: Class 'Bacillus' has only 1 samples, expected at least 2.
Warning: Class 'Bor' has only 0 samples, expected at least 2.
Warning: Class 'E' has only 0 samples, expected at least 2.
Warning: Class 'Morganella' has only 1 samples, expected at least 2.
Class 'stapholococcus' meets the sample requirement.
Data check passed for directory: 'C:/Users/tom.zbc/PycharmProjects/fungis_bacterias_project/data/test'
Found 60 images belonging to 6 classes.
Found 5 images belonging to 6 classes.
Found 7 images belonging to 6 classes.
2024-09-24 12:17:13.056296: I tensorflow/core/platform/cpu_feature_guard.cc:182] This TensorFlow binary is optimized to use available CPU instructions in performance-critical operations.
To enable the following instructions: SSE SSE2 SSE3 SSE4.1 SSE4.2 AVX AVX2 AVX_VNNI FMA, in other operations, rebuild TensorFlow with the appropriate compiler flags.
Epoch 1/10
2/2 [==============================] - 2s 585ms/step - loss: 3.1389 - accuracy: 0.2000 - val_loss: 2.4534 - val_accuracy: 0.4000 - lr: 0.0010
Epoch 2/10
2/2 [==============================] - 1s 423ms/step - loss: 2.9167 - accuracy: 0.1667 - val_loss: 2.6621 - val_accuracy: 0.0000e+00 - lr: 0.0010
1/1 [==============================] - 0s 112ms/step - loss: 2.5087 - accuracy: 0.1429
Found 60 images belonging to 6 classes.
Found 5 images belonging to 6 classes.
Found 7 images belonging to 6 classes.
Epoch 1/30
2/2 [==============================] - 2s 636ms/step - loss: 3.0098 - accuracy: 0.1500 - val_loss: 2.5957 - val_accuracy: 0.4000 - lr: 0.0010
Epoch 2/30
2/2 [==============================] - 1s 509ms/step - loss: 2.7380 - accuracy: 0.2333 - val_loss: 2.5459 - val_accuracy: 0.4000 - lr: 0.0010
Epoch 3/30
2/2 [==============================] - 1s 457ms/step - loss: 2.6652 - accuracy: 0.1333 - val_loss: 2.5390 - val_accuracy: 0.0000e+00 - lr: 0.0010
Epoch 4/30
2/2 [==============================] - 1s 504ms/step - loss: 2.5566 - accuracy: 0.1667 - val_loss: 2.5052 - val_accuracy: 0.0000e+00 - lr: 0.0010
Epoch 5/30
2/2 [==============================] - 1s 437ms/step - loss: 2.4877 - accuracy: 0.1833 - val_loss: 2.4684 - val_accuracy: 0.0000e+00 - lr: 0.0010
Epoch 6/30
2/2 [==============================] - 1s 512ms/step - loss: 2.4491 - accuracy: 0.1833 - val_loss: 2.4241 - val_accuracy: 0.2000 - lr: 0.0010
Epoch 7/30
2/2 [==============================] - 1s 424ms/step - loss: 2.3981 - accuracy: 0.3000 - val_loss: 2.3805 - val_accuracy: 0.2000 - lr: 0.0010
Epoch 8/30
2/2 [==============================] - 1s 426ms/step - loss: 2.3454 - accuracy: 0.3500 - val_loss: 2.3334 - val_accuracy: 0.2000 - lr: 0.0010
Epoch 9/30
2/2 [==============================] - 1s 423ms/step - loss: 2.3207 - accuracy: 0.2500 - val_loss: 2.3120 - val_accuracy: 0.2000 - lr: 0.0010
Epoch 10/30
2/2 [==============================] - 1s 488ms/step - loss: 2.2363 - accuracy: 0.2667 - val_loss: 2.2519 - val_accuracy: 0.4000 - lr: 0.0010
Epoch 11/30
2/2 [==============================] - 1s 433ms/step - loss: 2.2576 - accuracy: 0.1833 - val_loss: 2.1991 - val_accuracy: 0.4000 - lr: 0.0010
Epoch 12/30
2/2 [==============================] - 1s 416ms/step - loss: 2.1616 - accuracy: 0.2833 - val_loss: 2.1752 - val_accuracy: 0.4000 - lr: 0.0010
Epoch 13/30
2/2 [==============================] - 1s 419ms/step - loss: 2.1378 - accuracy: 0.2667 - val_loss: 2.1402 - val_accuracy: 0.4000 - lr: 0.0010
Epoch 14/30
2/2 [==============================] - 1s 484ms/step - loss: 2.1092 - accuracy: 0.2833 - val_loss: 2.1438 - val_accuracy: 0.2000 - lr: 0.0010
1/1 [==============================] - 0s 101ms/step - loss: 2.3514 - accuracy: 0.2857
Found 60 images belonging to 6 classes.
Found 5 images belonging to 6 classes.
Found 7 images belonging to 6 classes.
Epoch 1/10
2/2 [==============================] - 2s 570ms/step - loss: 3.0578 - accuracy: 0.1667 - val_loss: 2.6006 - val_accuracy: 0.2000 - lr: 0.0010
Epoch 2/10
2/2 [==============================] - 1s 500ms/step - loss: 2.7973 - accuracy: 0.1667 - val_loss: 2.6051 - val_accuracy: 0.2000 - lr: 0.0010
1/1 [==============================] - 0s 86ms/step - loss: 2.7458 - accuracy: 0.1429
Found 60 images belonging to 6 classes.
Found 5 images belonging to 6 classes.
Found 7 images belonging to 6 classes.
Epoch 1/30
2/2 [==============================] - 2s 669ms/step - loss: 3.2629 - accuracy: 0.0833 - val_loss: 2.7496 - val_accuracy: 0.2000 - lr: 0.0010
Epoch 2/30
2/2 [==============================] - 1s 439ms/step - loss: 2.8469 - accuracy: 0.1833 - val_loss: 2.6128 - val_accuracy: 0.0000e+00 - lr: 0.0010
Epoch 3/30
2/2 [==============================] - 1s 542ms/step - loss: 2.7330 - accuracy: 0.2333 - val_loss: 2.6308 - val_accuracy: 0.2000 - lr: 0.0010
1/1 [==============================] - 0s 87ms/step - loss: 2.7363 - accuracy: 0.1429
Found 60 images belonging to 6 classes.
Found 5 images belonging to 6 classes.
Found 7 images belonging to 6 classes.
Epoch 1/10
2/2 [==============================] - 2s 646ms/step - loss: 3.0775 - accuracy: 0.1167 - val_loss: 2.7416 - val_accuracy: 0.2000 - lr: 0.0010
Epoch 2/10
2/2 [==============================] - 1s 515ms/step - loss: 2.8221 - accuracy: 0.1833 - val_loss: 2.6760 - val_accuracy: 0.4000 - lr: 0.0010
Epoch 3/10
2/2 [==============================] - 1s 530ms/step - loss: 2.6649 - accuracy: 0.1500 - val_loss: 2.5901 - val_accuracy: 0.0000e+00 - lr: 0.0010
Epoch 4/10
2/2 [==============================] - 1s 454ms/step - loss: 2.5777 - accuracy: 0.2333 - val_loss: 2.5090 - val_accuracy: 0.2000 - lr: 0.0010
Epoch 5/10
2/2 [==============================] - 1s 465ms/step - loss: 2.5280 - accuracy: 0.1833 - val_loss: 2.4463 - val_accuracy: 0.4000 - lr: 0.0010
Epoch 6/10
2/2 [==============================] - 1s 451ms/step - loss: 2.4969 - accuracy: 0.2000 - val_loss: 2.3865 - val_accuracy: 0.4000 - lr: 0.0010
Epoch 7/10
2/2 [==============================] - 1s 457ms/step - loss: 2.4521 - accuracy: 0.2333 - val_loss: 2.3602 - val_accuracy: 0.6000 - lr: 0.0010
Epoch 8/10
2/2 [==============================] - 1s 513ms/step - loss: 2.4058 - accuracy: 0.3167 - val_loss: 2.3159 - val_accuracy: 0.2000 - lr: 0.0010
Epoch 9/10
2/2 [==============================] - 1s 523ms/step - loss: 2.3987 - accuracy: 0.2000 - val_loss: 2.2602 - val_accuracy: 0.4000 - lr: 0.0010
Epoch 10/10
2/2 [==============================] - 1s 451ms/step - loss: 2.3438 - accuracy: 0.2167 - val_loss: 2.1931 - val_accuracy: 0.6000 - lr: 0.0010
1/1 [==============================] - 0s 88ms/step - loss: 2.2755 - accuracy: 0.2857
Found 60 images belonging to 6 classes.
Found 5 images belonging to 6 classes.
Found 7 images belonging to 6 classes.
Epoch 1/30
2/2 [==============================] - 2s 567ms/step - loss: 3.1336 - accuracy: 0.1167 - val_loss: 2.8876 - val_accuracy: 0.2000 - lr: 0.0010
Epoch 2/30
2/2 [==============================] - 1s 452ms/step - loss: 2.7755 - accuracy: 0.2333 - val_loss: 2.8462 - val_accuracy: 0.2000 - lr: 0.0010
Epoch 3/30
2/2 [==============================] - 1s 518ms/step - loss: 2.6607 - accuracy: 0.2500 - val_loss: 2.7032 - val_accuracy: 0.2000 - lr: 0.0010
Epoch 4/30
2/2 [==============================] - 1s 520ms/step - loss: 2.5872 - accuracy: 0.1500 - val_loss: 2.6388 - val_accuracy: 0.0000e+00 - lr: 0.0010
Epoch 5/30
2/2 [==============================] - 1s 430ms/step - loss: 2.5385 - accuracy: 0.1500 - val_loss: 2.5699 - val_accuracy: 0.0000e+00 - lr: 0.0010
Epoch 6/30
2/2 [==============================] - 1s 445ms/step - loss: 2.4919 - accuracy: 0.1667 - val_loss: 2.5025 - val_accuracy: 0.0000e+00 - lr: 0.0010
Epoch 7/30
2/2 [==============================] - 1s 447ms/step - loss: 2.4316 - accuracy: 0.2333 - val_loss: 2.4465 - val_accuracy: 0.0000e+00 - lr: 0.0010
Epoch 8/30
2/2 [==============================] - 1s 524ms/step - loss: 2.3771 - accuracy: 0.2833 - val_loss: 2.3895 - val_accuracy: 0.4000 - lr: 0.0010
Epoch 9/30
2/2 [==============================] - 1s 523ms/step - loss: 2.3807 - accuracy: 0.2833 - val_loss: 2.3373 - val_accuracy: 0.4000 - lr: 0.0010
Epoch 10/30
2/2 [==============================] - 1s 514ms/step - loss: 2.2604 - accuracy: 0.3333 - val_loss: 2.3445 - val_accuracy: 0.4000 - lr: 0.0010
1/1 [==============================] - 0s 87ms/step - loss: 2.4411 - accuracy: 0.2857
Found 60 images belonging to 6 classes.
Found 5 images belonging to 6 classes.
Found 7 images belonging to 6 classes.
Epoch 1/10
2/2 [==============================] - 2s 651ms/step - loss: 3.8580 - accuracy: 0.1167 - val_loss: 2.9684 - val_accuracy: 0.2000 - lr: 0.0010
Epoch 2/10
2/2 [==============================] - 1s 447ms/step - loss: 2.9723 - accuracy: 0.2000 - val_loss: 2.9050 - val_accuracy: 0.0000e+00 - lr: 0.0010
Epoch 3/10
2/2 [==============================] - 1s 434ms/step - loss: 2.7194 - accuracy: 0.1500 - val_loss: 2.7093 - val_accuracy: 0.0000e+00 - lr: 0.0010
Epoch 4/10
2/2 [==============================] - 1s 430ms/step - loss: 2.6319 - accuracy: 0.2500 - val_loss: 2.6342 - val_accuracy: 0.0000e+00 - lr: 0.0010
Epoch 5/10
2/2 [==============================] - 1s 589ms/step - loss: 2.6011 - accuracy: 0.2000 - val_loss: 2.5852 - val_accuracy: 0.2000 - lr: 0.0010
Epoch 6/10
2/2 [==============================] - 1s 569ms/step - loss: 2.5645 - accuracy: 0.1667 - val_loss: 2.5502 - val_accuracy: 0.2000 - lr: 0.0010
Epoch 7/10
2/2 [==============================] - 1s 579ms/step - loss: 2.5346 - accuracy: 0.1667 - val_loss: 2.5299 - val_accuracy: 0.2000 - lr: 0.0010
Epoch 8/10
2/2 [==============================] - 1s 469ms/step - loss: 2.5065 - accuracy: 0.2000 - val_loss: 2.5085 - val_accuracy: 0.2000 - lr: 0.0010
Epoch 9/10
2/2 [==============================] - 1s 473ms/step - loss: 2.4761 - accuracy: 0.2167 - val_loss: 2.4920 - val_accuracy: 0.2000 - lr: 0.0010
Epoch 10/10
2/2 [==============================] - 1s 462ms/step - loss: 2.4582 - accuracy: 0.2167 - val_loss: 2.4739 - val_accuracy: 0.2000 - lr: 0.0010
1/1 [==============================] - 0s 113ms/step - loss: 2.5027 - accuracy: 0.0000e+00
Found 60 images belonging to 6 classes.
Found 5 images belonging to 6 classes.
Found 7 images belonging to 6 classes.
Epoch 1/30
2/2 [==============================] - 2s 615ms/step - loss: 3.2283 - accuracy: 0.1167 - val_loss: 2.7908 - val_accuracy: 0.2000 - lr: 0.0010
Epoch 2/30
2/2 [==============================] - 1s 548ms/step - loss: 2.7900 - accuracy: 0.2000 - val_loss: 2.7138 - val_accuracy: 0.2000 - lr: 0.0010
Epoch 3/30
2/2 [==============================] - 1s 548ms/step - loss: 2.6931 - accuracy: 0.2333 - val_loss: 2.6102 - val_accuracy: 0.4000 - lr: 0.0010
Epoch 4/30
2/2 [==============================] - 1s 472ms/step - loss: 2.5898 - accuracy: 0.3667 - val_loss: 2.5467 - val_accuracy: 0.2000 - lr: 0.0010
Epoch 5/30
2/2 [==============================] - 1s 542ms/step - loss: 2.5632 - accuracy: 0.1500 - val_loss: 2.4906 - val_accuracy: 0.0000e+00 - lr: 0.0010
Epoch 6/30
2/2 [==============================] - 1s 527ms/step - loss: 2.4952 - accuracy: 0.2167 - val_loss: 2.4483 - val_accuracy: 0.0000e+00 - lr: 0.0010
Epoch 7/30
2/2 [==============================] - 1s 544ms/step - loss: 2.4544 - accuracy: 0.2833 - val_loss: 2.4164 - val_accuracy: 0.2000 - lr: 0.0010
Epoch 8/30
2/2 [==============================] - 1s 458ms/step - loss: 2.4217 - accuracy: 0.1833 - val_loss: 2.3774 - val_accuracy: 0.0000e+00 - lr: 0.0010
Epoch 9/30
2/2 [==============================] - 1s 453ms/step - loss: 2.3771 - accuracy: 0.2500 - val_loss: 2.3459 - val_accuracy: 0.2000 - lr: 0.0010
Epoch 10/30
2/2 [==============================] - 1s 551ms/step - loss: 2.3300 - accuracy: 0.3000 - val_loss: 2.2859 - val_accuracy: 0.2000 - lr: 0.0010
Epoch 11/30
2/2 [==============================] - 1s 553ms/step - loss: 2.3186 - accuracy: 0.2833 - val_loss: 2.2695 - val_accuracy: 0.2000 - lr: 0.0010
Epoch 12/30
2/2 [==============================] - 1s 499ms/step - loss: 2.2815 - accuracy: 0.2333 - val_loss: 2.2671 - val_accuracy: 0.2000 - lr: 0.0010
Epoch 13/30
2/2 [==============================] - 1s 482ms/step - loss: 2.1723 - accuracy: 0.3167 - val_loss: 2.1650 - val_accuracy: 0.4000 - lr: 0.0010
Epoch 14/30
2/2 [==============================] - 1s 574ms/step - loss: 2.2423 - accuracy: 0.2500 - val_loss: 2.0746 - val_accuracy: 0.4000 - lr: 0.0010
Epoch 15/30
2/2 [==============================] - 1s 461ms/step - loss: 2.1315 - accuracy: 0.3167 - val_loss: 1.9781 - val_accuracy: 0.6000 - lr: 0.0010
Epoch 16/30
2/2 [==============================] - 1s 454ms/step - loss: 2.1647 - accuracy: 0.2000 - val_loss: 1.9223 - val_accuracy: 0.4000 - lr: 0.0010
Epoch 17/30
2/2 [==============================] - 1s 475ms/step - loss: 2.0857 - accuracy: 0.2500 - val_loss: 1.9053 - val_accuracy: 0.4000 - lr: 0.0010
Epoch 18/30
2/2 [==============================] - 1s 553ms/step - loss: 1.9998 - accuracy: 0.3000 - val_loss: 1.8957 - val_accuracy: 0.6000 - lr: 0.0010
Epoch 19/30
2/2 [==============================] - 1s 573ms/step - loss: 2.0555 - accuracy: 0.2833 - val_loss: 1.7629 - val_accuracy: 0.8000 - lr: 0.0010
Epoch 20/30
2/2 [==============================] - 1s 488ms/step - loss: 2.0096 - accuracy: 0.2833 - val_loss: 1.6888 - val_accuracy: 0.4000 - lr: 0.0010
Epoch 21/30
2/2 [==============================] - 1s 564ms/step - loss: 2.0477 - accuracy: 0.2500 - val_loss: 1.6372 - val_accuracy: 0.6000 - lr: 0.0010
Epoch 22/30
2/2 [==============================] - 1s 484ms/step - loss: 1.8948 - accuracy: 0.3500 - val_loss: 1.6157 - val_accuracy: 0.8000 - lr: 0.0010
Epoch 23/30
2/2 [==============================] - 1s 452ms/step - loss: 1.9215 - accuracy: 0.3833 - val_loss: 1.5604 - val_accuracy: 0.4000 - lr: 0.0010
Epoch 24/30
2/2 [==============================] - 1s 553ms/step - loss: 1.8505 - accuracy: 0.3167 - val_loss: 1.5122 - val_accuracy: 0.4000 - lr: 0.0010
Epoch 25/30
2/2 [==============================] - 1s 550ms/step - loss: 1.9280 - accuracy: 0.3000 - val_loss: 1.5028 - val_accuracy: 0.4000 - lr: 0.0010
Epoch 26/30
2/2 [==============================] - 1s 475ms/step - loss: 1.7903 - accuracy: 0.3833 - val_loss: 1.4238 - val_accuracy: 0.4000 - lr: 0.0010
Epoch 27/30
2/2 [==============================] - 1s 567ms/step - loss: 1.9694 - accuracy: 0.2500 - val_loss: 1.3978 - val_accuracy: 0.8000 - lr: 0.0010
Epoch 28/30
2/2 [==============================] - 1s 558ms/step - loss: 1.8686 - accuracy: 0.2500 - val_loss: 1.3873 - val_accuracy: 0.6000 - lr: 0.0010
Epoch 29/30
2/2 [==============================] - 1s 548ms/step - loss: 1.7725 - accuracy: 0.3833 - val_loss: 1.4745 - val_accuracy: 0.4000 - lr: 0.0010
1/1 [==============================] - 0s 92ms/step - loss: 1.7529 - accuracy: 0.2857
Found 60 images belonging to 6 classes.
Found 5 images belonging to 6 classes.
Found 7 images belonging to 6 classes.
Epoch 1/10
2/2 [==============================] - 2s 904ms/step - loss: 3.4145 - accuracy: 0.1333 - val_loss: 3.1308 - val_accuracy: 0.4000 - lr: 0.0010
Epoch 2/10
2/2 [==============================] - 2s 802ms/step - loss: 2.9265 - accuracy: 0.1167 - val_loss: 2.8288 - val_accuracy: 0.2000 - lr: 0.0010
Epoch 3/10
2/2 [==============================] - 2s 795ms/step - loss: 2.7359 - accuracy: 0.2000 - val_loss: 2.6969 - val_accuracy: 0.2000 - lr: 0.0010
Epoch 4/10
2/2 [==============================] - 2s 646ms/step - loss: 2.6637 - accuracy: 0.2167 - val_loss: 2.6387 - val_accuracy: 0.0000e+00 - lr: 0.0010
Epoch 5/10
2/2 [==============================] - 2s 775ms/step - loss: 2.6057 - accuracy: 0.2500 - val_loss: 2.6058 - val_accuracy: 0.0000e+00 - lr: 0.0010
Epoch 6/10
2/2 [==============================] - 2s 738ms/step - loss: 2.5599 - accuracy: 0.2667 - val_loss: 2.5747 - val_accuracy: 0.0000e+00 - lr: 0.0010
Epoch 7/10
2/2 [==============================] - 2s 662ms/step - loss: 2.5270 - accuracy: 0.2500 - val_loss: 2.5544 - val_accuracy: 0.0000e+00 - lr: 0.0010
Epoch 8/10
2/2 [==============================] - 2s 759ms/step - loss: 2.4824 - accuracy: 0.3000 - val_loss: 2.4790 - val_accuracy: 0.0000e+00 - lr: 0.0010
Epoch 9/10
2/2 [==============================] - 2s 685ms/step - loss: 2.4309 - accuracy: 0.2500 - val_loss: 2.4234 - val_accuracy: 0.2000 - lr: 0.0010
Epoch 10/10
2/2 [==============================] - 2s 776ms/step - loss: 2.3646 - accuracy: 0.2333 - val_loss: 2.3969 - val_accuracy: 0.2000 - lr: 0.0010
1/1 [==============================] - 0s 107ms/step - loss: 2.4947 - accuracy: 0.0000e+00
Found 60 images belonging to 6 classes.
Found 5 images belonging to 6 classes.
Found 7 images belonging to 6 classes.
Epoch 1/30
2/2 [==============================] - 2s 859ms/step - loss: 3.2112 - accuracy: 0.2333 - val_loss: 3.3406 - val_accuracy: 0.0000e+00 - lr: 0.0010
Epoch 2/30
2/2 [==============================] - 2s 816ms/step - loss: 3.2757 - accuracy: 0.1333 - val_loss: 2.7977 - val_accuracy: 0.2000 - lr: 0.0010
Epoch 3/30
2/2 [==============================] - 2s 693ms/step - loss: 2.8248 - accuracy: 0.1667 - val_loss: 2.7552 - val_accuracy: 0.2000 - lr: 0.0010
Epoch 4/30
2/2 [==============================] - 2s 799ms/step - loss: 2.7793 - accuracy: 0.1667 - val_loss: 2.7248 - val_accuracy: 0.2000 - lr: 0.0010
Epoch 5/30
2/2 [==============================] - 2s 685ms/step - loss: 2.7538 - accuracy: 0.1333 - val_loss: 2.6948 - val_accuracy: 0.0000e+00 - lr: 0.0010
Epoch 6/30
2/2 [==============================] - 2s 692ms/step - loss: 2.7099 - accuracy: 0.1833 - val_loss: 2.6792 - val_accuracy: 0.2000 - lr: 0.0010
Epoch 7/30
2/2 [==============================] - 2s 812ms/step - loss: 2.6710 - accuracy: 0.2500 - val_loss: 2.6225 - val_accuracy: 0.2000 - lr: 0.0010
Epoch 8/30
2/2 [==============================] - 2s 685ms/step - loss: 2.6498 - accuracy: 0.2167 - val_loss: 2.5844 - val_accuracy: 0.2000 - lr: 0.0010
Epoch 9/30
2/2 [==============================] - 2s 769ms/step - loss: 2.5919 - accuracy: 0.2500 - val_loss: 2.4514 - val_accuracy: 0.2000 - lr: 0.0010
Epoch 10/30
2/2 [==============================] - 2s 822ms/step - loss: 2.5998 - accuracy: 0.2333 - val_loss: 2.4310 - val_accuracy: 0.4000 - lr: 0.0010
Epoch 11/30
2/2 [==============================] - 2s 748ms/step - loss: 2.4995 - accuracy: 0.3333 - val_loss: 2.3014 - val_accuracy: 0.4000 - lr: 0.0010
Epoch 12/30
2/2 [==============================] - 2s 707ms/step - loss: 2.4333 - accuracy: 0.2500 - val_loss: 2.2707 - val_accuracy: 0.4000 - lr: 0.0010
Epoch 13/30
2/2 [==============================] - 2s 810ms/step - loss: 2.3871 - accuracy: 0.2833 - val_loss: 2.3497 - val_accuracy: 0.4000 - lr: 0.0010
1/1 [==============================] - 0s 114ms/step - loss: 2.2552 - accuracy: 0.4286
Found 60 images belonging to 6 classes.
Found 5 images belonging to 6 classes.
Found 7 images belonging to 6 classes.
Epoch 1/10
2/2 [==============================] - 2s 866ms/step - loss: 3.5158 - accuracy: 0.2000 - val_loss: 3.0510 - val_accuracy: 0.2000 - lr: 0.0010
Epoch 2/10
2/2 [==============================] - 2s 699ms/step - loss: 3.0419 - accuracy: 0.2333 - val_loss: 2.7585 - val_accuracy: 0.4000 - lr: 0.0010
Epoch 3/10
2/2 [==============================] - 2s 802ms/step - loss: 2.7948 - accuracy: 0.1833 - val_loss: 2.7344 - val_accuracy: 0.4000 - lr: 0.0010
Epoch 4/10
2/2 [==============================] - 2s 698ms/step - loss: 2.7405 - accuracy: 0.2167 - val_loss: 2.6938 - val_accuracy: 0.4000 - lr: 0.0010
Epoch 5/10
2/2 [==============================] - 2s 679ms/step - loss: 2.7230 - accuracy: 0.1167 - val_loss: 2.6870 - val_accuracy: 0.2000 - lr: 0.0010
Epoch 6/10
2/2 [==============================] - 2s 809ms/step - loss: 2.6803 - accuracy: 0.1500 - val_loss: 2.6621 - val_accuracy: 0.2000 - lr: 0.0010
Epoch 7/10
2/2 [==============================] - 2s 797ms/step - loss: 2.6589 - accuracy: 0.2500 - val_loss: 2.6280 - val_accuracy: 0.2000 - lr: 0.0010
Epoch 8/10
2/2 [==============================] - 2s 799ms/step - loss: 2.5947 - accuracy: 0.2833 - val_loss: 2.5463 - val_accuracy: 0.2000 - lr: 0.0010
Epoch 9/10
2/2 [==============================] - 2s 829ms/step - loss: 2.5903 - accuracy: 0.2500 - val_loss: 2.4520 - val_accuracy: 0.2000 - lr: 0.0010
Epoch 10/10
2/2 [==============================] - 2s 696ms/step - loss: 2.5029 - accuracy: 0.2667 - val_loss: 2.4334 - val_accuracy: 0.4000 - lr: 0.0010
1/1 [==============================] - 0s 116ms/step - loss: 2.4690 - accuracy: 0.1429
Found 60 images belonging to 6 classes.
Found 5 images belonging to 6 classes.
Found 7 images belonging to 6 classes.
Epoch 1/30
2/2 [==============================] - 2s 905ms/step - loss: 3.6762 - accuracy: 0.1000 - val_loss: 3.1183 - val_accuracy: 0.0000e+00 - lr: 0.0010
Epoch 2/30
2/2 [==============================] - 2s 802ms/step - loss: 3.0200 - accuracy: 0.1333 - val_loss: 2.7658 - val_accuracy: 0.2000 - lr: 0.0010
Epoch 3/30
2/2 [==============================] - 2s 817ms/step - loss: 2.7529 - accuracy: 0.1333 - val_loss: 2.6958 - val_accuracy: 0.2000 - lr: 0.0010
Epoch 4/30
2/2 [==============================] - 2s 799ms/step - loss: 2.6960 - accuracy: 0.2667 - val_loss: 2.6442 - val_accuracy: 0.2000 - lr: 0.0010
Epoch 5/30
2/2 [==============================] - 2s 825ms/step - loss: 2.6465 - accuracy: 0.2667 - val_loss: 2.5752 - val_accuracy: 0.2000 - lr: 0.0010
Epoch 6/30
2/2 [==============================] - 2s 814ms/step - loss: 2.6218 - accuracy: 0.2167 - val_loss: 2.5199 - val_accuracy: 0.2000 - lr: 0.0010
Epoch 7/30
2/2 [==============================] - 2s 711ms/step - loss: 2.5998 - accuracy: 0.1500 - val_loss: 2.5035 - val_accuracy: 0.2000 - lr: 0.0010
Epoch 8/30
2/2 [==============================] - 2s 703ms/step - loss: 2.5346 - accuracy: 0.2667 - val_loss: 2.4815 - val_accuracy: 0.2000 - lr: 0.0010
Epoch 9/30
2/2 [==============================] - 2s 826ms/step - loss: 2.5188 - accuracy: 0.3000 - val_loss: 2.4398 - val_accuracy: 0.2000 - lr: 0.0010
Epoch 10/30
2/2 [==============================] - 2s 687ms/step - loss: 2.4834 - accuracy: 0.1667 - val_loss: 2.3886 - val_accuracy: 0.2000 - lr: 0.0010
Epoch 11/30
2/2 [==============================] - 2s 749ms/step - loss: 2.4053 - accuracy: 0.1500 - val_loss: 2.3394 - val_accuracy: 0.2000 - lr: 0.0010
Epoch 12/30
2/2 [==============================] - 2s 727ms/step - loss: 2.3461 - accuracy: 0.2167 - val_loss: 2.2965 - val_accuracy: 0.2000 - lr: 0.0010
Epoch 13/30
2/2 [==============================] - 2s 815ms/step - loss: 2.2980 - accuracy: 0.2667 - val_loss: 2.2050 - val_accuracy: 0.4000 - lr: 0.0010
Epoch 14/30
2/2 [==============================] - 2s 804ms/step - loss: 2.3573 - accuracy: 0.2833 - val_loss: 2.1341 - val_accuracy: 0.2000 - lr: 0.0010
Epoch 15/30
2/2 [==============================] - 2s 702ms/step - loss: 2.1932 - accuracy: 0.2167 - val_loss: 2.1433 - val_accuracy: 0.2000 - lr: 0.0010
1/1 [==============================] - 0s 117ms/step - loss: 2.3106 - accuracy: 0.0000e+00
Found 60 images belonging to 6 classes.
Found 5 images belonging to 6 classes.
Found 7 images belonging to 6 classes.
Epoch 1/10
2/2 [==============================] - 2s 1s/step - loss: 4.3110 - accuracy: 0.1500 - val_loss: 2.5786 - val_accuracy: 0.4000 - lr: 0.0010
Epoch 2/10
2/2 [==============================] - 2s 715ms/step - loss: 2.9807 - accuracy: 0.2000 - val_loss: 2.7540 - val_accuracy: 0.2000 - lr: 0.0010
1/1 [==============================] - 0s 113ms/step - loss: 2.8224 - accuracy: 0.5714
Found 60 images belonging to 6 classes.
Found 5 images belonging to 6 classes.
Found 7 images belonging to 6 classes.
Epoch 1/30
2/2 [==============================] - 2s 989ms/step - loss: 3.3421 - accuracy: 0.1000 - val_loss: 3.0884 - val_accuracy: 0.2000 - lr: 0.0010
Epoch 2/30
2/2 [==============================] - 2s 792ms/step - loss: 2.9865 - accuracy: 0.2167 - val_loss: 2.8187 - val_accuracy: 0.2000 - lr: 0.0010
Epoch 3/30
2/2 [==============================] - 2s 678ms/step - loss: 2.8003 - accuracy: 0.2833 - val_loss: 2.7432 - val_accuracy: 0.2000 - lr: 0.0010
Epoch 4/30
2/2 [==============================] - 2s 741ms/step - loss: 2.7388 - accuracy: 0.1167 - val_loss: 2.7012 - val_accuracy: 0.2000 - lr: 0.0010
Epoch 5/30
2/2 [==============================] - 2s 678ms/step - loss: 2.6949 - accuracy: 0.1667 - val_loss: 2.6697 - val_accuracy: 0.2000 - lr: 0.0010
Epoch 6/30
2/2 [==============================] - 2s 818ms/step - loss: 2.6711 - accuracy: 0.1667 - val_loss: 2.6355 - val_accuracy: 0.2000 - lr: 0.0010
Epoch 7/30
2/2 [==============================] - 2s 725ms/step - loss: 2.6382 - accuracy: 0.2167 - val_loss: 2.6000 - val_accuracy: 0.2000 - lr: 0.0010
Epoch 8/30
2/2 [==============================] - 2s 681ms/step - loss: 2.6029 - accuracy: 0.1667 - val_loss: 2.5675 - val_accuracy: 0.2000 - lr: 0.0010
Epoch 9/30
2/2 [==============================] - 2s 813ms/step - loss: 2.5589 - accuracy: 0.1167 - val_loss: 2.5054 - val_accuracy: 0.4000 - lr: 0.0010
Epoch 10/30
2/2 [==============================] - 2s 753ms/step - loss: 2.5201 - accuracy: 0.2500 - val_loss: 2.4337 - val_accuracy: 0.4000 - lr: 0.0010
Epoch 11/30
2/2 [==============================] - 2s 799ms/step - loss: 2.4550 - accuracy: 0.2000 - val_loss: 2.3658 - val_accuracy: 0.4000 - lr: 0.0010
Epoch 12/30
2/2 [==============================] - 2s 662ms/step - loss: 2.4092 - accuracy: 0.1500 - val_loss: 2.2919 - val_accuracy: 0.4000 - lr: 0.0010
Epoch 13/30
2/2 [==============================] - 2s 728ms/step - loss: 2.3626 - accuracy: 0.2500 - val_loss: 2.2417 - val_accuracy: 0.2000 - lr: 0.0010
Epoch 14/30
2/2 [==============================] - 2s 701ms/step - loss: 2.2467 - accuracy: 0.2333 - val_loss: 2.2034 - val_accuracy: 0.2000 - lr: 0.0010
Epoch 15/30
2/2 [==============================] - 2s 700ms/step - loss: 2.2397 - accuracy: 0.2833 - val_loss: 2.0910 - val_accuracy: 0.6000 - lr: 0.0010
Epoch 16/30
2/2 [==============================] - 2s 720ms/step - loss: 2.2110 - accuracy: 0.3167 - val_loss: 2.0667 - val_accuracy: 0.4000 - lr: 0.0010
Epoch 17/30
2/2 [==============================] - 2s 822ms/step - loss: 2.1502 - accuracy: 0.3333 - val_loss: 1.9850 - val_accuracy: 0.6000 - lr: 0.0010
Epoch 18/30
2/2 [==============================] - 2s 822ms/step - loss: 2.0394 - accuracy: 0.3500 - val_loss: 1.8738 - val_accuracy: 0.6000 - lr: 0.0010
Epoch 19/30
2/2 [==============================] - 2s 697ms/step - loss: 2.0975 - accuracy: 0.3500 - val_loss: 1.9662 - val_accuracy: 0.4000 - lr: 0.0010
1/1 [==============================] - 0s 118ms/step - loss: 2.1206 - accuracy: 0.2857
Found 60 images belonging to 6 classes.
Found 5 images belonging to 6 classes.
Found 7 images belonging to 6 classes.
Epoch 1/10
2/2 [==============================] - 2s 879ms/step - loss: 4.9068 - accuracy: 0.1500 - val_loss: 3.3148 - val_accuracy: 0.2000 - lr: 0.0010
Epoch 2/10
2/2 [==============================] - 2s 837ms/step - loss: 3.1957 - accuracy: 0.1667 - val_loss: 2.8159 - val_accuracy: 0.4000 - lr: 0.0010
Epoch 3/10
2/2 [==============================] - 2s 689ms/step - loss: 2.8368 - accuracy: 0.2000 - val_loss: 2.7911 - val_accuracy: 0.2000 - lr: 0.0010
Epoch 4/10
2/2 [==============================] - 2s 702ms/step - loss: 2.7887 - accuracy: 0.1667 - val_loss: 2.7700 - val_accuracy: 0.4000 - lr: 0.0010
Epoch 5/10
2/2 [==============================] - 2s 708ms/step - loss: 2.7621 - accuracy: 0.1167 - val_loss: 2.7577 - val_accuracy: 0.2000 - lr: 0.0010
Epoch 6/10
2/2 [==============================] - 2s 777ms/step - loss: 2.7418 - accuracy: 0.2333 - val_loss: 2.7445 - val_accuracy: 0.2000 - lr: 0.0010
Epoch 7/10
2/2 [==============================] - 2s 687ms/step - loss: 2.7250 - accuracy: 0.1833 - val_loss: 2.7318 - val_accuracy: 0.0000e+00 - lr: 0.0010
Epoch 8/10
2/2 [==============================] - 2s 720ms/step - loss: 2.7063 - accuracy: 0.1667 - val_loss: 2.7138 - val_accuracy: 0.0000e+00 - lr: 0.0010
Epoch 9/10
2/2 [==============================] - 2s 825ms/step - loss: 2.6798 - accuracy: 0.2167 - val_loss: 2.6895 - val_accuracy: 0.0000e+00 - lr: 0.0010
Epoch 10/10
2/2 [==============================] - 2s 833ms/step - loss: 2.6428 - accuracy: 0.1667 - val_loss: 2.6422 - val_accuracy: 0.0000e+00 - lr: 0.0010
1/1 [==============================] - 0s 124ms/step - loss: 2.6197 - accuracy: 0.1429
Found 60 images belonging to 6 classes.
Found 5 images belonging to 6 classes.
Found 7 images belonging to 6 classes.
Epoch 1/30
2/2 [==============================] - 2s 991ms/step - loss: 3.2476 - accuracy: 0.2333 - val_loss: 3.1538 - val_accuracy: 0.2000 - lr: 0.0010
Epoch 2/30
2/2 [==============================] - 2s 724ms/step - loss: 2.9932 - accuracy: 0.2000 - val_loss: 2.8430 - val_accuracy: 0.0000e+00 - lr: 0.0010
Epoch 3/30
2/2 [==============================] - 2s 730ms/step - loss: 2.7599 - accuracy: 0.1167 - val_loss: 2.7547 - val_accuracy: 0.0000e+00 - lr: 0.0010
Epoch 4/30
2/2 [==============================] - 2s 836ms/step - loss: 2.6734 - accuracy: 0.2167 - val_loss: 2.7395 - val_accuracy: 0.0000e+00 - lr: 0.0010
Epoch 5/30
2/2 [==============================] - 2s 834ms/step - loss: 2.6246 - accuracy: 0.2000 - val_loss: 2.6479 - val_accuracy: 0.2000 - lr: 0.0010
Epoch 6/30
2/2 [==============================] - 2s 716ms/step - loss: 2.6142 - accuracy: 0.1167 - val_loss: 2.4802 - val_accuracy: 0.4000 - lr: 0.0010
Epoch 7/30
2/2 [==============================] - 2s 827ms/step - loss: 2.5795 - accuracy: 0.1833 - val_loss: 2.4911 - val_accuracy: 0.2000 - lr: 0.0010
1/1 [==============================] - 0s 112ms/step - loss: 2.4848 - accuracy: 0.4286
Found 60 images belonging to 6 classes.
Found 5 images belonging to 6 classes.
Found 7 images belonging to 6 classes.
Epoch 1/10
2/2 [==============================] - 2s 640ms/step - loss: 3.1557 - accuracy: 0.1667 - val_loss: 2.6172 - val_accuracy: 0.2000 - lr: 0.0010
Epoch 2/10
2/2 [==============================] - 1s 563ms/step - loss: 2.8762 - accuracy: 0.1333 - val_loss: 2.6146 - val_accuracy: 0.4000 - lr: 0.0010
Epoch 3/10
2/2 [==============================] - 1s 583ms/step - loss: 2.6367 - accuracy: 0.1500 - val_loss: 2.5456 - val_accuracy: 0.2000 - lr: 0.0010
Epoch 4/10
2/2 [==============================] - 1s 523ms/step - loss: 2.5624 - accuracy: 0.2333 - val_loss: 2.5071 - val_accuracy: 0.2000 - lr: 0.0010
Epoch 5/10
2/2 [==============================] - 1s 501ms/step - loss: 2.5077 - accuracy: 0.1500 - val_loss: 2.4763 - val_accuracy: 0.2000 - lr: 0.0010
Epoch 6/10
2/2 [==============================] - 1s 594ms/step - loss: 2.4713 - accuracy: 0.2000 - val_loss: 2.4543 - val_accuracy: 0.2000 - lr: 0.0010
Epoch 7/10
2/2 [==============================] - 1s 570ms/step - loss: 2.4515 - accuracy: 0.1667 - val_loss: 2.4411 - val_accuracy: 0.2000 - lr: 0.0010
Epoch 8/10
2/2 [==============================] - 1s 562ms/step - loss: 2.4374 - accuracy: 0.1000 - val_loss: 2.4258 - val_accuracy: 0.2000 - lr: 0.0010
Epoch 9/10
2/2 [==============================] - 1s 585ms/step - loss: 2.4126 - accuracy: 0.1667 - val_loss: 2.4116 - val_accuracy: 0.0000e+00 - lr: 0.0010
Epoch 10/10
2/2 [==============================] - 1s 517ms/step - loss: 2.3891 - accuracy: 0.2167 - val_loss: 2.3906 - val_accuracy: 0.0000e+00 - lr: 0.0010
1/1 [==============================] - 0s 96ms/step - loss: 2.4103 - accuracy: 0.0000e+00
Found 60 images belonging to 6 classes.
Found 5 images belonging to 6 classes.
Found 7 images belonging to 6 classes.
Epoch 1/30
2/2 [==============================] - 2s 667ms/step - loss: 3.1073 - accuracy: 0.1333 - val_loss: 3.1020 - val_accuracy: 0.0000e+00 - lr: 0.0010
Epoch 2/30
2/2 [==============================] - 1s 570ms/step - loss: 2.8404 - accuracy: 0.2167 - val_loss: 2.8103 - val_accuracy: 0.0000e+00 - lr: 0.0010
Epoch 3/30
2/2 [==============================] - 1s 575ms/step - loss: 2.6691 - accuracy: 0.1667 - val_loss: 2.6377 - val_accuracy: 0.0000e+00 - lr: 0.0010
Epoch 4/30
2/2 [==============================] - 1s 574ms/step - loss: 2.6103 - accuracy: 0.2000 - val_loss: 2.5747 - val_accuracy: 0.2000 - lr: 0.0010
Epoch 5/30
2/2 [==============================] - 1s 507ms/step - loss: 2.5692 - accuracy: 0.1333 - val_loss: 2.5340 - val_accuracy: 0.2000 - lr: 0.0010
Epoch 6/30
2/2 [==============================] - 1s 483ms/step - loss: 2.5320 - accuracy: 0.2167 - val_loss: 2.5077 - val_accuracy: 0.2000 - lr: 0.0010
Epoch 7/30
2/2 [==============================] - 1s 564ms/step - loss: 2.5120 - accuracy: 0.1333 - val_loss: 2.4722 - val_accuracy: 0.2000 - lr: 0.0010
Epoch 8/30
2/2 [==============================] - 1s 501ms/step - loss: 2.4795 - accuracy: 0.2000 - val_loss: 2.4555 - val_accuracy: 0.2000 - lr: 0.0010
Epoch 9/30
2/2 [==============================] - 1s 559ms/step - loss: 2.4584 - accuracy: 0.2167 - val_loss: 2.4382 - val_accuracy: 0.2000 - lr: 0.0010
Epoch 10/30
2/2 [==============================] - 1s 574ms/step - loss: 2.4266 - accuracy: 0.2000 - val_loss: 2.4330 - val_accuracy: 0.2000 - lr: 0.0010
Epoch 11/30
2/2 [==============================] - 1s 582ms/step - loss: 2.3903 - accuracy: 0.3000 - val_loss: 2.4116 - val_accuracy: 0.2000 - lr: 0.0010
Epoch 12/30
2/2 [==============================] - 1s 496ms/step - loss: 2.3350 - accuracy: 0.2833 - val_loss: 2.4170 - val_accuracy: 0.4000 - lr: 0.0010
1/1 [==============================] - 0s 97ms/step - loss: 2.4675 - accuracy: 0.1429
Found 60 images belonging to 6 classes.
Found 5 images belonging to 6 classes.
Found 7 images belonging to 6 classes.
Epoch 1/10
2/2 [==============================] - 2s 640ms/step - loss: 2.9778 - accuracy: 0.1500 - val_loss: 2.6815 - val_accuracy: 0.2000 - lr: 0.0010
Epoch 2/10
2/2 [==============================] - 1s 569ms/step - loss: 2.8292 - accuracy: 0.2000 - val_loss: 2.6586 - val_accuracy: 0.2000 - lr: 0.0010
Epoch 3/10
2/2 [==============================] - 1s 494ms/step - loss: 2.6435 - accuracy: 0.2833 - val_loss: 2.6381 - val_accuracy: 0.0000e+00 - lr: 0.0010
Epoch 4/10
2/2 [==============================] - 1s 579ms/step - loss: 2.5845 - accuracy: 0.2333 - val_loss: 2.5701 - val_accuracy: 0.0000e+00 - lr: 0.0010
Epoch 5/10
2/2 [==============================] - 1s 594ms/step - loss: 2.5280 - accuracy: 0.2500 - val_loss: 2.5312 - val_accuracy: 0.2000 - lr: 0.0010
Epoch 6/10
2/2 [==============================] - 1s 560ms/step - loss: 2.4989 - accuracy: 0.2833 - val_loss: 2.4733 - val_accuracy: 0.2000 - lr: 0.0010
Epoch 7/10
2/2 [==============================] - 1s 501ms/step - loss: 2.4574 - accuracy: 0.1333 - val_loss: 2.4308 - val_accuracy: 0.0000e+00 - lr: 0.0010
Epoch 8/10
2/2 [==============================] - 1s 524ms/step - loss: 2.4143 - accuracy: 0.3000 - val_loss: 2.4244 - val_accuracy: 0.0000e+00 - lr: 0.0010
Epoch 9/10
2/2 [==============================] - 1s 496ms/step - loss: 2.4188 - accuracy: 0.2333 - val_loss: 2.4057 - val_accuracy: 0.0000e+00 - lr: 0.0010
Epoch 10/10
2/2 [==============================] - 1s 504ms/step - loss: 2.4526 - accuracy: 0.1500 - val_loss: 2.3430 - val_accuracy: 0.0000e+00 - lr: 0.0010
1/1 [==============================] - 0s 109ms/step - loss: 2.3892 - accuracy: 0.0000e+00
Found 60 images belonging to 6 classes.
Found 5 images belonging to 6 classes.
Found 7 images belonging to 6 classes.
Epoch 1/30
2/2 [==============================] - 2s 677ms/step - loss: 2.9251 - accuracy: 0.1667 - val_loss: 3.0096 - val_accuracy: 0.0000e+00 - lr: 0.0010
Epoch 2/30
2/2 [==============================] - 1s 611ms/step - loss: 2.8382 - accuracy: 0.1500 - val_loss: 2.7207 - val_accuracy: 0.0000e+00 - lr: 0.0010
Epoch 3/30
2/2 [==============================] - 1s 544ms/step - loss: 2.6810 - accuracy: 0.1667 - val_loss: 2.6016 - val_accuracy: 0.2000 - lr: 0.0010
Epoch 4/30
2/2 [==============================] - 1s 509ms/step - loss: 2.5877 - accuracy: 0.3000 - val_loss: 2.5529 - val_accuracy: 0.2000 - lr: 0.0010
Epoch 5/30
2/2 [==============================] - 1s 514ms/step - loss: 2.5698 - accuracy: 0.1833 - val_loss: 2.5396 - val_accuracy: 0.2000 - lr: 0.0010
Epoch 6/30
2/2 [==============================] - 1s 593ms/step - loss: 2.5279 - accuracy: 0.2000 - val_loss: 2.5332 - val_accuracy: 0.2000 - lr: 0.0010
Epoch 7/30
2/2 [==============================] - 1s 538ms/step - loss: 2.5118 - accuracy: 0.1500 - val_loss: 2.5033 - val_accuracy: 0.0000e+00 - lr: 0.0010
Epoch 8/30
2/2 [==============================] - 1s 622ms/step - loss: 2.4709 - accuracy: 0.1833 - val_loss: 2.4801 - val_accuracy: 0.2000 - lr: 0.0010
Epoch 9/30
2/2 [==============================] - 1s 516ms/step - loss: 2.4405 - accuracy: 0.3333 - val_loss: 2.4564 - val_accuracy: 0.2000 - lr: 0.0010
Epoch 10/30
2/2 [==============================] - 1s 527ms/step - loss: 2.4058 - accuracy: 0.2333 - val_loss: 2.4474 - val_accuracy: 0.2000 - lr: 0.0010
Epoch 11/30
2/2 [==============================] - 1s 553ms/step - loss: 2.3532 - accuracy: 0.4000 - val_loss: 2.4462 - val_accuracy: 0.2000 - lr: 0.0010
Epoch 12/30
2/2 [==============================] - 1s 642ms/step - loss: 2.3846 - accuracy: 0.3167 - val_loss: 2.4425 - val_accuracy: 0.2000 - lr: 0.0010
Epoch 13/30
2/2 [==============================] - 1s 618ms/step - loss: 2.2444 - accuracy: 0.3500 - val_loss: 2.3899 - val_accuracy: 0.2000 - lr: 0.0010
Epoch 14/30
2/2 [==============================] - 1s 510ms/step - loss: 2.2513 - accuracy: 0.2833 - val_loss: 2.4298 - val_accuracy: 0.2000 - lr: 0.0010
1/1 [==============================] - 0s 105ms/step - loss: 2.3957 - accuracy: 0.1429
Found 60 images belonging to 6 classes.
Found 5 images belonging to 6 classes.
Found 7 images belonging to 6 classes.
Epoch 1/10
2/2 [==============================] - 2s 763ms/step - loss: 3.0599 - accuracy: 0.1167 - val_loss: 2.6564 - val_accuracy: 0.0000e+00 - lr: 0.0010
Epoch 2/10
2/2 [==============================] - 1s 506ms/step - loss: 2.8470 - accuracy: 0.2333 - val_loss: 2.6031 - val_accuracy: 0.2000 - lr: 0.0010
Epoch 3/10
2/2 [==============================] - 1s 518ms/step - loss: 2.6730 - accuracy: 0.1500 - val_loss: 2.5797 - val_accuracy: 0.2000 - lr: 0.0010
Epoch 4/10
2/2 [==============================] - 1s 599ms/step - loss: 2.5758 - accuracy: 0.2500 - val_loss: 2.5443 - val_accuracy: 0.2000 - lr: 0.0010
Epoch 5/10
2/2 [==============================] - 1s 510ms/step - loss: 2.5329 - accuracy: 0.2333 - val_loss: 2.5046 - val_accuracy: 0.2000 - lr: 0.0010
Epoch 6/10
2/2 [==============================] - 1s 506ms/step - loss: 2.5015 - accuracy: 0.1833 - val_loss: 2.4555 - val_accuracy: 0.2000 - lr: 0.0010
Epoch 7/10
2/2 [==============================] - 1s 500ms/step - loss: 2.4863 - accuracy: 0.1667 - val_loss: 2.4186 - val_accuracy: 0.2000 - lr: 0.0010
Epoch 8/10
2/2 [==============================] - 1s 524ms/step - loss: 2.4481 - accuracy: 0.2000 - val_loss: 2.3910 - val_accuracy: 0.2000 - lr: 0.0010
Epoch 9/10
2/2 [==============================] - 1s 519ms/step - loss: 2.4203 - accuracy: 0.2333 - val_loss: 2.3580 - val_accuracy: 0.2000 - lr: 0.0010
Epoch 10/10
2/2 [==============================] - 1s 541ms/step - loss: 2.4097 - accuracy: 0.2833 - val_loss: 2.3216 - val_accuracy: 0.2000 - lr: 0.0010
1/1 [==============================] - 0s 116ms/step - loss: 2.4164 - accuracy: 0.0000e+00
Found 60 images belonging to 6 classes.
Found 5 images belonging to 6 classes.
Found 7 images belonging to 6 classes.
Epoch 1/30
2/2 [==============================] - 2s 659ms/step - loss: 2.9625 - accuracy: 0.1500 - val_loss: 2.8422 - val_accuracy: 0.2000 - lr: 0.0010
Epoch 2/30
2/2 [==============================] - 1s 583ms/step - loss: 2.7473 - accuracy: 0.1500 - val_loss: 2.7068 - val_accuracy: 0.2000 - lr: 0.0010
Epoch 3/30
2/2 [==============================] - 1s 521ms/step - loss: 2.6518 - accuracy: 0.1833 - val_loss: 2.5910 - val_accuracy: 0.2000 - lr: 0.0010
Epoch 4/30
2/2 [==============================] - 1s 585ms/step - loss: 2.5669 - accuracy: 0.1500 - val_loss: 2.5302 - val_accuracy: 0.0000e+00 - lr: 0.0010
Epoch 5/30
2/2 [==============================] - 1s 585ms/step - loss: 2.5072 - accuracy: 0.2333 - val_loss: 2.4817 - val_accuracy: 0.0000e+00 - lr: 0.0010
Epoch 6/30
2/2 [==============================] - 1s 589ms/step - loss: 2.4638 - accuracy: 0.2167 - val_loss: 2.4428 - val_accuracy: 0.2000 - lr: 0.0010
Epoch 7/30
2/2 [==============================] - 1s 503ms/step - loss: 2.4315 - accuracy: 0.2167 - val_loss: 2.4067 - val_accuracy: 0.2000 - lr: 0.0010
Epoch 8/30
2/2 [==============================] - 1s 529ms/step - loss: 2.3750 - accuracy: 0.2333 - val_loss: 2.3500 - val_accuracy: 0.2000 - lr: 0.0010
Epoch 9/30
2/2 [==============================] - 1s 508ms/step - loss: 2.3553 - accuracy: 0.2167 - val_loss: 2.3274 - val_accuracy: 0.2000 - lr: 0.0010
Epoch 10/30
2/2 [==============================] - 1s 500ms/step - loss: 2.3293 - accuracy: 0.2167 - val_loss: 2.2841 - val_accuracy: 0.0000e+00 - lr: 0.0010
Epoch 11/30
2/2 [==============================] - 1s 533ms/step - loss: 2.2712 - accuracy: 0.2667 - val_loss: 2.2536 - val_accuracy: 0.4000 - lr: 0.0010
Epoch 12/30
2/2 [==============================] - 1s 596ms/step - loss: 2.2847 - accuracy: 0.1500 - val_loss: 2.2296 - val_accuracy: 0.2000 - lr: 0.0010
Epoch 13/30
2/2 [==============================] - 1s 598ms/step - loss: 2.1698 - accuracy: 0.3500 - val_loss: 2.1579 - val_accuracy: 0.2000 - lr: 0.0010
Epoch 14/30
2/2 [==============================] - 1s 494ms/step - loss: 2.1482 - accuracy: 0.2667 - val_loss: 2.0592 - val_accuracy: 0.4000 - lr: 0.0010
Epoch 15/30
2/2 [==============================] - 1s 598ms/step - loss: 2.0881 - accuracy: 0.3500 - val_loss: 1.9707 - val_accuracy: 0.6000 - lr: 0.0010
Epoch 16/30
2/2 [==============================] - 1s 524ms/step - loss: 2.1175 - accuracy: 0.2500 - val_loss: 1.8385 - val_accuracy: 0.4000 - lr: 0.0010
Epoch 17/30
2/2 [==============================] - 1s 511ms/step - loss: 2.0589 - accuracy: 0.3667 - val_loss: 1.7229 - val_accuracy: 0.6000 - lr: 0.0010
Epoch 18/30
2/2 [==============================] - 1s 504ms/step - loss: 2.0867 - accuracy: 0.2833 - val_loss: 1.7421 - val_accuracy: 0.6000 - lr: 0.0010
1/1 [==============================] - 0s 101ms/step - loss: 1.8944 - accuracy: 0.4286
Found 60 images belonging to 6 classes.
Found 5 images belonging to 6 classes.
Found 7 images belonging to 6 classes.
Epoch 1/10
2/2 [==============================] - 2s 894ms/step - loss: 3.0158 - accuracy: 0.0833 - val_loss: 2.6881 - val_accuracy: 0.4000 - lr: 0.0010
Epoch 2/10
2/2 [==============================] - 2s 1s/step - loss: 2.7667 - accuracy: 0.1333 - val_loss: 2.5979 - val_accuracy: 0.4000 - lr: 0.0010
Epoch 3/10
2/2 [==============================] - 2s 1s/step - loss: 2.6431 - accuracy: 0.1833 - val_loss: 2.5537 - val_accuracy: 0.2000 - lr: 0.0010
Epoch 4/10
2/2 [==============================] - 2s 1s/step - loss: 2.5818 - accuracy: 0.2167 - val_loss: 2.5301 - val_accuracy: 0.2000 - lr: 0.0010
Epoch 5/10
2/2 [==============================] - 2s 882ms/step - loss: 2.5360 - accuracy: 0.1833 - val_loss: 2.4983 - val_accuracy: 0.4000 - lr: 0.0010
Epoch 6/10
2/2 [==============================] - 2s 967ms/step - loss: 2.4915 - accuracy: 0.2667 - val_loss: 2.4765 - val_accuracy: 0.2000 - lr: 0.0010
Epoch 7/10
2/2 [==============================] - 2s 993ms/step - loss: 2.4748 - accuracy: 0.2833 - val_loss: 2.4606 - val_accuracy: 0.4000 - lr: 0.0010
Epoch 8/10
2/2 [==============================] - 2s 848ms/step - loss: 2.4222 - accuracy: 0.3167 - val_loss: 2.4391 - val_accuracy: 0.4000 - lr: 0.0010
Epoch 9/10
2/2 [==============================] - 2s 961ms/step - loss: 2.4161 - accuracy: 0.2333 - val_loss: 2.4025 - val_accuracy: 0.4000 - lr: 0.0010
Epoch 10/10
2/2 [==============================] - 2s 879ms/step - loss: 2.4182 - accuracy: 0.2167 - val_loss: 2.4037 - val_accuracy: 0.4000 - lr: 0.0010
1/1 [==============================] - 0s 151ms/step - loss: 2.4269 - accuracy: 0.1429
Found 60 images belonging to 6 classes.
Found 5 images belonging to 6 classes.
Found 7 images belonging to 6 classes.
Epoch 1/30
2/2 [==============================] - 2s 1s/step - loss: 2.9542 - accuracy: 0.2000 - val_loss: 2.7353 - val_accuracy: 0.2000 - lr: 0.0010
Epoch 2/30
2/2 [==============================] - 2s 878ms/step - loss: 2.8062 - accuracy: 0.1500 - val_loss: 2.7628 - val_accuracy: 0.2000 - lr: 0.0010
1/1 [==============================] - 0s 140ms/step - loss: 2.6959 - accuracy: 0.1429
Found 60 images belonging to 6 classes.
Found 5 images belonging to 6 classes.
Found 7 images belonging to 6 classes.
Epoch 1/10
2/2 [==============================] - 3s 2s/step - loss: 3.2113 - accuracy: 0.2167 - val_loss: 2.8163 - val_accuracy: 0.4000 - lr: 0.0010
Epoch 2/10
2/2 [==============================] - 3s 1s/step - loss: 2.8735 - accuracy: 0.2000 - val_loss: 2.7342 - val_accuracy: 0.2000 - lr: 0.0010
Epoch 3/10
2/2 [==============================] - 3s 1s/step - loss: 2.7530 - accuracy: 0.1667 - val_loss: 2.7149 - val_accuracy: 0.0000e+00 - lr: 0.0010
Epoch 4/10
2/2 [==============================] - 3s 2s/step - loss: 2.6969 - accuracy: 0.2167 - val_loss: 2.6902 - val_accuracy: 0.2000 - lr: 0.0010
Epoch 5/10
2/2 [==============================] - 3s 1s/step - loss: 2.6749 - accuracy: 0.2833 - val_loss: 2.6683 - val_accuracy: 0.2000 - lr: 0.0010
Epoch 6/10
2/2 [==============================] - 3s 1s/step - loss: 2.6571 - accuracy: 0.2667 - val_loss: 2.6585 - val_accuracy: 0.2000 - lr: 0.0010
Epoch 7/10
2/2 [==============================] - 3s 2s/step - loss: 2.6240 - accuracy: 0.2667 - val_loss: 2.6141 - val_accuracy: 0.0000e+00 - lr: 0.0010
Epoch 8/10
2/2 [==============================] - 3s 1s/step - loss: 2.6022 - accuracy: 0.1667 - val_loss: 2.6253 - val_accuracy: 0.2000 - lr: 0.0010
1/1 [==============================] - 0s 185ms/step - loss: 2.7133 - accuracy: 0.0000e+00
Found 60 images belonging to 6 classes.
Found 5 images belonging to 6 classes.
Found 7 images belonging to 6 classes.
Epoch 1/30
2/2 [==============================] - 3s 2s/step - loss: 3.6878 - accuracy: 0.1333 - val_loss: 3.1845 - val_accuracy: 0.2000 - lr: 0.0010
Epoch 2/30
2/2 [==============================] - 3s 1s/step - loss: 2.9303 - accuracy: 0.2333 - val_loss: 2.8211 - val_accuracy: 0.2000 - lr: 0.0010
Epoch 3/30
2/2 [==============================] - 3s 2s/step - loss: 2.7518 - accuracy: 0.2500 - val_loss: 2.7279 - val_accuracy: 0.2000 - lr: 0.0010
Epoch 4/30
2/2 [==============================] - 3s 1s/step - loss: 2.7244 - accuracy: 0.1500 - val_loss: 2.7044 - val_accuracy: 0.2000 - lr: 0.0010
Epoch 5/30
2/2 [==============================] - 3s 1s/step - loss: 2.6943 - accuracy: 0.2000 - val_loss: 2.7132 - val_accuracy: 0.2000 - lr: 0.0010
1/1 [==============================] - 0s 143ms/step - loss: 2.6813 - accuracy: 0.1429
Found 60 images belonging to 6 classes.
Found 5 images belonging to 6 classes.
Found 7 images belonging to 6 classes.
Epoch 1/10
2/2 [==============================] - 3s 1s/step - loss: 3.0813 - accuracy: 0.1667 - val_loss: 2.9120 - val_accuracy: 0.2000 - lr: 0.0010
Epoch 2/10
2/2 [==============================] - 3s 1s/step - loss: 2.9441 - accuracy: 0.1167 - val_loss: 2.7734 - val_accuracy: 0.4000 - lr: 0.0010
Epoch 3/10
2/2 [==============================] - 2s 1s/step - loss: 2.7948 - accuracy: 0.1833 - val_loss: 2.7526 - val_accuracy: 0.2000 - lr: 0.0010
Epoch 4/10
2/2 [==============================] - 2s 1s/step - loss: 2.7432 - accuracy: 0.1500 - val_loss: 2.7433 - val_accuracy: 0.2000 - lr: 0.0010
Epoch 5/10
2/2 [==============================] - 2s 1s/step - loss: 2.7228 - accuracy: 0.1500 - val_loss: 2.7254 - val_accuracy: 0.2000 - lr: 0.0010
Epoch 6/10
2/2 [==============================] - 2s 1s/step - loss: 2.6968 - accuracy: 0.2000 - val_loss: 2.6709 - val_accuracy: 0.2000 - lr: 0.0010
Epoch 7/10
2/2 [==============================] - 2s 1s/step - loss: 2.6898 - accuracy: 0.2667 - val_loss: 2.6366 - val_accuracy: 0.2000 - lr: 0.0010
Epoch 8/10
2/2 [==============================] - 2s 1s/step - loss: 2.6314 - accuracy: 0.2500 - val_loss: 2.5743 - val_accuracy: 0.0000e+00 - lr: 0.0010
Epoch 9/10
2/2 [==============================] - 2s 1s/step - loss: 2.5907 - accuracy: 0.2333 - val_loss: 2.5069 - val_accuracy: 0.0000e+00 - lr: 0.0010
Epoch 10/10
2/2 [==============================] - 2s 924ms/step - loss: 2.5347 - accuracy: 0.2500 - val_loss: 2.4218 - val_accuracy: 0.4000 - lr: 0.0010
1/1 [==============================] - 0s 125ms/step - loss: 2.4015 - accuracy: 0.2857
Found 60 images belonging to 6 classes.
Found 5 images belonging to 6 classes.
Found 7 images belonging to 6 classes.
Epoch 1/30
2/2 [==============================] - 2s 1s/step - loss: 3.2844 - accuracy: 0.1833 - val_loss: 2.9990 - val_accuracy: 0.2000 - lr: 0.0010
Epoch 2/30
2/2 [==============================] - 2s 871ms/step - loss: 3.0358 - accuracy: 0.0333 - val_loss: 2.8437 - val_accuracy: 0.2000 - lr: 0.0010
Epoch 3/30
2/2 [==============================] - 2s 989ms/step - loss: 2.7697 - accuracy: 0.1833 - val_loss: 2.7204 - val_accuracy: 0.2000 - lr: 0.0010
Epoch 4/30
2/2 [==============================] - 2s 840ms/step - loss: 2.7099 - accuracy: 0.1833 - val_loss: 2.6778 - val_accuracy: 0.0000e+00 - lr: 0.0010
Epoch 5/30
2/2 [==============================] - 2s 958ms/step - loss: 2.6911 - accuracy: 0.1333 - val_loss: 2.6564 - val_accuracy: 0.2000 - lr: 0.0010
Epoch 6/30
2/2 [==============================] - 2s 830ms/step - loss: 2.6707 - accuracy: 0.2500 - val_loss: 2.6268 - val_accuracy: 0.2000 - lr: 0.0010
Epoch 7/30
2/2 [==============================] - 2s 959ms/step - loss: 2.6391 - accuracy: 0.2667 - val_loss: 2.5858 - val_accuracy: 0.2000 - lr: 0.0010
Epoch 8/30
2/2 [==============================] - 2s 923ms/step - loss: 2.6477 - accuracy: 0.1833 - val_loss: 2.5397 - val_accuracy: 0.2000 - lr: 0.0010
Epoch 9/30
2/2 [==============================] - 2s 820ms/step - loss: 2.6003 - accuracy: 0.1500 - val_loss: 2.5111 - val_accuracy: 0.4000 - lr: 0.0010
Epoch 10/30
2/2 [==============================] - 2s 913ms/step - loss: 2.5599 - accuracy: 0.2167 - val_loss: 2.4806 - val_accuracy: 0.4000 - lr: 0.0010
Epoch 11/30
2/2 [==============================] - 2s 798ms/step - loss: 2.5449 - accuracy: 0.2667 - val_loss: 2.4174 - val_accuracy: 0.4000 - lr: 0.0010
Epoch 12/30
2/2 [==============================] - 2s 794ms/step - loss: 2.5166 - accuracy: 0.2833 - val_loss: 2.3719 - val_accuracy: 0.4000 - lr: 0.0010
Epoch 13/30
2/2 [==============================] - 2s 775ms/step - loss: 2.4599 - accuracy: 0.2000 - val_loss: 2.3415 - val_accuracy: 0.4000 - lr: 0.0010
Epoch 14/30
2/2 [==============================] - 2s 872ms/step - loss: 2.4451 - accuracy: 0.2000 - val_loss: 2.3086 - val_accuracy: 0.6000 - lr: 0.0010
Epoch 15/30
2/2 [==============================] - 2s 753ms/step - loss: 2.4095 - accuracy: 0.2333 - val_loss: 2.2869 - val_accuracy: 0.4000 - lr: 0.0010
Epoch 16/30
2/2 [==============================] - 2s 863ms/step - loss: 2.4090 - accuracy: 0.2167 - val_loss: 2.2691 - val_accuracy: 0.4000 - lr: 0.0010
Epoch 17/30
2/2 [==============================] - 2s 855ms/step - loss: 2.2601 - accuracy: 0.3333 - val_loss: 2.2288 - val_accuracy: 0.6000 - lr: 0.0010
Epoch 18/30
2/2 [==============================] - 2s 838ms/step - loss: 2.3246 - accuracy: 0.2667 - val_loss: 2.2107 - val_accuracy: 0.2000 - lr: 0.0010
Epoch 19/30
2/2 [==============================] - 2s 724ms/step - loss: 2.2265 - accuracy: 0.3500 - val_loss: 2.2023 - val_accuracy: 0.0000e+00 - lr: 0.0010
Epoch 20/30
2/2 [==============================] - 2s 742ms/step - loss: 2.1841 - accuracy: 0.2667 - val_loss: 2.2389 - val_accuracy: 0.2000 - lr: 0.0010
1/1 [==============================] - 0s 119ms/step - loss: 2.2897 - accuracy: 0.1429
Found 60 images belonging to 6 classes.
Found 5 images belonging to 6 classes.
Found 7 images belonging to 6 classes.
Epoch 1/10
2/2 [==============================] - 2s 994ms/step - loss: 3.2632 - accuracy: 0.0667 - val_loss: 2.6829 - val_accuracy: 0.4000 - lr: 0.0010
Epoch 2/10
2/2 [==============================] - 2s 829ms/step - loss: 2.8987 - accuracy: 0.1833 - val_loss: 2.7432 - val_accuracy: 0.2000 - lr: 0.0010
1/1 [==============================] - 0s 163ms/step - loss: 2.7861 - accuracy: 0.4286
Found 60 images belonging to 6 classes.
Found 5 images belonging to 6 classes.
Found 7 images belonging to 6 classes.
Epoch 1/30
2/2 [==============================] - 2s 840ms/step - loss: 3.4675 - accuracy: 0.1167 - val_loss: 2.8836 - val_accuracy: 0.0000e+00 - lr: 0.0010
Epoch 2/30
2/2 [==============================] - 2s 810ms/step - loss: 2.9014 - accuracy: 0.1500 - val_loss: 2.7699 - val_accuracy: 0.2000 - lr: 0.0010
Epoch 3/30
2/2 [==============================] - 2s 840ms/step - loss: 2.7698 - accuracy: 0.1833 - val_loss: 2.7220 - val_accuracy: 0.2000 - lr: 0.0010
Epoch 4/30
2/2 [==============================] - 2s 796ms/step - loss: 2.7229 - accuracy: 0.1167 - val_loss: 2.6972 - val_accuracy: 0.2000 - lr: 0.0010
Epoch 5/30
2/2 [==============================] - 2s 680ms/step - loss: 2.7026 - accuracy: 0.2000 - val_loss: 2.6866 - val_accuracy: 0.2000 - lr: 0.0010
Epoch 6/30
2/2 [==============================] - 2s 698ms/step - loss: 2.6855 - accuracy: 0.2500 - val_loss: 2.6742 - val_accuracy: 0.4000 - lr: 0.0010
Epoch 7/30
2/2 [==============================] - 2s 814ms/step - loss: 2.6741 - accuracy: 0.2167 - val_loss: 2.6599 - val_accuracy: 0.4000 - lr: 0.0010
Epoch 8/30
2/2 [==============================] - 2s 692ms/step - loss: 2.6573 - accuracy: 0.1667 - val_loss: 2.6315 - val_accuracy: 0.4000 - lr: 0.0010
Epoch 9/30
2/2 [==============================] - 2s 837ms/step - loss: 2.6116 - accuracy: 0.3500 - val_loss: 2.5940 - val_accuracy: 0.2000 - lr: 0.0010
Epoch 10/30
2/2 [==============================] - 2s 700ms/step - loss: 2.5812 - accuracy: 0.2167 - val_loss: 2.5554 - val_accuracy: 0.4000 - lr: 0.0010
Epoch 11/30
2/2 [==============================] - 2s 698ms/step - loss: 2.5387 - accuracy: 0.2167 - val_loss: 2.5134 - val_accuracy: 0.4000 - lr: 0.0010
Epoch 12/30
2/2 [==============================] - 2s 718ms/step - loss: 2.4901 - accuracy: 0.2000 - val_loss: 2.4659 - val_accuracy: 0.4000 - lr: 0.0010
Epoch 13/30
2/2 [==============================] - 2s 809ms/step - loss: 2.4123 - accuracy: 0.3333 - val_loss: 2.3863 - val_accuracy: 0.4000 - lr: 0.0010
Epoch 14/30
2/2 [==============================] - 2s 839ms/step - loss: 2.4119 - accuracy: 0.2000 - val_loss: 2.3291 - val_accuracy: 0.4000 - lr: 0.0010
Epoch 15/30
2/2 [==============================] - 2s 850ms/step - loss: 2.4222 - accuracy: 0.2333 - val_loss: 2.2750 - val_accuracy: 0.4000 - lr: 0.0010
Epoch 16/30
2/2 [==============================] - 2s 694ms/step - loss: 2.3605 - accuracy: 0.2167 - val_loss: 2.2049 - val_accuracy: 0.6000 - lr: 0.0010
Epoch 17/30
2/2 [==============================] - 2s 701ms/step - loss: 2.3068 - accuracy: 0.2667 - val_loss: 2.1399 - val_accuracy: 0.4000 - lr: 0.0010
Epoch 18/30
2/2 [==============================] - 2s 697ms/step - loss: 2.2155 - accuracy: 0.2833 - val_loss: 2.1165 - val_accuracy: 0.4000 - lr: 0.0010
Epoch 19/30
2/2 [==============================] - 2s 701ms/step - loss: 2.2591 - accuracy: 0.2500 - val_loss: 2.0867 - val_accuracy: 0.4000 - lr: 0.0010
Epoch 20/30
2/2 [==============================] - 2s 822ms/step - loss: 2.2423 - accuracy: 0.2500 - val_loss: 2.0384 - val_accuracy: 0.6000 - lr: 0.0010
Epoch 21/30
2/2 [==============================] - 2s 697ms/step - loss: 2.1541 - accuracy: 0.3000 - val_loss: 2.0196 - val_accuracy: 0.2000 - lr: 0.0010
Epoch 22/30
2/2 [==============================] - 2s 732ms/step - loss: 2.1927 - accuracy: 0.2833 - val_loss: 2.0278 - val_accuracy: 0.2000 - lr: 0.0010
1/1 [==============================] - 0s 118ms/step - loss: 2.2491 - accuracy: 0.1429
Found 60 images belonging to 6 classes.
Found 5 images belonging to 6 classes.
Found 7 images belonging to 6 classes.
Epoch 1/10
2/2 [==============================] - 2s 886ms/step - loss: 3.4353 - accuracy: 0.1167 - val_loss: 3.1837 - val_accuracy: 0.0000e+00 - lr: 0.0010
Epoch 2/10
2/2 [==============================] - 2s 735ms/step - loss: 2.9534 - accuracy: 0.1333 - val_loss: 2.8556 - val_accuracy: 0.0000e+00 - lr: 0.0010
Epoch 3/10
2/2 [==============================] - 2s 801ms/step - loss: 2.8078 - accuracy: 0.2000 - val_loss: 2.7838 - val_accuracy: 0.2000 - lr: 0.0010
Epoch 4/10
2/2 [==============================] - 2s 818ms/step - loss: 2.7727 - accuracy: 0.1667 - val_loss: 2.7612 - val_accuracy: 0.2000 - lr: 0.0010
Epoch 5/10
2/2 [==============================] - 2s 717ms/step - loss: 2.7531 - accuracy: 0.1500 - val_loss: 2.7616 - val_accuracy: 0.2000 - lr: 0.0010
1/1 [==============================] - 0s 120ms/step - loss: 2.7753 - accuracy: 0.0000e+00
Found 60 images belonging to 6 classes.
Found 5 images belonging to 6 classes.
Found 7 images belonging to 6 classes.
Epoch 1/30
2/2 [==============================] - 2s 970ms/step - loss: 3.1139 - accuracy: 0.2333 - val_loss: 2.9651 - val_accuracy: 0.2000 - lr: 0.0010
Epoch 2/30
2/2 [==============================] - 2s 834ms/step - loss: 2.8719 - accuracy: 0.1833 - val_loss: 2.7383 - val_accuracy: 0.2000 - lr: 0.0010
Epoch 3/30
2/2 [==============================] - 2s 699ms/step - loss: 2.7436 - accuracy: 0.2333 - val_loss: 2.7140 - val_accuracy: 0.2000 - lr: 0.0010
Epoch 4/30
2/2 [==============================] - 2s 716ms/step - loss: 2.6864 - accuracy: 0.1833 - val_loss: 2.6875 - val_accuracy: 0.0000e+00 - lr: 0.0010
Epoch 5/30
2/2 [==============================] - 2s 820ms/step - loss: 2.6664 - accuracy: 0.1833 - val_loss: 2.6735 - val_accuracy: 0.2000 - lr: 0.0010
Epoch 6/30
2/2 [==============================] - 2s 829ms/step - loss: 2.6452 - accuracy: 0.2333 - val_loss: 2.6621 - val_accuracy: 0.2000 - lr: 0.0010
Epoch 7/30
2/2 [==============================] - 2s 842ms/step - loss: 2.6121 - accuracy: 0.1333 - val_loss: 2.6542 - val_accuracy: 0.2000 - lr: 0.0010
Epoch 8/30
2/2 [==============================] - 2s 838ms/step - loss: 2.5944 - accuracy: 0.2000 - val_loss: 2.6200 - val_accuracy: 0.2000 - lr: 0.0010
Epoch 9/30
2/2 [==============================] - 2s 799ms/step - loss: 2.5585 - accuracy: 0.2333 - val_loss: 2.5840 - val_accuracy: 0.2000 - lr: 0.0010
Epoch 10/30
2/2 [==============================] - 2s 849ms/step - loss: 2.5176 - accuracy: 0.2500 - val_loss: 2.5691 - val_accuracy: 0.2000 - lr: 0.0010
Epoch 11/30
2/2 [==============================] - 2s 702ms/step - loss: 2.4453 - accuracy: 0.1667 - val_loss: 2.5155 - val_accuracy: 0.2000 - lr: 0.0010
Epoch 12/30
2/2 [==============================] - 2s 818ms/step - loss: 2.4551 - accuracy: 0.1500 - val_loss: 2.4956 - val_accuracy: 0.0000e+00 - lr: 0.0010
Epoch 13/30
2/2 [==============================] - 2s 820ms/step - loss: 2.4016 - accuracy: 0.2000 - val_loss: 2.4171 - val_accuracy: 0.0000e+00 - lr: 0.0010
Epoch 14/30
2/2 [==============================] - 2s 817ms/step - loss: 2.3150 - accuracy: 0.2500 - val_loss: 2.3271 - val_accuracy: 0.2000 - lr: 0.0010
Epoch 15/30
2/2 [==============================] - 2s 715ms/step - loss: 2.3352 - accuracy: 0.2167 - val_loss: 2.2457 - val_accuracy: 0.2000 - lr: 0.0010
Epoch 16/30
2/2 [==============================] - 2s 824ms/step - loss: 2.2804 - accuracy: 0.2833 - val_loss: 2.1665 - val_accuracy: 0.4000 - lr: 0.0010
Epoch 17/30
2/2 [==============================] - 2s 814ms/step - loss: 2.2459 - accuracy: 0.2667 - val_loss: 2.0942 - val_accuracy: 0.4000 - lr: 0.0010
Epoch 18/30
2/2 [==============================] - 2s 706ms/step - loss: 2.2001 - accuracy: 0.2667 - val_loss: 2.0141 - val_accuracy: 0.4000 - lr: 0.0010
Epoch 19/30
2/2 [==============================] - 2s 727ms/step - loss: 2.1307 - accuracy: 0.2833 - val_loss: 1.9255 - val_accuracy: 0.4000 - lr: 0.0010
Epoch 20/30
2/2 [==============================] - 2s 692ms/step - loss: 2.1894 - accuracy: 0.2333 - val_loss: 1.8596 - val_accuracy: 0.6000 - lr: 0.0010
Epoch 21/30
2/2 [==============================] - 2s 1s/step - loss: 2.0841 - accuracy: 0.3000 - val_loss: 1.8410 - val_accuracy: 0.4000 - lr: 0.0010
Epoch 22/30
2/2 [==============================] - 2s 1s/step - loss: 2.0011 - accuracy: 0.4167 - val_loss: 1.7660 - val_accuracy: 0.6000 - lr: 0.0010
Epoch 23/30
2/2 [==============================] - 2s 924ms/step - loss: 2.0966 - accuracy: 0.2000 - val_loss: 1.7528 - val_accuracy: 0.4000 - lr: 0.0010
Epoch 24/30
2/2 [==============================] - 2s 1s/step - loss: 1.9459 - accuracy: 0.3333 - val_loss: 1.7701 - val_accuracy: 0.2000 - lr: 0.0010
1/1 [==============================] - 0s 135ms/step - loss: 1.9244 - accuracy: 0.1429
Found 60 images belonging to 6 classes.
Found 5 images belonging to 6 classes.
Found 7 images belonging to 6 classes.
Epoch 1/10
2/2 [==============================] - 2s 791ms/step - loss: 3.0402 - accuracy: 0.1000 - val_loss: 2.8845 - val_accuracy: 0.2000 - lr: 5.0000e-04
Epoch 2/10
2/2 [==============================] - 1s 820ms/step - loss: 2.8533 - accuracy: 0.2000 - val_loss: 2.8194 - val_accuracy: 0.2000 - lr: 5.0000e-04
Epoch 3/10
2/2 [==============================] - 2s 702ms/step - loss: 2.7660 - accuracy: 0.2000 - val_loss: 2.7506 - val_accuracy: 0.2000 - lr: 5.0000e-04
Epoch 4/10
2/2 [==============================] - 2s 735ms/step - loss: 2.7107 - accuracy: 0.2000 - val_loss: 2.6872 - val_accuracy: 0.4000 - lr: 5.0000e-04
Epoch 5/10
2/2 [==============================] - 2s 833ms/step - loss: 2.6542 - accuracy: 0.2167 - val_loss: 2.6332 - val_accuracy: 0.2000 - lr: 5.0000e-04
Epoch 6/10
2/2 [==============================] - 2s 855ms/step - loss: 2.5747 - accuracy: 0.2333 - val_loss: 2.5753 - val_accuracy: 0.4000 - lr: 5.0000e-04
Epoch 7/10
2/2 [==============================] - 2s 877ms/step - loss: 2.5347 - accuracy: 0.2833 - val_loss: 2.5152 - val_accuracy: 0.4000 - lr: 5.0000e-04
Epoch 8/10
2/2 [==============================] - 2s 904ms/step - loss: 2.4627 - accuracy: 0.3333 - val_loss: 2.4578 - val_accuracy: 0.4000 - lr: 5.0000e-04
Epoch 9/10
2/2 [==============================] - 2s 804ms/step - loss: 2.4460 - accuracy: 0.2333 - val_loss: 2.4194 - val_accuracy: 0.4000 - lr: 5.0000e-04
Epoch 10/10
2/2 [==============================] - 2s 835ms/step - loss: 2.4051 - accuracy: 0.2167 - val_loss: 2.3735 - val_accuracy: 0.4000 - lr: 5.0000e-04
1/1 [==============================] - 0s 143ms/step - loss: 2.4150 - accuracy: 0.1429
Found 60 images belonging to 6 classes.
Found 5 images belonging to 6 classes.
Found 7 images belonging to 6 classes.
Epoch 1/30
2/2 [==============================] - 2s 1s/step - loss: 3.2187 - accuracy: 0.1000 - val_loss: 2.6588 - val_accuracy: 0.4000 - lr: 5.0000e-04
Epoch 2/30
2/2 [==============================] - 2s 1s/step - loss: 2.8456 - accuracy: 0.1667 - val_loss: 2.7329 - val_accuracy: 0.0000e+00 - lr: 5.0000e-04
1/1 [==============================] - 0s 157ms/step - loss: 2.7679 - accuracy: 0.4286
Found 60 images belonging to 6 classes.
Found 5 images belonging to 6 classes.
Found 7 images belonging to 6 classes.
Epoch 1/10
2/2 [==============================] - 3s 1s/step - loss: 2.9437 - accuracy: 0.1833 - val_loss: 2.9981 - val_accuracy: 0.0000e+00 - lr: 5.0000e-04
Epoch 2/10
2/2 [==============================] - 2s 996ms/step - loss: 2.8131 - accuracy: 0.1500 - val_loss: 2.8796 - val_accuracy: 0.0000e+00 - lr: 5.0000e-04
Epoch 3/10
2/2 [==============================] - 2s 1s/step - loss: 2.7952 - accuracy: 0.2000 - val_loss: 2.8094 - val_accuracy: 0.0000e+00 - lr: 5.0000e-04
Epoch 4/10
2/2 [==============================] - 2s 1s/step - loss: 2.6984 - accuracy: 0.2500 - val_loss: 2.6798 - val_accuracy: 0.2000 - lr: 5.0000e-04
Epoch 5/10
2/2 [==============================] - 2s 914ms/step - loss: 2.6086 - accuracy: 0.2167 - val_loss: 2.5972 - val_accuracy: 0.2000 - lr: 5.0000e-04
Epoch 6/10
2/2 [==============================] - 2s 903ms/step - loss: 2.5895 - accuracy: 0.1500 - val_loss: 2.5209 - val_accuracy: 0.2000 - lr: 5.0000e-04
Epoch 7/10
2/2 [==============================] - 2s 880ms/step - loss: 2.5438 - accuracy: 0.2333 - val_loss: 2.4695 - val_accuracy: 0.2000 - lr: 5.0000e-04
Epoch 8/10
2/2 [==============================] - 2s 934ms/step - loss: 2.4688 - accuracy: 0.2333 - val_loss: 2.4119 - val_accuracy: 0.2000 - lr: 5.0000e-04
Epoch 9/10
2/2 [==============================] - 2s 1s/step - loss: 2.4419 - accuracy: 0.2500 - val_loss: 2.3749 - val_accuracy: 0.4000 - lr: 5.0000e-04
Epoch 10/10
2/2 [==============================] - 2s 1s/step - loss: 2.3328 - accuracy: 0.3167 - val_loss: 2.3281 - val_accuracy: 0.4000 - lr: 5.0000e-04
1/1 [==============================] - 0s 155ms/step - loss: 2.3481 - accuracy: 0.1429
Found 60 images belonging to 6 classes.
Found 5 images belonging to 6 classes.
Found 7 images belonging to 6 classes.
Epoch 1/30
2/2 [==============================] - 2s 1s/step - loss: 2.9936 - accuracy: 0.1333 - val_loss: 2.5893 - val_accuracy: 0.4000 - lr: 5.0000e-04
Epoch 2/30
2/2 [==============================] - 2s 913ms/step - loss: 2.9364 - accuracy: 0.1500 - val_loss: 2.7456 - val_accuracy: 0.2000 - lr: 5.0000e-04
1/1 [==============================] - 0s 148ms/step - loss: 2.6295 - accuracy: 0.5714
Found 60 images belonging to 6 classes.
Found 5 images belonging to 6 classes.
Found 7 images belonging to 6 classes.
Epoch 1/10
2/2 [==============================] - 2s 1s/step - loss: 3.3432 - accuracy: 0.0833 - val_loss: 2.7233 - val_accuracy: 0.2000 - lr: 5.0000e-04
Epoch 2/10
2/2 [==============================] - 2s 868ms/step - loss: 2.8404 - accuracy: 0.2167 - val_loss: 2.8223 - val_accuracy: 0.0000e+00 - lr: 5.0000e-04
1/1 [==============================] - 0s 141ms/step - loss: 2.7273 - accuracy: 0.1429
Found 60 images belonging to 6 classes.
Found 5 images belonging to 6 classes.
Found 7 images belonging to 6 classes.
Epoch 1/30
2/2 [==============================] - 3s 1s/step - loss: 3.1037 - accuracy: 0.1667 - val_loss: 2.8020 - val_accuracy: 0.2000 - lr: 5.0000e-04
Epoch 2/30
2/2 [==============================] - 2s 826ms/step - loss: 2.9453 - accuracy: 0.1500 - val_loss: 2.7712 - val_accuracy: 0.2000 - lr: 5.0000e-04
Epoch 3/30
2/2 [==============================] - 2s 883ms/step - loss: 2.8066 - accuracy: 0.1833 - val_loss: 2.7060 - val_accuracy: 0.2000 - lr: 5.0000e-04
Epoch 4/30
2/2 [==============================] - 2s 888ms/step - loss: 2.7012 - accuracy: 0.2167 - val_loss: 2.6756 - val_accuracy: 0.0000e+00 - lr: 5.0000e-04
Epoch 5/30
2/2 [==============================] - 2s 892ms/step - loss: 2.6643 - accuracy: 0.1333 - val_loss: 2.6234 - val_accuracy: 0.2000 - lr: 5.0000e-04
Epoch 6/30
2/2 [==============================] - 2s 913ms/step - loss: 2.6131 - accuracy: 0.2167 - val_loss: 2.5670 - val_accuracy: 0.2000 - lr: 5.0000e-04
Epoch 7/30
2/2 [==============================] - 2s 869ms/step - loss: 2.5383 - accuracy: 0.3500 - val_loss: 2.5360 - val_accuracy: 0.0000e+00 - lr: 5.0000e-04
Epoch 8/30
2/2 [==============================] - 2s 809ms/step - loss: 2.5249 - accuracy: 0.2500 - val_loss: 2.5162 - val_accuracy: 0.0000e+00 - lr: 5.0000e-04
Epoch 9/30
2/2 [==============================] - 2s 763ms/step - loss: 2.4796 - accuracy: 0.2333 - val_loss: 2.5037 - val_accuracy: 0.0000e+00 - lr: 5.0000e-04
Epoch 10/30
2/2 [==============================] - 2s 809ms/step - loss: 2.4319 - accuracy: 0.2500 - val_loss: 2.4833 - val_accuracy: 0.0000e+00 - lr: 5.0000e-04
Epoch 11/30
2/2 [==============================] - 2s 867ms/step - loss: 2.3917 - accuracy: 0.3500 - val_loss: 2.3521 - val_accuracy: 0.2000 - lr: 5.0000e-04
Epoch 12/30
2/2 [==============================] - 2s 772ms/step - loss: 2.4399 - accuracy: 0.2000 - val_loss: 2.2666 - val_accuracy: 0.2000 - lr: 5.0000e-04
Epoch 13/30
2/2 [==============================] - 2s 885ms/step - loss: 2.3646 - accuracy: 0.1667 - val_loss: 2.2510 - val_accuracy: 0.4000 - lr: 5.0000e-04
Epoch 14/30
2/2 [==============================] - 2s 920ms/step - loss: 2.2946 - accuracy: 0.3000 - val_loss: 2.2267 - val_accuracy: 0.4000 - lr: 5.0000e-04
Epoch 15/30
2/2 [==============================] - 2s 871ms/step - loss: 2.2812 - accuracy: 0.2833 - val_loss: 2.1835 - val_accuracy: 0.2000 - lr: 5.0000e-04
Epoch 16/30
2/2 [==============================] - 2s 777ms/step - loss: 2.1286 - accuracy: 0.5000 - val_loss: 2.0966 - val_accuracy: 0.2000 - lr: 5.0000e-04
Epoch 17/30
2/2 [==============================] - 2s 752ms/step - loss: 2.1809 - accuracy: 0.4000 - val_loss: 2.0322 - val_accuracy: 0.4000 - lr: 5.0000e-04
Epoch 18/30
2/2 [==============================] - 1s 793ms/step - loss: 2.1009 - accuracy: 0.4167 - val_loss: 1.9774 - val_accuracy: 0.4000 - lr: 5.0000e-04
Epoch 19/30
2/2 [==============================] - 1s 783ms/step - loss: 2.0735 - accuracy: 0.3667 - val_loss: 1.8978 - val_accuracy: 0.6000 - lr: 5.0000e-04
Epoch 20/30
2/2 [==============================] - 1s 703ms/step - loss: 2.1631 - accuracy: 0.3500 - val_loss: 1.7965 - val_accuracy: 0.6000 - lr: 5.0000e-04
Epoch 21/30
2/2 [==============================] - 2s 869ms/step - loss: 2.1476 - accuracy: 0.3500 - val_loss: 1.9091 - val_accuracy: 0.4000 - lr: 5.0000e-04
1/1 [==============================] - 0s 126ms/step - loss: 1.9826 - accuracy: 0.4286
Found 60 images belonging to 6 classes.
Found 5 images belonging to 6 classes.
Found 7 images belonging to 6 classes.
Epoch 1/10
2/2 [==============================] - 2s 933ms/step - loss: 3.0478 - accuracy: 0.1000 - val_loss: 3.1494 - val_accuracy: 0.0000e+00 - lr: 5.0000e-04
Epoch 2/10
2/2 [==============================] - 1s 726ms/step - loss: 2.9287 - accuracy: 0.2000 - val_loss: 3.0338 - val_accuracy: 0.0000e+00 - lr: 5.0000e-04
Epoch 3/10
2/2 [==============================] - 1s 625ms/step - loss: 2.7936 - accuracy: 0.1833 - val_loss: 2.8300 - val_accuracy: 0.0000e+00 - lr: 5.0000e-04
Epoch 4/10
2/2 [==============================] - 1s 704ms/step - loss: 2.7315 - accuracy: 0.2167 - val_loss: 2.7347 - val_accuracy: 0.0000e+00 - lr: 5.0000e-04
Epoch 5/10
2/2 [==============================] - 1s 636ms/step - loss: 2.6825 - accuracy: 0.1833 - val_loss: 2.6459 - val_accuracy: 0.2000 - lr: 5.0000e-04
Epoch 6/10
2/2 [==============================] - 1s 587ms/step - loss: 2.6243 - accuracy: 0.1500 - val_loss: 2.5860 - val_accuracy: 0.2000 - lr: 5.0000e-04
Epoch 7/10
2/2 [==============================] - 1s 665ms/step - loss: 2.5784 - accuracy: 0.2000 - val_loss: 2.5273 - val_accuracy: 0.2000 - lr: 5.0000e-04
Epoch 8/10
2/2 [==============================] - 1s 702ms/step - loss: 2.5402 - accuracy: 0.2000 - val_loss: 2.4893 - val_accuracy: 0.2000 - lr: 5.0000e-04
Epoch 9/10
2/2 [==============================] - 1s 594ms/step - loss: 2.4927 - accuracy: 0.2167 - val_loss: 2.4479 - val_accuracy: 0.2000 - lr: 5.0000e-04
Epoch 10/10
2/2 [==============================] - 1s 570ms/step - loss: 2.4564 - accuracy: 0.2833 - val_loss: 2.4112 - val_accuracy: 0.2000 - lr: 5.0000e-04
1/1 [==============================] - 0s 105ms/step - loss: 2.4195 - accuracy: 0.1429
Found 60 images belonging to 6 classes.
Found 5 images belonging to 6 classes.
Found 7 images belonging to 6 classes.
Epoch 1/30
2/2 [==============================] - 2s 621ms/step - loss: 3.0077 - accuracy: 0.1500 - val_loss: 2.8631 - val_accuracy: 0.2000 - lr: 5.0000e-04
Epoch 2/30
2/2 [==============================] - 1s 531ms/step - loss: 2.8760 - accuracy: 0.1667 - val_loss: 2.7405 - val_accuracy: 0.2000 - lr: 5.0000e-04
Epoch 3/30
2/2 [==============================] - 1s 566ms/step - loss: 2.7560 - accuracy: 0.2333 - val_loss: 2.7029 - val_accuracy: 0.0000e+00 - lr: 5.0000e-04
Epoch 4/30
2/2 [==============================] - 1s 656ms/step - loss: 2.7022 - accuracy: 0.2000 - val_loss: 2.6504 - val_accuracy: 0.6000 - lr: 5.0000e-04
Epoch 5/30
2/2 [==============================] - 1s 540ms/step - loss: 2.6032 - accuracy: 0.2667 - val_loss: 2.5813 - val_accuracy: 0.6000 - lr: 5.0000e-04
Epoch 6/30
2/2 [==============================] - 1s 537ms/step - loss: 2.6013 - accuracy: 0.2167 - val_loss: 2.5181 - val_accuracy: 0.6000 - lr: 5.0000e-04
Epoch 7/30
2/2 [==============================] - 1s 615ms/step - loss: 2.5559 - accuracy: 0.2000 - val_loss: 2.4195 - val_accuracy: 0.6000 - lr: 5.0000e-04
Epoch 8/30
2/2 [==============================] - 1s 619ms/step - loss: 2.4953 - accuracy: 0.2500 - val_loss: 2.3726 - val_accuracy: 0.6000 - lr: 5.0000e-04
Epoch 9/30
2/2 [==============================] - 1s 547ms/step - loss: 2.4612 - accuracy: 0.2167 - val_loss: 2.3353 - val_accuracy: 0.6000 - lr: 5.0000e-04
Epoch 10/30
2/2 [==============================] - 1s 601ms/step - loss: 2.3763 - accuracy: 0.3000 - val_loss: 2.3359 - val_accuracy: 0.2000 - lr: 5.0000e-04
1/1 [==============================] - 0s 137ms/step - loss: 2.3733 - accuracy: 0.4286
Found 60 images belonging to 6 classes.
Found 5 images belonging to 6 classes.
Found 7 images belonging to 6 classes.
Epoch 1/10
2/2 [==============================] - 2s 877ms/step - loss: 3.2125 - accuracy: 0.1500 - val_loss: 3.0295 - val_accuracy: 0.2000 - lr: 5.0000e-04
Epoch 2/10
2/2 [==============================] - 2s 817ms/step - loss: 3.0305 - accuracy: 0.1333 - val_loss: 2.9485 - val_accuracy: 0.2000 - lr: 5.0000e-04
Epoch 3/10
2/2 [==============================] - 2s 953ms/step - loss: 2.8790 - accuracy: 0.2000 - val_loss: 2.8450 - val_accuracy: 0.2000 - lr: 5.0000e-04
Epoch 4/10
2/2 [==============================] - 2s 939ms/step - loss: 2.8046 - accuracy: 0.1833 - val_loss: 2.7688 - val_accuracy: 0.2000 - lr: 5.0000e-04
Epoch 5/10
2/2 [==============================] - 2s 947ms/step - loss: 2.7462 - accuracy: 0.1333 - val_loss: 2.6991 - val_accuracy: 0.2000 - lr: 5.0000e-04
Epoch 6/10
2/2 [==============================] - 2s 808ms/step - loss: 2.6791 - accuracy: 0.2833 - val_loss: 2.6384 - val_accuracy: 0.2000 - lr: 5.0000e-04
Epoch 7/10
2/2 [==============================] - 2s 912ms/step - loss: 2.6268 - accuracy: 0.2167 - val_loss: 2.5871 - val_accuracy: 0.2000 - lr: 5.0000e-04
Epoch 8/10
2/2 [==============================] - 2s 764ms/step - loss: 2.5703 - accuracy: 0.1667 - val_loss: 2.5402 - val_accuracy: 0.2000 - lr: 5.0000e-04
Epoch 9/10
2/2 [==============================] - 2s 770ms/step - loss: 2.5561 - accuracy: 0.1833 - val_loss: 2.4758 - val_accuracy: 0.2000 - lr: 5.0000e-04
Epoch 10/10
2/2 [==============================] - 2s 900ms/step - loss: 2.4830 - accuracy: 0.2667 - val_loss: 2.4274 - val_accuracy: 0.2000 - lr: 5.0000e-04
1/1 [==============================] - 0s 119ms/step - loss: 2.3870 - accuracy: 0.4286
Found 60 images belonging to 6 classes.
Found 5 images belonging to 6 classes.
Found 7 images belonging to 6 classes.
Epoch 1/30
2/2 [==============================] - 2s 990ms/step - loss: 3.3805 - accuracy: 0.1167 - val_loss: 2.9771 - val_accuracy: 0.2000 - lr: 5.0000e-04
Epoch 2/30
2/2 [==============================] - 2s 803ms/step - loss: 3.0392 - accuracy: 0.2167 - val_loss: 2.9636 - val_accuracy: 0.0000e+00 - lr: 5.0000e-04
Epoch 3/30
2/2 [==============================] - 2s 675ms/step - loss: 2.8974 - accuracy: 0.2333 - val_loss: 2.8414 - val_accuracy: 0.0000e+00 - lr: 5.0000e-04
Epoch 4/30
2/2 [==============================] - 2s 698ms/step - loss: 2.7850 - accuracy: 0.2000 - val_loss: 2.7521 - val_accuracy: 0.0000e+00 - lr: 5.0000e-04
Epoch 5/30
2/2 [==============================] - 2s 709ms/step - loss: 2.7227 - accuracy: 0.2667 - val_loss: 2.6871 - val_accuracy: 0.0000e+00 - lr: 5.0000e-04
Epoch 6/30
2/2 [==============================] - 2s 705ms/step - loss: 2.6627 - accuracy: 0.2500 - val_loss: 2.6389 - val_accuracy: 0.0000e+00 - lr: 5.0000e-04
Epoch 7/30
2/2 [==============================] - 2s 849ms/step - loss: 2.6105 - accuracy: 0.2500 - val_loss: 2.6008 - val_accuracy: 0.0000e+00 - lr: 5.0000e-04
Epoch 8/30
2/2 [==============================] - 2s 835ms/step - loss: 2.5698 - accuracy: 0.2167 - val_loss: 2.5582 - val_accuracy: 0.2000 - lr: 5.0000e-04
Epoch 9/30
2/2 [==============================] - 2s 726ms/step - loss: 2.5280 - accuracy: 0.2000 - val_loss: 2.5263 - val_accuracy: 0.2000 - lr: 5.0000e-04
Epoch 10/30
2/2 [==============================] - 2s 862ms/step - loss: 2.4816 - accuracy: 0.2333 - val_loss: 2.5078 - val_accuracy: 0.2000 - lr: 5.0000e-04
Epoch 11/30
2/2 [==============================] - 2s 711ms/step - loss: 2.4450 - accuracy: 0.3500 - val_loss: 2.5016 - val_accuracy: 0.2000 - lr: 5.0000e-04
Epoch 12/30
2/2 [==============================] - 2s 815ms/step - loss: 2.3612 - accuracy: 0.3667 - val_loss: 2.4693 - val_accuracy: 0.0000e+00 - lr: 5.0000e-04
Epoch 13/30
2/2 [==============================] - 2s 801ms/step - loss: 2.3349 - accuracy: 0.3667 - val_loss: 2.3975 - val_accuracy: 0.2000 - lr: 5.0000e-04
Epoch 14/30
2/2 [==============================] - 2s 850ms/step - loss: 2.2895 - accuracy: 0.3000 - val_loss: 2.2819 - val_accuracy: 0.4000 - lr: 5.0000e-04
Epoch 15/30
2/2 [==============================] - 2s 729ms/step - loss: 2.2620 - accuracy: 0.3000 - val_loss: 2.2515 - val_accuracy: 0.4000 - lr: 5.0000e-04
Epoch 16/30
2/2 [==============================] - 2s 722ms/step - loss: 2.3383 - accuracy: 0.2500 - val_loss: 2.2583 - val_accuracy: 0.2000 - lr: 5.0000e-04
1/1 [==============================] - 0s 119ms/step - loss: 2.1911 - accuracy: 0.4286
Found 60 images belonging to 6 classes.
Found 5 images belonging to 6 classes.
Found 7 images belonging to 6 classes.
Epoch 1/10
2/2 [==============================] - 2s 892ms/step - loss: 3.2309 - accuracy: 0.1500 - val_loss: 2.9958 - val_accuracy: 0.2000 - lr: 5.0000e-04
Epoch 2/10
2/2 [==============================] - 2s 725ms/step - loss: 2.9410 - accuracy: 0.1833 - val_loss: 2.8845 - val_accuracy: 0.2000 - lr: 5.0000e-04
Epoch 3/10
2/2 [==============================] - 2s 837ms/step - loss: 2.8550 - accuracy: 0.1667 - val_loss: 2.7478 - val_accuracy: 0.4000 - lr: 5.0000e-04
Epoch 4/10
2/2 [==============================] - 2s 734ms/step - loss: 2.7657 - accuracy: 0.2833 - val_loss: 2.6609 - val_accuracy: 0.4000 - lr: 5.0000e-04
Epoch 5/10
2/2 [==============================] - 2s 850ms/step - loss: 2.6983 - accuracy: 0.1667 - val_loss: 2.5941 - val_accuracy: 0.4000 - lr: 5.0000e-04
Epoch 6/10
2/2 [==============================] - 2s 799ms/step - loss: 2.6293 - accuracy: 0.2167 - val_loss: 2.5431 - val_accuracy: 0.2000 - lr: 5.0000e-04
Epoch 7/10
2/2 [==============================] - 2s 839ms/step - loss: 2.5619 - accuracy: 0.2833 - val_loss: 2.4858 - val_accuracy: 0.2000 - lr: 5.0000e-04
Epoch 8/10
2/2 [==============================] - 2s 829ms/step - loss: 2.5200 - accuracy: 0.2833 - val_loss: 2.4330 - val_accuracy: 0.4000 - lr: 5.0000e-04
Epoch 9/10
2/2 [==============================] - 2s 839ms/step - loss: 2.4531 - accuracy: 0.2500 - val_loss: 2.3807 - val_accuracy: 0.4000 - lr: 5.0000e-04
Epoch 10/10
2/2 [==============================] - 2s 811ms/step - loss: 2.4314 - accuracy: 0.3000 - val_loss: 2.3469 - val_accuracy: 0.4000 - lr: 5.0000e-04
1/1 [==============================] - 0s 121ms/step - loss: 2.4275 - accuracy: 0.1429
Found 60 images belonging to 6 classes.
Found 5 images belonging to 6 classes.
Found 7 images belonging to 6 classes.
Epoch 1/30
2/2 [==============================] - 2s 968ms/step - loss: 3.3386 - accuracy: 0.0500 - val_loss: 3.0605 - val_accuracy: 0.2000 - lr: 5.0000e-04
Epoch 2/30
2/2 [==============================] - 2s 834ms/step - loss: 2.9712 - accuracy: 0.2000 - val_loss: 2.9850 - val_accuracy: 0.4000 - lr: 5.0000e-04
Epoch 3/30
2/2 [==============================] - 2s 833ms/step - loss: 2.8477 - accuracy: 0.2500 - val_loss: 2.8207 - val_accuracy: 0.2000 - lr: 5.0000e-04
Epoch 4/30
2/2 [==============================] - 2s 704ms/step - loss: 2.7590 - accuracy: 0.2000 - val_loss: 2.7393 - val_accuracy: 0.2000 - lr: 5.0000e-04
Epoch 5/30
2/2 [==============================] - 2s 829ms/step - loss: 2.7002 - accuracy: 0.2333 - val_loss: 2.6516 - val_accuracy: 0.2000 - lr: 5.0000e-04
Epoch 6/30
2/2 [==============================] - 2s 718ms/step - loss: 2.6406 - accuracy: 0.1833 - val_loss: 2.5892 - val_accuracy: 0.2000 - lr: 5.0000e-04
Epoch 7/30
2/2 [==============================] - 2s 718ms/step - loss: 2.5631 - accuracy: 0.2833 - val_loss: 2.5406 - val_accuracy: 0.2000 - lr: 5.0000e-04
Epoch 8/30
2/2 [==============================] - 2s 698ms/step - loss: 2.5166 - accuracy: 0.3000 - val_loss: 2.4897 - val_accuracy: 0.2000 - lr: 5.0000e-04
Epoch 9/30
2/2 [==============================] - 2s 852ms/step - loss: 2.4714 - accuracy: 0.2667 - val_loss: 2.4404 - val_accuracy: 0.2000 - lr: 5.0000e-04
Epoch 10/30
2/2 [==============================] - 2s 1s/step - loss: 2.4058 - accuracy: 0.3167 - val_loss: 2.4190 - val_accuracy: 0.2000 - lr: 5.0000e-04
Epoch 11/30
2/2 [==============================] - 2s 1s/step - loss: 2.4009 - accuracy: 0.1333 - val_loss: 2.3645 - val_accuracy: 0.4000 - lr: 5.0000e-04
Epoch 12/30
2/2 [==============================] - 2s 1s/step - loss: 2.3892 - accuracy: 0.2333 - val_loss: 2.2986 - val_accuracy: 0.4000 - lr: 5.0000e-04
Epoch 13/30
2/2 [==============================] - 2s 1s/step - loss: 2.3480 - accuracy: 0.2000 - val_loss: 2.2545 - val_accuracy: 0.4000 - lr: 5.0000e-04
Epoch 14/30
2/2 [==============================] - 2s 1s/step - loss: 2.2728 - accuracy: 0.4167 - val_loss: 2.2267 - val_accuracy: 0.2000 - lr: 5.0000e-04
Epoch 15/30
2/2 [==============================] - 2s 1s/step - loss: 2.2654 - accuracy: 0.2833 - val_loss: 2.2061 - val_accuracy: 0.4000 - lr: 5.0000e-04
Epoch 16/30
2/2 [==============================] - 2s 966ms/step - loss: 2.2007 - accuracy: 0.3000 - val_loss: 2.2221 - val_accuracy: 0.4000 - lr: 5.0000e-04
1/1 [==============================] - 0s 133ms/step - loss: 2.5543 - accuracy: 0.0000e+00
Found 60 images belonging to 6 classes.
Found 5 images belonging to 6 classes.
Found 7 images belonging to 6 classes.
Epoch 1/10
2/2 [==============================] - 3s 1s/step - loss: 3.2839 - accuracy: 0.1000 - val_loss: 3.0786 - val_accuracy: 0.2000 - lr: 5.0000e-04
Epoch 2/10
2/2 [==============================] - 2s 1s/step - loss: 3.0240 - accuracy: 0.1167 - val_loss: 2.8917 - val_accuracy: 0.4000 - lr: 5.0000e-04
Epoch 3/10
2/2 [==============================] - 2s 990ms/step - loss: 2.8924 - accuracy: 0.1833 - val_loss: 2.8207 - val_accuracy: 0.2000 - lr: 5.0000e-04
Epoch 4/10
2/2 [==============================] - 2s 1s/step - loss: 2.8003 - accuracy: 0.2000 - val_loss: 2.7547 - val_accuracy: 0.2000 - lr: 5.0000e-04
Epoch 5/10
2/2 [==============================] - 2s 1s/step - loss: 2.7341 - accuracy: 0.2167 - val_loss: 2.6947 - val_accuracy: 0.2000 - lr: 5.0000e-04
Epoch 6/10
2/2 [==============================] - 2s 1s/step - loss: 2.6694 - accuracy: 0.2833 - val_loss: 2.6226 - val_accuracy: 0.4000 - lr: 5.0000e-04
Epoch 7/10
2/2 [==============================] - 2s 1s/step - loss: 2.6286 - accuracy: 0.2000 - val_loss: 2.5576 - val_accuracy: 0.4000 - lr: 5.0000e-04
Epoch 8/10
2/2 [==============================] - 3s 1s/step - loss: 2.5683 - accuracy: 0.3000 - val_loss: 2.5171 - val_accuracy: 0.4000 - lr: 5.0000e-04
Epoch 9/10
2/2 [==============================] - 3s 1s/step - loss: 2.5314 - accuracy: 0.2167 - val_loss: 2.4879 - val_accuracy: 0.2000 - lr: 5.0000e-04
Epoch 10/10
2/2 [==============================] - 3s 2s/step - loss: 2.4729 - accuracy: 0.2500 - val_loss: 2.4429 - val_accuracy: 0.4000 - lr: 5.0000e-04
1/1 [==============================] - 0s 202ms/step - loss: 2.4427 - accuracy: 0.1429
Found 60 images belonging to 6 classes.
Found 5 images belonging to 6 classes.
Found 7 images belonging to 6 classes.
Epoch 1/30
2/2 [==============================] - 4s 2s/step - loss: 3.2250 - accuracy: 0.1333 - val_loss: 3.1045 - val_accuracy: 0.2000 - lr: 5.0000e-04
Epoch 2/30
2/2 [==============================] - 3s 1s/step - loss: 2.9488 - accuracy: 0.2333 - val_loss: 2.7243 - val_accuracy: 0.6000 - lr: 5.0000e-04
Epoch 3/30
2/2 [==============================] - 3s 2s/step - loss: 2.9183 - accuracy: 0.0833 - val_loss: 2.7238 - val_accuracy: 0.4000 - lr: 5.0000e-04
Epoch 4/30
2/2 [==============================] - 3s 1s/step - loss: 2.7909 - accuracy: 0.1667 - val_loss: 2.7222 - val_accuracy: 0.4000 - lr: 5.0000e-04
Epoch 5/30
2/2 [==============================] - 3s 2s/step - loss: 2.7163 - accuracy: 0.1667 - val_loss: 2.6751 - val_accuracy: 0.2000 - lr: 5.0000e-04
Epoch 6/30
2/2 [==============================] - 3s 2s/step - loss: 2.6599 - accuracy: 0.1667 - val_loss: 2.6192 - val_accuracy: 0.2000 - lr: 5.0000e-04
Epoch 7/30
2/2 [==============================] - 3s 1s/step - loss: 2.6110 - accuracy: 0.2333 - val_loss: 2.5793 - val_accuracy: 0.4000 - lr: 5.0000e-04
Epoch 8/30
2/2 [==============================] - 3s 1s/step - loss: 2.5681 - accuracy: 0.2500 - val_loss: 2.5259 - val_accuracy: 0.4000 - lr: 5.0000e-04
Epoch 9/30
2/2 [==============================] - 3s 2s/step - loss: 2.4997 - accuracy: 0.3833 - val_loss: 2.4619 - val_accuracy: 0.4000 - lr: 5.0000e-04
Epoch 10/30
2/2 [==============================] - 3s 2s/step - loss: 2.4978 - accuracy: 0.3000 - val_loss: 2.4748 - val_accuracy: 0.4000 - lr: 5.0000e-04
1/1 [==============================] - 0s 288ms/step - loss: 2.5288 - accuracy: 0.1429
Found 60 images belonging to 6 classes.
Found 5 images belonging to 6 classes.
Found 7 images belonging to 6 classes.
Epoch 1/10
2/2 [==============================] - 4s 2s/step - loss: 3.0901 - accuracy: 0.1667 - val_loss: 2.9694 - val_accuracy: 0.2000 - lr: 5.0000e-04
Epoch 2/10
2/2 [==============================] - 3s 2s/step - loss: 2.9712 - accuracy: 0.1000 - val_loss: 2.9651 - val_accuracy: 0.0000e+00 - lr: 5.0000e-04
Epoch 3/10
2/2 [==============================] - 3s 2s/step - loss: 2.8755 - accuracy: 0.2333 - val_loss: 2.8362 - val_accuracy: 0.2000 - lr: 5.0000e-04
Epoch 4/10
2/2 [==============================] - 3s 1s/step - loss: 2.7961 - accuracy: 0.1333 - val_loss: 2.7572 - val_accuracy: 0.2000 - lr: 5.0000e-04
Epoch 5/10
2/2 [==============================] - 3s 1s/step - loss: 2.7322 - accuracy: 0.2167 - val_loss: 2.6874 - val_accuracy: 0.2000 - lr: 5.0000e-04
Epoch 6/10
2/2 [==============================] - 3s 1s/step - loss: 2.6716 - accuracy: 0.2667 - val_loss: 2.6183 - val_accuracy: 0.2000 - lr: 5.0000e-04
Epoch 7/10
2/2 [==============================] - 3s 2s/step - loss: 2.5925 - accuracy: 0.2000 - val_loss: 2.5395 - val_accuracy: 0.2000 - lr: 5.0000e-04
Epoch 8/10
2/2 [==============================] - 3s 1s/step - loss: 2.5416 - accuracy: 0.2500 - val_loss: 2.4854 - val_accuracy: 0.2000 - lr: 5.0000e-04
Epoch 9/10
2/2 [==============================] - 3s 1s/step - loss: 2.4942 - accuracy: 0.3167 - val_loss: 2.4411 - val_accuracy: 0.2000 - lr: 5.0000e-04
Epoch 10/10
2/2 [==============================] - 2s 1s/step - loss: 2.4406 - accuracy: 0.2333 - val_loss: 2.3868 - val_accuracy: 0.2000 - lr: 5.0000e-04
1/1 [==============================] - 0s 160ms/step - loss: 2.5110 - accuracy: 0.1429
Found 60 images belonging to 6 classes.
Found 5 images belonging to 6 classes.
Found 7 images belonging to 6 classes.
Epoch 1/30
2/2 [==============================] - 3s 1s/step - loss: 3.2446 - accuracy: 0.1333 - val_loss: 3.2050 - val_accuracy: 0.2000 - lr: 5.0000e-04
Epoch 2/30
2/2 [==============================] - 2s 1s/step - loss: 2.9818 - accuracy: 0.2167 - val_loss: 3.0074 - val_accuracy: 0.4000 - lr: 5.0000e-04
Epoch 3/30
2/2 [==============================] - 2s 1s/step - loss: 2.8321 - accuracy: 0.2333 - val_loss: 2.8192 - val_accuracy: 0.4000 - lr: 5.0000e-04
Epoch 4/30
2/2 [==============================] - 2s 1s/step - loss: 2.7743 - accuracy: 0.2000 - val_loss: 2.7076 - val_accuracy: 0.2000 - lr: 5.0000e-04
Epoch 5/30
2/2 [==============================] - 2s 1s/step - loss: 2.6879 - accuracy: 0.2500 - val_loss: 2.6353 - val_accuracy: 0.2000 - lr: 5.0000e-04
Epoch 6/30
2/2 [==============================] - 2s 998ms/step - loss: 2.6236 - accuracy: 0.2667 - val_loss: 2.5601 - val_accuracy: 0.6000 - lr: 5.0000e-04
Epoch 7/30
2/2 [==============================] - 2s 1s/step - loss: 2.5917 - accuracy: 0.2167 - val_loss: 2.4966 - val_accuracy: 0.2000 - lr: 5.0000e-04
Epoch 8/30
2/2 [==============================] - 2s 934ms/step - loss: 2.5221 - accuracy: 0.2833 - val_loss: 2.4534 - val_accuracy: 0.4000 - lr: 5.0000e-04
Epoch 9/30
2/2 [==============================] - 2s 921ms/step - loss: 2.4751 - accuracy: 0.2833 - val_loss: 2.3745 - val_accuracy: 0.4000 - lr: 5.0000e-04
Epoch 10/30
2/2 [==============================] - 2s 1s/step - loss: 2.4468 - accuracy: 0.2500 - val_loss: 2.3501 - val_accuracy: 0.4000 - lr: 5.0000e-04
Epoch 11/30
2/2 [==============================] - 2s 874ms/step - loss: 2.3585 - accuracy: 0.3333 - val_loss: 2.3511 - val_accuracy: 0.4000 - lr: 5.0000e-04
1/1 [==============================] - 0s 126ms/step - loss: 2.4966 - accuracy: 0.0000e+00
Found 60 images belonging to 6 classes.
Found 5 images belonging to 6 classes.
Found 7 images belonging to 6 classes.
Epoch 1/10
2/2 [==============================] - 2s 683ms/step - loss: 2.9787 - accuracy: 0.1333 - val_loss: 2.8406 - val_accuracy: 0.2000 - lr: 5.0000e-04
Epoch 2/10
2/2 [==============================] - 1s 625ms/step - loss: 2.8293 - accuracy: 0.1833 - val_loss: 2.7143 - val_accuracy: 0.4000 - lr: 5.0000e-04
Epoch 3/10
2/2 [==============================] - 1s 731ms/step - loss: 2.7854 - accuracy: 0.1667 - val_loss: 2.6363 - val_accuracy: 0.4000 - lr: 5.0000e-04
Epoch 4/10
2/2 [==============================] - 1s 695ms/step - loss: 2.6860 - accuracy: 0.1667 - val_loss: 2.5889 - val_accuracy: 0.2000 - lr: 5.0000e-04
Epoch 5/10
2/2 [==============================] - 1s 613ms/step - loss: 2.6266 - accuracy: 0.2167 - val_loss: 2.5442 - val_accuracy: 0.2000 - lr: 5.0000e-04
Epoch 6/10
2/2 [==============================] - 1s 583ms/step - loss: 2.5630 - accuracy: 0.2167 - val_loss: 2.5017 - val_accuracy: 0.4000 - lr: 5.0000e-04
Epoch 7/10
2/2 [==============================] - 1s 614ms/step - loss: 2.5047 - accuracy: 0.2333 - val_loss: 2.4614 - val_accuracy: 0.4000 - lr: 5.0000e-04
Epoch 8/10
2/2 [==============================] - 1s 701ms/step - loss: 2.4699 - accuracy: 0.2500 - val_loss: 2.4259 - val_accuracy: 0.2000 - lr: 5.0000e-04
Epoch 9/10
2/2 [==============================] - 1s 636ms/step - loss: 2.4369 - accuracy: 0.2333 - val_loss: 2.3711 - val_accuracy: 0.4000 - lr: 5.0000e-04
Epoch 10/10
2/2 [==============================] - 1s 647ms/step - loss: 2.4079 - accuracy: 0.2500 - val_loss: 2.3307 - val_accuracy: 0.2000 - lr: 5.0000e-04
1/1 [==============================] - 0s 101ms/step - loss: 2.4638 - accuracy: 0.1429
Found 60 images belonging to 6 classes.
Found 5 images belonging to 6 classes.
Found 7 images belonging to 6 classes.
Epoch 1/30
2/2 [==============================] - 2s 622ms/step - loss: 3.0025 - accuracy: 0.2000 - val_loss: 2.8054 - val_accuracy: 0.2000 - lr: 5.0000e-04
Epoch 2/30
2/2 [==============================] - 1s 584ms/step - loss: 2.9144 - accuracy: 0.2000 - val_loss: 2.6817 - val_accuracy: 0.2000 - lr: 5.0000e-04
Epoch 3/30
2/2 [==============================] - 1s 503ms/step - loss: 2.8276 - accuracy: 0.1500 - val_loss: 2.6770 - val_accuracy: 0.2000 - lr: 5.0000e-04
Epoch 4/30
2/2 [==============================] - 1s 597ms/step - loss: 2.6864 - accuracy: 0.2167 - val_loss: 2.6531 - val_accuracy: 0.2000 - lr: 5.0000e-04
Epoch 5/30
2/2 [==============================] - 1s 592ms/step - loss: 2.6571 - accuracy: 0.1833 - val_loss: 2.6334 - val_accuracy: 0.2000 - lr: 5.0000e-04
Epoch 6/30
2/2 [==============================] - 1s 608ms/step - loss: 2.6006 - accuracy: 0.3167 - val_loss: 2.5977 - val_accuracy: 0.2000 - lr: 5.0000e-04
Epoch 7/30
2/2 [==============================] - 1s 500ms/step - loss: 2.5966 - accuracy: 0.1500 - val_loss: 2.5698 - val_accuracy: 0.2000 - lr: 5.0000e-04
Epoch 8/30
2/2 [==============================] - 1s 575ms/step - loss: 2.5434 - accuracy: 0.2167 - val_loss: 2.5444 - val_accuracy: 0.2000 - lr: 5.0000e-04
Epoch 9/30
2/2 [==============================] - 1s 497ms/step - loss: 2.4896 - accuracy: 0.2667 - val_loss: 2.5191 - val_accuracy: 0.2000 - lr: 5.0000e-04
Epoch 10/30
2/2 [==============================] - 1s 573ms/step - loss: 2.4759 - accuracy: 0.3167 - val_loss: 2.4875 - val_accuracy: 0.2000 - lr: 5.0000e-04
Epoch 11/30
2/2 [==============================] - 1s 529ms/step - loss: 2.4375 - accuracy: 0.2500 - val_loss: 2.4667 - val_accuracy: 0.2000 - lr: 5.0000e-04
Epoch 12/30
2/2 [==============================] - 1s 569ms/step - loss: 2.3894 - accuracy: 0.2333 - val_loss: 2.4604 - val_accuracy: 0.2000 - lr: 5.0000e-04
Epoch 13/30
2/2 [==============================] - 1s 568ms/step - loss: 2.3865 - accuracy: 0.2167 - val_loss: 2.4319 - val_accuracy: 0.2000 - lr: 5.0000e-04
Epoch 14/30
2/2 [==============================] - 1s 505ms/step - loss: 2.3564 - accuracy: 0.3333 - val_loss: 2.3829 - val_accuracy: 0.2000 - lr: 5.0000e-04
Epoch 15/30
2/2 [==============================] - 1s 494ms/step - loss: 2.3251 - accuracy: 0.2500 - val_loss: 2.3248 - val_accuracy: 0.2000 - lr: 5.0000e-04
Epoch 16/30
2/2 [==============================] - 1s 515ms/step - loss: 2.2747 - accuracy: 0.3500 - val_loss: 2.2634 - val_accuracy: 0.2000 - lr: 5.0000e-04
Epoch 17/30
2/2 [==============================] - 1s 585ms/step - loss: 2.1630 - accuracy: 0.3500 - val_loss: 2.1803 - val_accuracy: 0.2000 - lr: 5.0000e-04
Epoch 18/30
2/2 [==============================] - 1s 575ms/step - loss: 2.2172 - accuracy: 0.3500 - val_loss: 2.1644 - val_accuracy: 0.2000 - lr: 5.0000e-04
Epoch 19/30
2/2 [==============================] - 1s 487ms/step - loss: 2.3260 - accuracy: 0.2500 - val_loss: 2.3069 - val_accuracy: 0.4000 - lr: 5.0000e-04
1/1 [==============================] - 0s 129ms/step - loss: 2.4756 - accuracy: 0.0000e+00
Found 60 images belonging to 6 classes.
Found 5 images belonging to 6 classes.
Found 7 images belonging to 6 classes.
Epoch 1/10
2/2 [==============================] - 2s 650ms/step - loss: 3.0076 - accuracy: 0.1833 - val_loss: 2.7927 - val_accuracy: 0.4000 - lr: 5.0000e-04
Epoch 2/10
2/2 [==============================] - 1s 588ms/step - loss: 2.9067 - accuracy: 0.1333 - val_loss: 2.8254 - val_accuracy: 0.2000 - lr: 5.0000e-04
1/1 [==============================] - 0s 101ms/step - loss: 2.5940 - accuracy: 0.5714
Found 60 images belonging to 6 classes.
Found 5 images belonging to 6 classes.
Found 7 images belonging to 6 classes.
Epoch 1/30
2/2 [==============================] - 2s 691ms/step - loss: 2.9531 - accuracy: 0.1833 - val_loss: 2.7736 - val_accuracy: 0.2000 - lr: 5.0000e-04
Epoch 2/30
2/2 [==============================] - 1s 524ms/step - loss: 2.8438 - accuracy: 0.3500 - val_loss: 2.8096 - val_accuracy: 0.2000 - lr: 5.0000e-04
1/1 [==============================] - 0s 98ms/step - loss: 2.8807 - accuracy: 0.0000e+00
Found 60 images belonging to 6 classes.
Found 5 images belonging to 6 classes.
Found 7 images belonging to 6 classes.
Epoch 1/10
2/2 [==============================] - 2s 694ms/step - loss: 2.9476 - accuracy: 0.1333 - val_loss: 2.8756 - val_accuracy: 0.0000e+00 - lr: 5.0000e-04
Epoch 2/10
2/2 [==============================] - 1s 561ms/step - loss: 2.8602 - accuracy: 0.2167 - val_loss: 2.7870 - val_accuracy: 0.2000 - lr: 5.0000e-04
Epoch 3/10
2/2 [==============================] - 1s 470ms/step - loss: 2.7738 - accuracy: 0.1333 - val_loss: 2.6606 - val_accuracy: 0.2000 - lr: 5.0000e-04
Epoch 4/10
2/2 [==============================] - 1s 572ms/step - loss: 2.6876 - accuracy: 0.1667 - val_loss: 2.6059 - val_accuracy: 0.2000 - lr: 5.0000e-04
Epoch 5/10
2/2 [==============================] - 1s 497ms/step - loss: 2.6369 - accuracy: 0.2167 - val_loss: 2.5768 - val_accuracy: 0.2000 - lr: 5.0000e-04
Epoch 6/10
2/2 [==============================] - 1s 575ms/step - loss: 2.5786 - accuracy: 0.2167 - val_loss: 2.5401 - val_accuracy: 0.2000 - lr: 5.0000e-04
Epoch 7/10
2/2 [==============================] - 1s 589ms/step - loss: 2.5564 - accuracy: 0.2500 - val_loss: 2.5044 - val_accuracy: 0.2000 - lr: 5.0000e-04
Epoch 8/10
2/2 [==============================] - 1s 581ms/step - loss: 2.5284 - accuracy: 0.2667 - val_loss: 2.4672 - val_accuracy: 0.2000 - lr: 5.0000e-04
Epoch 9/10
2/2 [==============================] - 1s 552ms/step - loss: 2.5092 - accuracy: 0.1500 - val_loss: 2.4301 - val_accuracy: 0.2000 - lr: 5.0000e-04
Epoch 10/10
2/2 [==============================] - 1s 572ms/step - loss: 2.4172 - accuracy: 0.3000 - val_loss: 2.3935 - val_accuracy: 0.2000 - lr: 5.0000e-04
1/1 [==============================] - 0s 121ms/step - loss: 2.4380 - accuracy: 0.2857
Found 60 images belonging to 6 classes.
Found 5 images belonging to 6 classes.
Found 7 images belonging to 6 classes.
Epoch 1/30
2/2 [==============================] - 2s 723ms/step - loss: 2.9397 - accuracy: 0.1833 - val_loss: 2.6838 - val_accuracy: 0.2000 - lr: 5.0000e-04
Epoch 2/30
2/2 [==============================] - 1s 498ms/step - loss: 2.8598 - accuracy: 0.2333 - val_loss: 2.5550 - val_accuracy: 0.2000 - lr: 5.0000e-04
Epoch 3/30
2/2 [==============================] - 1s 542ms/step - loss: 2.8252 - accuracy: 0.1833 - val_loss: 2.5369 - val_accuracy: 0.6000 - lr: 5.0000e-04
Epoch 4/30
2/2 [==============================] - 1s 489ms/step - loss: 2.6918 - accuracy: 0.2333 - val_loss: 2.5417 - val_accuracy: 0.6000 - lr: 5.0000e-04
1/1 [==============================] - 0s 92ms/step - loss: 2.7161 - accuracy: 0.2857
Found 60 images belonging to 6 classes.
Found 5 images belonging to 6 classes.
Found 7 images belonging to 6 classes.
Epoch 1/10
2/2 [==============================] - 2s 654ms/step - loss: 2.9603 - accuracy: 0.1167 - val_loss: 2.8153 - val_accuracy: 0.0000e+00 - lr: 5.0000e-04
Epoch 2/10
2/2 [==============================] - 1s 496ms/step - loss: 2.8546 - accuracy: 0.1833 - val_loss: 2.8542 - val_accuracy: 0.2000 - lr: 5.0000e-04
1/1 [==============================] - 0s 90ms/step - loss: 2.8785 - accuracy: 0.1429
Found 60 images belonging to 6 classes.
Found 5 images belonging to 6 classes.
Found 7 images belonging to 6 classes.
Epoch 1/30
2/2 [==============================] - 2s 729ms/step - loss: 2.9023 - accuracy: 0.1833 - val_loss: 2.8650 - val_accuracy: 0.2000 - lr: 5.0000e-04
Epoch 2/30
2/2 [==============================] - 1s 572ms/step - loss: 2.7966 - accuracy: 0.3000 - val_loss: 2.6729 - val_accuracy: 0.6000 - lr: 5.0000e-04
Epoch 3/30
2/2 [==============================] - 1s 530ms/step - loss: 2.9362 - accuracy: 0.1833 - val_loss: 2.7767 - val_accuracy: 0.4000 - lr: 5.0000e-04
1/1 [==============================] - 0s 91ms/step - loss: 2.8395 - accuracy: 0.2857
Found 60 images belonging to 6 classes.
Found 5 images belonging to 6 classes.
Found 7 images belonging to 6 classes.
Epoch 1/10
2/2 [==============================] - 2s 992ms/step - loss: 3.0773 - accuracy: 0.1833 - val_loss: 2.9780 - val_accuracy: 0.2000 - lr: 5.0000e-04
Epoch 2/10
2/2 [==============================] - 2s 805ms/step - loss: 2.9611 - accuracy: 0.1333 - val_loss: 2.9007 - val_accuracy: 0.2000 - lr: 5.0000e-04
Epoch 3/10
2/2 [==============================] - 2s 852ms/step - loss: 2.8555 - accuracy: 0.1833 - val_loss: 2.8170 - val_accuracy: 0.2000 - lr: 5.0000e-04
Epoch 4/10
2/2 [==============================] - 2s 830ms/step - loss: 2.7739 - accuracy: 0.1500 - val_loss: 2.7188 - val_accuracy: 0.0000e+00 - lr: 5.0000e-04
Epoch 5/10
2/2 [==============================] - 2s 824ms/step - loss: 2.6965 - accuracy: 0.3000 - val_loss: 2.6523 - val_accuracy: 0.2000 - lr: 5.0000e-04
Epoch 6/10
2/2 [==============================] - 2s 727ms/step - loss: 2.6363 - accuracy: 0.3000 - val_loss: 2.6033 - val_accuracy: 0.2000 - lr: 5.0000e-04
Epoch 7/10
2/2 [==============================] - 2s 847ms/step - loss: 2.6086 - accuracy: 0.1333 - val_loss: 2.5455 - val_accuracy: 0.2000 - lr: 5.0000e-04
Epoch 8/10
2/2 [==============================] - 2s 746ms/step - loss: 2.5697 - accuracy: 0.2500 - val_loss: 2.5051 - val_accuracy: 0.2000 - lr: 5.0000e-04
Epoch 9/10
2/2 [==============================] - 2s 713ms/step - loss: 2.4978 - accuracy: 0.2500 - val_loss: 2.4582 - val_accuracy: 0.4000 - lr: 5.0000e-04
Epoch 10/10
2/2 [==============================] - 2s 957ms/step - loss: 2.4658 - accuracy: 0.2833 - val_loss: 2.4084 - val_accuracy: 0.4000 - lr: 5.0000e-04
1/1 [==============================] - 0s 140ms/step - loss: 2.4359 - accuracy: 0.1429
Found 60 images belonging to 6 classes.
Found 5 images belonging to 6 classes.
Found 7 images belonging to 6 classes.
Epoch 1/30
2/2 [==============================] - 3s 1s/step - loss: 3.1278 - accuracy: 0.1333 - val_loss: 2.8331 - val_accuracy: 0.2000 - lr: 5.0000e-04
Epoch 2/30
2/2 [==============================] - 2s 978ms/step - loss: 3.0058 - accuracy: 0.1167 - val_loss: 2.8486 - val_accuracy: 0.2000 - lr: 5.0000e-04
1/1 [==============================] - 0s 140ms/step - loss: 2.8606 - accuracy: 0.0000e+00
Found 60 images belonging to 6 classes.
Found 5 images belonging to 6 classes.
Found 7 images belonging to 6 classes.
Epoch 1/10
2/2 [==============================] - 3s 1s/step - loss: 3.0632 - accuracy: 0.1167 - val_loss: 2.8783 - val_accuracy: 0.2000 - lr: 5.0000e-04
Epoch 2/10
2/2 [==============================] - 2s 1s/step - loss: 2.9450 - accuracy: 0.2000 - val_loss: 2.7598 - val_accuracy: 0.2000 - lr: 5.0000e-04
Epoch 3/10
2/2 [==============================] - 2s 1s/step - loss: 2.8649 - accuracy: 0.2667 - val_loss: 2.7480 - val_accuracy: 0.2000 - lr: 5.0000e-04
Epoch 4/10
2/2 [==============================] - 2s 1s/step - loss: 2.7496 - accuracy: 0.2167 - val_loss: 2.6944 - val_accuracy: 0.2000 - lr: 5.0000e-04
Epoch 5/10
2/2 [==============================] - 2s 1s/step - loss: 2.6946 - accuracy: 0.1833 - val_loss: 2.6435 - val_accuracy: 0.2000 - lr: 5.0000e-04
Epoch 6/10
2/2 [==============================] - 3s 1s/step - loss: 2.6543 - accuracy: 0.2333 - val_loss: 2.6051 - val_accuracy: 0.2000 - lr: 5.0000e-04
Epoch 7/10
2/2 [==============================] - 3s 1s/step - loss: 2.6137 - accuracy: 0.1500 - val_loss: 2.5682 - val_accuracy: 0.2000 - lr: 5.0000e-04
Epoch 8/10
2/2 [==============================] - 3s 1s/step - loss: 2.5598 - accuracy: 0.1667 - val_loss: 2.5362 - val_accuracy: 0.2000 - lr: 5.0000e-04
Epoch 9/10
2/2 [==============================] - 3s 1s/step - loss: 2.5160 - accuracy: 0.2667 - val_loss: 2.4986 - val_accuracy: 0.2000 - lr: 5.0000e-04
Epoch 10/10
2/2 [==============================] - 3s 1s/step - loss: 2.4842 - accuracy: 0.2167 - val_loss: 2.4545 - val_accuracy: 0.0000e+00 - lr: 5.0000e-04
1/1 [==============================] - 0s 180ms/step - loss: 2.4452 - accuracy: 0.2857
Found 60 images belonging to 6 classes.
Found 5 images belonging to 6 classes.
Found 7 images belonging to 6 classes.
Epoch 1/30
2/2 [==============================] - 4s 2s/step - loss: 3.1935 - accuracy: 0.1167 - val_loss: 3.0252 - val_accuracy: 0.2000 - lr: 5.0000e-04
Epoch 2/30
2/2 [==============================] - 3s 2s/step - loss: 3.0226 - accuracy: 0.1667 - val_loss: 2.8957 - val_accuracy: 0.2000 - lr: 5.0000e-04
Epoch 3/30
2/2 [==============================] - 3s 1s/step - loss: 2.8417 - accuracy: 0.1667 - val_loss: 2.8237 - val_accuracy: 0.0000e+00 - lr: 5.0000e-04
Epoch 4/30
2/2 [==============================] - 3s 1s/step - loss: 2.8019 - accuracy: 0.2167 - val_loss: 2.7548 - val_accuracy: 0.0000e+00 - lr: 5.0000e-04
Epoch 5/30
2/2 [==============================] - 3s 1s/step - loss: 2.7384 - accuracy: 0.2500 - val_loss: 2.6952 - val_accuracy: 0.0000e+00 - lr: 5.0000e-04
Epoch 6/30
2/2 [==============================] - 3s 1s/step - loss: 2.6899 - accuracy: 0.2000 - val_loss: 2.6447 - val_accuracy: 0.2000 - lr: 5.0000e-04
Epoch 7/30
2/2 [==============================] - 3s 2s/step - loss: 2.6514 - accuracy: 0.1500 - val_loss: 2.6104 - val_accuracy: 0.4000 - lr: 5.0000e-04
Epoch 8/30
2/2 [==============================] - 3s 2s/step - loss: 2.6170 - accuracy: 0.2000 - val_loss: 2.5732 - val_accuracy: 0.2000 - lr: 5.0000e-04
Epoch 9/30
2/2 [==============================] - 3s 1s/step - loss: 2.5642 - accuracy: 0.2667 - val_loss: 2.5306 - val_accuracy: 0.4000 - lr: 5.0000e-04
Epoch 10/30
2/2 [==============================] - 3s 1s/step - loss: 2.5786 - accuracy: 0.1667 - val_loss: 2.4921 - val_accuracy: 0.4000 - lr: 5.0000e-04
Epoch 11/30
2/2 [==============================] - 3s 1s/step - loss: 2.4940 - accuracy: 0.2833 - val_loss: 2.4491 - val_accuracy: 0.4000 - lr: 5.0000e-04
Epoch 12/30
2/2 [==============================] - 3s 1s/step - loss: 2.4547 - accuracy: 0.3000 - val_loss: 2.3791 - val_accuracy: 0.4000 - lr: 5.0000e-04
Epoch 13/30
2/2 [==============================] - 3s 2s/step - loss: 2.4241 - accuracy: 0.2000 - val_loss: 2.3065 - val_accuracy: 0.2000 - lr: 5.0000e-04
Epoch 14/30
2/2 [==============================] - 3s 1s/step - loss: 2.4808 - accuracy: 0.2833 - val_loss: 2.2775 - val_accuracy: 0.2000 - lr: 5.0000e-04
Epoch 15/30
2/2 [==============================] - 3s 1s/step - loss: 2.3152 - accuracy: 0.3667 - val_loss: 2.2655 - val_accuracy: 0.4000 - lr: 5.0000e-04
Epoch 16/30
2/2 [==============================] - 3s 1s/step - loss: 2.3257 - accuracy: 0.2833 - val_loss: 2.2532 - val_accuracy: 0.4000 - lr: 5.0000e-04
Epoch 17/30
2/2 [==============================] - 3s 1s/step - loss: 2.3743 - accuracy: 0.2333 - val_loss: 2.2498 - val_accuracy: 0.2000 - lr: 5.0000e-04
Epoch 18/30
2/2 [==============================] - 3s 1s/step - loss: 2.2385 - accuracy: 0.3333 - val_loss: 2.2069 - val_accuracy: 0.4000 - lr: 5.0000e-04
Epoch 19/30
2/2 [==============================] - 3s 1s/step - loss: 2.2330 - accuracy: 0.3000 - val_loss: 2.1814 - val_accuracy: 0.4000 - lr: 5.0000e-04
Epoch 20/30
2/2 [==============================] - 3s 1s/step - loss: 2.2070 - accuracy: 0.3833 - val_loss: 2.1314 - val_accuracy: 0.4000 - lr: 5.0000e-04
Epoch 21/30
2/2 [==============================] - 2s 1s/step - loss: 2.3500 - accuracy: 0.2000 - val_loss: 2.2144 - val_accuracy: 0.4000 - lr: 5.0000e-04
1/1 [==============================] - 0s 148ms/step - loss: 2.3498 - accuracy: 0.2857
Found 60 images belonging to 6 classes.
Found 5 images belonging to 6 classes.
Found 7 images belonging to 6 classes.
Epoch 1/10
2/2 [==============================] - 3s 1s/step - loss: 3.0507 - accuracy: 0.2000 - val_loss: 3.3810 - val_accuracy: 0.0000e+00 - lr: 5.0000e-04
Epoch 2/10
2/2 [==============================] - 2s 1s/step - loss: 3.0152 - accuracy: 0.1500 - val_loss: 2.9080 - val_accuracy: 0.0000e+00 - lr: 5.0000e-04
Epoch 3/10
2/2 [==============================] - 2s 1s/step - loss: 2.8611 - accuracy: 0.1333 - val_loss: 2.7945 - val_accuracy: 0.2000 - lr: 5.0000e-04
Epoch 4/10
2/2 [==============================] - 2s 1000ms/step - loss: 2.7782 - accuracy: 0.2000 - val_loss: 2.7315 - val_accuracy: 0.2000 - lr: 5.0000e-04
Epoch 5/10
2/2 [==============================] - 2s 967ms/step - loss: 2.7350 - accuracy: 0.1500 - val_loss: 2.6816 - val_accuracy: 0.2000 - lr: 5.0000e-04
Epoch 6/10
2/2 [==============================] - 2s 1s/step - loss: 2.6619 - accuracy: 0.1667 - val_loss: 2.6302 - val_accuracy: 0.2000 - lr: 5.0000e-04
Epoch 7/10
2/2 [==============================] - 2s 902ms/step - loss: 2.6074 - accuracy: 0.1500 - val_loss: 2.5833 - val_accuracy: 0.2000 - lr: 5.0000e-04
Epoch 8/10
2/2 [==============================] - 2s 1s/step - loss: 2.5784 - accuracy: 0.2000 - val_loss: 2.5472 - val_accuracy: 0.2000 - lr: 5.0000e-04
Epoch 9/10
2/2 [==============================] - 2s 918ms/step - loss: 2.5406 - accuracy: 0.2333 - val_loss: 2.5260 - val_accuracy: 0.2000 - lr: 5.0000e-04
Epoch 10/10
2/2 [==============================] - 2s 836ms/step - loss: 2.5078 - accuracy: 0.1667 - val_loss: 2.4877 - val_accuracy: 0.2000 - lr: 5.0000e-04
1/1 [==============================] - 0s 118ms/step - loss: 2.4544 - accuracy: 0.1429
Found 60 images belonging to 6 classes.
Found 5 images belonging to 6 classes.
Found 7 images belonging to 6 classes.
Epoch 1/30
2/2 [==============================] - 2s 1s/step - loss: 3.1115 - accuracy: 0.1333 - val_loss: 2.8558 - val_accuracy: 0.2000 - lr: 5.0000e-04
Epoch 2/30
2/2 [==============================] - 2s 1s/step - loss: 2.9808 - accuracy: 0.1667 - val_loss: 2.9067 - val_accuracy: 0.0000e+00 - lr: 5.0000e-04
1/1 [==============================] - 0s 114ms/step - loss: 2.8308 - accuracy: 0.2857
Found 60 images belonging to 6 classes.
Found 5 images belonging to 6 classes.
Found 7 images belonging to 6 classes.
Epoch 1/10
2/2 [==============================] - 3s 1s/step - loss: 3.1840 - accuracy: 0.1000 - val_loss: 3.0892 - val_accuracy: 0.0000e+00 - lr: 5.0000e-04
Epoch 2/10
2/2 [==============================] - 2s 1s/step - loss: 2.9997 - accuracy: 0.1667 - val_loss: 2.9634 - val_accuracy: 0.0000e+00 - lr: 5.0000e-04
Epoch 3/10
2/2 [==============================] - 2s 1s/step - loss: 2.8555 - accuracy: 0.1333 - val_loss: 2.8190 - val_accuracy: 0.0000e+00 - lr: 5.0000e-04
Epoch 4/10
2/2 [==============================] - 2s 1s/step - loss: 2.7760 - accuracy: 0.2000 - val_loss: 2.7497 - val_accuracy: 0.2000 - lr: 5.0000e-04
Epoch 5/10
2/2 [==============================] - 2s 1s/step - loss: 2.7237 - accuracy: 0.1667 - val_loss: 2.6988 - val_accuracy: 0.4000 - lr: 5.0000e-04
Epoch 6/10
2/2 [==============================] - 2s 1s/step - loss: 2.6860 - accuracy: 0.1500 - val_loss: 2.6393 - val_accuracy: 0.4000 - lr: 5.0000e-04
Epoch 7/10
2/2 [==============================] - 2s 1s/step - loss: 2.6539 - accuracy: 0.2167 - val_loss: 2.5703 - val_accuracy: 0.6000 - lr: 5.0000e-04
Epoch 8/10
2/2 [==============================] - 2s 1s/step - loss: 2.5814 - accuracy: 0.2333 - val_loss: 2.5547 - val_accuracy: 0.4000 - lr: 5.0000e-04
Epoch 9/10
2/2 [==============================] - 2s 1s/step - loss: 2.5716 - accuracy: 0.2500 - val_loss: 2.5290 - val_accuracy: 0.4000 - lr: 5.0000e-04
Epoch 10/10
2/2 [==============================] - 2s 1s/step - loss: 2.5493 - accuracy: 0.2167 - val_loss: 2.5156 - val_accuracy: 0.2000 - lr: 5.0000e-04
1/1 [==============================] - 0s 166ms/step - loss: 2.5369 - accuracy: 0.1429
Found 60 images belonging to 6 classes.
Found 5 images belonging to 6 classes.
Found 7 images belonging to 6 classes.
Epoch 1/30
2/2 [==============================] - 3s 1s/step - loss: 3.1382 - accuracy: 0.1833 - val_loss: 2.8715 - val_accuracy: 0.0000e+00 - lr: 5.0000e-04
Epoch 2/30
2/2 [==============================] - 2s 947ms/step - loss: 2.9991 - accuracy: 0.1667 - val_loss: 2.8437 - val_accuracy: 0.0000e+00 - lr: 5.0000e-04
Epoch 3/30
2/2 [==============================] - 2s 946ms/step - loss: 2.8504 - accuracy: 0.1833 - val_loss: 2.7876 - val_accuracy: 0.2000 - lr: 5.0000e-04
Epoch 4/30
2/2 [==============================] - 2s 901ms/step - loss: 2.7834 - accuracy: 0.2500 - val_loss: 2.7360 - val_accuracy: 0.0000e+00 - lr: 5.0000e-04
Epoch 5/30
2/2 [==============================] - 2s 910ms/step - loss: 2.7326 - accuracy: 0.2000 - val_loss: 2.6882 - val_accuracy: 0.0000e+00 - lr: 5.0000e-04
Epoch 6/30
2/2 [==============================] - 2s 979ms/step - loss: 2.6792 - accuracy: 0.1667 - val_loss: 2.6547 - val_accuracy: 0.2000 - lr: 5.0000e-04
Epoch 7/30
2/2 [==============================] - 2s 968ms/step - loss: 2.6101 - accuracy: 0.1833 - val_loss: 2.6097 - val_accuracy: 0.2000 - lr: 5.0000e-04
Epoch 8/30
2/2 [==============================] - 2s 972ms/step - loss: 2.5821 - accuracy: 0.2500 - val_loss: 2.5859 - val_accuracy: 0.0000e+00 - lr: 5.0000e-04
Epoch 9/30
2/2 [==============================] - 2s 996ms/step - loss: 2.5324 - accuracy: 0.2333 - val_loss: 2.5671 - val_accuracy: 0.0000e+00 - lr: 5.0000e-04
Epoch 10/30
2/2 [==============================] - 2s 1s/step - loss: 2.5473 - accuracy: 0.2333 - val_loss: 2.5486 - val_accuracy: 0.2000 - lr: 5.0000e-04
Epoch 11/30
2/2 [==============================] - 2s 890ms/step - loss: 2.4314 - accuracy: 0.3000 - val_loss: 2.5187 - val_accuracy: 0.0000e+00 - lr: 5.0000e-04
Epoch 12/30
2/2 [==============================] - 2s 1s/step - loss: 2.4684 - accuracy: 0.2500 - val_loss: 2.4955 - val_accuracy: 0.2000 - lr: 5.0000e-04
Epoch 13/30
2/2 [==============================] - 2s 1s/step - loss: 2.4545 - accuracy: 0.3000 - val_loss: 2.4592 - val_accuracy: 0.2000 - lr: 5.0000e-04
Epoch 14/30
2/2 [==============================] - 2s 1s/step - loss: 2.3793 - accuracy: 0.3333 - val_loss: 2.3894 - val_accuracy: 0.2000 - lr: 5.0000e-04
Epoch 15/30
2/2 [==============================] - 2s 1s/step - loss: 2.3688 - accuracy: 0.3000 - val_loss: 2.3145 - val_accuracy: 0.2000 - lr: 5.0000e-04
Epoch 16/30
2/2 [==============================] - 2s 990ms/step - loss: 2.3847 - accuracy: 0.1833 - val_loss: 2.2461 - val_accuracy: 0.2000 - lr: 5.0000e-04
Epoch 17/30
2/2 [==============================] - 2s 995ms/step - loss: 2.3036 - accuracy: 0.3000 - val_loss: 2.1880 - val_accuracy: 0.4000 - lr: 5.0000e-04
Epoch 18/30
2/2 [==============================] - 2s 1s/step - loss: 2.3574 - accuracy: 0.2833 - val_loss: 2.1437 - val_accuracy: 0.6000 - lr: 5.0000e-04
Epoch 19/30
2/2 [==============================] - 2s 1s/step - loss: 2.2381 - accuracy: 0.2833 - val_loss: 2.1050 - val_accuracy: 0.6000 - lr: 5.0000e-04
Epoch 20/30
2/2 [==============================] - 2s 1s/step - loss: 2.1938 - accuracy: 0.3000 - val_loss: 2.0495 - val_accuracy: 0.6000 - lr: 5.0000e-04
Epoch 21/30
2/2 [==============================] - 2s 1s/step - loss: 2.2326 - accuracy: 0.3000 - val_loss: 1.9767 - val_accuracy: 0.6000 - lr: 5.0000e-04
Epoch 22/30
2/2 [==============================] - 2s 1s/step - loss: 2.1351 - accuracy: 0.3333 - val_loss: 1.8969 - val_accuracy: 0.4000 - lr: 5.0000e-04
Epoch 23/30
2/2 [==============================] - 2s 1s/step - loss: 2.0990 - accuracy: 0.3333 - val_loss: 1.8333 - val_accuracy: 0.4000 - lr: 5.0000e-04
Epoch 24/30
2/2 [==============================] - 2s 1s/step - loss: 2.1779 - accuracy: 0.2667 - val_loss: 1.7657 - val_accuracy: 0.4000 - lr: 5.0000e-04
Epoch 25/30
2/2 [==============================] - 2s 1s/step - loss: 2.0707 - accuracy: 0.2667 - val_loss: 1.7332 - val_accuracy: 0.6000 - lr: 5.0000e-04
Epoch 26/30
2/2 [==============================] - 2s 1s/step - loss: 2.0764 - accuracy: 0.2833 - val_loss: 1.7827 - val_accuracy: 0.6000 - lr: 5.0000e-04
1/1 [==============================] - 0s 143ms/step - loss: 2.1214 - accuracy: 0.2857

Process finished with exit code 0
