C:\Users\tom.zbc\PycharmProjects\fungis_bacterias_project\.venv\Scripts\python.exe C:\Users\tom.zbc\PycharmProjects\fungis_bacterias_project\3_model_training_and_evaluation_FNN_6_52pr.py
Class 'Aero' meets the sample requirement.
Class 'Bacillus' meets the sample requirement.
Class 'Bor' meets the sample requirement.
Class 'E' meets the sample requirement.
Class 'Morganella' meets the sample requirement.
Class 'stapholococcus' meets the sample requirement.
Data check passed for directory: 'C:/Users/tom.zbc/PycharmProjects/fungis_bacterias_project/data/train'
Class 'Aero' meets the sample requirement.
Warning: Class 'Bacillus' has only 0 samples, expected at least 2.
Warning: Class 'Bor' has only 1 samples, expected at least 2.
Warning: Class 'E' has only 0 samples, expected at least 2.
Warning: Class 'Morganella' has only 1 samples, expected at least 2.
Warning: Class 'stapholococcus' has only 1 samples, expected at least 2.
Data check passed for directory: 'C:/Users/tom.zbc/PycharmProjects/fungis_bacterias_project/data/validation'
Class 'Aero' meets the sample requirement.
Warning: Class 'Bacillus' has only 1 samples, expected at least 2.
Warning: Class 'Bor' has only 0 samples, expected at least 2.
Warning: Class 'E' has only 0 samples, expected at least 2.
Warning: Class 'Morganella' has only 1 samples, expected at least 2.
Class 'stapholococcus' meets the sample requirement.
Data check passed for directory: 'C:/Users/tom.zbc/PycharmProjects/fungis_bacterias_project/data/test'
Found 60 images belonging to 6 classes.
Found 5 images belonging to 6 classes.
Found 7 images belonging to 6 classes.
2024-09-30 15:05:22.337656: I tensorflow/core/platform/cpu_feature_guard.cc:182] This TensorFlow binary is optimized to use available CPU instructions in performance-critical operations.
To enable the following instructions: SSE SSE2 SSE3 SSE4.1 SSE4.2 AVX AVX2 AVX_VNNI FMA, in other operations, rebuild TensorFlow with the appropriate compiler flags.
Epoch 1/20
4/4 [==============================] - ETA: 0s - loss: 6.5882 - accuracy: 0.0833C:\Users\tom.zbc\PycharmProjects\fungis_bacterias_project\.venv\lib\site-packages\keras\src\engine\training.py:3000: UserWarning: You are saving your model as an HDF5 file via `model.save()`. This file format is considered legacy. We recommend using instead the native Keras format, e.g. `model.save('my_model.keras')`.
  saving_api.save_model(
4/4 [==============================] - 2s 335ms/step - loss: 6.5882 - accuracy: 0.0833 - val_loss: 2.0384 - val_accuracy: 0.4000 - lr: 1.0000e-04
Epoch 2/20
4/4 [==============================] - 1s 302ms/step - loss: 4.9708 - accuracy: 0.2833 - val_loss: 2.0297 - val_accuracy: 0.4000 - lr: 9.5123e-05
Epoch 3/20
4/4 [==============================] - 1s 259ms/step - loss: 4.4576 - accuracy: 0.2500 - val_loss: 2.0461 - val_accuracy: 0.6000 - lr: 8.6071e-05
Epoch 4/20
4/4 [==============================] - 1s 231ms/step - loss: 3.7633 - accuracy: 0.2667 - val_loss: 2.0483 - val_accuracy: 0.4000 - lr: 7.4082e-05
Epoch 5/20
4/4 [==============================] - 1s 261ms/step - loss: 3.8370 - accuracy: 0.3333 - val_loss: 2.0373 - val_accuracy: 0.8000 - lr: 6.0653e-05
Epoch 6/20
4/4 [==============================] - 1s 240ms/step - loss: 3.0688 - accuracy: 0.4167 - val_loss: 2.0306 - val_accuracy: 0.8000 - lr: 4.7237e-05
Epoch 7/20
4/4 [==============================] - 1s 282ms/step - loss: 3.5555 - accuracy: 0.3667 - val_loss: 2.0207 - val_accuracy: 0.8000 - lr: 3.4994e-05
Epoch 8/20
4/4 [==============================] - 1s 290ms/step - loss: 3.2605 - accuracy: 0.4000 - val_loss: 2.0068 - val_accuracy: 0.8000 - lr: 2.4660e-05
Epoch 9/20
4/4 [==============================] - 1s 308ms/step - loss: 2.8594 - accuracy: 0.2500 - val_loss: 1.9965 - val_accuracy: 0.6000 - lr: 1.6530e-05
Epoch 10/20
4/4 [==============================] - 1s 286ms/step - loss: 3.0830 - accuracy: 0.3500 - val_loss: 1.9891 - val_accuracy: 0.4000 - lr: 1.0540e-05
Epoch 11/20
4/4 [==============================] - 1s 293ms/step - loss: 2.1285 - accuracy: 0.4167 - val_loss: 1.9810 - val_accuracy: 0.4000 - lr: 6.3928e-06
Epoch 12/20
4/4 [==============================] - 1s 284ms/step - loss: 2.7804 - accuracy: 0.4667 - val_loss: 1.9747 - val_accuracy: 0.4000 - lr: 3.6883e-06
Epoch 13/20
4/4 [==============================] - 1s 309ms/step - loss: 2.7811 - accuracy: 0.3667 - val_loss: 1.9709 - val_accuracy: 0.4000 - lr: 2.0242e-06
Epoch 14/20
4/4 [==============================] - 1s 298ms/step - loss: 2.3615 - accuracy: 0.3500 - val_loss: 1.9686 - val_accuracy: 0.4000 - lr: 1.0567e-06
Epoch 15/20
4/4 [==============================] - 1s 296ms/step - loss: 2.9937 - accuracy: 0.2833 - val_loss: 1.9673 - val_accuracy: 0.4000 - lr: 5.2475e-07
Epoch 16/20
4/4 [==============================] - 1s 261ms/step - loss: 3.0937 - accuracy: 0.3833 - val_loss: 1.9677 - val_accuracy: 0.4000 - lr: 2.4788e-07
Epoch 17/20
4/4 [==============================] - 1s 245ms/step - loss: 2.6272 - accuracy: 0.2833 - val_loss: 1.9691 - val_accuracy: 0.4000 - lr: 1.1138e-07
Epoch 18/20
4/4 [==============================] - 1s 252ms/step - loss: 2.3843 - accuracy: 0.5167 - val_loss: 1.9709 - val_accuracy: 0.4000 - lr: 4.7604e-08
Epoch 19/20
4/4 [==============================] - 1s 264ms/step - loss: 3.0131 - accuracy: 0.2667 - val_loss: 1.9730 - val_accuracy: 0.4000 - lr: 1.9355e-08
Epoch 20/20
4/4 [==============================] - 1s 234ms/step - loss: 2.5624 - accuracy: 0.3500 - val_loss: 1.9753 - val_accuracy: 0.4000 - lr: 7.4852e-09
1/1 [==============================] - 0s 91ms/step - loss: 2.2901 - accuracy: 0.1429
Found 60 images belonging to 6 classes.
Found 5 images belonging to 6 classes.
Found 7 images belonging to 6 classes.
Epoch 1/25
4/4 [==============================] - ETA: 0s - loss: 5.3567 - accuracy: 0.2833C:\Users\tom.zbc\PycharmProjects\fungis_bacterias_project\.venv\lib\site-packages\keras\src\engine\training.py:3000: UserWarning: You are saving your model as an HDF5 file via `model.save()`. This file format is considered legacy. We recommend using instead the native Keras format, e.g. `model.save('my_model.keras')`.
  saving_api.save_model(
4/4 [==============================] - 2s 338ms/step - loss: 5.3567 - accuracy: 0.2833 - val_loss: 2.0585 - val_accuracy: 0.2000 - lr: 1.0000e-04
Epoch 2/25
4/4 [==============================] - 1s 309ms/step - loss: 5.5121 - accuracy: 0.2167 - val_loss: 2.0450 - val_accuracy: 0.2000 - lr: 9.5123e-05
Epoch 3/25
4/4 [==============================] - 1s 288ms/step - loss: 6.5904 - accuracy: 0.1833 - val_loss: 2.0129 - val_accuracy: 0.4000 - lr: 8.6071e-05
Epoch 4/25
4/4 [==============================] - 1s 296ms/step - loss: 5.2200 - accuracy: 0.3000 - val_loss: 1.9778 - val_accuracy: 0.4000 - lr: 7.4082e-05
Epoch 5/25
4/4 [==============================] - 1s 285ms/step - loss: 5.0368 - accuracy: 0.2500 - val_loss: 1.9759 - val_accuracy: 0.4000 - lr: 6.0653e-05
Epoch 6/25
4/4 [==============================] - 1s 315ms/step - loss: 4.3621 - accuracy: 0.3000 - val_loss: 1.9655 - val_accuracy: 0.4000 - lr: 4.7237e-05
Epoch 7/25
4/4 [==============================] - 1s 288ms/step - loss: 4.2571 - accuracy: 0.3667 - val_loss: 1.9515 - val_accuracy: 0.6000 - lr: 3.4994e-05
Epoch 8/25
4/4 [==============================] - 1s 311ms/step - loss: 4.3947 - accuracy: 0.2667 - val_loss: 1.9463 - val_accuracy: 0.6000 - lr: 2.4660e-05
Epoch 9/25
4/4 [==============================] - 1s 298ms/step - loss: 4.8725 - accuracy: 0.2667 - val_loss: 1.9430 - val_accuracy: 0.6000 - lr: 1.6530e-05
Epoch 10/25
4/4 [==============================] - 1s 288ms/step - loss: 4.5150 - accuracy: 0.3333 - val_loss: 1.9403 - val_accuracy: 0.6000 - lr: 1.0540e-05
Epoch 11/25
4/4 [==============================] - 1s 299ms/step - loss: 3.4458 - accuracy: 0.3500 - val_loss: 1.9386 - val_accuracy: 0.6000 - lr: 6.3928e-06
Epoch 12/25
4/4 [==============================] - 1s 287ms/step - loss: 4.1713 - accuracy: 0.2833 - val_loss: 1.9358 - val_accuracy: 0.6000 - lr: 3.6883e-06
Epoch 13/25
4/4 [==============================] - 1s 303ms/step - loss: 4.1744 - accuracy: 0.3500 - val_loss: 1.9311 - val_accuracy: 0.6000 - lr: 2.0242e-06
Epoch 14/25
4/4 [==============================] - 1s 300ms/step - loss: 4.0178 - accuracy: 0.4333 - val_loss: 1.9264 - val_accuracy: 0.6000 - lr: 1.0567e-06
Epoch 15/25
4/4 [==============================] - 1s 292ms/step - loss: 3.1141 - accuracy: 0.3500 - val_loss: 1.9206 - val_accuracy: 0.6000 - lr: 5.2475e-07
Epoch 16/25
4/4 [==============================] - 1s 297ms/step - loss: 4.0980 - accuracy: 0.2667 - val_loss: 1.9141 - val_accuracy: 0.6000 - lr: 2.4788e-07
Epoch 17/25
4/4 [==============================] - 1s 291ms/step - loss: 2.8298 - accuracy: 0.4167 - val_loss: 1.9082 - val_accuracy: 0.6000 - lr: 1.1138e-07
Epoch 18/25
4/4 [==============================] - 1s 300ms/step - loss: 3.9943 - accuracy: 0.2833 - val_loss: 1.9036 - val_accuracy: 0.6000 - lr: 4.7604e-08
Epoch 19/25
4/4 [==============================] - 1s 316ms/step - loss: 4.2000 - accuracy: 0.2667 - val_loss: 1.8983 - val_accuracy: 0.6000 - lr: 1.9355e-08
Epoch 20/25
4/4 [==============================] - 1s 324ms/step - loss: 4.3866 - accuracy: 0.2333 - val_loss: 1.8929 - val_accuracy: 0.6000 - lr: 7.4852e-09
Epoch 21/25
4/4 [==============================] - 1s 286ms/step - loss: 3.9176 - accuracy: 0.3500 - val_loss: 1.8868 - val_accuracy: 0.6000 - lr: 2.7536e-09
Epoch 22/25
4/4 [==============================] - 1s 322ms/step - loss: 3.6697 - accuracy: 0.2833 - val_loss: 1.8805 - val_accuracy: 0.6000 - lr: 9.6360e-10
Epoch 23/25
4/4 [==============================] - 1s 320ms/step - loss: 3.9668 - accuracy: 0.2667 - val_loss: 1.8742 - val_accuracy: 0.6000 - lr: 3.2076e-10
Epoch 24/25
4/4 [==============================] - 1s 290ms/step - loss: 3.3255 - accuracy: 0.3667 - val_loss: 1.8679 - val_accuracy: 0.6000 - lr: 1.0156e-10
Epoch 25/25
4/4 [==============================] - 1s 293ms/step - loss: 4.4354 - accuracy: 0.4167 - val_loss: 1.8609 - val_accuracy: 0.6000 - lr: 3.0590e-11
1/1 [==============================] - 0s 93ms/step - loss: 2.2704 - accuracy: 0.4286
Found 60 images belonging to 6 classes.
Found 5 images belonging to 6 classes.
Found 7 images belonging to 6 classes.
Epoch 1/20
4/4 [==============================] - ETA: 0s - loss: 5.7336 - accuracy: 0.1667C:\Users\tom.zbc\PycharmProjects\fungis_bacterias_project\.venv\lib\site-packages\keras\src\engine\training.py:3000: UserWarning: You are saving your model as an HDF5 file via `model.save()`. This file format is considered legacy. We recommend using instead the native Keras format, e.g. `model.save('my_model.keras')`.
  saving_api.save_model(
4/4 [==============================] - 2s 359ms/step - loss: 5.7336 - accuracy: 0.1667 - val_loss: 2.0962 - val_accuracy: 0.0000e+00 - lr: 1.0000e-04
Epoch 2/20
4/4 [==============================] - 1s 282ms/step - loss: 6.7533 - accuracy: 0.1667 - val_loss: 2.0443 - val_accuracy: 0.2000 - lr: 9.5123e-05
Epoch 3/20
4/4 [==============================] - 1s 310ms/step - loss: 4.9156 - accuracy: 0.1833 - val_loss: 2.0196 - val_accuracy: 0.6000 - lr: 8.6071e-05
Epoch 4/20
4/4 [==============================] - 1s 243ms/step - loss: 5.2935 - accuracy: 0.2667 - val_loss: 2.0353 - val_accuracy: 0.4000 - lr: 7.4082e-05
Epoch 5/20
4/4 [==============================] - 1s 266ms/step - loss: 5.3788 - accuracy: 0.2500 - val_loss: 2.0655 - val_accuracy: 0.0000e+00 - lr: 6.0653e-05
Epoch 6/20
4/4 [==============================] - 1s 239ms/step - loss: 4.4875 - accuracy: 0.2667 - val_loss: 2.0675 - val_accuracy: 0.2000 - lr: 4.7237e-05
Epoch 7/20
4/4 [==============================] - 1s 244ms/step - loss: 4.5534 - accuracy: 0.3167 - val_loss: 2.0672 - val_accuracy: 0.2000 - lr: 3.4994e-05
Epoch 8/20
4/4 [==============================] - 1s 247ms/step - loss: 3.1931 - accuracy: 0.3167 - val_loss: 2.0620 - val_accuracy: 0.2000 - lr: 1.2330e-05
Epoch 9/20
4/4 [==============================] - 1s 271ms/step - loss: 3.0483 - accuracy: 0.3000 - val_loss: 2.0609 - val_accuracy: 0.2000 - lr: 8.2649e-06
1/1 [==============================] - 0s 91ms/step - loss: 2.0678 - accuracy: 0.2857
Found 60 images belonging to 6 classes.
Found 5 images belonging to 6 classes.
Found 7 images belonging to 6 classes.
Epoch 1/25
4/4 [==============================] - ETA: 0s - loss: 6.7186 - accuracy: 0.2000C:\Users\tom.zbc\PycharmProjects\fungis_bacterias_project\.venv\lib\site-packages\keras\src\engine\training.py:3000: UserWarning: You are saving your model as an HDF5 file via `model.save()`. This file format is considered legacy. We recommend using instead the native Keras format, e.g. `model.save('my_model.keras')`.
  saving_api.save_model(
4/4 [==============================] - 2s 345ms/step - loss: 6.7186 - accuracy: 0.2000 - val_loss: 2.0264 - val_accuracy: 0.2000 - lr: 1.0000e-04
Epoch 2/25
4/4 [==============================] - 1s 231ms/step - loss: 5.9771 - accuracy: 0.3333 - val_loss: 2.0323 - val_accuracy: 0.6000 - lr: 9.5123e-05
Epoch 3/25
4/4 [==============================] - 1s 253ms/step - loss: 4.8881 - accuracy: 0.3500 - val_loss: 2.0864 - val_accuracy: 0.2000 - lr: 8.6071e-05
Epoch 4/25
4/4 [==============================] - 1s 275ms/step - loss: 5.5913 - accuracy: 0.3167 - val_loss: 2.0754 - val_accuracy: 0.6000 - lr: 7.4082e-05
Epoch 5/25
4/4 [==============================] - 1s 242ms/step - loss: 4.7240 - accuracy: 0.2833 - val_loss: 2.0521 - val_accuracy: 0.6000 - lr: 6.0653e-05
Epoch 6/25
4/4 [==============================] - 1s 260ms/step - loss: 3.6743 - accuracy: 0.3500 - val_loss: 2.0372 - val_accuracy: 0.6000 - lr: 2.3618e-05
Epoch 7/25
4/4 [==============================] - 1s 246ms/step - loss: 4.0813 - accuracy: 0.3000 - val_loss: 2.0319 - val_accuracy: 0.6000 - lr: 1.7497e-05
1/1 [==============================] - 0s 91ms/step - loss: 2.0677 - accuracy: 0.0000e+00
Found 60 images belonging to 6 classes.
Found 5 images belonging to 6 classes.
Found 7 images belonging to 6 classes.
Epoch 1/20
4/4 [==============================] - ETA: 0s - loss: 7.4289 - accuracy: 0.1167C:\Users\tom.zbc\PycharmProjects\fungis_bacterias_project\.venv\lib\site-packages\keras\src\engine\training.py:3000: UserWarning: You are saving your model as an HDF5 file via `model.save()`. This file format is considered legacy. We recommend using instead the native Keras format, e.g. `model.save('my_model.keras')`.
  saving_api.save_model(
4/4 [==============================] - 2s 355ms/step - loss: 7.4289 - accuracy: 0.1167 - val_loss: 2.0123 - val_accuracy: 0.6000 - lr: 1.0000e-04
Epoch 2/20
4/4 [==============================] - 1s 239ms/step - loss: 4.6042 - accuracy: 0.2833 - val_loss: 2.0246 - val_accuracy: 0.4000 - lr: 9.5123e-05
Epoch 3/20
4/4 [==============================] - 1s 260ms/step - loss: 6.7946 - accuracy: 0.0667 - val_loss: 2.0404 - val_accuracy: 0.4000 - lr: 8.6071e-05
Epoch 4/20
4/4 [==============================] - 1s 239ms/step - loss: 4.7853 - accuracy: 0.3333 - val_loss: 2.0641 - val_accuracy: 0.2000 - lr: 7.4082e-05
Epoch 5/20
4/4 [==============================] - 1s 235ms/step - loss: 3.3744 - accuracy: 0.4167 - val_loss: 2.0745 - val_accuracy: 0.6000 - lr: 6.0653e-05
Epoch 6/20
4/4 [==============================] - 1s 248ms/step - loss: 4.1990 - accuracy: 0.2667 - val_loss: 2.0732 - val_accuracy: 0.6000 - lr: 2.3618e-05
Epoch 7/20
4/4 [==============================] - 1s 266ms/step - loss: 3.5177 - accuracy: 0.2000 - val_loss: 2.0730 - val_accuracy: 0.4000 - lr: 1.7497e-05
1/1 [==============================] - 0s 93ms/step - loss: 2.0132 - accuracy: 0.4286
Found 60 images belonging to 6 classes.
Found 5 images belonging to 6 classes.
Found 7 images belonging to 6 classes.
Epoch 1/25
4/4 [==============================] - ETA: 0s - loss: 5.8949 - accuracy: 0.1000C:\Users\tom.zbc\PycharmProjects\fungis_bacterias_project\.venv\lib\site-packages\keras\src\engine\training.py:3000: UserWarning: You are saving your model as an HDF5 file via `model.save()`. This file format is considered legacy. We recommend using instead the native Keras format, e.g. `model.save('my_model.keras')`.
  saving_api.save_model(
4/4 [==============================] - 2s 345ms/step - loss: 5.8949 - accuracy: 0.1000 - val_loss: 2.0949 - val_accuracy: 0.0000e+00 - lr: 1.0000e-04
Epoch 2/25
4/4 [==============================] - 1s 330ms/step - loss: 5.5813 - accuracy: 0.2167 - val_loss: 2.0862 - val_accuracy: 0.0000e+00 - lr: 9.5123e-05
Epoch 3/25
4/4 [==============================] - 1s 296ms/step - loss: 5.6563 - accuracy: 0.2500 - val_loss: 1.9867 - val_accuracy: 0.2000 - lr: 8.6071e-05
Epoch 4/25
4/4 [==============================] - 1s 310ms/step - loss: 5.2035 - accuracy: 0.3333 - val_loss: 1.9382 - val_accuracy: 0.6000 - lr: 7.4082e-05
Epoch 5/25
4/4 [==============================] - 1s 300ms/step - loss: 4.9000 - accuracy: 0.3167 - val_loss: 1.9123 - val_accuracy: 0.6000 - lr: 6.0653e-05
Epoch 6/25
4/4 [==============================] - 1s 291ms/step - loss: 3.1263 - accuracy: 0.3500 - val_loss: 1.9106 - val_accuracy: 0.4000 - lr: 4.7237e-05
Epoch 7/25
4/4 [==============================] - 1s 245ms/step - loss: 4.1431 - accuracy: 0.2500 - val_loss: 1.9267 - val_accuracy: 0.4000 - lr: 3.4994e-05
Epoch 8/25
4/4 [==============================] - 1s 248ms/step - loss: 3.7074 - accuracy: 0.4000 - val_loss: 1.9358 - val_accuracy: 0.2000 - lr: 2.4660e-05
Epoch 9/25
4/4 [==============================] - 1s 242ms/step - loss: 4.4080 - accuracy: 0.3000 - val_loss: 1.9405 - val_accuracy: 0.2000 - lr: 1.6530e-05
Epoch 10/25
4/4 [==============================] - 1s 241ms/step - loss: 2.7978 - accuracy: 0.2667 - val_loss: 1.9363 - val_accuracy: 0.2000 - lr: 1.0540e-05
Epoch 11/25
4/4 [==============================] - 1s 249ms/step - loss: 3.7518 - accuracy: 0.2833 - val_loss: 1.9283 - val_accuracy: 0.2000 - lr: 3.1964e-06
Epoch 12/25
4/4 [==============================] - 1s 279ms/step - loss: 3.3089 - accuracy: 0.2833 - val_loss: 1.9231 - val_accuracy: 0.2000 - lr: 1.8442e-06
1/1 [==============================] - 0s 90ms/step - loss: 1.9019 - accuracy: 0.4286
Found 60 images belonging to 6 classes.
Found 5 images belonging to 6 classes.
Found 7 images belonging to 6 classes.
Epoch 1/20
4/4 [==============================] - ETA: 0s - loss: 5.6271 - accuracy: 0.1000C:\Users\tom.zbc\PycharmProjects\fungis_bacterias_project\.venv\lib\site-packages\keras\src\engine\training.py:3000: UserWarning: You are saving your model as an HDF5 file via `model.save()`. This file format is considered legacy. We recommend using instead the native Keras format, e.g. `model.save('my_model.keras')`.
  saving_api.save_model(
4/4 [==============================] - 2s 341ms/step - loss: 5.6271 - accuracy: 0.1000 - val_loss: 2.0547 - val_accuracy: 0.2000 - lr: 1.0000e-04
Epoch 2/20
4/4 [==============================] - 1s 296ms/step - loss: 4.7899 - accuracy: 0.2167 - val_loss: 2.0198 - val_accuracy: 0.2000 - lr: 9.5123e-05
Epoch 3/20
4/4 [==============================] - 1s 313ms/step - loss: 5.5269 - accuracy: 0.1833 - val_loss: 2.0186 - val_accuracy: 0.4000 - lr: 8.6071e-05
Epoch 4/20
4/4 [==============================] - 1s 252ms/step - loss: 4.5311 - accuracy: 0.3333 - val_loss: 2.0380 - val_accuracy: 0.4000 - lr: 7.4082e-05
Epoch 5/20
4/4 [==============================] - 1s 277ms/step - loss: 4.9043 - accuracy: 0.3000 - val_loss: 2.0466 - val_accuracy: 0.4000 - lr: 6.0653e-05
Epoch 6/20
4/4 [==============================] - 1s 272ms/step - loss: 3.6912 - accuracy: 0.3000 - val_loss: 2.0360 - val_accuracy: 0.4000 - lr: 4.7237e-05
Epoch 7/20
4/4 [==============================] - 1s 275ms/step - loss: 4.0206 - accuracy: 0.3667 - val_loss: 2.0251 - val_accuracy: 0.4000 - lr: 3.4994e-05
Epoch 8/20
4/4 [==============================] - 1s 300ms/step - loss: 3.6248 - accuracy: 0.3667 - val_loss: 2.0162 - val_accuracy: 0.2000 - lr: 2.4660e-05
Epoch 9/20
4/4 [==============================] - 1s 300ms/step - loss: 3.5188 - accuracy: 0.3333 - val_loss: 2.0102 - val_accuracy: 0.2000 - lr: 1.6530e-05
Epoch 10/20
4/4 [==============================] - 1s 293ms/step - loss: 2.8515 - accuracy: 0.3667 - val_loss: 2.0060 - val_accuracy: 0.2000 - lr: 1.0540e-05
Epoch 11/20
4/4 [==============================] - 1s 298ms/step - loss: 2.8351 - accuracy: 0.4000 - val_loss: 2.0011 - val_accuracy: 0.2000 - lr: 6.3928e-06
Epoch 12/20
4/4 [==============================] - 1s 301ms/step - loss: 2.9096 - accuracy: 0.2833 - val_loss: 1.9979 - val_accuracy: 0.2000 - lr: 3.6883e-06
Epoch 13/20
4/4 [==============================] - 1s 339ms/step - loss: 3.1585 - accuracy: 0.4833 - val_loss: 1.9950 - val_accuracy: 0.2000 - lr: 2.0242e-06
Epoch 14/20
4/4 [==============================] - 1s 311ms/step - loss: 3.7004 - accuracy: 0.3333 - val_loss: 1.9927 - val_accuracy: 0.2000 - lr: 1.0567e-06
Epoch 15/20
4/4 [==============================] - 1s 323ms/step - loss: 4.0455 - accuracy: 0.2167 - val_loss: 1.9912 - val_accuracy: 0.2000 - lr: 5.2475e-07
Epoch 16/20
4/4 [==============================] - 1s 258ms/step - loss: 2.8207 - accuracy: 0.4500 - val_loss: 1.9914 - val_accuracy: 0.2000 - lr: 2.4788e-07
Epoch 17/20
4/4 [==============================] - 1s 256ms/step - loss: 3.3144 - accuracy: 0.3333 - val_loss: 1.9936 - val_accuracy: 0.2000 - lr: 1.1138e-07
Epoch 18/20
4/4 [==============================] - 1s 262ms/step - loss: 3.3783 - accuracy: 0.3000 - val_loss: 1.9967 - val_accuracy: 0.2000 - lr: 4.7604e-08
Epoch 19/20
4/4 [==============================] - 1s 266ms/step - loss: 2.7185 - accuracy: 0.3000 - val_loss: 1.9994 - val_accuracy: 0.2000 - lr: 1.9355e-08
Epoch 20/20
4/4 [==============================] - 1s 284ms/step - loss: 3.5136 - accuracy: 0.4167 - val_loss: 2.0030 - val_accuracy: 0.2000 - lr: 7.4852e-09
1/1 [==============================] - 0s 94ms/step - loss: 2.2651 - accuracy: 0.0000e+00
Found 60 images belonging to 6 classes.
Found 5 images belonging to 6 classes.
Found 7 images belonging to 6 classes.
Epoch 1/25
4/4 [==============================] - ETA: 0s - loss: 6.1057 - accuracy: 0.1333C:\Users\tom.zbc\PycharmProjects\fungis_bacterias_project\.venv\lib\site-packages\keras\src\engine\training.py:3000: UserWarning: You are saving your model as an HDF5 file via `model.save()`. This file format is considered legacy. We recommend using instead the native Keras format, e.g. `model.save('my_model.keras')`.
  saving_api.save_model(
4/4 [==============================] - 2s 355ms/step - loss: 6.1057 - accuracy: 0.1333 - val_loss: 1.9630 - val_accuracy: 0.4000 - lr: 1.0000e-04
Epoch 2/25
4/4 [==============================] - 1s 255ms/step - loss: 6.6102 - accuracy: 0.3000 - val_loss: 2.0663 - val_accuracy: 0.0000e+00 - lr: 9.5123e-05
Epoch 3/25
4/4 [==============================] - 1s 253ms/step - loss: 5.9549 - accuracy: 0.3167 - val_loss: 2.0994 - val_accuracy: 0.0000e+00 - lr: 8.6071e-05
Epoch 4/25
4/4 [==============================] - 1s 250ms/step - loss: 6.9833 - accuracy: 0.2667 - val_loss: 2.0995 - val_accuracy: 0.0000e+00 - lr: 7.4082e-05
Epoch 5/25
4/4 [==============================] - 1s 280ms/step - loss: 5.7737 - accuracy: 0.3500 - val_loss: 2.0739 - val_accuracy: 0.2000 - lr: 6.0653e-05
Epoch 6/25
4/4 [==============================] - 1s 253ms/step - loss: 4.3088 - accuracy: 0.4167 - val_loss: 2.0534 - val_accuracy: 0.2000 - lr: 2.3618e-05
Epoch 7/25
4/4 [==============================] - 1s 275ms/step - loss: 4.7597 - accuracy: 0.3333 - val_loss: 2.0494 - val_accuracy: 0.2000 - lr: 1.7497e-05
1/1 [==============================] - 0s 99ms/step - loss: 1.9843 - accuracy: 0.4286
Found 60 images belonging to 6 classes.
Found 5 images belonging to 6 classes.
Found 7 images belonging to 6 classes.
Epoch 1/20
4/4 [==============================] - ETA: 0s - loss: 7.6728 - accuracy: 0.2500C:\Users\tom.zbc\PycharmProjects\fungis_bacterias_project\.venv\lib\site-packages\keras\src\engine\training.py:3000: UserWarning: You are saving your model as an HDF5 file via `model.save()`. This file format is considered legacy. We recommend using instead the native Keras format, e.g. `model.save('my_model.keras')`.
  saving_api.save_model(
4/4 [==============================] - 3s 517ms/step - loss: 7.6728 - accuracy: 0.2500 - val_loss: 2.1044 - val_accuracy: 0.2000 - lr: 1.0000e-04
Epoch 2/20
4/4 [==============================] - 2s 494ms/step - loss: 9.0562 - accuracy: 0.3000 - val_loss: 2.0462 - val_accuracy: 0.2000 - lr: 9.5123e-05
Epoch 3/20
4/4 [==============================] - 2s 449ms/step - loss: 8.5734 - accuracy: 0.2333 - val_loss: 2.0243 - val_accuracy: 0.6000 - lr: 8.6071e-05
Epoch 4/20
4/4 [==============================] - 2s 398ms/step - loss: 8.0014 - accuracy: 0.2000 - val_loss: 2.0263 - val_accuracy: 0.6000 - lr: 7.4082e-05
Epoch 5/20
4/4 [==============================] - 2s 461ms/step - loss: 5.8923 - accuracy: 0.2833 - val_loss: 2.0212 - val_accuracy: 0.6000 - lr: 6.0653e-05
Epoch 6/20
4/4 [==============================] - 2s 381ms/step - loss: 4.2554 - accuracy: 0.3667 - val_loss: 2.0289 - val_accuracy: 0.4000 - lr: 4.7237e-05
Epoch 7/20
4/4 [==============================] - 2s 364ms/step - loss: 4.4891 - accuracy: 0.3167 - val_loss: 2.0346 - val_accuracy: 0.4000 - lr: 3.4994e-05
Epoch 8/20
4/4 [==============================] - 2s 384ms/step - loss: 3.8361 - accuracy: 0.3000 - val_loss: 2.0382 - val_accuracy: 0.4000 - lr: 2.4660e-05
Epoch 9/20
4/4 [==============================] - 2s 365ms/step - loss: 3.2986 - accuracy: 0.3667 - val_loss: 2.0350 - val_accuracy: 0.4000 - lr: 1.6530e-05
Epoch 10/20
4/4 [==============================] - 2s 376ms/step - loss: 4.0623 - accuracy: 0.2667 - val_loss: 2.0375 - val_accuracy: 0.4000 - lr: 5.2700e-06
Epoch 11/20
4/4 [==============================] - 2s 385ms/step - loss: 3.3873 - accuracy: 0.4000 - val_loss: 2.0483 - val_accuracy: 0.4000 - lr: 3.1964e-06
1/1 [==============================] - 0s 119ms/step - loss: 2.1050 - accuracy: 0.2857
Found 60 images belonging to 6 classes.
Found 5 images belonging to 6 classes.
Found 7 images belonging to 6 classes.
Epoch 1/25
4/4 [==============================] - ETA: 0s - loss: 5.9408 - accuracy: 0.2167C:\Users\tom.zbc\PycharmProjects\fungis_bacterias_project\.venv\lib\site-packages\keras\src\engine\training.py:3000: UserWarning: You are saving your model as an HDF5 file via `model.save()`. This file format is considered legacy. We recommend using instead the native Keras format, e.g. `model.save('my_model.keras')`.
  saving_api.save_model(
4/4 [==============================] - 3s 514ms/step - loss: 5.9408 - accuracy: 0.2167 - val_loss: 2.0862 - val_accuracy: 0.0000e+00 - lr: 1.0000e-04
Epoch 2/25
4/4 [==============================] - 2s 402ms/step - loss: 12.1487 - accuracy: 0.3000 - val_loss: 2.1322 - val_accuracy: 0.0000e+00 - lr: 9.5123e-05
Epoch 3/25
4/4 [==============================] - 2s 355ms/step - loss: 9.9749 - accuracy: 0.3167 - val_loss: 2.1811 - val_accuracy: 0.2000 - lr: 8.6071e-05
Epoch 4/25
4/4 [==============================] - 2s 403ms/step - loss: 8.6197 - accuracy: 0.2500 - val_loss: 2.1679 - val_accuracy: 0.2000 - lr: 7.4082e-05
Epoch 5/25
4/4 [==============================] - 2s 366ms/step - loss: 8.3472 - accuracy: 0.2333 - val_loss: 2.1192 - val_accuracy: 0.2000 - lr: 6.0653e-05
Epoch 6/25
4/4 [==============================] - 2s 371ms/step - loss: 5.9370 - accuracy: 0.3333 - val_loss: 2.0911 - val_accuracy: 0.4000 - lr: 2.3618e-05
Epoch 7/25
4/4 [==============================] - 2s 507ms/step - loss: 4.6458 - accuracy: 0.2833 - val_loss: 2.0811 - val_accuracy: 0.6000 - lr: 1.7497e-05
Epoch 8/25
4/4 [==============================] - 2s 457ms/step - loss: 4.4520 - accuracy: 0.3833 - val_loss: 2.0757 - val_accuracy: 0.6000 - lr: 1.2330e-05
Epoch 9/25
4/4 [==============================] - 2s 467ms/step - loss: 3.4469 - accuracy: 0.4833 - val_loss: 2.0708 - val_accuracy: 0.6000 - lr: 8.2649e-06
Epoch 10/25
4/4 [==============================] - 2s 463ms/step - loss: 4.2524 - accuracy: 0.3833 - val_loss: 2.0645 - val_accuracy: 0.6000 - lr: 5.2700e-06
Epoch 11/25
4/4 [==============================] - 2s 463ms/step - loss: 5.2082 - accuracy: 0.2167 - val_loss: 2.0564 - val_accuracy: 0.6000 - lr: 3.1964e-06
Epoch 12/25
4/4 [==============================] - 2s 564ms/step - loss: 3.5216 - accuracy: 0.4333 - val_loss: 2.0471 - val_accuracy: 0.6000 - lr: 1.8442e-06
Epoch 13/25
4/4 [==============================] - 2s 564ms/step - loss: 3.4810 - accuracy: 0.4833 - val_loss: 2.0394 - val_accuracy: 0.6000 - lr: 1.0121e-06
Epoch 14/25
4/4 [==============================] - 2s 589ms/step - loss: 3.5219 - accuracy: 0.3500 - val_loss: 2.0343 - val_accuracy: 0.6000 - lr: 5.2836e-07
Epoch 15/25
4/4 [==============================] - 2s 507ms/step - loss: 3.8763 - accuracy: 0.4667 - val_loss: 2.0291 - val_accuracy: 0.6000 - lr: 2.6238e-07
Epoch 16/25
4/4 [==============================] - 2s 535ms/step - loss: 4.8624 - accuracy: 0.3333 - val_loss: 2.0254 - val_accuracy: 0.4000 - lr: 1.2394e-07
Epoch 17/25
4/4 [==============================] - 2s 494ms/step - loss: 3.1489 - accuracy: 0.3833 - val_loss: 2.0240 - val_accuracy: 0.4000 - lr: 5.5689e-08
Epoch 18/25
4/4 [==============================] - 2s 520ms/step - loss: 4.1032 - accuracy: 0.3333 - val_loss: 2.0236 - val_accuracy: 0.4000 - lr: 2.3802e-08
Epoch 19/25
4/4 [==============================] - 2s 441ms/step - loss: 4.4960 - accuracy: 0.3167 - val_loss: 2.0256 - val_accuracy: 0.4000 - lr: 9.6773e-09
Epoch 20/25
4/4 [==============================] - 2s 427ms/step - loss: 3.2544 - accuracy: 0.3833 - val_loss: 2.0282 - val_accuracy: 0.4000 - lr: 3.7426e-09
Epoch 21/25
4/4 [==============================] - 2s 445ms/step - loss: 3.8066 - accuracy: 0.4667 - val_loss: 2.0321 - val_accuracy: 0.4000 - lr: 1.3768e-09
Epoch 22/25
4/4 [==============================] - 2s 441ms/step - loss: 3.5980 - accuracy: 0.2667 - val_loss: 2.0364 - val_accuracy: 0.4000 - lr: 4.8180e-10
Epoch 23/25
4/4 [==============================] - 2s 452ms/step - loss: 4.9220 - accuracy: 0.3500 - val_loss: 2.0406 - val_accuracy: 0.4000 - lr: 1.6038e-10
Epoch 24/25
4/4 [==============================] - 2s 417ms/step - loss: 4.9539 - accuracy: 0.3000 - val_loss: 2.0456 - val_accuracy: 0.4000 - lr: 5.0782e-11
1/1 [==============================] - 0s 139ms/step - loss: 2.1871 - accuracy: 0.4286
Found 60 images belonging to 6 classes.
Found 5 images belonging to 6 classes.
Found 7 images belonging to 6 classes.
Epoch 1/20
4/4 [==============================] - ETA: 0s - loss: 9.1803 - accuracy: 0.1500C:\Users\tom.zbc\PycharmProjects\fungis_bacterias_project\.venv\lib\site-packages\keras\src\engine\training.py:3000: UserWarning: You are saving your model as an HDF5 file via `model.save()`. This file format is considered legacy. We recommend using instead the native Keras format, e.g. `model.save('my_model.keras')`.
  saving_api.save_model(
4/4 [==============================] - 3s 578ms/step - loss: 9.1803 - accuracy: 0.1500 - val_loss: 2.0674 - val_accuracy: 0.4000 - lr: 1.0000e-04
Epoch 2/20
4/4 [==============================] - 2s 499ms/step - loss: 10.4383 - accuracy: 0.1833 - val_loss: 2.0606 - val_accuracy: 0.4000 - lr: 9.5123e-05
Epoch 3/20
4/4 [==============================] - 2s 412ms/step - loss: 8.8139 - accuracy: 0.2333 - val_loss: 2.0965 - val_accuracy: 0.0000e+00 - lr: 8.6071e-05
Epoch 4/20
4/4 [==============================] - 2s 456ms/step - loss: 8.2357 - accuracy: 0.3000 - val_loss: 2.0883 - val_accuracy: 0.2000 - lr: 7.4082e-05
Epoch 5/20
4/4 [==============================] - 2s 405ms/step - loss: 6.3383 - accuracy: 0.3000 - val_loss: 2.0744 - val_accuracy: 0.2000 - lr: 6.0653e-05
Epoch 6/20
4/4 [==============================] - 2s 392ms/step - loss: 4.9994 - accuracy: 0.2833 - val_loss: 2.0760 - val_accuracy: 0.2000 - lr: 4.7237e-05
Epoch 7/20
4/4 [==============================] - 2s 412ms/step - loss: 4.1113 - accuracy: 0.3500 - val_loss: 2.0906 - val_accuracy: 0.2000 - lr: 1.7497e-05
Epoch 8/20
4/4 [==============================] - 2s 396ms/step - loss: 3.6436 - accuracy: 0.4000 - val_loss: 2.0981 - val_accuracy: 0.2000 - lr: 1.2330e-05
1/1 [==============================] - 0s 124ms/step - loss: 2.0034 - accuracy: 0.4286
Found 60 images belonging to 6 classes.
Found 5 images belonging to 6 classes.
Found 7 images belonging to 6 classes.
Epoch 1/25
4/4 [==============================] - ETA: 0s - loss: 8.1555 - accuracy: 0.1500C:\Users\tom.zbc\PycharmProjects\fungis_bacterias_project\.venv\lib\site-packages\keras\src\engine\training.py:3000: UserWarning: You are saving your model as an HDF5 file via `model.save()`. This file format is considered legacy. We recommend using instead the native Keras format, e.g. `model.save('my_model.keras')`.
  saving_api.save_model(
4/4 [==============================] - 3s 560ms/step - loss: 8.1555 - accuracy: 0.1500 - val_loss: 2.1534 - val_accuracy: 0.2000 - lr: 1.0000e-04
Epoch 2/25
4/4 [==============================] - 2s 508ms/step - loss: 11.6158 - accuracy: 0.2833 - val_loss: 2.0449 - val_accuracy: 0.4000 - lr: 9.5123e-05
Epoch 3/25
4/4 [==============================] - 2s 503ms/step - loss: 8.8867 - accuracy: 0.1500 - val_loss: 2.0437 - val_accuracy: 0.2000 - lr: 8.6071e-05
Epoch 4/25
4/4 [==============================] - 2s 497ms/step - loss: 8.6951 - accuracy: 0.2000 - val_loss: 2.0258 - val_accuracy: 0.2000 - lr: 7.4082e-05
Epoch 5/25
4/4 [==============================] - 2s 399ms/step - loss: 7.0168 - accuracy: 0.3333 - val_loss: 2.0297 - val_accuracy: 0.2000 - lr: 6.0653e-05
Epoch 6/25
4/4 [==============================] - 2s 396ms/step - loss: 5.0564 - accuracy: 0.3833 - val_loss: 2.0470 - val_accuracy: 0.2000 - lr: 4.7237e-05
Epoch 7/25
4/4 [==============================] - 2s 383ms/step - loss: 4.9583 - accuracy: 0.3000 - val_loss: 2.0615 - val_accuracy: 0.2000 - lr: 3.4994e-05
Epoch 8/25
4/4 [==============================] - 2s 399ms/step - loss: 4.5073 - accuracy: 0.3833 - val_loss: 2.0762 - val_accuracy: 0.2000 - lr: 2.4660e-05
Epoch 9/25
4/4 [==============================] - 2s 367ms/step - loss: 4.2841 - accuracy: 0.2500 - val_loss: 2.0862 - val_accuracy: 0.2000 - lr: 8.2649e-06
Epoch 10/25
4/4 [==============================] - 2s 391ms/step - loss: 2.8944 - accuracy: 0.3833 - val_loss: 2.0853 - val_accuracy: 0.2000 - lr: 5.2700e-06
1/1 [==============================] - 0s 115ms/step - loss: 2.0270 - accuracy: 0.1429
Found 60 images belonging to 6 classes.
Found 5 images belonging to 6 classes.
Found 7 images belonging to 6 classes.
Epoch 1/20
4/4 [==============================] - ETA: 0s - loss: 8.8348 - accuracy: 0.1667C:\Users\tom.zbc\PycharmProjects\fungis_bacterias_project\.venv\lib\site-packages\keras\src\engine\training.py:3000: UserWarning: You are saving your model as an HDF5 file via `model.save()`. This file format is considered legacy. We recommend using instead the native Keras format, e.g. `model.save('my_model.keras')`.
  saving_api.save_model(
4/4 [==============================] - 3s 524ms/step - loss: 8.8348 - accuracy: 0.1667 - val_loss: 2.1370 - val_accuracy: 0.2000 - lr: 1.0000e-04
Epoch 2/20
4/4 [==============================] - 2s 492ms/step - loss: 9.8450 - accuracy: 0.1833 - val_loss: 2.0944 - val_accuracy: 0.2000 - lr: 9.5123e-05
Epoch 3/20
4/4 [==============================] - 2s 543ms/step - loss: 6.5720 - accuracy: 0.2167 - val_loss: 2.0789 - val_accuracy: 0.4000 - lr: 8.6071e-05
Epoch 4/20
4/4 [==============================] - 2s 505ms/step - loss: 7.4182 - accuracy: 0.1833 - val_loss: 2.0674 - val_accuracy: 0.4000 - lr: 7.4082e-05
Epoch 5/20
4/4 [==============================] - 2s 481ms/step - loss: 6.1890 - accuracy: 0.2333 - val_loss: 2.0478 - val_accuracy: 0.4000 - lr: 6.0653e-05
Epoch 6/20
4/4 [==============================] - 2s 459ms/step - loss: 4.6635 - accuracy: 0.3333 - val_loss: 2.0428 - val_accuracy: 0.4000 - lr: 4.7237e-05
Epoch 7/20
4/4 [==============================] - 2s 475ms/step - loss: 4.7784 - accuracy: 0.3333 - val_loss: 2.0317 - val_accuracy: 0.4000 - lr: 3.4994e-05
Epoch 8/20
4/4 [==============================] - 2s 465ms/step - loss: 3.9527 - accuracy: 0.4000 - val_loss: 2.0201 - val_accuracy: 0.4000 - lr: 2.4660e-05
Epoch 9/20
4/4 [==============================] - 2s 502ms/step - loss: 4.5406 - accuracy: 0.2500 - val_loss: 2.0112 - val_accuracy: 0.4000 - lr: 1.6530e-05
Epoch 10/20
4/4 [==============================] - 2s 508ms/step - loss: 4.6564 - accuracy: 0.2667 - val_loss: 2.0022 - val_accuracy: 0.4000 - lr: 1.0540e-05
Epoch 11/20
4/4 [==============================] - 2s 521ms/step - loss: 3.6629 - accuracy: 0.3167 - val_loss: 1.9924 - val_accuracy: 0.4000 - lr: 6.3928e-06
Epoch 12/20
4/4 [==============================] - 2s 519ms/step - loss: 3.3357 - accuracy: 0.3333 - val_loss: 1.9838 - val_accuracy: 0.4000 - lr: 3.6883e-06
Epoch 13/20
4/4 [==============================] - 2s 523ms/step - loss: 3.3010 - accuracy: 0.3500 - val_loss: 1.9759 - val_accuracy: 0.4000 - lr: 2.0242e-06
Epoch 14/20
4/4 [==============================] - 2s 514ms/step - loss: 3.6294 - accuracy: 0.3833 - val_loss: 1.9689 - val_accuracy: 0.4000 - lr: 1.0567e-06
Epoch 15/20
4/4 [==============================] - 2s 545ms/step - loss: 3.3343 - accuracy: 0.3000 - val_loss: 1.9635 - val_accuracy: 0.4000 - lr: 5.2475e-07
Epoch 16/20
4/4 [==============================] - 2s 562ms/step - loss: 4.0631 - accuracy: 0.3333 - val_loss: 1.9582 - val_accuracy: 0.4000 - lr: 2.4788e-07
Epoch 17/20
4/4 [==============================] - 2s 561ms/step - loss: 2.9107 - accuracy: 0.4500 - val_loss: 1.9535 - val_accuracy: 0.4000 - lr: 1.1138e-07
Epoch 18/20
4/4 [==============================] - 2s 574ms/step - loss: 3.5808 - accuracy: 0.4000 - val_loss: 1.9522 - val_accuracy: 0.4000 - lr: 4.7604e-08
Epoch 19/20
4/4 [==============================] - 2s 598ms/step - loss: 3.6763 - accuracy: 0.2500 - val_loss: 1.9515 - val_accuracy: 0.4000 - lr: 1.9355e-08
Epoch 20/20
4/4 [==============================] - 2s 403ms/step - loss: 3.7608 - accuracy: 0.2500 - val_loss: 1.9515 - val_accuracy: 0.4000 - lr: 7.4852e-09
1/1 [==============================] - 0s 144ms/step - loss: 2.0417 - accuracy: 0.1429
Found 60 images belonging to 6 classes.
Found 5 images belonging to 6 classes.
Found 7 images belonging to 6 classes.
Epoch 1/25
4/4 [==============================] - ETA: 0s - loss: 7.8016 - accuracy: 0.2500C:\Users\tom.zbc\PycharmProjects\fungis_bacterias_project\.venv\lib\site-packages\keras\src\engine\training.py:3000: UserWarning: You are saving your model as an HDF5 file via `model.save()`. This file format is considered legacy. We recommend using instead the native Keras format, e.g. `model.save('my_model.keras')`.
  saving_api.save_model(
4/4 [==============================] - 3s 609ms/step - loss: 7.8016 - accuracy: 0.2500 - val_loss: 2.1281 - val_accuracy: 0.2000 - lr: 1.0000e-04
Epoch 2/25
4/4 [==============================] - 2s 535ms/step - loss: 8.3536 - accuracy: 0.3167 - val_loss: 2.1199 - val_accuracy: 0.2000 - lr: 9.5123e-05
Epoch 3/25
4/4 [==============================] - 2s 547ms/step - loss: 6.2354 - accuracy: 0.2833 - val_loss: 2.0911 - val_accuracy: 0.0000e+00 - lr: 8.6071e-05
Epoch 4/25
4/4 [==============================] - 2s 427ms/step - loss: 6.4287 - accuracy: 0.3167 - val_loss: 2.1196 - val_accuracy: 0.2000 - lr: 7.4082e-05
Epoch 5/25
4/4 [==============================] - 2s 457ms/step - loss: 6.0030 - accuracy: 0.3333 - val_loss: 2.1431 - val_accuracy: 0.2000 - lr: 6.0653e-05
Epoch 6/25
4/4 [==============================] - 2s 396ms/step - loss: 4.6574 - accuracy: 0.3333 - val_loss: 2.1531 - val_accuracy: 0.2000 - lr: 4.7237e-05
Epoch 7/25
4/4 [==============================] - 2s 430ms/step - loss: 4.9317 - accuracy: 0.3833 - val_loss: 2.1595 - val_accuracy: 0.2000 - lr: 3.4994e-05
Epoch 8/25
4/4 [==============================] - 2s 411ms/step - loss: 4.4490 - accuracy: 0.3833 - val_loss: 2.1615 - val_accuracy: 0.2000 - lr: 1.2330e-05
Epoch 9/25
4/4 [==============================] - 2s 430ms/step - loss: 3.1762 - accuracy: 0.4333 - val_loss: 2.1654 - val_accuracy: 0.2000 - lr: 8.2649e-06
1/1 [==============================] - 0s 124ms/step - loss: 2.0693 - accuracy: 0.2857
Found 60 images belonging to 6 classes.
Found 5 images belonging to 6 classes.
Found 7 images belonging to 6 classes.
Epoch 1/20
4/4 [==============================] - ETA: 0s - loss: 7.5468 - accuracy: 0.1500C:\Users\tom.zbc\PycharmProjects\fungis_bacterias_project\.venv\lib\site-packages\keras\src\engine\training.py:3000: UserWarning: You are saving your model as an HDF5 file via `model.save()`. This file format is considered legacy. We recommend using instead the native Keras format, e.g. `model.save('my_model.keras')`.
  saving_api.save_model(
4/4 [==============================] - 3s 599ms/step - loss: 7.5468 - accuracy: 0.1500 - val_loss: 2.0911 - val_accuracy: 0.4000 - lr: 1.0000e-04
Epoch 2/20
4/4 [==============================] - 2s 398ms/step - loss: 8.1253 - accuracy: 0.3500 - val_loss: 2.1159 - val_accuracy: 0.4000 - lr: 9.5123e-05
Epoch 3/20
4/4 [==============================] - 2s 431ms/step - loss: 7.7123 - accuracy: 0.2500 - val_loss: 2.1189 - val_accuracy: 0.4000 - lr: 8.6071e-05
Epoch 4/20
4/4 [==============================] - 2s 425ms/step - loss: 4.5084 - accuracy: 0.3500 - val_loss: 2.1033 - val_accuracy: 0.4000 - lr: 7.4082e-05
Epoch 5/20
4/4 [==============================] - 2s 400ms/step - loss: 4.7357 - accuracy: 0.3667 - val_loss: 2.1025 - val_accuracy: 0.4000 - lr: 6.0653e-05
Epoch 6/20
4/4 [==============================] - 2s 382ms/step - loss: 5.7629 - accuracy: 0.2167 - val_loss: 2.1098 - val_accuracy: 0.4000 - lr: 2.3618e-05
Epoch 7/20
4/4 [==============================] - 2s 457ms/step - loss: 3.6003 - accuracy: 0.2667 - val_loss: 2.1146 - val_accuracy: 0.4000 - lr: 1.7497e-05
1/1 [==============================] - 0s 119ms/step - loss: 2.1128 - accuracy: 0.2857
Found 60 images belonging to 6 classes.
Found 5 images belonging to 6 classes.
Found 7 images belonging to 6 classes.
Epoch 1/25
4/4 [==============================] - ETA: 0s - loss: 8.6977 - accuracy: 0.1500C:\Users\tom.zbc\PycharmProjects\fungis_bacterias_project\.venv\lib\site-packages\keras\src\engine\training.py:3000: UserWarning: You are saving your model as an HDF5 file via `model.save()`. This file format is considered legacy. We recommend using instead the native Keras format, e.g. `model.save('my_model.keras')`.
  saving_api.save_model(
4/4 [==============================] - 3s 572ms/step - loss: 8.6977 - accuracy: 0.1500 - val_loss: 2.0729 - val_accuracy: 0.0000e+00 - lr: 1.0000e-04
Epoch 2/25
4/4 [==============================] - 2s 485ms/step - loss: 8.9765 - accuracy: 0.2333 - val_loss: 1.9977 - val_accuracy: 0.4000 - lr: 9.5123e-05
Epoch 3/25
4/4 [==============================] - 2s 478ms/step - loss: 11.5871 - accuracy: 0.1667 - val_loss: 1.9930 - val_accuracy: 0.2000 - lr: 8.6071e-05
Epoch 4/25
4/4 [==============================] - 2s 405ms/step - loss: 8.8477 - accuracy: 0.3333 - val_loss: 2.0361 - val_accuracy: 0.2000 - lr: 7.4082e-05
Epoch 5/25
4/4 [==============================] - 2s 393ms/step - loss: 8.1692 - accuracy: 0.2667 - val_loss: 2.0595 - val_accuracy: 0.6000 - lr: 6.0653e-05
Epoch 6/25
4/4 [==============================] - 2s 400ms/step - loss: 5.9302 - accuracy: 0.4167 - val_loss: 2.0658 - val_accuracy: 0.2000 - lr: 4.7237e-05
Epoch 7/25
4/4 [==============================] - 2s 388ms/step - loss: 5.4093 - accuracy: 0.3167 - val_loss: 2.0560 - val_accuracy: 0.2000 - lr: 3.4994e-05
Epoch 8/25
4/4 [==============================] - 2s 412ms/step - loss: 5.4210 - accuracy: 0.3500 - val_loss: 2.0307 - val_accuracy: 0.4000 - lr: 1.2330e-05
Epoch 9/25
4/4 [==============================] - 2s 396ms/step - loss: 5.8001 - accuracy: 0.2167 - val_loss: 2.0059 - val_accuracy: 0.4000 - lr: 8.2649e-06
1/1 [==============================] - 0s 110ms/step - loss: 1.9911 - accuracy: 0.1429
Found 60 images belonging to 6 classes.
Found 5 images belonging to 6 classes.
Found 7 images belonging to 6 classes.
Epoch 1/20
4/4 [==============================] - ETA: 0s - loss: 7.6125 - accuracy: 0.1167C:\Users\tom.zbc\PycharmProjects\fungis_bacterias_project\.venv\lib\site-packages\keras\src\engine\training.py:3000: UserWarning: You are saving your model as an HDF5 file via `model.save()`. This file format is considered legacy. We recommend using instead the native Keras format, e.g. `model.save('my_model.keras')`.
  saving_api.save_model(
4/4 [==============================] - 2s 401ms/step - loss: 7.6125 - accuracy: 0.1167 - val_loss: 2.0404 - val_accuracy: 0.2000 - lr: 1.0000e-04
Epoch 2/20
4/4 [==============================] - 1s 262ms/step - loss: 6.7184 - accuracy: 0.2500 - val_loss: 2.1451 - val_accuracy: 0.0000e+00 - lr: 9.5123e-05
Epoch 3/20
4/4 [==============================] - 1s 269ms/step - loss: 6.4180 - accuracy: 0.1833 - val_loss: 2.0845 - val_accuracy: 0.0000e+00 - lr: 8.6071e-05
Epoch 4/20
4/4 [==============================] - 1s 324ms/step - loss: 4.3646 - accuracy: 0.3833 - val_loss: 2.0140 - val_accuracy: 0.6000 - lr: 7.4082e-05
Epoch 5/20
4/4 [==============================] - 2s 500ms/step - loss: 5.1126 - accuracy: 0.2833 - val_loss: 1.9944 - val_accuracy: 0.8000 - lr: 6.0653e-05
Epoch 6/20
4/4 [==============================] - 2s 449ms/step - loss: 4.9736 - accuracy: 0.2667 - val_loss: 2.0078 - val_accuracy: 0.4000 - lr: 4.7237e-05
Epoch 7/20
4/4 [==============================] - 2s 435ms/step - loss: 4.6740 - accuracy: 0.2500 - val_loss: 2.0228 - val_accuracy: 0.4000 - lr: 3.4994e-05
Epoch 8/20
4/4 [==============================] - 2s 439ms/step - loss: 4.4316 - accuracy: 0.3167 - val_loss: 2.0299 - val_accuracy: 0.4000 - lr: 2.4660e-05
Epoch 9/20
4/4 [==============================] - 2s 471ms/step - loss: 3.7251 - accuracy: 0.2833 - val_loss: 2.0340 - val_accuracy: 0.4000 - lr: 1.6530e-05
Epoch 10/20
4/4 [==============================] - 2s 427ms/step - loss: 3.0529 - accuracy: 0.4333 - val_loss: 2.0352 - val_accuracy: 0.4000 - lr: 5.2700e-06
Epoch 11/20
4/4 [==============================] - 2s 424ms/step - loss: 2.9400 - accuracy: 0.2833 - val_loss: 2.0335 - val_accuracy: 0.4000 - lr: 3.1964e-06
1/1 [==============================] - 0s 158ms/step - loss: 2.0437 - accuracy: 0.5714
Found 60 images belonging to 6 classes.
Found 5 images belonging to 6 classes.
Found 7 images belonging to 6 classes.
Epoch 1/25
4/4 [==============================] - ETA: 0s - loss: 6.1636 - accuracy: 0.1667C:\Users\tom.zbc\PycharmProjects\fungis_bacterias_project\.venv\lib\site-packages\keras\src\engine\training.py:3000: UserWarning: You are saving your model as an HDF5 file via `model.save()`. This file format is considered legacy. We recommend using instead the native Keras format, e.g. `model.save('my_model.keras')`.
  saving_api.save_model(
4/4 [==============================] - 3s 597ms/step - loss: 6.1636 - accuracy: 0.1667 - val_loss: 2.0834 - val_accuracy: 0.2000 - lr: 1.0000e-04
Epoch 2/25
4/4 [==============================] - 2s 419ms/step - loss: 6.5176 - accuracy: 0.1500 - val_loss: 2.1057 - val_accuracy: 0.2000 - lr: 9.5123e-05
Epoch 3/25
4/4 [==============================] - 2s 555ms/step - loss: 6.5340 - accuracy: 0.2500 - val_loss: 2.0389 - val_accuracy: 0.2000 - lr: 8.6071e-05
Epoch 4/25
4/4 [==============================] - 2s 502ms/step - loss: 5.9887 - accuracy: 0.2333 - val_loss: 1.9898 - val_accuracy: 0.4000 - lr: 7.4082e-05
Epoch 5/25
4/4 [==============================] - 2s 512ms/step - loss: 5.9619 - accuracy: 0.1833 - val_loss: 1.9896 - val_accuracy: 0.4000 - lr: 6.0653e-05
Epoch 6/25
4/4 [==============================] - 2s 439ms/step - loss: 4.9602 - accuracy: 0.2667 - val_loss: 2.0039 - val_accuracy: 0.4000 - lr: 4.7237e-05
Epoch 7/25
4/4 [==============================] - 2s 447ms/step - loss: 4.4305 - accuracy: 0.3833 - val_loss: 2.0255 - val_accuracy: 0.4000 - lr: 3.4994e-05
Epoch 8/25
4/4 [==============================] - 2s 435ms/step - loss: 5.4414 - accuracy: 0.1500 - val_loss: 2.0392 - val_accuracy: 0.4000 - lr: 2.4660e-05
Epoch 9/25
4/4 [==============================] - 2s 442ms/step - loss: 4.0598 - accuracy: 0.3333 - val_loss: 2.0448 - val_accuracy: 0.4000 - lr: 1.6530e-05
Epoch 10/25
4/4 [==============================] - 2s 424ms/step - loss: 3.5982 - accuracy: 0.3500 - val_loss: 2.0481 - val_accuracy: 0.4000 - lr: 5.2700e-06
Epoch 11/25
4/4 [==============================] - 2s 445ms/step - loss: 4.1098 - accuracy: 0.2333 - val_loss: 2.0509 - val_accuracy: 0.4000 - lr: 3.1964e-06
1/1 [==============================] - 0s 151ms/step - loss: 2.0455 - accuracy: 0.2857
Found 60 images belonging to 6 classes.
Found 5 images belonging to 6 classes.
Found 7 images belonging to 6 classes.
Epoch 1/20
4/4 [==============================] - ETA: 0s - loss: 5.7787 - accuracy: 0.2333C:\Users\tom.zbc\PycharmProjects\fungis_bacterias_project\.venv\lib\site-packages\keras\src\engine\training.py:3000: UserWarning: You are saving your model as an HDF5 file via `model.save()`. This file format is considered legacy. We recommend using instead the native Keras format, e.g. `model.save('my_model.keras')`.
  saving_api.save_model(
4/4 [==============================] - 3s 534ms/step - loss: 5.7787 - accuracy: 0.2333 - val_loss: 2.0845 - val_accuracy: 0.0000e+00 - lr: 1.0000e-04
Epoch 2/20
4/4 [==============================] - 2s 403ms/step - loss: 7.2046 - accuracy: 0.2000 - val_loss: 2.1146 - val_accuracy: 0.0000e+00 - lr: 9.5123e-05
Epoch 3/20
4/4 [==============================] - 2s 416ms/step - loss: 6.5784 - accuracy: 0.3167 - val_loss: 2.1064 - val_accuracy: 0.2000 - lr: 8.6071e-05
Epoch 4/20
4/4 [==============================] - 2s 519ms/step - loss: 6.1730 - accuracy: 0.3167 - val_loss: 2.0835 - val_accuracy: 0.2000 - lr: 7.4082e-05
Epoch 5/20
4/4 [==============================] - 2s 457ms/step - loss: 4.1635 - accuracy: 0.3333 - val_loss: 2.0870 - val_accuracy: 0.2000 - lr: 6.0653e-05
Epoch 6/20
4/4 [==============================] - 2s 426ms/step - loss: 5.7082 - accuracy: 0.1833 - val_loss: 2.0872 - val_accuracy: 0.2000 - lr: 4.7237e-05
Epoch 7/20
4/4 [==============================] - 2s 495ms/step - loss: 4.6136 - accuracy: 0.2833 - val_loss: 2.0740 - val_accuracy: 0.2000 - lr: 3.4994e-05
Epoch 8/20
4/4 [==============================] - 2s 474ms/step - loss: 4.4829 - accuracy: 0.2833 - val_loss: 2.0618 - val_accuracy: 0.2000 - lr: 2.4660e-05
Epoch 9/20
4/4 [==============================] - 2s 472ms/step - loss: 4.3553 - accuracy: 0.3167 - val_loss: 2.0556 - val_accuracy: 0.2000 - lr: 1.6530e-05
Epoch 10/20
4/4 [==============================] - 2s 471ms/step - loss: 4.4932 - accuracy: 0.3500 - val_loss: 2.0538 - val_accuracy: 0.2000 - lr: 1.0540e-05
Epoch 11/20
4/4 [==============================] - 2s 486ms/step - loss: 4.3962 - accuracy: 0.2667 - val_loss: 2.0500 - val_accuracy: 0.2000 - lr: 6.3928e-06
Epoch 12/20
4/4 [==============================] - 2s 482ms/step - loss: 4.7308 - accuracy: 0.2667 - val_loss: 2.0461 - val_accuracy: 0.2000 - lr: 3.6883e-06
Epoch 13/20
4/4 [==============================] - 2s 491ms/step - loss: 4.3776 - accuracy: 0.2167 - val_loss: 2.0454 - val_accuracy: 0.2000 - lr: 2.0242e-06
Epoch 14/20
4/4 [==============================] - 2s 448ms/step - loss: 3.9026 - accuracy: 0.3500 - val_loss: 2.0485 - val_accuracy: 0.2000 - lr: 1.0567e-06
Epoch 15/20
4/4 [==============================] - 2s 501ms/step - loss: 3.7208 - accuracy: 0.3333 - val_loss: 2.0543 - val_accuracy: 0.2000 - lr: 5.2475e-07
Epoch 16/20
4/4 [==============================] - 2s 464ms/step - loss: 5.9256 - accuracy: 0.2000 - val_loss: 2.0616 - val_accuracy: 0.2000 - lr: 2.4788e-07
Epoch 17/20
4/4 [==============================] - 2s 452ms/step - loss: 3.9242 - accuracy: 0.3167 - val_loss: 2.0704 - val_accuracy: 0.2000 - lr: 1.1138e-07
Epoch 18/20
4/4 [==============================] - 2s 439ms/step - loss: 4.0839 - accuracy: 0.3333 - val_loss: 2.0811 - val_accuracy: 0.2000 - lr: 4.7604e-08
Epoch 19/20
4/4 [==============================] - 2s 449ms/step - loss: 3.4816 - accuracy: 0.3667 - val_loss: 2.0907 - val_accuracy: 0.2000 - lr: 1.9355e-08
1/1 [==============================] - 0s 153ms/step - loss: 2.2824 - accuracy: 0.1429
Found 60 images belonging to 6 classes.
Found 5 images belonging to 6 classes.
Found 7 images belonging to 6 classes.
Epoch 1/25
4/4 [==============================] - ETA: 0s - loss: 7.2896 - accuracy: 0.1500C:\Users\tom.zbc\PycharmProjects\fungis_bacterias_project\.venv\lib\site-packages\keras\src\engine\training.py:3000: UserWarning: You are saving your model as an HDF5 file via `model.save()`. This file format is considered legacy. We recommend using instead the native Keras format, e.g. `model.save('my_model.keras')`.
  saving_api.save_model(
4/4 [==============================] - 3s 573ms/step - loss: 7.2896 - accuracy: 0.1500 - val_loss: 1.9891 - val_accuracy: 0.4000 - lr: 1.0000e-04
Epoch 2/25
4/4 [==============================] - 2s 409ms/step - loss: 6.3100 - accuracy: 0.2333 - val_loss: 2.0549 - val_accuracy: 0.2000 - lr: 9.5123e-05
Epoch 3/25
4/4 [==============================] - 2s 443ms/step - loss: 7.2135 - accuracy: 0.2167 - val_loss: 2.0792 - val_accuracy: 0.4000 - lr: 8.6071e-05
Epoch 4/25
4/4 [==============================] - 2s 458ms/step - loss: 7.7481 - accuracy: 0.1333 - val_loss: 2.0985 - val_accuracy: 0.4000 - lr: 7.4082e-05
Epoch 5/25
4/4 [==============================] - 2s 438ms/step - loss: 5.3337 - accuracy: 0.2000 - val_loss: 2.0793 - val_accuracy: 0.4000 - lr: 6.0653e-05
Epoch 6/25
4/4 [==============================] - 2s 420ms/step - loss: 5.5332 - accuracy: 0.3167 - val_loss: 2.0576 - val_accuracy: 0.4000 - lr: 2.3618e-05
Epoch 7/25
4/4 [==============================] - 2s 435ms/step - loss: 4.9363 - accuracy: 0.3000 - val_loss: 2.0512 - val_accuracy: 0.6000 - lr: 1.7497e-05
1/1 [==============================] - 0s 144ms/step - loss: 2.0148 - accuracy: 0.2857
Found 60 images belonging to 6 classes.
Found 5 images belonging to 6 classes.
Found 7 images belonging to 6 classes.
Epoch 1/20
4/4 [==============================] - ETA: 0s - loss: 6.3742 - accuracy: 0.1833C:\Users\tom.zbc\PycharmProjects\fungis_bacterias_project\.venv\lib\site-packages\keras\src\engine\training.py:3000: UserWarning: You are saving your model as an HDF5 file via `model.save()`. This file format is considered legacy. We recommend using instead the native Keras format, e.g. `model.save('my_model.keras')`.
  saving_api.save_model(
4/4 [==============================] - 3s 526ms/step - loss: 6.3742 - accuracy: 0.1833 - val_loss: 2.0655 - val_accuracy: 0.2000 - lr: 1.0000e-04
Epoch 2/20
4/4 [==============================] - 2s 491ms/step - loss: 7.3628 - accuracy: 0.1333 - val_loss: 2.0098 - val_accuracy: 0.2000 - lr: 9.5123e-05
Epoch 3/20
4/4 [==============================] - 2s 461ms/step - loss: 6.4009 - accuracy: 0.2167 - val_loss: 1.9889 - val_accuracy: 0.2000 - lr: 8.6071e-05
Epoch 4/20
4/4 [==============================] - 2s 505ms/step - loss: 6.6018 - accuracy: 0.2000 - val_loss: 1.9869 - val_accuracy: 0.2000 - lr: 7.4082e-05
Epoch 5/20
4/4 [==============================] - 2s 447ms/step - loss: 5.0329 - accuracy: 0.2500 - val_loss: 1.9747 - val_accuracy: 0.2000 - lr: 6.0653e-05
Epoch 6/20
4/4 [==============================] - 2s 422ms/step - loss: 5.3239 - accuracy: 0.3000 - val_loss: 1.9574 - val_accuracy: 0.2000 - lr: 4.7237e-05
Epoch 7/20
4/4 [==============================] - 1s 358ms/step - loss: 5.1859 - accuracy: 0.2833 - val_loss: 1.9581 - val_accuracy: 0.4000 - lr: 3.4994e-05
Epoch 8/20
4/4 [==============================] - 1s 323ms/step - loss: 5.5809 - accuracy: 0.2167 - val_loss: 1.9689 - val_accuracy: 0.4000 - lr: 2.4660e-05
Epoch 9/20
4/4 [==============================] - 1s 320ms/step - loss: 3.4246 - accuracy: 0.4167 - val_loss: 1.9732 - val_accuracy: 0.4000 - lr: 1.6530e-05
Epoch 10/20
4/4 [==============================] - 1s 323ms/step - loss: 3.8982 - accuracy: 0.2833 - val_loss: 1.9743 - val_accuracy: 0.4000 - lr: 1.0540e-05
Epoch 11/20
4/4 [==============================] - 1s 323ms/step - loss: 4.4466 - accuracy: 0.3167 - val_loss: 1.9758 - val_accuracy: 0.4000 - lr: 3.1964e-06
Epoch 12/20
4/4 [==============================] - 1s 293ms/step - loss: 4.1441 - accuracy: 0.3333 - val_loss: 1.9760 - val_accuracy: 0.6000 - lr: 1.8442e-06
1/1 [==============================] - 0s 107ms/step - loss: 2.0415 - accuracy: 0.2857
Found 60 images belonging to 6 classes.
Found 5 images belonging to 6 classes.
Found 7 images belonging to 6 classes.
Epoch 1/25
4/4 [==============================] - ETA: 0s - loss: 7.0185 - accuracy: 0.1333C:\Users\tom.zbc\PycharmProjects\fungis_bacterias_project\.venv\lib\site-packages\keras\src\engine\training.py:3000: UserWarning: You are saving your model as an HDF5 file via `model.save()`. This file format is considered legacy. We recommend using instead the native Keras format, e.g. `model.save('my_model.keras')`.
  saving_api.save_model(
4/4 [==============================] - 2s 391ms/step - loss: 7.0185 - accuracy: 0.1333 - val_loss: 2.0739 - val_accuracy: 0.4000 - lr: 1.0000e-04
Epoch 2/25
4/4 [==============================] - 1s 367ms/step - loss: 5.3105 - accuracy: 0.2833 - val_loss: 2.0444 - val_accuracy: 0.2000 - lr: 9.5123e-05
Epoch 3/25
4/4 [==============================] - 1s 336ms/step - loss: 5.7989 - accuracy: 0.3167 - val_loss: 2.0302 - val_accuracy: 0.2000 - lr: 8.6071e-05
Epoch 4/25
4/4 [==============================] - 1s 284ms/step - loss: 6.1280 - accuracy: 0.2833 - val_loss: 2.0169 - val_accuracy: 0.4000 - lr: 7.4082e-05
Epoch 5/25
4/4 [==============================] - 1s 287ms/step - loss: 4.6714 - accuracy: 0.4500 - val_loss: 1.9957 - val_accuracy: 0.4000 - lr: 6.0653e-05
Epoch 6/25
4/4 [==============================] - 1s 319ms/step - loss: 3.3852 - accuracy: 0.3667 - val_loss: 1.9760 - val_accuracy: 0.2000 - lr: 4.7237e-05
Epoch 7/25
4/4 [==============================] - 1s 319ms/step - loss: 4.3689 - accuracy: 0.3167 - val_loss: 1.9620 - val_accuracy: 0.2000 - lr: 3.4994e-05
Epoch 8/25
4/4 [==============================] - 1s 334ms/step - loss: 3.1003 - accuracy: 0.3667 - val_loss: 1.9511 - val_accuracy: 0.2000 - lr: 2.4660e-05
Epoch 9/25
4/4 [==============================] - 1s 324ms/step - loss: 4.9372 - accuracy: 0.3167 - val_loss: 1.9419 - val_accuracy: 0.2000 - lr: 1.6530e-05
Epoch 10/25
4/4 [==============================] - 1s 344ms/step - loss: 3.1244 - accuracy: 0.3833 - val_loss: 1.9337 - val_accuracy: 0.2000 - lr: 1.0540e-05
Epoch 11/25
4/4 [==============================] - 1s 324ms/step - loss: 3.7302 - accuracy: 0.3500 - val_loss: 1.9263 - val_accuracy: 0.2000 - lr: 6.3928e-06
Epoch 12/25
4/4 [==============================] - 1s 312ms/step - loss: 3.8185 - accuracy: 0.1833 - val_loss: 1.9192 - val_accuracy: 0.2000 - lr: 3.6883e-06
Epoch 13/25
4/4 [==============================] - 1s 322ms/step - loss: 3.9506 - accuracy: 0.2833 - val_loss: 1.9133 - val_accuracy: 0.2000 - lr: 2.0242e-06
Epoch 14/25
4/4 [==============================] - 1s 329ms/step - loss: 3.0244 - accuracy: 0.3000 - val_loss: 1.9089 - val_accuracy: 0.2000 - lr: 1.0567e-06
Epoch 15/25
4/4 [==============================] - 1s 327ms/step - loss: 4.4887 - accuracy: 0.2167 - val_loss: 1.9044 - val_accuracy: 0.2000 - lr: 5.2475e-07
Epoch 16/25
4/4 [==============================] - 1s 336ms/step - loss: 4.0697 - accuracy: 0.3000 - val_loss: 1.9011 - val_accuracy: 0.2000 - lr: 2.4788e-07
Epoch 17/25
4/4 [==============================] - 1s 325ms/step - loss: 3.8170 - accuracy: 0.4000 - val_loss: 1.8981 - val_accuracy: 0.2000 - lr: 1.1138e-07
Epoch 18/25
4/4 [==============================] - 1s 325ms/step - loss: 3.8854 - accuracy: 0.3167 - val_loss: 1.8954 - val_accuracy: 0.2000 - lr: 4.7604e-08
Epoch 19/25
4/4 [==============================] - 1s 297ms/step - loss: 3.5609 - accuracy: 0.2667 - val_loss: 1.8935 - val_accuracy: 0.2000 - lr: 1.9355e-08
Epoch 20/25
4/4 [==============================] - 1s 320ms/step - loss: 3.8061 - accuracy: 0.1833 - val_loss: 1.8925 - val_accuracy: 0.2000 - lr: 7.4852e-09
Epoch 21/25
4/4 [==============================] - 1s 300ms/step - loss: 3.5609 - accuracy: 0.3000 - val_loss: 1.8919 - val_accuracy: 0.2000 - lr: 2.7536e-09
Epoch 22/25
4/4 [==============================] - 1s 240ms/step - loss: 3.0140 - accuracy: 0.3833 - val_loss: 1.8920 - val_accuracy: 0.2000 - lr: 9.6360e-10
Epoch 23/25
4/4 [==============================] - 1s 258ms/step - loss: 4.5777 - accuracy: 0.3333 - val_loss: 1.8926 - val_accuracy: 0.2000 - lr: 3.2076e-10
Epoch 24/25
4/4 [==============================] - 1s 281ms/step - loss: 3.6936 - accuracy: 0.2667 - val_loss: 1.8933 - val_accuracy: 0.2000 - lr: 1.0156e-10
Epoch 25/25
4/4 [==============================] - 1s 249ms/step - loss: 3.7629 - accuracy: 0.2833 - val_loss: 1.8945 - val_accuracy: 0.2000 - lr: 3.0590e-11
1/1 [==============================] - 0s 91ms/step - loss: 2.1570 - accuracy: 0.1429
Found 60 images belonging to 6 classes.
Found 5 images belonging to 6 classes.
Found 7 images belonging to 6 classes.
Epoch 1/20
4/4 [==============================] - ETA: 0s - loss: 6.7310 - accuracy: 0.2000C:\Users\tom.zbc\PycharmProjects\fungis_bacterias_project\.venv\lib\site-packages\keras\src\engine\training.py:3000: UserWarning: You are saving your model as an HDF5 file via `model.save()`. This file format is considered legacy. We recommend using instead the native Keras format, e.g. `model.save('my_model.keras')`.
  saving_api.save_model(
4/4 [==============================] - 2s 342ms/step - loss: 6.7310 - accuracy: 0.2000 - val_loss: 2.0528 - val_accuracy: 0.2000 - lr: 1.0000e-04
Epoch 2/20
4/4 [==============================] - 1s 236ms/step - loss: 6.5435 - accuracy: 0.2500 - val_loss: 2.1105 - val_accuracy: 0.0000e+00 - lr: 9.5123e-05
Epoch 3/20
4/4 [==============================] - 1s 259ms/step - loss: 7.0665 - accuracy: 0.3000 - val_loss: 2.0842 - val_accuracy: 0.4000 - lr: 8.6071e-05
Epoch 4/20
4/4 [==============================] - 1s 261ms/step - loss: 4.4670 - accuracy: 0.3833 - val_loss: 2.0597 - val_accuracy: 0.4000 - lr: 7.4082e-05
Epoch 5/20
4/4 [==============================] - 1s 309ms/step - loss: 5.7135 - accuracy: 0.2000 - val_loss: 2.0024 - val_accuracy: 0.8000 - lr: 6.0653e-05
Epoch 6/20
4/4 [==============================] - 1s 293ms/step - loss: 5.5136 - accuracy: 0.2500 - val_loss: 1.9629 - val_accuracy: 0.8000 - lr: 4.7237e-05
Epoch 7/20
4/4 [==============================] - 1s 320ms/step - loss: 4.4054 - accuracy: 0.3500 - val_loss: 1.9508 - val_accuracy: 0.8000 - lr: 3.4994e-05
Epoch 8/20
4/4 [==============================] - 1s 254ms/step - loss: 5.2596 - accuracy: 0.3000 - val_loss: 1.9532 - val_accuracy: 0.6000 - lr: 2.4660e-05
Epoch 9/20
4/4 [==============================] - 1s 265ms/step - loss: 5.0228 - accuracy: 0.1667 - val_loss: 1.9567 - val_accuracy: 0.6000 - lr: 1.6530e-05
Epoch 10/20
4/4 [==============================] - 1s 246ms/step - loss: 3.7653 - accuracy: 0.3167 - val_loss: 1.9517 - val_accuracy: 0.6000 - lr: 1.0540e-05
Epoch 11/20
4/4 [==============================] - 1s 305ms/step - loss: 4.3481 - accuracy: 0.2833 - val_loss: 1.9454 - val_accuracy: 0.6000 - lr: 6.3928e-06
Epoch 12/20
4/4 [==============================] - 1s 288ms/step - loss: 3.6052 - accuracy: 0.3833 - val_loss: 1.9399 - val_accuracy: 0.4000 - lr: 3.6883e-06
Epoch 13/20
4/4 [==============================] - 1s 319ms/step - loss: 3.7967 - accuracy: 0.4000 - val_loss: 1.9345 - val_accuracy: 0.4000 - lr: 2.0242e-06
Epoch 14/20
4/4 [==============================] - 1s 282ms/step - loss: 3.6745 - accuracy: 0.4167 - val_loss: 1.9283 - val_accuracy: 0.4000 - lr: 1.0567e-06
Epoch 15/20
4/4 [==============================] - 1s 293ms/step - loss: 4.1185 - accuracy: 0.3333 - val_loss: 1.9217 - val_accuracy: 0.4000 - lr: 5.2475e-07
Epoch 16/20
4/4 [==============================] - 1s 306ms/step - loss: 3.4462 - accuracy: 0.3667 - val_loss: 1.9157 - val_accuracy: 0.4000 - lr: 2.4788e-07
Epoch 17/20
4/4 [==============================] - 1s 326ms/step - loss: 2.8010 - accuracy: 0.3500 - val_loss: 1.9098 - val_accuracy: 0.4000 - lr: 1.1138e-07
Epoch 18/20
4/4 [==============================] - 1s 334ms/step - loss: 3.0229 - accuracy: 0.3667 - val_loss: 1.9034 - val_accuracy: 0.4000 - lr: 4.7604e-08
Epoch 19/20
4/4 [==============================] - 1s 315ms/step - loss: 3.6576 - accuracy: 0.2500 - val_loss: 1.8979 - val_accuracy: 0.4000 - lr: 1.9355e-08
Epoch 20/20
4/4 [==============================] - 1s 331ms/step - loss: 3.9896 - accuracy: 0.1833 - val_loss: 1.8926 - val_accuracy: 0.4000 - lr: 7.4852e-09
1/1 [==============================] - 0s 104ms/step - loss: 2.1510 - accuracy: 0.1429
Found 60 images belonging to 6 classes.
Found 5 images belonging to 6 classes.
Found 7 images belonging to 6 classes.
Epoch 1/25
4/4 [==============================] - ETA: 0s - loss: 7.5633 - accuracy: 0.1667C:\Users\tom.zbc\PycharmProjects\fungis_bacterias_project\.venv\lib\site-packages\keras\src\engine\training.py:3000: UserWarning: You are saving your model as an HDF5 file via `model.save()`. This file format is considered legacy. We recommend using instead the native Keras format, e.g. `model.save('my_model.keras')`.
  saving_api.save_model(
4/4 [==============================] - 2s 358ms/step - loss: 7.5633 - accuracy: 0.1667 - val_loss: 2.0298 - val_accuracy: 0.2000 - lr: 1.0000e-04
Epoch 2/25
4/4 [==============================] - 1s 256ms/step - loss: 5.8870 - accuracy: 0.2500 - val_loss: 2.0607 - val_accuracy: 0.2000 - lr: 9.5123e-05
Epoch 3/25
4/4 [==============================] - 1s 256ms/step - loss: 7.2046 - accuracy: 0.3000 - val_loss: 2.0542 - val_accuracy: 0.2000 - lr: 8.6071e-05
Epoch 4/25
4/4 [==============================] - 1s 264ms/step - loss: 6.1721 - accuracy: 0.2000 - val_loss: 2.0464 - val_accuracy: 0.2000 - lr: 7.4082e-05
Epoch 5/25
4/4 [==============================] - 1s 300ms/step - loss: 4.9589 - accuracy: 0.3000 - val_loss: 2.0399 - val_accuracy: 0.2000 - lr: 6.0653e-05
Epoch 6/25
4/4 [==============================] - 1s 298ms/step - loss: 4.8661 - accuracy: 0.2833 - val_loss: 2.0432 - val_accuracy: 0.4000 - lr: 2.3618e-05
Epoch 7/25
4/4 [==============================] - 1s 288ms/step - loss: 4.3829 - accuracy: 0.3500 - val_loss: 2.0484 - val_accuracy: 0.4000 - lr: 1.7497e-05
1/1 [==============================] - 0s 106ms/step - loss: 2.1142 - accuracy: 0.1429
Found 60 images belonging to 6 classes.
Found 5 images belonging to 6 classes.
Found 7 images belonging to 6 classes.
Epoch 1/20
4/4 [==============================] - ETA: 0s - loss: 8.3972 - accuracy: 0.1000C:\Users\tom.zbc\PycharmProjects\fungis_bacterias_project\.venv\lib\site-packages\keras\src\engine\training.py:3000: UserWarning: You are saving your model as an HDF5 file via `model.save()`. This file format is considered legacy. We recommend using instead the native Keras format, e.g. `model.save('my_model.keras')`.
  saving_api.save_model(
4/4 [==============================] - 3s 536ms/step - loss: 8.3972 - accuracy: 0.1000 - val_loss: 2.0942 - val_accuracy: 0.4000 - lr: 1.0000e-04
Epoch 2/20
4/4 [==============================] - 2s 477ms/step - loss: 9.0408 - accuracy: 0.2333 - val_loss: 2.0522 - val_accuracy: 0.4000 - lr: 9.5123e-05
Epoch 3/20
4/4 [==============================] - 2s 508ms/step - loss: 7.5529 - accuracy: 0.1833 - val_loss: 2.0389 - val_accuracy: 0.4000 - lr: 8.6071e-05
Epoch 4/20
4/4 [==============================] - 2s 358ms/step - loss: 7.6500 - accuracy: 0.3333 - val_loss: 2.0456 - val_accuracy: 0.4000 - lr: 7.4082e-05
Epoch 5/20
4/4 [==============================] - 2s 362ms/step - loss: 5.1008 - accuracy: 0.3333 - val_loss: 2.0578 - val_accuracy: 0.4000 - lr: 6.0653e-05
Epoch 6/20
4/4 [==============================] - 2s 362ms/step - loss: 5.3133 - accuracy: 0.3167 - val_loss: 2.0538 - val_accuracy: 0.4000 - lr: 4.7237e-05
Epoch 7/20
4/4 [==============================] - 2s 397ms/step - loss: 5.3808 - accuracy: 0.3167 - val_loss: 2.0431 - val_accuracy: 0.4000 - lr: 3.4994e-05
Epoch 8/20
4/4 [==============================] - 2s 465ms/step - loss: 4.7720 - accuracy: 0.3500 - val_loss: 2.0338 - val_accuracy: 0.4000 - lr: 2.4660e-05
Epoch 9/20
4/4 [==============================] - 2s 515ms/step - loss: 4.4366 - accuracy: 0.3167 - val_loss: 2.0285 - val_accuracy: 0.4000 - lr: 1.6530e-05
Epoch 10/20
4/4 [==============================] - 2s 508ms/step - loss: 4.8298 - accuracy: 0.3667 - val_loss: 2.0236 - val_accuracy: 0.4000 - lr: 1.0540e-05
Epoch 11/20
4/4 [==============================] - 2s 521ms/step - loss: 5.6600 - accuracy: 0.3333 - val_loss: 2.0211 - val_accuracy: 0.4000 - lr: 6.3928e-06
Epoch 12/20
4/4 [==============================] - 2s 379ms/step - loss: 5.2456 - accuracy: 0.2667 - val_loss: 2.0236 - val_accuracy: 0.4000 - lr: 3.6883e-06
Epoch 13/20
4/4 [==============================] - 2s 413ms/step - loss: 4.4877 - accuracy: 0.2333 - val_loss: 2.0273 - val_accuracy: 0.4000 - lr: 2.0242e-06
Epoch 14/20
4/4 [==============================] - 2s 470ms/step - loss: 3.4729 - accuracy: 0.2833 - val_loss: 2.0327 - val_accuracy: 0.4000 - lr: 1.0567e-06
Epoch 15/20
4/4 [==============================] - 2s 379ms/step - loss: 4.6139 - accuracy: 0.3000 - val_loss: 2.0403 - val_accuracy: 0.4000 - lr: 5.2475e-07
Epoch 16/20
4/4 [==============================] - 2s 374ms/step - loss: 3.5214 - accuracy: 0.3333 - val_loss: 2.0504 - val_accuracy: 0.4000 - lr: 1.2394e-07
Epoch 17/20
4/4 [==============================] - 2s 412ms/step - loss: 3.0415 - accuracy: 0.3833 - val_loss: 2.0639 - val_accuracy: 0.4000 - lr: 5.5689e-08
1/1 [==============================] - 0s 120ms/step - loss: 2.2380 - accuracy: 0.1429
Found 60 images belonging to 6 classes.
Found 5 images belonging to 6 classes.
Found 7 images belonging to 6 classes.
Epoch 1/25
4/4 [==============================] - ETA: 0s - loss: 7.5478 - accuracy: 0.2000C:\Users\tom.zbc\PycharmProjects\fungis_bacterias_project\.venv\lib\site-packages\keras\src\engine\training.py:3000: UserWarning: You are saving your model as an HDF5 file via `model.save()`. This file format is considered legacy. We recommend using instead the native Keras format, e.g. `model.save('my_model.keras')`.
  saving_api.save_model(
4/4 [==============================] - 3s 539ms/step - loss: 7.5478 - accuracy: 0.2000 - val_loss: 2.2323 - val_accuracy: 0.4000 - lr: 1.0000e-04
Epoch 2/25
4/4 [==============================] - 2s 469ms/step - loss: 11.2388 - accuracy: 0.1833 - val_loss: 2.1710 - val_accuracy: 0.2000 - lr: 9.5123e-05
Epoch 3/25
4/4 [==============================] - 2s 465ms/step - loss: 9.9230 - accuracy: 0.2333 - val_loss: 2.1078 - val_accuracy: 0.4000 - lr: 8.6071e-05
Epoch 4/25
4/4 [==============================] - 2s 459ms/step - loss: 6.8021 - accuracy: 0.2833 - val_loss: 2.0719 - val_accuracy: 0.2000 - lr: 7.4082e-05
Epoch 5/25
4/4 [==============================] - 2s 466ms/step - loss: 7.0486 - accuracy: 0.2333 - val_loss: 2.0544 - val_accuracy: 0.2000 - lr: 6.0653e-05
Epoch 6/25
4/4 [==============================] - 2s 476ms/step - loss: 6.1838 - accuracy: 0.3000 - val_loss: 2.0447 - val_accuracy: 0.4000 - lr: 4.7237e-05
Epoch 7/25
4/4 [==============================] - 2s 514ms/step - loss: 4.2464 - accuracy: 0.3667 - val_loss: 2.0272 - val_accuracy: 0.4000 - lr: 3.4994e-05
Epoch 8/25
4/4 [==============================] - 2s 456ms/step - loss: 5.0665 - accuracy: 0.2500 - val_loss: 2.0109 - val_accuracy: 0.6000 - lr: 2.4660e-05
Epoch 9/25
4/4 [==============================] - 2s 461ms/step - loss: 5.3346 - accuracy: 0.2667 - val_loss: 1.9977 - val_accuracy: 0.6000 - lr: 1.6530e-05
Epoch 10/25
4/4 [==============================] - 2s 465ms/step - loss: 4.1084 - accuracy: 0.3500 - val_loss: 1.9820 - val_accuracy: 0.8000 - lr: 1.0540e-05
Epoch 11/25
4/4 [==============================] - 2s 452ms/step - loss: 4.2318 - accuracy: 0.3167 - val_loss: 1.9667 - val_accuracy: 0.8000 - lr: 6.3928e-06
Epoch 12/25
4/4 [==============================] - 2s 512ms/step - loss: 3.2391 - accuracy: 0.3333 - val_loss: 1.9505 - val_accuracy: 0.8000 - lr: 3.6883e-06
Epoch 13/25
4/4 [==============================] - 2s 479ms/step - loss: 5.1707 - accuracy: 0.2333 - val_loss: 1.9347 - val_accuracy: 0.8000 - lr: 2.0242e-06
Epoch 14/25
4/4 [==============================] - 2s 487ms/step - loss: 3.4174 - accuracy: 0.2833 - val_loss: 1.9177 - val_accuracy: 0.8000 - lr: 1.0567e-06
Epoch 15/25
4/4 [==============================] - 2s 460ms/step - loss: 3.8668 - accuracy: 0.3000 - val_loss: 1.9012 - val_accuracy: 0.8000 - lr: 5.2475e-07
Epoch 16/25
4/4 [==============================] - 2s 470ms/step - loss: 3.3307 - accuracy: 0.3500 - val_loss: 1.8844 - val_accuracy: 0.8000 - lr: 2.4788e-07
Epoch 17/25
4/4 [==============================] - 2s 502ms/step - loss: 3.3243 - accuracy: 0.4000 - val_loss: 1.8680 - val_accuracy: 0.8000 - lr: 1.1138e-07
Epoch 18/25
4/4 [==============================] - 2s 465ms/step - loss: 3.4196 - accuracy: 0.3333 - val_loss: 1.8519 - val_accuracy: 0.8000 - lr: 4.7604e-08
Epoch 19/25
4/4 [==============================] - 2s 467ms/step - loss: 4.9718 - accuracy: 0.2500 - val_loss: 1.8376 - val_accuracy: 0.8000 - lr: 1.9355e-08
Epoch 20/25
4/4 [==============================] - 2s 481ms/step - loss: 3.3124 - accuracy: 0.4167 - val_loss: 1.8239 - val_accuracy: 0.8000 - lr: 7.4852e-09
Epoch 21/25
4/4 [==============================] - 2s 496ms/step - loss: 3.9473 - accuracy: 0.3667 - val_loss: 1.8110 - val_accuracy: 0.8000 - lr: 2.7536e-09
Epoch 22/25
4/4 [==============================] - 2s 485ms/step - loss: 3.5968 - accuracy: 0.3500 - val_loss: 1.7983 - val_accuracy: 0.6000 - lr: 9.6360e-10
Epoch 23/25
4/4 [==============================] - 2s 500ms/step - loss: 5.2246 - accuracy: 0.3500 - val_loss: 1.7862 - val_accuracy: 0.6000 - lr: 3.2076e-10
Epoch 24/25
4/4 [==============================] - 2s 484ms/step - loss: 4.3723 - accuracy: 0.2667 - val_loss: 1.7744 - val_accuracy: 0.6000 - lr: 1.0156e-10
Epoch 25/25
4/4 [==============================] - 2s 505ms/step - loss: 3.9194 - accuracy: 0.3000 - val_loss: 1.7633 - val_accuracy: 0.6000 - lr: 3.0590e-11
1/1 [==============================] - 0s 106ms/step - loss: 1.9532 - accuracy: 0.5714
Found 60 images belonging to 6 classes.
Found 5 images belonging to 6 classes.
Found 7 images belonging to 6 classes.
Epoch 1/20
4/4 [==============================] - ETA: 0s - loss: 7.1761 - accuracy: 0.2000C:\Users\tom.zbc\PycharmProjects\fungis_bacterias_project\.venv\lib\site-packages\keras\src\engine\training.py:3000: UserWarning: You are saving your model as an HDF5 file via `model.save()`. This file format is considered legacy. We recommend using instead the native Keras format, e.g. `model.save('my_model.keras')`.
  saving_api.save_model(
4/4 [==============================] - 3s 548ms/step - loss: 7.1761 - accuracy: 0.2000 - val_loss: 2.0971 - val_accuracy: 0.2000 - lr: 1.0000e-04
Epoch 2/20
4/4 [==============================] - 2s 365ms/step - loss: 7.1176 - accuracy: 0.1833 - val_loss: 2.0984 - val_accuracy: 0.2000 - lr: 9.5123e-05
Epoch 3/20
4/4 [==============================] - 2s 468ms/step - loss: 6.3560 - accuracy: 0.3833 - val_loss: 2.0855 - val_accuracy: 0.4000 - lr: 8.6071e-05
Epoch 4/20
4/4 [==============================] - 2s 363ms/step - loss: 7.4605 - accuracy: 0.2667 - val_loss: 2.0878 - val_accuracy: 0.4000 - lr: 7.4082e-05
Epoch 5/20
4/4 [==============================] - 2s 405ms/step - loss: 6.4096 - accuracy: 0.3667 - val_loss: 2.0929 - val_accuracy: 0.2000 - lr: 6.0653e-05
Epoch 6/20
4/4 [==============================] - 2s 547ms/step - loss: 5.7802 - accuracy: 0.2833 - val_loss: 2.1110 - val_accuracy: 0.2000 - lr: 4.7237e-05
Epoch 7/20
4/4 [==============================] - 3s 604ms/step - loss: 5.9787 - accuracy: 0.2167 - val_loss: 2.1334 - val_accuracy: 0.2000 - lr: 3.4994e-05
Epoch 8/20
4/4 [==============================] - 3s 641ms/step - loss: 5.8578 - accuracy: 0.3000 - val_loss: 2.1515 - val_accuracy: 0.2000 - lr: 1.2330e-05
Epoch 9/20
4/4 [==============================] - 3s 684ms/step - loss: 4.0864 - accuracy: 0.3667 - val_loss: 2.1674 - val_accuracy: 0.2000 - lr: 8.2649e-06
1/1 [==============================] - 0s 187ms/step - loss: 2.1049 - accuracy: 0.0000e+00
Found 60 images belonging to 6 classes.
Found 5 images belonging to 6 classes.
Found 7 images belonging to 6 classes.
Epoch 1/25
4/4 [==============================] - ETA: 0s - loss: 8.8549 - accuracy: 0.1333C:\Users\tom.zbc\PycharmProjects\fungis_bacterias_project\.venv\lib\site-packages\keras\src\engine\training.py:3000: UserWarning: You are saving your model as an HDF5 file via `model.save()`. This file format is considered legacy. We recommend using instead the native Keras format, e.g. `model.save('my_model.keras')`.
  saving_api.save_model(
4/4 [==============================] - 5s 1s/step - loss: 8.8549 - accuracy: 0.1333 - val_loss: 2.1606 - val_accuracy: 0.2000 - lr: 1.0000e-04
Epoch 2/25
4/4 [==============================] - 3s 664ms/step - loss: 12.4112 - accuracy: 0.2000 - val_loss: 2.1977 - val_accuracy: 0.4000 - lr: 9.5123e-05
Epoch 3/25
4/4 [==============================] - 3s 898ms/step - loss: 9.7615 - accuracy: 0.2667 - val_loss: 2.1366 - val_accuracy: 0.4000 - lr: 8.6071e-05
Epoch 4/25
4/4 [==============================] - 3s 788ms/step - loss: 10.1653 - accuracy: 0.3000 - val_loss: 2.0894 - val_accuracy: 0.4000 - lr: 7.4082e-05
Epoch 5/25
4/4 [==============================] - 3s 879ms/step - loss: 8.4307 - accuracy: 0.2500 - val_loss: 2.0658 - val_accuracy: 0.4000 - lr: 6.0653e-05
Epoch 6/25
4/4 [==============================] - 2s 645ms/step - loss: 6.0259 - accuracy: 0.3000 - val_loss: 2.0483 - val_accuracy: 0.4000 - lr: 4.7237e-05
Epoch 7/25
4/4 [==============================] - 3s 665ms/step - loss: 6.2874 - accuracy: 0.2833 - val_loss: 2.0513 - val_accuracy: 0.4000 - lr: 3.4994e-05
Epoch 8/25
4/4 [==============================] - 3s 665ms/step - loss: 6.3555 - accuracy: 0.2500 - val_loss: 2.0575 - val_accuracy: 0.4000 - lr: 2.4660e-05
Epoch 9/25
4/4 [==============================] - 3s 719ms/step - loss: 4.2723 - accuracy: 0.3167 - val_loss: 2.0586 - val_accuracy: 0.4000 - lr: 1.6530e-05
Epoch 10/25
4/4 [==============================] - 3s 677ms/step - loss: 4.6596 - accuracy: 0.2333 - val_loss: 2.0560 - val_accuracy: 0.4000 - lr: 1.0540e-05
Epoch 11/25
4/4 [==============================] - 3s 665ms/step - loss: 5.2429 - accuracy: 0.2833 - val_loss: 2.0533 - val_accuracy: 0.4000 - lr: 3.1964e-06
Epoch 12/25
4/4 [==============================] - 3s 695ms/step - loss: 4.1843 - accuracy: 0.2500 - val_loss: 2.0543 - val_accuracy: 0.4000 - lr: 1.8442e-06
1/1 [==============================] - 0s 199ms/step - loss: 2.1374 - accuracy: 0.1429
Found 60 images belonging to 6 classes.
Found 5 images belonging to 6 classes.
Found 7 images belonging to 6 classes.
Epoch 1/20
4/4 [==============================] - ETA: 0s - loss: 7.2073 - accuracy: 0.1500C:\Users\tom.zbc\PycharmProjects\fungis_bacterias_project\.venv\lib\site-packages\keras\src\engine\training.py:3000: UserWarning: You are saving your model as an HDF5 file via `model.save()`. This file format is considered legacy. We recommend using instead the native Keras format, e.g. `model.save('my_model.keras')`.
  saving_api.save_model(
4/4 [==============================] - 4s 862ms/step - loss: 7.2073 - accuracy: 0.1500 - val_loss: 2.0736 - val_accuracy: 0.2000 - lr: 1.0000e-04
Epoch 2/20
4/4 [==============================] - 3s 657ms/step - loss: 10.4910 - accuracy: 0.1667 - val_loss: 2.0818 - val_accuracy: 0.2000 - lr: 9.5123e-05
Epoch 3/20
4/4 [==============================] - 3s 666ms/step - loss: 10.2720 - accuracy: 0.2833 - val_loss: 2.1418 - val_accuracy: 0.0000e+00 - lr: 8.6071e-05
Epoch 4/20
4/4 [==============================] - 3s 700ms/step - loss: 8.5733 - accuracy: 0.3500 - val_loss: 2.1555 - val_accuracy: 0.2000 - lr: 7.4082e-05
Epoch 5/20
4/4 [==============================] - 3s 678ms/step - loss: 6.1624 - accuracy: 0.3667 - val_loss: 2.1403 - val_accuracy: 0.2000 - lr: 6.0653e-05
Epoch 6/20
4/4 [==============================] - 3s 707ms/step - loss: 9.1793 - accuracy: 0.2667 - val_loss: 2.1249 - val_accuracy: 0.2000 - lr: 2.3618e-05
Epoch 7/20
4/4 [==============================] - 3s 603ms/step - loss: 6.6321 - accuracy: 0.2833 - val_loss: 2.1144 - val_accuracy: 0.2000 - lr: 1.7497e-05
1/1 [==============================] - 0s 170ms/step - loss: 2.0602 - accuracy: 0.1429
Found 60 images belonging to 6 classes.
Found 5 images belonging to 6 classes.
Found 7 images belonging to 6 classes.
Epoch 1/25
4/4 [==============================] - ETA: 0s - loss: 7.5604 - accuracy: 0.1500C:\Users\tom.zbc\PycharmProjects\fungis_bacterias_project\.venv\lib\site-packages\keras\src\engine\training.py:3000: UserWarning: You are saving your model as an HDF5 file via `model.save()`. This file format is considered legacy. We recommend using instead the native Keras format, e.g. `model.save('my_model.keras')`.
  saving_api.save_model(
4/4 [==============================] - 4s 754ms/step - loss: 7.5604 - accuracy: 0.1500 - val_loss: 2.0913 - val_accuracy: 0.2000 - lr: 1.0000e-04
Epoch 2/25
4/4 [==============================] - 3s 696ms/step - loss: 9.3879 - accuracy: 0.2500 - val_loss: 2.0607 - val_accuracy: 0.2000 - lr: 9.5123e-05
Epoch 3/25
4/4 [==============================] - 2s 634ms/step - loss: 8.2496 - accuracy: 0.3000 - val_loss: 2.0599 - val_accuracy: 0.2000 - lr: 8.6071e-05
Epoch 4/25
4/4 [==============================] - 2s 529ms/step - loss: 6.2258 - accuracy: 0.3833 - val_loss: 2.0991 - val_accuracy: 0.2000 - lr: 7.4082e-05
Epoch 5/25
4/4 [==============================] - 2s 480ms/step - loss: 7.7692 - accuracy: 0.2833 - val_loss: 2.0977 - val_accuracy: 0.2000 - lr: 6.0653e-05
Epoch 6/25
4/4 [==============================] - 2s 482ms/step - loss: 7.6068 - accuracy: 0.2833 - val_loss: 2.0792 - val_accuracy: 0.2000 - lr: 4.7237e-05
Epoch 7/25
4/4 [==============================] - 2s 456ms/step - loss: 6.5929 - accuracy: 0.3167 - val_loss: 2.0674 - val_accuracy: 0.2000 - lr: 3.4994e-05
Epoch 8/25
4/4 [==============================] - 2s 615ms/step - loss: 4.6593 - accuracy: 0.3667 - val_loss: 2.0550 - val_accuracy: 0.2000 - lr: 2.4660e-05
Epoch 9/25
4/4 [==============================] - 2s 557ms/step - loss: 5.1728 - accuracy: 0.4167 - val_loss: 2.0434 - val_accuracy: 0.2000 - lr: 1.6530e-05
Epoch 10/25
4/4 [==============================] - 2s 604ms/step - loss: 5.0159 - accuracy: 0.3000 - val_loss: 2.0311 - val_accuracy: 0.2000 - lr: 1.0540e-05
Epoch 11/25
4/4 [==============================] - 2s 586ms/step - loss: 4.2073 - accuracy: 0.3667 - val_loss: 2.0239 - val_accuracy: 0.6000 - lr: 6.3928e-06
Epoch 12/25
4/4 [==============================] - 2s 589ms/step - loss: 4.9714 - accuracy: 0.4167 - val_loss: 2.0179 - val_accuracy: 0.6000 - lr: 3.6883e-06
Epoch 13/25
4/4 [==============================] - 2s 522ms/step - loss: 5.8850 - accuracy: 0.2667 - val_loss: 2.0127 - val_accuracy: 0.6000 - lr: 2.0242e-06
Epoch 14/25
4/4 [==============================] - 2s 527ms/step - loss: 7.6799 - accuracy: 0.2500 - val_loss: 2.0095 - val_accuracy: 0.6000 - lr: 1.0567e-06
Epoch 15/25
4/4 [==============================] - 2s 512ms/step - loss: 4.6223 - accuracy: 0.2667 - val_loss: 2.0078 - val_accuracy: 0.4000 - lr: 5.2475e-07
Epoch 16/25
4/4 [==============================] - 2s 500ms/step - loss: 4.6109 - accuracy: 0.3500 - val_loss: 2.0056 - val_accuracy: 0.4000 - lr: 2.4788e-07
Epoch 17/25
4/4 [==============================] - 2s 529ms/step - loss: 4.6880 - accuracy: 0.3500 - val_loss: 2.0028 - val_accuracy: 0.4000 - lr: 1.1138e-07
Epoch 18/25
4/4 [==============================] - 2s 490ms/step - loss: 4.9715 - accuracy: 0.3000 - val_loss: 2.0022 - val_accuracy: 0.4000 - lr: 4.7604e-08
Epoch 19/25
4/4 [==============================] - 2s 486ms/step - loss: 4.6803 - accuracy: 0.3333 - val_loss: 2.0019 - val_accuracy: 0.4000 - lr: 1.9355e-08
Epoch 20/25
4/4 [==============================] - 2s 411ms/step - loss: 5.6070 - accuracy: 0.2833 - val_loss: 2.0023 - val_accuracy: 0.4000 - lr: 7.4852e-09
Epoch 21/25
4/4 [==============================] - 2s 412ms/step - loss: 5.6314 - accuracy: 0.3000 - val_loss: 2.0026 - val_accuracy: 0.4000 - lr: 2.7536e-09
Epoch 22/25
4/4 [==============================] - 2s 370ms/step - loss: 4.1933 - accuracy: 0.3500 - val_loss: 2.0033 - val_accuracy: 0.4000 - lr: 9.6360e-10
Epoch 23/25
4/4 [==============================] - 2s 381ms/step - loss: 6.4104 - accuracy: 0.2667 - val_loss: 2.0049 - val_accuracy: 0.4000 - lr: 3.2076e-10
Epoch 24/25
4/4 [==============================] - 2s 415ms/step - loss: 4.4075 - accuracy: 0.3333 - val_loss: 2.0061 - val_accuracy: 0.4000 - lr: 1.0156e-10
Epoch 25/25
4/4 [==============================] - 2s 412ms/step - loss: 4.8470 - accuracy: 0.2833 - val_loss: 2.0074 - val_accuracy: 0.4000 - lr: 3.0590e-11
1/1 [==============================] - 0s 106ms/step - loss: 2.3638 - accuracy: 0.1429
Found 60 images belonging to 6 classes.
Found 5 images belonging to 6 classes.
Found 7 images belonging to 6 classes.
Epoch 1/20
4/4 [==============================] - ETA: 0s - loss: 10.5748 - accuracy: 0.2500C:\Users\tom.zbc\PycharmProjects\fungis_bacterias_project\.venv\lib\site-packages\keras\src\engine\training.py:3000: UserWarning: You are saving your model as an HDF5 file via `model.save()`. This file format is considered legacy. We recommend using instead the native Keras format, e.g. `model.save('my_model.keras')`.
  saving_api.save_model(
4/4 [==============================] - 2s 476ms/step - loss: 10.5748 - accuracy: 0.2500 - val_loss: 2.0427 - val_accuracy: 0.4000 - lr: 1.0000e-04
Epoch 2/20
4/4 [==============================] - 2s 345ms/step - loss: 13.0630 - accuracy: 0.1167 - val_loss: 2.1212 - val_accuracy: 0.2000 - lr: 9.5123e-05
Epoch 3/20
4/4 [==============================] - 2s 359ms/step - loss: 8.5017 - accuracy: 0.2833 - val_loss: 2.1708 - val_accuracy: 0.2000 - lr: 8.6071e-05
Epoch 4/20
4/4 [==============================] - 2s 371ms/step - loss: 8.8887 - accuracy: 0.3167 - val_loss: 2.1352 - val_accuracy: 0.4000 - lr: 7.4082e-05
Epoch 5/20
4/4 [==============================] - 2s 396ms/step - loss: 6.7975 - accuracy: 0.1667 - val_loss: 2.1084 - val_accuracy: 0.4000 - lr: 6.0653e-05
Epoch 6/20
4/4 [==============================] - 2s 350ms/step - loss: 6.8269 - accuracy: 0.3167 - val_loss: 2.1028 - val_accuracy: 0.2000 - lr: 2.3618e-05
Epoch 7/20
4/4 [==============================] - 2s 399ms/step - loss: 7.8379 - accuracy: 0.2667 - val_loss: 2.1017 - val_accuracy: 0.4000 - lr: 1.7497e-05
1/1 [==============================] - 0s 116ms/step - loss: 2.0655 - accuracy: 0.2857
Found 60 images belonging to 6 classes.
Found 5 images belonging to 6 classes.
Found 7 images belonging to 6 classes.
Epoch 1/25
4/4 [==============================] - ETA: 0s - loss: 7.6948 - accuracy: 0.1500C:\Users\tom.zbc\PycharmProjects\fungis_bacterias_project\.venv\lib\site-packages\keras\src\engine\training.py:3000: UserWarning: You are saving your model as an HDF5 file via `model.save()`. This file format is considered legacy. We recommend using instead the native Keras format, e.g. `model.save('my_model.keras')`.
  saving_api.save_model(
4/4 [==============================] - 3s 520ms/step - loss: 7.6948 - accuracy: 0.1500 - val_loss: 2.0607 - val_accuracy: 0.4000 - lr: 1.0000e-04
Epoch 2/25
4/4 [==============================] - 2s 459ms/step - loss: 10.4920 - accuracy: 0.2000 - val_loss: 2.0407 - val_accuracy: 0.4000 - lr: 9.5123e-05
Epoch 3/25
4/4 [==============================] - 2s 404ms/step - loss: 8.3003 - accuracy: 0.3333 - val_loss: 2.0810 - val_accuracy: 0.4000 - lr: 8.6071e-05
Epoch 4/25
4/4 [==============================] - 2s 383ms/step - loss: 8.4022 - accuracy: 0.2333 - val_loss: 2.1238 - val_accuracy: 0.4000 - lr: 7.4082e-05
Epoch 5/25
4/4 [==============================] - 2s 364ms/step - loss: 7.1595 - accuracy: 0.3333 - val_loss: 2.1205 - val_accuracy: 0.2000 - lr: 6.0653e-05
Epoch 6/25
4/4 [==============================] - 2s 365ms/step - loss: 7.6341 - accuracy: 0.2000 - val_loss: 2.1171 - val_accuracy: 0.4000 - lr: 4.7237e-05
Epoch 7/25
4/4 [==============================] - 2s 412ms/step - loss: 5.4178 - accuracy: 0.3000 - val_loss: 2.1154 - val_accuracy: 0.4000 - lr: 1.7497e-05
Epoch 8/25
4/4 [==============================] - 2s 385ms/step - loss: 8.3191 - accuracy: 0.3000 - val_loss: 2.1128 - val_accuracy: 0.4000 - lr: 1.2330e-05
1/1 [==============================] - 0s 131ms/step - loss: 2.0392 - accuracy: 0.4286
Found 60 images belonging to 6 classes.
Found 5 images belonging to 6 classes.
Found 7 images belonging to 6 classes.
Epoch 1/20
4/4 [==============================] - ETA: 0s - loss: 4.2869 - accuracy: 0.2833C:\Users\tom.zbc\PycharmProjects\fungis_bacterias_project\.venv\lib\site-packages\keras\src\engine\training.py:3000: UserWarning: You are saving your model as an HDF5 file via `model.save()`. This file format is considered legacy. We recommend using instead the native Keras format, e.g. `model.save('my_model.keras')`.
  saving_api.save_model(
4/4 [==============================] - 2s 363ms/step - loss: 4.2869 - accuracy: 0.2833 - val_loss: 2.0872 - val_accuracy: 0.2000 - lr: 1.0000e-05
Epoch 2/20
4/4 [==============================] - 1s 320ms/step - loss: 4.8631 - accuracy: 0.1667 - val_loss: 2.0851 - val_accuracy: 0.2000 - lr: 9.5123e-06
Epoch 3/20
4/4 [==============================] - 1s 316ms/step - loss: 4.5537 - accuracy: 0.2000 - val_loss: 2.0805 - val_accuracy: 0.2000 - lr: 8.6071e-06
Epoch 4/20
4/4 [==============================] - 1s 305ms/step - loss: 3.8279 - accuracy: 0.2833 - val_loss: 2.0775 - val_accuracy: 0.0000e+00 - lr: 7.4082e-06
Epoch 5/20
4/4 [==============================] - 1s 298ms/step - loss: 4.2224 - accuracy: 0.1833 - val_loss: 2.0788 - val_accuracy: 0.0000e+00 - lr: 6.0653e-06
Epoch 6/20
4/4 [==============================] - 1s 267ms/step - loss: 4.2375 - accuracy: 0.1500 - val_loss: 2.0785 - val_accuracy: 0.0000e+00 - lr: 4.7237e-06
Epoch 7/20
4/4 [==============================] - 1s 364ms/step - loss: 3.7190 - accuracy: 0.2000 - val_loss: 2.0761 - val_accuracy: 0.2000 - lr: 3.4994e-06
Epoch 8/20
4/4 [==============================] - 1s 317ms/step - loss: 4.1237 - accuracy: 0.1667 - val_loss: 2.0731 - val_accuracy: 0.2000 - lr: 2.4660e-06
Epoch 9/20
4/4 [==============================] - 1s 302ms/step - loss: 4.2485 - accuracy: 0.2167 - val_loss: 2.0706 - val_accuracy: 0.2000 - lr: 1.6530e-06
Epoch 10/20
4/4 [==============================] - 1s 301ms/step - loss: 3.7993 - accuracy: 0.3167 - val_loss: 2.0689 - val_accuracy: 0.2000 - lr: 1.0540e-06
Epoch 11/20
4/4 [==============================] - 1s 324ms/step - loss: 3.7451 - accuracy: 0.2167 - val_loss: 2.0674 - val_accuracy: 0.2000 - lr: 6.3928e-07
Epoch 12/20
4/4 [==============================] - 1s 309ms/step - loss: 3.2908 - accuracy: 0.2333 - val_loss: 2.0651 - val_accuracy: 0.2000 - lr: 3.6883e-07
Epoch 13/20
4/4 [==============================] - 1s 319ms/step - loss: 3.4156 - accuracy: 0.1667 - val_loss: 2.0632 - val_accuracy: 0.2000 - lr: 2.0242e-07
Epoch 14/20
4/4 [==============================] - 1s 314ms/step - loss: 3.6280 - accuracy: 0.2500 - val_loss: 2.0615 - val_accuracy: 0.2000 - lr: 1.0567e-07
Epoch 15/20
4/4 [==============================] - 1s 316ms/step - loss: 3.3701 - accuracy: 0.2500 - val_loss: 2.0597 - val_accuracy: 0.2000 - lr: 5.2475e-08
Epoch 16/20
4/4 [==============================] - 1s 320ms/step - loss: 3.1791 - accuracy: 0.2333 - val_loss: 2.0576 - val_accuracy: 0.2000 - lr: 2.4788e-08
Epoch 17/20
4/4 [==============================] - 1s 312ms/step - loss: 3.5866 - accuracy: 0.3000 - val_loss: 2.0557 - val_accuracy: 0.2000 - lr: 1.1138e-08
Epoch 18/20
4/4 [==============================] - 1s 312ms/step - loss: 3.5353 - accuracy: 0.2500 - val_loss: 2.0534 - val_accuracy: 0.2000 - lr: 4.7604e-09
Epoch 19/20
4/4 [==============================] - 1s 323ms/step - loss: 3.6198 - accuracy: 0.2500 - val_loss: 2.0512 - val_accuracy: 0.2000 - lr: 1.9355e-09
Epoch 20/20
4/4 [==============================] - 1s 330ms/step - loss: 3.7280 - accuracy: 0.2500 - val_loss: 2.0492 - val_accuracy: 0.2000 - lr: 7.4852e-10
1/1 [==============================] - 0s 96ms/step - loss: 2.0649 - accuracy: 0.1429
Found 60 images belonging to 6 classes.
Found 5 images belonging to 6 classes.
Found 7 images belonging to 6 classes.
Epoch 1/25
4/4 [==============================] - ETA: 0s - loss: 5.9893 - accuracy: 0.0667C:\Users\tom.zbc\PycharmProjects\fungis_bacterias_project\.venv\lib\site-packages\keras\src\engine\training.py:3000: UserWarning: You are saving your model as an HDF5 file via `model.save()`. This file format is considered legacy. We recommend using instead the native Keras format, e.g. `model.save('my_model.keras')`.
  saving_api.save_model(
4/4 [==============================] - 2s 365ms/step - loss: 5.9893 - accuracy: 0.0667 - val_loss: 2.1325 - val_accuracy: 0.0000e+00 - lr: 1.0000e-05
Epoch 2/25
4/4 [==============================] - 1s 331ms/step - loss: 4.5837 - accuracy: 0.1667 - val_loss: 2.1281 - val_accuracy: 0.0000e+00 - lr: 9.5123e-06
Epoch 3/25
4/4 [==============================] - 1s 317ms/step - loss: 4.0893 - accuracy: 0.2333 - val_loss: 2.1241 - val_accuracy: 0.0000e+00 - lr: 8.6071e-06
Epoch 4/25
4/4 [==============================] - 1s 320ms/step - loss: 3.8071 - accuracy: 0.2167 - val_loss: 2.1162 - val_accuracy: 0.0000e+00 - lr: 7.4082e-06
Epoch 5/25
4/4 [==============================] - 1s 328ms/step - loss: 3.6705 - accuracy: 0.1667 - val_loss: 2.1113 - val_accuracy: 0.0000e+00 - lr: 6.0653e-06
Epoch 6/25
4/4 [==============================] - 1s 336ms/step - loss: 3.5278 - accuracy: 0.2167 - val_loss: 2.1095 - val_accuracy: 0.0000e+00 - lr: 4.7237e-06
Epoch 7/25
4/4 [==============================] - 1s 323ms/step - loss: 3.6386 - accuracy: 0.2833 - val_loss: 2.1085 - val_accuracy: 0.2000 - lr: 3.4994e-06
Epoch 8/25
4/4 [==============================] - 1s 311ms/step - loss: 3.5637 - accuracy: 0.2167 - val_loss: 2.1081 - val_accuracy: 0.2000 - lr: 2.4660e-06
Epoch 9/25
4/4 [==============================] - 1s 256ms/step - loss: 3.2273 - accuracy: 0.3333 - val_loss: 2.1102 - val_accuracy: 0.2000 - lr: 1.6530e-06
Epoch 10/25
4/4 [==============================] - 1s 261ms/step - loss: 3.6480 - accuracy: 0.2667 - val_loss: 2.1130 - val_accuracy: 0.2000 - lr: 1.0540e-06
Epoch 11/25
4/4 [==============================] - 1s 254ms/step - loss: 4.5430 - accuracy: 0.1333 - val_loss: 2.1159 - val_accuracy: 0.2000 - lr: 6.3928e-07
Epoch 12/25
4/4 [==============================] - 1s 257ms/step - loss: 3.2660 - accuracy: 0.2500 - val_loss: 2.1187 - val_accuracy: 0.2000 - lr: 3.6883e-07
Epoch 13/25
4/4 [==============================] - 1s 269ms/step - loss: 3.3545 - accuracy: 0.2667 - val_loss: 2.1207 - val_accuracy: 0.2000 - lr: 1.0121e-07
Epoch 14/25
4/4 [==============================] - 1s 271ms/step - loss: 3.8383 - accuracy: 0.1667 - val_loss: 2.1231 - val_accuracy: 0.2000 - lr: 5.2836e-08
1/1 [==============================] - 0s 93ms/step - loss: 2.1071 - accuracy: 0.1429
Found 60 images belonging to 6 classes.
Found 5 images belonging to 6 classes.
Found 7 images belonging to 6 classes.
Epoch 1/20
4/4 [==============================] - ETA: 0s - loss: 5.1341 - accuracy: 0.1500C:\Users\tom.zbc\PycharmProjects\fungis_bacterias_project\.venv\lib\site-packages\keras\src\engine\training.py:3000: UserWarning: You are saving your model as an HDF5 file via `model.save()`. This file format is considered legacy. We recommend using instead the native Keras format, e.g. `model.save('my_model.keras')`.
  saving_api.save_model(
4/4 [==============================] - 2s 371ms/step - loss: 5.1341 - accuracy: 0.1500 - val_loss: 2.1170 - val_accuracy: 0.0000e+00 - lr: 1.0000e-05
Epoch 2/20
4/4 [==============================] - 1s 291ms/step - loss: 4.3072 - accuracy: 0.2500 - val_loss: 2.1204 - val_accuracy: 0.0000e+00 - lr: 9.5123e-06
Epoch 3/20
4/4 [==============================] - 1s 325ms/step - loss: 5.1460 - accuracy: 0.2000 - val_loss: 2.1169 - val_accuracy: 0.2000 - lr: 8.6071e-06
Epoch 4/20
4/4 [==============================] - 1s 315ms/step - loss: 3.7766 - accuracy: 0.2333 - val_loss: 2.1143 - val_accuracy: 0.2000 - lr: 7.4082e-06
Epoch 5/20
4/4 [==============================] - 1s 310ms/step - loss: 3.4481 - accuracy: 0.2333 - val_loss: 2.1132 - val_accuracy: 0.2000 - lr: 6.0653e-06
Epoch 6/20
4/4 [==============================] - 1s 268ms/step - loss: 4.7422 - accuracy: 0.1500 - val_loss: 2.1144 - val_accuracy: 0.2000 - lr: 4.7237e-06
Epoch 7/20
4/4 [==============================] - 1s 341ms/step - loss: 4.9600 - accuracy: 0.1333 - val_loss: 2.1123 - val_accuracy: 0.2000 - lr: 3.4994e-06
Epoch 8/20
4/4 [==============================] - 1s 318ms/step - loss: 3.8503 - accuracy: 0.2500 - val_loss: 2.1092 - val_accuracy: 0.0000e+00 - lr: 2.4660e-06
Epoch 9/20
4/4 [==============================] - 1s 316ms/step - loss: 4.0277 - accuracy: 0.2833 - val_loss: 2.1066 - val_accuracy: 0.0000e+00 - lr: 1.6530e-06
Epoch 10/20
4/4 [==============================] - 1s 315ms/step - loss: 4.3369 - accuracy: 0.1500 - val_loss: 2.1032 - val_accuracy: 0.2000 - lr: 1.0540e-06
Epoch 11/20
4/4 [==============================] - 1s 314ms/step - loss: 3.9223 - accuracy: 0.1833 - val_loss: 2.1004 - val_accuracy: 0.2000 - lr: 6.3928e-07
Epoch 12/20
4/4 [==============================] - 1s 346ms/step - loss: 3.8143 - accuracy: 0.2167 - val_loss: 2.0978 - val_accuracy: 0.2000 - lr: 3.6883e-07
Epoch 13/20
4/4 [==============================] - 1s 317ms/step - loss: 4.2507 - accuracy: 0.1667 - val_loss: 2.0961 - val_accuracy: 0.2000 - lr: 2.0242e-07
Epoch 14/20
4/4 [==============================] - 1s 310ms/step - loss: 3.8375 - accuracy: 0.1833 - val_loss: 2.0940 - val_accuracy: 0.2000 - lr: 1.0567e-07
Epoch 15/20
4/4 [==============================] - 1s 312ms/step - loss: 4.0447 - accuracy: 0.1833 - val_loss: 2.0915 - val_accuracy: 0.2000 - lr: 5.2475e-08
Epoch 16/20
4/4 [==============================] - 1s 317ms/step - loss: 3.7600 - accuracy: 0.2333 - val_loss: 2.0894 - val_accuracy: 0.2000 - lr: 2.4788e-08
Epoch 17/20
4/4 [==============================] - 1s 306ms/step - loss: 3.9961 - accuracy: 0.1833 - val_loss: 2.0876 - val_accuracy: 0.2000 - lr: 1.1138e-08
Epoch 18/20
4/4 [==============================] - 1s 296ms/step - loss: 3.2473 - accuracy: 0.2333 - val_loss: 2.0862 - val_accuracy: 0.2000 - lr: 4.7604e-09
Epoch 19/20
4/4 [==============================] - 1s 299ms/step - loss: 3.6139 - accuracy: 0.2000 - val_loss: 2.0847 - val_accuracy: 0.2000 - lr: 1.9355e-09
Epoch 20/20
4/4 [==============================] - 1s 316ms/step - loss: 3.5454 - accuracy: 0.2667 - val_loss: 2.0834 - val_accuracy: 0.2000 - lr: 7.4852e-10
1/1 [==============================] - 0s 103ms/step - loss: 2.1668 - accuracy: 0.0000e+00
Found 60 images belonging to 6 classes.
Found 5 images belonging to 6 classes.
Found 7 images belonging to 6 classes.
Epoch 1/25
4/4 [==============================] - ETA: 0s - loss: 5.5774 - accuracy: 0.1333C:\Users\tom.zbc\PycharmProjects\fungis_bacterias_project\.venv\lib\site-packages\keras\src\engine\training.py:3000: UserWarning: You are saving your model as an HDF5 file via `model.save()`. This file format is considered legacy. We recommend using instead the native Keras format, e.g. `model.save('my_model.keras')`.
  saving_api.save_model(
4/4 [==============================] - 2s 387ms/step - loss: 5.5774 - accuracy: 0.1333 - val_loss: 2.0672 - val_accuracy: 0.2000 - lr: 1.0000e-05
Epoch 2/25
4/4 [==============================] - 1s 338ms/step - loss: 5.1424 - accuracy: 0.0667 - val_loss: 2.0597 - val_accuracy: 0.6000 - lr: 9.5123e-06
Epoch 3/25
4/4 [==============================] - 1s 269ms/step - loss: 4.4500 - accuracy: 0.1333 - val_loss: 2.0605 - val_accuracy: 0.6000 - lr: 8.6071e-06
Epoch 4/25
4/4 [==============================] - 1s 256ms/step - loss: 4.0920 - accuracy: 0.2167 - val_loss: 2.0631 - val_accuracy: 0.6000 - lr: 7.4082e-06
Epoch 5/25
4/4 [==============================] - 1s 288ms/step - loss: 4.0025 - accuracy: 0.1667 - val_loss: 2.0651 - val_accuracy: 0.6000 - lr: 6.0653e-06
Epoch 6/25
4/4 [==============================] - 1s 277ms/step - loss: 3.4846 - accuracy: 0.2667 - val_loss: 2.0650 - val_accuracy: 0.6000 - lr: 4.7237e-06
Epoch 7/25
4/4 [==============================] - 1s 283ms/step - loss: 2.8965 - accuracy: 0.3167 - val_loss: 2.0634 - val_accuracy: 0.4000 - lr: 1.7497e-06
Epoch 8/25
4/4 [==============================] - 1s 269ms/step - loss: 3.7224 - accuracy: 0.2000 - val_loss: 2.0620 - val_accuracy: 0.4000 - lr: 1.2330e-06
1/1 [==============================] - 0s 98ms/step - loss: 2.1100 - accuracy: 0.1429
Found 60 images belonging to 6 classes.
Found 5 images belonging to 6 classes.
Found 7 images belonging to 6 classes.
Epoch 1/20
4/4 [==============================] - ETA: 0s - loss: 4.6371 - accuracy: 0.1667C:\Users\tom.zbc\PycharmProjects\fungis_bacterias_project\.venv\lib\site-packages\keras\src\engine\training.py:3000: UserWarning: You are saving your model as an HDF5 file via `model.save()`. This file format is considered legacy. We recommend using instead the native Keras format, e.g. `model.save('my_model.keras')`.
  saving_api.save_model(
4/4 [==============================] - 2s 375ms/step - loss: 4.6371 - accuracy: 0.1667 - val_loss: 2.0667 - val_accuracy: 0.2000 - lr: 1.0000e-05
Epoch 2/20
4/4 [==============================] - 1s 297ms/step - loss: 4.2825 - accuracy: 0.2000 - val_loss: 2.0732 - val_accuracy: 0.2000 - lr: 9.5123e-06
Epoch 3/20
4/4 [==============================] - 1s 280ms/step - loss: 3.9541 - accuracy: 0.2000 - val_loss: 2.0804 - val_accuracy: 0.0000e+00 - lr: 8.6071e-06
Epoch 4/20
4/4 [==============================] - 1s 289ms/step - loss: 4.3976 - accuracy: 0.2000 - val_loss: 2.0858 - val_accuracy: 0.2000 - lr: 7.4082e-06
Epoch 5/20
4/4 [==============================] - 1s 283ms/step - loss: 4.6080 - accuracy: 0.2000 - val_loss: 2.0839 - val_accuracy: 0.2000 - lr: 6.0653e-06
Epoch 6/20
4/4 [==============================] - 1s 266ms/step - loss: 3.4052 - accuracy: 0.2833 - val_loss: 2.0825 - val_accuracy: 0.2000 - lr: 2.3618e-06
Epoch 7/20
4/4 [==============================] - 1s 267ms/step - loss: 4.1880 - accuracy: 0.1833 - val_loss: 2.0871 - val_accuracy: 0.2000 - lr: 1.7497e-06
1/1 [==============================] - 0s 96ms/step - loss: 2.0911 - accuracy: 0.1429
Found 60 images belonging to 6 classes.
Found 5 images belonging to 6 classes.
Found 7 images belonging to 6 classes.
Epoch 1/25
4/4 [==============================] - ETA: 0s - loss: 4.3750 - accuracy: 0.2000C:\Users\tom.zbc\PycharmProjects\fungis_bacterias_project\.venv\lib\site-packages\keras\src\engine\training.py:3000: UserWarning: You are saving your model as an HDF5 file via `model.save()`. This file format is considered legacy. We recommend using instead the native Keras format, e.g. `model.save('my_model.keras')`.
  saving_api.save_model(
4/4 [==============================] - 2s 366ms/step - loss: 4.3750 - accuracy: 0.2000 - val_loss: 2.0662 - val_accuracy: 0.4000 - lr: 1.0000e-05
Epoch 2/25
4/4 [==============================] - 1s 328ms/step - loss: 4.6203 - accuracy: 0.1000 - val_loss: 2.0577 - val_accuracy: 0.4000 - lr: 9.5123e-06
Epoch 3/25
4/4 [==============================] - 1s 303ms/step - loss: 3.9593 - accuracy: 0.2000 - val_loss: 2.0565 - val_accuracy: 0.2000 - lr: 8.6071e-06
Epoch 4/25
4/4 [==============================] - 1s 275ms/step - loss: 3.4604 - accuracy: 0.2167 - val_loss: 2.0646 - val_accuracy: 0.4000 - lr: 7.4082e-06
Epoch 5/25
4/4 [==============================] - 1s 269ms/step - loss: 4.0634 - accuracy: 0.2667 - val_loss: 2.0747 - val_accuracy: 0.4000 - lr: 6.0653e-06
Epoch 6/25
4/4 [==============================] - 1s 286ms/step - loss: 4.4901 - accuracy: 0.2167 - val_loss: 2.0865 - val_accuracy: 0.2000 - lr: 4.7237e-06
Epoch 7/25
4/4 [==============================] - 2s 420ms/step - loss: 3.8336 - accuracy: 0.2167 - val_loss: 2.0969 - val_accuracy: 0.2000 - lr: 3.4994e-06
Epoch 8/25
4/4 [==============================] - 2s 433ms/step - loss: 3.3873 - accuracy: 0.2667 - val_loss: 2.1070 - val_accuracy: 0.2000 - lr: 1.2330e-06
Epoch 9/25
4/4 [==============================] - 2s 443ms/step - loss: 3.8433 - accuracy: 0.2167 - val_loss: 2.1184 - val_accuracy: 0.2000 - lr: 8.2649e-07
1/1 [==============================] - 0s 182ms/step - loss: 2.0696 - accuracy: 0.1429
Found 60 images belonging to 6 classes.
Found 5 images belonging to 6 classes.
Found 7 images belonging to 6 classes.
Epoch 1/20
4/4 [==============================] - ETA: 0s - loss: 4.7120 - accuracy: 0.2333C:\Users\tom.zbc\PycharmProjects\fungis_bacterias_project\.venv\lib\site-packages\keras\src\engine\training.py:3000: UserWarning: You are saving your model as an HDF5 file via `model.save()`. This file format is considered legacy. We recommend using instead the native Keras format, e.g. `model.save('my_model.keras')`.
  saving_api.save_model(
4/4 [==============================] - 3s 578ms/step - loss: 4.7120 - accuracy: 0.2333 - val_loss: 2.0929 - val_accuracy: 0.4000 - lr: 1.0000e-05
Epoch 2/20
4/4 [==============================] - 2s 453ms/step - loss: 4.9049 - accuracy: 0.1833 - val_loss: 2.0963 - val_accuracy: 0.2000 - lr: 9.5123e-06
Epoch 3/20
4/4 [==============================] - 2s 557ms/step - loss: 4.6083 - accuracy: 0.1667 - val_loss: 2.0900 - val_accuracy: 0.2000 - lr: 8.6071e-06
Epoch 4/20
4/4 [==============================] - 2s 548ms/step - loss: 3.8803 - accuracy: 0.2500 - val_loss: 2.0882 - val_accuracy: 0.2000 - lr: 7.4082e-06
Epoch 5/20
4/4 [==============================] - 2s 470ms/step - loss: 5.2925 - accuracy: 0.1500 - val_loss: 2.0905 - val_accuracy: 0.4000 - lr: 6.0653e-06
Epoch 6/20
4/4 [==============================] - 2s 413ms/step - loss: 3.6439 - accuracy: 0.2500 - val_loss: 2.0918 - val_accuracy: 0.4000 - lr: 4.7237e-06
Epoch 7/20
4/4 [==============================] - 2s 475ms/step - loss: 4.4292 - accuracy: 0.1667 - val_loss: 2.0917 - val_accuracy: 0.4000 - lr: 3.4994e-06
Epoch 8/20
4/4 [==============================] - 2s 453ms/step - loss: 4.3555 - accuracy: 0.2000 - val_loss: 2.0932 - val_accuracy: 0.4000 - lr: 2.4660e-06
Epoch 9/20
4/4 [==============================] - 2s 406ms/step - loss: 4.1718 - accuracy: 0.1333 - val_loss: 2.0955 - val_accuracy: 0.4000 - lr: 8.2649e-07
Epoch 10/20
4/4 [==============================] - 2s 427ms/step - loss: 4.4549 - accuracy: 0.1333 - val_loss: 2.0979 - val_accuracy: 0.4000 - lr: 5.2700e-07
1/1 [==============================] - 0s 147ms/step - loss: 2.1169 - accuracy: 0.1429
Found 60 images belonging to 6 classes.
Found 5 images belonging to 6 classes.
Found 7 images belonging to 6 classes.
Epoch 1/25
4/4 [==============================] - ETA: 0s - loss: 4.3471 - accuracy: 0.1833C:\Users\tom.zbc\PycharmProjects\fungis_bacterias_project\.venv\lib\site-packages\keras\src\engine\training.py:3000: UserWarning: You are saving your model as an HDF5 file via `model.save()`. This file format is considered legacy. We recommend using instead the native Keras format, e.g. `model.save('my_model.keras')`.
  saving_api.save_model(
4/4 [==============================] - 3s 554ms/step - loss: 4.3471 - accuracy: 0.1833 - val_loss: 2.1157 - val_accuracy: 0.0000e+00 - lr: 1.0000e-05
Epoch 2/25
4/4 [==============================] - 2s 443ms/step - loss: 4.0093 - accuracy: 0.2167 - val_loss: 2.1101 - val_accuracy: 0.0000e+00 - lr: 9.5123e-06
Epoch 3/25
4/4 [==============================] - 2s 500ms/step - loss: 4.5964 - accuracy: 0.2000 - val_loss: 2.1046 - val_accuracy: 0.0000e+00 - lr: 8.6071e-06
Epoch 4/25
4/4 [==============================] - 2s 470ms/step - loss: 4.4733 - accuracy: 0.1667 - val_loss: 2.1003 - val_accuracy: 0.0000e+00 - lr: 7.4082e-06
Epoch 5/25
4/4 [==============================] - 2s 426ms/step - loss: 4.7497 - accuracy: 0.2000 - val_loss: 2.0966 - val_accuracy: 0.0000e+00 - lr: 6.0653e-06
Epoch 6/25
4/4 [==============================] - 2s 474ms/step - loss: 3.9356 - accuracy: 0.2000 - val_loss: 2.0940 - val_accuracy: 0.0000e+00 - lr: 4.7237e-06
Epoch 7/25
4/4 [==============================] - 2s 458ms/step - loss: 3.6323 - accuracy: 0.2167 - val_loss: 2.0936 - val_accuracy: 0.2000 - lr: 3.4994e-06
Epoch 8/25
4/4 [==============================] - 2s 396ms/step - loss: 3.8332 - accuracy: 0.1833 - val_loss: 2.0954 - val_accuracy: 0.2000 - lr: 2.4660e-06
Epoch 9/25
4/4 [==============================] - 2s 411ms/step - loss: 3.8539 - accuracy: 0.2833 - val_loss: 2.0987 - val_accuracy: 0.2000 - lr: 1.6530e-06
Epoch 10/25
4/4 [==============================] - 2s 447ms/step - loss: 4.6850 - accuracy: 0.1167 - val_loss: 2.1013 - val_accuracy: 0.2000 - lr: 1.0540e-06
Epoch 11/25
4/4 [==============================] - 2s 420ms/step - loss: 3.9901 - accuracy: 0.2167 - val_loss: 2.1039 - val_accuracy: 0.2000 - lr: 6.3928e-07
Epoch 12/25
4/4 [==============================] - 2s 400ms/step - loss: 3.9007 - accuracy: 0.3000 - val_loss: 2.1075 - val_accuracy: 0.2000 - lr: 1.8442e-07
Epoch 13/25
4/4 [==============================] - 2s 462ms/step - loss: 4.2526 - accuracy: 0.2167 - val_loss: 2.1111 - val_accuracy: 0.2000 - lr: 1.0121e-07
1/1 [==============================] - 0s 169ms/step - loss: 2.1052 - accuracy: 0.1429
Found 60 images belonging to 6 classes.
Found 5 images belonging to 6 classes.
Found 7 images belonging to 6 classes.
Epoch 1/20
4/4 [==============================] - ETA: 0s - loss: 3.6664 - accuracy: 0.2667C:\Users\tom.zbc\PycharmProjects\fungis_bacterias_project\.venv\lib\site-packages\keras\src\engine\training.py:3000: UserWarning: You are saving your model as an HDF5 file via `model.save()`. This file format is considered legacy. We recommend using instead the native Keras format, e.g. `model.save('my_model.keras')`.
  saving_api.save_model(
4/4 [==============================] - 4s 942ms/step - loss: 3.6664 - accuracy: 0.2667 - val_loss: 2.1523 - val_accuracy: 0.0000e+00 - lr: 1.0000e-05
Epoch 2/20
4/4 [==============================] - 3s 856ms/step - loss: 5.0425 - accuracy: 0.1833 - val_loss: 2.1396 - val_accuracy: 0.4000 - lr: 9.5123e-06
Epoch 3/20
4/4 [==============================] - 3s 762ms/step - loss: 4.9051 - accuracy: 0.1667 - val_loss: 2.1340 - val_accuracy: 0.4000 - lr: 8.6071e-06
Epoch 4/20
4/4 [==============================] - 3s 755ms/step - loss: 3.5261 - accuracy: 0.2000 - val_loss: 2.1327 - val_accuracy: 0.2000 - lr: 7.4082e-06
Epoch 5/20
4/4 [==============================] - 3s 682ms/step - loss: 4.1309 - accuracy: 0.1667 - val_loss: 2.1312 - val_accuracy: 0.2000 - lr: 6.0653e-06
Epoch 6/20
4/4 [==============================] - 3s 671ms/step - loss: 3.6966 - accuracy: 0.2333 - val_loss: 2.1287 - val_accuracy: 0.0000e+00 - lr: 4.7237e-06
Epoch 7/20
4/4 [==============================] - 3s 705ms/step - loss: 3.4770 - accuracy: 0.2333 - val_loss: 2.1269 - val_accuracy: 0.0000e+00 - lr: 3.4994e-06
Epoch 8/20
4/4 [==============================] - 3s 659ms/step - loss: 3.6048 - accuracy: 0.2667 - val_loss: 2.1264 - val_accuracy: 0.0000e+00 - lr: 2.4660e-06
Epoch 9/20
4/4 [==============================] - 2s 657ms/step - loss: 3.2616 - accuracy: 0.3833 - val_loss: 2.1247 - val_accuracy: 0.0000e+00 - lr: 1.6530e-06
Epoch 10/20
4/4 [==============================] - 2s 570ms/step - loss: 3.1741 - accuracy: 0.2333 - val_loss: 2.1238 - val_accuracy: 0.2000 - lr: 1.0540e-06
Epoch 11/20
4/4 [==============================] - 2s 543ms/step - loss: 3.2299 - accuracy: 0.2167 - val_loss: 2.1230 - val_accuracy: 0.2000 - lr: 6.3928e-07
Epoch 12/20
4/4 [==============================] - 2s 555ms/step - loss: 3.5153 - accuracy: 0.2167 - val_loss: 2.1223 - val_accuracy: 0.2000 - lr: 3.6883e-07
Epoch 13/20
4/4 [==============================] - 2s 510ms/step - loss: 2.6199 - accuracy: 0.4500 - val_loss: 2.1219 - val_accuracy: 0.2000 - lr: 2.0242e-07
Epoch 14/20
4/4 [==============================] - 2s 456ms/step - loss: 3.3153 - accuracy: 0.2667 - val_loss: 2.1220 - val_accuracy: 0.2000 - lr: 1.0567e-07
Epoch 15/20
4/4 [==============================] - 2s 425ms/step - loss: 3.1883 - accuracy: 0.2500 - val_loss: 2.1221 - val_accuracy: 0.2000 - lr: 5.2475e-08
Epoch 16/20
4/4 [==============================] - 2s 472ms/step - loss: 3.2382 - accuracy: 0.2333 - val_loss: 2.1224 - val_accuracy: 0.2000 - lr: 2.4788e-08
Epoch 17/20
4/4 [==============================] - 2s 416ms/step - loss: 3.1036 - accuracy: 0.1833 - val_loss: 2.1229 - val_accuracy: 0.2000 - lr: 1.1138e-08
Epoch 18/20
4/4 [==============================] - 2s 406ms/step - loss: 3.3074 - accuracy: 0.3500 - val_loss: 2.1237 - val_accuracy: 0.2000 - lr: 4.7604e-09
Epoch 19/20
4/4 [==============================] - 2s 412ms/step - loss: 3.4603 - accuracy: 0.3500 - val_loss: 2.1245 - val_accuracy: 0.2000 - lr: 1.9355e-09
1/1 [==============================] - 0s 109ms/step - loss: 2.1369 - accuracy: 0.1429
Found 60 images belonging to 6 classes.
Found 5 images belonging to 6 classes.
Found 7 images belonging to 6 classes.
Epoch 1/25
4/4 [==============================] - ETA: 0s - loss: 4.9684 - accuracy: 0.1500C:\Users\tom.zbc\PycharmProjects\fungis_bacterias_project\.venv\lib\site-packages\keras\src\engine\training.py:3000: UserWarning: You are saving your model as an HDF5 file via `model.save()`. This file format is considered legacy. We recommend using instead the native Keras format, e.g. `model.save('my_model.keras')`.
  saving_api.save_model(
4/4 [==============================] - 2s 492ms/step - loss: 4.9684 - accuracy: 0.1500 - val_loss: 2.1155 - val_accuracy: 0.4000 - lr: 1.0000e-05
Epoch 2/25
4/4 [==============================] - 2s 479ms/step - loss: 3.8812 - accuracy: 0.3167 - val_loss: 2.1098 - val_accuracy: 0.2000 - lr: 9.5123e-06
Epoch 3/25
4/4 [==============================] - 2s 505ms/step - loss: 4.1021 - accuracy: 0.2333 - val_loss: 2.1059 - val_accuracy: 0.2000 - lr: 8.6071e-06
Epoch 4/25
4/4 [==============================] - 2s 480ms/step - loss: 4.2785 - accuracy: 0.2000 - val_loss: 2.1000 - val_accuracy: 0.4000 - lr: 7.4082e-06
Epoch 5/25
4/4 [==============================] - 2s 491ms/step - loss: 4.3959 - accuracy: 0.2333 - val_loss: 2.0957 - val_accuracy: 0.4000 - lr: 6.0653e-06
Epoch 6/25
4/4 [==============================] - 2s 458ms/step - loss: 3.4992 - accuracy: 0.2333 - val_loss: 2.0935 - val_accuracy: 0.4000 - lr: 4.7237e-06
Epoch 7/25
4/4 [==============================] - 2s 500ms/step - loss: 3.6551 - accuracy: 0.1833 - val_loss: 2.0909 - val_accuracy: 0.4000 - lr: 3.4994e-06
Epoch 8/25
4/4 [==============================] - 2s 462ms/step - loss: 3.1957 - accuracy: 0.2667 - val_loss: 2.0876 - val_accuracy: 0.4000 - lr: 2.4660e-06
Epoch 9/25
4/4 [==============================] - 2s 454ms/step - loss: 3.5355 - accuracy: 0.2167 - val_loss: 2.0827 - val_accuracy: 0.6000 - lr: 1.6530e-06
Epoch 10/25
4/4 [==============================] - 2s 461ms/step - loss: 2.8142 - accuracy: 0.3500 - val_loss: 2.0788 - val_accuracy: 0.6000 - lr: 1.0540e-06
Epoch 11/25
4/4 [==============================] - 2s 445ms/step - loss: 2.8693 - accuracy: 0.3500 - val_loss: 2.0754 - val_accuracy: 0.6000 - lr: 6.3928e-07
Epoch 12/25
4/4 [==============================] - 2s 435ms/step - loss: 3.6366 - accuracy: 0.3000 - val_loss: 2.0718 - val_accuracy: 0.4000 - lr: 3.6883e-07
Epoch 13/25
4/4 [==============================] - 2s 437ms/step - loss: 2.8371 - accuracy: 0.4000 - val_loss: 2.0677 - val_accuracy: 0.4000 - lr: 2.0242e-07
Epoch 14/25
4/4 [==============================] - 2s 494ms/step - loss: 4.0802 - accuracy: 0.1667 - val_loss: 2.0629 - val_accuracy: 0.4000 - lr: 1.0567e-07
Epoch 15/25
4/4 [==============================] - 2s 443ms/step - loss: 3.4529 - accuracy: 0.2333 - val_loss: 2.0574 - val_accuracy: 0.4000 - lr: 5.2475e-08
Epoch 16/25
4/4 [==============================] - 2s 453ms/step - loss: 2.6911 - accuracy: 0.4333 - val_loss: 2.0519 - val_accuracy: 0.4000 - lr: 2.4788e-08
Epoch 17/25
4/4 [==============================] - 2s 480ms/step - loss: 3.0284 - accuracy: 0.3500 - val_loss: 2.0469 - val_accuracy: 0.4000 - lr: 1.1138e-08
Epoch 18/25
4/4 [==============================] - 2s 487ms/step - loss: 3.5764 - accuracy: 0.2167 - val_loss: 2.0421 - val_accuracy: 0.4000 - lr: 4.7604e-09
Epoch 19/25
4/4 [==============================] - 2s 469ms/step - loss: 3.1643 - accuracy: 0.3500 - val_loss: 2.0373 - val_accuracy: 0.4000 - lr: 1.9355e-09
Epoch 20/25
4/4 [==============================] - 2s 479ms/step - loss: 3.2277 - accuracy: 0.3167 - val_loss: 2.0323 - val_accuracy: 0.4000 - lr: 7.4852e-10
Epoch 21/25
4/4 [==============================] - 2s 484ms/step - loss: 3.3655 - accuracy: 0.2167 - val_loss: 2.0273 - val_accuracy: 0.4000 - lr: 2.7536e-10
Epoch 22/25
4/4 [==============================] - 2s 445ms/step - loss: 3.2245 - accuracy: 0.2667 - val_loss: 2.0224 - val_accuracy: 0.4000 - lr: 9.6360e-11
Epoch 23/25
4/4 [==============================] - 2s 443ms/step - loss: 3.5143 - accuracy: 0.3333 - val_loss: 2.0176 - val_accuracy: 0.4000 - lr: 3.2076e-11
Epoch 24/25
4/4 [==============================] - 2s 457ms/step - loss: 3.3741 - accuracy: 0.2167 - val_loss: 2.0129 - val_accuracy: 0.4000 - lr: 1.0156e-11
Epoch 25/25
4/4 [==============================] - 2s 447ms/step - loss: 3.0141 - accuracy: 0.3000 - val_loss: 2.0081 - val_accuracy: 0.4000 - lr: 3.0590e-12
1/1 [==============================] - 0s 107ms/step - loss: 2.0438 - accuracy: 0.2857
Found 60 images belonging to 6 classes.
Found 5 images belonging to 6 classes.
Found 7 images belonging to 6 classes.
Epoch 1/20
4/4 [==============================] - ETA: 0s - loss: 4.4439 - accuracy: 0.1833C:\Users\tom.zbc\PycharmProjects\fungis_bacterias_project\.venv\lib\site-packages\keras\src\engine\training.py:3000: UserWarning: You are saving your model as an HDF5 file via `model.save()`. This file format is considered legacy. We recommend using instead the native Keras format, e.g. `model.save('my_model.keras')`.
  saving_api.save_model(
4/4 [==============================] - 3s 524ms/step - loss: 4.4439 - accuracy: 0.1833 - val_loss: 2.1809 - val_accuracy: 0.0000e+00 - lr: 1.0000e-05
Epoch 2/20
4/4 [==============================] - 2s 458ms/step - loss: 4.7651 - accuracy: 0.1167 - val_loss: 2.1680 - val_accuracy: 0.0000e+00 - lr: 9.5123e-06
Epoch 3/20
4/4 [==============================] - 2s 491ms/step - loss: 3.3360 - accuracy: 0.2667 - val_loss: 2.1533 - val_accuracy: 0.2000 - lr: 8.6071e-06
Epoch 4/20
4/4 [==============================] - 2s 465ms/step - loss: 3.5295 - accuracy: 0.2833 - val_loss: 2.1494 - val_accuracy: 0.0000e+00 - lr: 7.4082e-06
Epoch 5/20
4/4 [==============================] - 2s 462ms/step - loss: 3.1378 - accuracy: 0.2833 - val_loss: 2.1458 - val_accuracy: 0.0000e+00 - lr: 6.0653e-06
Epoch 6/20
4/4 [==============================] - 2s 469ms/step - loss: 3.8163 - accuracy: 0.2667 - val_loss: 2.1426 - val_accuracy: 0.0000e+00 - lr: 4.7237e-06
Epoch 7/20
4/4 [==============================] - 2s 468ms/step - loss: 3.1206 - accuracy: 0.2833 - val_loss: 2.1412 - val_accuracy: 0.0000e+00 - lr: 3.4994e-06
Epoch 8/20
4/4 [==============================] - 2s 461ms/step - loss: 3.5040 - accuracy: 0.2000 - val_loss: 2.1403 - val_accuracy: 0.0000e+00 - lr: 2.4660e-06
Epoch 9/20
4/4 [==============================] - 2s 467ms/step - loss: 3.3233 - accuracy: 0.2333 - val_loss: 2.1388 - val_accuracy: 0.0000e+00 - lr: 1.6530e-06
Epoch 10/20
4/4 [==============================] - 2s 463ms/step - loss: 3.2208 - accuracy: 0.3833 - val_loss: 2.1373 - val_accuracy: 0.0000e+00 - lr: 1.0540e-06
Epoch 11/20
4/4 [==============================] - 2s 459ms/step - loss: 3.4822 - accuracy: 0.3167 - val_loss: 2.1359 - val_accuracy: 0.0000e+00 - lr: 6.3928e-07
Epoch 12/20
4/4 [==============================] - 2s 460ms/step - loss: 2.8940 - accuracy: 0.4000 - val_loss: 2.1343 - val_accuracy: 0.0000e+00 - lr: 3.6883e-07
Epoch 13/20
4/4 [==============================] - 2s 468ms/step - loss: 3.7756 - accuracy: 0.2000 - val_loss: 2.1332 - val_accuracy: 0.0000e+00 - lr: 2.0242e-07
Epoch 14/20
4/4 [==============================] - 2s 480ms/step - loss: 3.1987 - accuracy: 0.2667 - val_loss: 2.1321 - val_accuracy: 0.0000e+00 - lr: 1.0567e-07
Epoch 15/20
4/4 [==============================] - 2s 472ms/step - loss: 2.9623 - accuracy: 0.3167 - val_loss: 2.1314 - val_accuracy: 0.0000e+00 - lr: 5.2475e-08
Epoch 16/20
4/4 [==============================] - 2s 495ms/step - loss: 3.5827 - accuracy: 0.3333 - val_loss: 2.1307 - val_accuracy: 0.0000e+00 - lr: 2.4788e-08
Epoch 17/20
4/4 [==============================] - 2s 464ms/step - loss: 3.1338 - accuracy: 0.2500 - val_loss: 2.1302 - val_accuracy: 0.0000e+00 - lr: 1.1138e-08
Epoch 18/20
4/4 [==============================] - 2s 462ms/step - loss: 3.7703 - accuracy: 0.2167 - val_loss: 2.1298 - val_accuracy: 0.0000e+00 - lr: 4.7604e-09
Epoch 19/20
4/4 [==============================] - 2s 482ms/step - loss: 2.9528 - accuracy: 0.3333 - val_loss: 2.1295 - val_accuracy: 0.0000e+00 - lr: 1.9355e-09
Epoch 20/20
4/4 [==============================] - 2s 469ms/step - loss: 3.1328 - accuracy: 0.3833 - val_loss: 2.1292 - val_accuracy: 0.0000e+00 - lr: 7.4852e-10
1/1 [==============================] - 0s 108ms/step - loss: 2.1394 - accuracy: 0.1429
Found 60 images belonging to 6 classes.
Found 5 images belonging to 6 classes.
Found 7 images belonging to 6 classes.
Epoch 1/25
4/4 [==============================] - ETA: 0s - loss: 4.8328 - accuracy: 0.2000C:\Users\tom.zbc\PycharmProjects\fungis_bacterias_project\.venv\lib\site-packages\keras\src\engine\training.py:3000: UserWarning: You are saving your model as an HDF5 file via `model.save()`. This file format is considered legacy. We recommend using instead the native Keras format, e.g. `model.save('my_model.keras')`.
  saving_api.save_model(
4/4 [==============================] - 3s 529ms/step - loss: 4.8328 - accuracy: 0.2000 - val_loss: 2.1140 - val_accuracy: 0.4000 - lr: 1.0000e-05
Epoch 2/25
4/4 [==============================] - 2s 460ms/step - loss: 4.3517 - accuracy: 0.2167 - val_loss: 2.1023 - val_accuracy: 0.4000 - lr: 9.5123e-06
Epoch 3/25
4/4 [==============================] - 2s 483ms/step - loss: 4.5283 - accuracy: 0.2500 - val_loss: 2.1007 - val_accuracy: 0.4000 - lr: 8.6071e-06
Epoch 4/25
4/4 [==============================] - 2s 356ms/step - loss: 4.0096 - accuracy: 0.1667 - val_loss: 2.1017 - val_accuracy: 0.6000 - lr: 7.4082e-06
Epoch 5/25
4/4 [==============================] - 2s 359ms/step - loss: 3.6643 - accuracy: 0.1833 - val_loss: 2.1015 - val_accuracy: 0.8000 - lr: 6.0653e-06
Epoch 6/25
4/4 [==============================] - 2s 379ms/step - loss: 3.1347 - accuracy: 0.2333 - val_loss: 2.1015 - val_accuracy: 0.6000 - lr: 4.7237e-06
Epoch 7/25
4/4 [==============================] - 2s 363ms/step - loss: 2.9020 - accuracy: 0.3667 - val_loss: 2.1010 - val_accuracy: 0.6000 - lr: 3.4994e-06
Epoch 8/25
4/4 [==============================] - 2s 467ms/step - loss: 3.7438 - accuracy: 0.2333 - val_loss: 2.0981 - val_accuracy: 0.6000 - lr: 2.4660e-06
Epoch 9/25
4/4 [==============================] - 2s 501ms/step - loss: 3.3266 - accuracy: 0.2500 - val_loss: 2.0948 - val_accuracy: 0.6000 - lr: 1.6530e-06
Epoch 10/25
4/4 [==============================] - 2s 458ms/step - loss: 2.8711 - accuracy: 0.3333 - val_loss: 2.0906 - val_accuracy: 0.6000 - lr: 1.0540e-06
Epoch 11/25
4/4 [==============================] - 2s 459ms/step - loss: 2.8441 - accuracy: 0.3000 - val_loss: 2.0872 - val_accuracy: 0.6000 - lr: 6.3928e-07
Epoch 12/25
4/4 [==============================] - 2s 448ms/step - loss: 3.4166 - accuracy: 0.2500 - val_loss: 2.0844 - val_accuracy: 0.6000 - lr: 3.6883e-07
Epoch 13/25
4/4 [==============================] - 2s 494ms/step - loss: 2.9678 - accuracy: 0.2833 - val_loss: 2.0822 - val_accuracy: 0.6000 - lr: 2.0242e-07
Epoch 14/25
4/4 [==============================] - 2s 521ms/step - loss: 3.0211 - accuracy: 0.3667 - val_loss: 2.0803 - val_accuracy: 0.6000 - lr: 1.0567e-07
Epoch 15/25
4/4 [==============================] - 2s 469ms/step - loss: 2.8206 - accuracy: 0.4333 - val_loss: 2.0782 - val_accuracy: 0.6000 - lr: 5.2475e-08
Epoch 16/25
4/4 [==============================] - 2s 509ms/step - loss: 3.0935 - accuracy: 0.1833 - val_loss: 2.0760 - val_accuracy: 0.6000 - lr: 2.4788e-08
Epoch 17/25
4/4 [==============================] - 2s 472ms/step - loss: 3.3058 - accuracy: 0.2833 - val_loss: 2.0738 - val_accuracy: 0.6000 - lr: 1.1138e-08
Epoch 18/25
4/4 [==============================] - 2s 502ms/step - loss: 3.3345 - accuracy: 0.2500 - val_loss: 2.0716 - val_accuracy: 0.6000 - lr: 4.7604e-09
Epoch 19/25
4/4 [==============================] - 2s 462ms/step - loss: 3.7945 - accuracy: 0.2500 - val_loss: 2.0695 - val_accuracy: 0.6000 - lr: 1.9355e-09
Epoch 20/25
4/4 [==============================] - 2s 495ms/step - loss: 3.5792 - accuracy: 0.2333 - val_loss: 2.0675 - val_accuracy: 0.6000 - lr: 7.4852e-10
Epoch 21/25
4/4 [==============================] - 2s 462ms/step - loss: 2.8768 - accuracy: 0.2833 - val_loss: 2.0654 - val_accuracy: 0.6000 - lr: 2.7536e-10
Epoch 22/25
4/4 [==============================] - 2s 457ms/step - loss: 2.9298 - accuracy: 0.2333 - val_loss: 2.0634 - val_accuracy: 0.6000 - lr: 9.6360e-11
Epoch 23/25
4/4 [==============================] - 2s 498ms/step - loss: 3.4673 - accuracy: 0.2500 - val_loss: 2.0615 - val_accuracy: 0.6000 - lr: 3.2076e-11
Epoch 24/25
4/4 [==============================] - 2s 451ms/step - loss: 2.7363 - accuracy: 0.3667 - val_loss: 2.0595 - val_accuracy: 0.6000 - lr: 1.0156e-11
Epoch 25/25
4/4 [==============================] - 2s 466ms/step - loss: 2.5578 - accuracy: 0.3167 - val_loss: 2.0577 - val_accuracy: 0.4000 - lr: 3.0590e-12
1/1 [==============================] - 0s 109ms/step - loss: 2.1862 - accuracy: 0.0000e+00
Found 60 images belonging to 6 classes.
Found 5 images belonging to 6 classes.
Found 7 images belonging to 6 classes.
Epoch 1/20
4/4 [==============================] - ETA: 0s - loss: 5.2613 - accuracy: 0.2000C:\Users\tom.zbc\PycharmProjects\fungis_bacterias_project\.venv\lib\site-packages\keras\src\engine\training.py:3000: UserWarning: You are saving your model as an HDF5 file via `model.save()`. This file format is considered legacy. We recommend using instead the native Keras format, e.g. `model.save('my_model.keras')`.
  saving_api.save_model(
4/4 [==============================] - 3s 511ms/step - loss: 5.2613 - accuracy: 0.2000 - val_loss: 2.1366 - val_accuracy: 0.0000e+00 - lr: 1.0000e-05
Epoch 2/20
4/4 [==============================] - 2s 470ms/step - loss: 3.9647 - accuracy: 0.3000 - val_loss: 2.1333 - val_accuracy: 0.0000e+00 - lr: 9.5123e-06
Epoch 3/20
4/4 [==============================] - 2s 376ms/step - loss: 4.4437 - accuracy: 0.2000 - val_loss: 2.1346 - val_accuracy: 0.0000e+00 - lr: 8.6071e-06
Epoch 4/20
4/4 [==============================] - 2s 403ms/step - loss: 4.0223 - accuracy: 0.2833 - val_loss: 2.1361 - val_accuracy: 0.0000e+00 - lr: 7.4082e-06
Epoch 5/20
4/4 [==============================] - 2s 393ms/step - loss: 4.0158 - accuracy: 0.2167 - val_loss: 2.1344 - val_accuracy: 0.0000e+00 - lr: 6.0653e-06
Epoch 6/20
4/4 [==============================] - 2s 543ms/step - loss: 3.8298 - accuracy: 0.2167 - val_loss: 2.1240 - val_accuracy: 0.2000 - lr: 4.7237e-06
Epoch 7/20
4/4 [==============================] - 2s 489ms/step - loss: 3.5310 - accuracy: 0.2500 - val_loss: 2.1108 - val_accuracy: 0.4000 - lr: 3.4994e-06
Epoch 8/20
4/4 [==============================] - 2s 527ms/step - loss: 3.8110 - accuracy: 0.2167 - val_loss: 2.1004 - val_accuracy: 0.4000 - lr: 2.4660e-06
Epoch 9/20
4/4 [==============================] - 2s 497ms/step - loss: 3.2986 - accuracy: 0.3167 - val_loss: 2.0919 - val_accuracy: 0.4000 - lr: 1.6530e-06
Epoch 10/20
4/4 [==============================] - 2s 540ms/step - loss: 3.6877 - accuracy: 0.2167 - val_loss: 2.0849 - val_accuracy: 0.4000 - lr: 1.0540e-06
Epoch 11/20
4/4 [==============================] - 3s 851ms/step - loss: 3.8010 - accuracy: 0.2167 - val_loss: 2.0788 - val_accuracy: 0.6000 - lr: 6.3928e-07
Epoch 12/20
4/4 [==============================] - 3s 937ms/step - loss: 3.7571 - accuracy: 0.1833 - val_loss: 2.0742 - val_accuracy: 0.6000 - lr: 3.6883e-07
Epoch 13/20
4/4 [==============================] - 3s 895ms/step - loss: 3.6529 - accuracy: 0.2167 - val_loss: 2.0696 - val_accuracy: 0.6000 - lr: 2.0242e-07
Epoch 14/20
4/4 [==============================] - 3s 935ms/step - loss: 3.5283 - accuracy: 0.3167 - val_loss: 2.0647 - val_accuracy: 0.6000 - lr: 1.0567e-07
Epoch 15/20
4/4 [==============================] - 3s 930ms/step - loss: 3.3783 - accuracy: 0.2500 - val_loss: 2.0599 - val_accuracy: 0.6000 - lr: 5.2475e-08
Epoch 16/20
4/4 [==============================] - 3s 850ms/step - loss: 3.4825 - accuracy: 0.2333 - val_loss: 2.0551 - val_accuracy: 0.6000 - lr: 2.4788e-08
Epoch 17/20
4/4 [==============================] - 3s 843ms/step - loss: 3.4161 - accuracy: 0.2833 - val_loss: 2.0504 - val_accuracy: 0.6000 - lr: 1.1138e-08
Epoch 18/20
4/4 [==============================] - 3s 756ms/step - loss: 3.5418 - accuracy: 0.2667 - val_loss: 2.0458 - val_accuracy: 0.6000 - lr: 4.7604e-09
Epoch 19/20
4/4 [==============================] - 3s 913ms/step - loss: 3.5583 - accuracy: 0.2000 - val_loss: 2.0418 - val_accuracy: 0.6000 - lr: 1.9355e-09
Epoch 20/20
4/4 [==============================] - 3s 862ms/step - loss: 3.1849 - accuracy: 0.2667 - val_loss: 2.0382 - val_accuracy: 0.6000 - lr: 7.4852e-10
1/1 [==============================] - 0s 101ms/step - loss: 2.0679 - accuracy: 0.4286
Found 60 images belonging to 6 classes.
Found 5 images belonging to 6 classes.
Found 7 images belonging to 6 classes.
Epoch 1/25
4/4 [==============================] - ETA: 0s - loss: 4.9781 - accuracy: 0.1333C:\Users\tom.zbc\PycharmProjects\fungis_bacterias_project\.venv\lib\site-packages\keras\src\engine\training.py:3000: UserWarning: You are saving your model as an HDF5 file via `model.save()`. This file format is considered legacy. We recommend using instead the native Keras format, e.g. `model.save('my_model.keras')`.
  saving_api.save_model(
4/4 [==============================] - 3s 821ms/step - loss: 4.9781 - accuracy: 0.1333 - val_loss: 2.1577 - val_accuracy: 0.2000 - lr: 1.0000e-05
Epoch 2/25
4/4 [==============================] - 3s 832ms/step - loss: 4.5806 - accuracy: 0.1833 - val_loss: 2.1544 - val_accuracy: 0.0000e+00 - lr: 9.5123e-06
Epoch 3/25
4/4 [==============================] - 3s 799ms/step - loss: 4.6330 - accuracy: 0.1500 - val_loss: 2.1461 - val_accuracy: 0.0000e+00 - lr: 8.6071e-06
Epoch 4/25
4/4 [==============================] - 3s 758ms/step - loss: 3.5159 - accuracy: 0.1667 - val_loss: 2.1376 - val_accuracy: 0.2000 - lr: 7.4082e-06
Epoch 5/25
4/4 [==============================] - 3s 758ms/step - loss: 3.8503 - accuracy: 0.2333 - val_loss: 2.1316 - val_accuracy: 0.2000 - lr: 6.0653e-06
Epoch 6/25
4/4 [==============================] - 3s 790ms/step - loss: 3.4804 - accuracy: 0.2000 - val_loss: 2.1280 - val_accuracy: 0.2000 - lr: 4.7237e-06
Epoch 7/25
4/4 [==============================] - 3s 808ms/step - loss: 3.6659 - accuracy: 0.2500 - val_loss: 2.1236 - val_accuracy: 0.2000 - lr: 3.4994e-06
Epoch 8/25
4/4 [==============================] - 3s 807ms/step - loss: 3.6079 - accuracy: 0.2667 - val_loss: 2.1180 - val_accuracy: 0.2000 - lr: 2.4660e-06
Epoch 9/25
4/4 [==============================] - 3s 794ms/step - loss: 4.2386 - accuracy: 0.1833 - val_loss: 2.1122 - val_accuracy: 0.2000 - lr: 1.6530e-06
Epoch 10/25
4/4 [==============================] - 2s 649ms/step - loss: 3.2023 - accuracy: 0.3500 - val_loss: 2.1078 - val_accuracy: 0.2000 - lr: 1.0540e-06
Epoch 11/25
4/4 [==============================] - 3s 787ms/step - loss: 3.7705 - accuracy: 0.2500 - val_loss: 2.1041 - val_accuracy: 0.2000 - lr: 6.3928e-07
Epoch 12/25
4/4 [==============================] - 3s 672ms/step - loss: 3.8103 - accuracy: 0.2500 - val_loss: 2.1004 - val_accuracy: 0.2000 - lr: 3.6883e-07
Epoch 13/25
4/4 [==============================] - 3s 661ms/step - loss: 3.7469 - accuracy: 0.2500 - val_loss: 2.0970 - val_accuracy: 0.2000 - lr: 2.0242e-07
Epoch 14/25
4/4 [==============================] - 2s 637ms/step - loss: 3.3592 - accuracy: 0.2667 - val_loss: 2.0935 - val_accuracy: 0.2000 - lr: 1.0567e-07
Epoch 15/25
4/4 [==============================] - 2s 649ms/step - loss: 3.7009 - accuracy: 0.2167 - val_loss: 2.0901 - val_accuracy: 0.2000 - lr: 5.2475e-08
Epoch 16/25
4/4 [==============================] - 2s 606ms/step - loss: 3.3329 - accuracy: 0.3333 - val_loss: 2.0872 - val_accuracy: 0.2000 - lr: 2.4788e-08
Epoch 17/25
4/4 [==============================] - 2s 626ms/step - loss: 3.9360 - accuracy: 0.1833 - val_loss: 2.0840 - val_accuracy: 0.2000 - lr: 1.1138e-08
Epoch 18/25
4/4 [==============================] - 2s 565ms/step - loss: 3.6850 - accuracy: 0.3000 - val_loss: 2.0810 - val_accuracy: 0.2000 - lr: 4.7604e-09
Epoch 19/25
4/4 [==============================] - 2s 539ms/step - loss: 3.6803 - accuracy: 0.2333 - val_loss: 2.0783 - val_accuracy: 0.2000 - lr: 1.9355e-09
Epoch 20/25
4/4 [==============================] - 2s 499ms/step - loss: 3.3887 - accuracy: 0.2500 - val_loss: 2.0759 - val_accuracy: 0.2000 - lr: 7.4852e-10
Epoch 21/25
4/4 [==============================] - 2s 516ms/step - loss: 3.9987 - accuracy: 0.2500 - val_loss: 2.0733 - val_accuracy: 0.2000 - lr: 2.7536e-10
Epoch 22/25
4/4 [==============================] - 2s 540ms/step - loss: 2.9523 - accuracy: 0.2333 - val_loss: 2.0710 - val_accuracy: 0.2000 - lr: 9.6360e-11
Epoch 23/25
4/4 [==============================] - 2s 581ms/step - loss: 3.5418 - accuracy: 0.2500 - val_loss: 2.0686 - val_accuracy: 0.2000 - lr: 3.2076e-11
Epoch 24/25
4/4 [==============================] - 2s 568ms/step - loss: 3.7030 - accuracy: 0.2667 - val_loss: 2.0667 - val_accuracy: 0.2000 - lr: 1.0156e-11
Epoch 25/25
4/4 [==============================] - 2s 513ms/step - loss: 3.4467 - accuracy: 0.2500 - val_loss: 2.0647 - val_accuracy: 0.2000 - lr: 3.0590e-12
1/1 [==============================] - 0s 119ms/step - loss: 2.0379 - accuracy: 0.1429
Found 60 images belonging to 6 classes.
Found 5 images belonging to 6 classes.
Found 7 images belonging to 6 classes.
Epoch 1/20
4/4 [==============================] - ETA: 0s - loss: 4.8729 - accuracy: 0.1333C:\Users\tom.zbc\PycharmProjects\fungis_bacterias_project\.venv\lib\site-packages\keras\src\engine\training.py:3000: UserWarning: You are saving your model as an HDF5 file via `model.save()`. This file format is considered legacy. We recommend using instead the native Keras format, e.g. `model.save('my_model.keras')`.
  saving_api.save_model(
4/4 [==============================] - 3s 567ms/step - loss: 4.8729 - accuracy: 0.1333 - val_loss: 2.1438 - val_accuracy: 0.4000 - lr: 1.0000e-05
Epoch 2/20
4/4 [==============================] - 2s 437ms/step - loss: 4.8750 - accuracy: 0.1333 - val_loss: 2.1482 - val_accuracy: 0.2000 - lr: 9.5123e-06
Epoch 3/20
4/4 [==============================] - 2s 394ms/step - loss: 4.2829 - accuracy: 0.1667 - val_loss: 2.1481 - val_accuracy: 0.2000 - lr: 8.6071e-06
Epoch 4/20
4/4 [==============================] - 2s 461ms/step - loss: 4.4854 - accuracy: 0.1667 - val_loss: 2.1434 - val_accuracy: 0.2000 - lr: 7.4082e-06
Epoch 5/20
4/4 [==============================] - 2s 506ms/step - loss: 4.3775 - accuracy: 0.2167 - val_loss: 2.1420 - val_accuracy: 0.2000 - lr: 6.0653e-06
Epoch 6/20
4/4 [==============================] - 2s 467ms/step - loss: 3.3477 - accuracy: 0.3500 - val_loss: 2.1417 - val_accuracy: 0.2000 - lr: 4.7237e-06
Epoch 7/20
4/4 [==============================] - 2s 379ms/step - loss: 3.7525 - accuracy: 0.2833 - val_loss: 2.1432 - val_accuracy: 0.2000 - lr: 3.4994e-06
Epoch 8/20
4/4 [==============================] - 2s 373ms/step - loss: 3.1474 - accuracy: 0.3667 - val_loss: 2.1438 - val_accuracy: 0.2000 - lr: 2.4660e-06
Epoch 9/20
4/4 [==============================] - 2s 360ms/step - loss: 3.8832 - accuracy: 0.2000 - val_loss: 2.1447 - val_accuracy: 0.2000 - lr: 1.6530e-06
Epoch 10/20
4/4 [==============================] - 2s 397ms/step - loss: 3.7149 - accuracy: 0.2667 - val_loss: 2.1457 - val_accuracy: 0.2000 - lr: 1.0540e-06
Epoch 11/20
4/4 [==============================] - 2s 349ms/step - loss: 2.9610 - accuracy: 0.3333 - val_loss: 2.1467 - val_accuracy: 0.0000e+00 - lr: 3.1964e-07
Epoch 12/20
4/4 [==============================] - 2s 352ms/step - loss: 3.6251 - accuracy: 0.3167 - val_loss: 2.1478 - val_accuracy: 0.0000e+00 - lr: 1.8442e-07
1/1 [==============================] - 0s 107ms/step - loss: 2.1292 - accuracy: 0.1429
Found 60 images belonging to 6 classes.
Found 5 images belonging to 6 classes.
Found 7 images belonging to 6 classes.
Epoch 1/25
4/4 [==============================] - ETA: 0s - loss: 5.0879 - accuracy: 0.1833C:\Users\tom.zbc\PycharmProjects\fungis_bacterias_project\.venv\lib\site-packages\keras\src\engine\training.py:3000: UserWarning: You are saving your model as an HDF5 file via `model.save()`. This file format is considered legacy. We recommend using instead the native Keras format, e.g. `model.save('my_model.keras')`.
  saving_api.save_model(
4/4 [==============================] - 2s 498ms/step - loss: 5.0879 - accuracy: 0.1833 - val_loss: 2.1387 - val_accuracy: 0.2000 - lr: 1.0000e-05
Epoch 2/25
4/4 [==============================] - 2s 425ms/step - loss: 3.9703 - accuracy: 0.1833 - val_loss: 2.1366 - val_accuracy: 0.2000 - lr: 9.5123e-06
Epoch 3/25
4/4 [==============================] - 1s 349ms/step - loss: 4.8093 - accuracy: 0.1333 - val_loss: 2.1375 - val_accuracy: 0.2000 - lr: 8.6071e-06
Epoch 4/25
4/4 [==============================] - 2s 354ms/step - loss: 4.0142 - accuracy: 0.2167 - val_loss: 2.1391 - val_accuracy: 0.0000e+00 - lr: 7.4082e-06
Epoch 5/25
4/4 [==============================] - 2s 362ms/step - loss: 4.4427 - accuracy: 0.1667 - val_loss: 2.1382 - val_accuracy: 0.0000e+00 - lr: 6.0653e-06
Epoch 6/25
4/4 [==============================] - 2s 452ms/step - loss: 4.0861 - accuracy: 0.2333 - val_loss: 2.1284 - val_accuracy: 0.0000e+00 - lr: 4.7237e-06
Epoch 7/25
4/4 [==============================] - 2s 447ms/step - loss: 3.8570 - accuracy: 0.2333 - val_loss: 2.1184 - val_accuracy: 0.2000 - lr: 3.4994e-06
Epoch 8/25
4/4 [==============================] - 2s 473ms/step - loss: 3.4030 - accuracy: 0.1833 - val_loss: 2.1069 - val_accuracy: 0.2000 - lr: 2.4660e-06
Epoch 9/25
4/4 [==============================] - 2s 444ms/step - loss: 3.3552 - accuracy: 0.3500 - val_loss: 2.0956 - val_accuracy: 0.2000 - lr: 1.6530e-06
Epoch 10/25
4/4 [==============================] - 2s 453ms/step - loss: 3.3158 - accuracy: 0.2833 - val_loss: 2.0841 - val_accuracy: 0.2000 - lr: 1.0540e-06
Epoch 11/25
4/4 [==============================] - 2s 461ms/step - loss: 3.9166 - accuracy: 0.1833 - val_loss: 2.0740 - val_accuracy: 0.2000 - lr: 6.3928e-07
Epoch 12/25
4/4 [==============================] - 2s 482ms/step - loss: 3.5971 - accuracy: 0.2333 - val_loss: 2.0642 - val_accuracy: 0.4000 - lr: 3.6883e-07
Epoch 13/25
4/4 [==============================] - 2s 499ms/step - loss: 2.8327 - accuracy: 0.2167 - val_loss: 2.0554 - val_accuracy: 0.4000 - lr: 2.0242e-07
Epoch 14/25
4/4 [==============================] - 2s 503ms/step - loss: 3.3685 - accuracy: 0.2167 - val_loss: 2.0456 - val_accuracy: 0.4000 - lr: 1.0567e-07
Epoch 15/25
4/4 [==============================] - 2s 463ms/step - loss: 3.4572 - accuracy: 0.2000 - val_loss: 2.0359 - val_accuracy: 0.4000 - lr: 5.2475e-08
Epoch 16/25
4/4 [==============================] - 2s 464ms/step - loss: 4.4797 - accuracy: 0.1833 - val_loss: 2.0269 - val_accuracy: 0.4000 - lr: 2.4788e-08
Epoch 17/25
4/4 [==============================] - 2s 452ms/step - loss: 3.8752 - accuracy: 0.2333 - val_loss: 2.0189 - val_accuracy: 0.4000 - lr: 1.1138e-08
Epoch 18/25
4/4 [==============================] - 2s 463ms/step - loss: 3.8902 - accuracy: 0.2333 - val_loss: 2.0107 - val_accuracy: 0.4000 - lr: 4.7604e-09
Epoch 19/25
4/4 [==============================] - 2s 492ms/step - loss: 2.9097 - accuracy: 0.3333 - val_loss: 2.0024 - val_accuracy: 0.4000 - lr: 1.9355e-09
Epoch 20/25
4/4 [==============================] - 2s 465ms/step - loss: 3.7858 - accuracy: 0.2000 - val_loss: 1.9953 - val_accuracy: 0.4000 - lr: 7.4852e-10
Epoch 21/25
4/4 [==============================] - 2s 450ms/step - loss: 3.7302 - accuracy: 0.2333 - val_loss: 1.9882 - val_accuracy: 0.4000 - lr: 2.7536e-10
Epoch 22/25
4/4 [==============================] - 2s 468ms/step - loss: 3.6214 - accuracy: 0.2000 - val_loss: 1.9815 - val_accuracy: 0.4000 - lr: 9.6360e-11
Epoch 23/25
4/4 [==============================] - 2s 453ms/step - loss: 3.4982 - accuracy: 0.3000 - val_loss: 1.9750 - val_accuracy: 0.4000 - lr: 3.2076e-11
Epoch 24/25
4/4 [==============================] - 2s 466ms/step - loss: 3.6902 - accuracy: 0.2500 - val_loss: 1.9689 - val_accuracy: 0.4000 - lr: 1.0156e-11
Epoch 25/25
4/4 [==============================] - 2s 495ms/step - loss: 3.3143 - accuracy: 0.2667 - val_loss: 1.9632 - val_accuracy: 0.4000 - lr: 3.0590e-12
1/1 [==============================] - 0s 105ms/step - loss: 2.0599 - accuracy: 0.5714
Found 60 images belonging to 6 classes.
Found 5 images belonging to 6 classes.
Found 7 images belonging to 6 classes.
Epoch 1/20
4/4 [==============================] - ETA: 0s - loss: 5.9943 - accuracy: 0.1667C:\Users\tom.zbc\PycharmProjects\fungis_bacterias_project\.venv\lib\site-packages\keras\src\engine\training.py:3000: UserWarning: You are saving your model as an HDF5 file via `model.save()`. This file format is considered legacy. We recommend using instead the native Keras format, e.g. `model.save('my_model.keras')`.
  saving_api.save_model(
4/4 [==============================] - 2s 350ms/step - loss: 5.9943 - accuracy: 0.1667 - val_loss: 2.0787 - val_accuracy: 0.0000e+00 - lr: 1.0000e-05
Epoch 2/20
4/4 [==============================] - 1s 319ms/step - loss: 6.5245 - accuracy: 0.1167 - val_loss: 2.0759 - val_accuracy: 0.2000 - lr: 9.5123e-06
Epoch 3/20
4/4 [==============================] - 1s 302ms/step - loss: 5.1641 - accuracy: 0.1333 - val_loss: 2.0755 - val_accuracy: 0.4000 - lr: 8.6071e-06
Epoch 4/20
4/4 [==============================] - 1s 269ms/step - loss: 4.6508 - accuracy: 0.1833 - val_loss: 2.0792 - val_accuracy: 0.4000 - lr: 7.4082e-06
Epoch 5/20
4/4 [==============================] - 1s 243ms/step - loss: 4.9131 - accuracy: 0.1167 - val_loss: 2.0796 - val_accuracy: 0.4000 - lr: 6.0653e-06
Epoch 6/20
4/4 [==============================] - 1s 269ms/step - loss: 5.1130 - accuracy: 0.1500 - val_loss: 2.0759 - val_accuracy: 0.4000 - lr: 4.7237e-06
Epoch 7/20
4/4 [==============================] - 1s 313ms/step - loss: 4.9106 - accuracy: 0.2333 - val_loss: 2.0712 - val_accuracy: 0.4000 - lr: 3.4994e-06
Epoch 8/20
4/4 [==============================] - 1s 314ms/step - loss: 4.9831 - accuracy: 0.2500 - val_loss: 2.0664 - val_accuracy: 0.4000 - lr: 2.4660e-06
Epoch 9/20
4/4 [==============================] - 1s 316ms/step - loss: 4.2540 - accuracy: 0.2667 - val_loss: 2.0617 - val_accuracy: 0.4000 - lr: 1.6530e-06
Epoch 10/20
4/4 [==============================] - 1s 288ms/step - loss: 4.7764 - accuracy: 0.1500 - val_loss: 2.0571 - val_accuracy: 0.4000 - lr: 1.0540e-06
Epoch 11/20
4/4 [==============================] - 1s 290ms/step - loss: 4.3176 - accuracy: 0.2667 - val_loss: 2.0523 - val_accuracy: 0.4000 - lr: 6.3928e-07
Epoch 12/20
4/4 [==============================] - 1s 289ms/step - loss: 6.4664 - accuracy: 0.0667 - val_loss: 2.0481 - val_accuracy: 0.4000 - lr: 3.6883e-07
Epoch 13/20
4/4 [==============================] - 1s 329ms/step - loss: 4.3766 - accuracy: 0.2000 - val_loss: 2.0447 - val_accuracy: 0.4000 - lr: 2.0242e-07
Epoch 14/20
4/4 [==============================] - 1s 302ms/step - loss: 4.7591 - accuracy: 0.2333 - val_loss: 2.0417 - val_accuracy: 0.4000 - lr: 1.0567e-07
Epoch 15/20
4/4 [==============================] - 1s 292ms/step - loss: 3.8915 - accuracy: 0.3167 - val_loss: 2.0397 - val_accuracy: 0.4000 - lr: 5.2475e-08
Epoch 16/20
4/4 [==============================] - 1s 297ms/step - loss: 5.2063 - accuracy: 0.1833 - val_loss: 2.0380 - val_accuracy: 0.2000 - lr: 2.4788e-08
Epoch 17/20
4/4 [==============================] - 1s 294ms/step - loss: 4.2580 - accuracy: 0.2167 - val_loss: 2.0361 - val_accuracy: 0.2000 - lr: 1.1138e-08
Epoch 18/20
4/4 [==============================] - 1s 299ms/step - loss: 5.2747 - accuracy: 0.1333 - val_loss: 2.0345 - val_accuracy: 0.2000 - lr: 4.7604e-09
Epoch 19/20
4/4 [==============================] - 1s 295ms/step - loss: 4.1060 - accuracy: 0.3500 - val_loss: 2.0331 - val_accuracy: 0.2000 - lr: 1.9355e-09
Epoch 20/20
4/4 [==============================] - 1s 292ms/step - loss: 5.1042 - accuracy: 0.1833 - val_loss: 2.0318 - val_accuracy: 0.2000 - lr: 7.4852e-10
1/1 [==============================] - 0s 96ms/step - loss: 2.1181 - accuracy: 0.0000e+00
Found 60 images belonging to 6 classes.
Found 5 images belonging to 6 classes.
Found 7 images belonging to 6 classes.
Epoch 1/25
4/4 [==============================] - ETA: 0s - loss: 5.0531 - accuracy: 0.2833C:\Users\tom.zbc\PycharmProjects\fungis_bacterias_project\.venv\lib\site-packages\keras\src\engine\training.py:3000: UserWarning: You are saving your model as an HDF5 file via `model.save()`. This file format is considered legacy. We recommend using instead the native Keras format, e.g. `model.save('my_model.keras')`.
  saving_api.save_model(
4/4 [==============================] - 2s 347ms/step - loss: 5.0531 - accuracy: 0.2833 - val_loss: 2.0784 - val_accuracy: 0.0000e+00 - lr: 1.0000e-05
Epoch 2/25
4/4 [==============================] - 1s 295ms/step - loss: 6.4448 - accuracy: 0.0667 - val_loss: 2.0732 - val_accuracy: 0.4000 - lr: 9.5123e-06
Epoch 3/25
4/4 [==============================] - 1s 251ms/step - loss: 5.2755 - accuracy: 0.1667 - val_loss: 2.0755 - val_accuracy: 0.2000 - lr: 8.6071e-06
Epoch 4/25
4/4 [==============================] - 1s 249ms/step - loss: 5.1324 - accuracy: 0.2333 - val_loss: 2.0782 - val_accuracy: 0.2000 - lr: 7.4082e-06
Epoch 5/25
4/4 [==============================] - 1s 242ms/step - loss: 4.8144 - accuracy: 0.1833 - val_loss: 2.0798 - val_accuracy: 0.2000 - lr: 6.0653e-06
Epoch 6/25
4/4 [==============================] - 1s 254ms/step - loss: 5.1785 - accuracy: 0.1167 - val_loss: 2.0815 - val_accuracy: 0.2000 - lr: 4.7237e-06
Epoch 7/25
4/4 [==============================] - 1s 270ms/step - loss: 5.2819 - accuracy: 0.1667 - val_loss: 2.0852 - val_accuracy: 0.0000e+00 - lr: 1.7497e-06
Epoch 8/25
4/4 [==============================] - 1s 249ms/step - loss: 4.3037 - accuracy: 0.3000 - val_loss: 2.0873 - val_accuracy: 0.2000 - lr: 1.2330e-06
1/1 [==============================] - 0s 93ms/step - loss: 2.0684 - accuracy: 0.2857
Found 60 images belonging to 6 classes.
Found 5 images belonging to 6 classes.
Found 7 images belonging to 6 classes.
Epoch 1/20
4/4 [==============================] - ETA: 0s - loss: 5.5127 - accuracy: 0.1333C:\Users\tom.zbc\PycharmProjects\fungis_bacterias_project\.venv\lib\site-packages\keras\src\engine\training.py:3000: UserWarning: You are saving your model as an HDF5 file via `model.save()`. This file format is considered legacy. We recommend using instead the native Keras format, e.g. `model.save('my_model.keras')`.
  saving_api.save_model(
4/4 [==============================] - 2s 357ms/step - loss: 5.5127 - accuracy: 0.1333 - val_loss: 2.0204 - val_accuracy: 0.4000 - lr: 1.0000e-05
Epoch 2/20
4/4 [==============================] - 1s 252ms/step - loss: 4.9739 - accuracy: 0.1500 - val_loss: 2.0316 - val_accuracy: 0.4000 - lr: 9.5123e-06
Epoch 3/20
4/4 [==============================] - 1s 262ms/step - loss: 5.2051 - accuracy: 0.2333 - val_loss: 2.0358 - val_accuracy: 0.4000 - lr: 8.6071e-06
Epoch 4/20
4/4 [==============================] - 1s 261ms/step - loss: 3.9043 - accuracy: 0.2667 - val_loss: 2.0391 - val_accuracy: 0.4000 - lr: 7.4082e-06
Epoch 5/20
4/4 [==============================] - 1s 262ms/step - loss: 4.8531 - accuracy: 0.1833 - val_loss: 2.0434 - val_accuracy: 0.4000 - lr: 6.0653e-06
Epoch 6/20
4/4 [==============================] - 1s 271ms/step - loss: 4.8286 - accuracy: 0.2000 - val_loss: 2.0467 - val_accuracy: 0.4000 - lr: 2.3618e-06
Epoch 7/20
4/4 [==============================] - 1s 268ms/step - loss: 3.9725 - accuracy: 0.2667 - val_loss: 2.0483 - val_accuracy: 0.4000 - lr: 1.7497e-06
1/1 [==============================] - 0s 94ms/step - loss: 1.9957 - accuracy: 0.4286
Found 60 images belonging to 6 classes.
Found 5 images belonging to 6 classes.
Found 7 images belonging to 6 classes.
Epoch 1/25
4/4 [==============================] - ETA: 0s - loss: 6.2287 - accuracy: 0.1833C:\Users\tom.zbc\PycharmProjects\fungis_bacterias_project\.venv\lib\site-packages\keras\src\engine\training.py:3000: UserWarning: You are saving your model as an HDF5 file via `model.save()`. This file format is considered legacy. We recommend using instead the native Keras format, e.g. `model.save('my_model.keras')`.
  saving_api.save_model(
4/4 [==============================] - 2s 354ms/step - loss: 6.2287 - accuracy: 0.1833 - val_loss: 2.0905 - val_accuracy: 0.4000 - lr: 1.0000e-05
Epoch 2/25
4/4 [==============================] - 1s 265ms/step - loss: 5.9417 - accuracy: 0.2167 - val_loss: 2.0921 - val_accuracy: 0.4000 - lr: 9.5123e-06
Epoch 3/25
4/4 [==============================] - 1s 257ms/step - loss: 5.6086 - accuracy: 0.1333 - val_loss: 2.0924 - val_accuracy: 0.4000 - lr: 8.6071e-06
Epoch 4/25
4/4 [==============================] - 1s 253ms/step - loss: 4.8855 - accuracy: 0.1667 - val_loss: 2.0934 - val_accuracy: 0.4000 - lr: 7.4082e-06
Epoch 5/25
4/4 [==============================] - 1s 258ms/step - loss: 4.7986 - accuracy: 0.2167 - val_loss: 2.0939 - val_accuracy: 0.2000 - lr: 6.0653e-06
Epoch 6/25
4/4 [==============================] - 1s 264ms/step - loss: 3.8829 - accuracy: 0.2833 - val_loss: 2.0958 - val_accuracy: 0.2000 - lr: 2.3618e-06
Epoch 7/25
4/4 [==============================] - 1s 271ms/step - loss: 4.6969 - accuracy: 0.1500 - val_loss: 2.0989 - val_accuracy: 0.2000 - lr: 1.7497e-06
1/1 [==============================] - 0s 94ms/step - loss: 2.0988 - accuracy: 0.2857
Found 60 images belonging to 6 classes.
Found 5 images belonging to 6 classes.
Found 7 images belonging to 6 classes.
Epoch 1/20
4/4 [==============================] - ETA: 0s - loss: 6.7461 - accuracy: 0.1667C:\Users\tom.zbc\PycharmProjects\fungis_bacterias_project\.venv\lib\site-packages\keras\src\engine\training.py:3000: UserWarning: You are saving your model as an HDF5 file via `model.save()`. This file format is considered legacy. We recommend using instead the native Keras format, e.g. `model.save('my_model.keras')`.
  saving_api.save_model(
4/4 [==============================] - 2s 352ms/step - loss: 6.7461 - accuracy: 0.1667 - val_loss: 2.0415 - val_accuracy: 0.2000 - lr: 1.0000e-05
Epoch 2/20
4/4 [==============================] - 1s 310ms/step - loss: 6.2352 - accuracy: 0.1500 - val_loss: 2.0380 - val_accuracy: 0.2000 - lr: 9.5123e-06
Epoch 3/20
4/4 [==============================] - 1s 263ms/step - loss: 5.3209 - accuracy: 0.2667 - val_loss: 2.0391 - val_accuracy: 0.2000 - lr: 8.6071e-06
Epoch 4/20
4/4 [==============================] - 1s 288ms/step - loss: 5.9165 - accuracy: 0.1333 - val_loss: 2.0443 - val_accuracy: 0.2000 - lr: 7.4082e-06
Epoch 5/20
4/4 [==============================] - 1s 257ms/step - loss: 5.3832 - accuracy: 0.1833 - val_loss: 2.0491 - val_accuracy: 0.2000 - lr: 6.0653e-06
Epoch 6/20
4/4 [==============================] - 1s 293ms/step - loss: 5.6129 - accuracy: 0.2167 - val_loss: 2.0520 - val_accuracy: 0.2000 - lr: 4.7237e-06
Epoch 7/20
4/4 [==============================] - 1s 256ms/step - loss: 4.5290 - accuracy: 0.2667 - val_loss: 2.0538 - val_accuracy: 0.2000 - lr: 1.7497e-06
Epoch 8/20
4/4 [==============================] - 1s 269ms/step - loss: 4.5589 - accuracy: 0.2000 - val_loss: 2.0570 - val_accuracy: 0.2000 - lr: 1.2330e-06
1/1 [==============================] - 0s 97ms/step - loss: 2.0822 - accuracy: 0.0000e+00
Found 60 images belonging to 6 classes.
Found 5 images belonging to 6 classes.
Found 7 images belonging to 6 classes.
Epoch 1/25
4/4 [==============================] - ETA: 0s - loss: 5.8429 - accuracy: 0.1667C:\Users\tom.zbc\PycharmProjects\fungis_bacterias_project\.venv\lib\site-packages\keras\src\engine\training.py:3000: UserWarning: You are saving your model as an HDF5 file via `model.save()`. This file format is considered legacy. We recommend using instead the native Keras format, e.g. `model.save('my_model.keras')`.
  saving_api.save_model(
4/4 [==============================] - 2s 379ms/step - loss: 5.8429 - accuracy: 0.1667 - val_loss: 2.0861 - val_accuracy: 0.0000e+00 - lr: 1.0000e-05
Epoch 2/25
4/4 [==============================] - 1s 324ms/step - loss: 5.3134 - accuracy: 0.1500 - val_loss: 2.0694 - val_accuracy: 0.2000 - lr: 9.5123e-06
Epoch 3/25
4/4 [==============================] - 1s 332ms/step - loss: 5.3204 - accuracy: 0.1500 - val_loss: 2.0615 - val_accuracy: 0.2000 - lr: 8.6071e-06
Epoch 4/25
4/4 [==============================] - 1s 261ms/step - loss: 5.7500 - accuracy: 0.1667 - val_loss: 2.0630 - val_accuracy: 0.4000 - lr: 7.4082e-06
Epoch 5/25
4/4 [==============================] - 1s 259ms/step - loss: 5.7219 - accuracy: 0.1333 - val_loss: 2.0667 - val_accuracy: 0.4000 - lr: 6.0653e-06
Epoch 6/25
4/4 [==============================] - 1s 263ms/step - loss: 5.1568 - accuracy: 0.2000 - val_loss: 2.0663 - val_accuracy: 0.4000 - lr: 4.7237e-06
Epoch 7/25
4/4 [==============================] - 1s 263ms/step - loss: 4.6955 - accuracy: 0.2000 - val_loss: 2.0647 - val_accuracy: 0.4000 - lr: 3.4994e-06
Epoch 8/25
4/4 [==============================] - 1s 312ms/step - loss: 4.3204 - accuracy: 0.2167 - val_loss: 2.0609 - val_accuracy: 0.4000 - lr: 2.4660e-06
Epoch 9/25
4/4 [==============================] - 1s 300ms/step - loss: 5.0480 - accuracy: 0.1500 - val_loss: 2.0576 - val_accuracy: 0.4000 - lr: 1.6530e-06
Epoch 10/25
4/4 [==============================] - 1s 309ms/step - loss: 4.7455 - accuracy: 0.2167 - val_loss: 2.0536 - val_accuracy: 0.4000 - lr: 1.0540e-06
Epoch 11/25
4/4 [==============================] - 1s 309ms/step - loss: 5.3283 - accuracy: 0.2333 - val_loss: 2.0484 - val_accuracy: 0.6000 - lr: 6.3928e-07
Epoch 12/25
4/4 [==============================] - 1s 297ms/step - loss: 5.7311 - accuracy: 0.1167 - val_loss: 2.0434 - val_accuracy: 0.6000 - lr: 3.6883e-07
Epoch 13/25
4/4 [==============================] - 1s 300ms/step - loss: 5.0610 - accuracy: 0.2333 - val_loss: 2.0389 - val_accuracy: 0.6000 - lr: 2.0242e-07
Epoch 14/25
4/4 [==============================] - 1s 317ms/step - loss: 4.1976 - accuracy: 0.3667 - val_loss: 2.0342 - val_accuracy: 0.6000 - lr: 1.0567e-07
Epoch 15/25
4/4 [==============================] - 1s 298ms/step - loss: 5.1538 - accuracy: 0.1667 - val_loss: 2.0298 - val_accuracy: 0.6000 - lr: 5.2475e-08
Epoch 16/25
4/4 [==============================] - 1s 296ms/step - loss: 4.6515 - accuracy: 0.2500 - val_loss: 2.0261 - val_accuracy: 0.6000 - lr: 2.4788e-08
Epoch 17/25
4/4 [==============================] - 1s 317ms/step - loss: 4.7122 - accuracy: 0.1500 - val_loss: 2.0224 - val_accuracy: 0.2000 - lr: 1.1138e-08
Epoch 18/25
4/4 [==============================] - 1s 342ms/step - loss: 4.7252 - accuracy: 0.0833 - val_loss: 2.0190 - val_accuracy: 0.2000 - lr: 4.7604e-09
Epoch 19/25
4/4 [==============================] - 1s 298ms/step - loss: 4.1982 - accuracy: 0.3000 - val_loss: 2.0156 - val_accuracy: 0.2000 - lr: 1.9355e-09
Epoch 20/25
4/4 [==============================] - 1s 320ms/step - loss: 3.8907 - accuracy: 0.2667 - val_loss: 2.0124 - val_accuracy: 0.2000 - lr: 7.4852e-10
Epoch 21/25
4/4 [==============================] - 1s 295ms/step - loss: 5.1522 - accuracy: 0.1000 - val_loss: 2.0095 - val_accuracy: 0.2000 - lr: 2.7536e-10
Epoch 22/25
4/4 [==============================] - 1s 302ms/step - loss: 4.2349 - accuracy: 0.2000 - val_loss: 2.0068 - val_accuracy: 0.2000 - lr: 9.6360e-11
Epoch 23/25
4/4 [==============================] - 1s 403ms/step - loss: 4.6812 - accuracy: 0.1833 - val_loss: 2.0044 - val_accuracy: 0.2000 - lr: 3.2076e-11
Epoch 24/25
4/4 [==============================] - 2s 391ms/step - loss: 5.0010 - accuracy: 0.1167 - val_loss: 2.0019 - val_accuracy: 0.2000 - lr: 1.0156e-11
Epoch 25/25
4/4 [==============================] - 2s 484ms/step - loss: 5.4073 - accuracy: 0.1333 - val_loss: 1.9994 - val_accuracy: 0.2000 - lr: 3.0590e-12
1/1 [==============================] - 0s 136ms/step - loss: 2.1021 - accuracy: 0.2857
Found 60 images belonging to 6 classes.
Found 5 images belonging to 6 classes.
Found 7 images belonging to 6 classes.
Epoch 1/20
4/4 [==============================] - ETA: 0s - loss: 5.4048 - accuracy: 0.1000C:\Users\tom.zbc\PycharmProjects\fungis_bacterias_project\.venv\lib\site-packages\keras\src\engine\training.py:3000: UserWarning: You are saving your model as an HDF5 file via `model.save()`. This file format is considered legacy. We recommend using instead the native Keras format, e.g. `model.save('my_model.keras')`.
  saving_api.save_model(
4/4 [==============================] - 3s 561ms/step - loss: 5.4048 - accuracy: 0.1000 - val_loss: 2.1030 - val_accuracy: 0.2000 - lr: 1.0000e-05
Epoch 2/20
4/4 [==============================] - 2s 488ms/step - loss: 6.0024 - accuracy: 0.1667 - val_loss: 2.0935 - val_accuracy: 0.2000 - lr: 9.5123e-06
Epoch 3/20
4/4 [==============================] - 2s 489ms/step - loss: 5.3885 - accuracy: 0.1167 - val_loss: 2.0859 - val_accuracy: 0.2000 - lr: 8.6071e-06
Epoch 4/20
4/4 [==============================] - 2s 495ms/step - loss: 4.6372 - accuracy: 0.2500 - val_loss: 2.0847 - val_accuracy: 0.2000 - lr: 7.4082e-06
Epoch 5/20
4/4 [==============================] - 2s 483ms/step - loss: 5.8063 - accuracy: 0.1333 - val_loss: 2.0852 - val_accuracy: 0.2000 - lr: 6.0653e-06
Epoch 6/20
4/4 [==============================] - 2s 578ms/step - loss: 4.5725 - accuracy: 0.1667 - val_loss: 2.0847 - val_accuracy: 0.2000 - lr: 4.7237e-06
Epoch 7/20
4/4 [==============================] - 2s 457ms/step - loss: 4.7082 - accuracy: 0.2333 - val_loss: 2.0858 - val_accuracy: 0.2000 - lr: 3.4994e-06
Epoch 8/20
4/4 [==============================] - 2s 456ms/step - loss: 5.3930 - accuracy: 0.1333 - val_loss: 2.0871 - val_accuracy: 0.0000e+00 - lr: 2.4660e-06
Epoch 9/20
4/4 [==============================] - 2s 408ms/step - loss: 4.6609 - accuracy: 0.1500 - val_loss: 2.0874 - val_accuracy: 0.0000e+00 - lr: 8.2649e-07
Epoch 10/20
4/4 [==============================] - 2s 413ms/step - loss: 5.3774 - accuracy: 0.2167 - val_loss: 2.0868 - val_accuracy: 0.0000e+00 - lr: 5.2700e-07
Epoch 11/20
4/4 [==============================] - 2s 396ms/step - loss: 4.7841 - accuracy: 0.1500 - val_loss: 2.0866 - val_accuracy: 0.0000e+00 - lr: 3.1964e-07
Epoch 12/20
4/4 [==============================] - 2s 410ms/step - loss: 4.0053 - accuracy: 0.2667 - val_loss: 2.0868 - val_accuracy: 0.0000e+00 - lr: 1.8442e-07
1/1 [==============================] - 0s 140ms/step - loss: 2.0774 - accuracy: 0.2857
Found 60 images belonging to 6 classes.
Found 5 images belonging to 6 classes.
Found 7 images belonging to 6 classes.
Epoch 1/25
4/4 [==============================] - ETA: 0s - loss: 4.9144 - accuracy: 0.1833C:\Users\tom.zbc\PycharmProjects\fungis_bacterias_project\.venv\lib\site-packages\keras\src\engine\training.py:3000: UserWarning: You are saving your model as an HDF5 file via `model.save()`. This file format is considered legacy. We recommend using instead the native Keras format, e.g. `model.save('my_model.keras')`.
  saving_api.save_model(
4/4 [==============================] - 3s 517ms/step - loss: 4.9144 - accuracy: 0.1833 - val_loss: 2.0875 - val_accuracy: 0.0000e+00 - lr: 1.0000e-05
Epoch 2/25
4/4 [==============================] - 2s 455ms/step - loss: 5.1805 - accuracy: 0.1333 - val_loss: 2.0831 - val_accuracy: 0.2000 - lr: 9.5123e-06
Epoch 3/25
4/4 [==============================] - 2s 513ms/step - loss: 5.5652 - accuracy: 0.1667 - val_loss: 2.0752 - val_accuracy: 0.4000 - lr: 8.6071e-06
Epoch 4/25
4/4 [==============================] - 2s 466ms/step - loss: 5.0729 - accuracy: 0.1833 - val_loss: 2.0729 - val_accuracy: 0.4000 - lr: 7.4082e-06
Epoch 5/25
4/4 [==============================] - 2s 474ms/step - loss: 4.5976 - accuracy: 0.1333 - val_loss: 2.0711 - val_accuracy: 0.4000 - lr: 6.0653e-06
Epoch 6/25
4/4 [==============================] - 2s 387ms/step - loss: 4.4115 - accuracy: 0.1833 - val_loss: 2.0712 - val_accuracy: 0.4000 - lr: 4.7237e-06
Epoch 7/25
4/4 [==============================] - 2s 494ms/step - loss: 3.1144 - accuracy: 0.3000 - val_loss: 2.0743 - val_accuracy: 0.4000 - lr: 3.4994e-06
Epoch 8/25
4/4 [==============================] - 2s 439ms/step - loss: 4.7179 - accuracy: 0.1667 - val_loss: 2.0771 - val_accuracy: 0.4000 - lr: 2.4660e-06
Epoch 9/25
4/4 [==============================] - 2s 482ms/step - loss: 4.1675 - accuracy: 0.2500 - val_loss: 2.0785 - val_accuracy: 0.4000 - lr: 1.6530e-06
Epoch 10/25
4/4 [==============================] - 2s 428ms/step - loss: 4.2617 - accuracy: 0.2000 - val_loss: 2.0795 - val_accuracy: 0.4000 - lr: 5.2700e-07
Epoch 11/25
4/4 [==============================] - 2s 494ms/step - loss: 4.7080 - accuracy: 0.2167 - val_loss: 2.0823 - val_accuracy: 0.4000 - lr: 3.1964e-07
1/1 [==============================] - 0s 143ms/step - loss: 2.1029 - accuracy: 0.0000e+00
Found 60 images belonging to 6 classes.
Found 5 images belonging to 6 classes.
Found 7 images belonging to 6 classes.
Epoch 1/20
4/4 [==============================] - ETA: 0s - loss: 5.6778 - accuracy: 0.1500C:\Users\tom.zbc\PycharmProjects\fungis_bacterias_project\.venv\lib\site-packages\keras\src\engine\training.py:3000: UserWarning: You are saving your model as an HDF5 file via `model.save()`. This file format is considered legacy. We recommend using instead the native Keras format, e.g. `model.save('my_model.keras')`.
  saving_api.save_model(
4/4 [==============================] - 4s 850ms/step - loss: 5.6778 - accuracy: 0.1500 - val_loss: 2.1433 - val_accuracy: 0.2000 - lr: 1.0000e-05
Epoch 2/20
4/4 [==============================] - 4s 1s/step - loss: 4.4934 - accuracy: 0.2667 - val_loss: 2.1417 - val_accuracy: 0.2000 - lr: 9.5123e-06
Epoch 3/20
4/4 [==============================] - 3s 858ms/step - loss: 4.4234 - accuracy: 0.3167 - val_loss: 2.1408 - val_accuracy: 0.0000e+00 - lr: 8.6071e-06
Epoch 4/20
4/4 [==============================] - 3s 738ms/step - loss: 4.8721 - accuracy: 0.2167 - val_loss: 2.1394 - val_accuracy: 0.0000e+00 - lr: 7.4082e-06
Epoch 5/20
4/4 [==============================] - 3s 704ms/step - loss: 4.1548 - accuracy: 0.2500 - val_loss: 2.1360 - val_accuracy: 0.2000 - lr: 6.0653e-06
Epoch 6/20
4/4 [==============================] - 3s 668ms/step - loss: 4.0719 - accuracy: 0.3167 - val_loss: 2.1307 - val_accuracy: 0.2000 - lr: 4.7237e-06
Epoch 7/20
4/4 [==============================] - 3s 744ms/step - loss: 4.7221 - accuracy: 0.2500 - val_loss: 2.1265 - val_accuracy: 0.2000 - lr: 3.4994e-06
Epoch 8/20
4/4 [==============================] - 2s 608ms/step - loss: 3.5070 - accuracy: 0.2833 - val_loss: 2.1207 - val_accuracy: 0.2000 - lr: 2.4660e-06
Epoch 9/20
4/4 [==============================] - 2s 634ms/step - loss: 4.1752 - accuracy: 0.2167 - val_loss: 2.1141 - val_accuracy: 0.2000 - lr: 1.6530e-06
Epoch 10/20
4/4 [==============================] - 2s 611ms/step - loss: 4.2148 - accuracy: 0.2667 - val_loss: 2.1087 - val_accuracy: 0.2000 - lr: 1.0540e-06
Epoch 11/20
4/4 [==============================] - 2s 590ms/step - loss: 4.6564 - accuracy: 0.2167 - val_loss: 2.1039 - val_accuracy: 0.2000 - lr: 6.3928e-07
Epoch 12/20
4/4 [==============================] - 2s 561ms/step - loss: 4.7831 - accuracy: 0.1500 - val_loss: 2.0995 - val_accuracy: 0.2000 - lr: 3.6883e-07
Epoch 13/20
4/4 [==============================] - 2s 601ms/step - loss: 4.5073 - accuracy: 0.2000 - val_loss: 2.0948 - val_accuracy: 0.2000 - lr: 2.0242e-07
Epoch 14/20
4/4 [==============================] - 2s 591ms/step - loss: 4.7553 - accuracy: 0.2500 - val_loss: 2.0908 - val_accuracy: 0.2000 - lr: 1.0567e-07
Epoch 15/20
4/4 [==============================] - 2s 585ms/step - loss: 4.2984 - accuracy: 0.2167 - val_loss: 2.0871 - val_accuracy: 0.2000 - lr: 5.2475e-08
Epoch 16/20
4/4 [==============================] - 2s 598ms/step - loss: 4.2324 - accuracy: 0.1667 - val_loss: 2.0835 - val_accuracy: 0.2000 - lr: 2.4788e-08
Epoch 17/20
4/4 [==============================] - 2s 552ms/step - loss: 3.6892 - accuracy: 0.2833 - val_loss: 2.0800 - val_accuracy: 0.2000 - lr: 1.1138e-08
Epoch 18/20
4/4 [==============================] - 2s 518ms/step - loss: 4.5693 - accuracy: 0.2167 - val_loss: 2.0767 - val_accuracy: 0.2000 - lr: 4.7604e-09
Epoch 19/20
4/4 [==============================] - 2s 531ms/step - loss: 4.3471 - accuracy: 0.3000 - val_loss: 2.0735 - val_accuracy: 0.2000 - lr: 1.9355e-09
Epoch 20/20
4/4 [==============================] - 2s 531ms/step - loss: 4.6724 - accuracy: 0.2167 - val_loss: 2.0704 - val_accuracy: 0.2000 - lr: 7.4852e-10
1/1 [==============================] - 0s 104ms/step - loss: 2.1420 - accuracy: 0.1429
Found 60 images belonging to 6 classes.
Found 5 images belonging to 6 classes.
Found 7 images belonging to 6 classes.
Epoch 1/25
4/4 [==============================] - ETA: 0s - loss: 5.1667 - accuracy: 0.2000C:\Users\tom.zbc\PycharmProjects\fungis_bacterias_project\.venv\lib\site-packages\keras\src\engine\training.py:3000: UserWarning: You are saving your model as an HDF5 file via `model.save()`. This file format is considered legacy. We recommend using instead the native Keras format, e.g. `model.save('my_model.keras')`.
  saving_api.save_model(
4/4 [==============================] - 3s 530ms/step - loss: 5.1667 - accuracy: 0.2000 - val_loss: 2.1119 - val_accuracy: 0.2000 - lr: 1.0000e-05
Epoch 2/25
4/4 [==============================] - 2s 428ms/step - loss: 5.0111 - accuracy: 0.2000 - val_loss: 2.1183 - val_accuracy: 0.4000 - lr: 9.5123e-06
Epoch 3/25
4/4 [==============================] - 2s 423ms/step - loss: 4.1405 - accuracy: 0.3667 - val_loss: 2.1165 - val_accuracy: 0.4000 - lr: 8.6071e-06
Epoch 4/25
4/4 [==============================] - 2s 444ms/step - loss: 4.1450 - accuracy: 0.2500 - val_loss: 2.1146 - val_accuracy: 0.2000 - lr: 7.4082e-06
Epoch 5/25
4/4 [==============================] - 2s 372ms/step - loss: 4.4068 - accuracy: 0.2167 - val_loss: 2.1122 - val_accuracy: 0.2000 - lr: 6.0653e-06
Epoch 6/25
4/4 [==============================] - 2s 479ms/step - loss: 4.3758 - accuracy: 0.2500 - val_loss: 2.1071 - val_accuracy: 0.2000 - lr: 4.7237e-06
Epoch 7/25
4/4 [==============================] - 2s 457ms/step - loss: 4.9899 - accuracy: 0.2500 - val_loss: 2.1051 - val_accuracy: 0.2000 - lr: 3.4994e-06
Epoch 8/25
4/4 [==============================] - 2s 448ms/step - loss: 4.4502 - accuracy: 0.2333 - val_loss: 2.1036 - val_accuracy: 0.2000 - lr: 2.4660e-06
Epoch 9/25
4/4 [==============================] - 2s 453ms/step - loss: 4.4019 - accuracy: 0.2500 - val_loss: 2.1021 - val_accuracy: 0.4000 - lr: 1.6530e-06
Epoch 10/25
4/4 [==============================] - 2s 502ms/step - loss: 3.9693 - accuracy: 0.2167 - val_loss: 2.1012 - val_accuracy: 0.4000 - lr: 1.0540e-06
Epoch 11/25
4/4 [==============================] - 2s 484ms/step - loss: 3.8246 - accuracy: 0.3000 - val_loss: 2.1002 - val_accuracy: 0.4000 - lr: 6.3928e-07
Epoch 12/25
4/4 [==============================] - 2s 449ms/step - loss: 4.1919 - accuracy: 0.2000 - val_loss: 2.0994 - val_accuracy: 0.4000 - lr: 3.6883e-07
Epoch 13/25
4/4 [==============================] - 2s 458ms/step - loss: 4.2817 - accuracy: 0.2333 - val_loss: 2.0983 - val_accuracy: 0.4000 - lr: 2.0242e-07
Epoch 14/25
4/4 [==============================] - 2s 452ms/step - loss: 3.8079 - accuracy: 0.3667 - val_loss: 2.0969 - val_accuracy: 0.4000 - lr: 1.0567e-07
Epoch 15/25
4/4 [==============================] - 2s 476ms/step - loss: 4.1193 - accuracy: 0.2833 - val_loss: 2.0960 - val_accuracy: 0.4000 - lr: 5.2475e-08
Epoch 16/25
4/4 [==============================] - 2s 453ms/step - loss: 4.2093 - accuracy: 0.2000 - val_loss: 2.0954 - val_accuracy: 0.4000 - lr: 2.4788e-08
Epoch 17/25
4/4 [==============================] - 2s 490ms/step - loss: 3.7635 - accuracy: 0.2000 - val_loss: 2.0949 - val_accuracy: 0.4000 - lr: 1.1138e-08
Epoch 18/25
4/4 [==============================] - 2s 456ms/step - loss: 3.6755 - accuracy: 0.3000 - val_loss: 2.0946 - val_accuracy: 0.4000 - lr: 4.7604e-09
Epoch 19/25
4/4 [==============================] - 2s 460ms/step - loss: 4.0592 - accuracy: 0.2167 - val_loss: 2.0944 - val_accuracy: 0.4000 - lr: 1.9355e-09
Epoch 20/25
4/4 [==============================] - 2s 495ms/step - loss: 3.9948 - accuracy: 0.2500 - val_loss: 2.0941 - val_accuracy: 0.4000 - lr: 7.4852e-10
Epoch 21/25
4/4 [==============================] - 2s 527ms/step - loss: 3.8066 - accuracy: 0.3333 - val_loss: 2.0938 - val_accuracy: 0.4000 - lr: 2.7536e-10
Epoch 22/25
4/4 [==============================] - 2s 360ms/step - loss: 3.7086 - accuracy: 0.2500 - val_loss: 2.0938 - val_accuracy: 0.4000 - lr: 9.6360e-11
Epoch 23/25
4/4 [==============================] - 2s 354ms/step - loss: 3.9931 - accuracy: 0.3000 - val_loss: 2.0938 - val_accuracy: 0.4000 - lr: 3.2076e-11
Epoch 24/25
4/4 [==============================] - 2s 354ms/step - loss: 4.1044 - accuracy: 0.2000 - val_loss: 2.0940 - val_accuracy: 0.4000 - lr: 1.0156e-11
Epoch 25/25
4/4 [==============================] - 2s 376ms/step - loss: 4.7379 - accuracy: 0.1333 - val_loss: 2.0939 - val_accuracy: 0.4000 - lr: 3.0590e-12
1/1 [==============================] - 0s 119ms/step - loss: 2.2611 - accuracy: 0.0000e+00
Found 60 images belonging to 6 classes.
Found 5 images belonging to 6 classes.
Found 7 images belonging to 6 classes.
Epoch 1/20
4/4 [==============================] - ETA: 0s - loss: 5.2480 - accuracy: 0.2167C:\Users\tom.zbc\PycharmProjects\fungis_bacterias_project\.venv\lib\site-packages\keras\src\engine\training.py:3000: UserWarning: You are saving your model as an HDF5 file via `model.save()`. This file format is considered legacy. We recommend using instead the native Keras format, e.g. `model.save('my_model.keras')`.
  saving_api.save_model(
4/4 [==============================] - 3s 503ms/step - loss: 5.2480 - accuracy: 0.2167 - val_loss: 2.1030 - val_accuracy: 0.4000 - lr: 1.0000e-05
Epoch 2/20
4/4 [==============================] - 2s 466ms/step - loss: 6.0130 - accuracy: 0.1500 - val_loss: 2.0953 - val_accuracy: 0.6000 - lr: 9.5123e-06
Epoch 3/20
4/4 [==============================] - 2s 377ms/step - loss: 5.5232 - accuracy: 0.1667 - val_loss: 2.0963 - val_accuracy: 0.4000 - lr: 8.6071e-06
Epoch 4/20
4/4 [==============================] - 2s 518ms/step - loss: 5.2797 - accuracy: 0.1833 - val_loss: 2.0911 - val_accuracy: 0.6000 - lr: 7.4082e-06
Epoch 5/20
4/4 [==============================] - 2s 480ms/step - loss: 4.9715 - accuracy: 0.2000 - val_loss: 2.0853 - val_accuracy: 0.6000 - lr: 6.0653e-06
Epoch 6/20
4/4 [==============================] - 2s 463ms/step - loss: 5.2766 - accuracy: 0.1833 - val_loss: 2.0764 - val_accuracy: 0.6000 - lr: 4.7237e-06
Epoch 7/20
4/4 [==============================] - 2s 455ms/step - loss: 4.5467 - accuracy: 0.2500 - val_loss: 2.0647 - val_accuracy: 0.6000 - lr: 3.4994e-06
Epoch 8/20
4/4 [==============================] - 2s 481ms/step - loss: 4.4252 - accuracy: 0.2000 - val_loss: 2.0527 - val_accuracy: 0.6000 - lr: 2.4660e-06
Epoch 9/20
4/4 [==============================] - 2s 444ms/step - loss: 3.9838 - accuracy: 0.2667 - val_loss: 2.0423 - val_accuracy: 0.6000 - lr: 1.6530e-06
Epoch 10/20
4/4 [==============================] - 2s 491ms/step - loss: 4.5025 - accuracy: 0.2167 - val_loss: 2.0329 - val_accuracy: 0.6000 - lr: 1.0540e-06
Epoch 11/20
4/4 [==============================] - 2s 461ms/step - loss: 4.7009 - accuracy: 0.1667 - val_loss: 2.0232 - val_accuracy: 0.6000 - lr: 6.3928e-07
Epoch 12/20
4/4 [==============================] - 2s 467ms/step - loss: 5.1933 - accuracy: 0.2167 - val_loss: 2.0143 - val_accuracy: 0.6000 - lr: 3.6883e-07
Epoch 13/20
4/4 [==============================] - 2s 479ms/step - loss: 4.5684 - accuracy: 0.2333 - val_loss: 2.0060 - val_accuracy: 0.6000 - lr: 2.0242e-07
Epoch 14/20
4/4 [==============================] - 2s 475ms/step - loss: 3.9690 - accuracy: 0.2667 - val_loss: 1.9981 - val_accuracy: 0.4000 - lr: 1.0567e-07
Epoch 15/20
4/4 [==============================] - 2s 459ms/step - loss: 3.7488 - accuracy: 0.2833 - val_loss: 1.9901 - val_accuracy: 0.4000 - lr: 5.2475e-08
Epoch 16/20
4/4 [==============================] - 2s 459ms/step - loss: 4.7337 - accuracy: 0.1833 - val_loss: 1.9827 - val_accuracy: 0.4000 - lr: 2.4788e-08
Epoch 17/20
4/4 [==============================] - 2s 474ms/step - loss: 4.5430 - accuracy: 0.2000 - val_loss: 1.9758 - val_accuracy: 0.4000 - lr: 1.1138e-08
Epoch 18/20
4/4 [==============================] - 2s 457ms/step - loss: 4.9469 - accuracy: 0.1833 - val_loss: 1.9692 - val_accuracy: 0.4000 - lr: 4.7604e-09
Epoch 19/20
4/4 [==============================] - 2s 474ms/step - loss: 3.3252 - accuracy: 0.3667 - val_loss: 1.9628 - val_accuracy: 0.4000 - lr: 1.9355e-09
Epoch 20/20
4/4 [==============================] - 2s 511ms/step - loss: 4.5504 - accuracy: 0.2167 - val_loss: 1.9568 - val_accuracy: 0.4000 - lr: 7.4852e-10
1/1 [==============================] - 0s 125ms/step - loss: 2.0905 - accuracy: 0.5714
Found 60 images belonging to 6 classes.
Found 5 images belonging to 6 classes.
Found 7 images belonging to 6 classes.
Epoch 1/25
4/4 [==============================] - ETA: 0s - loss: 5.7105 - accuracy: 0.1833C:\Users\tom.zbc\PycharmProjects\fungis_bacterias_project\.venv\lib\site-packages\keras\src\engine\training.py:3000: UserWarning: You are saving your model as an HDF5 file via `model.save()`. This file format is considered legacy. We recommend using instead the native Keras format, e.g. `model.save('my_model.keras')`.
  saving_api.save_model(
4/4 [==============================] - 3s 514ms/step - loss: 5.7105 - accuracy: 0.1833 - val_loss: 2.1523 - val_accuracy: 0.2000 - lr: 1.0000e-05
Epoch 2/25
4/4 [==============================] - 2s 458ms/step - loss: 4.8261 - accuracy: 0.2500 - val_loss: 2.1453 - val_accuracy: 0.2000 - lr: 9.5123e-06
Epoch 3/25
4/4 [==============================] - 2s 441ms/step - loss: 5.4195 - accuracy: 0.2000 - val_loss: 2.1426 - val_accuracy: 0.2000 - lr: 8.6071e-06
Epoch 4/25
4/4 [==============================] - 2s 453ms/step - loss: 4.4615 - accuracy: 0.2500 - val_loss: 2.1403 - val_accuracy: 0.2000 - lr: 7.4082e-06
Epoch 5/25
4/4 [==============================] - 2s 354ms/step - loss: 5.0399 - accuracy: 0.2167 - val_loss: 2.1406 - val_accuracy: 0.2000 - lr: 6.0653e-06
Epoch 6/25
4/4 [==============================] - 2s 396ms/step - loss: 4.4555 - accuracy: 0.1667 - val_loss: 2.1413 - val_accuracy: 0.2000 - lr: 4.7237e-06
Epoch 7/25
4/4 [==============================] - 2s 369ms/step - loss: 3.2023 - accuracy: 0.3500 - val_loss: 2.1437 - val_accuracy: 0.0000e+00 - lr: 3.4994e-06
Epoch 8/25
4/4 [==============================] - 2s 409ms/step - loss: 4.1026 - accuracy: 0.2833 - val_loss: 2.1480 - val_accuracy: 0.2000 - lr: 2.4660e-06
Epoch 9/25
4/4 [==============================] - 2s 442ms/step - loss: 4.2119 - accuracy: 0.2667 - val_loss: 2.1509 - val_accuracy: 0.2000 - lr: 8.2649e-07
Epoch 10/25
4/4 [==============================] - 2s 392ms/step - loss: 4.6556 - accuracy: 0.2333 - val_loss: 2.1542 - val_accuracy: 0.2000 - lr: 5.2700e-07
1/1 [==============================] - 0s 111ms/step - loss: 2.1255 - accuracy: 0.4286
Found 60 images belonging to 6 classes.
Found 5 images belonging to 6 classes.
Found 7 images belonging to 6 classes.
Epoch 1/20
4/4 [==============================] - ETA: 0s - loss: 6.3242 - accuracy: 0.1833C:\Users\tom.zbc\PycharmProjects\fungis_bacterias_project\.venv\lib\site-packages\keras\src\engine\training.py:3000: UserWarning: You are saving your model as an HDF5 file via `model.save()`. This file format is considered legacy. We recommend using instead the native Keras format, e.g. `model.save('my_model.keras')`.
  saving_api.save_model(
4/4 [==============================] - 3s 527ms/step - loss: 6.3242 - accuracy: 0.1833 - val_loss: 2.1164 - val_accuracy: 0.2000 - lr: 1.0000e-05
Epoch 2/20
4/4 [==============================] - 2s 368ms/step - loss: 5.3718 - accuracy: 0.2333 - val_loss: 2.1256 - val_accuracy: 0.2000 - lr: 9.5123e-06
Epoch 3/20
4/4 [==============================] - 2s 386ms/step - loss: 4.3227 - accuracy: 0.3167 - val_loss: 2.1293 - val_accuracy: 0.2000 - lr: 8.6071e-06
Epoch 4/20
4/4 [==============================] - 2s 378ms/step - loss: 4.4107 - accuracy: 0.2667 - val_loss: 2.1290 - val_accuracy: 0.2000 - lr: 7.4082e-06
Epoch 5/20
4/4 [==============================] - 2s 368ms/step - loss: 5.5373 - accuracy: 0.2667 - val_loss: 2.1241 - val_accuracy: 0.2000 - lr: 6.0653e-06
Epoch 6/20
4/4 [==============================] - 2s 510ms/step - loss: 4.9258 - accuracy: 0.2167 - val_loss: 2.1153 - val_accuracy: 0.2000 - lr: 4.7237e-06
Epoch 7/20
4/4 [==============================] - 2s 461ms/step - loss: 4.9983 - accuracy: 0.1667 - val_loss: 2.1053 - val_accuracy: 0.2000 - lr: 3.4994e-06
Epoch 8/20
4/4 [==============================] - 2s 464ms/step - loss: 4.1856 - accuracy: 0.2000 - val_loss: 2.0968 - val_accuracy: 0.2000 - lr: 2.4660e-06
Epoch 9/20
4/4 [==============================] - 2s 478ms/step - loss: 3.0293 - accuracy: 0.3000 - val_loss: 2.0882 - val_accuracy: 0.2000 - lr: 1.6530e-06
Epoch 10/20
4/4 [==============================] - 2s 461ms/step - loss: 4.2571 - accuracy: 0.3667 - val_loss: 2.0795 - val_accuracy: 0.4000 - lr: 1.0540e-06
Epoch 11/20
4/4 [==============================] - 2s 476ms/step - loss: 4.2582 - accuracy: 0.2500 - val_loss: 2.0714 - val_accuracy: 0.6000 - lr: 6.3928e-07
Epoch 12/20
4/4 [==============================] - 2s 519ms/step - loss: 5.1215 - accuracy: 0.2000 - val_loss: 2.0632 - val_accuracy: 0.6000 - lr: 3.6883e-07
Epoch 13/20
4/4 [==============================] - 2s 508ms/step - loss: 4.4634 - accuracy: 0.1667 - val_loss: 2.0539 - val_accuracy: 0.6000 - lr: 2.0242e-07
Epoch 14/20
4/4 [==============================] - 2s 493ms/step - loss: 4.0256 - accuracy: 0.2333 - val_loss: 2.0448 - val_accuracy: 0.6000 - lr: 1.0567e-07
Epoch 15/20
4/4 [==============================] - 2s 542ms/step - loss: 3.8649 - accuracy: 0.1833 - val_loss: 2.0364 - val_accuracy: 0.6000 - lr: 5.2475e-08
Epoch 16/20
4/4 [==============================] - 3s 799ms/step - loss: 4.1181 - accuracy: 0.2333 - val_loss: 2.0282 - val_accuracy: 0.6000 - lr: 2.4788e-08
Epoch 17/20
4/4 [==============================] - 3s 733ms/step - loss: 4.5289 - accuracy: 0.2000 - val_loss: 2.0201 - val_accuracy: 0.4000 - lr: 1.1138e-08
Epoch 18/20
4/4 [==============================] - 2s 563ms/step - loss: 4.0658 - accuracy: 0.1667 - val_loss: 2.0122 - val_accuracy: 0.4000 - lr: 4.7604e-09
Epoch 19/20
4/4 [==============================] - 4s 963ms/step - loss: 3.6375 - accuracy: 0.2500 - val_loss: 2.0047 - val_accuracy: 0.4000 - lr: 1.9355e-09
Epoch 20/20
4/4 [==============================] - 4s 999ms/step - loss: 4.5779 - accuracy: 0.2000 - val_loss: 1.9973 - val_accuracy: 0.4000 - lr: 7.4852e-10
1/1 [==============================] - 0s 146ms/step - loss: 2.1143 - accuracy: 0.1429
Found 60 images belonging to 6 classes.
Found 5 images belonging to 6 classes.
Found 7 images belonging to 6 classes.
Epoch 1/25
4/4 [==============================] - ETA: 0s - loss: 4.9446 - accuracy: 0.2833C:\Users\tom.zbc\PycharmProjects\fungis_bacterias_project\.venv\lib\site-packages\keras\src\engine\training.py:3000: UserWarning: You are saving your model as an HDF5 file via `model.save()`. This file format is considered legacy. We recommend using instead the native Keras format, e.g. `model.save('my_model.keras')`.
  saving_api.save_model(
4/4 [==============================] - 5s 1s/step - loss: 4.9446 - accuracy: 0.2833 - val_loss: 2.1229 - val_accuracy: 0.6000 - lr: 1.0000e-05
Epoch 2/25
4/4 [==============================] - 4s 933ms/step - loss: 6.0422 - accuracy: 0.1333 - val_loss: 2.1148 - val_accuracy: 0.6000 - lr: 9.5123e-06
Epoch 3/25
4/4 [==============================] - 3s 884ms/step - loss: 4.5781 - accuracy: 0.2167 - val_loss: 2.1108 - val_accuracy: 0.6000 - lr: 8.6071e-06
Epoch 4/25
4/4 [==============================] - 3s 769ms/step - loss: 5.5240 - accuracy: 0.1833 - val_loss: 2.1112 - val_accuracy: 0.6000 - lr: 7.4082e-06
Epoch 5/25
4/4 [==============================] - 3s 702ms/step - loss: 5.2358 - accuracy: 0.1833 - val_loss: 2.1142 - val_accuracy: 0.6000 - lr: 6.0653e-06
Epoch 6/25
4/4 [==============================] - 3s 719ms/step - loss: 4.6144 - accuracy: 0.2333 - val_loss: 2.1170 - val_accuracy: 0.4000 - lr: 4.7237e-06
Epoch 7/25
4/4 [==============================] - 3s 692ms/step - loss: 4.2295 - accuracy: 0.3167 - val_loss: 2.1196 - val_accuracy: 0.4000 - lr: 3.4994e-06
Epoch 8/25
4/4 [==============================] - 3s 712ms/step - loss: 4.2435 - accuracy: 0.2833 - val_loss: 2.1221 - val_accuracy: 0.4000 - lr: 1.2330e-06
Epoch 9/25
4/4 [==============================] - 3s 729ms/step - loss: 4.3253 - accuracy: 0.2000 - val_loss: 2.1235 - val_accuracy: 0.4000 - lr: 8.2649e-07
1/1 [==============================] - 0s 242ms/step - loss: 2.1369 - accuracy: 0.2857
Found 60 images belonging to 6 classes.
Found 5 images belonging to 6 classes.
Found 7 images belonging to 6 classes.
Epoch 1/20
4/4 [==============================] - ETA: 0s - loss: 6.0804 - accuracy: 0.2000C:\Users\tom.zbc\PycharmProjects\fungis_bacterias_project\.venv\lib\site-packages\keras\src\engine\training.py:3000: UserWarning: You are saving your model as an HDF5 file via `model.save()`. This file format is considered legacy. We recommend using instead the native Keras format, e.g. `model.save('my_model.keras')`.
  saving_api.save_model(
4/4 [==============================] - 5s 1s/step - loss: 6.0804 - accuracy: 0.2000 - val_loss: 2.1375 - val_accuracy: 0.2000 - lr: 1.0000e-05
Epoch 2/20
4/4 [==============================] - 4s 983ms/step - loss: 5.6386 - accuracy: 0.1500 - val_loss: 2.1278 - val_accuracy: 0.2000 - lr: 9.5123e-06
Epoch 3/20
4/4 [==============================] - 4s 927ms/step - loss: 5.5153 - accuracy: 0.1500 - val_loss: 2.1191 - val_accuracy: 0.2000 - lr: 8.6071e-06
Epoch 4/20
4/4 [==============================] - 4s 921ms/step - loss: 4.8203 - accuracy: 0.2333 - val_loss: 2.1085 - val_accuracy: 0.2000 - lr: 7.4082e-06
Epoch 5/20
4/4 [==============================] - 3s 789ms/step - loss: 4.9567 - accuracy: 0.2000 - val_loss: 2.0974 - val_accuracy: 0.4000 - lr: 6.0653e-06
Epoch 6/20
4/4 [==============================] - 3s 760ms/step - loss: 5.1479 - accuracy: 0.1167 - val_loss: 2.0895 - val_accuracy: 0.4000 - lr: 4.7237e-06
Epoch 7/20
4/4 [==============================] - 2s 629ms/step - loss: 5.3103 - accuracy: 0.1833 - val_loss: 2.0823 - val_accuracy: 0.6000 - lr: 3.4994e-06
Epoch 8/20
4/4 [==============================] - 3s 737ms/step - loss: 4.6676 - accuracy: 0.2167 - val_loss: 2.0742 - val_accuracy: 0.6000 - lr: 2.4660e-06
Epoch 9/20
4/4 [==============================] - 2s 594ms/step - loss: 4.6097 - accuracy: 0.1667 - val_loss: 2.0675 - val_accuracy: 0.6000 - lr: 1.6530e-06
Epoch 10/20
4/4 [==============================] - 2s 576ms/step - loss: 3.9275 - accuracy: 0.2500 - val_loss: 2.0604 - val_accuracy: 0.6000 - lr: 1.0540e-06
Epoch 11/20
4/4 [==============================] - 2s 592ms/step - loss: 4.6565 - accuracy: 0.2000 - val_loss: 2.0538 - val_accuracy: 0.6000 - lr: 6.3928e-07
Epoch 12/20
4/4 [==============================] - 2s 540ms/step - loss: 4.4340 - accuracy: 0.2500 - val_loss: 2.0482 - val_accuracy: 0.6000 - lr: 3.6883e-07
Epoch 13/20
4/4 [==============================] - 2s 579ms/step - loss: 4.1484 - accuracy: 0.2333 - val_loss: 2.0428 - val_accuracy: 0.6000 - lr: 2.0242e-07
Epoch 14/20
4/4 [==============================] - 2s 592ms/step - loss: 4.5162 - accuracy: 0.1667 - val_loss: 2.0371 - val_accuracy: 0.6000 - lr: 1.0567e-07
Epoch 15/20
4/4 [==============================] - 2s 580ms/step - loss: 5.1155 - accuracy: 0.1667 - val_loss: 2.0316 - val_accuracy: 0.4000 - lr: 5.2475e-08
Epoch 16/20
4/4 [==============================] - 2s 526ms/step - loss: 3.8868 - accuracy: 0.2667 - val_loss: 2.0261 - val_accuracy: 0.4000 - lr: 2.4788e-08
Epoch 17/20
4/4 [==============================] - 2s 531ms/step - loss: 4.0718 - accuracy: 0.3333 - val_loss: 2.0204 - val_accuracy: 0.4000 - lr: 1.1138e-08
Epoch 18/20
4/4 [==============================] - 2s 550ms/step - loss: 4.5403 - accuracy: 0.1667 - val_loss: 2.0150 - val_accuracy: 0.4000 - lr: 4.7604e-09
Epoch 19/20
4/4 [==============================] - 2s 450ms/step - loss: 4.6027 - accuracy: 0.2167 - val_loss: 2.0099 - val_accuracy: 0.4000 - lr: 1.9355e-09
Epoch 20/20
4/4 [==============================] - 2s 553ms/step - loss: 4.0692 - accuracy: 0.2500 - val_loss: 2.0049 - val_accuracy: 0.4000 - lr: 7.4852e-10
1/1 [==============================] - 0s 99ms/step - loss: 2.0495 - accuracy: 0.4286
Found 60 images belonging to 6 classes.
Found 5 images belonging to 6 classes.
Found 7 images belonging to 6 classes.
Epoch 1/25
4/4 [==============================] - ETA: 0s - loss: 5.6898 - accuracy: 0.1833C:\Users\tom.zbc\PycharmProjects\fungis_bacterias_project\.venv\lib\site-packages\keras\src\engine\training.py:3000: UserWarning: You are saving your model as an HDF5 file via `model.save()`. This file format is considered legacy. We recommend using instead the native Keras format, e.g. `model.save('my_model.keras')`.
  saving_api.save_model(
4/4 [==============================] - 3s 536ms/step - loss: 5.6898 - accuracy: 0.1833 - val_loss: 2.1490 - val_accuracy: 0.0000e+00 - lr: 1.0000e-05
Epoch 2/25
4/4 [==============================] - 2s 484ms/step - loss: 5.7990 - accuracy: 0.2000 - val_loss: 2.1360 - val_accuracy: 0.2000 - lr: 9.5123e-06
Epoch 3/25
4/4 [==============================] - 2s 493ms/step - loss: 4.8444 - accuracy: 0.2333 - val_loss: 2.1271 - val_accuracy: 0.2000 - lr: 8.6071e-06
Epoch 4/25
4/4 [==============================] - 2s 466ms/step - loss: 4.2542 - accuracy: 0.2500 - val_loss: 2.1216 - val_accuracy: 0.2000 - lr: 7.4082e-06
Epoch 5/25
4/4 [==============================] - 2s 511ms/step - loss: 4.9568 - accuracy: 0.1000 - val_loss: 2.1188 - val_accuracy: 0.2000 - lr: 6.0653e-06
Epoch 6/25
4/4 [==============================] - 2s 471ms/step - loss: 4.3572 - accuracy: 0.2667 - val_loss: 2.1172 - val_accuracy: 0.6000 - lr: 4.7237e-06
Epoch 7/25
4/4 [==============================] - 2s 440ms/step - loss: 3.8476 - accuracy: 0.3000 - val_loss: 2.1161 - val_accuracy: 0.4000 - lr: 3.4994e-06
Epoch 8/25
4/4 [==============================] - 2s 444ms/step - loss: 4.6678 - accuracy: 0.1500 - val_loss: 2.1148 - val_accuracy: 0.4000 - lr: 2.4660e-06
Epoch 9/25
4/4 [==============================] - 2s 475ms/step - loss: 4.2654 - accuracy: 0.2500 - val_loss: 2.1148 - val_accuracy: 0.4000 - lr: 1.6530e-06
Epoch 10/25
4/4 [==============================] - 2s 465ms/step - loss: 4.0260 - accuracy: 0.2667 - val_loss: 2.1144 - val_accuracy: 0.4000 - lr: 1.0540e-06
Epoch 11/25
4/4 [==============================] - 1s 376ms/step - loss: 4.3608 - accuracy: 0.3000 - val_loss: 2.1148 - val_accuracy: 0.4000 - lr: 6.3928e-07
Epoch 12/25
4/4 [==============================] - 2s 354ms/step - loss: 4.5283 - accuracy: 0.1833 - val_loss: 2.1156 - val_accuracy: 0.4000 - lr: 3.6883e-07
Epoch 13/25
4/4 [==============================] - 2s 358ms/step - loss: 4.8763 - accuracy: 0.1667 - val_loss: 2.1165 - val_accuracy: 0.4000 - lr: 2.0242e-07
Epoch 14/25
4/4 [==============================] - 2s 366ms/step - loss: 4.3182 - accuracy: 0.1500 - val_loss: 2.1179 - val_accuracy: 0.4000 - lr: 1.0567e-07
Epoch 15/25
4/4 [==============================] - 2s 358ms/step - loss: 4.4993 - accuracy: 0.2333 - val_loss: 2.1194 - val_accuracy: 0.4000 - lr: 5.2475e-08
Epoch 16/25
4/4 [==============================] - 2s 409ms/step - loss: 3.7549 - accuracy: 0.3500 - val_loss: 2.1206 - val_accuracy: 0.4000 - lr: 2.4788e-08
1/1 [==============================] - 0s 109ms/step - loss: 2.1401 - accuracy: 0.1429

Process finished with exit code 0
