Wavenumber (cm-1),Original Intensity,Fitted Intensity,Residual
200.0,0.5654377937316895,0.10623790594332497,0.4591998877883645
201.0,0.563839852809906,0.10728271859827494,0.4565571342116311
202.0,0.5533090233802795,0.10988864759582402,0.44342037578445553
203.0,0.5388476252555847,0.11392854525988586,0.4249190799956989
204.0,0.5303320288658142,0.11919682289776398,0.4111352059680502
205.0,0.5258302092552185,0.12542889397742774,0.40040131527779077
206.0,0.5224180817604065,0.13232516200413297,0.3900929197562735
207.0,0.5207887887954712,0.13957653626764485,0.3812122525278263
208.0,0.5185076594352722,0.14688848085883205,0.37161917857644017
209.0,0.5158981680870056,0.15400106860150883,0.36189709948549675
210.0,0.5124890208244324,0.1607033036216232,0.35178571720280916
211.0,0.5010269284248352,0.16684092818953233,0.33418600023530287
212.0,0.4906978905200958,0.17231786581746683,0.318380024702629
213.0,0.49095141887664795,0.17709222446558354,0.3138591944110644
214.0,0.4964510500431061,0.18116829409143587,0.3152827559516702
215.0,0.5007709860801697,0.18458618708457708,0.3161847989955926
216.0,0.49745428562164307,0.18741071185098565,0.3100435737706574
217.0,0.4877161681652069,0.18972080487203508,0.29799536329317183
218.0,0.48144397139549255,0.19160046204241857,0.289843509353074
219.0,0.48930808901786804,0.19313169322433937,0.29617639579352867
220.0,0.50510174036026,0.19438964593071467,0.31071209442954534
221.0,0.5110079646110535,0.19543975101227207,0.3155682135987814
222.0,0.5017511248588562,0.1963365545880973,0.3054145702707589
223.0,0.4888800084590912,0.19712381295401257,0.2917561955050786
224.0,0.4819401204586029,0.19783542216615843,0.28410469829244445
225.0,0.4797324240207672,0.19849680544214987,0.28123561857861734
226.0,0.4788639545440674,0.19912646305821718,0.2797374914858502
227.0,0.4797239601612091,0.19973747897043026,0.27998648119077885
228.0,0.48891186714172363,0.2003388604802246,0.28857300666149904
229.0,0.4993875026702881,0.2009366532820743,0.29845084938821376
230.0,0.503246009349823,0.20153482130312986,0.30171118804669317
231.0,0.5072138905525208,0.20213591000674183,0.30507798054577895
232.0,0.5101797580718994,0.20274152664266148,0.30743823142923793
233.0,0.5018120408058167,0.20335267540427834,0.2984593654015383
234.0,0.47153398394584656,0.20396998348359452,0.26756400046225204
235.0,0.44694089889526367,0.2045938487244165,0.24234705017084718
236.0,0.4452665150165558,0.20522453316697067,0.2400419818495851
237.0,0.45096883177757263,0.20586222060292775,0.24510661117464488
238.0,0.45391952991485596,0.20650705099982133,0.24741247891503462
239.0,0.4508632719516754,0.2071591405320955,0.24370413141957992
240.0,0.4469432830810547,0.20781859292678284,0.23912469015427185
241.0,0.4445399343967438,0.20848550572029043,0.23605442867645335
242.0,0.43698182702064514,0.20915997361690972,0.22782185340373542
243.0,0.42751526832580566,0.2098420902412552,0.21767317808455047
244.0,0.42648184299468994,0.2105319490238919,0.21594989397079803
245.0,0.436352014541626,0.2112296436307891,0.22512237091083687
246.0,0.44691202044487,0.21193526815827446,0.23497675228659554
247.0,0.44698628783226013,0.21264891720986753,0.2343373706223926
248.0,0.4354371130466461,0.21337068591443872,0.2220664271322074
249.0,0.4246979057788849,0.21410066991524057,0.21059723586364432
250.0,0.42657461762428284,0.21483896534408853,0.2117356522801943
251.0,0.4373737871646881,0.21558566878738664,0.22178811837730147
252.0,0.44461360573768616,0.21634087724701856,0.2282727284906676
253.0,0.4374525547027588,0.2171046880973983,0.2203478666053605
254.0,0.42110201716423035,0.2178771990391748,0.20322481812505555
255.0,0.4092155694961548,0.2186585080497261,0.19055706144642867
256.0,0.40469393134117126,0.21944871333042207,0.1852452180107492
257.0,0.40099772810935974,0.22024791325056084,0.1807498148587989
258.0,0.3989022672176361,0.22105620628785405,0.17784606092978206
259.0,0.40125736594200134,0.22187369096532175,0.1793836749766796
260.0,0.40514394640922546,0.222700465784445,0.18244348062478047
261.0,0.4048800468444824,0.223536629154422,0.18134341769006043
262.0,0.3992467224597931,0.22438227931736676,0.17486444314242633
263.0,0.3937356472015381,0.22523751426928285,0.16849813293225524
264.0,0.3949737548828125,0.22610243167664462,0.16887132320616788
265.0,0.4061097204685211,0.22697712878840812,0.179132591680113
266.0,0.4170406758785248,0.22786170234327488,0.1891789735352499
267.0,0.4176912009716034,0.22875624847202392,0.18893495249957948
268.0,0.4107303321361542,0.22966086259472487,0.1810694695414293
269.0,0.4054082930088043,0.23057563931264013,0.1748326536961642
270.0,0.4031553268432617,0.23150067229462182,0.1716546545486399
271.0,0.39754024147987366,0.23243605415780308,0.16510418732207058
272.0,0.394428014755249,0.23338187634238236,0.16104613841286666
273.0,0.3877016007900238,0.23433822898029524,0.15336337180972856
274.0,0.37678733468055725,0.23530520075756461,0.14148213392299264
275.0,0.3745194971561432,0.23628287877012003,0.13823661838602316
276.0,0.3886374235153198,0.23727134837287242,0.1513660751424474
277.0,0.4056931436061859,0.23827069302183024,0.16742245058435568
278.0,0.4074942171573639,0.239280994109042,0.1682132230483219
279.0,0.38647350668907166,0.24030233079014968,0.14617117589892198
280.0,0.3647882044315338,0.2413347798043365,0.1234534246271973
281.0,0.3643702566623688,0.2423784152864555,0.12199184137591326
282.0,0.3765455186367035,0.24343330857112433,0.13311221006557916
283.0,0.38656342029571533,0.24449952798857713,0.1420638923071382
284.0,0.3828746974468231,0.24557713865206457,0.13729755879475855
285.0,0.3706042766571045,0.2466662022365998,0.1239380744205047
286.0,0.36270782351493835,0.2477667767488522,0.11494104676608616
287.0,0.36656203866004944,0.24887891628799752,0.11768312237205192
288.0,0.3743773400783539,0.25000267079734145,0.12437466928101243
289.0,0.37742879986763,0.25113808580654223,0.12629071406108777
290.0,0.37468281388282776,0.25228520216426753,0.12239761171856023
291.0,0.3711431324481964,0.2534440557611361,0.11769907668706031
292.0,0.3699468672275543,0.2546146772428042,0.11533218998475014
293.0,0.3711821138858795,0.25579709171307663,0.11538502217280289
294.0,0.3728482723236084,0.25699131842693596,0.11585695389667244
295.0,0.3731086552143097,0.25819737047340696,0.11491128474090273
296.0,0.371369332075119,0.2594152544481905,0.1119540776269285
297.0,0.368898868560791,0.26064497011602983,0.10825389844476119
298.0,0.3660663664340973,0.26188651006279423,0.10417985637130306
299.0,0.3620769679546356,0.26313985933729717,0.09893710861733845
300.0,0.3598496615886688,0.2644049950828959,0.09544466650577293
301.0,0.3586934506893158,0.2656818861589545,0.0930115645303613
302.0,0.355703741312027,0.26697049275228885,0.08873324855973813
303.0,0.3534899652004242,0.26827076597875305,0.08521919922167115
304.0,0.34912291169166565,0.2695826474751712,0.07954026421649446
305.0,0.342953085899353,0.2709060689818621,0.07204701691749094
306.0,0.33987244963645935,0.272240951916058,0.06763149772040133
307.0,0.3399331569671631,0.2735872069365708,0.0663459500305923
308.0,0.34257838129997253,0.2749447335001149,0.06763364779985764
309.0,0.348476380109787,0.27631341940976023,0.07216296070002676
310.0,0.35771360993385315,0.2776931403560485,0.08002046957780468
311.0,0.3659094274044037,0.2790837594513803,0.08682566795302338
312.0,0.3672467768192291,0.28048512675834736,0.08676165006088177
313.0,0.3608058989048004,0.2818970788127639,0.07890882009203654
314.0,0.3556605279445648,0.2833194381422267,0.07234108980233811
315.0,0.35304713249206543,0.2847520127811238,0.06829511971094165
316.0,0.3475397527217865,0.28619459578309103,0.061345156938695466
317.0,0.3448682725429535,0.28764696473201223,0.05722130781094126
318.0,0.3462959825992584,0.28910888125274997,0.05718710134650845
319.0,0.3480560779571533,0.29058009052289263,0.05747598743426069
320.0,0.3473469316959381,0.2920603207869024,0.055286610909035694
321.0,0.3443233072757721,0.2935492828741548,0.05077402440161727
322.0,0.3410172462463379,0.29504666972246174,0.04597057652387615
323.0,0.33905377984046936,0.29655215590878037,0.04250162393168899
324.0,0.3381102979183197,0.298065397188921,0.0400449007293987
325.0,0.33712509274482727,0.2995860300481697,0.03753906269665758
326.0,0.33590495586395264,0.3011136712648631,0.034791284599089534
327.0,0.33577394485473633,0.30264791748905306,0.033126027365683264
328.0,0.33596596121788025,0.3041883448385139,0.031777616379366325
329.0,0.3380686044692993,0.30573450851445466,0.032334095954844655
330.0,0.34197214245796204,0.307285942439398,0.03468620001856404
331.0,0.3424783945083618,0.3088421589197954,0.03363623558856643
332.0,0.3349144756793976,0.3104026483360452,0.024511827343352388
333.0,0.32449960708618164,0.3119668788626709,0.012532728223510758
334.0,0.31944039463996887,0.3135342962215037,0.005906098418465178
335.0,0.32119086384773254,0.3151043234707928,0.006086540376939731
336.0,0.3238300085067749,0.3166763608332361,0.007153647673538821
337.0,0.3210161328315735,0.3182497855659821,0.0027663472655913846
338.0,0.31200483441352844,0.319823951875701,-0.007819117462172565
339.0,0.3051643669605255,0.3213981908818607,-0.01623382392133521
340.0,0.3056170642375946,0.3229718106313583,-0.01735474639376372
341.0,0.30828163027763367,0.3245440961676664,-0.016262465890032718
342.0,0.3116569221019745,0.3261143096576369,-0.014457387555662393
343.0,0.31710779666900635,0.32768169057907526,-0.01057389391006891
344.0,0.32347333431243896,0.3292454559721429,-0.0057721216597039215
345.0,0.32526201009750366,0.33080480075757296,-0.005542790660069297
346.0,0.31467577815055847,0.33235889812458796,-0.017683119974029493
347.0,0.30072858929634094,0.33390689999128226,-0.033178310694941315
348.0,0.2974182963371277,0.33544793754009017,-0.03802964120296248
349.0,0.30584004521369934,0.33698112183078194,-0.031141076617082597
350.0,0.314505010843277,0.33850554449323184,-0.02400053364995486
351.0,0.3152305781841278,0.34002027850196936,-0.024789700317841556
352.0,0.31436923146247864,0.34152437903427,-0.027155147571791383
353.0,0.3126572072505951,0.34301688441325157,-0.030359677162656473
354.0,0.31106820702552795,0.3444968171371247,-0.03342861011159676
355.0,0.3102432191371918,0.34596318499540485,-0.035719965858213076
356.0,0.30850809812545776,0.34741498227251155,-0.03890688414705379
357.0,0.30752238631248474,0.34885119103878504,-0.041328804726300294
358.0,0.30746567249298096,0.3502707825285196,-0.04280511003553866
359.0,0.3063462972640991,0.35167271860415605,-0.04532642134005693
360.0,0.3059951961040497,0.353055953305305,-0.0470607572012553
361.0,0.3060336410999298,0.3544194344807681,-0.048385793380838316
362.0,0.30367961525917053,0.355762105501213,-0.05208249024204248
363.0,0.2956105172634125,0.3570829070496232,-0.061472389786210724
364.0,0.28952929377555847,0.3583807789860999,-0.06885148521054141
365.0,0.29108938574790955,0.3596546622830427,-0.06856527653513317
366.0,0.29563573002815247,0.3609035010261785,-0.06526777099802605
367.0,0.29933905601501465,0.362126244476348,-0.06278718846133335
368.0,0.3025623857975006,0.36332184918641397,-0.06075946338891336
369.0,0.30635666847229004,0.3644892811671094,-0.05813261269481934
370.0,0.3083755075931549,0.3656275180951141,-0.057252010501959216
371.0,0.3056390583515167,0.36673555155614584,-0.06109649320462912
372.0,0.30073896050453186,0.3678123893153702,-0.06707342881083833
373.0,0.29652807116508484,0.36885705760697746,-0.07232898644189262
374.0,0.2893028259277344,0.3698686034343666,-0.08056577750663224
375.0,0.2827649414539337,0.3708460968720015,-0.08808115541806777
376.0,0.2797243297100067,0.37178863335967866,-0.09206430364967194
377.0,0.2774023413658142,0.3726953359796716,-0.09529299461385737
378.0,0.2773715555667877,0.37356535770700305,-0.09619380214021533
379.0,0.2865079939365387,0.3743978836229355,-0.08788988968639683
380.0,0.3016633987426758,0.3751921330816802,-0.07352873433900442
381.0,0.30794060230255127,0.3759473618203017,-0.06800675951775043
382.0,0.29852017760276794,0.3766628640018393,-0.07814268639907135
383.0,0.28629931807518005,0.37733797418178416,-0.09103865610660411
384.0,0.2857312858104706,0.37797206918824605,-0.09224078337777547
385.0,0.2941260039806366,0.3785645699064024,-0.08443856592576582
386.0,0.302886962890625,0.3791149429581713,-0.07622798006754627
387.0,0.3028962314128876,0.3796227022684508,-0.07672647085556322
388.0,0.2924431562423706,0.3800874105097584,-0.08764425426738781
389.0,0.2850129306316376,0.3805086804176488,-0.09549574978601122
390.0,0.2856411039829254,0.3808861759699047,-0.09524507198697929
391.0,0.2871593236923218,0.3812196134231682,-0.0940602897308464
392.0,0.288592129945755,0.3815087622014116,-0.0929166322556566
393.0,0.2942771911621094,0.3817534456314204,-0.08747625446931101
394.0,0.30034834146499634,0.3819535415212843,-0.08160520005628796
395.0,0.2980833947658539,0.38210898257874915,-0.08402558781289526
396.0,0.2846015989780426,0.38221975666716174,-0.09761815768911913
397.0,0.27324607968330383,0.3822859068976505,-0.10903982721434669
398.0,0.2787831723690033,0.38230753155709757,-0.10352435918809427
399.0,0.2981144189834595,0.3822847838723787,-0.08417036488891921
400.0,0.31068000197410583,0.3822178716122699,-0.07153786963816405
401.0,0.306693971157074,0.3821070565293171,-0.07541308537224312
402.0,0.2983846366405487,0.38195265364485403,-0.08356801700430533
403.0,0.2941252291202545,0.38175503038121006,-0.08762980126095554
404.0,0.2938409149646759,0.38151460554596867,-0.08767369058129276
405.0,0.2945670187473297,0.381231848173916,-0.08666482942658627
406.0,0.29634296894073486,0.3809072762330496,-0.08456430729231473
407.0,0.30186891555786133,0.3805414552016924,-0.07867253964383109
408.0,0.3064423203468323,0.3801349965243692,-0.07369267617753694
409.0,0.30167850852012634,0.37968855595465834,-0.07801004743453199
410.0,0.28586098551750183,0.37920283179371245,-0.09334184627621062
411.0,0.2757672071456909,0.37867856303355396,-0.10291135588786304
412.0,0.28409722447395325,0.37811652741459445,-0.0940193029406412
413.0,0.30061641335487366,0.37751753940709143,-0.07690112605221777
414.0,0.3087308704853058,0.37688244812645233,-0.06815157764114654
415.0,0.3064115345478058,0.37621213519241203,-0.06980060064460625
416.0,0.3018532693386078,0.375507512542161,-0.07365424320355324
417.0,0.2988036572933197,0.3747695202074794,-0.07596586291415969
418.0,0.2887859642505646,0.37399912406583746,-0.08521315981527289
419.0,0.28074684739112854,0.373197313575278,-0.09245046618414948
420.0,0.28527092933654785,0.372365099502673,-0.08709417016612514
421.0,0.2976659834384918,0.3715035116546813,-0.0738375282161895
422.0,0.30618348717689514,0.37061359662041166,-0.06443010944351651
423.0,0.3032139539718628,0.36969641553442384,-0.06648246156256105
424.0,0.2954394817352295,0.3687530418682932,-0.07331356013306373
425.0,0.2923901379108429,0.36778455925851444,-0.07539442134767155
426.0,0.2976028621196747,0.3667920593780477,-0.06918919725837303
427.0,0.3047257661819458,0.3657766398583021,-0.06105087367635631
428.0,0.3085263967514038,0.3647394022678328,-0.05621300551642899
429.0,0.3138165771961212,0.3636814501534925,-0.0498648729573713
430.0,0.3171059787273407,0.36260388714922764,-0.045497908421886946
431.0,0.311855286359787,0.3615078151571644,-0.049652528797377415
432.0,0.29932737350463867,0.3603943326050752,-0.061066959100436524
433.0,0.2918175756931305,0.3592645327837745,-0.06744695709064402
434.0,0.2899061143398285,0.3581195022674555,-0.06821338792762699
435.0,0.2879585921764374,0.35696031941945366,-0.06900172724301629
436.0,0.2865852117538452,0.35578805298541993,-0.06920284123157472
437.0,0.28741154074668884,0.35460376077539213,-0.06719222002870329
438.0,0.28840145468711853,0.3534084884357917,-0.06500703374867317
439.0,0.2865523099899292,0.35220326831192583,-0.06565095832199663
440.0,0.2815972864627838,0.35098911840116087,-0.06939183193837706
441.0,0.27692925930023193,0.3497670413965427,-0.07283778209631075
442.0,0.27704328298568726,0.3485380238202765,-0.07149474083458923
443.0,0.28122949600219727,0.34730303524615097,-0.0660735392439537
444.0,0.2832494080066681,0.3460630276096884,-0.06281361960302029
445.0,0.28005528450012207,0.3448189346045289,-0.06476365010440682
446.0,0.27600613236427307,0.3435716711633227,-0.06756553879904964
447.0,0.27536043524742126,0.34232213302118575,-0.06696169777376448
448.0,0.27356642484664917,0.34107119635960154,-0.06750477151295237
449.0,0.2719564735889435,0.3398197175284918,-0.06786324393954835
450.0,0.2747451961040497,0.3385685328440631,-0.06382333674001339
451.0,0.28244325518608093,0.33731845845993286,-0.054875203273851925
452.0,0.28733381628990173,0.3360702903089765,-0.04873647401907477
453.0,0.2875072658061981,0.33482480411328264,-0.04731753830708452
454.0,0.2871108055114746,0.3335827554595932,-0.046471949948118596
455.0,0.28662577271461487,0.3323448799375992,-0.045719107222984334
456.0,0.2854488790035248,0.33111189333848956,-0.04566301433496478
457.0,0.2836010754108429,0.329884491911194,-0.046283416500351116
458.0,0.28055301308631897,0.3286633526738236,-0.04811033958750466
459.0,0.27415701746940613,0.32744913377789164,-0.053292116308485515
460.0,0.2696859836578369,0.32624247492299363,-0.056556491265156716
461.0,0.27027201652526855,0.3250439978197429,-0.05477198129447436
462.0,0.27199363708496094,0.32385430669887383,-0.05186066961391289
463.0,0.2727804183959961,0.3226739888645751,-0.04989357046857901
464.0,0.26881006360054016,0.3215036152902614,-0.05269355168972123
465.0,0.2625487446784973,0.32034374125515397,-0.057794996576656654
466.0,0.26070597767829895,0.3191949070202183,-0.05848892934191935
467.0,0.27085331082344055,0.31805763854218877,-0.04720432771874822
468.0,0.27981555461883545,0.3169324482245999,-0.03711689360576448
469.0,0.27913030982017517,0.31581983570495026,-0.03668952588477509
470.0,0.2812862694263458,0.3147202886773306,-0.03343401925098477
471.0,0.2815018594264984,0.3136342837500676,-0.032132424323569164
472.0,0.2779677212238312,0.3125622873381577,-0.03459456611432654
473.0,0.27411749958992004,0.311504756590498,-0.037387257000577934
474.0,0.2714022696018219,0.31046214035215897,-0.03905987075033707
475.0,0.2707117199897766,0.30943488016219023,-0.03872316017241362
476.0,0.2709906995296478,0.30842341128770295,-0.037432711758055126
477.0,0.27191486954689026,0.30742816379522564,-0.03551329424833538
478.0,0.27562904357910156,0.3064495636605992,-0.03082052008149766
479.0,0.2783564627170563,0.3054880339189436,-0.027131571201887306
480.0,0.2727578580379486,0.3045439958564984,-0.031786137818549776
481.0,0.26060017943382263,0.3036178702464248,-0.04301769081260215
482.0,0.25607582926750183,0.3027100786309277,-0.04663424936342586
483.0,0.267610102891922,0.3018210446523472,-0.03421094176042522
484.0,0.2825089991092682,0.30095119543614474,-0.018442196326876548
485.0,0.28649744391441345,0.30010096302898764,-0.013603519114574192
486.0,0.287405401468277,0.29927078589541534,-0.011865384427138359
487.0,0.28785064816474915,0.29846111047682505,-0.010610462312075908
488.0,0.28878435492515564,0.2976723928167709,-0.008888037891615241
489.0,0.2912386655807495,0.2969051002567871,-0.005666434676037613
490.0,0.2924317419528961,0.29615971320715767,-0.003727971254261553
491.0,0.2878212034702301,0.2954367269971907,-0.007615523526960599
492.0,0.28121092915534973,0.2947366538096797,-0.013525724654329996
493.0,0.28042730689048767,0.29406002470425296,-0.013632717813765294
494.0,0.28410041332244873,0.2934073917342643,-0.009306978411815547
495.0,0.28736433386802673,0.2927793301617097,-0.005414996293682972
496.0,0.28482118248939514,0.2921764407743395,-0.007355258284944377
497.0,0.2753877341747284,0.29159935230864875,-0.016211618133920358
498.0,0.2695865333080292,0.29104872398170517,-0.021462190673675996
499.0,0.2769114673137665,0.2905252481337848,-0.013613780820018295
500.0,0.2897019386291504,0.29002965298243577,-0.0003277143532853799
501.0,0.2925611734390259,0.28956270548682195,0.0029984679522039315
502.0,0.2741999924182892,0.28912521431890803,-0.014925221900618846
503.0,0.25400686264038086,0.2887180329351004,-0.03471117029471954
504.0,0.2556711733341217,0.28834206273824575,-0.03267088940412405
505.0,0.2757513225078583,0.28799825631520737,-0.012246933807349092
506.0,0.2899540960788727,0.28768762072940407,0.0022664753494686107
507.0,0.2927505075931549,0.28741122084046844,0.005339286752686467
508.0,0.2979826033115387,0.2871701826142478,0.010812420697290881
509.0,0.29992616176605225,0.2869656963754339,0.012960465390618348
510.0,0.2988739013671875,0.2867990199417152,0.012074881425472306
511.0,0.29743367433547974,0.2866714815620865,0.010762192773393242
512.0,0.29747453331947327,0.2865844825622361,0.010890050757237146
513.0,0.30073681473731995,0.28653949957617636,0.014197315161143587
514.0,0.3028050363063812,0.2865380862147616,0.016266950091619603
515.0,0.2972700595855713,0.2865818739876823,0.010688185597888977
516.0,0.28641414642333984,0.2866725722550452,-0.0002584258317053778
517.0,0.2820001542568207,0.28681196693685973,-0.0048118126800390515
518.0,0.28913602232933044,0.2870019176526556,0.002134104676674853
519.0,0.2982873022556305,0.2872443528981694,0.011042949357461085
520.0,0.30002453923225403,0.2875412627906866,0.012483276441567437
521.0,0.2997710406780243,0.2878946888286448,0.011876351849379518
522.0,0.2992032766342163,0.2883067100142453,0.010896566619971015
523.0,0.3031502664089203,0.28877942458053846,0.01437084182838183
524.0,0.31420403718948364,0.2893149264481089,0.02488911074137473
525.0,0.31936800479888916,0.28991527541390505,0.02945272938498411
526.0,0.3143058717250824,0.2905824599507085,0.02372341177437387
527.0,0.30745744705200195,0.2913183513777,0.01613909567430194
528.0,0.30577564239501953,0.29212464806162075,0.01365099433339878
529.0,0.3044348657131195,0.29300280823984937,0.01143205747327014
530.0,0.3032863140106201,0.2939539700427172,0.00933234396790289
531.0,0.3019163906574249,0.29497885736093765,0.006937533296487275
532.0,0.29848170280456543,0.2960776703912288,0.002404032413336643
533.0,0.2968783974647522,0.2972499600435789,-0.00037156257882670074
534.0,0.2983843982219696,0.2984944859593701,-0.00011008773740051048
535.0,0.30103304982185364,0.29980905872881297,0.0012239910930406661
536.0,0.3028312623500824,0.301190368068148,0.001640894281934424
537.0,0.30106380581855774,0.30263380027458014,-0.0015699944560224055
538.0,0.29967954754829407,0.30413325025387994,-0.004453702705585871
539.0,0.30565205216407776,0.3056809358098943,-2.8883645816546455e-05
540.0,0.31871429085731506,0.3072672246364525,0.011447066220862556
541.0,0.32506656646728516,0.30888048741572355,0.016186079051561608
542.0,0.3184695541858673,0.31050699334845044,0.007962560837416865
543.0,0.3087191879749298,0.3121308669368562,-0.003411678961926401
544.0,0.3058793246746063,0.31373412639446535,-0.007854801719859028
545.0,0.30719438195228577,0.31529682404606435,-0.008102442093778583
546.0,0.3092922866344452,0.31679730684283053,-0.007505020208385338
547.0,0.3132721483707428,0.31821261006454427,-0.004940461693801468
548.0,0.3214295506477356,0.31951898906087317,0.0019105615868624248
549.0,0.3261013329029083,0.32069258256713834,0.005408750335769985
550.0,0.32394933700561523,0.3217101873781206,0.0022391496274946077
551.0,0.3193056881427765,0.32255010932088424,-0.003244421178107748
552.0,0.3168768286705017,0.3231930415109796,-0.006316212840477897
553.0,0.319473534822464,0.32362291017506983,-0.004149375352605844
554.0,0.3213115334510803,0.32382762321307135,-0.002516089761991025
555.0,0.31780657172203064,0.32379965891582274,-0.0059930871937921015
556.0,0.3128332793712616,0.32353644251681674,-0.010703163145555139
557.0,0.3099915683269501,0.3230404757790773,-0.013048907452127223
558.0,0.31606724858283997,0.32231920741082226,-0.006251958827982296
559.0,0.3251296877861023,0.32138465651646153,0.003745031269640764
560.0,0.3256274163722992,0.32025282388201737,0.0053745924902818265
561.0,0.3195493519306183,0.31894294341657126,0.0006064085140470299
562.0,0.31420668959617615,0.317476636333819,-0.0032699467376428593
563.0,0.3140520751476288,0.31587703290070107,-0.0018249577530722871
564.0,0.31518200039863586,0.3141679214700856,0.001014078928550266
565.0,0.31336525082588196,0.31237297381314144,0.0009922770127405167
566.0,0.30958661437034607,0.31051508181041565,-0.0009284674400695803
567.0,0.3065258264541626,0.30861582571804896,-0.0020899992638863663
568.0,0.30468836426734924,0.30669508047372684,-0.002006716206377601
569.0,0.302890419960022,0.3047707551903935,-0.0018803352303715104
570.0,0.30072304606437683,0.3028586527658576,-0.0021356067014807745
571.0,0.29978427290916443,0.3009724314833179,-0.0011881585741534972
572.0,0.3008720874786377,0.29912364823965537,0.0017484392389823245
573.0,0.299592524766922,0.2973218630273393,0.00227066173958268
574.0,0.293363094329834,0.2955747858492416,-0.002211691519407588
575.0,0.28654515743255615,0.29388844974104067,-0.007343292308484517
576.0,0.28575173020362854,0.2922673964972593,-0.006515666293630762
577.0,0.2940165102481842,0.2907148646605623,0.0033016455876219153
578.0,0.29937776923179626,0.2892329720851807,0.010144797146615592
579.0,0.29493191838264465,0.28782288777963827,0.007109030603006383
580.0,0.2883163392543793,0.2864849897109303,0.0018313495434489901
581.0,0.2841762602329254,0.28521900680981194,-0.0010427465768865218
582.0,0.2819107472896576,0.28402414458886255,-0.0021133972992049554
583.0,0.28127142786979675,0.2828991946242298,-0.0016277667544330465
584.0,0.284548819065094,0.28184262871773064,0.0027061903473633575
585.0,0.2927929162979126,0.2808526789063541,0.011940237391558473
586.0,0.2980250418186188,0.27992740467342775,0.018097637145191026
587.0,0.2901217043399811,0.2790647487842579,0.011056955555723169
588.0,0.27529996633529663,0.278262583155071,-0.0029626168197743885
589.0,0.2716462314128876,0.2775187460959006,-0.00587251468301303
590.0,0.2871367633342743,0.2768310721671235,0.010305691167150799
591.0,0.3032025396823883,0.276197415771305,0.027005123911083284
592.0,0.3029095232486725,0.2756156694779809,0.0272938537706916
593.0,0.29564976692199707,0.27508377795642075,0.02056598896557632
594.0,0.289181113243103,0.2745997482750895,0.014581364968013544
595.0,0.2853510081768036,0.2741616572192484,0.011189350957555189
596.0,0.28206774592399597,0.27376765618128635,0.008300089742709627
597.0,0.2798513174057007,0.2734159740923949,0.006435343313305808
598.0,0.2784537971019745,0.27310491878886406,0.005348878313110428
599.0,0.27819231152534485,0.2728328771409881,0.005359434384356765
600.0,0.2807553708553314,0.2725983142164915,0.008157056638839921
601.0,0.2862648665904999,0.2723997717025953,0.013865094887904605
602.0,0.2889077067375183,0.2722358657703793,0.01667184096713903
603.0,0.28966137766838074,0.27210528453104454,0.017556093137336193
604.0,0.2902720868587494,0.2720067852051691,0.018265301653580313
605.0,0.28820839524269104,0.27193919110229803,0.016269204140393012
606.0,0.28095850348472595,0.2719013884885112,0.009057114996214755
607.0,0.2755380868911743,0.27189232340334735,0.0036457634878269696
608.0,0.2771371603012085,0.2719109984740904,0.005226161827118103
609.0,0.2809343636035919,0.2719564697644843,0.008977893839107631
610.0,0.2819189727306366,0.2720278436860184,0.009891129044618197
611.0,0.2794259786605835,0.2721242739927047,0.007301704667878772
612.0,0.27685606479644775,0.2722449588744311,0.004611105922016634
613.0,0.278456449508667,0.27238913815930643,0.00606731134936056
614.0,0.2867172658443451,0.2725560906316946,0.014161175212650479
615.0,0.29232487082481384,0.2727451314696945,0.019579739355119363
616.0,0.2905425727367401,0.2729556098035337,0.017586962933206385
617.0,0.28760191798210144,0.27318690639456983,0.014415011587531612
618.0,0.2886265814304352,0.2734384314332474,0.015188149997187761
619.0,0.2945447564125061,0.2737096224533606,0.02083513395914549
620.0,0.2995748221874237,0.2739999423592452,0.02557487982817852
621.0,0.29748326539993286,0.27430887756202804,0.02317438783790482
622.0,0.28995704650878906,0.27463593622073557,0.015321110288053497
623.0,0.2862311899662018,0.2749806465838864,0.011250543382315403
624.0,0.290844589471817,0.2753425554271186,0.01550203404469841
625.0,0.29717856645584106,0.27572122658242226,0.0214573398734188
626.0,0.2979155480861664,0.27611623955462294,0.021799308531543438
627.0,0.2941642105579376,0.2765271882209004,0.017637022337037234
628.0,0.2912866771221161,0.2769536796092871,0.014332997512829015
629.0,0.2922818958759308,0.2773953327522896,0.014886563123641172
630.0,0.29425808787345886,0.2778517776119815,0.016406310261477375
631.0,0.29475900530815125,0.27832265407314183,0.016436351235009417
632.0,0.28934261202812195,0.2788076110012349,0.010535001026887036
633.0,0.2835702896118164,0.2793063053622552,0.0042639842495612035
634.0,0.2851890027523041,0.2798184014016845,0.005370601350619564
635.0,0.2913810908794403,0.28034356988002523,0.011037520999415074
636.0,0.2952408492565155,0.2808814873625849,0.014359361893930611
637.0,0.2990022599697113,0.2814318355613881,0.017570424408323182
638.0,0.30511054396629333,0.28199430072727966,0.02311624323901368
639.0,0.30848929286003113,0.28256857309046657,0.02592071976956456
640.0,0.32168227434158325,0.2831543463479076,0.03852792799367566
641.0,0.3323003053665161,0.2837513171961183,0.04854898817039782
642.0,0.3246093988418579,0.2843591849080948,0.0402502139337631
643.0,0.307646781206131,0.28497765095319294,0.02266913025293804
644.0,0.2993708550930023,0.28560641865890624,0.013764436434096083
645.0,0.3005671203136444,0.2862451929135944,0.014321927400050005
646.0,0.30286043882369995,0.2868936799092909,0.015966758914409074
647.0,0.30087023973464966,0.28755158692379984,0.013318652810849818
648.0,0.28950434923171997,0.28821862214134275,0.00128572709037722
649.0,0.2816954553127289,0.28889449451106775,-0.0071990391983388635
650.0,0.2879389822483063,0.2895789136427599,-0.0016399313944536198
651.0,0.3005008101463318,0.2902715897391121,0.010229220407219686
652.0,0.3076207935810089,0.29097223356392055,0.016648560017088365
653.0,0.30968818068504333,0.29168055644555807,0.018007624239485265
654.0,0.3105017840862274,0.2923962703150627,0.018105513771164705
655.0,0.31337055563926697,0.29311908777813994,0.020251467861127026
656.0,0.31896835565567017,0.29384872222033614,0.02511963343533402
657.0,0.3203611373901367,0.29458488794458376,0.025776249445552957
658.0,0.30732670426368713,0.29532730034024784,0.011999403923439289
659.0,0.29106712341308594,0.29607567608273455,-0.005008552669648614
660.0,0.2892378568649292,0.2968297333626241,-0.007591876497694883
661.0,0.2954837381839752,0.29758919214320595,-0.0021054539592307298
662.0,0.3028010427951813,0.2983537744451848,0.0044472683499964805
663.0,0.3097822964191437,0.29912320465721665,0.010659091761927031
664.0,0.3166106045246124,0.2998972098708227,0.016713394653789737
665.0,0.3180171251296997,0.3006755202381025,0.017341604891597195
666.0,0.31230637431144714,0.3014578693505523,0.010848504960894845
667.0,0.3058851659297943,0.3022439946371612,0.0036411712926331385
668.0,0.30516836047172546,0.30303363777983966,0.002134722691885804
669.0,0.30819281935691833,0.30382654514410495,0.004366274212813381
670.0,0.3089594542980194,0.30462246822282757,0.00433698607519184
671.0,0.304966539144516,0.30542116409072406,-0.0004546249462080709
672.0,0.30122610926628113,0.30622239586716987,-0.004996286600888744
673.0,0.3046342432498932,0.30702593318479626,-0.002391689934903074
674.0,0.31840723752975464,0.3078315526612415,0.010575684868513124
675.0,0.32857683300971985,0.30863903837133716,0.01993779463838269
676.0,0.32126089930534363,0.3094481823169339,0.011812716988409744
677.0,0.3052505552768707,0.31025878489150976,-0.005008229614639037
678.0,0.2989579737186432,0.3110706553366529,-0.012112681618009713
679.0,0.2961048185825348,0.3118836121874776,-0.01577879360494283
680.0,0.29369455575942993,0.31269748370401823,-0.0190029279445883
681.0,0.2929626405239105,0.3135121082856401,-0.020549467761729556
682.0,0.292607843875885,0.3143273348655296,-0.021719490989644596
683.0,0.29228881001472473,0.31514302328236266,-0.022854213267637924
684.0,0.2927258312702179,0.31595904462630325,-0.023233213356085358
685.0,0.29337289929389954,0.3167752815565635,-0.023402382262663946
686.0,0.29250574111938477,0.31759162858784845,-0.025085887468463686
687.0,0.28931713104248047,0.31840799234312633,-0.029090861300645865
688.0,0.2873261272907257,0.319224291770293,-0.03189816447956728
689.0,0.2898305654525757,0.3200404583204546,-0.030209892867878896
690.0,0.29416075348854065,0.3208564360857166,-0.026695682597175974
691.0,0.2960396111011505,0.32167218189455477,-0.025632570793404252
692.0,0.29898396134376526,0.3224876653630373,-0.023503704019272043
693.0,0.30049261450767517,0.32330286890038507,-0.022810254392709894
694.0,0.29690834879875183,0.3241177876675749,-0.027209438868823044
695.0,0.2913614511489868,0.32493242948792966,-0.03357097833894285
696.0,0.2900654971599579,0.3257468147088745,-0.035681317548916625
697.0,0.29613348841667175,0.326560976014293,-0.03042748759762126
698.0,0.3044801950454712,0.32737495818716217,-0.022894763141690977
699.0,0.31078580021858215,0.32818881782240333,-0.01740301760382118
700.0,0.3168654143810272,0.3290026229901384,-0.01213720860911116
701.0,0.3194984495639801,0.3298164528497906,-0.010318003285810506
702.0,0.32169580459594727,0.33063039721571763,-0.008934592619770365
703.0,0.325979083776474,0.3314445560753066,-0.0054654722988325966
704.0,0.3314007818698883,0.3322590390606893,-0.000858257190801015
705.0,0.34120020270347595,0.33307396487546514,0.008126237828010807
706.0,0.34863361716270447,0.33388946067802383,0.014744156484680637
707.0,0.3473999798297882,0.3347056614232654,0.012694318406522798
708.0,0.34211137890815735,0.3355227091646953,0.006588669743462061
709.0,0.3414584696292877,0.33634075231904254,0.0051177173102451845
710.0,0.3518429100513458,0.33715994489570533,0.014682965155640493
711.0,0.3613766133785248,0.33798044569346186,0.02339616768506292
712.0,0.3605606257915497,0.33880241746700784,0.02175820832454184
713.0,0.35658785700798035,0.3396260260659817,0.016961830941998657
714.0,0.3527638912200928,0.3404514395492271,0.012312451670865698
715.0,0.3489028215408325,0.34127882727710934,0.007623994263723177
716.0,0.3474644422531128,0.342108358984757,0.0053560832683557935
717.0,0.3527999818325043,0.34294020383913193,0.009859777993372343
718.0,0.3637126386165619,0.3437745294828575,0.019938109133704363
719.0,0.3721688687801361,0.3446115010677388,0.027557367712397307
720.0,0.3798876106739044,0.3454512802809026,0.03443633039300181
721.0,0.3872942626476288,0.3462940243664669,0.041000238281161894
722.0,0.38730940222740173,0.34713988514562133,0.040169517081780404
723.0,0.37962111830711365,0.3479890080379612,0.03163211026915247
724.0,0.3716377019882202,0.3488415310868702,0.02279617090135
725.0,0.3643013536930084,0.34969758399169565,0.014603769701312774
726.0,0.3558938801288605,0.35055728714939743,0.0053365929794630396
727.0,0.35299113392829895,0.3514207507082949,0.0015703832200040235
728.0,0.35360661149024963,0.3522880736364657,0.001318537853783941
729.0,0.3541710078716278,0.35315934280728467,0.0010116650643431369
730.0,0.3531508147716522,0.3540346321045267,-0.0008838173328744592
731.0,0.3515981435775757,0.3549140015493871,-0.0033158579718114423
732.0,0.35001155734062195,0.3557974964517121,-0.005785939111090155
733.0,0.3501473367214203,0.3566851465876675,-0.006537809866247191
734.0,0.3497391939163208,0.3575769654060188,-0.007837771489697998
735.0,0.34426045417785645,0.35847294926513673,-0.014212495087280286
736.0,0.33390364050865173,0.35937307670279883,-0.0254694361941471
737.0,0.32832464575767517,0.3602773077408054,-0.03195266198313024
738.0,0.32961952686309814,0.3611855832263953,-0.03156605636329718
739.0,0.33288002014160156,0.36209782421240505,-0.029217804070803488
740.0,0.3355838358402252,0.3630139313780897,-0.027430095537864463
741.0,0.33834388852119446,0.3639337844924943,-0.025589895971299847
742.0,0.33929112553596497,0.3648572419222435,-0.025566116386278537
743.0,0.3355673849582672,0.3657841401855979,-0.030216755227330694
744.0,0.33115682005882263,0.3667142935546125,-0.03555747349578986
745.0,0.3341250419616699,0.3676474937072095,-0.03352245174553958
746.0,0.3460841178894043,0.368583509430975,-0.022499391541570712
747.0,0.3550630509853363,0.3695220863804655,-0.014459035395129216
748.0,0.3498070538043976,0.37046294688979914,-0.020655893085401555
749.0,0.33783021569252014,0.3714057898422851,-0.033575574149764975
750.0,0.3345337212085724,0.3723502905988244,-0.03781656939025202
751.0,0.33808693289756775,0.3732961009867808,-0.03520916808921304
752.0,0.34312865138053894,0.3742428493509924,-0.03111419797045345
753.0,0.35040584206581116,0.3751901406685404,-0.024784298602729238
754.0,0.36189451813697815,0.3761375567288451,-0.01424303859186693
755.0,0.36931097507476807,0.3770846563805858,-0.007773681305817737
756.0,0.3697760999202728,0.37803097584686685,-0.008254875926594019
757.0,0.36804258823394775,0.37897602910995276,-0.010933440876005007
758.0,0.36413586139678955,0.37991930836679005,-0.015783446970000503
759.0,0.3529171943664551,0.38086028455640464,-0.02794309018994956
760.0,0.3479751646518707,0.38179840796011555,-0.03382324330824482
761.0,0.35811853408813477,0.38273310887534767,-0.024614574787212906
762.0,0.3703438341617584,0.38366379836363834,-0.01331996420187992
763.0,0.37004128098487854,0.38458986907322606,-0.014548588088347525
764.0,0.3630724847316742,0.38551069613639294,-0.022438211404718744
765.0,0.3591935932636261,0.3864256381414748,-0.027232044877848693
766.0,0.35756826400756836,0.3873340381791961,-0.029765774171627735
767.0,0.35641732811927795,0.3882352249626936,-0.03181789684341563
768.0,0.36095571517944336,0.38912851402028575,-0.028172798840842395
769.0,0.37274301052093506,0.39001320895972114,-0.017270198438786077
770.0,0.38226500153541565,0.3908886028022904,-0.008623601266874725
771.0,0.3860420286655426,0.39175397938483103,-0.005711950719288428
772.0,0.38802167773246765,0.3926086148272749,-0.004586937094807231
773.0,0.3890150487422943,0.3934517790630025,-0.004436730320708182
774.0,0.3927682340145111,0.39428273742887504,-0.0015145034143639324
775.0,0.3970249891281128,0.395100752311403,0.001924236816709779
776.0,0.4048182964324951,0.39590508484511255,0.008913211587382563
777.0,0.41683492064476013,0.39669499665875313,0.020139923986007002
778.0,0.42267906665802,0.3974697516645927,0.025209314993427323
779.0,0.4260023534297943,0.39822861788564073,0.027773735544153577
780.0,0.42726147174835205,0.3989708693152575,0.028290602433094558
781.0,0.4152005612850189,0.39969578780323206,0.01550477348178686
782.0,0.390060693025589,0.40040266496205723,-0.010341971936468242
783.0,0.3815805912017822,0.4010908040868003,-0.019510212885018086
784.0,0.39336514472961426,0.40175952208166477,-0.008394377352050508
785.0,0.4042489528656006,0.40240815138606517,0.0018408014795354144
786.0,0.396694540977478,0.4030360418928041,-0.006341500915326093
787.0,0.378778338432312,0.40364256285074057,-0.02486422441842856
788.0,0.3691422939300537,0.4042271047441885,-0.03508481081413478
789.0,0.3679404556751251,0.40478908114117595,-0.03684862546605083
790.0,0.36855360865592957,0.40532793050263793,-0.03677432184670837
791.0,0.36759892106056213,0.4058431179446131,-0.03824419688405095
792.0,0.364541620016098,0.406334136945557,-0.041792516929458956
793.0,0.36259403824806213,0.4068005109909975,-0.04420647274293538
794.0,0.3672173321247101,0.4072417951479109,-0.04002446302320084
795.0,0.3731617033481598,0.4076575775614194,-0.034495874213259614
796.0,0.37359607219696045,0.4080474808666832,-0.03445140866972274
797.0,0.3725128173828125,0.4084111635091938,-0.03589834612638132
798.0,0.37258997559547424,0.40874832096705505,-0.0361583453715808
799.0,0.37278807163238525,0.40905868686927993,-0.03627061523689468
800.0,0.3724491596221924,0.4093420340046173,-0.03689287438242489
801.0,0.368326336145401,0.40959817521595226,-0.041271839070551264
802.0,0.35323381423950195,0.4098269641759035,-0.05659314993640152
803.0,0.34530261158943176,0.4100282960398495,-0.06472568445041776
804.0,0.35128018260002136,0.41020210797326484,-0.05892192537324348
805.0,0.35912489891052246,0.41034837955091547,-0.051223480640393004
806.0,0.3600323498249054,0.41046713302616383,-0.05043478320125844
807.0,0.35963353514671326,0.41055843346933335,-0.050924898322620094
808.0,0.3615972101688385,0.4106223887748131,-0.049025178605974606
809.0,0.368865966796875,0.41065914953729593,-0.04179318274042093
810.0,0.37742698192596436,0.41066890879826523,-0.033241926872300875
811.0,0.3809502422809601,0.4106519016645525,-0.029701659383592427
812.0,0.3808462619781494,0.41060840480148325,-0.029762142823333837
813.0,0.3814217150211334,0.4105387358037908,-0.029117020782657377
814.0,0.38757380843162537,0.41044325244812807,-0.022869444016502705
815.0,0.3957653343677521,0.4103223518316063,-0.014557017463854238
816.0,0.3993830382823944,0.41017646940136676,-0.010793431118972352
817.0,0.4021083414554596,0.4100060778807113,-0.007897736425251711
818.0,0.4043459892272949,0.4098116860978027,-0.005465696870507797
819.0,0.4055173099040985,0.4095938377233675,-0.0040765278192689824
820.0,0.40587079524993896,0.4093531099242175,-0.0034823146742785083
821.0,0.4042789041996002,0.4090901119397193,-0.004811207740119061
822.0,0.3953222334384918,0.4088054835886099,-0.013483250150118087
823.0,0.3892468214035034,0.40849989371375767,-0.01925307231025425
824.0,0.3926759660243988,0.4081740385726182,-0.015498072548219388
825.0,0.39939579367637634,0.4078286401812255,-0.008432846504849156
826.0,0.40464696288108826,0.4074644446195877,-0.002817481738499439
827.0,0.4116290509700775,0.40708222030634017,0.004546830663737345
828.0,0.4156757593154907,0.406682756250431,0.008993003065059735
829.0,0.41343602538108826,0.40626686028748826,0.007169165093599994
830.0,0.4088177978992462,0.40583535730834874,0.0029824405908974727
831.0,0.4053725004196167,0.40538908748700575,-1.6587067389051136e-05
832.0,0.4030613899230957,0.404928904514981,-0.0018675145918852776
833.0,0.4029447138309479,0.4044556738488269,-0.0015109600178790372
834.0,0.40642106533050537,0.4039702709771418,0.0024507943533635945
835.0,0.41081783175468445,0.4034735797131199,0.007344252041564525
836.0,0.4096109867095947,0.40296649051828465,0.006644496191310079
837.0,0.39430391788482666,0.4024498988626446,-0.008145980977817935
838.0,0.383160263299942,0.40192470362610644,-0.018764440326164422
839.0,0.3897761404514313,0.40139180554553877,-0.011615665094107497
840.0,0.4016469419002533,0.40085210571145696,0.0007948361887963329
841.0,0.40441784262657166,0.4003065041178529,0.004111338508718754
842.0,0.4001351296901703,0.3997558982682557,0.00037923142191459425
843.0,0.39693722128868103,0.3992011818406742,-0.0022639605519931827
844.0,0.3995307385921478,0.3986432434136439,0.0008874951785039498
845.0,0.40508055686950684,0.398082965255175,0.006997591614331833
846.0,0.4111771583557129,0.3975212221759996,0.01365593617971328
847.0,0.42272600531578064,0.396958880448111,0.025767124867669633
848.0,0.43520674109458923,0.39639679678922074,0.03880994430536849
849.0,0.45047715306282043,0.3958358174133927,0.05464133564942775
850.0,0.4663403034210205,0.3952767771477763,0.07106352627324419
851.0,0.467136412858963,0.3947204986150437,0.0724159142439193
852.0,0.45178425312042236,0.3941677914808333,0.057616461639589056
853.0,0.43812188506126404,0.3936194517652312,0.04450243329603282
854.0,0.4327675402164459,0.3930762612170688,0.03969127899937713
855.0,0.4286078214645386,0.39253898674958126,0.03606883471495731
856.0,0.42598673701286316,0.3920083799357699,0.033978357077093235
857.0,0.4228896200656891,0.3914851765616223,0.03140444350406679
858.0,0.4212096631526947,0.3909700962351828,0.030239566917511895
859.0,0.42306438088417053,0.39046384204932594,0.032600538834844595
860.0,0.4260469377040863,0.3899671002959622,0.036079837408124094
861.0,0.4245555102825165,0.38948054022930845,0.03507497005320803
862.0,0.41319894790649414,0.38900481387576846,0.024194134030725678
863.0,0.4055984318256378,0.3885405558879123,0.01705787593772551
864.0,0.4055228531360626,0.3880883834399901,0.01743446969607254
865.0,0.40558889508247375,0.3876488961623893,0.017939998920084466
866.0,0.4054785668849945,0.38722267611242567,0.01825589077256884
867.0,0.4065096378326416,0.38681028777885856,0.019699350053783038
868.0,0.407243937253952,0.3864122781175283,0.020831659136423708
869.0,0.41810011863708496,0.38602917661553515,0.03207094202154981
870.0,0.4338163435459137,0.38566149538141437,0.04815484816449933
871.0,0.43484100699424744,0.3853097292587957,0.04953127773545174
872.0,0.4278666079044342,0.384974355961092,0.04289225194334223
873.0,0.4242614209651947,0.3846558362248103,0.03960558474038439
874.0,0.42480531334877014,0.38435461397914655,0.04045069936962359
875.0,0.42597028613090515,0.3840711165295867,0.04189916960131845
876.0,0.42868366837501526,0.38380575475331286,0.0448779136217024
877.0,0.43154898285865784,0.3835589233042847,0.04799005955437313
878.0,0.4327763020992279,0.383331000825945,0.04944530127328289
879.0,0.42221447825431824,0.3831223501695796,0.039092128084738664
880.0,0.4087003171443939,0.38293331861643726,0.025766998527956664
881.0,0.4100164473056793,0.38276423810180754,0.02725220920387178
882.0,0.42038705945014954,0.3826154254393243,0.03777163401082523
883.0,0.425128310918808,0.3824871825438552,0.042641128374952764
884.0,0.4222826063632965,0.38237979665141486,0.03990280971188165
885.0,0.41887155175209045,0.38229354053461845,0.036578011217472006
886.0,0.4183278977870941,0.38222867271227984,0.03609922507481428
887.0,0.41911232471466064,0.3821854376518266,0.036926887062834035
888.0,0.4193565547466278,0.3821640659632914,0.03719248878333642
889.0,0.41530081629753113,0.3821647745837069,0.03313604171382423
890.0,0.4109896719455719,0.38218776695081064,0.028801904994761263
891.0,0.40975022315979004,0.3822332331650331,0.027516989994756935
892.0,0.40716540813446045,0.38230135013881683,0.024864057995643618
893.0,0.40657487511634827,0.3823922817323768,0.02418259338397144
894.0,0.41307297348976135,0.38250617887508476,0.030566794614676596
895.0,0.4205721616744995,0.38264317967171785,0.037928982002781664
896.0,0.42597532272338867,0.38280340949287883,0.04317191323050984
897.0,0.4335954189300537,0.382986981048955,0.0506084378810987
898.0,0.434673935174942,0.38319399444703794,0.05147994072790407
899.0,0.42117467522621155,0.3834245372302936,0.03775013799591792
900.0,0.4095584452152252,0.3836786843993159,0.025879760815909314
901.0,0.410660058259964,0.3839564984150658,0.026703559844898195
902.0,0.4129852056503296,0.38425802918304236,0.02872717646728723
903.0,0.41088783740997314,0.38458331401839213,0.026304523391581014
904.0,0.3963851034641266,0.3849323775917149,0.011452725872411695
905.0,0.38683679699897766,0.3853052318553786,0.001531565143599034
906.0,0.39754900336265564,0.38570187595020883,0.011847127412446812
907.0,0.41524139046669006,0.3861222960924716,0.029119094374218446
908.0,0.42071405053138733,0.38656646544112605,0.03414758509026128
909.0,0.4145253896713257,0.38703434394537456,0.027491045725951124
910.0,0.41042670607566833,0.3875258781725972,0.02290082790307113
911.0,0.4142827093601227,0.38804100111681517,0.026241708243307516
912.0,0.41818785667419434,0.3885796319878837,0.029608224686310636
913.0,0.4159916341304779,0.3891416759816812,0.026849958148796704
914.0,0.40975579619407654,0.3897270240316196,0.020028772162456965
915.0,0.4054114818572998,0.3903355525418686,0.015075929315431225
916.0,0.4070543348789215,0.3909671231027547,0.016087211776166788
917.0,0.41102996468544006,0.39162158218886384,0.019408382496576226
918.0,0.4158805310726166,0.3922987608404516,0.023581770232164956
919.0,0.42779502272605896,0.39299847432884144,0.03479654839721752
920.0,0.43369221687316895,0.39372052180656947,0.03997169506659948
921.0,0.42994117736816406,0.39446468594311773,0.03547649142504633
922.0,0.42528876662254333,0.39523073254716384,0.03005803407537949
923.0,0.4206283986568451,0.3960184101763651,0.024609988480480016
924.0,0.4088045358657837,0.39682744973578765,0.01197708612999604
925.0,0.4060969650745392,0.39765756406618846,0.008439401008350722
926.0,0.41574475169181824,0.39850844752345627,0.01723630416836197
927.0,0.4260267913341522,0.39937977555062726,0.026647015783524963
928.0,0.42856696248054504,0.4002712042439876,0.028295758236557444
929.0,0.4279647767543793,0.4011823699148974,0.026782406839481854
930.0,0.4300910234451294,0.4021128886490755,0.027978134796053877
931.0,0.4355829954147339,0.40306235586520106,0.032520639549532826
932.0,0.43878671526908875,0.40403034587481246,0.03475636939427629
933.0,0.43166008591651917,0.4050164114455952,0.026643674470923973
934.0,0.41812530159950256,0.40602008337027967,0.012105218229222892
935.0,0.411243200302124,0.40704087004348827,0.004202330258635756
936.0,0.4069119393825531,0.40807825704899575,-0.0011663176664426511
937.0,0.40445759892463684,0.4091317067599882,-0.004674107835351382
938.0,0.41176748275756836,0.41020065795503163,0.001566824802536726
939.0,0.42303943634033203,0.41128452545257255,0.011754910887759484
940.0,0.4232388734817505,0.4123826997669207,0.010856173714829775
941.0,0.4184872806072235,0.41349454678876724,0.004992733818456274
942.0,0.4142697751522064,0.41461940749340437,-0.0003496323411979474
943.0,0.41556549072265625,0.41575659767991474,-0.00019110695725849114
944.0,0.41614091396331787,0.4169054077446892,-0.0007644937813713337
945.0,0.4053634703159332,0.418065102492722,-0.012701632176788769
946.0,0.3870980441570282,0.41923492099020304,-0.03213687683317484
947.0,0.38196003437042236,0.4204140764619941,-0.038454042091571716
948.0,0.40814027190208435,0.421601756237624,-0.013461484335539675
949.0,0.4349871575832367,0.4227971217494745,0.012190035833762214
950.0,0.43743133544921875,0.42399930858684687,0.013432026862371882
951.0,0.435440331697464,0.42520742660960126,0.010232905087862731
952.0,0.43620964884757996,0.42642056012504204,0.00978908872253792
953.0,0.43890580534935,0.4276377681316795,0.011268037217670501
954.0,0.440039724111557,0.4288580846334421,0.011181639478114902
955.0,0.4368235170841217,0.4300805190278156,0.0067429980563061265
956.0,0.43133631348609924,0.4313040565712812,3.225691481806292e-05
957.0,0.42787352204322815,0.4325276589252769,-0.004654136882048743
958.0,0.4251643717288971,0.43375026478573797,-0.008585893056840876
959.0,0.4223223924636841,0.4349707905990713,-0.012648398135387207
960.0,0.41754212975502014,0.43618813136718676,-0.01864600161216662
961.0,0.41267624497413635,0.43740116154394526,-0.024724916569808908
962.0,0.41328588128089905,0.43860873602508366,-0.02532285474418461
963.0,0.42037883400917053,0.4398096912333512,-0.019430857224180642
964.0,0.4219338893890381,0.4410028463002271,-0.01906895691118904
965.0,0.4163888692855835,0.44218700434519176,-0.025798135059608263
966.0,0.4104505479335785,0.4433609538531008,-0.03291040591952232
967.0,0.403995156288147,0.4445234701497457,-0.04052831386159872
968.0,0.3936290442943573,0.44567331697520013,-0.05204427268084283
969.0,0.39071595668792725,0.4468092481540315,-0.056093291466104256
970.0,0.3967926800251007,0.4479300093609115,-0.05113732933581078
971.0,0.40390336513519287,0.44903433997959336,-0.045130974844400484
972.0,0.40878093242645264,0.45012097505263354,-0.041340042626180906
973.0,0.4128952920436859,0.45118864731862857,-0.03829335527494265
974.0,0.41360917687416077,0.45223608933311965,-0.038626912458958884
975.0,0.4135444462299347,0.45326203566868545,-0.039717589438750756
976.0,0.41326919198036194,0.4542652251891106,-0.04099603320874867
977.0,0.41187167167663574,0.455244403391883,-0.04337273171524725
978.0,0.41043832898139954,0.45619832481264394,-0.045759995831244404
979.0,0.4068920314311981,0.4571257554845976,-0.05023372405339949
980.0,0.39427265524864197,0.4580254754452854,-0.06375282019664341
981.0,0.38812747597694397,0.45889628128255183,-0.07076880530560786
982.0,0.37679925560951233,0.4597369887109827,-0.08293773310147035
983.0,0.367136150598526,0.4605464351695773,-0.09341028457105127
984.0,0.3779708445072174,0.4613234824309517,-0.08335263792373432
985.0,0.39993324875831604,0.4620670192119369,-0.06213377045362084
986.0,0.4096117913722992,0.46277596377507113,-0.053164172402771936
987.0,0.4123813807964325,0.4634492665101708,-0.051067885713738326
988.0,0.4150104224681854,0.46408591248491327,-0.04907549001672784
989.0,0.4213244915008545,0.4646849239531918,-0.04336043245233728
990.0,0.42790213227272034,0.4652453628098912,-0.03734323053717087
991.0,0.42399415373802185,0.46576633298070597,-0.041772179242684115
992.0,0.4055154323577881,0.4662469827356743,-0.06073155037788619
993.0,0.39625516533851624,0.46668650691523283,-0.0704313415767166
994.0,0.40911802649497986,0.4670841490578133,-0.057966122562833455
995.0,0.4292219877243042,0.4674392034183045,-0.03821721569400033
996.0,0.448021799325943,0.46775101686708487,-0.019729217541141875
997.0,0.47328341007232666,0.46801899065979746,0.005264419412529198
998.0,0.4897591173648834,0.4682425820685899,0.02151653529629355
999.0,0.5131246447563171,0.46842130586615843,0.044703338890158706
1000.0,0.5313010215759277,0.46855473565463823,0.0627462859212895
1001.0,0.5354374051094055,0.46864250503214383,0.06679490007726169
1002.0,0.5382841229438782,0.4686843085905907,0.06959981435328749
1003.0,0.529863715171814,0.4686799027393112,0.06118381243250276
1004.0,0.48495373129844666,0.46862910634991045,0.016324624948536204
1005.0,0.45159730315208435,0.46853180121877636,-0.016934498066692005
1006.0,0.4428965747356415,0.4683879323446645,-0.025491357609023046
1007.0,0.4361581802368164,0.46819750801980214,-0.03203932778298574
1008.0,0.4239206314086914,0.46796059973399745,-0.044039968325306045
1009.0,0.40707579255104065,0.46767734189228544,-0.06060154934124479
1010.0,0.4016307294368744,0.46734793134768327,-0.06571720191080888
1011.0,0.4071309566497803,0.46697262675165063,-0.05984167010187036
1012.0,0.41211774945259094,0.46655174772586044,-0.0544339982732695
1013.0,0.41107240319252014,0.4660856738598495,-0.05501327066732936
1014.0,0.40799999237060547,0.465574843540056,-0.05757485116945055
1015.0,0.40369972586631775,0.46501975261662953,-0.061320026750311785
1016.0,0.39505016803741455,0.4644209529152273,-0.06937078487781273
1017.0,0.3886355459690094,0.46377905060177627,-0.07514350463276687
1018.0,0.385116308927536,0.4630947044088772,-0.07797839548134117
1019.0,0.38263359665870667,0.46236862373315013,-0.07973502707444347
1020.0,0.383577436208725,0.4616015666133691,-0.07802413040464412
1021.0,0.3864883482456207,0.46079433759969946,-0.07430598935407873
1022.0,0.3891246020793915,0.4599477855247383,-0.07082318344534683
1023.0,0.39833366870880127,0.4590628011873565,-0.060729132478555214
1024.0,0.4067082405090332,0.4581403149605586,-0.05143207445152542
1025.0,0.4091866910457611,0.4571812943347142,-0.04799460328895311
1026.0,0.41362932324409485,0.4561867414075583,-0.04255741816346348
1027.0,0.42005956172943115,0.45515769033233855,-0.0350981286029074
1028.0,0.43323662877082825,0.4540952047353756,-0.020858575964547377
1029.0,0.44029271602630615,0.45300037511412655,-0.0127076590878204
1030.0,0.42928802967071533,0.4518743162265967,-0.022586286555881352
1031.0,0.4116990566253662,0.4507181644826276,-0.03901910785726137
1032.0,0.39956891536712646,0.44953307534722675,-0.04996415998010029
1033.0,0.38690948486328125,0.448320220765672,-0.06141073590239077
1034.0,0.3841693103313446,0.4470807866196611,-0.0629114762883165
1035.0,0.40120407938957214,0.44581597022325764,-0.0446118908336855
1036.0,0.4156821668148041,0.44452697786684126,-0.028844811052037178
1037.0,0.404506117105484,0.4432150224166917,-0.038708905311207686
1038.0,0.3834962844848633,0.4418813209772365,-0.0583850364923732
1039.0,0.3802424371242523,0.4405270926223772,-0.060284655498124895
1040.0,0.3906003534793854,0.4391535562016809,-0.04855320272229552
1041.0,0.39735648036003113,0.43776192822659016,-0.04040544786655903
1042.0,0.39653679728507996,0.43635342084117357,-0.03981662355609361
1043.0,0.39532676339149475,0.4349292398813112,-0.03960247648981646
1044.0,0.3992888927459717,0.43349058302558846,-0.03420169027961678
1045.0,0.40781888365745544,0.432038638040569,-0.02421975438311358
1046.0,0.4101238250732422,0.4305745811225327,-0.02045075604929053
1047.0,0.407993346452713,0.42909957533719306,-0.02110622888448005
1048.0,0.4053438603878021,0.42761476915837004,-0.02227090877056792
1049.0,0.40546295046806335,0.42612129510607927,-0.020658344638015913
1050.0,0.4068639278411865,0.4246202684840067,-0.017756340642820168
1051.0,0.4049651622772217,0.42311278621588727,-0.01814762393866559
1052.0,0.4031592905521393,0.4215999257798722,-0.018440635227732927
1053.0,0.40288639068603516,0.4200827442395861,-0.017196353553550925
1054.0,0.4106743633747101,0.4185622773702061,-0.007887913995496043
1055.0,0.4200630187988281,0.41703953887757295,0.003023479921255179
1056.0,0.42344412207603455,0.4155155197080497,0.007928602367984872
1057.0,0.425131231546402,0.4139911874465796,0.011140044099822388
1058.0,0.42589735984802246,0.412467485800171,0.013429874047851453
1059.0,0.4292243719100952,0.41094533416383144,0.01827903774626377
1060.0,0.43129417300224304,0.40942562726581355,0.02186854573642949
1061.0,0.42289838194847107,0.4079092348888919,0.014989147059579155
1062.0,0.41189396381378174,0.40639700166427895,0.005496962149502793
1063.0,0.41497647762298584,0.40488974693470714,0.0100867306882787
1064.0,0.42731425166130066,0.40338826468313993,0.02392598697816073
1065.0,0.42844870686531067,0.4018933235235408,0.026555383341769878
1066.0,0.4046957492828369,0.40040566675011163,0.004290082532725281
1067.0,0.3845715820789337,0.39892601244141906,-0.014354430362485349
1068.0,0.39661315083503723,0.39745505361584527,-0.0008419027808080348
1069.0,0.420170396566391,0.39599345843484474,0.024176938131546255
1070.0,0.4251757860183716,0.3945418704505355,0.030633915567836068
1071.0,0.429561972618103,0.3931009088942267,0.03646106372387631
1072.0,0.43184733390808105,0.3916711690025581,0.04017616490552295
1073.0,0.4381396770477295,0.3902532223780178,0.0478864546697117
1074.0,0.44457122683525085,0.38884761738070334,0.05572360945454752
1075.0,0.4431426525115967,0.3874548795482934,0.055687772963303295
1076.0,0.4392160475254059,0.38607551204131063,0.05314053548409525
1077.0,0.4396846294403076,0.384709996110871,0.05497463332943664
1078.0,0.45030954480171204,0.383358791586235,0.06695075321547705
1079.0,0.4567272961139679,0.3820223373795997,0.07470495873436822
1080.0,0.45425498485565186,0.3807010520056914,0.07355393284996048
1081.0,0.45217299461364746,0.3793953341138492,0.07277766049979828
1082.0,0.45685330033302307,0.378105563030411,0.07874773730261209
1083.0,0.4653962552547455,0.376832099309338,0.08856415594540751
1084.0,0.4663577973842621,0.37557528528914125,0.09078251209512084
1085.0,0.45524469017982483,0.3743354456542923,0.08090924452553255
1086.0,0.4448910057544708,0.3731128879994179,0.07177811775505294
1087.0,0.43911632895469666,0.3719079033947018,0.06720842555999484
1088.0,0.4344450533390045,0.3707207669510211,0.06372428638798344
1089.0,0.43761274218559265,0.3695517383834649,0.06806100380212776
1090.0,0.4501517713069916,0.36840106257197897,0.08175070873501261
1091.0,0.45764434337615967,0.3672689701179933,0.09037537325816636
1092.0,0.4546249210834503,0.36615567789597764,0.08846924318747268
1093.0,0.4509584605693817,0.3650613895989728,0.08589707097040894
1094.0,0.44822362065315247,0.36398629627723034,0.08423732437592213
1095.0,0.4425637722015381,0.3629305768691811,0.07963319533235697
1096.0,0.4402409791946411,0.3618943987240332,0.07834658047060794
1097.0,0.43449628353118896,0.36087791811537884,0.07361836541581013
1098.0,0.4325959384441376,0.35988128074525916,0.07271465769887842
1099.0,0.4434272050857544,0.3589046222382078,0.0845225828475466
1100.0,0.4537792503833771,0.35794806862485484,0.09583118175852223
1101.0,0.44565048813819885,0.3570117368147363,0.08863875132346255
1102.0,0.42831718921661377,0.35609573505800685,0.07222145415860692
1103.0,0.42605912685394287,0.355200163395809,0.07085896345813386
1104.0,0.4352281987667084,0.3543251140990965,0.08090308466761187
1105.0,0.43995723128318787,0.35347067209575933,0.08648655918742854
1106.0,0.438141793012619,0.35263691538593395,0.08550487762668507
1107.0,0.43511733412742615,0.35182391544542374,0.08329341868200241
1108.0,0.42896875739097595,0.3510317376171877,0.07793701977378825
1109.0,0.41927966475486755,0.35026044149088753,0.06901922326398002
1110.0,0.41676196455955505,0.34951008127051203,0.06725188328904302
1111.0,0.4177614450454712,0.3487807061301228,0.0689807389153484
1112.0,0.4168752133846283,0.34807236055778923,0.06880285282683907
1113.0,0.4090052843093872,0.3473850846878013,0.06162019962158588
1114.0,0.40098074078559875,0.346718914621267,0.05426182616433173
1115.0,0.4020439088344574,0.3460738827352168,0.05597002609924062
1116.0,0.40638628602027893,0.34545001798035213,0.0609362680399268
1117.0,0.40587449073791504,0.34484734616758855,0.061027144570326486
1118.0,0.3912532329559326,0.3442658902435486,0.04698734271238403
1119.0,0.3815556466579437,0.34370567055517676,0.03784997610276697
1120.0,0.38901424407958984,0.3431667051036471,0.045847538975942737
1121.0,0.39951109886169434,0.34264900978774615,0.056862089073948185
1122.0,0.3984636068344116,0.3421525986369117,0.0563110081974999
1123.0,0.3892855644226074,0.3416774840341173,0.047608080388490126
1124.0,0.38704153895378113,0.34122367692878647,0.04581786202499466
1125.0,0.39449140429496765,0.34079118703992795,0.053700217255039706
1126.0,0.39974579215049744,0.34038002304967624,0.0593657691008212
1127.0,0.3926783502101898,0.3399901927874254,0.05268815742276439
1128.0,0.3817298710346222,0.3396217034047375,0.042108167629884674
1129.0,0.37776193022727966,0.3392745615412054,0.038487368686074275
1130.0,0.3741694390773773,0.3389487734814451,0.03522066559593223
1131.0,0.36865806579589844,0.3386443453033902,0.030013720492508222
1132.0,0.3594142198562622,0.33836128301804835,0.021052936838213854
1133.0,0.3513122797012329,0.33809959270088513,0.013212687000347778
1134.0,0.3457624614238739,0.3378592806149825,0.007903180808891408
1135.0,0.3406698405742645,0.33764035332611914,0.0030294872481453905
1136.0,0.33866214752197266,0.3374428178099109,0.0012193297120617341
1137.0,0.34147730469703674,0.33726668155113976,0.004210623145896986
1138.0,0.3432713449001312,0.33711195263539356,0.006159392264737662
1139.0,0.3492979109287262,0.33697863983312987,0.01231927109559633
1140.0,0.3536849021911621,0.3368667526762672,0.01681814951489491
1141.0,0.3460918366909027,0.33677630152739807,0.00931553516350464
1142.0,0.33497336506843567,0.3367072976417116,-0.0017339325732759203
1143.0,0.33451512455940247,0.33665975322169744,-0.0021446286622949784
1144.0,0.33840301632881165,0.3366336814647019,0.0017693348641097395
1145.0,0.3413831889629364,0.33662909660338747,0.004754092359548934
1146.0,0.3532157838344574,0.3366460139391448,0.016569769895312614
1147.0,0.36149194836616516,0.33668444986849155,0.024807498497673608
1148.0,0.35540857911109924,0.3367444219024831,0.01866415720861614
1149.0,0.346522718667984,0.33682594867914933,0.009696769988834675
1150.0,0.34541746973991394,0.33692904996896245,0.008488419770951494
1151.0,0.34757712483406067,0.33705374667332866,0.010523378160732011
1152.0,0.34811651706695557,0.33720006081608617,0.0109164562508694
1153.0,0.345410019159317,0.3373680155279813,0.008042003631335726
1154.0,0.342766135931015,0.3375576350240842,0.005208500906930813
1155.0,0.3432164192199707,0.3377689445740943,0.005447474645876416
1156.0,0.34481391310691833,0.33800197046547414,0.006811942641444191
1157.0,0.3430440425872803,0.33825673995934175,0.004787302627938528
1158.0,0.33750060200691223,0.33853328123903825,-0.0010326792321260214
1159.0,0.33668461441993713,0.33883162335127825,-0.002147008931341121
1160.0,0.344286173582077,0.3391517961397804,0.0051343774422966115
1161.0,0.35018256306648254,0.3394938301712628,0.010688732895219766
1162.0,0.3560694456100464,0.33985775665368023,0.016211688956366155
1163.0,0.362776517868042,0.340243607346568,0.022532910521473992
1164.0,0.3581705093383789,0.3406514144633481,0.017519094875030783
1165.0,0.3438335359096527,0.341081210565442,0.0027523253442107154
1166.0,0.34137943387031555,0.3415330284480271,-0.0001535945777115244
1167.0,0.34730079770088196,0.3420069010172614,0.005293896683620569
1168.0,0.35241225361824036,0.3425028611587957,0.009909392459444666
1169.0,0.3551638424396515,0.34302094159737734,0.012142900842274151
1170.0,0.3566899597644806,0.3435611747473493,0.013128785017131273
1171.0,0.35442793369293213,0.3441235925538335,0.010304341139098616
1172.0,0.34785977005958557,0.34470822632438103,0.003151543735204543
1173.0,0.3428371846675873,0.3453151065508696,-0.00247792188328233
1174.0,0.33987799286842346,0.34594426272141243,-0.00606626985298897
1175.0,0.3389723598957062,0.3465957231220469,-0.007623363226340718
1176.0,0.3380410373210907,0.3472695146279589,-0.00922847730686821
1177.0,0.33654651045799255,0.347965662483996,-0.011419152026003465
1178.0,0.3332923650741577,0.34868419007422136,-0.015391825000063641
1179.0,0.3283344507217407,0.3494251186802525,-0.021090667958511777
1180.0,0.3286028206348419,0.3501884672281311,-0.021585646593289154
1181.0,0.33401820063591003,0.3509742520234667,-0.01695605138755668
1182.0,0.3357328474521637,0.3517824864746002,-0.0160496390224365
1183.0,0.3315209150314331,0.3526131808035287,-0.02109226577209561
1184.0,0.3282230794429779,0.3534663417443435,-0.025243262301365588
1185.0,0.33219581842422485,0.3543419722289316,-0.022146153804706747
1186.0,0.34025058150291443,0.35524007105969946,-0.01498948955678503
1187.0,0.3471708297729492,0.3561606325690842,-0.008989802796134982
1188.0,0.35685253143310547,0.35710364626562774,-0.00025111483252227007
1189.0,0.35958051681518555,0.35806909646640106,0.0015114203487844868
1190.0,0.3508879840373993,0.3590569619155757,-0.008168977878176387
1191.0,0.3437756597995758,0.36006721538896125,-0.016291555589385442
1192.0,0.34364309906959534,0.3610998232843407,-0.017456724214745367
1193.0,0.34370383620262146,0.3621547451974574,-0.018450908994835924
1194.0,0.3477977514266968,0.36323193348353316,-0.015434182056836387
1195.0,0.3616218864917755,0.3643313328042203,-0.0027094463124447965
1196.0,0.3646354675292969,0.36545287965992085,-0.0008174121306239734
1197.0,0.3600480258464813,0.36659650190744014,-0.006548476060958819
1198.0,0.3584980070590973,0.36776211826297606,-0.009264111203878767
1199.0,0.365070104598999,0.3689496377904858,-0.0038795331914867615
1200.0,0.3743678033351898,0.3701589593755168,0.004208843959673025
1201.0,0.38238808512687683,0.37138997118463224,0.010998113942244592
1202.0,0.3899577856063843,0.3726425501106184,0.017315235495765857
1203.0,0.3887085020542145,0.37391656120371175,0.014791940850502727
1204.0,0.37397053837776184,0.37521185708914795,-0.001241318711386108
1205.0,0.3672584295272827,0.3765282773713989,-0.009269847844116164
1206.0,0.3865862190723419,0.37786564802553185,0.008720571046810066
1207.0,0.4062410295009613,0.37922378077620356,0.027017248724757748
1208.0,0.40626513957977295,0.3806024724648773,0.025662667114895676
1209.0,0.403239369392395,0.3820015044059411,0.021237864986453914
1210.0,0.4052335321903229,0.3834206417324904,0.021812890457832468
1211.0,0.4107851982116699,0.38485963273263996,0.025925565479029966
1212.0,0.41409897804260254,0.38631820817732343,0.02778076986527911
1213.0,0.4167574644088745,0.387796080640655,0.028961383768219495
1214.0,0.41811707615852356,0.38929294381402896,0.028824132344494602
1215.0,0.4162043035030365,0.39080847181525935,0.02539583168777715
1216.0,0.4147958755493164,0.3923423184941783,0.02245355705513813
1217.0,0.42460593581199646,0.3938941167362406,0.030711819075755875
1218.0,0.4464704692363739,0.3954634777658164,0.05100699147055748
1219.0,0.4510098993778229,0.397049990450986,0.053959908926836886
1220.0,0.44287535548210144,0.39865322061179675,0.044222134870304686
1221.0,0.4370635449886322,0.40027271033408474,0.036790834654547466
1222.0,0.4385806620121002,0.4019079772911096,0.03667268472099061
1223.0,0.44118532538414,0.4035585140754078,0.03762681130873219
1224.0,0.4431248903274536,0.40522378754341726,0.037901102784036356
1225.0,0.4463315010070801,0.4069032381755834,0.039428262831496697
1226.0,0.4442426264286041,0.4085962794548139,0.03564634697379021
1227.0,0.43777158856391907,0.4103022972663019,0.02746929129761716
1228.0,0.4375971257686615,0.4120206493218927,0.025576476446768803
1229.0,0.4542733132839203,0.4137506646123224,0.04052264867159788
1230.0,0.46661850810050964,0.4154916428908026,0.05112686520970705
1231.0,0.46005383133888245,0.4172428541915733,0.04281097714730914
1232.0,0.44966253638267517,0.4190035383871795,0.03065899799549565
1233.0,0.44833841919898987,0.4207729047883602,0.027565514410629655
1234.0,0.4529545307159424,0.42255013179055884,0.030404398925383547
1235.0,0.4554154574871063,0.4243343665711738,0.03108109091593253
1236.0,0.4625367224216461,0.4261247248417672,0.036411997579878896
1237.0,0.46616053581237793,0.4279202906595296,0.03824024515284835
1238.0,0.46290138363838196,0.42972011630236956,0.0331812673360124
1239.0,0.45753243565559387,0.43152322221204265,0.026009213443551227
1240.0,0.4507521688938141,0.4333285970097621,0.01742357188405197
1241.0,0.44302597641944885,0.4351351975887432,0.007890778830705658
1242.0,0.4392107427120209,0.4369419492881069,0.0022687934239139507
1243.0,0.4382375180721283,0.43874774615253226,-0.0005102280804039627
1244.0,0.4412807524204254,0.4405514512819646,0.0007293011384608139
1245.0,0.4529940187931061,0.4423518972755872,0.010642121517518865
1246.0,0.46034476161003113,0.4441478867741252,0.016196874835905928
1247.0,0.455659955739975,0.44593819310437777,0.009721762635597209
1248.0,0.4501796066761017,0.4477215610296705,0.002458045646431206
1249.0,0.457207053899765,0.4494967076096712,0.007710346290093817
1250.0,0.4719047248363495,0.45126232317273135,0.020642401663618137
1251.0,0.46817484498023987,0.45301707240359057,0.015157772576649298
1252.0,0.44680753350257874,0.45475959554891904,-0.007952062046340302
1253.0,0.43424272537231445,0.4564885097427662,-0.02224578437045177
1254.0,0.4387326240539551,0.4582024104535392,-0.019469786399584132
1255.0,0.4444470703601837,0.4598998730536476,-0.015452802693463885
1256.0,0.43968167901039124,0.46157945451242194,-0.021897775502030703
1257.0,0.43242359161376953,0.46323969521235214,-0.03081610359858261
1258.0,0.4316340982913971,0.46487912088808375,-0.03324502259668666
1259.0,0.43258270621299744,0.4664962446869725,-0.03391353847397505
1260.0,0.438307523727417,0.46808956934932827,-0.02978204562191128
1261.0,0.4527805745601654,0.46965758950577696,-0.016877014945611557
1262.0,0.46097931265830994,0.47119879408844034,-0.010219481430130406
1263.0,0.4521053731441498,0.47271166885188837,-0.020606295707738587
1264.0,0.4424094259738922,0.47419469899905003,-0.03178527302515782
1265.0,0.44228029251098633,0.47564637190649356,-0.03336607939550723
1266.0,0.4434638023376465,0.47706517994270115,-0.03360137760505466
1267.0,0.4488961398601532,0.478449623372182,-0.0295534835120288
1268.0,0.45896151661872864,0.47979821333748923,-0.020836696718760594
1269.0,0.46115753054618835,0.4811094749104437,-0.019951944364255347
1270.0,0.45350053906440735,0.4823819502031273,-0.028881411138719948
1271.0,0.44651421904563904,0.48361420152849016,-0.037099982482851124
1272.0,0.44415774941444397,0.48480481459974434,-0.04064706518530037
1273.0,0.4435839354991913,0.485952401757076,-0.04236846625788471
1274.0,0.4450763761997223,0.4870556052096319,-0.041979229009909635
1275.0,0.44797566533088684,0.4881131002802054,-0.04013743494931854
1276.0,0.4447176158428192,0.4891235986395923,-0.0444059827967731
1277.0,0.43110957741737366,0.4900858515172051,-0.058976274099831416
1278.0,0.42993879318237305,0.4909986528742202,-0.06105985969184713
1279.0,0.45412561297416687,0.4918608425253221,-0.037735229551155214
1280.0,0.4696267545223236,0.49267130919497193,-0.02304455467264832
1281.0,0.4578366279602051,0.49342899349409813,-0.035592365533893056
1282.0,0.443785697221756,0.49413289080317063,-0.05034719358141465
1283.0,0.4441039562225342,0.49478205404778514,-0.050678097825250956
1284.0,0.4470830261707306,0.49537559635315787,-0.048292570182427275
1285.0,0.44859829545021057,0.4959126935642998,-0.04731439811408922
1286.0,0.4525604546070099,0.4963925866191252,-0.04383213201211533
1287.0,0.45562657713890076,0.4968145837623197,-0.04118800662341893
1288.0,0.4602089822292328,0.49717806258848113,-0.03696908035924834
1289.0,0.4627038240432739,0.4974824719038175,-0.03477864786054358
1290.0,0.4543897211551666,0.49772733339654956,-0.04333761224138294
1291.0,0.4446618854999542,0.49791224310711957,-0.053250357607165344
1292.0,0.45388665795326233,0.4980368726903318,-0.04415021473706948
1293.0,0.47563669085502625,0.49810097046264507,-0.02246427960761882
1294.0,0.4815412759780884,0.4981043622289973,-0.01656308625090891
1295.0,0.4783882200717926,0.4980469518847407,-0.019658731812948083
1296.0,0.47657012939453125,0.4979287217895205,-0.021358592394989273
1297.0,0.47357749938964844,0.497749732911195,-0.02417223352154657
1298.0,0.4712035655975342,0.49751012473919554,-0.026306559141661356
1299.0,0.47720393538475037,0.4972101149680135,-0.020006179583263117
1300.0,0.4844132661819458,0.49684999895280113,-0.01243673277085533
1301.0,0.481612890958786,0.4964301489403417,-0.014817257981555698
1302.0,0.4761023223400116,0.4959510130798944,-0.019848690739882824
1303.0,0.4777698218822479,0.4954131142196221,-0.01764329233737416
1304.0,0.48525628447532654,0.49481704849547026,-0.00956076402014372
1305.0,0.4874345064163208,0.4941634837204582,-0.006728977304137407
1306.0,0.4831777513027191,0.49345315758337527,-0.010275406280656152
1307.0,0.479839563369751,0.49268687566682123,-0.012847312297070257
1308.0,0.4741044044494629,0.49186550929540085,-0.01776110484593796
1309.0,0.4694793224334717,0.490989993225657,-0.021510670792185327
1310.0,0.47728216648101807,0.49006132319000856,-0.012779156708990491
1311.0,0.489245742559433,0.4890805533075396,0.00016518925189340505
1312.0,0.4888564348220825,0.48804879337497026,0.0008076414471122617
1313.0,0.4808841645717621,0.4869672060515138,-0.006083041479751694
1314.0,0.47545871138572693,0.48583700395159457,-0.010378292565867642
1315.0,0.47028544545173645,0.4846594466595785,-0.014374001207842046
1316.0,0.4681642949581146,0.48343583768072607,-0.015271542722611442
1317.0,0.480866402387619,0.4821675213425564,-0.001301118954937397
1318.0,0.4934319257736206,0.4808558796606764,0.012576046112944217
1319.0,0.490347295999527,0.47950232918292024,0.010844966816606738
1320.0,0.4839327335357666,0.478108317825336,0.005824415710430575
1321.0,0.47931185364723206,0.4766753217131819,0.002636531934050168
1322.0,0.472843199968338,0.47520484203963304,-0.0023616420712950226
1323.0,0.47161805629730225,0.47369840195438984,-0.00208034565708759
1324.0,0.4741741716861725,0.4721575434937894,0.0020166281923830742
1325.0,0.47636935114860535,0.47058382456340386,0.005785526585201484
1326.0,0.47697797417640686,0.4689788159834267,0.007999158192980138
1327.0,0.4774216413497925,0.4673440986064474,0.010077542743345103
1328.0,0.47902122139930725,0.46568126051647385,0.013339960882833402
1329.0,0.4814278185367584,0.4639918943173077,0.017435924219450727
1330.0,0.48389533162117004,0.4622775945176037,0.021617737103566348
1331.0,0.48646578192710876,0.46053995501917394,0.025925826907934824
1332.0,0.48907017707824707,0.4587805667143115,0.03028961036393557
1333.0,0.49393630027770996,0.4570010151971489,0.03693528508056104
1334.0,0.495295912027359,0.4552028785932985,0.04009303343406051
1335.0,0.489609032869339,0.45338772551128625,0.036221307358052734
1336.0,0.48592427372932434,0.4515571131185724,0.03436716061075196
1337.0,0.4799363613128662,0.4497125853442533,0.03022377596861292
1338.0,0.47272148728370667,0.44785567120988395,0.02486581607382271
1339.0,0.47514423727989197,0.44598788328922395,0.029156353990668016
1340.0,0.4785030782222748,0.44411071629711807,0.03439236192515671
1341.0,0.4657123386859894,0.4422256458071677,0.023486692878821658
1342.0,0.4335261881351471,0.44033412709732617,-0.006807938962179072
1343.0,0.4269106388092041,0.43843759412208,-0.011526955312875897
1344.0,0.44895341992378235,0.4365374586094369,0.01241596131434547
1345.0,0.4619729518890381,0.434635109280551,0.027337842608487095
1346.0,0.4450294077396393,0.43273191118945475,0.012297496550184528
1347.0,0.4281294345855713,0.43082920518006307,-0.0026997705944917794
1348.0,0.42708250880241394,0.42892830745733096,-0.0018457986549170191
1349.0,0.4267144203186035,0.4270305092692217,-0.0003160889506181874
1350.0,0.42485520243644714,0.4251370766959345,-0.0002818742594873358
1351.0,0.4201918840408325,0.42324925054268664,-0.0030573665018541196
1352.0,0.41927433013916016,0.4213682463322124,-0.00209391619305227
1353.0,0.41940245032310486,0.41949525439304686,-9.280406994199852e-05
1354.0,0.4185904562473297,0.4176314400395952,0.000959016207734531
1355.0,0.4124948978424072,0.4157779438399518,-0.003283045997544587
1356.0,0.40909436345100403,0.41393588196741893,-0.0048415185164149
1357.0,0.4075125455856323,0.41210634663168555,-0.004593801046053225
1358.0,0.40531206130981445,0.41029040658566107,-0.0049783452758466185
1359.0,0.39970895648002625,0.40848910770400476,-0.008780151223978516
1360.0,0.3898108899593353,0.4067034736294622,-0.01689258367012686
1361.0,0.3896496295928955,0.4049345064831996,-0.015284876890304111
1362.0,0.39238691329956055,0.403183187635418,-0.010796274335857448
1363.0,0.39356669783592224,0.40145047853263305,-0.007883780696710807
1364.0,0.39604780077934265,0.3997373215781138,-0.003689520798771162
1365.0,0.3945956230163574,0.3980446410620897,-0.003449018045732277
1366.0,0.37878894805908203,0.3963733441384462,-0.017584396079364184
1367.0,0.36632204055786133,0.3947243218447542,-0.028402281286892872
1368.0,0.3792904317378998,0.3930984501625871,-0.013808018424687318
1369.0,0.3960000276565552,0.39149659111519075,0.004503436541364425
1370.0,0.3851505219936371,0.3899195938996796,-0.004769071906042532
1371.0,0.36236655712127686,0.3883682960510255,-0.026001738929748663
1372.0,0.35578012466430664,0.3868435246351902,-0.031063399970883532
1373.0,0.3585059642791748,0.3853460974688247,-0.026840133189649895
1374.0,0.3606701195240021,0.3838768243630176,-0.023206704839015546
1375.0,0.3606301248073578,0.3824365083886042,-0.021806383581246425
1376.0,0.36223849654197693,0.38102594716057175,-0.018787450618594825
1377.0,0.3653055727481842,0.37964593413908476,-0.014340361390900558
1378.0,0.36467576026916504,0.37829725994461744,-0.013621499675452398
1379.0,0.3568822145462036,0.37698071368461705,-0.02009849913841344
1380.0,0.3490184247493744,0.3756970842890188,-0.026678659539644434
1381.0,0.34900009632110596,0.3744471618517966,-0.02544706553069065
1382.0,0.35203805565834045,0.3732317389755503,-0.021193683317209833
1383.0,0.3494151532649994,0.3720516121159006,-0.02263645885090121
1384.0,0.33760666847229004,0.3709075829221854,-0.03330091444989536
1385.0,0.3341234624385834,0.3698004595706053,-0.03567699713202194
1386.0,0.3445824086666107,0.36873105808556594,-0.024148649418955226
1387.0,0.3522627353668213,0.36770020364448797,-0.015437468277666677
1388.0,0.36448273062705994,0.36670873186079794,-0.0022260012337380064
1389.0,0.37266528606414795,0.3657574900391744,0.006907796024973545
1390.0,0.3630748689174652,0.3648473383963811,-0.0017724694789159057
1391.0,0.3513101637363434,0.3639791512401777,-0.012668987503834328
1392.0,0.34858933091163635,0.36315381809783276,-0.014564487186196406
1393.0,0.3460960388183594,0.362372244784675,-0.016276205966315627
1394.0,0.34312915802001953,0.3616353544018874,-0.018506196381867845
1395.0,0.33400389552116394,0.36094408825135843,-0.02694019273019449
1396.0,0.33179140090942383,0.3602994066538536,-0.0285080057444298
1397.0,0.3348129689693451,0.3597022896550256,-0.024889320685680505
1398.0,0.33830490708351135,0.35915373760184294,-0.020848830518331585
1399.0,0.3413407504558563,0.3586547715698575,-0.017314021114001155
1400.0,0.34316495060920715,0.35820643361933674,-0.015041483010129586
1401.0,0.3389972746372223,0.35780978685564563,-0.01881251221842334
1402.0,0.3335840702056885,0.357465915266341,-0.023881845060652496
1403.0,0.3362995684146881,0.35717592330424736,-0.020876354889559245
1404.0,0.34231531620025635,0.3569409351822759,-0.014625618982019528
1405.0,0.3478340804576874,0.3567620938419292,-0.008928013384241817
1406.0,0.3586571216583252,0.356640559553294,0.0020165621050312055
1407.0,0.36042484641075134,0.3565775080998426,0.003847338310908721
1408.0,0.3546334505081177,0.35657412849655395,-0.001940677988436279
1409.0,0.35318422317504883,0.35663162018473077,-0.0034473970096819406
1410.0,0.3569740056991577,0.35675118964143576,0.0002228160577219529
1411.0,0.3604649007320404,0.3569340463357428,0.003530854396297578
1412.0,0.35989871621131897,0.3571813979580283,0.0027173182532906903
1413.0,0.35826173424720764,0.35749444484238163,0.0007672894048260104
1414.0,0.35789549350738525,0.3578743734959788,2.112001140647246e-05
1415.0,0.3581821620464325,0.3583223491430531,-0.00014018709662061424
1416.0,0.3601360321044922,0.35883950718505325,0.001296524919438935
1417.0,0.36159035563468933,0.3594269434729031,0.0021634121617862268
1418.0,0.3641841411590576,0.36008570328218703,0.0040984378768705865
1419.0,0.37004709243774414,0.3608167688778829,0.009230323559861253
1420.0,0.3720100224018097,0.36162104555228963,0.01038897684952006
1421.0,0.3733125925064087,0.3624993460184817,0.010813246487926975
1422.0,0.37398195266723633,0.3634523730424545,0.010529579624781849
1423.0,0.37373876571655273,0.3644807002006937,0.00925806551585906
1424.0,0.374576210975647,0.3655847506568863,0.008991460318760691
1425.0,0.38471719622612,0.3667647738626475,0.017952422363472498
1426.0,0.3968147039413452,0.36802082010334447,0.028793883838000744
1427.0,0.39354947209358215,0.36935271283230403,0.024196759261278122
1428.0,0.38479384779930115,0.3707600187659235,0.014033829033377632
1429.0,0.38802966475486755,0.3722420157495651,0.01578764900530244
1430.0,0.39862462878227234,0.3737976584507201,0.024826970331552234
1431.0,0.40626803040504456,0.3754255419928822,0.03084248841216236
1432.0,0.4124062955379486,0.3771238637119022,0.0352824318260464
1433.0,0.4195188581943512,0.378890383297186,0.0406284748971652
1434.0,0.4430885314941406,0.3807223816735504,0.062366149820590244
1435.0,0.4568604528903961,0.38261661908612793,0.07424383380426819
1436.0,0.4558262526988983,0.38456929297011305,0.07125695972878526
1437.0,0.4564860165119171,0.3865759963184194,0.06991002019349773
1438.0,0.464041143655777,0.3886316774016255,0.07540946625415146
1439.0,0.47330406308174133,0.39073060184304986,0.08257346123869147
1440.0,0.4831284284591675,0.39286631820327017,0.09026211025589731
1441.0,0.49655744433403015,0.39503162837739036,0.10152581595663979
1442.0,0.5010372400283813,0.39721856424777663,0.10381867578060472
1443.0,0.50163334608078,0.3994183721562705,0.10221497392450951
1444.0,0.4999009072780609,0.4016215068529036,0.09827940042515732
1445.0,0.48984768986701965,0.40381763663150744,0.08603005323551222
1446.0,0.48400065302848816,0.40599566136400195,0.07800499166448621
1447.0,0.4862666130065918,0.40814374508189516,0.07812286792469664
1448.0,0.49161410331726074,0.41024936461341915,0.08136473870384159
1449.0,0.5037763118743896,0.41229937555701596,0.09147693631737369
1450.0,0.5127875804901123,0.41428009654848164,0.09850748394163067
1451.0,0.505817174911499,0.4161774123558736,0.08963976255562545
1452.0,0.4945868253707886,0.4179768958145326,0.07660992955625595
1453.0,0.4899582862854004,0.41966394800208706,0.07029433828331333
1454.0,0.48737987875938416,0.4212239553654999,0.06615592339388426
1455.0,0.49014177918434143,0.4226424617725551,0.06749931741178633
1456.0,0.49752509593963623,0.4239053527001373,0.07361974323949894
1457.0,0.494935542345047,0.4249990480297478,0.06993649431529919
1458.0,0.47148677706718445,0.4259106992407646,0.04557607782641987
1459.0,0.46046245098114014,0.42662838622047283,0.033834064760667304
1460.0,0.46807435154914856,0.4271413084926139,0.04093304305653467
1461.0,0.4707925021648407,0.42743996544418844,0.04335253672065226
1462.0,0.4487643241882324,0.4275163201358993,0.021248004052333125
1463.0,0.42578068375587463,0.4273639415347744,-0.0015832577788997826
1464.0,0.4142451286315918,0.4269781205125965,-0.012732991881004685
1465.0,0.4066992700099945,0.42635595569787627,-0.01965668568788176
1466.0,0.40763720870018005,0.4254964062218833,-0.01785919752170323
1467.0,0.41045427322387695,0.42440030951425056,-0.013946036290373609
1468.0,0.4073810577392578,0.4230703635216116,-0.01568930578235378
1469.0,0.3980141580104828,0.421511073975946,-0.023496915965463216
1470.0,0.3894014358520508,0.41972866855724705,-0.030327232705196272
1471.0,0.3797319829463959,0.4177309809101357,-0.037998997963739845
1472.0,0.3722359240055084,0.41552730842681507,-0.043291384421306645
1473.0,0.3632284104824066,0.4131282484528768,-0.04989983797047021
1474.0,0.3573656976222992,0.4105455180775533,-0.0531798204552541
1475.0,0.3453039228916168,0.40779176292317093,-0.06248784003155411
1476.0,0.33824363350868225,0.4048803603542046,-0.06663672684552235
1477.0,0.35509514808654785,0.40182522230433,-0.046730074217782136
1478.0,0.3715886175632477,0.39864060250258876,-0.02705198493934108
1479.0,0.3533974587917328,0.3953409123083042,-0.041943453516571416
1480.0,0.32270562648773193,0.3919405486844529,-0.06923492219672095
1481.0,0.31473758816719055,0.3884537370972886,-0.07371614893009804
1482.0,0.3155686557292938,0.3848943913699751,-0.06932573564068129
1483.0,0.31106555461883545,0.3812759917783241,-0.07021043715948866
1484.0,0.3006154000759125,0.37761148198892924,-0.07699608191301677
1485.0,0.2979412376880646,0.3739131848275099,-0.07597194713944533
1486.0,0.2954837679862976,0.37019273634352484,-0.07470896835722723
1487.0,0.29336628317832947,0.3664610372139181,-0.07309475403558863
1488.0,0.2911134958267212,0.36272822020546025,-0.07161472437873906
1489.0,0.2866140902042389,0.3590036321874359,-0.07238954198319703
1490.0,0.2669943571090698,0.35529582904633145,-0.08830147193726162
1491.0,0.2540060579776764,0.3516125817909252,-0.0976065238132488
1492.0,0.25804775953292847,0.34796089213758163,-0.08991313260465317
1493.0,0.2625044882297516,0.34434701591891986,-0.08184252768916828
1494.0,0.2599329650402069,0.340776492752056,-0.0808435277118491
1495.0,0.2556804418563843,0.33725418052390094,-0.08157373866751666
1496.0,0.257493257522583,0.3337842933904288,-0.0762910358678458
1497.0,0.26273465156555176,0.3303704421358172,-0.06763579057026542
1498.0,0.26767584681510925,0.3270156758888437,-0.059339829073734474
1499.0,0.272570937871933,0.3237225243423935,-0.05115158647046053
1500.0,0.2712423503398895,0.3204930397632432,-0.0492506894233537
1501.0,0.2593174874782562,0.31732883821057106,-0.05801135073231484
1502.0,0.24872303009033203,0.3142311395010518,-0.06550810941071977
1503.0,0.24009042978286743,0.31120080556497365,-0.07111037578210622
1504.0,0.2368185967206955,0.30823837693127754,-0.07141978021058204
1505.0,0.23464882373809814,0.30534410716001154,-0.07069528342191339
1506.0,0.23207388818264008,0.30251799510903216,-0.07044410692639208
1507.0,0.22883595526218414,0.29975981497874515,-0.07092385971656101
1508.0,0.22724775969982147,0.29706914412528723,-0.06982138442546576
1509.0,0.2394595593214035,0.29444538866991854,-0.054985829348515036
1510.0,0.2551376223564148,0.2918878069616321,-0.036750184605217284
1511.0,0.25123274326324463,0.2893955309721984,-0.03816278770895376
1512.0,0.24178259074687958,0.28696758571907344,-0.04518499497219386
1513.0,0.24568824470043182,0.28460290682275974,-0.038914662122327914
1514.0,0.2578448951244354,0.28230035631220013,-0.024455461187764704
1515.0,0.2584526836872101,0.2800587367953524,-0.021606053108142342
1516.0,0.253120094537735,0.2778768041129328,-0.02475670957519782
1517.0,0.24985723197460175,0.27575327859199866,-0.025896046617396917
1518.0,0.2404545545578003,0.273686855013071,-0.0332323004552707
1519.0,0.2375674694776535,0.2716762114002939,-0.034108741922640406
1520.0,0.24539227783679962,0.269720016739039,-0.024327738902239382
1521.0,0.24827276170253754,0.26781693771968557,-0.01954417601714803
1522.0,0.24140100181102753,0.2659656446002596,-0.024564642789232094
1523.0,0.23547859489917755,0.2641648162744055,-0.02868622137522797
1524.0,0.2327858954668045,0.26241314462491994,-0.029627249158115432
1525.0,0.23134487867355347,0.2607093382369291,-0.029364459563375633
1526.0,0.2347450852394104,0.2590521255388113,-0.024307040299400895
1527.0,0.24221457540988922,0.2574402574332287,-0.01522568202333946
1528.0,0.25614213943481445,0.2558725094751721,0.00026962995964235903
1529.0,0.27325695753097534,0.25434768364877136,0.01890927388220398
1530.0,0.2706557512283325,0.2528646097898013,0.01779114143853122
1531.0,0.2579273581504822,0.2514221466963157,0.006505211454166493
1532.0,0.24737350642681122,0.25001918296568043,-0.0026456765388692127
1533.0,0.23592914640903473,0.24865463759243628,-0.01272549118340155
1534.0,0.23622508347034454,0.24732746035789277,-0.011102376887548226
1535.0,0.2513597905635834,0.24603663203912854,0.005323158524454835
1536.0,0.2552527189254761,0.24478116446212625,0.010471554463349825
1537.0,0.24083693325519562,0.24356010042109283,-0.002723167165897211
1538.0,0.2347029447555542,0.24237251348358468,-0.007669568728030485
1539.0,0.23869185149669647,0.2412175076988592,-0.0025256562021627182
1540.0,0.24239356815814972,0.2400942172248873,0.0022993509332624174
1541.0,0.24436630308628082,0.23900180588767536,0.005364497198605461
1542.0,0.2451918125152588,0.2379394666849339,0.0072523458303248856
1543.0,0.24307961761951447,0.23690642124468897,0.006173196374825496
1544.0,0.23987562954425812,0.2359019192481377,0.003973710296120425
1545.0,0.23838026821613312,0.23492523782489333,0.0034550303912397884
1546.0,0.23858577013015747,0.23397568092773374,0.004610089202423728
1547.0,0.24523238837718964,0.23305257869304313,0.012179809684146503
1548.0,0.2556910514831543,0.23215528679232147,0.023535764690832822
1549.0,0.25766801834106445,0.23128318577940388,0.026384832561660576
1550.0,0.25853994488716125,0.2304356804373901,0.028104264449771155
1551.0,0.25276023149490356,0.2296121991287055,0.023148032366198057
1552.0,0.2365586906671524,0.22881219315121606,0.00774649751593634
1553.0,0.23216457664966583,0.22803513610286505,0.004129440546800783
1554.0,0.2430422306060791,0.22728052325690937,0.015761707349169735
1555.0,0.24828360974788666,0.22654787094948398,0.021735738798402682
1556.0,0.25643807649612427,0.2258367159809183,0.030601360515205955
1557.0,0.2594811022281647,0.22514661503196026,0.03433448719620441
1558.0,0.2509598731994629,0.2244771440958295,0.02648272910363339
1559.0,0.24621200561523438,0.22382789792681634,0.02238410768841803
1560.0,0.24782060086727142,0.22319848950596527,0.024622111361306154
1561.0,0.25000837445259094,0.22258854952422344,0.027419824928367503
1562.0,0.26537856459617615,0.22199772588330546,0.043380838712870684
1563.0,0.2814915180206299,0.2214256832144017,0.06006583480622818
1564.0,0.27323201298713684,0.22087210241476354,0.0523599105723733
1565.0,0.2595643401145935,0.22033668020210714,0.03922765991248636
1566.0,0.260760098695755,0.21981912868670564,0.040940970009049366
1567.0,0.26794132590293884,0.21931917496097408,0.04862215094196476
1568.0,0.27045154571533203,0.21883656070629864,0.05161498500903339
1569.0,0.27515169978141785,0.21837104181681294,0.05678065796460491
1570.0,0.2789287567138672,0.21792238803978728,0.06100636867407991
1571.0,0.27941086888313293,0.2174903826322606,0.06192048625087235
1572.0,0.27596187591552734,0.2170748220335187,0.058887053882008655
1573.0,0.2655848562717438,0.21667551555299558,0.048909340718748195
1574.0,0.2607375383377075,0.21629228507315634,0.04444525326455118
1575.0,0.2662258446216583,0.2159249647669003,0.050300879854758035
1576.0,0.26959899067878723,0.21557340082900858,0.05402558984977865
1577.0,0.2770162522792816,0.21523745122114551,0.0617788010581361
1578.0,0.2785930335521698,0.21491698542991167,0.06367604812225813
1579.0,0.2716626822948456,0.21461188423743224,0.05705079805741334
1580.0,0.26578986644744873,0.2143220395039565,0.05146782694349222
1581.0,0.25901859998703003,0.21404735396192912,0.044971246025100914
1582.0,0.25186339020729065,0.21378774102098255,0.0380756491863081
1583.0,0.2505371570587158,0.21354312458329047,0.03699403247542535
1584.0,0.25378885865211487,0.21331343886870371,0.040475419783411154
1585.0,0.2650271952152252,0.21309862824907833,0.051928566966146894
1586.0,0.2773164212703705,0.21289864709118717,0.06441777417918332
1587.0,0.27720344066619873,0.21271345960758947,0.06448998105860926
1588.0,0.2750721275806427,0.2125430397148083,0.06252908786583439
1589.0,0.26661911606788635,0.21238737089814794,0.054231745169738416
1590.0,0.2511542737483978,0.21224644608245044,0.038907827665947387
1591.0,0.2402784675359726,0.21212026750806723,0.028158200027905367
1592.0,0.22699503600597382,0.2120088466112847,0.014986189394689126
1593.0,0.22967447340488434,0.21191220390840812,0.01776226949647622
1594.0,0.24724090099334717,0.211830368882668,0.035410532110679155
1595.0,0.2507161796092987,0.2117633798730664,0.03895279973623231
1596.0,0.24772727489471436,0.2117112839642338,0.03601599093048055
1597.0,0.2519402503967285,0.2116741368763112,0.04026611352041731
1598.0,0.27646198868751526,0.21165200285381172,0.06480998583370354
1599.0,0.28740593791007996,0.21164495455235366,0.0757609833577263
1600.0,0.2818020284175873,0.21165307292208188,0.0701489554955054
1601.0,0.27855485677719116,0.21167644708651948,0.06687840969067169
1602.0,0.27992957830429077,0.21171517421550637,0.0682144040887844
1603.0,0.2814127504825592,0.21176935939078936,0.06964339109176984
1604.0,0.28460848331451416,0.2118391154627301,0.07276936785178406
1605.0,0.2842937409877777,0.21192456289649028,0.07236917809128743
1606.0,0.27310025691986084,0.21202582960593774,0.061074427313923096
1607.0,0.26439738273620605,0.21214305077339488,0.05225433196281118
1608.0,0.269491046667099,0.21227636865321647,0.057214678013882525
1609.0,0.2755306661128998,0.21242593235704368,0.0631047337558561
1610.0,0.275054931640625,0.21259189761843064,0.06246303402219436
1611.0,0.2729472219944,0.21277442653437575,0.06017279546002427
1612.0,0.2654077112674713,0.2129736872811239,0.05243402398634742
1613.0,0.25565841794013977,0.2131898538014217,0.04246856413871808
1614.0,0.2571965157985687,0.21342310546021925,0.04377341033834947
1615.0,0.26265057921409607,0.21367362666561152,0.048976952548484554
1616.0,0.2678386867046356,0.21394160645160223,0.053897080253033386
1617.0,0.2765330970287323,0.21422723801905563,0.06230585900967667
1618.0,0.2764797508716583,0.21453071823097386,0.061949032640684465
1619.0,0.271565318107605,0.21485224705800274,0.05671307104960224
1620.0,0.2693658769130707,0.21519202696982936,0.054173849943241315
1621.0,0.26450344920158386,0.21555026226788698,0.04895318693369688
1622.0,0.25922200083732605,0.21592715835453494,0.04329484248279111
1623.0,0.2529829740524292,0.2163229209336315,0.03666005311879769
1624.0,0.25081244111061096,0.21673775513716792,0.03407468597344304
1625.0,0.2546960711479187,0.21717186457239,0.03752420657552871
1626.0,0.25669530034065247,0.2176254502835972,0.039069850057055266
1627.0,0.25888654589653015,0.21809870962259006,0.04078783627394009
1628.0,0.2609984874725342,0.21859183502153068,0.0424066524510035
1629.0,0.2670319974422455,0.2191050126618052,0.047926984780440274
1630.0,0.2713348865509033,0.21963842103232845,0.051696465518574874
1631.0,0.27506181597709656,0.22019222937062305,0.05486958660647351
1632.0,0.27721938490867615,0.22076659597994797,0.05645278892872818
1633.0,0.27142295241355896,0.22136166641574795,0.05006128599781101
1634.0,0.2662356197834015,0.2219775715347686,0.044258048248632886
1635.0,0.2675544023513794,0.22261442540033224,0.04493997695104715
1636.0,0.26916196942329407,0.22327232303752131,0.04588964638577275
1637.0,0.26983368396759033,0.22395133803237807,0.04588234593521226
1638.0,0.270639568567276,0.22465151996972432,0.04598804859755168
1639.0,0.2700951397418976,0.22537289170484612,0.044722248037051465
1640.0,0.2710399925708771,0.22611544646509651,0.04492454610578056
1641.0,0.29272425174713135,0.22687914477847304,0.0658451069686583
1642.0,0.325403094291687,0.227663911227435,0.097739183064252
1643.0,0.31599298119544983,0.22846963102767176,0.08752335016777807
1644.0,0.2919374406337738,0.2292961464332401,0.06264129420053371
1645.0,0.28987959027290344,0.23014325297147056,0.05973633730143288
1646.0,0.2918981909751892,0.23101069551333764,0.06088749546185157
1647.0,0.29918763041496277,0.231898164187602,0.06728946622736076
1648.0,0.30994224548339844,0.23280529014999948,0.07713695533339895
1649.0,0.3270742893218994,0.23373164122207635,0.09334264809982307
1650.0,0.3513374626636505,0.23467671741797377,0.11666074524567674
1651.0,0.35108792781829834,0.23563994638154934,0.115447981436749
1652.0,0.3330197334289551,0.23662067876069076,0.09639905466826432
1653.0,0.3286266624927521,0.23761818355051983,0.09100847894223224
1654.0,0.32878419756889343,0.23863164344238014,0.0901525541265133
1655.0,0.33366072177886963,0.23966015022102194,0.09400057155784769
1656.0,0.3506726324558258,0.2407027002581933,0.10996993219763251
1657.0,0.35426855087280273,0.24175819015685418,0.11251036071594855
1658.0,0.33797207474708557,0.24282541260637364,0.09514666214071194
1659.0,0.3333737850189209,0.24390305251523725,0.08947073250368365
1660.0,0.35234543681144714,0.24498968349386918,0.10735575331757796
1661.0,0.36193323135375977,0.2460837647660068,0.11584946658775297
1662.0,0.3662218153476715,0.24718363859248615,0.11903817675518535
1663.0,0.3677879869937897,0.24828752829611034,0.11950045869767933
1664.0,0.35742852091789246,0.24939353698026312,0.10803498393762934
1665.0,0.35117411613464355,0.25049964703685934,0.10067446909778421
1666.0,0.3565591871738434,0.2516037205408417,0.1049554666330017
1667.0,0.35987433791160583,0.25270350062847247,0.10717083728313337
1668.0,0.35194131731987,0.2537966139548694,0.09814470336500059
1669.0,0.3449661433696747,0.2548805743223231,0.0900855690473516
1670.0,0.347707062959671,0.2559527875646729,0.09175427539499814
1671.0,0.3493066728115082,0.25701055776418186,0.09229611504732632
1672.0,0.33697259426116943,0.2580510948657584,0.07892149939541104
1673.0,0.3234975039958954,0.2590715237389029,0.06442598025699248
1674.0,0.3213064968585968,0.26006889472035055,0.06123760213824625
1675.0,0.32043030858039856,0.2610401956500662,0.05939011293033236
1676.0,0.3167031705379486,0.2619823653901555,0.054720805147793095
1677.0,0.31198230385780334,0.2628923087906143,0.04908999506718903
1678.0,0.3068252503871918,0.26376691303801536,0.04305833734917641
1679.0,0.3037305176258087,0.2646030652936889,0.03912745233211984
1680.0,0.303477019071579,0.2653976714973088,0.03807934757427017
1681.0,0.3031834363937378,0.26614767618075835,0.03703576021297944
1682.0,0.3021579682826996,0.26685008310653924,0.03530788517616035
1683.0,0.2999746799468994,0.2675019765157225,0.03247270343117692
1684.0,0.2941875457763672,0.2681005427434673,0.026087003032899903
1685.0,0.28385189175605774,0.2686430919364556,0.015208799819602159
1686.0,0.27796080708503723,0.26912707958717014,0.008833727497867094
1687.0,0.26724204421043396,0.269550127585699,-0.0023080833752650576
1688.0,0.27127230167388916,0.2699100444814933,0.0013622571923958549
1689.0,0.2795813977718353,0.2702048446459036,0.00937655312593172
1690.0,0.2770671546459198,0.270432766031851,0.006634388614068787
1691.0,0.2699798047542572,0.2705922862399058,-0.000612481485648575
1692.0,0.2663379907608032,0.2706821366203643,-0.004344145859561055
1693.0,0.26406851410865784,0.27070131416835874,-0.006632800059700905
1694.0,0.2629436254501343,0.27064909100309803,-0.007705465552963753
1695.0,0.25870728492736816,0.27052502126221156,-0.011817736334843398
1696.0,0.24977688491344452,0.27032894528685075,-0.020552060373406233
1697.0,0.23140959441661835,0.2700609910214621,-0.038651396604843735
1698.0,0.23039472103118896,0.2697215726026171,-0.03932685157142812
1699.0,0.24283485114574432,0.26931138616250516,-0.026476535016760838
1700.0,0.24440182745456696,0.2688314029231659,-0.02442957546859892
1701.0,0.23517602682113647,0.26828285970579696,-0.033106832884660486
1702.0,0.23186306655406952,0.2676672470241572,-0.035804180470087654
1703.0,0.22951988875865936,0.2669862949709578,-0.037466406212298464
1704.0,0.22333282232284546,0.26624195714019566,-0.0429091348173502
1705.0,0.20731163024902344,0.26543639285583276,-0.05812476260680932
1706.0,0.19825871288776398,0.2645719479975352,-0.06631323510977122
1707.0,0.19321806728839874,0.26365113472710927,-0.07043306743871053
1708.0,0.19272375106811523,0.2626766104247986,-0.06995285935668338
1709.0,0.19913886487483978,0.26165115614300594,-0.06251229126816615
1710.0,0.20159846544265747,0.26057765487674733,-0.05897918943408986
1711.0,0.2004016786813736,0.25945906993589946,-0.05905739125452586
1712.0,0.19574396312236786,0.2582984236848848,-0.06255446056251696
1713.0,0.1827782392501831,0.2570987768917554,-0.07432053764157232
1714.0,0.17836342751979828,0.25586320890166914,-0.07749978138187086
1715.0,0.18814639747142792,0.2545947988204813,-0.06644840134905339
1716.0,0.19197459518909454,0.2532966078635686,-0.06132201267447407
1717.0,0.17811042070388794,0.25197166299396223,-0.07386124229007429
1718.0,0.16869288682937622,0.25062294194322166,-0.08193005511384543
1719.0,0.1629648655653,0.2492533596789388,-0.08628849411363881
1720.0,0.16233770549297333,0.24786575635493868,-0.08552805086196535
1721.0,0.17121826112270355,0.2464628867546007,-0.07524462563189716
1722.0,0.17584097385406494,0.24504741121463092,-0.06920643736056598
1723.0,0.1689034253358841,0.24362188799630202,-0.07471846266041793
1724.0,0.16362465918064117,0.2421887670537703,-0.07856410787312912
1725.0,0.16841019690036774,0.24075038513460692,-0.07234018823423918
1726.0,0.17192868888378143,0.2393089621360893,-0.06738027325230786
1727.0,0.170890212059021,0.2378665986319633,-0.0669763865729423
1728.0,0.17027048766613007,0.23642527447812042,-0.06615478681199036
1729.0,0.1742800921201706,0.2349868484017288,-0.060706756281558194
1730.0,0.17691363394260406,0.23355305847655244,-0.05663942453394838
1731.0,0.1640205830335617,0.23212552338723258,-0.06810494035367087
1732.0,0.15461550652980804,0.23070574438692312,-0.07609023785711508
1733.0,0.16596491634845734,0.22929510785560114,-0.06333019150714381
1734.0,0.17468130588531494,0.22789488837036143,-0.053213582485046484
1735.0,0.1693025380373001,0.22650625220381926,-0.05720371416651915
1736.0,0.16509856283664703,0.22513026117216403,-0.060031698335517
1737.0,0.17125165462493896,0.22376787676023902,-0.05251622213530005
1738.0,0.1763278692960739,0.22241996445710058,-0.046092095161026664
1739.0,0.17954136431217194,0.22108729824167458,-0.04154593392950265
1740.0,0.18371327221393585,0.21977056516427235,-0.036057292950336495
1741.0,0.1863078624010086,0.21847036997573288,-0.032162507574724275
1742.0,0.1872330904006958,0.21718723976175566,-0.029954149361059862
1743.0,0.1656132936477661,0.21592162854550517,-0.05030833489773906
1744.0,0.14433662593364716,0.21467392182676395,-0.0703372958931168
1745.0,0.1448386311531067,0.21344444103075258,-0.06860580987764589
1746.0,0.14867162704467773,0.2122334478442014,-0.06356182079952366
1747.0,0.16197891533374786,0.2110411484203424,-0.04906223308659455
1748.0,0.17474575340747833,0.2098676974381924,-0.03512194403071406
1749.0,0.17321591079235077,0.20871320200482218,-0.035497291212471416
1750.0,0.17198412120342255,0.20757772539227085,-0.0355936041888483
1751.0,0.1802075356245041,0.20646129060337798,-0.02625375497887389
1752.0,0.18827499449253082,0.2053638837630993,-0.01708888927056848
1753.0,0.17903538048267365,0.20428545733385062,-0.025250076851176972
1754.0,0.16778038442134857,0.20322593315513357,-0.035445548733785
1755.0,0.1697249859571457,0.20218520530913672,-0.03246021935199103
1756.0,0.17316393554210663,0.20116314281521763,-0.027999207273111004
1757.0,0.1641605943441391,0.20015959215716828,-0.03599899781302918
1758.0,0.15097768604755402,0.1991743796479766,-0.048196693600422585
1759.0,0.1428070366382599,0.19820731363743405,-0.05540027699917416
1760.0,0.13874731957912445,0.1972581865684335,-0.058510866989309046
1761.0,0.14627249538898468,0.19632677688816053,-0.050054281499175846
1762.0,0.15335269272327423,0.19541285082063173,-0.0420601580973575
1763.0,0.15745456516742706,0.194516164007182,-0.03706159883975493
1764.0,0.1606142669916153,0.1936364630215719,-0.033022196029956596
1765.0,0.16382302343845367,0.19277348676638412,-0.028950463327930442
1766.0,0.16360318660736084,0.19192696775731372,-0.028323781149952876
1767.0,0.1400400996208191,0.1910966333018493,-0.05105653368103022
1768.0,0.11980614811182022,0.1902822065786911,-0.07047605846687088
1769.0,0.1324804425239563,0.1894834076240705,-0.05700296510011421
1770.0,0.14523005485534668,0.1886999542309301,-0.04346989937558343
1771.0,0.13373848795890808,0.18793156276669765,-0.054193074807789565
1772.0,0.12233815342187881,0.18717794891515177,-0.06483979549327296
1773.0,0.145456001162529,0.18643882834762676,-0.04098282718509777
1774.0,0.17000794410705566,0.18571391732855558,-0.015705973221499914
1775.0,0.17013920843601227,0.18500293326009482,-0.014863724824082547
1776.0,0.16548201441764832,0.18430559517032186,-0.01882358075267354
1777.0,0.14698027074337006,0.18362162414924632,-0.036641353405876265
1778.0,0.13228315114974976,0.18295074373663092,-0.050667592586881166
1779.0,0.1422281414270401,0.18229268026538006,-0.040064538838339964
1780.0,0.15175069868564606,0.18164716316402085,-0.029896464478374796
1781.0,0.14713884890079498,0.18101392522157894,-0.03387507632078396
1782.0,0.14248351752758026,0.18039270281793818,-0.037909185290357916
1783.0,0.14405764639377594,0.17978323612256564,-0.0357255897287897
1784.0,0.1469709873199463,0.17918526926428877,-0.03221428194434248
1785.0,0.1551503837108612,0.17859855047462758,-0.023448166763766376
1786.0,0.1609690934419632,0.17802283220700368,-0.017053738765040488
1787.0,0.1609828621149063,0.17745787123398626,-0.016475009119079953
1788.0,0.15873223543167114,0.17690342872457404,-0.0181711932929029
1789.0,0.15514852106571198,0.17635927030336618,-0.021210749237654203
1790.0,0.15083740651607513,0.17582516609333468,-0.024987759577259544
1791.0,0.15071620047092438,0.17530089074378097,-0.02458469027285659
1792.0,0.15382391214370728,0.17478622344493694,-0.020962311301229664
1793.0,0.15790486335754395,0.17428094793055557,-0.016376084573011623
1794.0,0.1589481085538864,0.17378485246973127,-0.014836743915844858
1795.0,0.15129005908966064,0.17329772984908842,-0.022007670759427778
1796.0,0.1454947143793106,0.17281937734638522,-0.027324662967074614
1797.0,0.1485828012228012,0.17234959669649424,-0.023766795473693036
1798.0,0.15250541269779205,0.1718881940506389,-0.01938278135284685
1799.0,0.1541050225496292,0.17143497992969334,-0.017329957380064126
1800.0,0.15493611991405487,0.17098976917228234,-0.01605364925822747
1801.0,0.16015762090682983,0.17055238087835484,-0.010394759971525003
1802.0,0.16113297641277313,0.17012263834884653,-0.008989661936073395
1803.0,0.13492226600646973,0.16970036902198984,-0.03477810301552012
1804.0,0.12299793213605881,0.16928540440678275,-0.04628747227072394
1805.0,0.15862113237380981,0.16887758001407793,-0.010256447640268118
1806.0,0.17481815814971924,0.16847673528571344,0.006341422864005797
1807.0,0.14644485712051392,0.1680827135220655,-0.02163785640155158
1808.0,0.13367299735546112,0.16769536180836742,-0.034022364452906295
1809.0,0.14921288192272186,0.16731453094010548,-0.01810164901738362
1810.0,0.15750019252300262,0.16694007534777333,-0.009439882824770707
1811.0,0.1565338522195816,0.1665718530212344,-0.010038000801652791
1812.0,0.15570436418056488,0.16620972543392099,-0.010505361253356105
1813.0,0.15429966151714325,0.16585355746707126,-0.011553895949928006
1814.0,0.15291273593902588,0.16550321733418394,-0.01259048139515806
1815.0,0.14588399231433868,0.16515857650585344,-0.01927458419151476
1816.0,0.14463788270950317,0.1648195096351264,-0.020181626925623225
1817.0,0.15178517997264862,0.16448589448350587,-0.012700714510857247
1818.0,0.15324263274669647,0.1641576118477145,-0.010914979101018019
1819.0,0.14859341084957123,0.16383454548731344,-0.01524113463774221
1820.0,0.14309318363666534,0.16351658205326025,-0.020423398416594907
1821.0,0.1365910917520523,0.1632036110174808,-0.026612519265428486
1822.0,0.13704296946525574,0.16289552460351545,-0.02585255513825971
1823.0,0.14557796716690063,0.16259221771829396,-0.01701425055139333
1824.0,0.14354108273983002,0.1622935878850827,-0.018752505145252674
1825.0,0.13561812043190002,0.16199953517764182,-0.026381414745741794
1826.0,0.13528983294963837,0.16170996215562022,-0.026420129205981857
1827.0,0.14199717342853546,0.1614247738012137,-0.01942760037267824
1828.0,0.14244557917118073,0.16114387745710265,-0.018698298285921927
1829.0,0.1361248940229416,0.16086718276568143,-0.024742288742739843
1830.0,0.13078483939170837,0.1605946016095883,-0.029809762217879926
1831.0,0.12207110971212387,0.16032604805353873,-0.03825493834141486
1832.0,0.13195060193538666,0.16006143828746255,-0.028110836352075896
1833.0,0.15737901628017426,0.1598006905709412,-0.002421674290766951
1834.0,0.15524399280548096,0.15954372517893906,-0.004299732373458098
1835.0,0.140660360455513,0.15929046434882033,-0.018630103893307326
1836.0,0.13130858540534973,0.1590408322286396,-0.02773224682328987
1837.0,0.12365559488534927,0.15879475482669367,-0.035139159941344394
1838.0,0.13038839399814606,0.15855215996231917,-0.02816376596417311
1839.0,0.14204807579517365,0.1583129772179206,-0.016264901422746947
1840.0,0.1450001299381256,0.15807713789220912,-0.013077007954083508
1841.0,0.1434525102376938,0.1578445749546355,-0.01439206471694171
1842.0,0.13820208609104156,0.1576152230009958,-0.01941313690995425
1843.0,0.13268914818763733,0.15738901821018944,-0.02469987002255211
1844.0,0.13515324890613556,0.15716589830210978,-0.02201264939597422
1845.0,0.13869930803775787,0.15694580249664267,-0.018246494458884793
1846.0,0.12980206310749054,0.15672867147375383,-0.026926608366263288
1847.0,0.11856137961149216,0.15651444733464007,-0.03795306772314791
1848.0,0.12220343947410583,0.1563030735639231,-0.034099634089817255
1849.0,0.12685427069664001,0.15609449499286235,-0.029240224296222334
1850.0,0.13580109179019928,0.15588865776356434,-0.020087565973365057
1851.0,0.1438150256872177,0.15568550929416475,-0.011870483606947035
1852.0,0.13362419605255127,0.1554849982449614,-0.021860802192410128
1853.0,0.12230261415243149,0.15528707448547494,-0.03298446033304345
1854.0,0.12314457446336746,0.15509168906241422,-0.031947114599046755
1855.0,0.12540476024150848,0.1548987941685245,-0.029494033927016022
1856.0,0.12465506792068481,0.15470834311229648,-0.03005327519161166
1857.0,0.12443577498197556,0.1545202902885133,-0.030084515306537746
1858.0,0.13061672449111938,0.15433459114961504,-0.02371786665849565
1859.0,0.1315973848104477,0.15415120217785888,-0.02255381736741119
1860.0,0.11059227585792542,0.1539700808582538,-0.043377805000328395
1861.0,0.10169555991888046,0.15379118565225,-0.05209562573336954
1862.0,0.11237219721078873,0.15361447597216185,-0.041242278761373125
1863.0,0.11979979276657104,0.15343991215630534,-0.033640119389734296
1864.0,0.12274626642465591,0.15326745544483017,-0.030521189020174255
1865.0,0.12469115108251572,0.15309706795622802,-0.0284059168737123
1866.0,0.13026349246501923,0.15292871266449712,-0.022665220199477892
1867.0,0.1313878744840622,0.15276235337694632,-0.02137447889288413
1868.0,0.12518014013767242,0.15259795471262075,-0.027417814574948324
1869.0,0.12867873907089233,0.1524354820813297,-0.02375674301043737
1870.0,0.14632339775562286,0.15227490166326293,-0.005951503907640071
1871.0,0.14519105851650238,0.15211618038917585,-0.006925121872673468
1872.0,0.12800171971321106,0.15195928592112945,-0.02395756620791839
1873.0,0.12637056410312653,0.1518041866337683,-0.02543362253064177
1874.0,0.13034702837467194,0.15165085159612118,-0.021303823221449247
1875.0,0.13374698162078857,0.15149925055390964,-0.017752268933121068
1876.0,0.13700079917907715,0.15134935391235046,-0.014348554733273317
1877.0,0.13753940165042877,0.15120113271943664,-0.013661731069007865
1878.0,0.1370973289012909,0.1510545586496835,-0.013957229748392613
1879.0,0.13014893233776093,0.15090960398832776,-0.02076067165056683
1880.0,0.12101063132286072,0.15076624161596425,-0.02975561029310353
1881.0,0.12494519352912903,0.15062444499360958,-0.02567925146448055
1882.0,0.12999750673770905,0.15048418814817888,-0.02048668141046983
1883.0,0.11946088075637817,0.15034544565836494,-0.030884564901986766
1884.0,0.1083596870303154,0.15020819264090693,-0.04184850561059153
1885.0,0.1196669340133667,0.15007240473723804,-0.030405470723871342
1886.0,0.13390052318572998,0.1499380581005007,-0.016037534914770724
1887.0,0.12450126558542252,0.14980512938291904,-0.025303863797496523
1888.0,0.11551173776388168,0.14967359572351763,-0.034161857959635944
1889.0,0.1276569813489914,0.14954343473617673,-0.02188645338718534
1890.0,0.1370076984167099,0.14941462449801482,-0.01240692608130492
1891.0,0.13352660834789276,0.1492871435380872,-0.015760535190194436
1892.0,0.13143056631088257,0.1491609708263937,-0.01773040451551114
1893.0,0.13088534772396088,0.14903608576318464,-0.018150738039223763
1894.0,0.13121789693832397,0.14891246816855688,-0.01769457123023291
1895.0,0.13035948574543,0.14879009827233286,-0.018430612526902868
1896.0,0.13202087581157684,0.14866895670421149,-0.016648080892634642
1897.0,0.14173568785190582,0.14854902448418653,-0.006813336632280703
1898.0,0.14456363022327423,0.14843028301322148,-0.0038666527899472447
1899.0,0.1421554833650589,0.14831271406417568,-0.006157230699116778
1900.0,0.1323155015707016,0.14819629977297355,-0.01588079820227195
1901.0,0.11294925212860107,0.14808102263001005,-0.035131770501408977
1902.0,0.11179118603467941,0.14796686547178484,-0.036175679437105424
1903.0,0.12101328372955322,0.14785381147276017,-0.026840527743206943
1904.0,0.12718017399311066,0.14774184413743416,-0.0205616701443235
1905.0,0.13257087767124176,0.14763094729262458,-0.015060069621382816
1906.0,0.1314215511083603,0.14752110507995658,-0.016099553971596292
1907.0,0.12784181535243988,0.14741230194854824,-0.019570486596108355
1908.0,0.1279728263616562,0.147304522647889,-0.019331696286232825
1909.0,0.12859652936458588,0.14719775222090448,-0.0186012228563186
1910.0,0.11666900664567947,0.14709197599720347,-0.030422969351524
1911.0,0.09941840171813965,0.14698717958650093,-0.04756877786836128
1912.0,0.1168999895453453,0.14688334887221205,-0.029983359326866743
1913.0,0.13715726137161255,0.14678047000521327,-0.009623208633600722
1914.0,0.12454820424318314,0.14667852939776485,-0.022130325154581715
1915.0,0.11149708181619644,0.1465775137175905,-0.035080431901394066
1916.0,0.11267875880002975,0.1464774098821097,-0.03379865108207994
1917.0,0.11237777024507523,0.14637820505281807,-0.03400043480774284
1918.0,0.10894467681646347,0.14627988662981256,-0.03733520981334909
1919.0,0.10795048624277115,0.1461824422464563,-0.03823195600368515
1920.0,0.10936553031206131,0.14608585976417932,-0.036720329452118006
1921.0,0.11349686235189438,0.14599012726741217,-0.032493264915517794
1922.0,0.120977483689785,0.1458952330586478,-0.02491774936886279
1923.0,0.1293056458234787,0.14580116565362852,-0.016495519830149824
1924.0,0.14183567464351654,0.14570791377665435,-0.003872239133137806
1925.0,0.13588251173496246,0.14561546635600986,-0.009732954621047396
1926.0,0.10687463730573654,0.14552381251950552,-0.03864917521376898
1927.0,0.10340229421854019,0.1454329415901306,-0.0420306473715904
1928.0,0.11664196103811264,0.14534284308181525,-0.028700882043702608
1929.0,0.11465810984373093,0.1452535066952971,-0.030595396851566176
1930.0,0.10451236367225647,0.14516492231409178,-0.04065255864183531
1931.0,0.10919661074876785,0.14507708000056227,-0.03588046925179442
1932.0,0.12031346559524536,0.14498996999208574,-0.024676504396840382
1933.0,0.11930840462446213,0.14490358269731468,-0.025595178072852554
1934.0,0.11745528131723404,0.14481790869252997,-0.027362627375295934
1935.0,0.11918801069259644,0.14473293871808338,-0.02554492802548694
1936.0,0.1213270053267479,0.14464866367492663,-0.02332165834817873
1937.0,0.11319109797477722,0.14456507462122525,-0.03137397664644803
1938.0,0.1056993380188942,0.14448216276905493,-0.03878282475016073
1939.0,0.10859861224889755,0.1443999194811771,-0.03580130723227956
1940.0,0.11199987679719925,0.14431833626789342,-0.03231845947069417
1941.0,0.10847609490156174,0.14423740478397512,-0.035761309882413383
1942.0,0.10812260955572128,0.1441571168256665,-0.036034507269945226
1943.0,0.12008964270353317,0.14407746432776075,-0.02398782162422758
1944.0,0.12590384483337402,0.14399843936074416,-0.01809459452737014
1945.0,0.12568797171115875,0.14392003412800983,-0.018232062416851075
1946.0,0.1260499507188797,0.1438422409631367,-0.017792290244256992
1947.0,0.13238206505775452,0.14376505232723316,-0.011382987269478645
1948.0,0.12828600406646729,0.14368846080634384,-0.015402456739876558
1949.0,0.1149858757853508,0.14361245910891646,-0.028626583323565657
1950.0,0.11262837052345276,0.14353704006332926,-0.030908669539876504
1951.0,0.11628051847219467,0.14346219661547546,-0.02718167814328079
1952.0,0.12117636948823929,0.14338792182640483,-0.022211552338165547
1953.0,0.13044913113117218,0.14331420887001922,-0.012865077738847042
1954.0,0.1272180825471878,0.14324105103082277,-0.016022968483634964
1955.0,0.12184754759073257,0.14316844170172302,-0.021320894110990446
1956.0,0.11967303603887558,0.14309637438188347,-0.023423338343007888
1957.0,0.11725082248449326,0.1430248426746254,-0.02577402019013214
1958.0,0.11958101391792297,0.14295384028537772,-0.023372826367454747
1959.0,0.11917978525161743,0.14288336101967392,-0.023703575768056484
1960.0,0.11143875122070312,0.14281339878119434,-0.031374647560491215
1961.0,0.10549672693014145,0.14274394756985337,-0.03724722063971192
1962.0,0.10212701559066772,0.14267500147992987,-0.040547985889262145
1963.0,0.1007358506321907,0.1426065546982398,-0.04187070406604909
1964.0,0.10575767606496811,0.14253860150235026,-0.03678092543738215
1965.0,0.10752274841070175,0.1424711362588334,-0.034948387848131646
1966.0,0.10689982771873474,0.1424041534215597,-0.03550432570282497
1967.0,0.10586931556463242,0.1423376475300294,-0.03646833196539698
1968.0,0.10622334480285645,0.14227161320774087,-0.036048268404884426
1969.0,0.10811889171600342,0.1422060451605957,-0.03408715344459229
1970.0,0.11493521928787231,0.14214093817533868,-0.027205718887466368
1971.0,0.10568872839212418,0.14207628711803236,-0.03638755872590818
1972.0,0.08774758130311966,0.1420120869325657,-0.05426450562944604
1973.0,0.09525207430124283,0.14194833263919462,-0.046696258337951796
1974.0,0.10913428664207458,0.1418850193331154,-0.03275073269104081
1975.0,0.1136612668633461,0.1418221421830685,-0.02816087531972239
1976.0,0.11757540702819824,0.1417596964299734,-0.024184289401775166
1977.0,0.11762738227844238,0.14169767738559283,-0.024070295107150447
1978.0,0.11583367735147476,0.14163608043122555,-0.02580240307975079
1979.0,0.10571417957544327,0.14157490101642822,-0.035860721440984955
1980.0,0.09720835089683533,0.14151413465776402,-0.044305783760928696
1981.0,0.09043922275304794,0.14145377693757868,-0.05101455418453074
1982.0,0.0904630795121193,0.1413938235028019,-0.05093074399068262
1983.0,0.10398226231336594,0.14133427006377575,-0.03735200775040981
1984.0,0.11606969684362411,0.1412751123931063,-0.02520541554948219
1985.0,0.12820352613925934,0.1412163463245413,-0.013012820185281965
1986.0,0.12119334936141968,0.14115796775187003,-0.019964618390450356
1987.0,0.09204598516225815,0.141099972627848,-0.049053987465589866
1988.0,0.09047183394432068,0.14104235696314263,-0.05057052301882195
1989.0,0.10270273685455322,0.14098511682530246,-0.038282379970749236
1990.0,0.10763492435216904,0.14092824833774678,-0.033293323985577744
1991.0,0.11554541438817978,0.14087174767877744,-0.025326333290597663
1992.0,0.12246253341436386,0.14081561108061028,-0.018353077666246415
1993.0,0.1295708268880844,0.14075983482842705,-0.011189007940342638
1994.0,0.12845757603645325,0.14070441525944707,-0.012246839222993827
1995.0,0.12391308695077896,0.14064934876201796,-0.016736261811238995
1996.0,0.09681455045938492,0.14059463177472456,-0.04378008131533964
1997.0,0.08631213754415512,0.14054026078551712,-0.054228123241362
1998.0,0.11520624160766602,0.14048623233085653,-0.02527999072319051
1999.0,0.1253318339586258,0.14043254299487692,-0.015100709036251131
2000.0,0.12009600549936295,0.14037918940856617,-0.020283183909203223
2001.0,0.11628396064043045,0.14032616824896207,-0.024042207608531624
2002.0,0.10957422852516174,0.1402734762383651,-0.03069924771320337
2003.0,0.10844215005636215,0.14022111014356736,-0.03177896008720521
2004.0,0.1115456223487854,0.14016906677509636,-0.028623444426310957
2005.0,0.1122947707772255,0.14011734298647482,-0.02782257220924933
2006.0,0.10654739290475845,0.14006593567349435,-0.03351854276873589
2007.0,0.09074338525533676,0.1400148417735044,-0.04927145651816764
2008.0,0.07297859340906143,0.1399640582647147,-0.06698546485565327
2009.0,0.09366679191589355,0.13991358216551217,-0.04624679024961861
2010.0,0.11174928396940231,0.13986341053379076,-0.028114126564388442
2011.0,0.11069277673959732,0.13981354046629468,-0.029120763726697363
2012.0,0.10703003406524658,0.13976396909797498,-0.032733935032728395
2013.0,0.09070360660552979,0.13971469360135785,-0.04901108699582807
2014.0,0.09032174199819565,0.1396657111859261,-0.04934396918773046
2015.0,0.11153926700353622,0.13961701909751242,-0.0280777520939762
2016.0,0.11054082959890366,0.13956861461770406,-0.029027785018800406
2017.0,0.08479022979736328,0.13952049506325967,-0.05473026526589639
2018.0,0.08289097249507904,0.1394726577855371,-0.05658168529045807
2019.0,0.09550877660512924,0.13942510016993193,-0.043916323564802684
2020.0,0.1045367494225502,0.13937781963532764,-0.034841070212777436
2021.0,0.11214441061019897,0.13933081363355534,-0.02718640302335637
2022.0,0.10360967367887497,0.13928407964886452,-0.03567440596998955
2023.0,0.09031033515930176,0.13923761519740324,-0.048927280038101484
2024.0,0.08166740089654922,0.1391914178267095,-0.057524016930160266
2025.0,0.07851461321115494,0.1391454851152101,-0.06063087190405517
2026.0,0.0936458483338356,0.13909981467173155,-0.045453966337895946
2027.0,0.1029549241065979,0.13905440413501777,-0.03609948002841987
2028.0,0.09268400818109512,0.13900925117325857,-0.04632524299216345
2029.0,0.0950598195195198,0.13896435348362635,-0.04390453396410654
2030.0,0.11725268512964249,0.13891970879182117,-0.02166702366217868
2031.0,0.12003952264785767,0.13887531485162496,-0.0188357922037673
2032.0,0.10449326038360596,0.1388311694444634,-0.03433790906085743
2033.0,0.09292400628328323,0.1387872703789762,-0.04586326409569297
2034.0,0.0755673348903656,0.13874361549059575,-0.06317628060023014
2035.0,0.09009049087762833,0.13870020264113245,-0.04860971176350412
2036.0,0.11016213893890381,0.13865702971836877,-0.02849489077946496
2037.0,0.1031058132648468,0.13861409463566027,-0.035508281370813466
2038.0,0.0950431153178215,0.1385713953315436,-0.04352828001372211
2039.0,0.09607785940170288,0.13852892976935277,-0.04245107036764989
2040.0,0.09749899059534073,0.1384866959368407,-0.04098770534149998
2041.0,0.09770849347114563,0.1384446918458093,-0.04073619837466366
2042.0,0.10179076343774796,0.13840291553174505,-0.0366121520939971
2043.0,0.11872472614049911,0.13836136505346192,-0.0196366389129628
2044.0,0.11935242265462875,0.13832003849275035,-0.018967615838121593
2045.0,0.10495840758085251,0.13827893395403246,-0.03332052637317995
2046.0,0.10766913741827011,0.1382380495640238,-0.03056891214575369
2047.0,0.12153039127588272,0.1381973834714006,-0.01666699219551787
2048.0,0.10588417202234268,0.1381569338464735,-0.03227276182413083
2049.0,0.08245261758565903,0.13811669888086672,-0.055664081295207696
2050.0,0.10316681116819382,0.138076676787203,-0.03490986561900919
2051.0,0.12433340400457382,0.1380368657987942,-0.013703461794220384
2052.0,0.10003840923309326,0.13799726416933722,-0.03795885493624396
2053.0,0.08491725474596024,0.13795787017261513,-0.05304061542665489
2054.0,0.09618660062551498,0.13791868210220382,-0.04173208147668883
2055.0,0.10062315315008163,0.13787969827118393,-0.0372565451211023
2056.0,0.09930809587240219,0.1378409170118571,-0.038532821139454915
2057.0,0.10152557492256165,0.13780233667546776,-0.03627676175290612
2058.0,0.11115128546953201,0.1377639556319297,-0.026612670162397684
2059.0,0.1022116169333458,0.13772577226955693,-0.035514155336211134
2060.0,0.08156663924455643,0.1376877849947998,-0.05612114575024338
2061.0,0.08542588353157043,0.13764999223198499,-0.05222410870041455
2062.0,0.09789756685495377,0.1376123924230607,-0.03971482556810693
2063.0,0.10083449631929398,0.13757498402734533,-0.036740487708051356
2064.0,0.09994930773973465,0.1375377655212815,-0.03758845778154685
2065.0,0.09977933019399643,0.1375007353981929,-0.03772140520419648
2066.0,0.09890421479940414,0.13746389216804686,-0.038559677368642714
2067.0,0.09428414702415466,0.1374272343572194,-0.04314308733306474
2068.0,0.0955938994884491,0.1373907605082655,-0.04179686101981642
2069.0,0.11282964795827866,0.1373544691796924,-0.02452482122141375
2070.0,0.11119053512811661,0.13731835894573716,-0.02612782381762055
2071.0,0.09960934519767761,0.1372824283961474,-0.03767308319846979
2072.0,0.10099945217370987,0.13724667613596664,-0.03624722396225677
2073.0,0.109726183116436,0.1372111007853224,-0.02748491766888639
2074.0,0.11347484588623047,0.13717570097921788,-0.023700855092987416
2075.0,0.11644307523965836,0.13714047536732782,-0.020697400127669463
2076.0,0.11074688285589218,0.1371054226137965,-0.02635853975790431
2077.0,0.10350068658590317,0.13707054139704047,-0.033569854811137306
2078.0,0.09360182285308838,0.1370358304095534,-0.04343400755646501
2079.0,0.086539126932621,0.13700128835771466,-0.05046216142509366
2080.0,0.08571255207061768,0.13696691396160102,-0.05125436189098334
2081.0,0.0844600722193718,0.1369327059548012,-0.0524726337354294
2082.0,0.07859469950199127,0.13689866308423373,-0.05830396358224246
2083.0,0.08090871572494507,0.13686478410996747,-0.0559560683850224
2084.0,0.08841744065284729,0.1368310678050453,-0.04841362715219802
2085.0,0.09220243245363235,0.13679751295531037,-0.044595080501678014
2086.0,0.09264105558395386,0.1367641183592354,-0.04412306277528155
2087.0,0.09367606788873672,0.13673088282775472,-0.043054814939018
2088.0,0.0975862443447113,0.13669780518409874,-0.03911156083938744
2089.0,0.09982440620660782,0.13666488426363133,-0.03684047805702351
2090.0,0.10651504993438721,0.13663211891368984,-0.030117068979302636
2091.0,0.13810743391513824,0.13659950799342704,0.0015079259217112007
2092.0,0.14030103385448456,0.13656705037365682,0.003733983480827735
2093.0,0.10264173895120621,0.13653474493670084,-0.033893005985494634
2094.0,0.09040660411119461,0.13650259057623865,-0.046095986465044037
2095.0,0.0883779302239418,0.13647058619715996,-0.04809265597321816
2096.0,0.09599379450082779,0.13643873071541876,-0.04044493621459097
2097.0,0.10853523015975952,0.13640702305789046,-0.027871792898130937
2098.0,0.1026168167591095,0.13637546216223054,-0.03375864540312104
2099.0,0.09679996967315674,0.13634404697673602,-0.039544077303579284
2100.0,0.09278001636266708,0.13631277646020856,-0.04353276009754148
2101.0,0.08940711617469788,0.1362816495818202,-0.04687453340712233
2102.0,0.09098628908395767,0.13625066532098057,-0.045264376237022896
2103.0,0.09291976690292358,0.13621982266720675,-0.04330005576428317
2104.0,0.10111638903617859,0.13618912061999475,-0.03507273158381616
2105.0,0.10986540466547012,0.13615855818869319,-0.026293153523223062
2106.0,0.11775016784667969,0.13612813439237847,-0.018377966545698787
2107.0,0.11803790181875229,0.13609784825973265,-0.018059946440980357
2108.0,0.11644572019577026,0.1360676988289223,-0.019621978633152043
2109.0,0.09790366888046265,0.13603768514748,-0.038134016267017345
2110.0,0.08117017894983292,0.13600780627218675,-0.05483762732235384
2111.0,0.08405089378356934,0.13597806126895706,-0.051927167485387726
2112.0,0.08806952089071274,0.1359484492127253,-0.04787892832201257
2113.0,0.09091708064079285,0.13591896918733373,-0.045001888546540886
2114.0,0.10340601205825806,0.13588962028542223,-0.032483608227164174
2115.0,0.13500474393367767,0.13586040160832,-0.0008556576746423239
2116.0,0.12377173453569412,0.1358313122659383,-0.012059577730244186
2117.0,0.08371888846158981,0.1358023513766656,-0.05208346291507579
2118.0,0.09086219221353531,0.13577351806726332,-0.04491132585372801
2119.0,0.10653228312730789,0.1357448114727638,-0.0292125283454559
2120.0,0.10214690119028091,0.1357162307363698,-0.03356932954608888
2121.0,0.09885462373495102,0.13568777500935478,-0.03683315127440376
2122.0,0.10712683200836182,0.1356594434509657,-0.028532611442603883
2123.0,0.11014384776353836,0.13563123522832615,-0.025487387464787792
2124.0,0.09597921371459961,0.13560314951634195,-0.03962393580174234
2125.0,0.08778524398803711,0.1355751854976071,-0.04778994150957
2126.0,0.0694553330540657,0.1355473423623121,-0.06609200930824641
2127.0,0.06571090966463089,0.13551961930815262,-0.06980870964352173
2128.0,0.06515879184007645,0.13549201554024046,-0.07033322370016401
2129.0,0.07982780784368515,0.1354645302710149,-0.055636722427329754
2130.0,0.09929165244102478,0.13543716272015613,-0.03614551027913135
2131.0,0.10617375373840332,0.1354099121144993,-0.029236158376095972
2132.0,0.1048552468419075,0.13538277768795023,-0.030527530846042733
2133.0,0.0844961404800415,0.13535575868140196,-0.05085961820136045
2134.0,0.0770232081413269,0.13532885434265293,-0.05830564620132603
2135.0,0.08857973664999008,0.1353020639263257,-0.04672232727633563
2136.0,0.09529503434896469,0.13527538669378786,-0.03998035234482317
2137.0,0.10167036205530167,0.1352488219130727,-0.033578459857771026
2138.0,0.09696093201637268,0.13522236885880207,-0.038261436842429386
2139.0,0.09037742763757706,0.13519602681211018,-0.044818599174533125
2140.0,0.09952528029680252,0.13516979506056775,-0.035644514763765234
2141.0,0.10649329423904419,0.1351436728981082,-0.028650378659064002
2142.0,0.090029776096344,0.13511765962495423,-0.045087883528610234
2143.0,0.08089598268270493,0.13509175454754557,-0.05419577186484065
2144.0,0.07567792385816574,0.13506595697846804,-0.0593880331203023
2145.0,0.07812823355197906,0.13504026623638293,-0.05691203268440387
2146.0,0.08619943261146545,0.13501468164595828,-0.04881524903449283
2147.0,0.09108944982290268,0.13498920253780006,-0.04389975271489738
2148.0,0.09354030340909958,0.1349638282483855,-0.04142352483928591
2149.0,0.09135118871927261,0.1349385581199959,-0.043587369400723275
2150.0,0.08942196518182755,0.13491339150065199,-0.04549142631882444
2151.0,0.0967983826994896,0.1348883277440487,-0.03808994504455912
2152.0,0.10086526721715927,0.1348633662094918,-0.033998098992332526
2153.0,0.09728711098432541,0.13483850626183502,-0.037551395277509614
2154.0,0.08330201357603073,0.1348137472714178,-0.05151173369538706
2155.0,0.05792638659477234,0.13478908861400474,-0.0768627020192324
2156.0,0.06823123246431351,0.13476452967072486,-0.06653329720641135
2157.0,0.09614362567663193,0.1347400698280121,-0.038596444151380166
2158.0,0.10866093635559082,0.13471570847754677,-0.02605477212195595
2159.0,0.11658415198326111,0.13469144501619795,-0.018107293032936844
2160.0,0.096079982817173,0.13466727884596583,-0.03858729602879282
2161.0,0.08139187842607498,0.13464320937392565,-0.05325133094785067
2162.0,0.08986562490463257,0.13461923601217232,-0.044753611107539754
2163.0,0.0952921211719513,0.134595358177765,-0.0393032370058137
2164.0,0.10518619418144226,0.13457157529267375,-0.029385381111231484
2165.0,0.09290650486946106,0.1345478867837253,-0.04164138191426425
2166.0,0.06788570433855057,0.1345242920825512,-0.06663858774400064
2167.0,0.07210534065961838,0.13450079062553508,-0.0623954499659167
2168.0,0.08009007573127747,0.1344773818537619,-0.054387306122484436
2169.0,0.0845101997256279,0.13445406521296702,-0.04994386548733912
2170.0,0.0890345349907875,0.1344308401534863,-0.0453963051626988
2171.0,0.09496170282363892,0.13440770613020683,-0.03944600330656792
2172.0,0.09301391243934631,0.13438466260251833,-0.041370750163172015
2173.0,0.0761374905705452,0.1343617090342649,-0.058224218463719696
2174.0,0.061634477227926254,0.13433884489369782,-0.07270436766577157
2175.0,0.04971490800380707,0.13431606965342888,-0.08460116164962181
2176.0,0.058510322123765945,0.13429338279038375,-0.0757830606666178
2177.0,0.07317987084388733,0.1342707837857567,-0.06109091294186936
2178.0,0.07914867252111435,0.13424827212496585,-0.055099599603851496
2179.0,0.0839822068810463,0.1342258472976082,-0.0502436404165619
2180.0,0.09037452191114426,0.1342035087974161,-0.04382898688627185
2181.0,0.09360288828611374,0.13418125612221415,-0.040578367836100415
2182.0,0.09167710691690445,0.13415908877387597,-0.042481981856971524
2183.0,0.08607771247625351,0.13413700625828248,-0.04805929378202897
2184.0,0.074343241751194,0.13411500808527999,-0.059771766334085985
2185.0,0.0774957612156868,0.1340930937686392,-0.056597332552952406
2186.0,0.08152314275503159,0.1340712628260146,-0.052548120070983
2187.0,0.0877993032336235,0.13404951477890428,-0.04625021154528078
2188.0,0.09601792693138123,0.13402784915261048,-0.03800992222122926
2189.0,0.10658691078424454,0.1340062654762004,-0.02741935469195586
2190.0,0.10281145572662354,0.13398476328246775,-0.031173307555844215
2191.0,0.08007337898015976,0.13396334210789457,-0.05388996312773481
2192.0,0.07580838352441788,0.13394200149261346,-0.05813361796819558
2193.0,0.07900679856538773,0.13392074098037074,-0.054913942414983014
2194.0,0.08740045875310898,0.13389956011848936,-0.04649910136538038
2195.0,0.0933941900730133,0.13387845845783308,-0.04048426838481978
2196.0,0.08158386498689651,0.13385743555277035,-0.05227357056587384
2197.0,0.07462937384843826,0.1338364909611392,-0.059207117112700935
2198.0,0.0716884657740593,0.13381562424421198,-0.06212715847015268
2199.0,0.06443987041711807,0.1337948349666613,-0.06935496454954324
2200.0,0.04776313900947571,0.1337741226965259,-0.08601098368705018
2201.0,0.06421155482530594,0.13375348700517647,-0.06954193217987054
2202.0,0.09317965060472488,0.13373292746728332,-0.04055327686255844
2203.0,0.07591871172189713,0.13371244366078275,-0.05779373193888562
2204.0,0.06449741870164871,0.13369203516684514,-0.06919461646519642
2205.0,0.1110062301158905,0.13367170156984262,-0.02266547145395212
2206.0,0.1311643272638321,0.1336514424573176,-0.0024871151934855174
2207.0,0.11603600531816483,0.13363125741995144,-0.017595252101786613
2208.0,0.09500173479318619,0.1336111460515337,-0.03860941125834752
2209.0,0.06828003376722336,0.13359110794893134,-0.06531107418170798
2210.0,0.056564390659332275,0.13357114271205886,-0.07700675205272658
2211.0,0.05206577852368355,0.13355124994384854,-0.08148547142016499
2212.0,0.05864795669913292,0.13353142925022063,-0.07488347255108771
2213.0,0.06907373666763306,0.13351168024005472,-0.06443794357242166
2214.0,0.08814112097024918,0.13349200252516094,-0.045350881554911765
2215.0,0.09953456372022629,0.13347239572025119,-0.0339378320000249
2216.0,0.10550574213266373,0.13345285944291166,-0.027947117310247932
2217.0,0.10446860641241074,0.13343339331357473,-0.028964786901163997
2218.0,0.10159453004598618,0.13341399695549166,-0.03181946690950549
2219.0,0.10516736656427383,0.13339466999470567,-0.028227303430431838
2220.0,0.10944640636444092,0.13337541206002504,-0.02392900569558412
2221.0,0.08981603384017944,0.1333562227829967,-0.04354018894281725
2222.0,0.07830405235290527,0.1333371017978801,-0.055033049444974835
2223.0,0.07012386620044708,0.1333180487416216,-0.06319418254117451
2224.0,0.07890231162309647,0.13329906325382865,-0.05439675163073218
2225.0,0.10426202416419983,0.13328014497674467,-0.029018120812544845
2226.0,0.08492335677146912,0.13326129355522442,-0.04833793678375531
2227.0,0.0618036650121212,0.1332425086367088,-0.0714388436245876
2228.0,0.07868856936693192,0.13322378987120104,-0.05453522050426912
2229.0,0.09145542234182358,0.13320513691124236,-0.04174971456941878
2230.0,0.0828053206205368,0.13318654941188818,-0.05038122879135137
2231.0,0.07880552113056183,0.13316802703068467,-0.05436250590012284
2232.0,0.07518254965543747,0.13314956942764555,-0.057967019772208084
2233.0,0.07837432622909546,0.13313117626522894,-0.05475685003613348
2234.0,0.08056953549385071,0.1331128472083149,-0.05254331171446419
2235.0,0.07622049003839493,0.13309458192418272,-0.05687409188578779
2236.0,0.07260467857122421,0.1330763800824888,-0.060471701511264575
2237.0,0.07316422462463379,0.13305824135524483,-0.05989401673061104
2238.0,0.07713697105646133,0.13304016541679572,-0.05590319436033439
2239.0,0.08936574310064316,0.13302215194379874,-0.04365640884315558
2240.0,0.08187796175479889,0.1330042006152018,-0.051126238860402906
2241.0,0.060254186391830444,0.1329863111122225,-0.07273212472039206
2242.0,0.0651431456208229,0.1329684831183277,-0.0678253374975048
2243.0,0.0710901990532875,0.1329507163192125,-0.06186051726592498
2244.0,0.07435358315706253,0.13293301040277983,-0.0585794272457173
2245.0,0.0745081827044487,0.1329153650591195,-0.058407182354670795
2246.0,0.06793025135993958,0.13289777998048521,-0.06496752862054564
2247.0,0.07029888778924942,0.13288025486126737,-0.06258136707201795
2248.0,0.07755782455205917,0.13286278939795304,-0.05530496484589387
2249.0,0.06963327527046204,0.13284538328905082,-0.06321210801858879
2250.0,0.057800691574811935,0.1328280362349293,-0.07502734466011737
2251.0,0.05828438326716423,0.13281074793743672,-0.07452636467027249
2252.0,0.05665534734725952,0.13279351809898918,-0.07613817075172966
2253.0,0.053387731313705444,0.1327763464203945,-0.07938861510668904
2254.0,0.05889059975743294,0.13275923259573538,-0.07386863283830244
2255.0,0.07529180496931076,0.1327421763005765,-0.05745037133126574
2256.0,0.07293271273374557,0.13272517716536744,-0.05979246443162187
2257.0,0.06526831537485123,0.1327082347167937,-0.06743991934194246
2258.0,0.05646786466240883,0.13269134825139556,-0.07622348358898673
2259.0,0.04985704645514488,0.13267451656952278,-0.0828174701143779
2260.0,0.0616779625415802,0.13265773742837605,-0.07097977488679585
2261.0,0.06471513956785202,0.1326410064441386,-0.06792586687628657
2262.0,0.06002983823418617,0.13262431494114152,-0.07259447670695535
2263.0,0.05637742951512337,0.1326076458406208,-0.07623021632549742
2264.0,0.05691469833254814,0.13259096599630887,-0.07567626766376073
2265.0,0.06290736794471741,0.13257421226514662,-0.06966684432042922
2266.0,0.06578674912452698,0.13255726684118427,-0.06677051771665729
2267.0,0.044750362634658813,0.1325399147218789,-0.08778955208722009
2268.0,0.04663318395614624,0.132521772337134,-0.08588858838098776
2269.0,0.08419674634933472,0.13250217110931678,-0.04830542475998206
2270.0,0.09174657613039017,0.13247997293601835,-0.04073339680562818
2271.0,0.08915624767541885,0.13245328653569793,-0.04329703886027908
2272.0,0.0912647470831871,0.13241904508062563,-0.04115429799743853
2273.0,0.08928778022527695,0.1323723982241876,-0.04308461799891064
2274.0,0.07037287950515747,0.13230586827895424,-0.06193298877379677
2275.0,0.05834749713540077,0.13220822491127035,-0.07386072777586958
2276.0,0.04721314087510109,0.13206305033647436,-0.08484990946137327
2277.0,0.049416571855545044,0.13184700309943667,-0.08243043124389163
2278.0,0.06087922677397728,0.13152784777076781,-0.07064862099679053
2279.0,0.08968422561883926,0.13106240226286486,-0.0413781766440256
2280.0,0.11282885074615479,0.1303946609421987,-0.01756581019604392
2281.0,0.08651712536811829,0.12945446989429713,-0.04293734452617884
2282.0,0.07461664825677872,0.1281572412155593,-0.05354059295878058
2283.0,0.06819967925548553,0.12640526777276456,-0.05820558851727903
2284.0,0.0684996023774147,0.1240912039571258,-0.0555916015797111
2285.0,0.07346468418836594,0.1211041766621206,-0.047639492473754666
2286.0,0.06316220760345459,0.11733875763286016,-0.054176550029405565
2287.0,0.05543655529618263,0.11270665619367697,-0.05727010089749433
2288.0,0.07229282706975937,0.10715050196308315,-0.03485767489332378
2289.0,0.07531646639108658,0.10065853743064317,-0.025342071039556588
2290.0,0.0564044825732708,0.09327852102722903,-0.03687403845395823
2291.0,0.048321086913347244,0.08512876654477111,-0.03680767963142387
2292.0,0.04046522453427315,0.07640413111332961,-0.03593890657905646
2293.0,0.05595790967345238,0.06737500339516601,-0.011417093721713636
2294.0,0.07442199438810349,0.058377974971185825,0.01604401941691766
2295.0,0.06596840173006058,0.04979786464254813,0.016170537087512447
2296.0,0.05983174219727516,0.04204198814212502,0.01778975405515014
2297.0,0.052285086363554,0.035508833798478655,0.016776252565075346
2298.0,0.06478779762983322,0.03055438755010297,0.034233410079730256
2299.0,0.07903199642896652,0.027460024659499552,0.05157197176946697
2300.0,0.06110277771949768,0.026405984703596466,0.034696793015901214
